time,temperature,ch1,ch3,ch5
8.066399999999999636e+03,4.603271484375000000e+01,3.812499999999996447e-02,1.532000000000000028e+01,1.093749999999893419e-02
8.066500000000000000e+03,4.594116210937500000e+01,1.312500000000005329e-02,1.566999999999999993e+01,-2.679687500000049738e-02
8.066600000000000364e+03,4.586791992187500000e+01,4.812499999999975131e-02,1.550000000000000000e+01,-5.578125000000078160e-02
8.066699999999999818e+03,4.612426757812500000e+01,2.825000000000000178e+00,1.554999999999999893e+01,1.555421875000000043e+01
8.066800000000000182e+03,4.584960937500000000e+01,2.837499999999999911e+00,1.533000000000000007e+01,1.543007812500000142e+01
8.066899999999999636e+03,4.612426757812500000e+01,2.847500000000000142e+00,1.526999999999999957e+01,1.544648437500000071e+01
8.067000000000000000e+03,4.605102539062500000e+01,2.827500000000000124e+00,1.558000000000000007e+01,1.546125000000000149e+01
8.067100000000000364e+03,4.599609375000000000e+01,2.882499999999999840e+00,1.544999999999999929e+01,1.542843750000000114e+01
8.067199999999999818e+03,4.790039062500000000e+01,2.827500000000000124e+00,1.550000000000000000e+01,1.552250000000000085e+01
8.067300000000000182e+03,4.764404296875000000e+01,2.939999999999999947e+00,1.533999999999999986e+01,1.545414062500000085e+01
8.067399999999999636e+03,4.793701171875000000e+01,2.907500000000000195e+00,1.560999999999999943e+01,1.553289062500000028e+01
8.067500000000000000e+03,4.790039062500000000e+01,2.924999999999999822e+00,1.542999999999999972e+01,1.552578125000000142e+01
8.067600000000000364e+03,5.035400390625000000e+01,2.917499999999999982e+00,1.565000000000000036e+01,1.547984375000000057e+01
8.067699999999999818e+03,5.110473632812500000e+01,2.924999999999999822e+00,1.548000000000000043e+01,1.545796875000000092e+01
8.067800000000000182e+03,5.075683593750000000e+01,2.924999999999999822e+00,1.533999999999999986e+01,1.547328125000000121e+01
8.067899999999999636e+03,5.110473632812500000e+01,2.959999999999999964e+00,1.557750000000000057e+01,1.547984375000000057e+01
8.068000000000000000e+03,5.192871093750000000e+01,2.967499999999999805e+00,1.528999999999999915e+01,1.544757812500000149e+01
8.068100000000000364e+03,5.489501953125000000e+01,2.942499999999999893e+00,1.541000000000000014e+01,1.547984375000000057e+01
8.068199999999999818e+03,5.522460937500000000e+01,2.982499999999999929e+00,1.539000000000000057e+01,1.546015625000000071e+01
8.068300000000000182e+03,5.480346679687500000e+01,3.000000000000000000e+00,1.544999999999999929e+01,1.548750000000000071e+01
8.068399999999999636e+03,5.522460937500000000e+01,2.992500000000000160e+00,1.536999999999999922e+01,1.546507812500000156e+01
8.068500000000000000e+03,5.923461914062500000e+01,3.044999999999999929e+00,1.547000000000000064e+01,1.542242187500000128e+01
8.068600000000000364e+03,5.967407226562500000e+01,3.015000000000000124e+00,1.547000000000000064e+01,1.548914062500000099e+01
8.068699999999999818e+03,5.991210937500000000e+01,3.060000000000000053e+00,1.523000000000000043e+01,1.553945312500000142e+01
8.068800000000000182e+03,5.950927734375000000e+01,3.057500000000000107e+00,1.551999999999999957e+01,1.541585937500000014e+01
8.068899999999999636e+03,6.212768554687500000e+01,3.055000000000000160e+00,1.542999999999999972e+01,1.552906250000000021e+01
8.069000000000000000e+03,6.359252929687500000e+01,3.072499999999999787e+00,1.537999999999999901e+01,1.549953125000000043e+01
8.069100000000000364e+03,6.362915039062500000e+01,3.084999999999999964e+00,1.550000000000000000e+01,1.543335937500000021e+01
8.069199999999999818e+03,6.386718750000000000e+01,3.080000000000000071e+00,1.536999999999999922e+01,1.549953125000000043e+01
8.069300000000000182e+03,6.339111328125000000e+01,3.089999999999999858e+00,1.562999999999999901e+01,1.547929687500000107e+01
8.069399999999999636e+03,6.694335937500000000e+01,3.069999999999999840e+00,1.525999999999999979e+01,1.547054687500000014e+01
8.069500000000000000e+03,6.696166992187500000e+01,3.077500000000000124e+00,1.548000000000000043e+01,1.547109375000000142e+01
8.069600000000000364e+03,6.696166992187500000e+01,3.104999999999999982e+00,1.532000000000000028e+01,1.549296875000000107e+01
8.069699999999999818e+03,6.716308593750000000e+01,3.117500000000000160e+00,1.536999999999999922e+01,1.547929687500000107e+01
8.069800000000000182e+03,6.886596679687500000e+01,3.149999999999999911e+00,1.542999999999999972e+01,1.550007812499999993e+01
8.069899999999999636e+03,7.001953125000000000e+01,3.142500000000000071e+00,1.545999999999999908e+01,1.545140625000000156e+01
8.070000000000000000e+03,6.989135742187500000e+01,3.129999999999999893e+00,1.539000000000000057e+01,1.550171875000000021e+01
8.070100000000000364e+03,6.985473632812500000e+01,3.157500000000000195e+00,1.540750000000000064e+01,1.544921875000000000e+01
8.070199999999999818e+03,7.044067382812500000e+01,3.129999999999999893e+00,1.550999999999999979e+01,1.547929687500000107e+01
8.070300000000000182e+03,7.207031250000000000e+01,3.194999999999999840e+00,1.541000000000000014e+01,1.547875000000000156e+01
8.070399999999999636e+03,7.261962890625000000e+01,3.174999999999999822e+00,1.556000000000000050e+01,1.550062500000000121e+01
8.070500000000000000e+03,7.243652343750000000e+01,3.169999999999999929e+00,1.558000000000000007e+01,1.545414062500000085e+01
8.070600000000000364e+03,7.245483398437500000e+01,3.177500000000000213e+00,1.527999999999999936e+01,1.544265625000000064e+01
8.070699999999999818e+03,7.474365234375000000e+01,3.234999999999999876e+00,1.570999999999999908e+01,1.541531250000000064e+01
8.070800000000000182e+03,7.456054687500000000e+01,3.185000000000000053e+00,1.544999999999999929e+01,1.545960937500000121e+01
8.070899999999999636e+03,7.503662109375000000e+01,3.202500000000000124e+00,1.560999999999999943e+01,1.545031250000000078e+01
8.071000000000000000e+03,7.487182617187500000e+01,3.202500000000000124e+00,1.551999999999999957e+01,1.544484375000000043e+01
8.071100000000000364e+03,7.604370117187500000e+01,3.182500000000000107e+00,1.540000000000000036e+01,1.545468750000000036e+01
8.071199999999999818e+03,7.734375000000000000e+01,3.220000000000000195e+00,1.558000000000000007e+01,1.547382812500000071e+01
8.071300000000000182e+03,7.686767578125000000e+01,3.250000000000000000e+00,1.548000000000000043e+01,1.548039062500000007e+01
8.071399999999999636e+03,7.738037109375000000e+01,3.247500000000000053e+00,1.549000000000000021e+01,1.545906249999999993e+01
8.071500000000000000e+03,7.714233398437500000e+01,3.232499999999999929e+00,1.557000000000000028e+01,1.553289062500000028e+01
8.071600000000000364e+03,7.911987304687500000e+01,3.247500000000000053e+00,1.565000000000000036e+01,1.547820312500000028e+01
8.071699999999999818e+03,7.950439453125000000e+01,3.254999999999999893e+00,1.543750000000000000e+01,1.551374999999999993e+01
8.071800000000000182e+03,7.897338867187500000e+01,3.247500000000000053e+00,1.561999999999999922e+01,1.541968750000000021e+01
8.071899999999999636e+03,7.948608398437500000e+01,3.280000000000000249e+00,1.569999999999999929e+01,1.548750000000000071e+01
8.072000000000000000e+03,8.082275390625000000e+01,3.294999999999999929e+00,1.541000000000000014e+01,1.549953125000000043e+01
8.072100000000000364e+03,8.139038085937500000e+01,3.285000000000000142e+00,1.556000000000000050e+01,1.548531250000000092e+01
8.072199999999999818e+03,8.159179687500000000e+01,3.282500000000000195e+00,1.512999999999999901e+01,1.540929687500000078e+01
8.072300000000000182e+03,8.106079101562500000e+01,3.310000000000000053e+00,1.532000000000000028e+01,1.544703125000000021e+01
8.072399999999999636e+03,8.192138671875000000e+01,3.305000000000000160e+00,1.534999999999999964e+01,1.546726562500000135e+01
8.072500000000000000e+03,8.316650390625000000e+01,3.305000000000000160e+00,1.547000000000000064e+01,1.548968750000000050e+01
8.072600000000000364e+03,8.331298828125000000e+01,3.325000000000000178e+00,1.554999999999999893e+01,1.549570312500000036e+01
8.072699999999999818e+03,8.349609375000000000e+01,3.294999999999999929e+00,1.533000000000000007e+01,1.546398437500000078e+01
8.072800000000000182e+03,8.300170898437500000e+01,3.354999999999999982e+00,1.537999999999999901e+01,1.552468750000000064e+01
8.072899999999999636e+03,8.516235351562500000e+01,3.354999999999999982e+00,1.510999999999999943e+01,1.543937500000000007e+01
8.073000000000000000e+03,8.512573242187500000e+01,3.337499999999999911e+00,1.550000000000000000e+01,1.545687500000000014e+01
8.073100000000000364e+03,8.519897460937500000e+01,3.319999999999999840e+00,1.541999999999999993e+01,1.543062500000000092e+01
8.073199999999999818e+03,8.543701171875000000e+01,3.350000000000000089e+00,1.566000000000000014e+01,1.553890625000000014e+01
8.073300000000000182e+03,8.585815429687500000e+01,3.330000000000000071e+00,1.548000000000000043e+01,1.552468750000000064e+01
8.073399999999999636e+03,8.719482421875000000e+01,3.367500000000000160e+00,1.551999999999999957e+01,1.542078125000000099e+01
8.073500000000000000e+03,8.688354492187500000e+01,3.370000000000000107e+00,1.540000000000000036e+01,1.545468750000000036e+01
8.073600000000000364e+03,8.701171875000000000e+01,3.310000000000000053e+00,1.531000000000000050e+01,1.546343750000000128e+01
8.073699999999999818e+03,8.719482421875000000e+01,3.365000000000000213e+00,1.544999999999999929e+01,1.552031250000000107e+01
8.073800000000000182e+03,8.836669921875000000e+01,3.395000000000000018e+00,1.550999999999999979e+01,1.549515625000000085e+01
8.073899999999999636e+03,8.900756835937500000e+01,3.419999999999999929e+00,1.556000000000000050e+01,1.552140625000000007e+01
8.074000000000000000e+03,8.867797851562500000e+01,3.407500000000000195e+00,1.542999999999999972e+01,1.549406250000000007e+01
8.074100000000000364e+03,8.878784179687500000e+01,3.377499999999999947e+00,1.536999999999999922e+01,1.546289062500000000e+01
8.074199999999999818e+03,9.036254882812500000e+01,3.442499999999999893e+00,1.554999999999999893e+01,1.546617187500000057e+01
8.074300000000000182e+03,9.025268554687500000e+01,3.419999999999999929e+00,1.537999999999999901e+01,1.549843750000000142e+01
8.074399999999999636e+03,9.083862304687500000e+01,3.419999999999999929e+00,1.558999999999999986e+01,1.552195312500000135e+01
8.074500000000000000e+03,9.049072265625000000e+01,3.424999999999999822e+00,1.544999999999999929e+01,1.545578125000000114e+01
8.074600000000000364e+03,9.094848632812500000e+01,3.455000000000000071e+00,1.542999999999999972e+01,1.545031250000000078e+01
8.074699999999999818e+03,9.255981445312500000e+01,3.447499999999999787e+00,1.553999999999999915e+01,1.549296875000000107e+01
8.074800000000000182e+03,9.210205078125000000e+01,3.459999999999999964e+00,1.540000000000000036e+01,1.547820312500000028e+01
8.074899999999999636e+03,9.261474609375000000e+01,3.464999999999999858e+00,1.556000000000000050e+01,1.546671875000000007e+01
8.075000000000000000e+03,9.232177734375000000e+01,3.452500000000000124e+00,1.553999999999999915e+01,1.544046875000000085e+01
8.075100000000000364e+03,9.391479492187500000e+01,3.544999999999999929e+00,1.552999999999999936e+01,1.544976562500000128e+01
8.075199999999999818e+03,9.433593750000000000e+01,3.500000000000000000e+00,1.558000000000000007e+01,1.550226562500000149e+01
8.075300000000000182e+03,9.378662109375000000e+01,3.477500000000000036e+00,1.541999999999999993e+01,1.549296875000000107e+01
8.075399999999999636e+03,9.433593750000000000e+01,3.507500000000000284e+00,1.560999999999999943e+01,1.548148437500000085e+01
8.075500000000000000e+03,9.492187500000000000e+01,3.557500000000000107e+00,1.523000000000000043e+01,1.545468750000000036e+01
8.075600000000000364e+03,9.581909179687500000e+01,3.530000000000000249e+00,1.545999999999999908e+01,1.543226562500000121e+01
8.075699999999999818e+03,9.600219726562500000e+01,3.520000000000000018e+00,1.539000000000000057e+01,1.548695312500000121e+01
8.075800000000000182e+03,9.547119140625000000e+01,3.410000000000000142e+00,1.525999999999999979e+01,1.547164062500000092e+01
8.075899999999999636e+03,9.607543945312500000e+01,3.552500000000000213e+00,1.560999999999999943e+01,1.540656250000000149e+01
8.076000000000000000e+03,9.726562500000000000e+01,3.527499999999999858e+00,1.535999999999999943e+01,1.545578125000000114e+01
8.076100000000000364e+03,9.754028320312500000e+01,3.567499999999999893e+00,1.541000000000000014e+01,1.545687500000000014e+01
8.076199999999999818e+03,9.770507812500000000e+01,3.572499999999999787e+00,1.531000000000000050e+01,1.549023437500000000e+01
8.076300000000000182e+03,9.717407226562500000e+01,3.600000000000000089e+00,1.532000000000000028e+01,1.545468750000000036e+01
8.076399999999999636e+03,9.902343750000000000e+01,3.544999999999999929e+00,1.544999999999999929e+01,1.547328125000000121e+01
8.076500000000000000e+03,9.891357421875000000e+01,3.587499999999999911e+00,1.537999999999999901e+01,1.546398437500000078e+01
8.076600000000000364e+03,9.913330078125000000e+01,3.602500000000000036e+00,1.539000000000000057e+01,1.552031250000000107e+01
8.076699999999999818e+03,9.940795898437500000e+01,3.597500000000000142e+00,1.525999999999999979e+01,1.546398437500000078e+01
8.076800000000000182e+03,9.926147460937500000e+01,3.604999999999999982e+00,1.541999999999999993e+01,1.543390625000000149e+01
8.076899999999999636e+03,1.011291503906250000e+02,3.642500000000000071e+00,1.519999999999999929e+01,1.544375000000000142e+01
8.077000000000000000e+03,1.006713867187500000e+02,3.602500000000000036e+00,1.567999999999999972e+01,1.552742187499999993e+01
8.077100000000000364e+03,1.007446289062500000e+02,3.625000000000000000e+00,1.522000000000000064e+01,1.548804687500000021e+01
8.077199999999999818e+03,1.010375976562500000e+02,3.647499999999999964e+00,1.537749999999999950e+01,1.544429687500000092e+01
8.077300000000000182e+03,1.019897460937500000e+02,3.655000000000000249e+00,1.550000000000000000e+01,1.545195312500000107e+01
8.077399999999999636e+03,1.027770996093750000e+02,3.632500000000000284e+00,1.557750000000000057e+01,1.552304687500000036e+01
8.077500000000000000e+03,1.024291992187500000e+02,3.689999999999999947e+00,1.560999999999999943e+01,1.546562500000000107e+01
8.077600000000000364e+03,1.025573730468750000e+02,3.705000000000000071e+00,1.536999999999999922e+01,1.549351562500000057e+01
8.077699999999999818e+03,1.037292480468750000e+02,3.682500000000000107e+00,1.549000000000000021e+01,1.542570312500000007e+01
8.077800000000000182e+03,1.038208007812500000e+02,3.712499999999999911e+00,1.551999999999999957e+01,1.549679687500000114e+01
8.077899999999999636e+03,1.045532226562500000e+02,3.707500000000000018e+00,1.560999999999999943e+01,1.544539062499999993e+01
8.078000000000000000e+03,1.040588378906250000e+02,3.709999999999999964e+00,1.539000000000000057e+01,1.548367187500000064e+01
8.078100000000000364e+03,1.042053222656250000e+02,3.752499999999999947e+00,1.556000000000000050e+01,1.548148437500000085e+01
8.078199999999999818e+03,1.059265136718750000e+02,3.765000000000000124e+00,1.537749999999999950e+01,1.547546875000000099e+01
8.078300000000000182e+03,1.053771972656250000e+02,3.792499999999999982e+00,1.554999999999999893e+01,1.547218750000000043e+01
8.078399999999999636e+03,1.060913085937500000e+02,3.799999999999999822e+00,1.568999999999999950e+01,1.545414062500000085e+01
8.078500000000000000e+03,1.056335449218750000e+02,3.780000000000000249e+00,1.541999999999999993e+01,1.547929687500000107e+01
8.078600000000000364e+03,1.072265625000000000e+02,3.765000000000000124e+00,1.572000000000000064e+01,1.549023437500000000e+01
8.078699999999999818e+03,1.077209472656250000e+02,3.782499999999999751e+00,1.541000000000000014e+01,1.555750000000000099e+01
8.078800000000000182e+03,1.071716308593750000e+02,3.854999999999999982e+00,1.541000000000000014e+01,1.546835937500000036e+01
8.078899999999999636e+03,1.077941894531250000e+02,3.799999999999999822e+00,1.548000000000000043e+01,1.547710937500000128e+01
8.079000000000000000e+03,1.078125000000000000e+02,3.842500000000000249e+00,1.550000000000000000e+01,1.547546875000000099e+01
8.079100000000000364e+03,1.091125488281250000e+02,3.820000000000000284e+00,1.552999999999999936e+01,1.545359375000000135e+01
8.079199999999999818e+03,1.093505859375000000e+02,3.805000000000000160e+00,1.557000000000000028e+01,1.549023437500000000e+01
8.079300000000000182e+03,1.087829589843750000e+02,3.842500000000000249e+00,1.532000000000000028e+01,1.544210937500000114e+01
8.079399999999999636e+03,1.094238281250000000e+02,3.872500000000000053e+00,1.554999999999999893e+01,1.548804687500000021e+01
8.079500000000000000e+03,1.105041503906250000e+02,3.877499999999999947e+00,1.539000000000000057e+01,1.549406250000000007e+01
8.079600000000000364e+03,1.108886718750000000e+02,3.877499999999999947e+00,1.545999999999999908e+01,1.543992187500000135e+01
8.079699999999999818e+03,1.110168457031250000e+02,3.895000000000000018e+00,1.532000000000000028e+01,1.548203125000000036e+01
8.079800000000000182e+03,1.105041503906250000e+02,3.930000000000000160e+00,1.541000000000000014e+01,1.546179687500000099e+01
8.079899999999999636e+03,1.123168945312500000e+02,3.950000000000000178e+00,1.550999999999999979e+01,1.542898437500000064e+01
8.080000000000000000e+03,1.123352050781250000e+02,3.947499999999999787e+00,1.539000000000000057e+01,1.546070312500000021e+01
8.080100000000000364e+03,1.125915527343750000e+02,3.969999999999999751e+00,1.528999999999999915e+01,1.548640624999999993e+01
8.080199999999999818e+03,1.127380371093750000e+02,3.905000000000000249e+00,1.556000000000000050e+01,1.548257812500000163e+01
8.080300000000000182e+03,1.122802734375000000e+02,4.035000000000000142e+00,1.528999999999999915e+01,1.544429687500000092e+01
8.080399999999999636e+03,1.144226074218750000e+02,4.027499999999999858e+00,1.535999999999999943e+01,1.552742187499999993e+01
8.080500000000000000e+03,1.140197753906250000e+02,4.044999999999999929e+00,1.556000000000000050e+01,1.543554687500000000e+01
8.080600000000000364e+03,1.142944335937500000e+02,4.067499999999999893e+00,1.550999999999999979e+01,1.547820312500000028e+01
8.080699999999999818e+03,1.144226074218750000e+02,4.067499999999999893e+00,1.529999999999999893e+01,1.547000000000000064e+01
8.080800000000000182e+03,1.154479980468750000e+02,4.057500000000000107e+00,1.552999999999999936e+01,1.547601562500000050e+01
8.080899999999999636e+03,1.163269042968750000e+02,4.092500000000000249e+00,1.559999999999999964e+01,1.547218750000000043e+01
8.081000000000000000e+03,1.158325195312500000e+02,4.102500000000000036e+00,1.534999999999999964e+01,1.549132812500000078e+01
8.081100000000000364e+03,1.160888671875000000e+02,4.137500000000000178e+00,1.554999999999999893e+01,1.549679687500000114e+01
8.081199999999999818e+03,1.170593261718750000e+02,4.144999999999999574e+00,1.548000000000000043e+01,1.548093750000000135e+01
8.081300000000000182e+03,1.174804687500000000e+02,4.160000000000000142e+00,1.558000000000000007e+01,1.544921875000000000e+01
8.081399999999999636e+03,1.181579589843750000e+02,4.174999999999999822e+00,1.566999999999999993e+01,1.549515625000000085e+01
8.081500000000000000e+03,1.176086425781250000e+02,4.205000000000000071e+00,1.556000000000000050e+01,1.547820312500000028e+01
8.081600000000000364e+03,1.179199218750000000e+02,4.230000000000000426e+00,1.533999999999999986e+01,1.544703125000000021e+01
8.081699999999999818e+03,1.181213378906250000e+02,4.245000000000000107e+00,1.558999999999999986e+01,1.549515625000000085e+01
8.081800000000000182e+03,1.176086425781250000e+02,4.232499999999999929e+00,1.544999999999999929e+01,1.547875000000000156e+01
8.081899999999999636e+03,1.182128906250000000e+02,6.812499999999976907e-02,1.550999999999999979e+01,-4.046875000000049738e-02
8.082000000000000000e+03,1.177185058593750000e+02,3.062500000000012434e-02,1.558000000000000007e+01,-1.695312500000056843e-02
8.082100000000000364e+03,1.180664062500000000e+02,2.312499999999984013e-02,1.535999999999999943e+01,-5.085937500000081712e-02
8.082199999999999818e+03,1.181213378906250000e+02,3.812499999999996447e-02,1.528999999999999915e+01,2.734374999999289457e-03
8.082300000000000182e+03,1.175903320312500000e+02,1.812499999999994671e-02,1.535999999999999943e+01,-3.500000000000103029e-02
8.082399999999999636e+03,1.182128906250000000e+02,5.312500000000008882e-02,1.550000000000000000e+01,-2.296875000000042633e-02
8.082500000000000000e+03,1.176635742187500000e+02,5.812499999999998224e-02,1.545999999999999908e+01,2.734374999999911182e-02
8.082600000000000364e+03,1.178283691406250000e+02,-1.056249999999998579e-01,1.557000000000000028e+01,-2.625000000000099476e-02
8.082699999999999818e+03,1.179382324218750000e+02,2.312499999999984013e-02,1.541999999999999993e+01,-2.351562500000081712e-02
8.082800000000000182e+03,1.174072265625000000e+02,6.312499999999987566e-02,1.540000000000000036e+01,-3.445312500000063949e-02
8.082899999999999636e+03,1.180114746093750000e+02,5.062500000000014211e-02,1.551999999999999957e+01,-1.804687500000046185e-02
8.083000000000000000e+03,1.159057617187500000e+02,4.062499999999991118e-02,1.562999999999999901e+01,-2.570312500000060396e-02
8.083100000000000364e+03,1.160339355468750000e+02,-4.375000000000017764e-03,1.541999999999999993e+01,-7.820312500000081712e-02
8.083199999999999818e+03,1.161437988281250000e+02,3.562500000000001776e-02,1.537999999999999901e+01,-5.468750000000355271e-03
8.083300000000000182e+03,1.156127929687500000e+02,5.312500000000008882e-02,1.539000000000000057e+01,-3.226562500000085265e-02
8.083399999999999636e+03,1.143493652343750000e+02,2.312499999999984013e-02,1.549750000000000050e+01,-1.804687500000046185e-02
8.083500000000000000e+03,1.124816894531250000e+02,2.062499999999989342e-02,1.557000000000000028e+01,-4.265625000000028422e-02
8.083600000000000364e+03,1.126831054687500000e+02,4.062499999999991118e-02,1.572000000000000064e+01,-3.226562500000085265e-02
8.083699999999999818e+03,1.128112792968750000e+02,-7.500000000000284217e-03,1.548000000000000043e+01,-6.507812500000031974e-02
8.083800000000000182e+03,1.122802734375000000e+02,5.312500000000008882e-02,1.558999999999999986e+01,-1.695312500000056843e-02
8.083899999999999636e+03,1.086730957031250000e+02,7.812500000000000000e-02,1.540000000000000036e+01,-7.000000000000028422e-02
8.084000000000000000e+03,1.079223632812500000e+02,5.062500000000014211e-02,1.541999999999999993e+01,-1.421875000000039080e-02
8.084100000000000364e+03,1.081970214843750000e+02,4.812499999999975131e-02,1.535999999999999943e+01,-3.500000000000103029e-02
8.084199999999999818e+03,1.082885742187500000e+02,4.312499999999985789e-02,1.540000000000000036e+01,-4.156250000000039080e-02
8.084300000000000182e+03,1.050109863281250000e+02,2.562499999999978684e-02,1.556000000000000050e+01,-2.078125000000063949e-02
8.084399999999999636e+03,1.048095703125000000e+02,4.312499999999985789e-02,1.547000000000000064e+01,-8.203125000000532907e-03
8.084500000000000000e+03,1.043151855468750000e+02,5.312500000000008882e-02,1.552749999999999986e+01,-4.757812500000024869e-02
8.084600000000000364e+03,1.045349121093750000e+02,5.562500000000003553e-02,1.590499999999999936e+01,-6.125000000000024869e-02
8.084699999999999818e+03,1.039489746093750000e+02,5.312500000000008882e-02,1.567999999999999972e+01,-1.914062500000035527e-02
8.084800000000000182e+03,1.013305664062500000e+02,4.812499999999975131e-02,1.539000000000000057e+01,-3.390625000000024869e-02
8.084899999999999636e+03,1.017700195312500000e+02,8.312499999999989342e-02,1.550999999999999979e+01,-2.843750000000078160e-02
8.085000000000000000e+03,1.014404296875000000e+02,1.562500000000000000e-02,1.559999999999999964e+01,-1.367187500000088818e-02
8.085100000000000364e+03,1.015319824218750000e+02,2.312499999999984013e-02,1.541999999999999993e+01,1.859374999999907629e-02
8.085199999999999818e+03,9.951782226562500000e+01,4.062499999999991118e-02,1.551999999999999957e+01,-5.468750000000355271e-03
8.085300000000000182e+03,9.869384765625000000e+01,4.562499999999980460e-02,1.541999999999999993e+01,-9.406250000000060396e-02
8.085399999999999636e+03,9.929809570312500000e+01,4.312499999999985789e-02,1.541999999999999993e+01,3.281249999999680256e-03
8.085500000000000000e+03,9.885864257812500000e+01,2.062499999999989342e-02,1.544999999999999929e+01,-2.898437500000028422e-02
8.085600000000000364e+03,9.786987304687500000e+01,2.812499999999973355e-02,1.539000000000000057e+01,2.734374999999289457e-03
8.085699999999999818e+03,9.697265625000000000e+01,3.562500000000001776e-02,1.554999999999999893e+01,4.374999999999573674e-03
8.085800000000000182e+03,9.640502929687500000e+01,5.062500000000014211e-02,1.541000000000000014e+01,-9.296875000000426326e-03
8.085899999999999636e+03,9.695434570312500000e+01,4.312499999999985789e-02,1.526999999999999957e+01,-4.429687500000056843e-02
8.086000000000000000e+03,9.660644531250000000e+01,3.812499999999996447e-02,1.550000000000000000e+01,-5.250000000000110134e-02
8.086100000000000364e+03,9.488525390625000000e+01,3.062500000000012434e-02,1.533999999999999986e+01,-3.445312500000063949e-02
8.086199999999999818e+03,9.495849609375000000e+01,5.562500000000003553e-02,1.564000000000000057e+01,-5.960937500000085265e-02
8.086300000000000182e+03,9.437255859375000000e+01,2.812499999999973355e-02,1.548749999999999893e+01,-5.414062500000049738e-02
8.086399999999999636e+03,9.499511718750000000e+01,5.062500000000014211e-02,1.535999999999999943e+01,-1.695312500000056843e-02
8.086500000000000000e+03,9.320068359375000000e+01,5.312500000000008882e-02,1.552999999999999936e+01,-3.718750000000081712e-02
8.086600000000000364e+03,9.285278320312500000e+01,4.312499999999985789e-02,1.550999999999999979e+01,-5.687500000000067502e-02
8.086699999999999818e+03,9.303588867187500000e+01,4.062499999999991118e-02,1.554999999999999893e+01,-2.296875000000042633e-02
8.086800000000000182e+03,9.250488281250000000e+01,5.624999999999769074e-03,1.564000000000000057e+01,-7.054687500000067502e-02
8.086899999999999636e+03,9.276123046875000000e+01,5.812499999999998224e-02,1.561999999999999922e+01,5.468749999999467093e-03
8.087000000000000000e+03,9.098510742187500000e+01,3.312500000000007105e-02,1.544999999999999929e+01,-3.773437500000031974e-02
8.087100000000000364e+03,9.105834960937500000e+01,3.062500000000012434e-02,1.569999999999999929e+01,-5.906250000000046185e-02
8.087199999999999818e+03,9.118652343750000000e+01,6.562499999999982236e-02,1.542999999999999972e+01,-1.203125000000060396e-02
8.087300000000000182e+03,9.065551757812500000e+01,8.124999999999715783e-03,1.534999999999999964e+01,-9.679687500000078160e-02
8.087399999999999636e+03,8.981323242187500000e+01,2.312499999999984013e-02,1.556000000000000050e+01,-1.039062500000031974e-02
8.087500000000000000e+03,8.930053710937500000e+01,4.562499999999980460e-02,1.541999999999999993e+01,-5.687500000000067502e-02
8.087600000000000364e+03,8.941040039062500000e+01,2.812499999999973355e-02,1.534999999999999964e+01,-1.421875000000039080e-02
8.087699999999999818e+03,8.963012695312500000e+01,-4.237500000000000711e-01,1.534750000000000014e+01,-2.078125000000063949e-02
8.087800000000000182e+03,8.829345703125000000e+01,2.812499999999973355e-02,1.542999999999999972e+01,-7.109375000000639488e-03
8.087899999999999636e+03,8.818359375000000000e+01,3.812499999999996447e-02,1.545999999999999908e+01,-3.171875000000046185e-02
8.088000000000000000e+03,8.778076171875000000e+01,2.062499999999989342e-02,1.535999999999999943e+01,6.234374999999925393e-02
8.088100000000000364e+03,8.792724609375000000e+01,4.562499999999980460e-02,1.541999999999999993e+01,2.679687499999960920e-02
8.088199999999999818e+03,8.812866210937500000e+01,4.562499999999980460e-02,1.554999999999999893e+01,-4.648437500000035527e-02
8.088300000000000182e+03,8.615112304687500000e+01,2.562499999999978684e-02,1.523000000000000043e+01,-3.281250000000035527e-02
8.088399999999999636e+03,8.664550781250000000e+01,3.812499999999996447e-02,1.536999999999999922e+01,-6.289062500000053291e-02
8.088500000000000000e+03,8.635253906250000000e+01,6.562499999999982236e-02,1.542999999999999972e+01,-3.390625000000024869e-02
8.088600000000000364e+03,8.640747070312500000e+01,1.562500000000000000e-02,1.552999999999999936e+01,-1.968750000000074607e-02
8.088699999999999818e+03,8.554687500000000000e+01,6.062499999999992895e-02,1.525999999999999979e+01,-3.007812500000106581e-02
8.088800000000000182e+03,8.470458984375000000e+01,5.312500000000008882e-02,1.554999999999999893e+01,-6.125000000000024869e-02
8.088899999999999636e+03,8.523559570312500000e+01,2.562499999999978684e-02,1.566000000000000014e+01,9.296874999999538147e-03
8.089000000000000000e+03,8.490600585937500000e+01,5.562500000000003553e-02,1.550750000000000028e+01,-1.312500000000049738e-02
8.089100000000000364e+03,8.474121093750000000e+01,3.812499999999996447e-02,1.541000000000000014e+01,-1.750000000000095923e-02
8.089199999999999818e+03,8.395385742187500000e+01,1.312500000000005329e-02,1.537999999999999901e+01,-9.296875000000426326e-03
8.089300000000000182e+03,8.336791992187500000e+01,5.312500000000008882e-02,1.541000000000000014e+01,-4.703125000000074607e-02
8.089399999999999636e+03,8.389892578125000000e+01,6.249999999998756550e-04,1.547000000000000064e+01,-3.937500000000060396e-02
8.089500000000000000e+03,8.362426757812500000e+01,5.062500000000014211e-02,1.517999999999999972e+01,-6.289062500000053291e-02
8.089600000000000364e+03,8.261718750000000000e+01,1.312500000000005329e-02,1.535999999999999943e+01,4.921874999999076294e-03
8.089699999999999818e+03,8.261718750000000000e+01,5.812499999999998224e-02,1.558999999999999986e+01,-3.226562500000085265e-02
8.089800000000000182e+03,8.208618164062500000e+01,1.062500000000010658e-02,1.539000000000000057e+01,2.242187499999914735e-02
8.089899999999999636e+03,8.259887695312500000e+01,3.312500000000007105e-02,1.550000000000000000e+01,-6.015625000000746070e-03
8.090000000000000000e+03,8.175659179687500000e+01,4.562499999999980460e-02,1.551999999999999957e+01,-4.976562500000092371e-02
8.090100000000000364e+03,8.109741210937500000e+01,6.812499999999976907e-02,1.558000000000000007e+01,-1.585937500000067502e-02
8.090199999999999818e+03,8.128051757812500000e+01,4.562499999999980460e-02,1.541000000000000014e+01,-4.484375000000095923e-02
8.090300000000000182e+03,8.080444335937500000e+01,5.624999999999769074e-03,1.550000000000000000e+01,-5.523437500000039080e-02
8.090399999999999636e+03,8.129882812500000000e+01,2.562499999999978684e-02,1.544999999999999929e+01,-4.046875000000049738e-02
8.090500000000000000e+03,7.992553710937500000e+01,4.312499999999985789e-02,1.520999999999999908e+01,-5.906250000000046185e-02
8.090600000000000364e+03,7.988891601562500000e+01,5.312500000000008882e-02,1.560999999999999943e+01,-5.359375000000099476e-02
8.090699999999999818e+03,8.009033203125000000e+01,4.312499999999985789e-02,1.533000000000000007e+01,-6.234375000000103029e-02
8.090800000000000182e+03,7.959594726562500000e+01,1.062500000000010658e-02,1.540000000000000036e+01,1.531249999999939604e-02
8.090899999999999636e+03,7.921142578125000000e+01,4.562499999999980460e-02,1.540000000000000036e+01,-8.039062500000060396e-02
8.091000000000000000e+03,7.869873046875000000e+01,4.562499999999980460e-02,1.550000000000000000e+01,-3.335937500000074607e-02
8.091100000000000364e+03,7.869873046875000000e+01,4.812499999999975131e-02,1.556000000000000050e+01,-4.210937500000078160e-02
8.091199999999999818e+03,7.890014648437500000e+01,4.562499999999980460e-02,1.542999999999999972e+01,-5.468750000000088818e-02
8.091300000000000182e+03,7.835083007812500000e+01,4.812499999999975131e-02,1.537999999999999901e+01,-3.335937500000074607e-02
8.091399999999999636e+03,7.778320312500000000e+01,6.562499999999982236e-02,1.549000000000000021e+01,-3.609375000000092371e-02
8.091500000000000000e+03,7.745361328125000000e+01,2.812499999999973355e-02,1.518999999999999950e+01,-3.718750000000081712e-02
8.091600000000000364e+03,7.747192382812500000e+01,4.312499999999985789e-02,1.537999999999999901e+01,-4.101562500000088818e-02
8.091699999999999818e+03,7.767333984375000000e+01,2.562499999999978684e-02,1.539000000000000057e+01,-1.039062500000031974e-02
8.091800000000000182e+03,7.617187500000000000e+01,4.312499999999985789e-02,1.573000000000000043e+01,-8.257812500000039080e-02
8.091899999999999636e+03,7.650146484375000000e+01,3.062500000000012434e-02,1.530749999999999922e+01,-3.117187500000095923e-02
8.092000000000000000e+03,7.626342773437500000e+01,4.312499999999985789e-02,1.545999999999999908e+01,-3.335937500000074607e-02
8.092100000000000364e+03,7.626342773437500000e+01,6.062499999999992895e-02,1.550999999999999979e+01,-5.304687500000060396e-02
8.092199999999999818e+03,7.602539062500000000e+01,7.312500000000010658e-02,1.543999999999999950e+01,-4.921875000000852651e-03
8.092300000000000182e+03,7.492675781250000000e+01,3.312500000000007105e-02,1.523000000000000043e+01,-1.476562500000078160e-02
8.092399999999999636e+03,7.538452148437500000e+01,3.312500000000007105e-02,1.554999999999999893e+01,-3.281250000000035527e-02
8.092500000000000000e+03,7.512817382812500000e+01,5.562500000000003553e-02,1.550999999999999979e+01,-3.609375000000092371e-02
8.092600000000000364e+03,7.516479492187500000e+01,2.812499999999973355e-02,1.553999999999999915e+01,-6.835937500000088818e-02
8.092699999999999818e+03,7.430419921875000000e+01,4.062499999999991118e-02,1.550000000000000000e+01,-1.804687500000046185e-02
8.092800000000000182e+03,7.368164062500000000e+01,4.562499999999980460e-02,1.541999999999999993e+01,-8.640625000000046185e-02
8.092899999999999636e+03,7.419433593750000000e+01,3.062500000000012434e-02,1.534999999999999964e+01,-3.226562500000085265e-02
8.093000000000000000e+03,7.397460937500000000e+01,5.562500000000003553e-02,1.552999999999999936e+01,-9.570312500000088818e-02
8.093100000000000364e+03,7.333374023437500000e+01,4.062499999999991118e-02,1.559999999999999964e+01,8.749999999999147349e-03
8.093199999999999818e+03,7.318725585937500000e+01,5.812499999999998224e-02,1.549000000000000021e+01,-6.234375000000103029e-02
8.093300000000000182e+03,7.271118164062500000e+01,3.124999999999822364e-03,1.554999999999999893e+01,-5.851562500000095923e-02
8.093399999999999636e+03,7.316894531250000000e+01,5.562500000000003553e-02,1.533000000000000007e+01,-5.523437500000039080e-02
8.093500000000000000e+03,7.293090820312500000e+01,-1.187499999999985789e-02,1.536500000000000021e+01,-1.585937500000067502e-02
8.093600000000000364e+03,7.190551757812500000e+01,1.812499999999994671e-02,1.540000000000000036e+01,-4.429687500000056843e-02
8.093699999999999818e+03,7.205200195312500000e+01,3.312500000000007105e-02,1.554999999999999893e+01,4.156249999999950262e-02
8.093800000000000182e+03,7.161254882812500000e+01,2.668749999999997513e-01,1.561749999999999972e+01,-5.632812500000028422e-02
8.093899999999999636e+03,7.207031250000000000e+01,5.312500000000008882e-02,1.551999999999999957e+01,-3.281250000000035527e-02
8.094000000000000000e+03,7.111816406250000000e+01,6.062499999999992895e-02,1.552999999999999936e+01,2.023437499999936051e-02
8.094100000000000364e+03,7.097167968750000000e+01,3.124999999999822364e-03,1.551999999999999957e+01,-5.578125000000078160e-02
8.094199999999999818e+03,7.117309570312500000e+01,4.062499999999991118e-02,1.554999999999999893e+01,2.734374999999289457e-03
8.094300000000000182e+03,7.069702148437500000e+01,3.312500000000007105e-02,1.553999999999999915e+01,-1.750000000000095923e-02
8.094399999999999636e+03,7.080688476562500000e+01,5.812499999999998224e-02,1.539000000000000057e+01,-3.718750000000081712e-02
8.094500000000000000e+03,6.998291015625000000e+01,3.812499999999996447e-02,1.554999999999999893e+01,-6.015625000000746070e-03
8.094600000000000364e+03,6.996459960937500000e+01,3.562500000000001776e-02,1.537999999999999901e+01,-6.781250000000049738e-02
8.094699999999999818e+03,7.018432617187500000e+01,1.062500000000010658e-02,1.564000000000000057e+01,-4.210937500000078160e-02
8.094800000000000182e+03,6.968994140625000000e+01,6.062499999999992895e-02,1.537999999999999901e+01,-3.937500000000060396e-02
8.094899999999999636e+03,6.936035156250000000e+01,5.562500000000003553e-02,1.541000000000000014e+01,-5.523437500000039080e-02
8.095000000000000000e+03,6.906738281250000000e+01,4.062499999999991118e-02,1.554999999999999893e+01,-9.296875000000426326e-03
8.095100000000000364e+03,6.906738281250000000e+01,2.562499999999978684e-02,1.548749999999999893e+01,-2.898437500000028422e-02
8.095199999999999818e+03,6.926879882812500000e+01,4.562499999999980460e-02,1.545999999999999908e+01,-1.148437500000110134e-02
8.095300000000000182e+03,6.824340820312500000e+01,3.812499999999996447e-02,1.536999999999999922e+01,3.828124999999182876e-03
8.095399999999999636e+03,6.835327148437500000e+01,7.312500000000010658e-02,1.548000000000000043e+01,-6.671875000000060396e-02
8.095500000000000000e+03,6.818847656250000000e+01,4.312499999999985789e-02,1.548000000000000043e+01,-2.953125000000067502e-02
8.095600000000000364e+03,6.817016601562500000e+01,3.062500000000012434e-02,1.524000000000000021e+01,1.039062499999943157e-02
8.095699999999999818e+03,6.837158203125000000e+01,6.812499999999976907e-02,1.550000000000000000e+01,-3.335937500000074607e-02
8.095800000000000182e+03,6.699829101562500000e+01,5.062500000000014211e-02,1.547000000000000064e+01,-2.078125000000063949e-02
8.095899999999999636e+03,6.734619140625000000e+01,2.062499999999989342e-02,1.530749999999999922e+01,-2.843750000000078160e-02
8.096000000000000000e+03,6.721801757812500000e+01,4.562499999999980460e-02,1.542999999999999972e+01,-5.250000000000110134e-02
8.096100000000000364e+03,6.716308593750000000e+01,3.812499999999996447e-02,1.544749999999999979e+01,2.187499999998898659e-03
8.096199999999999818e+03,6.668701171875000000e+01,4.062499999999991118e-02,1.531000000000000050e+01,-3.117187500000095923e-02
8.096300000000000182e+03,6.600952148437500000e+01,2.062499999999989342e-02,1.548000000000000043e+01,-7.000000000000028422e-02
8.096399999999999636e+03,6.646728515625000000e+01,3.812499999999996447e-02,1.566000000000000014e+01,-4.320312500000067502e-02
8.096500000000000000e+03,6.628417968750000000e+01,6.562499999999982236e-02,1.566000000000000014e+01,-3.664062500000042633e-02
8.096600000000000364e+03,6.610107421875000000e+01,1.562500000000000000e-02,1.525000000000000000e+01,-1.421875000000039080e-02
8.096699999999999818e+03,6.558837890625000000e+01,6.562499999999982236e-02,1.535999999999999943e+01,-2.515625000000110134e-02
8.096800000000000182e+03,6.513061523437500000e+01,3.062500000000012434e-02,1.536999999999999922e+01,-5.359375000000099476e-02
8.096899999999999636e+03,6.555175781250000000e+01,3.562500000000001776e-02,1.525000000000000000e+01,-3.007812500000106581e-02
8.097000000000000000e+03,6.540527343750000000e+01,2.812499999999973355e-02,1.545999999999999908e+01,-3.171875000000046185e-02
8.097100000000000364e+03,6.459960937500000000e+01,5.062500000000014211e-02,1.569999999999999929e+01,-2.515625000000110134e-02
8.097199999999999818e+03,6.467285156250000000e+01,3.312500000000007105e-02,1.549000000000000021e+01,-3.937500000000060396e-02
8.097300000000000182e+03,6.425170898437500000e+01,3.812499999999996447e-02,1.557000000000000028e+01,-3.500000000000103029e-02
8.097399999999999636e+03,6.465454101562500000e+01,-6.874999999999964473e-03,1.529999999999999893e+01,-8.585937500000095923e-02
8.097500000000000000e+03,6.412353515625000000e+01,6.312499999999987566e-02,1.533000000000000007e+01,-5.414062500000049738e-02
8.097600000000000364e+03,6.370239257812500000e+01,4.812499999999975131e-02,1.569999999999999929e+01,-2.679687500000049738e-02
8.097699999999999818e+03,6.384887695312500000e+01,4.562499999999980460e-02,1.536999999999999922e+01,-5.140625000000031974e-02
8.097800000000000182e+03,6.340942382812500000e+01,5.062500000000014211e-02,1.545999999999999908e+01,-4.046875000000049738e-02
8.097899999999999636e+03,6.383056640625000000e+01,6.062499999999992895e-02,1.556000000000000050e+01,-2.789062500000039080e-02
8.098000000000000000e+03,6.291503906250000000e+01,1.062500000000010658e-02,1.566999999999999993e+01,-4.976562500000092371e-02
8.098100000000000364e+03,6.284179687500000000e+01,5.312500000000008882e-02,1.548000000000000043e+01,-7.546875000000063949e-02
8.098199999999999818e+03,6.302490234375000000e+01,1.312500000000005329e-02,1.559999999999999964e+01,7.656249999999253930e-03
8.098300000000000182e+03,6.260375976562500000e+01,4.562499999999980460e-02,1.544999999999999929e+01,-6.671875000000060396e-02
8.098399999999999636e+03,6.249389648437500000e+01,4.062499999999991118e-02,1.541000000000000014e+01,-3.554687500000053291e-02
8.098500000000000000e+03,6.210937500000000000e+01,4.062499999999991118e-02,1.540000000000000036e+01,-1.093750000000781597e-03
8.098600000000000364e+03,6.205444335937500000e+01,7.624999999999992895e-02,1.550999999999999979e+01,-7.273437500000046185e-02
8.098699999999999818e+03,6.225585937500000000e+01,5.562500000000003553e-02,1.543999999999999950e+01,-1.367187500000088818e-02
8.098800000000000182e+03,6.177978515625000000e+01,1.562500000000000000e-02,1.543999999999999950e+01,-1.312500000000049738e-02
8.098899999999999636e+03,6.145019531250000000e+01,5.312500000000008882e-02,1.548749999999999893e+01,-7.109375000000639488e-03
8.099000000000000000e+03,6.126708984375000000e+01,3.062500000000012434e-02,1.553999999999999915e+01,-6.671875000000060396e-02
8.099100000000000364e+03,6.123046875000000000e+01,2.312499999999984013e-02,1.552999999999999936e+01,-2.789062500000039080e-02
8.099199999999999818e+03,6.141357421875000000e+01,3.312500000000007105e-02,1.580749999999999922e+01,-2.023437500000024869e-02
8.099300000000000182e+03,6.042480468750000000e+01,3.062500000000012434e-02,1.541000000000000014e+01,-3.335937500000074607e-02
8.099399999999999636e+03,6.073608398437500000e+01,-6.874999999999964473e-03,1.567999999999999972e+01,-3.500000000000103029e-02
8.099500000000000000e+03,6.057128906250000000e+01,5.812499999999998224e-02,1.542999999999999972e+01,-1.421875000000039080e-02
8.099600000000000364e+03,6.055297851562500000e+01,5.562500000000003553e-02,1.550000000000000000e+01,-1.804687500000046185e-02
8.099699999999999818e+03,6.053466796875000000e+01,3.562500000000001776e-02,1.564000000000000057e+01,-3.117187500000095923e-02
8.099800000000000182e+03,5.963745117187500000e+01,6.249999999998756550e-04,1.540000000000000036e+01,-2.187500000000675016e-03
8.099899999999999636e+03,6.002197265625000000e+01,4.812499999999975131e-02,1.549000000000000021e+01,-7.000000000000028422e-02
8.100000000000000000e+03,5.987548828125000000e+01,4.812499999999975131e-02,1.533999999999999986e+01,-1.039062500000031974e-02
8.100100000000000364e+03,5.985717773437500000e+01,6.312499999999987566e-02,1.534999999999999964e+01,2.789062499999950262e-02
8.100199999999999818e+03,5.938110351562500000e+01,3.312500000000007105e-02,1.549000000000000021e+01,-4.156250000000039080e-02
8.100300000000000182e+03,5.890502929687500000e+01,1.062500000000010658e-02,1.542999999999999972e+01,-4.101562500000088818e-02
8.100399999999999636e+03,5.932617187500000000e+01,-1.875000000000071054e-03,1.541999999999999993e+01,-4.921875000000053291e-02
8.100500000000000000e+03,5.919799804687500000e+01,3.312500000000007105e-02,1.556000000000000050e+01,-2.132812500000103029e-02
8.100600000000000364e+03,5.872192382812500000e+01,5.624999999999769074e-03,1.541000000000000014e+01,-6.289062500000053291e-02
8.100699999999999818e+03,5.868530273437500000e+01,3.062500000000012434e-02,1.533999999999999986e+01,-2.132812500000103029e-02
8.100800000000000182e+03,5.820922851562500000e+01,2.812499999999973355e-02,1.553999999999999915e+01,-3.007812500000106581e-02
8.100899999999999636e+03,5.863037109375000000e+01,3.312500000000007105e-02,1.552999999999999936e+01,-5.085937500000081712e-02
8.101000000000000000e+03,5.846557617187500000e+01,4.812499999999975131e-02,1.537999999999999901e+01,-7.656250000000053291e-02
8.101100000000000364e+03,5.765991210937500000e+01,1.812499999999994671e-02,1.553999999999999915e+01,-2.515625000000110134e-02
8.101199999999999818e+03,5.782470703125000000e+01,1.812499999999994671e-02,1.536999999999999922e+01,8.203124999999644729e-03
8.101300000000000182e+03,5.740356445312500000e+01,4.812499999999975131e-02,1.534999999999999964e+01,1.640624999999928946e-02
8.101399999999999636e+03,5.780639648437500000e+01,3.312500000000007105e-02,1.545999999999999908e+01,-4.703125000000074607e-02
8.101500000000000000e+03,5.712890625000000000e+01,3.062500000000012434e-02,1.558999999999999986e+01,-2.460937500000071054e-02
8.101600000000000364e+03,5.696411132812500000e+01,1.062500000000010658e-02,1.539000000000000057e+01,-4.648437500000035527e-02
8.101699999999999818e+03,5.711059570312500000e+01,4.562499999999980460e-02,1.536999999999999922e+01,-1.367187500000088818e-02
8.101800000000000182e+03,5.670776367187500000e+01,3.062500000000012434e-02,1.558000000000000007e+01,-5.578125000000078160e-02
8.101899999999999636e+03,5.698242187500000000e+01,5.562500000000003553e-02,1.558000000000000007e+01,-1.203125000000060396e-02
8.102000000000000000e+03,5.641479492187500000e+01,5.812499999999998224e-02,1.539000000000000057e+01,-3.828125000000071054e-02
8.102100000000000364e+03,5.635986328125000000e+01,2.312499999999984013e-02,1.537999999999999901e+01,-5.523437500000039080e-02
8.102199999999999818e+03,5.652465820312500000e+01,5.562500000000003553e-02,1.542999999999999972e+01,-4.484375000000095923e-02
8.102300000000000182e+03,5.615844726562500000e+01,2.562499999999978684e-02,1.559999999999999964e+01,1.695312499999968026e-02
8.102399999999999636e+03,5.590209960937500000e+01,6.812499999999976907e-02,1.540000000000000036e+01,-3.117187500000095923e-02
8.102500000000000000e+03,5.570068359375000000e+01,2.812499999999973355e-02,1.533999999999999986e+01,-4.210937500000078160e-02
8.102600000000000364e+03,5.564575195312500000e+01,2.812499999999973355e-02,1.528999999999999915e+01,-3.390625000000024869e-02
8.102699999999999818e+03,5.582885742187500000e+01,-7.500000000000284217e-03,1.552999999999999936e+01,-5.523437500000039080e-02
8.102800000000000182e+03,5.509643554687500000e+01,6.562499999999982236e-02,1.554999999999999893e+01,-1.312500000000049738e-02
8.102899999999999636e+03,5.520629882812500000e+01,2.562499999999978684e-02,1.550999999999999979e+01,-4.867187500000103029e-02
8.103000000000000000e+03,5.507812500000000000e+01,5.312500000000008882e-02,1.548749999999999893e+01,-8.203125000000532907e-03
8.103100000000000364e+03,5.504150390625000000e+01,1.312500000000005329e-02,1.519999999999999929e+01,-7.273437500000046185e-02
8.103199999999999818e+03,5.522460937500000000e+01,5.062500000000014211e-02,1.560999999999999943e+01,-1.531250000000028422e-02
8.103300000000000182e+03,5.429077148437500000e+01,5.562500000000003553e-02,1.553999999999999915e+01,-1.968750000000074607e-02
8.103399999999999636e+03,5.460205078125000000e+01,2.812499999999973355e-02,1.558999999999999986e+01,-3.882812500000110134e-02
8.103500000000000000e+03,5.451049804687500000e+01,2.812499999999973355e-02,1.545999999999999908e+01,-4.375000000000461853e-03
8.103600000000000364e+03,5.445556640625000000e+01,6.312499999999987566e-02,1.543999999999999950e+01,-2.242187500000092371e-02
8.103699999999999818e+03,5.419921875000000000e+01,5.312500000000008882e-02,1.574000000000000021e+01,-5.414062500000049738e-02
8.103800000000000182e+03,5.364990234375000000e+01,2.812499999999973355e-02,1.561999999999999922e+01,-3.828125000000071054e-02
8.103899999999999636e+03,5.399780273437500000e+01,4.062499999999991118e-02,1.566999999999999993e+01,1.257812499999921840e-02
8.104000000000000000e+03,5.388793945312500000e+01,2.312499999999984013e-02,1.525000000000000000e+01,-6.015625000000035527e-02
8.104100000000000364e+03,5.377807617187500000e+01,7.312500000000010658e-02,1.544999999999999929e+01,-7.109375000000639488e-03
8.104199999999999818e+03,5.344848632812500000e+01,5.562500000000003553e-02,1.534999999999999964e+01,1.039062499999943157e-02
8.104300000000000182e+03,5.306396484375000000e+01,6.562499999999982236e-02,1.558999999999999986e+01,-3.828125000000071054e-02
8.104399999999999636e+03,5.335693359375000000e+01,4.062499999999991118e-02,1.552999999999999936e+01,-2.843750000000078160e-02
8.104500000000000000e+03,5.330200195312500000e+01,1.562500000000000000e-02,1.565000000000000036e+01,-6.835937500000088818e-02
8.104600000000000364e+03,5.275268554687500000e+01,6.062499999999992895e-02,1.562999999999999901e+01,-3.882812500000110134e-02
8.104699999999999818e+03,5.282592773437500000e+01,5.062500000000014211e-02,1.549000000000000021e+01,3.609374999999914735e-02
8.104800000000000182e+03,5.245971679687500000e+01,2.562499999999978684e-02,1.539000000000000057e+01,-5.851562500000095923e-02
8.104899999999999636e+03,5.280761718750000000e+01,4.562499999999980460e-02,1.556000000000000050e+01,-3.664062500000042633e-02
8.105000000000000000e+03,5.253295898437500000e+01,3.124999999999822364e-03,1.547000000000000064e+01,-1.203125000000060396e-02
8.105100000000000364e+03,5.216674804687500000e+01,4.562499999999980460e-02,1.539000000000000057e+01,-4.867187500000103029e-02
8.105199999999999818e+03,5.231323242187500000e+01,4.562499999999980460e-02,1.547000000000000064e+01,-4.046875000000049738e-02
8.105300000000000182e+03,5.196533203125000000e+01,3.562500000000001776e-02,1.547749999999999915e+01,-1.476562500000078160e-02
8.105399999999999636e+03,5.229492187500000000e+01,3.562500000000001776e-02,1.543999999999999950e+01,-4.921875000000053291e-02
8.105500000000000000e+03,5.170898437500000000e+01,6.312499999999987566e-02,1.537999999999999901e+01,1.312499999999960920e-02
8.105600000000000364e+03,5.159912109375000000e+01,1.062500000000010658e-02,1.526999999999999957e+01,-1.859375000000085265e-02
8.105699999999999818e+03,5.180053710937500000e+01,2.312499999999984013e-02,1.534999999999999964e+01,-3.664062500000042633e-02
8.105800000000000182e+03,5.141601562500000000e+01,5.062500000000014211e-02,1.531000000000000050e+01,-1.859375000000085265e-02
8.105899999999999636e+03,5.136108398437500000e+01,5.812499999999998224e-02,1.524000000000000021e+01,-6.125000000000024869e-02
8.106000000000000000e+03,5.110473632812500000e+01,5.562500000000003553e-02,1.531000000000000050e+01,-4.156250000000039080e-02
8.106100000000000364e+03,5.103149414062500000e+01,4.812499999999975131e-02,1.559999999999999964e+01,-1.312500000000049738e-02
8.106199999999999818e+03,5.123291015625000000e+01,6.312499999999987566e-02,1.551999999999999957e+01,-1.421875000000039080e-02
8.106300000000000182e+03,5.084838867187500000e+01,4.312499999999985789e-02,1.560999999999999943e+01,-7.382812500000035527e-02
8.106399999999999636e+03,5.117797851562500000e+01,3.562500000000001776e-02,1.557000000000000028e+01,-1.750000000000095923e-02
8.106500000000000000e+03,5.108642578125000000e+01,6.812499999999976907e-02,1.550999999999999979e+01,-3.390625000000024869e-02
8.106600000000000364e+03,5.092163085937500000e+01,6.562499999999982236e-02,1.546749999999999936e+01,-3.281250000000035527e-02
8.106699999999999818e+03,5.119628906250000000e+01,4.312499999999985789e-02,1.558999999999999986e+01,-2.023437500000024869e-02
8.106800000000000182e+03,5.092163085937500000e+01,5.812499999999998224e-02,1.552999999999999936e+01,5.468749999999467093e-03
8.106899999999999636e+03,5.117797851562500000e+01,2.792499999999999982e+00,1.557000000000000028e+01,1.548531250000000092e+01
8.107000000000000000e+03,5.104980468750000000e+01,2.922499999999999876e+00,1.551999999999999957e+01,1.546671875000000007e+01
8.107100000000000364e+03,5.099487304687500000e+01,2.937500000000000000e+00,1.549000000000000021e+01,1.544812500000000099e+01
8.107199999999999818e+03,5.132446289062500000e+01,2.957500000000000018e+00,1.550999999999999979e+01,1.550007812499999993e+01
8.107300000000000182e+03,5.158081054687500000e+01,2.950000000000000178e+00,1.550999999999999979e+01,1.550718750000000057e+01
8.107399999999999636e+03,5.203857421875000000e+01,2.987499999999999822e+00,1.532000000000000028e+01,1.543335937500000021e+01
8.107500000000000000e+03,5.189208984375000000e+01,2.892500000000000071e+00,1.524000000000000021e+01,1.549625000000000163e+01
8.107600000000000364e+03,5.187377929687500000e+01,2.979999999999999982e+00,1.517999999999999972e+01,1.541093750000000107e+01
8.107699999999999818e+03,5.401611328125000000e+01,2.997500000000000053e+00,1.545999999999999908e+01,1.544648437500000071e+01
8.107800000000000182e+03,5.399780273437500000e+01,2.950000000000000178e+00,1.544999999999999929e+01,1.547984375000000057e+01
8.107899999999999636e+03,5.427246093750000000e+01,3.052500000000000213e+00,1.558000000000000007e+01,1.547328125000000121e+01
8.108000000000000000e+03,5.421752929687500000e+01,3.060000000000000053e+00,1.549000000000000021e+01,1.545632812500000064e+01
8.108100000000000364e+03,5.592041015625000000e+01,3.069999999999999840e+00,1.559999999999999964e+01,1.549460937500000135e+01
8.108199999999999818e+03,5.767822265625000000e+01,3.022499999999999964e+00,1.527999999999999936e+01,1.548476562500000142e+01
8.108300000000000182e+03,5.733032226562500000e+01,3.064999999999999947e+00,1.573000000000000043e+01,1.552632812500000092e+01
8.108399999999999636e+03,5.771484375000000000e+01,3.082500000000000018e+00,1.545999999999999908e+01,1.547656250000000000e+01
8.108500000000000000e+03,5.758666992187500000e+01,3.082500000000000018e+00,1.539000000000000057e+01,1.548968750000000050e+01
8.108600000000000364e+03,6.159667968750000000e+01,3.092499999999999805e+00,1.530749999999999922e+01,1.548859375000000149e+01
8.108699999999999818e+03,6.210937500000000000e+01,3.062500000000000000e+00,1.544999999999999929e+01,1.546726562500000135e+01
8.108800000000000182e+03,6.172485351562500000e+01,3.104999999999999982e+00,1.553999999999999915e+01,1.544101562500000036e+01
8.108899999999999636e+03,6.212768554687500000e+01,3.097500000000000142e+00,1.549000000000000021e+01,1.546781250000000085e+01
8.109000000000000000e+03,6.476440429687500000e+01,3.092499999999999805e+00,1.543999999999999950e+01,1.542953125000000014e+01
8.109100000000000364e+03,6.578979492187500000e+01,3.115000000000000213e+00,1.553999999999999915e+01,1.548859375000000149e+01
8.109199999999999818e+03,6.604614257812500000e+01,3.122500000000000053e+00,1.553999999999999915e+01,1.545906249999999993e+01
8.109300000000000182e+03,6.560668945312500000e+01,3.152499999999999858e+00,1.559999999999999964e+01,1.551539062500000021e+01
8.109399999999999636e+03,6.639404296875000000e+01,3.157500000000000195e+00,1.547000000000000064e+01,1.546398437500000078e+01
8.109500000000000000e+03,6.903076171875000000e+01,3.177500000000000213e+00,1.557000000000000028e+01,1.546398437500000078e+01
8.109600000000000364e+03,6.917724609375000000e+01,3.169999999999999929e+00,1.541000000000000014e+01,1.544210937500000114e+01
8.109699999999999818e+03,6.937866210937500000e+01,3.145000000000000018e+00,1.542999999999999972e+01,1.547273437499999993e+01
8.109800000000000182e+03,6.886596679687500000e+01,3.149999999999999911e+00,1.540000000000000036e+01,1.549187500000000028e+01
8.109899999999999636e+03,7.183227539062500000e+01,3.169999999999999929e+00,1.557000000000000028e+01,1.547054687500000014e+01
8.110000000000000000e+03,7.199707031250000000e+01,3.209999999999999964e+00,1.545999999999999908e+01,1.543117187500000043e+01
8.110100000000000364e+03,7.201538085937500000e+01,3.192499999999999893e+00,1.561749999999999972e+01,1.550500000000000078e+01
8.110199999999999818e+03,7.225341796875000000e+01,3.214999999999999858e+00,1.553999999999999915e+01,1.544210937500000114e+01
8.110300000000000182e+03,7.302246093750000000e+01,3.202500000000000124e+00,1.534999999999999964e+01,1.547164062500000092e+01
8.110399999999999636e+03,7.492675781250000000e+01,3.207500000000000018e+00,1.558000000000000007e+01,1.547054687500000014e+01
8.110500000000000000e+03,7.470703125000000000e+01,3.185000000000000053e+00,1.548000000000000043e+01,1.546617187500000057e+01
8.110600000000000364e+03,7.472534179687500000e+01,3.245000000000000107e+00,1.541999999999999993e+01,1.546617187500000057e+01
8.110699999999999818e+03,7.494506835937500000e+01,3.259999999999999787e+00,1.539000000000000057e+01,1.548312500000000114e+01
8.110800000000000182e+03,7.672119140625000000e+01,3.242500000000000160e+00,1.550000000000000000e+01,1.550390625000000000e+01
8.110899999999999636e+03,7.736206054687500000e+01,3.242500000000000160e+00,1.561999999999999922e+01,1.550007812499999993e+01
8.111000000000000000e+03,7.712402343750000000e+01,3.250000000000000000e+00,1.545999999999999908e+01,1.542132812500000050e+01
8.111100000000000364e+03,7.719726562500000000e+01,3.257499999999999840e+00,1.537999999999999901e+01,1.550554687500000028e+01
8.111199999999999818e+03,7.886352539062500000e+01,3.297499999999999876e+00,1.550999999999999979e+01,1.547109375000000142e+01
8.111300000000000182e+03,7.904663085937500000e+01,3.285000000000000142e+00,1.541000000000000014e+01,1.549460937500000135e+01
8.111399999999999636e+03,7.961425781250000000e+01,3.287500000000000089e+00,1.552999999999999936e+01,1.550007812499999993e+01
8.111500000000000000e+03,7.933959960937500000e+01,3.294999999999999929e+00,1.561999999999999922e+01,1.546781250000000085e+01
8.111600000000000364e+03,7.946777343750000000e+01,3.312500000000000000e+00,1.544999999999999929e+01,1.545304687500000007e+01
8.111699999999999818e+03,8.168334960937500000e+01,3.325000000000000178e+00,1.537999999999999901e+01,1.546179687500000099e+01
8.111800000000000182e+03,8.128051757812500000e+01,3.294999999999999929e+00,1.542999999999999972e+01,1.545140625000000156e+01
8.111899999999999636e+03,8.182983398437500000e+01,3.319999999999999840e+00,1.554999999999999893e+01,1.547820312500000028e+01
8.112000000000000000e+03,8.155517578125000000e+01,3.314999999999999947e+00,1.565000000000000036e+01,1.545468750000000036e+01
8.112100000000000364e+03,8.327636718750000000e+01,3.327500000000000124e+00,1.553999999999999915e+01,1.546234375000000050e+01
8.112199999999999818e+03,8.378906250000000000e+01,3.337499999999999911e+00,1.541999999999999993e+01,1.541968750000000021e+01
8.112300000000000182e+03,8.329467773437500000e+01,3.365000000000000213e+00,1.565000000000000036e+01,1.547054687500000014e+01
8.112399999999999636e+03,8.378906250000000000e+01,3.357499999999999929e+00,1.561999999999999922e+01,1.547656250000000000e+01
8.112500000000000000e+03,8.432006835937500000e+01,3.362499999999999822e+00,1.550000000000000000e+01,1.546453125000000028e+01
8.112600000000000364e+03,8.558349609375000000e+01,3.387500000000000178e+00,1.550999999999999979e+01,1.548093750000000135e+01
8.112699999999999818e+03,8.578491210937500000e+01,3.367500000000000160e+00,1.562999999999999901e+01,1.546453125000000028e+01
8.112800000000000182e+03,8.527221679687500000e+01,3.347500000000000142e+00,1.550000000000000000e+01,1.544593750000000121e+01
8.112899999999999636e+03,8.582153320312500000e+01,3.405000000000000249e+00,1.558000000000000007e+01,1.549351562500000057e+01
8.113000000000000000e+03,8.724975585937500000e+01,3.334999999999999964e+00,1.553999999999999915e+01,1.545851562500000043e+01
8.113100000000000364e+03,8.750610351562500000e+01,3.392500000000000071e+00,1.558000000000000007e+01,1.549570312500000036e+01
8.113199999999999818e+03,8.770751953125000000e+01,3.372500000000000053e+00,1.544999999999999929e+01,1.551265625000000092e+01
8.113300000000000182e+03,8.717651367187500000e+01,3.410000000000000142e+00,1.542999999999999972e+01,1.550445312500000128e+01
8.113399999999999636e+03,8.893432617187500000e+01,3.424999999999999822e+00,1.562999999999999901e+01,1.548531250000000092e+01
8.113500000000000000e+03,8.919067382812500000e+01,3.430000000000000160e+00,1.544999999999999929e+01,1.542460937500000107e+01
8.113600000000000364e+03,8.931884765625000000e+01,3.470000000000000195e+00,1.541000000000000014e+01,1.548750000000000071e+01
8.113699999999999818e+03,8.948364257812500000e+01,3.417499999999999982e+00,1.547000000000000064e+01,1.553507812500000007e+01
8.113800000000000182e+03,8.908081054687500000e+01,3.437500000000000000e+00,1.534999999999999964e+01,1.548203125000000036e+01
8.113899999999999636e+03,9.124145507812500000e+01,3.464999999999999858e+00,1.560999999999999943e+01,1.547710937500000128e+01
8.114000000000000000e+03,9.098510742187500000e+01,3.459999999999999964e+00,1.529999999999999893e+01,1.554765625000000107e+01
8.114100000000000364e+03,9.109497070312500000e+01,3.482499999999999929e+00,1.561749999999999972e+01,1.541093750000000107e+01
8.114199999999999818e+03,9.131469726562500000e+01,3.475000000000000089e+00,1.539749999999999908e+01,1.553453125000000057e+01
8.114300000000000182e+03,9.230346679687500000e+01,3.515000000000000124e+00,1.548000000000000043e+01,1.547000000000000064e+01
8.114399999999999636e+03,9.312744140625000000e+01,3.497500000000000053e+00,1.550000000000000000e+01,1.551867187500000078e+01
8.114500000000000000e+03,9.279785156250000000e+01,3.475000000000000089e+00,1.550000000000000000e+01,1.545851562500000043e+01
8.114600000000000364e+03,9.296264648437500000e+01,3.484999999999999876e+00,1.539000000000000057e+01,1.548476562500000142e+01
8.114699999999999818e+03,9.384155273437500000e+01,3.464999999999999858e+00,1.558999999999999986e+01,1.552195312500000135e+01
8.114800000000000182e+03,9.433593750000000000e+01,3.537500000000000089e+00,1.566000000000000014e+01,1.550171875000000021e+01
8.114899999999999636e+03,9.497680664062500000e+01,3.542499999999999982e+00,1.542999999999999972e+01,1.547601562500000050e+01
8.115000000000000000e+03,9.459228515625000000e+01,3.517500000000000071e+00,1.569999999999999929e+01,1.549132812500000078e+01
8.115100000000000364e+03,9.472045898437500000e+01,3.522499999999999964e+00,1.533000000000000007e+01,1.549625000000000163e+01
8.115199999999999818e+03,9.645996093750000000e+01,3.560000000000000053e+00,1.533000000000000007e+01,1.545304687500000007e+01
8.115300000000000182e+03,9.605712890625000000e+01,3.520000000000000018e+00,1.540000000000000036e+01,1.546289062500000000e+01
8.115399999999999636e+03,9.666137695312500000e+01,3.532499999999999751e+00,1.549000000000000021e+01,1.548421875000000014e+01
8.115500000000000000e+03,9.627685546875000000e+01,3.587499999999999911e+00,1.518999999999999950e+01,1.546671875000000007e+01
8.115600000000000364e+03,9.761352539062500000e+01,3.584999999999999964e+00,1.536999999999999922e+01,1.555093750000000163e+01
8.115699999999999818e+03,9.829101562500000000e+01,3.560000000000000053e+00,1.524000000000000021e+01,1.541367187500000036e+01
8.115800000000000182e+03,9.777832031250000000e+01,3.575000000000000178e+00,1.550000000000000000e+01,1.542953125000000014e+01
8.115899999999999636e+03,9.836425781250000000e+01,3.587499999999999911e+00,1.540000000000000036e+01,1.549953125000000043e+01
8.116000000000000000e+03,9.818115234375000000e+01,3.609999999999999876e+00,1.536999999999999922e+01,1.546125000000000149e+01
8.116100000000000364e+03,9.981079101562500000e+01,3.592500000000000249e+00,1.527999999999999936e+01,1.542515625000000057e+01
8.116199999999999818e+03,1.000122070312500000e+02,3.609999999999999876e+00,1.552999999999999936e+01,1.545414062500000085e+01
8.116300000000000182e+03,9.948120117187500000e+01,3.594999999999999751e+00,1.550000000000000000e+01,1.543937500000000007e+01
8.116399999999999636e+03,1.000488281250000000e+02,3.647499999999999964e+00,1.564749999999999908e+01,1.550281250000000099e+01
8.116500000000000000e+03,1.010742187500000000e+02,3.602500000000000036e+00,1.542999999999999972e+01,1.549953125000000043e+01
8.116600000000000364e+03,1.015136718750000000e+02,3.649999999999999911e+00,1.531000000000000050e+01,1.547984375000000057e+01
8.116699999999999818e+03,1.017150878906250000e+02,3.687500000000000000e+00,1.556000000000000050e+01,1.546781250000000085e+01
8.116800000000000182e+03,1.011657714843750000e+02,3.692499999999999893e+00,1.533000000000000007e+01,1.546453125000000028e+01
8.116899999999999636e+03,1.025939941406250000e+02,3.472500000000000142e+00,1.550000000000000000e+01,1.550937500000000036e+01
8.117000000000000000e+03,1.029052734375000000e+02,3.692499999999999893e+00,1.557000000000000028e+01,1.547000000000000064e+01
8.117100000000000364e+03,1.031433105468750000e+02,3.692499999999999893e+00,1.552999999999999936e+01,1.543609375000000128e+01
8.117199999999999818e+03,1.033264160156250000e+02,3.707500000000000018e+00,1.548000000000000043e+01,1.550718750000000057e+01
8.117300000000000182e+03,1.027954101562500000e+02,3.752499999999999947e+00,1.558999999999999986e+01,1.550609375000000156e+01
8.117399999999999636e+03,1.049377441406250000e+02,3.702500000000000124e+00,1.552999999999999936e+01,1.548640624999999993e+01
8.117500000000000000e+03,1.046264648437500000e+02,3.717500000000000249e+00,1.554999999999999893e+01,1.542187500000000000e+01
8.117600000000000364e+03,1.048828125000000000e+02,3.747500000000000053e+00,1.536999999999999922e+01,1.550171875000000021e+01
8.117699999999999818e+03,1.049926757812500000e+02,3.770000000000000018e+00,1.548000000000000043e+01,1.544101562500000036e+01
8.117800000000000182e+03,1.057434082031250000e+02,3.757500000000000284e+00,1.533999999999999986e+01,1.546835937500000036e+01
8.117899999999999636e+03,1.067504882812500000e+02,3.770000000000000018e+00,1.558000000000000007e+01,1.544812500000000099e+01
8.118000000000000000e+03,1.063476562500000000e+02,3.774999999999999911e+00,1.542999999999999972e+01,1.546781250000000085e+01
8.118100000000000364e+03,1.065673828125000000e+02,3.777499999999999858e+00,1.552999999999999936e+01,1.549242187500000156e+01
8.118199999999999818e+03,1.070800781250000000e+02,3.802500000000000213e+00,1.524750000000000050e+01,1.546781250000000085e+01
8.118300000000000182e+03,1.077575683593750000e+02,3.787500000000000089e+00,1.554749999999999943e+01,1.548695312500000121e+01
8.118399999999999636e+03,1.084167480468750000e+02,3.810000000000000053e+00,1.547749999999999915e+01,1.550609375000000156e+01
8.118500000000000000e+03,1.079223632812500000e+02,3.867500000000000160e+00,1.543999999999999950e+01,1.544539062499999993e+01
8.118600000000000364e+03,1.081787109375000000e+02,3.837499999999999911e+00,1.544999999999999929e+01,1.547984375000000057e+01
8.118699999999999818e+03,1.098449707031250000e+02,3.859999999999999876e+00,1.536999999999999922e+01,1.547000000000000064e+01
8.118800000000000182e+03,1.094970703125000000e+02,3.892500000000000071e+00,1.524000000000000021e+01,1.549242187500000156e+01
8.118899999999999636e+03,1.101013183593750000e+02,3.915000000000000036e+00,1.550000000000000000e+01,1.553617187500000085e+01
8.119000000000000000e+03,1.096069335937500000e+02,3.847500000000000142e+00,1.536999999999999922e+01,1.547437500000000021e+01
8.119100000000000364e+03,1.109436035156250000e+02,3.924999999999999822e+00,1.548749999999999893e+01,1.546343750000000128e+01
8.119199999999999818e+03,1.118225097656250000e+02,3.942499999999999893e+00,1.557000000000000028e+01,1.547328125000000121e+01
8.119300000000000182e+03,1.113098144531250000e+02,3.957500000000000018e+00,1.552999999999999936e+01,1.547984375000000057e+01
8.119399999999999636e+03,1.119323730468750000e+02,3.984999999999999876e+00,1.561999999999999922e+01,1.545031250000000078e+01
8.119500000000000000e+03,1.114196777343750000e+02,4.007500000000000284e+00,1.533999999999999986e+01,1.540765625000000050e+01
8.119600000000000364e+03,1.132873535156250000e+02,3.959999999999999964e+00,1.553999999999999915e+01,1.545085937500000028e+01
8.119699999999999818e+03,1.134887695312500000e+02,4.019999999999999574e+00,1.549000000000000021e+01,1.547492187500000149e+01
8.119800000000000182e+03,1.129760742187500000e+02,4.060000000000000497e+00,1.533999999999999986e+01,1.543335937500000021e+01
8.119899999999999636e+03,1.135803222656250000e+02,4.017500000000000071e+00,1.529999999999999893e+01,1.543390625000000149e+01
8.120000000000000000e+03,1.145141601562500000e+02,4.062500000000000000e+00,1.537999999999999901e+01,1.545414062500000085e+01
8.120100000000000364e+03,1.152099609375000000e+02,4.082499999999999574e+00,1.537999999999999901e+01,1.543335937500000021e+01
8.120199999999999818e+03,1.153198242187500000e+02,4.089999999999999858e+00,1.539000000000000057e+01,1.542078125000000099e+01
8.120300000000000182e+03,1.148071289062500000e+02,4.120000000000000107e+00,1.541999999999999993e+01,1.546835937500000036e+01
8.120399999999999636e+03,1.160339355468750000e+02,4.115000000000000213e+00,1.568999999999999950e+01,1.552140625000000007e+01
8.120500000000000000e+03,1.166748046875000000e+02,4.122500000000000497e+00,1.559999999999999964e+01,1.544429687500000092e+01
8.120600000000000364e+03,1.170227050781250000e+02,4.155000000000000249e+00,1.545999999999999908e+01,1.542898437500000064e+01
8.120699999999999818e+03,1.171142578125000000e+02,4.160000000000000142e+00,1.540000000000000036e+01,1.545523437500000163e+01
8.120800000000000182e+03,1.166015625000000000e+02,4.169999999999999929e+00,1.539000000000000057e+01,1.544867187500000050e+01
8.120899999999999636e+03,1.188354492187500000e+02,4.189999999999999503e+00,1.553999999999999915e+01,1.543609375000000128e+01
8.121000000000000000e+03,1.185058593750000000e+02,4.245000000000000107e+00,1.558000000000000007e+01,1.543445312500000099e+01
8.121100000000000364e+03,1.188171386718750000e+02,4.272499999999999964e+00,1.558000000000000007e+01,1.545359375000000135e+01
8.121199999999999818e+03,1.189453125000000000e+02,4.230000000000000426e+00,1.558999999999999986e+01,1.546726562500000135e+01
8.121300000000000182e+03,1.196411132812500000e+02,4.262500000000000178e+00,1.539000000000000057e+01,1.545906249999999993e+01
8.121399999999999636e+03,1.210327148437500000e+02,4.271250000000000213e+00,1.554999999999999893e+01,1.548312500000000114e+01
8.121500000000000000e+03,1.205017089843750000e+02,4.325000000000000178e+00,1.525000000000000000e+01,1.545250000000000057e+01
8.121600000000000364e+03,1.208496093750000000e+02,4.365000000000000213e+00,1.539000000000000057e+01,1.539671875000000156e+01
8.121699999999999818e+03,1.209777832031250000e+02,4.349999999999999645e+00,1.561999999999999922e+01,1.549953125000000043e+01
8.121800000000000182e+03,1.207763671875000000e+02,4.377499999999999503e+00,1.565000000000000036e+01,1.544539062499999993e+01
8.121899999999999636e+03,1.214904785156250000e+02,4.392500000000000071e+00,1.552999999999999936e+01,1.545578125000000114e+01
8.122000000000000000e+03,1.209045410156250000e+02,4.437500000000000000e+00,1.525999999999999979e+01,1.545414062500000085e+01
8.122100000000000364e+03,1.212341308593750000e+02,3.062500000000012434e-02,1.542999999999999972e+01,-1.093750000000071054e-02
8.122199999999999818e+03,1.213073730468750000e+02,3.312500000000007105e-02,1.541000000000000014e+01,-4.921875000000053291e-02
8.122300000000000182e+03,1.208312988281250000e+02,5.562500000000003553e-02,1.525999999999999979e+01,-6.562500000000071054e-02
8.122399999999999636e+03,1.214355468750000000e+02,2.312499999999984013e-02,1.553999999999999915e+01,-1.585937500000067502e-02
8.122500000000000000e+03,1.208862304687500000e+02,4.312499999999985789e-02,1.545999999999999908e+01,-5.468750000003907985e-04
8.122600000000000364e+03,1.212707519531250000e+02,3.062500000000012434e-02,1.535999999999999943e+01,-7.710937500000092371e-02
8.122699999999999818e+03,1.213439941406250000e+02,2.562499999999978684e-02,1.551999999999999957e+01,-4.210937500000078160e-02
8.122800000000000182e+03,1.208129882812500000e+02,6.812499999999976907e-02,1.557000000000000028e+01,-3.335937500000074607e-02
8.122899999999999636e+03,1.214538574218750000e+02,2.562499999999978684e-02,1.532750000000000057e+01,-5.906250000000046185e-02
8.123000000000000000e+03,1.209045410156250000e+02,6.812499999999976907e-02,1.529999999999999893e+01,-3.664062500000042633e-02
8.123100000000000364e+03,1.199890136718750000e+02,6.312499999999987566e-02,1.588499999999999979e+01,-3.937500000000060396e-02
8.123199999999999818e+03,1.199523925781250000e+02,2.562499999999978684e-02,1.554999999999999893e+01,-6.781250000000049738e-02
8.123300000000000182e+03,1.194030761718750000e+02,2.312499999999984013e-02,1.541999999999999993e+01,1.640624999999928946e-02
8.123399999999999636e+03,1.200439453125000000e+02,4.062499999999991118e-02,1.559500000000000064e+01,-6.781250000000049738e-02
8.123500000000000000e+03,1.174621582031250000e+02,4.062499999999991118e-02,1.540000000000000036e+01,-6.179687500000063949e-02
8.123600000000000364e+03,1.169494628906250000e+02,2.562499999999978684e-02,1.551750000000000007e+01,-3.007812500000106581e-02
8.123699999999999818e+03,1.170593261718750000e+02,4.812499999999975131e-02,1.556000000000000050e+01,-2.843750000000078160e-02
8.123800000000000182e+03,1.165100097656250000e+02,5.312500000000008882e-02,1.542999999999999972e+01,-3.062500000000056843e-02
8.123899999999999636e+03,1.168029785156250000e+02,6.062499999999992895e-02,1.578999999999999915e+01,-7.000000000000028422e-02
8.124000000000000000e+03,1.124633789062500000e+02,3.312500000000007105e-02,1.537999999999999901e+01,-3.171875000000046185e-02
8.124100000000000364e+03,1.126098632812500000e+02,2.812499999999973355e-02,1.522000000000000064e+01,-1.859375000000085265e-02
8.124199999999999818e+03,1.127380371093750000e+02,6.562499999999982236e-02,1.550999999999999979e+01,-2.679687500000049738e-02
8.124300000000000182e+03,1.122436523437500000e+02,4.812499999999975131e-02,1.533999999999999986e+01,-4.429687500000056843e-02
8.124399999999999636e+03,1.095520019531250000e+02,3.312500000000007105e-02,1.550999999999999979e+01,-3.390625000000024869e-02
8.124500000000000000e+03,1.084533691406250000e+02,6.562499999999982236e-02,1.543999999999999950e+01,-1.039062500000031974e-02
8.124600000000000364e+03,1.087097167968750000e+02,4.562499999999980460e-02,1.537999999999999901e+01,-5.414062500000049738e-02
8.124699999999999818e+03,1.088928222656250000e+02,5.062500000000014211e-02,1.542999999999999972e+01,2.570312499999971578e-02
8.124800000000000182e+03,1.068786621093750000e+02,4.812499999999975131e-02,1.558000000000000007e+01,-1.750000000000095923e-02
8.124899999999999636e+03,1.057983398437500000e+02,7.312500000000010658e-02,1.548000000000000043e+01,-8.531250000000056843e-02
8.125000000000000000e+03,1.052307128906250000e+02,4.062499999999991118e-02,1.537999999999999901e+01,5.468749999995026201e-04
8.125100000000000364e+03,1.054321289062500000e+02,5.062500000000014211e-02,1.549000000000000021e+01,-7.656250000001030287e-03
8.125199999999999818e+03,1.056152343750000000e+02,4.562499999999980460e-02,1.565750000000000064e+01,-1.750000000000095923e-02
8.125300000000000182e+03,1.025024414062500000e+02,8.312499999999989342e-02,1.561999999999999922e+01,-3.445312500000063949e-02
8.125399999999999636e+03,1.029235839843750000e+02,8.625000000000015987e-02,1.560999999999999943e+01,2.898437499999939604e-02
8.125500000000000000e+03,1.024658203125000000e+02,4.562499999999980460e-02,1.550000000000000000e+01,-3.390625000000024869e-02
8.125600000000000364e+03,1.026855468750000000e+02,4.312499999999985789e-02,1.550000000000000000e+01,-2.625000000000099476e-02
8.125699999999999818e+03,1.011840820312500000e+02,1.562500000000000000e-02,1.565000000000000036e+01,-4.976562500000092371e-02
8.125800000000000182e+03,9.988403320312500000e+01,3.812499999999996447e-02,1.535999999999999943e+01,-5.796875000000056843e-02
8.125899999999999636e+03,1.005065917968750000e+02,3.312500000000007105e-02,1.561999999999999922e+01,2.078124999999975131e-02
8.126000000000000000e+03,1.000671386718750000e+02,2.312499999999984013e-02,1.525000000000000000e+01,-3.390625000000024869e-02
8.126100000000000364e+03,1.000671386718750000e+02,2.312499999999984013e-02,1.566000000000000014e+01,-4.648437500000035527e-02
8.126199999999999818e+03,9.830932617187500000e+01,3.062500000000012434e-02,1.557000000000000028e+01,-1.640625000000106581e-02
8.126300000000000182e+03,9.766845703125000000e+01,5.562500000000003553e-02,1.541999999999999993e+01,-1.750000000000095923e-02
8.126399999999999636e+03,9.830932617187500000e+01,4.062499999999991118e-02,1.549000000000000021e+01,-2.515625000000110134e-02
8.126500000000000000e+03,9.792480468750000000e+01,5.562500000000003553e-02,1.540000000000000036e+01,-1.750000000000095923e-02
8.126600000000000364e+03,9.635009765625000000e+01,2.812499999999973355e-02,1.543999999999999950e+01,-4.539062500000046185e-02
8.126699999999999818e+03,9.624023437500000000e+01,1.562500000000000000e-02,1.536999999999999922e+01,-2.679687500000049738e-02
8.126800000000000182e+03,9.570922851562500000e+01,6.562499999999982236e-02,1.535999999999999943e+01,-2.023437500000024869e-02
8.126899999999999636e+03,9.625854492187500000e+01,1.062500000000010658e-02,1.529999999999999893e+01,-3.828125000000959233e-03
8.127000000000000000e+03,9.506835937500000000e+01,2.562499999999978684e-02,1.545999999999999908e+01,-3.554687500000053291e-02
8.127100000000000364e+03,9.429931640625000000e+01,5.312500000000008882e-02,1.558999999999999986e+01,-7.875000000000031974e-02
8.127199999999999818e+03,9.444580078125000000e+01,4.812499999999975131e-02,1.553999999999999915e+01,-1.859375000000085265e-02
8.127300000000000182e+03,9.395141601562500000e+01,3.062500000000012434e-02,1.529999999999999893e+01,-6.781250000000049738e-02
8.127399999999999636e+03,9.448242187500000000e+01,5.562500000000003553e-02,1.537999999999999901e+01,-7.273437500000046185e-02
8.127500000000000000e+03,9.250488281250000000e+01,3.812499999999996447e-02,1.549000000000000021e+01,-6.015625000000746070e-03
8.127600000000000364e+03,9.259643554687500000e+01,3.562500000000001776e-02,1.560999999999999943e+01,-1.804687500000046185e-02
8.127699999999999818e+03,9.276123046875000000e+01,5.062500000000014211e-02,1.557000000000000028e+01,-6.453125000000081712e-02
8.127800000000000182e+03,9.221191406250000000e+01,4.562499999999980460e-02,1.552999999999999936e+01,-2.734375000001065814e-03
8.127899999999999636e+03,9.166259765625000000e+01,2.062499999999989342e-02,1.537999999999999901e+01,-1.695312500000056843e-02
8.128000000000000000e+03,9.080200195312500000e+01,4.312499999999985789e-02,1.548000000000000043e+01,-5.468750000000355271e-03
8.128100000000000364e+03,9.093017578125000000e+01,6.062499999999992895e-02,1.549000000000000021e+01,-4.429687500000056843e-02
8.128199999999999818e+03,9.113159179687500000e+01,4.312499999999985789e-02,1.545999999999999908e+01,-4.265625000000028422e-02
8.128300000000000182e+03,9.052734375000000000e+01,2.812499999999973355e-02,1.568999999999999950e+01,-3.062500000000056843e-02
8.128399999999999636e+03,8.963012695312500000e+01,1.812499999999994671e-02,1.553999999999999915e+01,-5.085937500000081712e-02
8.128500000000000000e+03,8.922729492187500000e+01,5.062500000000014211e-02,1.560749999999999993e+01,-2.570312500000060396e-02
8.128600000000000364e+03,8.933715820312500000e+01,2.562499999999978684e-02,1.558000000000000007e+01,2.679687499999960920e-02
8.128699999999999818e+03,8.952026367187500000e+01,3.812499999999996447e-02,1.559999999999999964e+01,-1.531250000000028422e-02
8.128800000000000182e+03,8.781738281250000000e+01,2.062499999999989342e-02,1.559999999999999964e+01,-6.671875000000060396e-02
8.128899999999999636e+03,8.814697265625000000e+01,2.562499999999978684e-02,1.553749999999999964e+01,9.296874999999538147e-03
8.129000000000000000e+03,8.783569335937500000e+01,4.312499999999985789e-02,1.536999999999999922e+01,-1.203125000000060396e-02
8.129100000000000364e+03,8.794555664062500000e+01,2.562499999999978684e-02,1.542750000000000021e+01,-3.882812500000110134e-02
8.129199999999999818e+03,8.756103515625000000e+01,6.062499999999992895e-02,1.547749999999999915e+01,-1.695312500000056843e-02
8.129300000000000182e+03,8.622436523437500000e+01,4.562499999999980460e-02,1.557000000000000028e+01,-8.585937500000095923e-02
8.129399999999999636e+03,8.671875000000000000e+01,5.812499999999998224e-02,1.558000000000000007e+01,-1.203125000000060396e-02
8.129500000000000000e+03,8.640747070312500000e+01,1.812499999999994671e-02,1.539000000000000057e+01,-3.117187500000095923e-02
8.129600000000000364e+03,8.649902343750000000e+01,2.312499999999984013e-02,1.528749999999999964e+01,-7.109375000000106581e-02
8.129699999999999818e+03,8.541870117187500000e+01,5.562500000000003553e-02,1.565000000000000036e+01,-9.843750000000817124e-03
8.129800000000000182e+03,8.481445312500000000e+01,6.812499999999976907e-02,1.559999999999999964e+01,-4.429687500000056843e-02
8.129899999999999636e+03,8.534545898437500000e+01,5.812499999999998224e-02,1.548000000000000043e+01,-7.164062500000056843e-02
8.130000000000000000e+03,8.497924804687500000e+01,7.312500000000010658e-02,1.535999999999999943e+01,-4.156250000000039080e-02
8.130100000000000364e+03,8.419189453125000000e+01,4.062499999999991118e-02,1.541000000000000014e+01,-1.039062500000031974e-02
8.130199999999999818e+03,8.400878906250000000e+01,4.812499999999975131e-02,1.566999999999999993e+01,-7.328125000000085265e-02
8.130300000000000182e+03,8.349609375000000000e+01,3.562500000000001776e-02,1.529999999999999893e+01,-5.250000000000110134e-02
8.130399999999999636e+03,8.402709960937500000e+01,4.562499999999980460e-02,1.540000000000000036e+01,-7.164062500000056843e-02
8.130500000000000000e+03,8.366088867187500000e+01,5.312500000000008882e-02,1.557000000000000028e+01,-8.203125000000532907e-03
8.130600000000000364e+03,8.256225585937500000e+01,7.062500000000015987e-02,1.541000000000000014e+01,-3.117187500000095923e-02
8.130699999999999818e+03,8.269042968750000000e+01,4.812499999999975131e-02,1.548749999999999893e+01,-6.507812500000031974e-02
8.130800000000000182e+03,8.223266601562500000e+01,2.812499999999973355e-02,1.551999999999999957e+01,-7.382812500000035527e-02
8.130899999999999636e+03,8.272705078125000000e+01,4.562499999999980460e-02,1.527999999999999936e+01,-4.320312500000067502e-02
8.131000000000000000e+03,8.139038085937500000e+01,5.312500000000008882e-02,1.526750000000000007e+01,-5.468750000000088818e-02
8.131100000000000364e+03,8.122558593750000000e+01,2.312499999999984013e-02,1.540000000000000036e+01,-5.031250000000042633e-02
8.131199999999999818e+03,8.140869140625000000e+01,1.312500000000005329e-02,1.544999999999999929e+01,-2.734375000001065814e-03
8.131300000000000182e+03,8.093261718750000000e+01,2.562499999999978684e-02,1.554999999999999893e+01,-2.023437500000024869e-02
8.131399999999999636e+03,8.100585937500000000e+01,2.062499999999989342e-02,1.536999999999999922e+01,-4.976562500000092371e-02
8.131500000000000000e+03,7.999877929687500000e+01,6.562499999999982236e-02,1.566000000000000014e+01,7.109374999999751310e-03
8.131600000000000364e+03,8.001708984375000000e+01,3.562500000000001776e-02,1.534999999999999964e+01,-2.679687500000049738e-02
8.131699999999999818e+03,8.020019531250000000e+01,4.562499999999980460e-02,1.570999999999999908e+01,-3.335937500000074607e-02
8.131800000000000182e+03,7.972412109375000000e+01,5.562500000000003553e-02,1.544999999999999929e+01,-4.320312500000067502e-02
8.131899999999999636e+03,7.913818359375000000e+01,4.812499999999975131e-02,1.548000000000000043e+01,-9.843750000000817124e-03
8.132000000000000000e+03,7.873535156250000000e+01,6.562499999999982236e-02,1.549000000000000021e+01,-3.445312500000063949e-02
8.132100000000000364e+03,7.877197265625000000e+01,7.562500000000005329e-02,1.543999999999999950e+01,-1.421875000000039080e-02
8.132199999999999818e+03,7.901000976562500000e+01,3.062500000000012434e-02,1.557000000000000028e+01,-9.898437500000056843e-02
8.132300000000000182e+03,7.769165039062500000e+01,4.062499999999991118e-02,1.544999999999999929e+01,1.093749999999005240e-03
8.132399999999999636e+03,7.780151367187500000e+01,4.312499999999985789e-02,1.550999999999999979e+01,-3.664062500000042633e-02
8.132500000000000000e+03,7.756347656250000000e+01,4.062499999999991118e-02,1.554999999999999893e+01,-8.257812500000039080e-02
8.132600000000000364e+03,7.760009765625000000e+01,2.812499999999973355e-02,1.537749999999999950e+01,-2.789062500000039080e-02
8.132699999999999818e+03,7.776489257812500000e+01,3.312500000000007105e-02,1.527999999999999936e+01,-4.320312500000067502e-02
8.132800000000000182e+03,7.615356445312500000e+01,2.562499999999978684e-02,1.529999999999999893e+01,-6.070312500000074607e-02
8.132899999999999636e+03,7.657470703125000000e+01,2.312499999999984013e-02,1.548000000000000043e+01,-7.054687500000067502e-02
8.133000000000000000e+03,7.635498046875000000e+01,2.812499999999973355e-02,1.543999999999999950e+01,-2.679687500000049738e-02
8.133100000000000364e+03,7.639160156250000000e+01,4.312499999999985789e-02,1.552999999999999936e+01,6.562499999999360512e-03
8.133199999999999818e+03,7.571411132812500000e+01,2.062499999999989342e-02,1.574000000000000021e+01,-5.906250000000046185e-02
8.133300000000000182e+03,7.500000000000000000e+01,5.562500000000003553e-02,1.534999999999999964e+01,-5.632812500000028422e-02
8.133399999999999636e+03,7.547607421875000000e+01,5.062500000000014211e-02,1.540000000000000036e+01,-8.750000000000923706e-03
8.133500000000000000e+03,7.520141601562500000e+01,4.312499999999985789e-02,1.560999999999999943e+01,3.828124999999182876e-03
8.133600000000000364e+03,7.496337890625000000e+01,2.062499999999989342e-02,1.541000000000000014e+01,-8.476562500000106581e-02
8.133699999999999818e+03,7.441406250000000000e+01,5.062500000000014211e-02,1.547000000000000064e+01,-3.937500000000060396e-02
8.133800000000000182e+03,7.390136718750000000e+01,4.812499999999975131e-02,1.558000000000000007e+01,-1.914062500000035527e-02
8.133899999999999636e+03,7.437744140625000000e+01,6.312499999999987566e-02,1.529999999999999893e+01,-6.507812500000031974e-02
8.134000000000000000e+03,7.412109375000000000e+01,2.812499999999973355e-02,1.552999999999999936e+01,-1.531250000000028422e-02
8.134100000000000364e+03,7.316894531250000000e+01,4.062499999999991118e-02,1.559999999999999964e+01,-3.390625000000024869e-02
8.134199999999999818e+03,7.326049804687500000e+01,1.062500000000010658e-02,1.534999999999999964e+01,-3.664062500000042633e-02
8.134300000000000182e+03,7.276611328125000000e+01,2.312499999999984013e-02,1.552999999999999936e+01,-3.281250000000035527e-02
8.134399999999999636e+03,7.327880859375000000e+01,3.062500000000012434e-02,1.541000000000000014e+01,9.296874999999538147e-03
8.134500000000000000e+03,7.243652343750000000e+01,3.812499999999996447e-02,1.526999999999999957e+01,-5.414062500000049738e-02
8.134600000000000364e+03,7.207031250000000000e+01,3.062500000000012434e-02,1.545999999999999908e+01,-3.773437500000031974e-02
8.134699999999999818e+03,7.229003906250000000e+01,2.562499999999978684e-02,1.567999999999999972e+01,-8.881784197001252323e-16
8.134800000000000182e+03,7.179565429687500000e+01,3.062500000000012434e-02,1.541999999999999993e+01,1.914062499999946709e-02
8.134899999999999636e+03,7.225341796875000000e+01,4.812499999999975131e-02,1.541000000000000014e+01,-5.523437500000039080e-02
8.135000000000000000e+03,7.113647460937500000e+01,4.562499999999980460e-02,1.527999999999999936e+01,-1.640625000000106581e-02
8.135100000000000364e+03,7.111816406250000000e+01,5.562500000000003553e-02,1.542999999999999972e+01,-5.468750000003907985e-04
8.135199999999999818e+03,7.128295898437500000e+01,5.062500000000014211e-02,1.539000000000000057e+01,-7.382812500000035527e-02
8.135300000000000182e+03,7.077026367187500000e+01,6.062499999999992895e-02,1.549000000000000021e+01,-6.562500000000248690e-03
8.135399999999999636e+03,7.047729492187500000e+01,4.312499999999985789e-02,1.541000000000000014e+01,-5.468750000000355271e-03
8.135500000000000000e+03,7.007446289062500000e+01,4.812499999999975131e-02,1.553999999999999915e+01,-4.539062500000046185e-02
8.135600000000000364e+03,7.011108398437500000e+01,5.062500000000014211e-02,1.545999999999999908e+01,-3.937500000000060396e-02
8.135699999999999818e+03,7.023925781250000000e+01,5.812499999999998224e-02,1.552999999999999936e+01,-3.828125000000959233e-03
8.135800000000000182e+03,6.959838867187500000e+01,5.562500000000003553e-02,1.547000000000000064e+01,1.804687499999957367e-02
8.135899999999999636e+03,6.930541992187500000e+01,5.062500000000014211e-02,1.559999999999999964e+01,-6.453125000000081712e-02
8.136000000000000000e+03,6.903076171875000000e+01,3.312500000000007105e-02,1.542999999999999972e+01,2.570312499999971578e-02
8.136100000000000364e+03,6.904907226562500000e+01,5.812499999999998224e-02,1.557000000000000028e+01,-4.593750000000085265e-02
8.136199999999999818e+03,6.925048828125000000e+01,-8.499999999999996447e-02,1.532000000000000028e+01,8.203124999999644729e-03
8.136300000000000182e+03,6.804199218750000000e+01,5.062500000000014211e-02,1.556000000000000050e+01,-2.078125000000063949e-02
8.136399999999999636e+03,6.837158203125000000e+01,5.812499999999998224e-02,1.529999999999999893e+01,-6.343750000000092371e-02
8.136500000000000000e+03,6.815185546875000000e+01,5.312500000000008882e-02,1.561999999999999922e+01,-9.843750000000817124e-03
8.136600000000000364e+03,6.820678710937500000e+01,3.562500000000001776e-02,1.558000000000000007e+01,-6.562500000000071054e-02
8.136699999999999818e+03,6.791381835937500000e+01,6.312499999999987566e-02,1.541999999999999993e+01,-4.320312500000067502e-02
8.136800000000000182e+03,6.701660156250000000e+01,4.312499999999985789e-02,1.549000000000000021e+01,-5.523437500000039080e-02
8.136899999999999636e+03,6.745605468750000000e+01,-2.362500000000000711e-01,1.558000000000000007e+01,-4.156250000000039080e-02
8.137000000000000000e+03,6.725463867187500000e+01,5.562500000000003553e-02,1.532000000000000028e+01,-2.078125000000063949e-02
8.137100000000000364e+03,6.727294921875000000e+01,5.062500000000014211e-02,1.550999999999999979e+01,-4.539062500000046185e-02
8.137199999999999818e+03,6.661376953125000000e+01,5.874999999999985789e-02,1.554999999999999893e+01,-2.734375000001065814e-03
8.137300000000000182e+03,6.608276367187500000e+01,2.312499999999984013e-02,1.568999999999999950e+01,-1.257812500000099476e-02
8.137399999999999636e+03,6.654052734375000000e+01,3.812499999999996447e-02,1.545999999999999908e+01,-5.195312500000071054e-02
8.137500000000000000e+03,6.633911132812500000e+01,3.312500000000007105e-02,1.544999999999999929e+01,2.406249999999943157e-02
8.137600000000000364e+03,6.582641601562500000e+01,3.062500000000012434e-02,1.554999999999999893e+01,-7.109375000000639488e-03
8.137699999999999818e+03,6.575317382812500000e+01,1.949999999999998401e-01,1.557000000000000028e+01,-4.046875000000049738e-02
8.137800000000000182e+03,6.531372070312500000e+01,5.062500000000014211e-02,1.531000000000000050e+01,-7.875000000000031974e-02
8.137899999999999636e+03,6.575317382812500000e+01,3.062500000000012434e-02,1.562999999999999901e+01,-4.648437500000035527e-02
8.138000000000000000e+03,6.553344726562500000e+01,1.812499999999994671e-02,1.536999999999999922e+01,-8.421875000000067502e-02
8.138100000000000364e+03,6.470947265625000000e+01,5.062500000000014211e-02,1.545999999999999908e+01,-4.812500000000063949e-02
8.138199999999999818e+03,6.487426757812500000e+01,4.812499999999975131e-02,1.573000000000000043e+01,4.374999999999573674e-03
8.138300000000000182e+03,6.443481445312500000e+01,5.062500000000014211e-02,1.558999999999999986e+01,-5.851562500000095923e-02
8.138399999999999636e+03,6.481933593750000000e+01,6.062499999999992895e-02,1.553999999999999915e+01,-4.046875000000049738e-02
8.138500000000000000e+03,6.401367187500000000e+01,4.312499999999985789e-02,1.543999999999999950e+01,-6.398437500000042633e-02
8.138600000000000364e+03,6.388549804687500000e+01,3.562500000000001776e-02,1.539000000000000057e+01,-3.062500000000056843e-02
8.138699999999999818e+03,6.406860351562500000e+01,4.812499999999975131e-02,1.539000000000000057e+01,-5.414062500000049738e-02
8.138800000000000182e+03,6.362915039062500000e+01,6.062499999999992895e-02,1.533000000000000007e+01,-3.390625000000024869e-02
8.138899999999999636e+03,6.377563476562500000e+01,4.812499999999975131e-02,1.556000000000000050e+01,6.562499999999360512e-03
8.139000000000000000e+03,6.306152343750000000e+01,4.562499999999980460e-02,1.542999999999999972e+01,-1.011718750000003553e-01
8.139100000000000364e+03,6.304321289062500000e+01,5.562500000000003553e-02,1.533999999999999986e+01,-5.031250000000042633e-02
8.139199999999999818e+03,6.322631835937500000e+01,5.062500000000014211e-02,1.534999999999999964e+01,-2.078125000000063949e-02
8.139300000000000182e+03,6.280517578125000000e+01,4.562499999999980460e-02,1.566999999999999993e+01,-4.265625000000028422e-02
8.139399999999999636e+03,6.249389648437500000e+01,5.312500000000008882e-02,1.534999999999999964e+01,-4.648437500000035527e-02
8.139500000000000000e+03,6.227416992187500000e+01,1.562500000000000000e-02,1.525000000000000000e+01,-4.539062500000046185e-02
8.139600000000000364e+03,6.225585937500000000e+01,2.312499999999984013e-02,1.533000000000000007e+01,-3.007812500000106581e-02
8.139699999999999818e+03,6.245727539062500000e+01,5.812499999999998224e-02,1.566000000000000014e+01,-4.539062500000046185e-02
8.139800000000000182e+03,6.154174804687500000e+01,5.812499999999998224e-02,1.531000000000000050e+01,-3.117187500000095923e-02
8.139899999999999636e+03,6.165161132812500000e+01,4.312499999999985789e-02,1.525999999999999979e+01,-4.539062500000046185e-02
8.140000000000000000e+03,6.146850585937500000e+01,6.312499999999987566e-02,1.566999999999999993e+01,1.093749999999005240e-03
8.140100000000000364e+03,6.145019531250000000e+01,4.812499999999975131e-02,1.551999999999999957e+01,-3.554687500000053291e-02
8.140199999999999818e+03,6.163330078125000000e+01,2.062499999999989342e-02,1.566000000000000014e+01,-5.796875000000056843e-02
8.140300000000000182e+03,6.046142578125000000e+01,4.312499999999985789e-02,1.558999999999999986e+01,-1.093750000000071054e-02
8.140399999999999636e+03,6.086425781250000000e+01,2.312499999999984013e-02,1.527999999999999936e+01,-1.968750000000074607e-02
8.140500000000000000e+03,6.066284179687500000e+01,4.312499999999985789e-02,1.543999999999999950e+01,-1.039062500000031974e-02
8.140600000000000364e+03,6.060791015625000000e+01,6.312499999999987566e-02,1.542999999999999972e+01,-5.304687500000060396e-02
8.140699999999999818e+03,6.029663085937500000e+01,3.062500000000012434e-02,1.542999999999999972e+01,3.828124999999182876e-03
8.140800000000000182e+03,5.976562500000000000e+01,2.062499999999989342e-02,1.542999999999999972e+01,-1.203125000000060396e-02
8.140899999999999636e+03,6.011352539062500000e+01,4.312499999999985789e-02,1.550750000000000028e+01,-5.468750000003907985e-04
8.141000000000000000e+03,6.002197265625000000e+01,3.062500000000012434e-02,1.548749999999999893e+01,-1.312500000000049738e-02
8.141100000000000364e+03,5.983886718750000000e+01,5.312500000000008882e-02,1.548000000000000043e+01,3.281249999999680256e-03
8.141199999999999818e+03,5.945434570312500000e+01,3.062500000000012434e-02,1.549000000000000021e+01,-2.515625000000110134e-02
8.141300000000000182e+03,5.905151367187500000e+01,3.312500000000007105e-02,1.556000000000000050e+01,-9.296875000000426326e-03
8.141399999999999636e+03,5.943603515625000000e+01,5.312500000000008882e-02,1.552999999999999936e+01,-7.546875000000063949e-02
8.141500000000000000e+03,5.925292968750000000e+01,2.312499999999984013e-02,1.550000000000000000e+01,7.109374999999751310e-03
8.141600000000000364e+03,5.861206054687500000e+01,4.562499999999980460e-02,1.522000000000000064e+01,-1.093750000000071054e-02
8.141699999999999818e+03,5.874023437500000000e+01,1.062500000000010658e-02,1.549000000000000021e+01,-2.187500000000675016e-03
8.141800000000000182e+03,5.831909179687500000e+01,4.312499999999985789e-02,1.541000000000000014e+01,-6.726562500000099476e-02
8.141899999999999636e+03,5.870361328125000000e+01,3.062500000000012434e-02,1.537999999999999901e+01,-3.117187500000095923e-02
8.142000000000000000e+03,5.819091796875000000e+01,5.312500000000008882e-02,1.533999999999999986e+01,-2.679687500000049738e-02
8.142100000000000364e+03,5.787963867187500000e+01,3.062500000000012434e-02,1.551999999999999957e+01,4.374999999999573674e-03
8.142199999999999818e+03,5.804443359375000000e+01,2.562499999999978684e-02,1.560999999999999943e+01,-6.781250000000049738e-02
8.142300000000000182e+03,5.760498046875000000e+01,5.562500000000003553e-02,1.557000000000000028e+01,-6.453125000000081712e-02
8.142399999999999636e+03,5.802612304687500000e+01,3.562500000000001776e-02,1.567999999999999972e+01,-2.679687500000049738e-02
8.142500000000000000e+03,5.722045898437500000e+01,3.562500000000001776e-02,1.558000000000000007e+01,-5.578125000000078160e-02
8.142600000000000364e+03,5.714721679687500000e+01,6.062499999999992895e-02,1.550000000000000000e+01,-4.867187500000103029e-02
8.142699999999999818e+03,5.731201171875000000e+01,1.812499999999994671e-02,1.558000000000000007e+01,-3.335937500000074607e-02
8.142800000000000182e+03,5.690917968750000000e+01,5.624999999999769074e-03,1.550999999999999979e+01,-7.109375000000106581e-02
8.142899999999999636e+03,5.681762695312500000e+01,5.062500000000014211e-02,1.545999999999999908e+01,3.171874999999957367e-02
8.143000000000000000e+03,5.652465820312500000e+01,4.312499999999985789e-02,1.524750000000000050e+01,-1.750000000000095923e-02
8.143100000000000364e+03,5.645141601562500000e+01,2.812499999999973355e-02,1.545999999999999908e+01,-5.632812500000028422e-02
8.143199999999999818e+03,5.665283203125000000e+01,5.562500000000003553e-02,1.557000000000000028e+01,-3.609375000000092371e-02
8.143300000000000182e+03,5.619506835937500000e+01,2.812499999999973355e-02,1.542999999999999972e+01,-5.742187500000106581e-02
8.143399999999999636e+03,5.601196289062500000e+01,1.562500000000000000e-02,1.541000000000000014e+01,3.828124999999182876e-03
8.143500000000000000e+03,5.584716796875000000e+01,2.312499999999984013e-02,1.567999999999999972e+01,-5.578125000000078160e-02
8.143600000000000364e+03,5.584716796875000000e+01,4.812499999999975131e-02,1.558000000000000007e+01,-4.320312500000067502e-02
8.143699999999999818e+03,5.603027343750000000e+01,4.562499999999980460e-02,1.534750000000000014e+01,-1.750000000000095923e-02
8.143800000000000182e+03,5.509643554687500000e+01,4.312499999999985789e-02,1.539000000000000057e+01,4.210937499999900524e-02
8.143899999999999636e+03,5.537109375000000000e+01,2.312499999999984013e-02,1.554749999999999943e+01,2.570312499999971578e-02
8.144000000000000000e+03,5.526123046875000000e+01,1.312500000000005329e-02,1.542999999999999972e+01,-6.015625000000746070e-03
8.144100000000000364e+03,5.526123046875000000e+01,6.312499999999987566e-02,1.553999999999999915e+01,-4.593750000000085265e-02
8.144199999999999818e+03,5.522460937500000000e+01,6.562499999999982236e-02,1.572000000000000064e+01,-2.679687500000049738e-02
8.144300000000000182e+03,5.443725585937500000e+01,4.312499999999985789e-02,1.544999999999999929e+01,-2.898437500000028422e-02
8.144399999999999636e+03,5.482177734375000000e+01,4.562499999999980460e-02,1.537999999999999901e+01,-7.710937500000092371e-02
8.144500000000000000e+03,5.467529296875000000e+01,7.312500000000010658e-02,1.565000000000000036e+01,-5.687500000000067502e-02
8.144600000000000364e+03,5.463867187500000000e+01,3.062500000000012434e-02,1.535999999999999943e+01,-9.679687500000078160e-02
8.144699999999999818e+03,5.427246093750000000e+01,5.312500000000008882e-02,1.549000000000000021e+01,-2.460937500000071054e-02
8.144800000000000182e+03,5.381469726562500000e+01,7.562500000000005329e-02,1.552999999999999936e+01,-1.640625000000106581e-02
8.144899999999999636e+03,5.419921875000000000e+01,6.562499999999982236e-02,1.535999999999999943e+01,-3.992187500000099476e-02
8.145000000000000000e+03,5.405273437500000000e+01,5.812499999999998224e-02,1.545999999999999908e+01,-7.656250000000053291e-02
8.145100000000000364e+03,5.368652343750000000e+01,6.312499999999987566e-02,1.537999999999999901e+01,-7.710937500000092371e-02
8.145199999999999818e+03,5.364990234375000000e+01,3.812499999999996447e-02,1.543999999999999950e+01,-6.726562500000099476e-02
8.145300000000000182e+03,5.322875976562500000e+01,3.812499999999996447e-02,1.541750000000000043e+01,-8.881784197001252323e-16
8.145399999999999636e+03,5.359497070312500000e+01,5.312500000000008882e-02,1.541999999999999993e+01,-9.843750000000817124e-03
8.145500000000000000e+03,5.344848632812500000e+01,1.812499999999994671e-02,1.541000000000000014e+01,-7.546875000000063949e-02
8.145600000000000364e+03,5.286254882812500000e+01,6.312499999999987566e-02,1.539749999999999908e+01,-3.554687500000053291e-02
8.145699999999999818e+03,5.304565429687500000e+01,3.312500000000007105e-02,1.539000000000000057e+01,-1.421875000000039080e-02
8.145800000000000182e+03,5.264282226562500000e+01,6.812499999999976907e-02,1.539000000000000057e+01,-5.468750000000355271e-03
8.145899999999999636e+03,5.297241210937500000e+01,4.312499999999985789e-02,1.544999999999999929e+01,-2.078125000000063949e-02
8.146000000000000000e+03,5.240478515625000000e+01,3.312500000000007105e-02,1.529999999999999893e+01,-2.460937500000071054e-02
8.146100000000000364e+03,5.222167968750000000e+01,6.312499999999987566e-02,1.533999999999999986e+01,-3.500000000000103029e-02
8.146199999999999818e+03,5.242309570312500000e+01,4.562499999999980460e-02,1.537999999999999901e+01,-5.851562500000095923e-02
8.146300000000000182e+03,5.203857421875000000e+01,5.312500000000008882e-02,1.562999999999999901e+01,-2.570312500000060396e-02
8.146399999999999636e+03,5.236816406250000000e+01,6.812499999999976907e-02,1.539000000000000057e+01,1.367187499999911182e-02
8.146500000000000000e+03,5.229492187500000000e+01,2.062499999999989342e-02,1.576999999999999957e+01,-3.828125000000959233e-03
8.146600000000000364e+03,5.222167968750000000e+01,3.812499999999996447e-02,1.566999999999999993e+01,-3.992187500000099476e-02
8.146699999999999818e+03,5.238647460937500000e+01,5.312500000000008882e-02,1.575000000000000000e+01,-4.757812500000024869e-02
8.146800000000000182e+03,5.202026367187500000e+01,2.812499999999973355e-02,1.554999999999999893e+01,9.843749999999040767e-03
8.146899999999999636e+03,5.236816406250000000e+01,5.312500000000008882e-02,1.560999999999999943e+01,-1.804687500000046185e-02
8.147000000000000000e+03,5.225830078125000000e+01,5.062500000000014211e-02,1.536999999999999922e+01,-2.187500000000675016e-03
8.147100000000000364e+03,5.222167968750000000e+01,2.947499999999999787e+00,1.558999999999999986e+01,1.544703125000000021e+01
8.147199999999999818e+03,5.238647460937500000e+01,2.967499999999999805e+00,1.569999999999999929e+01,1.550500000000000078e+01
8.147300000000000182e+03,5.222167968750000000e+01,2.917499999999999982e+00,1.554999999999999893e+01,1.544976562500000128e+01
8.147399999999999636e+03,5.275268554687500000e+01,3.002499999999999947e+00,1.562999999999999901e+01,1.543500000000000050e+01
8.147500000000000000e+03,5.267944335937500000e+01,2.995000000000000107e+00,1.540000000000000036e+01,1.545578125000000114e+01
8.147600000000000364e+03,5.264282226562500000e+01,3.004999999999999893e+00,1.553999999999999915e+01,1.549187500000000028e+01
8.147699999999999818e+03,5.280761718750000000e+01,2.967499999999999805e+00,1.556000000000000050e+01,1.546125000000000149e+01
8.147800000000000182e+03,5.418090820312500000e+01,3.029999999999999805e+00,1.552999999999999936e+01,1.545414062500000085e+01
8.147899999999999636e+03,5.474853515625000000e+01,3.024999999999999911e+00,1.534999999999999964e+01,1.547929687500000107e+01
8.148000000000000000e+03,5.454711914062500000e+01,3.022499999999999964e+00,1.552999999999999936e+01,1.548476562500000142e+01
8.148100000000000364e+03,5.452880859375000000e+01,3.049999999999999822e+00,1.561999999999999922e+01,1.546617187500000057e+01
8.148199999999999818e+03,5.692749023437500000e+01,3.032500000000000195e+00,1.561999999999999922e+01,1.549843750000000142e+01
8.148300000000000182e+03,5.734863281250000000e+01,3.064999999999999947e+00,1.524000000000000021e+01,1.551703125000000050e+01
8.148399999999999636e+03,5.782470703125000000e+01,3.104999999999999982e+00,1.570999999999999908e+01,1.547929687500000107e+01
8.148500000000000000e+03,5.764160156250000000e+01,3.194999999999999840e+00,1.535999999999999943e+01,1.545578125000000114e+01
8.148600000000000364e+03,5.806274414062500000e+01,3.072499999999999787e+00,1.526999999999999957e+01,1.548421875000000014e+01
8.148699999999999818e+03,6.181640625000000000e+01,3.075000000000000178e+00,1.534999999999999964e+01,1.547710937500000128e+01
8.148800000000000182e+03,6.148681640625000000e+01,3.104999999999999982e+00,1.537999999999999901e+01,1.545359375000000135e+01
8.148899999999999636e+03,6.188964843750000000e+01,3.140000000000000124e+00,1.566999999999999993e+01,1.548531250000000092e+01
8.149000000000000000e+03,6.177978515625000000e+01,3.160000000000000142e+00,1.554749999999999943e+01,1.540820312500000000e+01
8.149100000000000364e+03,6.518554687500000000e+01,3.107499999999999929e+00,1.554999999999999893e+01,1.544484375000000043e+01
8.149199999999999818e+03,6.600952148437500000e+01,3.120000000000000107e+00,1.549000000000000021e+01,1.548039062500000007e+01
8.149300000000000182e+03,6.557006835937500000e+01,3.125000000000000000e+00,1.533999999999999986e+01,1.543007812500000142e+01
8.149399999999999636e+03,6.606445312500000000e+01,3.152499999999999858e+00,1.542999999999999972e+01,1.543609375000000128e+01
8.149500000000000000e+03,6.721801757812500000e+01,3.145000000000000018e+00,1.584500000000000064e+01,1.545468750000000036e+01
8.149600000000000364e+03,6.932373046875000000e+01,3.147499999999999964e+00,1.566000000000000014e+01,1.546289062500000000e+01
8.149699999999999818e+03,6.954345703125000000e+01,3.132499999999999840e+00,1.543999999999999950e+01,1.542296875000000078e+01
8.149800000000000182e+03,6.908569335937500000e+01,3.177500000000000213e+00,1.543999999999999950e+01,1.547492187500000149e+01
8.149899999999999636e+03,6.959838867187500000e+01,3.209999999999999964e+00,1.531000000000000050e+01,1.546671875000000007e+01
8.150000000000000000e+03,7.208862304687500000e+01,3.185000000000000053e+00,1.547749999999999915e+01,1.546015625000000071e+01
8.150100000000000364e+03,7.238159179687500000e+01,3.229999999999999982e+00,1.547000000000000064e+01,1.541093750000000107e+01
8.150199999999999818e+03,7.254638671875000000e+01,3.252499999999999947e+00,1.550000000000000000e+01,1.547875000000000156e+01
8.150300000000000182e+03,7.207031250000000000e+01,3.200000000000000178e+00,1.548000000000000043e+01,1.542898437500000064e+01
8.150399999999999636e+03,7.441406250000000000e+01,3.220000000000000195e+00,1.536999999999999922e+01,1.542734375000000036e+01
8.150500000000000000e+03,7.500000000000000000e+01,3.229999999999999982e+00,1.539000000000000057e+01,1.545578125000000114e+01
8.150600000000000364e+03,7.507324218750000000e+01,3.242500000000000160e+00,1.564000000000000057e+01,1.544210937500000114e+01
8.150699999999999818e+03,7.523803710937500000e+01,3.265000000000000124e+00,1.558999999999999986e+01,1.548039062500000007e+01
8.150800000000000182e+03,7.489013671875000000e+01,3.247500000000000053e+00,1.540000000000000036e+01,1.548203125000000036e+01
8.150899999999999636e+03,7.767333984375000000e+01,3.240000000000000213e+00,1.569999999999999929e+01,1.548804687500000021e+01
8.151000000000000000e+03,7.749023437500000000e+01,3.254999999999999893e+00,1.537999999999999901e+01,1.542898437500000064e+01
8.151100000000000364e+03,7.760009765625000000e+01,3.250000000000000000e+00,1.540000000000000036e+01,1.549296875000000107e+01
8.151199999999999818e+03,7.778320312500000000e+01,3.287500000000000089e+00,1.553999999999999915e+01,1.546835937500000036e+01
8.151300000000000182e+03,7.921142578125000000e+01,3.305000000000000160e+00,1.544999999999999929e+01,1.553945312500000142e+01
8.151399999999999636e+03,8.009033203125000000e+01,3.307500000000000107e+00,1.545999999999999908e+01,1.545851562500000043e+01
8.151500000000000000e+03,7.981567382812500000e+01,3.285000000000000142e+00,1.541000000000000014e+01,1.543882812500000057e+01
8.151600000000000364e+03,7.988891601562500000e+01,3.290000000000000036e+00,1.566750000000000043e+01,1.551703125000000050e+01
8.151699999999999818e+03,8.096923828125000000e+01,3.280000000000000249e+00,1.529999999999999893e+01,1.549789062500000014e+01
8.151800000000000182e+03,8.175659179687500000e+01,3.314999999999999947e+00,1.541999999999999993e+01,1.545195312500000107e+01
8.151899999999999636e+03,8.232421875000000000e+01,3.332500000000000018e+00,1.535999999999999943e+01,1.548640624999999993e+01
8.152000000000000000e+03,8.201293945312500000e+01,3.347500000000000142e+00,1.525999999999999979e+01,1.545414062500000085e+01
8.152100000000000364e+03,8.215942382812500000e+01,3.345000000000000195e+00,1.539000000000000057e+01,1.541257812500000135e+01
8.152199999999999818e+03,8.413696289062500000e+01,3.312500000000000000e+00,1.559999999999999964e+01,1.548914062500000099e+01
8.152300000000000182e+03,8.375244140625000000e+01,3.339999999999999858e+00,1.541999999999999993e+01,1.542679687500000085e+01
8.152399999999999636e+03,8.430175781250000000e+01,3.325000000000000178e+00,1.529999999999999893e+01,1.543554687500000000e+01
8.152500000000000000e+03,8.402709960937500000e+01,3.377499999999999947e+00,1.545999999999999908e+01,1.544046875000000085e+01
8.152600000000000364e+03,8.551025390625000000e+01,3.350000000000000089e+00,1.550000000000000000e+01,1.546835937500000036e+01
8.152699999999999818e+03,8.629760742187500000e+01,3.365000000000000213e+00,1.542999999999999972e+01,1.549679687500000114e+01
8.152800000000000182e+03,8.578491210937500000e+01,3.367500000000000160e+00,1.529999999999999893e+01,1.550062500000000121e+01
8.152899999999999636e+03,8.629760742187500000e+01,3.345000000000000195e+00,1.554999999999999893e+01,1.546234375000000050e+01
8.153000000000000000e+03,8.609619140625000000e+01,3.405000000000000249e+00,1.550999999999999979e+01,1.545906249999999993e+01
8.153100000000000364e+03,8.798217773437500000e+01,3.407500000000000195e+00,1.525999999999999979e+01,1.543992187500000135e+01
8.153199999999999818e+03,8.820190429687500000e+01,3.405000000000000249e+00,1.561999999999999922e+01,1.548476562500000142e+01
8.153300000000000182e+03,8.767089843750000000e+01,3.370000000000000107e+00,1.544749999999999979e+01,1.549789062500000014e+01
8.153399999999999636e+03,8.822021484375000000e+01,3.437500000000000000e+00,1.532000000000000028e+01,1.548421875000000014e+01
8.153500000000000000e+03,8.944702148437500000e+01,3.412500000000000089e+00,1.557000000000000028e+01,1.550882812500000085e+01
8.153600000000000364e+03,8.992309570312500000e+01,3.437500000000000000e+00,1.536999999999999922e+01,1.545085937500000028e+01
8.153699999999999818e+03,9.008789062500000000e+01,3.450000000000000178e+00,1.545999999999999908e+01,1.551921875000000028e+01
8.153800000000000182e+03,8.959350585937500000e+01,3.472500000000000142e+00,1.533999999999999986e+01,1.546343750000000128e+01
8.153899999999999636e+03,9.089355468750000000e+01,3.459999999999999964e+00,1.543999999999999950e+01,1.550117187500000071e+01
8.154000000000000000e+03,9.151611328125000000e+01,3.462499999999999911e+00,1.548000000000000043e+01,1.542515625000000057e+01
8.154100000000000364e+03,9.173583984375000000e+01,3.482499999999999929e+00,1.554999999999999893e+01,1.544867187500000050e+01
8.154199999999999818e+03,9.190063476562500000e+01,3.479999999999999982e+00,1.542999999999999972e+01,1.544921875000000000e+01
8.154300000000000182e+03,9.133300781250000000e+01,3.500000000000000000e+00,1.539000000000000057e+01,1.545578125000000114e+01
8.154399999999999636e+03,9.362182617187500000e+01,3.457500000000000018e+00,1.575999999999999979e+01,1.547000000000000064e+01
8.154500000000000000e+03,9.334716796875000000e+01,3.504999999999999893e+00,1.557000000000000028e+01,1.548695312500000121e+01
8.154600000000000364e+03,9.356689453125000000e+01,3.530000000000000249e+00,1.565000000000000036e+01,1.540710937500000099e+01
8.154699999999999818e+03,9.367675781250000000e+01,3.524999999999999911e+00,1.566999999999999993e+01,1.541968750000000021e+01
8.154800000000000182e+03,9.444580078125000000e+01,3.502499999999999947e+00,1.556000000000000050e+01,1.550992187500000163e+01
8.154899999999999636e+03,9.554443359375000000e+01,3.507500000000000284e+00,1.565000000000000036e+01,1.547601562500000050e+01
8.155000000000000000e+03,9.517822265625000000e+01,3.542499999999999982e+00,1.551999999999999957e+01,1.547109375000000142e+01
8.155100000000000364e+03,9.534301757812500000e+01,3.527499999999999858e+00,1.549000000000000021e+01,1.546125000000000149e+01
8.155199999999999818e+03,9.563598632812500000e+01,3.580000000000000071e+00,1.559999999999999964e+01,1.543117187500000043e+01
8.155300000000000182e+03,9.662475585937500000e+01,3.567499999999999893e+00,1.561999999999999922e+01,1.543117187500000043e+01
8.155399999999999636e+03,9.724731445312500000e+01,3.564999999999999947e+00,1.547000000000000064e+01,1.548968750000000050e+01
8.155500000000000000e+03,9.686279296875000000e+01,3.577500000000000124e+00,1.519749999999999979e+01,1.546343750000000128e+01
8.155600000000000364e+03,9.708251953125000000e+01,3.572499999999999787e+00,1.553999999999999915e+01,1.543062500000000092e+01
8.155699999999999818e+03,9.867553710937500000e+01,3.562500000000000000e+00,1.539000000000000057e+01,1.547382812500000071e+01
8.155800000000000182e+03,9.840087890625000000e+01,3.604999999999999982e+00,1.547000000000000064e+01,1.545304687500000007e+01
8.155899999999999636e+03,9.898681640625000000e+01,3.587499999999999911e+00,1.548000000000000043e+01,1.546617187500000057e+01
8.156000000000000000e+03,9.856567382812500000e+01,3.597500000000000142e+00,1.551999999999999957e+01,1.543828125000000107e+01
8.156100000000000364e+03,9.955444335937500000e+01,3.600000000000000089e+00,1.553999999999999915e+01,1.543773437500000156e+01
8.156199999999999818e+03,1.005981445312500000e+02,3.640000000000000124e+00,1.558000000000000007e+01,1.548367187500000064e+01
8.156300000000000182e+03,1.001037597656250000e+02,3.667499999999999982e+00,1.531000000000000050e+01,1.544976562500000128e+01
8.156399999999999636e+03,1.006896972656250000e+02,3.640000000000000124e+00,1.552999999999999936e+01,1.548914062500000099e+01
8.156500000000000000e+03,1.002319335937500000e+02,3.655000000000000249e+00,1.529999999999999893e+01,1.549078125000000128e+01
8.156600000000000364e+03,1.020629882812500000e+02,3.667499999999999982e+00,1.532000000000000028e+01,1.545687500000000014e+01
8.156699999999999818e+03,1.022644042968750000e+02,3.672499999999999876e+00,1.547000000000000064e+01,1.541421875000000163e+01
8.156800000000000182e+03,1.018066406250000000e+02,3.665000000000000036e+00,1.574000000000000021e+01,1.547218750000000043e+01
8.156899999999999636e+03,1.023559570312500000e+02,3.707500000000000018e+00,1.551750000000000007e+01,1.548093750000000135e+01
8.157000000000000000e+03,1.030700683593750000e+02,3.674999999999999822e+00,1.557000000000000028e+01,1.547656250000000000e+01
8.157100000000000364e+03,1.038757324218750000e+02,3.719999999999999751e+00,1.554999999999999893e+01,1.550390625000000000e+01
8.157199999999999818e+03,1.040039062500000000e+02,3.745000000000000107e+00,1.523000000000000043e+01,1.547984375000000057e+01
8.157300000000000182e+03,1.035095214843750000e+02,3.767500000000000071e+00,1.570999999999999908e+01,1.548531250000000092e+01
8.157399999999999636e+03,1.042602539062500000e+02,3.734999999999999876e+00,1.550999999999999979e+01,1.547984375000000057e+01
8.157500000000000000e+03,1.052124023437500000e+02,3.767500000000000071e+00,1.556749999999999901e+01,1.546453125000000028e+01
8.157600000000000364e+03,1.055419921875000000e+02,3.782499999999999751e+00,1.553999999999999915e+01,1.548531250000000092e+01
8.157699999999999818e+03,1.057250976562500000e+02,3.772499999999999964e+00,1.520999999999999908e+01,1.551429687500000121e+01
8.157800000000000182e+03,1.052307128906250000e+02,3.754999999999999893e+00,1.539000000000000057e+01,1.549187500000000028e+01
8.157899999999999636e+03,1.072631835937500000e+02,3.757500000000000284e+00,1.534999999999999964e+01,1.550171875000000021e+01
8.158000000000000000e+03,1.069702148437500000e+02,3.790000000000000036e+00,1.537999999999999901e+01,1.549187500000000028e+01
8.158100000000000364e+03,1.072814941406250000e+02,3.794999999999999929e+00,1.533000000000000007e+01,1.547820312500000028e+01
8.158199999999999818e+03,1.074279785156250000e+02,3.807500000000000107e+00,1.575000000000000000e+01,1.553781250000000114e+01
8.158300000000000182e+03,1.078125000000000000e+02,3.842500000000000249e+00,1.544999999999999929e+01,1.543882812500000057e+01
8.158399999999999636e+03,1.091857910156250000e+02,3.839999999999999858e+00,1.561999999999999922e+01,1.547546875000000099e+01
8.158500000000000000e+03,1.087280273437500000e+02,3.839999999999999858e+00,1.520999999999999908e+01,1.547820312500000028e+01
8.158600000000000364e+03,1.090393066406250000e+02,3.877499999999999947e+00,1.558999999999999986e+01,1.544539062499999993e+01
8.158699999999999818e+03,1.091125488281250000e+02,3.857499999999999929e+00,1.550000000000000000e+01,1.547218750000000043e+01
8.158800000000000182e+03,1.102111816406250000e+02,3.884999999999999787e+00,1.529999999999999893e+01,1.548640624999999993e+01
8.158899999999999636e+03,1.109436035156250000e+02,3.877499999999999947e+00,1.550999999999999979e+01,1.547601562500000050e+01
8.159000000000000000e+03,1.104125976562500000e+02,3.937500000000000000e+00,1.553999999999999915e+01,1.549023437500000000e+01
8.159100000000000364e+03,1.106872558593750000e+02,3.935000000000000053e+00,1.549000000000000021e+01,1.547000000000000064e+01
8.159199999999999818e+03,1.120971679687500000e+02,3.937500000000000000e+00,1.542999999999999972e+01,1.547382812500000071e+01
8.159300000000000182e+03,1.119873046875000000e+02,3.995000000000000107e+00,1.533999999999999986e+01,1.550718750000000057e+01
8.159399999999999636e+03,1.126098632812500000e+02,3.972500000000000142e+00,1.547000000000000064e+01,1.546234375000000050e+01
8.159500000000000000e+03,1.120971679687500000e+02,3.802500000000000213e+00,1.540000000000000036e+01,1.539781250000000057e+01
8.159600000000000364e+03,1.128845214843750000e+02,4.022499999999999964e+00,1.559999999999999964e+01,1.553343750000000156e+01
8.159699999999999818e+03,1.141662597656250000e+02,4.054999999999999716e+00,1.541999999999999993e+01,1.551210937500000142e+01
8.159800000000000182e+03,1.137451171875000000e+02,4.049999999999999822e+00,1.552749999999999986e+01,1.550117187500000071e+01
8.159899999999999636e+03,1.143493652343750000e+02,4.062500000000000000e+00,1.562999999999999901e+01,1.549570312500000036e+01
8.160000000000000000e+03,1.138000488281250000e+02,4.057500000000000107e+00,1.526999999999999957e+01,1.544046875000000085e+01
8.160100000000000364e+03,1.157958984375000000e+02,4.132500000000000284e+00,1.547000000000000064e+01,1.546562500000000107e+01
8.160199999999999818e+03,1.160888671875000000e+02,4.092500000000000249e+00,1.531000000000000050e+01,1.553617187500000085e+01
8.160300000000000182e+03,1.156127929687500000e+02,4.155000000000000249e+00,1.545999999999999908e+01,1.547164062500000092e+01
8.160399999999999636e+03,1.162353515625000000e+02,4.140000000000000568e+00,1.534999999999999964e+01,1.548585937500000043e+01
8.160500000000000000e+03,1.167297363281250000e+02,4.155000000000000249e+00,1.552999999999999936e+01,1.548093750000000135e+01
8.160600000000000364e+03,1.177917480468750000e+02,4.192499999999999893e+00,1.548000000000000043e+01,1.543937500000000007e+01
8.160699999999999818e+03,1.179016113281250000e+02,4.189999999999999503e+00,1.550999999999999979e+01,1.547546875000000099e+01
8.160800000000000182e+03,1.174255371093750000e+02,4.185000000000000497e+00,1.579250000000000043e+01,1.547054687500000014e+01
8.160899999999999636e+03,1.180480957031250000e+02,4.217500000000000249e+00,1.559999999999999964e+01,1.545468750000000036e+01
8.161000000000000000e+03,1.192932128906250000e+02,4.237499999999999822e+00,1.556000000000000050e+01,1.543117187500000043e+01
8.161100000000000364e+03,1.197326660156250000e+02,4.282499999999999751e+00,1.549000000000000021e+01,1.547218750000000043e+01
8.161199999999999818e+03,1.197875976562500000e+02,4.294999999999999929e+00,1.539000000000000057e+01,1.543062500000000092e+01
8.161300000000000182e+03,1.193298339843750000e+02,4.286249999999999893e+00,1.533999999999999986e+01,1.551320312500000043e+01
8.161399999999999636e+03,1.215270996093750000e+02,4.314375000000000071e+00,1.561999999999999922e+01,1.542023437500000149e+01
8.161500000000000000e+03,1.212890625000000000e+02,4.339999999999999858e+00,1.533000000000000007e+01,1.547437500000000021e+01
8.161600000000000364e+03,1.217102050781250000e+02,4.372500000000000497e+00,1.553999999999999915e+01,1.549078125000000128e+01
8.161699999999999818e+03,1.217102050781250000e+02,4.316874999999999574e+00,1.536999999999999922e+01,1.551539062500000021e+01
8.161800000000000182e+03,1.216369628906250000e+02,4.432500000000000107e+00,1.545999999999999908e+01,1.547328125000000121e+01
8.161899999999999636e+03,1.227905273437500000e+02,4.419999999999999929e+00,1.565000000000000036e+01,1.544648437500000071e+01
8.162000000000000000e+03,1.222778320312500000e+02,4.447499999999999787e+00,1.542999999999999972e+01,1.541859375000000121e+01
8.162100000000000364e+03,1.226806640625000000e+02,4.439999999999999503e+00,1.553999999999999915e+01,1.548585937500000043e+01
8.162199999999999818e+03,1.226806640625000000e+02,4.452500000000000568e+00,1.533999999999999986e+01,1.546070312500000021e+01
8.162300000000000182e+03,1.223693847656250000e+02,1.312500000000005329e-02,1.531000000000000050e+01,-3.828125000000071054e-02
8.162399999999999636e+03,1.229370117187500000e+02,5.624999999999769074e-03,1.544999999999999929e+01,-2.570312500000060396e-02
8.162500000000000000e+03,1.223876953125000000e+02,1.062500000000010658e-02,1.522749999999999915e+01,-2.132812500000103029e-02
8.162600000000000364e+03,1.227722167968750000e+02,2.312499999999984013e-02,1.552999999999999936e+01,-8.750000000000923706e-03
8.162699999999999818e+03,1.228088378906250000e+02,4.312499999999985789e-02,1.535999999999999943e+01,-3.609375000000092371e-02
8.162800000000000182e+03,1.223876953125000000e+02,1.812499999999994671e-02,1.534999999999999964e+01,-2.078125000000063949e-02
8.162899999999999636e+03,1.229370117187500000e+02,6.312499999999987566e-02,1.536999999999999922e+01,2.624999999999921840e-02
8.163000000000000000e+03,1.223876953125000000e+02,3.124999999999822364e-03,1.539000000000000057e+01,-5.468750000003907985e-04
8.163100000000000364e+03,1.226440429687500000e+02,4.062499999999991118e-02,1.536999999999999922e+01,-5.468750000000355271e-03
8.163199999999999818e+03,1.218566894531250000e+02,4.562499999999980460e-02,1.545999999999999908e+01,-1.804687500000046185e-02
8.163300000000000182e+03,1.213439941406250000e+02,1.062500000000010658e-02,1.553999999999999915e+01,-9.296875000000426326e-03
8.163399999999999636e+03,1.219116210937500000e+02,3.124999999999822364e-03,1.523000000000000043e+01,-1.039062500000031974e-02
8.163500000000000000e+03,1.213806152343750000e+02,3.124999999999822364e-03,1.544999999999999929e+01,-3.828125000000959233e-03
8.163600000000000364e+03,1.196044921875000000e+02,5.312500000000008882e-02,1.538749999999999929e+01,-1.093750000000781597e-03
8.163699999999999818e+03,1.193298339843750000e+02,6.249999999998756550e-04,1.554999999999999893e+01,-6.726562500000099476e-02
8.163800000000000182e+03,1.188537597656250000e+02,5.312500000000008882e-02,1.535999999999999943e+01,-9.679687500000078160e-02
8.163899999999999636e+03,1.194946289062500000e+02,3.562500000000001776e-02,1.545999999999999908e+01,-9.843750000000817124e-03
8.164000000000000000e+03,1.171142578125000000e+02,2.312499999999984013e-02,1.557000000000000028e+01,-2.515625000000110134e-02
8.164100000000000364e+03,1.154479980468750000e+02,1.812499999999994671e-02,1.532000000000000028e+01,-5.031250000000042633e-02
8.164199999999999818e+03,1.154479980468750000e+02,1.062500000000010658e-02,1.531000000000000050e+01,-9.296875000000426326e-03
8.164300000000000182e+03,1.148986816406250000e+02,8.124999999999715783e-03,1.559999999999999964e+01,-1.585937500000067502e-02
8.164399999999999636e+03,1.155761718750000000e+02,4.812499999999975131e-02,1.548749999999999893e+01,6.015624999998969713e-03
8.164500000000000000e+03,1.111450195312500000e+02,3.812499999999996447e-02,1.532000000000000028e+01,-3.882812500000110134e-02
8.164600000000000364e+03,1.111450195312500000e+02,2.562499999999978684e-02,1.551999999999999957e+01,-7.546875000000063949e-02
8.164699999999999818e+03,1.111999511718750000e+02,5.812499999999998224e-02,1.531000000000000050e+01,-7.546875000000063949e-02
8.164800000000000182e+03,1.107971191406250000e+02,2.562499999999978684e-02,1.539000000000000057e+01,1.640624999999396039e-03
8.164899999999999636e+03,1.088562011718750000e+02,3.812499999999996447e-02,1.547000000000000064e+01,-3.226562500000085265e-02
8.165000000000000000e+03,1.074279785156250000e+02,9.187499999999992895e-02,1.547000000000000064e+01,-5.304687500000060396e-02
8.165100000000000364e+03,1.077209472656250000e+02,4.312499999999985789e-02,1.539749999999999908e+01,-1.203125000000060396e-02
8.165199999999999818e+03,1.078125000000000000e+02,5.562500000000003553e-02,1.536999999999999922e+01,5.468749999995026201e-04
8.165300000000000182e+03,1.069519042968750000e+02,4.062499999999991118e-02,1.541000000000000014e+01,2.734374999999911182e-02
8.165399999999999636e+03,1.051208496093750000e+02,6.312499999999987566e-02,1.532000000000000028e+01,-1.312500000000049738e-02
8.165500000000000000e+03,1.045532226562500000e+02,3.312500000000007105e-02,1.542999999999999972e+01,-1.695312500000056843e-02
8.165600000000000364e+03,1.047912597656250000e+02,4.062499999999991118e-02,1.542999999999999972e+01,-7.109375000000106581e-02
8.165699999999999818e+03,1.049377441406250000e+02,6.312499999999987566e-02,1.533999999999999986e+01,-5.085937500000081712e-02
8.165800000000000182e+03,1.022094726562500000e+02,7.312500000000010658e-02,1.525999999999999979e+01,-2.351562500000081712e-02
8.165899999999999636e+03,1.024291992187500000e+02,2.562499999999978684e-02,1.544999999999999929e+01,-6.179687500000063949e-02
8.166000000000000000e+03,1.019165039062500000e+02,3.812499999999996447e-02,1.544999999999999929e+01,-2.515625000000110134e-02
8.166100000000000364e+03,1.021911621093750000e+02,4.562499999999980460e-02,1.532000000000000028e+01,-8.881784197001252323e-16
8.166199999999999818e+03,1.012390136718750000e+02,4.562499999999980460e-02,1.556000000000000050e+01,-4.320312500000067502e-02
8.166300000000000182e+03,9.953613281250000000e+01,3.312500000000007105e-02,1.540000000000000036e+01,-5.195312500000071054e-02
8.166399999999999636e+03,1.001586914062500000e+02,8.124999999999715783e-03,1.550999999999999979e+01,8.203124999999644729e-03
8.166500000000000000e+03,9.962768554687500000e+01,3.062500000000012434e-02,1.548000000000000043e+01,-2.296875000000042633e-02
8.166600000000000364e+03,9.988403320312500000e+01,6.062499999999992895e-02,1.533000000000000007e+01,-1.421875000000039080e-02
8.166699999999999818e+03,9.810791015625000000e+01,5.062500000000014211e-02,1.543999999999999950e+01,-6.562500000000071054e-02
8.166800000000000182e+03,9.754028320312500000e+01,6.562499999999982236e-02,1.548000000000000043e+01,-4.484375000000095923e-02
8.166899999999999636e+03,9.807128906250000000e+01,6.312499999999987566e-02,1.575999999999999979e+01,-7.984375000000110134e-02
8.167000000000000000e+03,9.763183593750000000e+01,2.062499999999989342e-02,1.536999999999999922e+01,-4.375000000000461853e-03
8.167100000000000364e+03,9.645996093750000000e+01,2.312499999999984013e-02,1.553749999999999964e+01,-2.570312500000060396e-02
8.167199999999999818e+03,9.613037109375000000e+01,2.312499999999984013e-02,1.545999999999999908e+01,-5.140625000000031974e-02
8.167300000000000182e+03,9.558105468750000000e+01,3.062500000000012434e-02,1.552999999999999936e+01,-3.226562500000085265e-02
8.167399999999999636e+03,9.620361328125000000e+01,2.062499999999989342e-02,1.544999999999999929e+01,-7.000000000000028422e-02
8.167500000000000000e+03,9.550781250000000000e+01,5.562500000000003553e-02,1.541000000000000014e+01,-2.843750000000078160e-02
8.167600000000000364e+03,9.422607421875000000e+01,5.812499999999998224e-02,1.543999999999999950e+01,-7.710937500000092371e-02
8.167699999999999818e+03,9.431762695312500000e+01,4.312499999999985789e-02,1.551999999999999957e+01,-4.429687500000056843e-02
8.167800000000000182e+03,9.382324218750000000e+01,5.812499999999998224e-02,1.545999999999999908e+01,-5.031250000000042633e-02
8.167899999999999636e+03,9.437255859375000000e+01,4.812499999999975131e-02,1.553999999999999915e+01,-8.367187500000028422e-02
8.168000000000000000e+03,9.252319335937500000e+01,4.812499999999975131e-02,1.545749999999999957e+01,-7.164062500000056843e-02
8.168100000000000364e+03,9.250488281250000000e+01,5.312500000000008882e-02,1.543999999999999950e+01,-5.468750000000355271e-03
8.168199999999999818e+03,9.268798828125000000e+01,3.312500000000007105e-02,1.559999999999999964e+01,-2.078125000000063949e-02
8.168300000000000182e+03,9.212036132812500000e+01,1.812499999999994671e-02,1.542999999999999972e+01,-4.867187500000103029e-02
8.168399999999999636e+03,9.188232421875000000e+01,1.062500000000010658e-02,1.566999999999999993e+01,-4.429687500000056843e-02
8.168500000000000000e+03,9.082031250000000000e+01,4.312499999999985789e-02,1.525999999999999979e+01,-5.632812500000028422e-02
8.168600000000000364e+03,9.091186523437500000e+01,-9.062500000000017764e-02,1.536999999999999922e+01,-4.593750000000085265e-02
8.168699999999999818e+03,9.111328125000000000e+01,5.312500000000008882e-02,1.549000000000000021e+01,-5.851562500000095923e-02
8.168800000000000182e+03,9.058227539062500000e+01,4.562499999999980460e-02,1.543999999999999950e+01,-2.242187500000092371e-02
8.168899999999999636e+03,8.973999023437500000e+01,2.062499999999989342e-02,1.544999999999999929e+01,-1.968750000000074607e-02
8.169000000000000000e+03,8.926391601562500000e+01,3.312500000000007105e-02,1.533000000000000007e+01,-5.250000000000110134e-02
8.169100000000000364e+03,8.941040039062500000e+01,2.312499999999984013e-02,1.541000000000000014e+01,-3.828125000000959233e-03
8.169199999999999818e+03,8.961181640625000000e+01,3.124999999999822364e-03,1.535999999999999943e+01,-3.937500000000060396e-02
8.169300000000000182e+03,8.801879882812500000e+01,2.812499999999973355e-02,1.529999999999999893e+01,-3.117187500000095923e-02
8.169399999999999636e+03,8.818359375000000000e+01,4.562499999999980460e-02,1.535749999999999993e+01,-3.226562500000085265e-02
8.169500000000000000e+03,8.778076171875000000e+01,2.812499999999973355e-02,1.548000000000000043e+01,-2.625000000000099476e-02
8.169600000000000364e+03,8.796386718750000000e+01,2.062499999999989342e-02,1.554999999999999893e+01,-8.421875000000067502e-02
8.169699999999999818e+03,8.800048828125000000e+01,4.562499999999980460e-02,1.515000000000000036e+01,-5.140625000000031974e-02
8.169800000000000182e+03,8.626098632812500000e+01,4.562499999999980460e-02,1.541999999999999993e+01,-5.960937500000085265e-02
8.169899999999999636e+03,8.675537109375000000e+01,6.312499999999987566e-02,1.556000000000000050e+01,-4.046875000000049738e-02
8.170000000000000000e+03,8.638916015625000000e+01,2.062499999999989342e-02,1.525999999999999979e+01,-5.523437500000039080e-02
8.170100000000000364e+03,8.653564453125000000e+01,5.062500000000014211e-02,1.541000000000000014e+01,-2.898437500000028422e-02
8.170199999999999818e+03,8.560180664062500000e+01,4.312499999999985789e-02,1.533999999999999986e+01,-4.265625000000028422e-02
8.170300000000000182e+03,8.494262695312500000e+01,2.812499999999973355e-02,1.547000000000000064e+01,-5.359375000000099476e-02
8.170399999999999636e+03,8.543701171875000000e+01,1.562500000000000000e-02,1.539000000000000057e+01,-2.023437500000024869e-02
8.170500000000000000e+03,8.512573242187500000e+01,2.562499999999978684e-02,1.529999999999999893e+01,-3.226562500000085265e-02
8.170600000000000364e+03,8.461303710937500000e+01,6.812499999999976907e-02,1.542999999999999972e+01,3.281249999999680256e-03
8.170699999999999818e+03,8.402709960937500000e+01,4.562499999999980460e-02,1.528999999999999915e+01,3.609374999999914735e-02
8.170800000000000182e+03,8.347778320312500000e+01,5.062500000000014211e-02,1.541000000000000014e+01,-9.843750000000817124e-03
8.170899999999999636e+03,8.402709960937500000e+01,2.562499999999978684e-02,1.553999999999999915e+01,-2.023437500000024869e-02
8.171000000000000000e+03,8.369750976562500000e+01,5.562500000000003553e-02,1.516000000000000014e+01,-2.460937500000071054e-02
8.171100000000000364e+03,8.261718750000000000e+01,6.062499999999992895e-02,1.539000000000000057e+01,-1.968750000000074607e-02
8.171199999999999818e+03,8.269042968750000000e+01,1.562500000000000000e-02,1.539000000000000057e+01,-5.031250000000042633e-02
8.171300000000000182e+03,8.223266601562500000e+01,2.562499999999978684e-02,1.540000000000000036e+01,-2.460937500000071054e-02
8.171399999999999636e+03,8.270874023437500000e+01,4.312499999999985789e-02,1.559999999999999964e+01,-7.164062500000056843e-02
8.171500000000000000e+03,8.159179687500000000e+01,4.562499999999980460e-02,1.536749999999999972e+01,-1.804687500000046185e-02
8.171600000000000364e+03,8.133544921875000000e+01,2.812499999999973355e-02,1.553999999999999915e+01,-2.406250000000031974e-02
8.171699999999999818e+03,8.150024414062500000e+01,4.562499999999980460e-02,1.551999999999999957e+01,-3.445312500000063949e-02
8.171800000000000182e+03,8.100585937500000000e+01,1.312500000000005329e-02,1.541999999999999993e+01,-4.812500000000063949e-02
8.171899999999999636e+03,8.139038085937500000e+01,3.812499999999996447e-02,1.537999999999999901e+01,-4.375000000000461853e-03
8.172000000000000000e+03,7.998046875000000000e+01,3.562500000000001776e-02,1.533999999999999986e+01,-5.742187500000106581e-02
8.172100000000000364e+03,7.999877929687500000e+01,2.312499999999984013e-02,1.553999999999999915e+01,-7.218750000000095923e-02
8.172199999999999818e+03,8.018188476562500000e+01,6.062499999999992895e-02,1.542999999999999972e+01,-8.881784197001252323e-16
8.172300000000000182e+03,7.968750000000000000e+01,6.062499999999992895e-02,1.548000000000000043e+01,9.296874999999538147e-03
8.172399999999999636e+03,7.919311523437500000e+01,1.812499999999994671e-02,1.534999999999999964e+01,-6.617187500000110134e-02
8.172500000000000000e+03,7.875366210937500000e+01,5.312500000000008882e-02,1.545999999999999908e+01,-2.570312500000060396e-02
8.172600000000000364e+03,7.882690429687500000e+01,5.812499999999998224e-02,1.540000000000000036e+01,-4.976562500000092371e-02
8.172699999999999818e+03,7.897338867187500000e+01,5.562500000000003553e-02,1.544999999999999929e+01,-6.289062500000053291e-02
8.172800000000000182e+03,7.803955078125000000e+01,5.562500000000003553e-02,1.536999999999999922e+01,-3.554687500000053291e-02
8.172899999999999636e+03,7.785644531250000000e+01,5.624999999999769074e-03,1.560999999999999943e+01,-5.523437500000039080e-02
8.173000000000000000e+03,7.750854492187500000e+01,5.312500000000008882e-02,1.562749999999999950e+01,-6.562500000000248690e-03
8.173100000000000364e+03,7.760009765625000000e+01,3.062500000000012434e-02,1.529999999999999893e+01,-3.062500000000056843e-02
8.173199999999999818e+03,7.776489257812500000e+01,1.812499999999994671e-02,1.561999999999999922e+01,-1.531250000000028422e-02
8.173300000000000182e+03,7.630004882812500000e+01,7.312500000000010658e-02,1.565000000000000036e+01,-4.539062500000046185e-02
8.173399999999999636e+03,7.668457031250000000e+01,2.312499999999984013e-02,1.544999999999999929e+01,-3.664062500000042633e-02
8.173500000000000000e+03,7.644653320312500000e+01,2.312499999999984013e-02,1.553999999999999915e+01,1.257812499999921840e-02
8.173600000000000364e+03,7.648315429687500000e+01,5.062500000000014211e-02,1.525000000000000000e+01,-5.796875000000056843e-02
8.173699999999999818e+03,7.593383789062500000e+01,5.062500000000014211e-02,1.553999999999999915e+01,-7.109375000000639488e-03
8.173800000000000182e+03,7.510986328125000000e+01,3.562500000000001776e-02,1.536999999999999922e+01,-1.640625000000106581e-02
8.173899999999999636e+03,7.556762695312500000e+01,7.312500000000010658e-02,1.567999999999999972e+01,-5.468750000000088818e-02
8.174000000000000000e+03,7.532958984375000000e+01,4.062499999999991118e-02,1.533000000000000007e+01,-2.351562500000081712e-02
8.174100000000000364e+03,7.534790039062500000e+01,3.062500000000012434e-02,1.540000000000000036e+01,-5.085937500000081712e-02
8.174199999999999818e+03,7.452392578125000000e+01,2.312499999999984013e-02,1.544999999999999929e+01,-5.085937500000081712e-02
8.174300000000000182e+03,7.401123046875000000e+01,4.812499999999975131e-02,1.541000000000000014e+01,-2.078125000000063949e-02
8.174399999999999636e+03,7.448730468750000000e+01,3.312500000000007105e-02,1.550000000000000000e+01,-1.640625000000284217e-03
8.174500000000000000e+03,7.424926757812500000e+01,2.812499999999973355e-02,1.524000000000000021e+01,5.468749999995026201e-04
8.174600000000000364e+03,7.342529296875000000e+01,4.562499999999980460e-02,1.528999999999999915e+01,2.898437499999939604e-02
8.174699999999999818e+03,7.340698242187500000e+01,3.812499999999996447e-02,1.560999999999999943e+01,-7.765625000000042633e-02
8.174800000000000182e+03,7.289428710937500000e+01,6.062499999999992895e-02,1.549000000000000021e+01,-1.093750000000781597e-03
8.174899999999999636e+03,7.340698242187500000e+01,3.062500000000012434e-02,1.556000000000000050e+01,-3.718750000000081712e-02
8.175000000000000000e+03,7.282104492187500000e+01,5.562500000000003553e-02,1.552999999999999936e+01,-9.515625000000049738e-02
8.175100000000000364e+03,7.221679687500000000e+01,5.062500000000014211e-02,1.569999999999999929e+01,-4.210937500000078160e-02
8.175199999999999818e+03,7.238159179687500000e+01,6.812499999999976907e-02,1.545999999999999908e+01,-1.531250000000028422e-02
8.175300000000000182e+03,7.188720703125000000e+01,4.812499999999975131e-02,1.533999999999999986e+01,-4.265625000000028422e-02
8.175399999999999636e+03,7.238159179687500000e+01,2.562499999999978684e-02,1.555749999999999922e+01,-8.367187500000028422e-02
8.175500000000000000e+03,7.126464843750000000e+01,4.062499999999991118e-02,1.561749999999999972e+01,-3.828125000000071054e-02
8.175600000000000364e+03,7.120971679687500000e+01,4.812499999999975131e-02,1.547000000000000064e+01,-1.148437500000110134e-02
8.175699999999999818e+03,7.139282226562500000e+01,2.312499999999984013e-02,1.545999999999999908e+01,-2.406250000000031974e-02
8.175800000000000182e+03,7.089843750000000000e+01,5.562500000000003553e-02,1.554999999999999893e+01,-4.867187500000103029e-02
8.175899999999999636e+03,7.073364257812500000e+01,2.312499999999984013e-02,1.534999999999999964e+01,-4.156250000000039080e-02
8.176000000000000000e+03,7.014770507812500000e+01,3.062500000000012434e-02,1.531000000000000050e+01,-3.390625000000024869e-02
8.176100000000000364e+03,7.020263671875000000e+01,3.312500000000007105e-02,1.533000000000000007e+01,-2.296875000000042633e-02
8.176199999999999818e+03,7.036743164062500000e+01,1.812499999999994671e-02,1.559999999999999964e+01,-2.296875000000042633e-02
8.176300000000000182e+03,6.989135742187500000e+01,4.312499999999985789e-02,1.527999999999999936e+01,-6.289062500000053291e-02
8.176399999999999636e+03,6.945190429687500000e+01,3.312500000000007105e-02,1.532000000000000028e+01,-2.242187500000092371e-02
8.176500000000000000e+03,6.915893554687500000e+01,2.812499999999973355e-02,1.564000000000000057e+01,-4.265625000000028422e-02
8.176600000000000364e+03,6.917724609375000000e+01,5.062500000000014211e-02,1.543999999999999950e+01,-1.421875000000039080e-02
8.176699999999999818e+03,6.936035156250000000e+01,2.312499999999984013e-02,1.551750000000000007e+01,-7.109375000000639488e-03
8.176800000000000182e+03,6.820678710937500000e+01,3.312500000000007105e-02,1.548000000000000043e+01,-1.968750000000074607e-02
8.176899999999999636e+03,6.851806640625000000e+01,3.062500000000012434e-02,1.554999999999999893e+01,-7.328125000000085265e-02
8.177000000000000000e+03,6.824340820312500000e+01,4.062499999999991118e-02,1.552999999999999936e+01,-7.656250000000053291e-02
8.177100000000000364e+03,6.829833984375000000e+01,1.062500000000010658e-02,1.552999999999999936e+01,-5.687500000000067502e-02
8.177199999999999818e+03,6.826171875000000000e+01,4.562499999999980460e-02,1.541000000000000014e+01,-4.867187500000103029e-02
8.177300000000000182e+03,6.712646484375000000e+01,1.562500000000000000e-02,1.539000000000000057e+01,-2.132812500000103029e-02
8.177399999999999636e+03,6.756591796875000000e+01,3.562500000000001776e-02,1.550999999999999979e+01,-4.320312500000067502e-02
8.177500000000000000e+03,6.738281250000000000e+01,3.812499999999996447e-02,1.541999999999999993e+01,-1.203125000000060396e-02
8.177600000000000364e+03,6.740112304687500000e+01,3.562500000000001776e-02,1.561999999999999922e+01,-2.625000000000099476e-02
8.177699999999999818e+03,6.677856445312500000e+01,4.062499999999991118e-02,1.556000000000000050e+01,1.640624999999396039e-03
8.177800000000000182e+03,6.622924804687500000e+01,3.312500000000007105e-02,1.549000000000000021e+01,-1.093750000000071054e-02
8.177899999999999636e+03,6.665039062500000000e+01,1.562500000000000000e-02,1.545999999999999908e+01,7.109374999999751310e-03
8.178000000000000000e+03,6.646728515625000000e+01,1.812499999999994671e-02,1.547000000000000064e+01,2.734374999999911182e-02
8.178100000000000364e+03,6.600952148437500000e+01,3.062500000000012434e-02,1.561749999999999972e+01,1.093749999999893419e-02
8.178199999999999818e+03,6.577148437500000000e+01,5.562500000000003553e-02,1.550999999999999979e+01,-2.515625000000110134e-02
8.178300000000000182e+03,6.535034179687500000e+01,2.562499999999978684e-02,1.532000000000000028e+01,2.789062499999950262e-02
8.178399999999999636e+03,6.575317382812500000e+01,2.562499999999978684e-02,1.549000000000000021e+01,-4.375000000000461853e-03
8.178500000000000000e+03,6.555175781250000000e+01,3.312500000000007105e-02,1.542999999999999972e+01,-1.148437500000110134e-02
8.178600000000000364e+03,6.485595703125000000e+01,2.562499999999978684e-02,1.570999999999999908e+01,-4.484375000000095923e-02
8.178699999999999818e+03,6.494750976562500000e+01,5.562500000000003553e-02,1.577749999999999986e+01,-3.281250000000035527e-02
8.178800000000000182e+03,6.450805664062500000e+01,3.062500000000012434e-02,1.536999999999999922e+01,-7.328125000000085265e-02
8.178899999999999636e+03,6.496582031250000000e+01,4.812499999999975131e-02,1.550000000000000000e+01,-3.609375000000092371e-02
8.179000000000000000e+03,6.412353515625000000e+01,5.062500000000014211e-02,1.542999999999999972e+01,-4.593750000000085265e-02
8.179100000000000364e+03,6.388549804687500000e+01,4.312499999999985789e-02,1.534999999999999964e+01,-6.562500000000071054e-02
8.179199999999999818e+03,6.405029296875000000e+01,3.562500000000001776e-02,1.564000000000000057e+01,3.718749999999904077e-02
8.179300000000000182e+03,6.362915039062500000e+01,4.312499999999985789e-02,1.541000000000000014e+01,-3.554687500000053291e-02
8.179399999999999636e+03,6.399536132812500000e+01,3.312500000000007105e-02,1.554999999999999893e+01,-4.867187500000103029e-02
8.179500000000000000e+03,6.309814453125000000e+01,4.562499999999980460e-02,1.552999999999999936e+01,-1.148437500000110134e-02
8.179600000000000364e+03,6.307983398437500000e+01,1.562500000000000000e-02,1.562999999999999901e+01,-3.281250000000035527e-02
8.179699999999999818e+03,6.322631835937500000e+01,3.062500000000012434e-02,1.541000000000000014e+01,-8.968750000000103029e-02
8.179800000000000182e+03,6.278686523437500000e+01,2.562499999999978684e-02,1.536999999999999922e+01,-3.937500000000060396e-02
8.179899999999999636e+03,6.256713867187500000e+01,8.124999999999715783e-03,1.549000000000000021e+01,1.585937499999889866e-02
8.180000000000000000e+03,6.225585937500000000e+01,4.062499999999991118e-02,1.549000000000000021e+01,-5.796875000000056843e-02
8.180100000000000364e+03,6.227416992187500000e+01,6.562499999999982236e-02,1.549000000000000021e+01,-4.812500000000063949e-02
8.180199999999999818e+03,6.242065429687500000e+01,3.312500000000007105e-02,1.558999999999999986e+01,-3.171875000000046185e-02
8.180300000000000182e+03,6.176147460937500000e+01,3.812499999999996447e-02,1.541999999999999993e+01,-6.507812500000031974e-02
8.180399999999999636e+03,6.174316406250000000e+01,3.812499999999996447e-02,1.529999999999999893e+01,-3.117187500000095923e-02
8.180500000000000000e+03,6.156005859375000000e+01,4.312499999999985789e-02,1.558000000000000007e+01,-7.109375000000639488e-03
8.180600000000000364e+03,6.157836914062500000e+01,4.812499999999975131e-02,1.523000000000000043e+01,-6.945312500000078160e-02
8.180699999999999818e+03,6.170654296875000000e+01,2.562499999999978684e-02,1.553749999999999964e+01,-2.898437500000028422e-02
8.180800000000000182e+03,6.060791015625000000e+01,2.562499999999978684e-02,1.549000000000000021e+01,-3.390625000000024869e-02
8.180899999999999636e+03,6.093750000000000000e+01,2.312499999999984013e-02,1.531000000000000050e+01,-2.570312500000060396e-02
8.181000000000000000e+03,6.075439453125000000e+01,8.062499999999994671e-02,1.557000000000000028e+01,-7.109375000000106581e-02
8.181100000000000364e+03,6.075439453125000000e+01,2.812499999999973355e-02,1.553999999999999915e+01,-1.531250000000028422e-02
8.181199999999999818e+03,6.044311523437500000e+01,2.812499999999973355e-02,1.548000000000000043e+01,-2.679687500000049738e-02
8.181300000000000182e+03,5.982055664062500000e+01,2.812499999999973355e-02,1.544999999999999929e+01,-7.546875000000063949e-02
8.181399999999999636e+03,6.020507812500000000e+01,3.062500000000012434e-02,1.574000000000000021e+01,-1.695312500000056843e-02
8.181500000000000000e+03,6.004028320312500000e+01,1.312500000000005329e-02,1.552999999999999936e+01,-5.250000000000110134e-02
8.181600000000000364e+03,6.004028320312500000e+01,3.312500000000007105e-02,1.534999999999999964e+01,6.015624999998969713e-03
8.181699999999999818e+03,5.960083007812500000e+01,5.062500000000014211e-02,1.540000000000000036e+01,-1.859375000000085265e-02
8.181800000000000182e+03,5.910644531250000000e+01,7.062500000000015987e-02,1.531000000000000050e+01,-9.843750000000817124e-03
8.181899999999999636e+03,5.950927734375000000e+01,3.312500000000007105e-02,1.525999999999999979e+01,-4.757812500000024869e-02
8.182000000000000000e+03,5.938110351562500000e+01,3.812499999999996447e-02,1.559999999999999964e+01,-5.250000000000110134e-02
8.182100000000000364e+03,5.879516601562500000e+01,5.062500000000014211e-02,1.540000000000000036e+01,-2.679687500000049738e-02
8.182199999999999818e+03,5.885009765625000000e+01,6.562499999999982236e-02,1.559999999999999964e+01,-6.125000000000024869e-02
8.182300000000000182e+03,5.841064453125000000e+01,6.249999999998756550e-04,1.566000000000000014e+01,-5.031250000000042633e-02
8.182399999999999636e+03,5.886840820312500000e+01,5.062500000000014211e-02,1.539000000000000057e+01,-5.250000000000110134e-02
8.182500000000000000e+03,5.842895507812500000e+01,2.312499999999984013e-02,1.553999999999999915e+01,-3.281250000000035527e-02
8.182600000000000364e+03,5.797119140625000000e+01,3.812499999999996447e-02,1.558000000000000007e+01,-6.890625000000039080e-02
8.182699999999999818e+03,5.811767578125000000e+01,3.812499999999996447e-02,1.553999999999999915e+01,1.859374999999907629e-02
8.182800000000000182e+03,5.771484375000000000e+01,2.562499999999978684e-02,1.570999999999999908e+01,3.281249999999680256e-03
8.182899999999999636e+03,5.809936523437500000e+01,7.312500000000010658e-02,1.559999999999999964e+01,-3.226562500000085265e-02
8.183000000000000000e+03,5.736694335937500000e+01,2.312499999999984013e-02,1.552999999999999936e+01,-2.679687500000049738e-02
8.183100000000000364e+03,5.727539062500000000e+01,6.562499999999982236e-02,1.564000000000000057e+01,1.367187499999911182e-02
8.183199999999999818e+03,5.742187500000000000e+01,1.812499999999994671e-02,1.552999999999999936e+01,-2.625000000000099476e-02
8.183300000000000182e+03,5.700073242187500000e+01,5.312500000000008882e-02,1.541999999999999993e+01,-4.429687500000056843e-02
8.183399999999999636e+03,5.700073242187500000e+01,2.562499999999978684e-02,1.554999999999999893e+01,-2.023437500000024869e-02
8.183500000000000000e+03,5.661621093750000000e+01,5.812499999999998224e-02,1.557000000000000028e+01,-6.453125000000081712e-02
8.183600000000000364e+03,5.656127929687500000e+01,1.812499999999994671e-02,1.559999999999999964e+01,-6.125000000000024869e-02
8.183699999999999818e+03,5.672607421875000000e+01,3.312500000000007105e-02,1.550000000000000000e+01,-3.609375000000092371e-02
8.183800000000000182e+03,5.632324218750000000e+01,7.812500000000000000e-02,1.553999999999999915e+01,-1.914062500000035527e-02
8.183899999999999636e+03,5.614013671875000000e+01,7.062500000000015987e-02,1.543999999999999950e+01,6.507812499999943157e-02
8.184000000000000000e+03,5.595703125000000000e+01,1.812499999999994671e-02,1.572000000000000064e+01,-4.429687500000056843e-02
8.184100000000000364e+03,5.595703125000000000e+01,5.562500000000003553e-02,1.523000000000000043e+01,-4.539062500000046185e-02
8.184199999999999818e+03,5.610351562500000000e+01,3.812499999999996447e-02,1.562749999999999950e+01,-2.625000000000099476e-02
8.184300000000000182e+03,5.529785156250000000e+01,4.562499999999980460e-02,1.562999999999999901e+01,-3.554687500000053291e-02
8.184399999999999636e+03,5.551757812500000000e+01,6.312499999999987566e-02,1.558000000000000007e+01,-1.531250000000028422e-02
8.184500000000000000e+03,5.535278320312500000e+01,6.062499999999992895e-02,1.557000000000000028e+01,-4.046875000000049738e-02
8.184600000000000364e+03,5.535278320312500000e+01,3.062500000000012434e-02,1.551999999999999957e+01,-3.281250000000035527e-02
8.184699999999999818e+03,5.540771484375000000e+01,6.062499999999992895e-02,1.543999999999999950e+01,-3.390625000000024869e-02
8.184800000000000182e+03,5.452880859375000000e+01,2.312499999999984013e-02,1.552999999999999936e+01,-2.679687500000049738e-02
8.184899999999999636e+03,5.493164062500000000e+01,6.062499999999992895e-02,1.554999999999999893e+01,-4.703125000000074607e-02
8.185000000000000000e+03,5.474853515625000000e+01,4.312499999999985789e-02,1.565000000000000036e+01,-7.984375000000110134e-02
8.185100000000000364e+03,5.474853515625000000e+01,4.562499999999980460e-02,1.547000000000000064e+01,-6.070312500000074607e-02
8.185199999999999818e+03,5.440063476562500000e+01,-6.031249999999999112e-01,1.583499999999999908e+01,-1.421875000000039080e-02
8.185300000000000182e+03,5.394287109375000000e+01,4.312499999999985789e-02,1.564000000000000057e+01,-3.828125000000959233e-03
8.185399999999999636e+03,5.429077148437500000e+01,3.812499999999996447e-02,1.550750000000000028e+01,-4.375000000000461853e-03
8.185500000000000000e+03,5.416259765625000000e+01,4.562499999999980460e-02,1.543999999999999950e+01,-2.734375000001065814e-03
8.185600000000000364e+03,5.386962890625000000e+01,2.812499999999973355e-02,1.525999999999999979e+01,-2.625000000000099476e-02
8.185699999999999818e+03,5.372314453125000000e+01,4.562499999999980460e-02,1.553999999999999915e+01,2.460937499999893419e-02
8.185800000000000182e+03,5.333862304687500000e+01,1.312500000000005329e-02,1.557000000000000028e+01,-7.656250000001030287e-03
8.185899999999999636e+03,5.372314453125000000e+01,4.062499999999991118e-02,1.541000000000000014e+01,-9.296875000000071054e-02
8.186000000000000000e+03,5.355834960937500000e+01,3.562500000000001776e-02,1.550999999999999979e+01,-5.578125000000078160e-02
8.186100000000000364e+03,5.300903320312500000e+01,5.312500000000008882e-02,1.532000000000000028e+01,-7.492187500000024869e-02
8.186199999999999818e+03,5.310058593750000000e+01,4.812499999999975131e-02,1.535999999999999943e+01,-9.132812500000042633e-02
8.186300000000000182e+03,5.273437500000000000e+01,3.562500000000001776e-02,1.537999999999999901e+01,-3.390625000000024869e-02
8.186399999999999636e+03,5.308227539062500000e+01,3.062500000000012434e-02,1.558999999999999986e+01,-5.796875000000056843e-02
8.186500000000000000e+03,5.278930664062500000e+01,4.812499999999975131e-02,1.527999999999999936e+01,1.585937499999889866e-02
8.186600000000000364e+03,5.264282226562500000e+01,4.812499999999975131e-02,1.574000000000000021e+01,1.640624999999396039e-03
8.186699999999999818e+03,5.280761718750000000e+01,1.812499999999994671e-02,1.553999999999999915e+01,-3.828125000000071054e-02
8.186800000000000182e+03,5.242309570312500000e+01,4.562499999999980460e-02,1.558000000000000007e+01,-2.242187500000092371e-02
8.186899999999999636e+03,5.278930664062500000e+01,4.312499999999985789e-02,1.566000000000000014e+01,-4.429687500000056843e-02
8.187000000000000000e+03,5.264282226562500000e+01,1.812499999999994671e-02,1.533999999999999986e+01,-7.875000000000031974e-02
8.187100000000000364e+03,5.264282226562500000e+01,2.312499999999984013e-02,1.541999999999999993e+01,5.468749999995026201e-04
8.187199999999999818e+03,5.282592773437500000e+01,8.312499999999989342e-02,1.532000000000000028e+01,6.562499999999360512e-03
8.187300000000000182e+03,5.247802734375000000e+01,2.937500000000000000e+00,1.561999999999999922e+01,1.551976562500000156e+01
8.187399999999999636e+03,5.280761718750000000e+01,2.959999999999999964e+00,1.569999999999999929e+01,1.543609375000000128e+01
8.187500000000000000e+03,5.267944335937500000e+01,2.972500000000000142e+00,1.561749999999999972e+01,1.546562500000000107e+01
8.187600000000000364e+03,5.267944335937500000e+01,2.972500000000000142e+00,1.553999999999999915e+01,1.548531250000000092e+01
8.187699999999999818e+03,5.282592773437500000e+01,2.975000000000000089e+00,1.545749999999999957e+01,1.549789062500000014e+01
8.187800000000000182e+03,5.289916992187500000e+01,2.997500000000000053e+00,1.532000000000000028e+01,1.544921875000000000e+01
8.187899999999999636e+03,5.430908203125000000e+01,2.995000000000000107e+00,1.533999999999999986e+01,1.548257812500000163e+01
8.188000000000000000e+03,5.416259765625000000e+01,3.049999999999999822e+00,1.539000000000000057e+01,1.543335937500000021e+01
8.188100000000000364e+03,5.416259765625000000e+01,3.009999999999999787e+00,1.567999999999999972e+01,1.546835937500000036e+01
8.188199999999999818e+03,5.430908203125000000e+01,3.000000000000000000e+00,1.569999999999999929e+01,1.547929687500000107e+01
8.188300000000000182e+03,5.637817382812500000e+01,3.032500000000000195e+00,1.547000000000000064e+01,1.542296875000000078e+01
8.188399999999999636e+03,5.711059570312500000e+01,3.027499999999999858e+00,1.550000000000000000e+01,1.544484375000000043e+01
8.188500000000000000e+03,5.696411132812500000e+01,3.044999999999999929e+00,1.566999999999999993e+01,1.547875000000000156e+01
8.188600000000000364e+03,5.698242187500000000e+01,3.049999999999999822e+00,1.565000000000000036e+01,1.542242187500000128e+01
8.188699999999999818e+03,5.930786132812500000e+01,3.084999999999999964e+00,1.553749999999999964e+01,1.544921875000000000e+01
8.188800000000000182e+03,6.053466796875000000e+01,3.064999999999999947e+00,1.560999999999999943e+01,1.552632812500000092e+01
8.188899999999999636e+03,6.097412109375000000e+01,3.100000000000000089e+00,1.568999999999999950e+01,1.547328125000000121e+01
8.189000000000000000e+03,6.084594726562500000e+01,3.102500000000000036e+00,1.536999999999999922e+01,1.547164062500000092e+01
8.189100000000000364e+03,6.086425781250000000e+01,3.102500000000000036e+00,1.558999999999999986e+01,1.550828125000000135e+01
8.189199999999999818e+03,6.516723632812500000e+01,3.115000000000000213e+00,1.547000000000000064e+01,1.545250000000000057e+01
8.189300000000000182e+03,6.500244140625000000e+01,3.157500000000000195e+00,1.562999999999999901e+01,1.548750000000000071e+01
8.189399999999999636e+03,6.544189453125000000e+01,3.140000000000000124e+00,1.525000000000000000e+01,1.542843750000000114e+01
8.189500000000000000e+03,6.522216796875000000e+01,3.100000000000000089e+00,1.547749999999999915e+01,1.542789062500000163e+01
8.189600000000000364e+03,6.809692382812500000e+01,3.162500000000000089e+00,1.554999999999999893e+01,1.544210937500000114e+01
8.189699999999999818e+03,6.903076171875000000e+01,3.185000000000000053e+00,1.526999999999999957e+01,1.547546875000000099e+01
8.189800000000000182e+03,6.859130859375000000e+01,3.172499999999999876e+00,1.553999999999999915e+01,1.547109375000000142e+01
8.189899999999999636e+03,6.908569335937500000e+01,3.182500000000000107e+00,1.549000000000000021e+01,1.547765625000000078e+01
8.190000000000000000e+03,6.954345703125000000e+01,3.379999999999999893e+00,1.549000000000000021e+01,1.545031250000000078e+01
8.190100000000000364e+03,7.190551757812500000e+01,3.189999999999999947e+00,1.528999999999999915e+01,1.544757812500000149e+01
8.190199999999999818e+03,7.214355468750000000e+01,3.207500000000000018e+00,1.531000000000000050e+01,1.546453125000000028e+01
8.190300000000000182e+03,7.174072265625000000e+01,3.180000000000000160e+00,1.544999999999999929e+01,1.545523437500000163e+01
8.190399999999999636e+03,7.219848632812500000e+01,3.232499999999999929e+00,1.533999999999999986e+01,1.543882812500000057e+01
8.190500000000000000e+03,7.437744140625000000e+01,3.217499999999999805e+00,1.558000000000000007e+01,1.540875000000000128e+01
8.190600000000000364e+03,7.478027343750000000e+01,3.229999999999999982e+00,1.559999999999999964e+01,1.544976562500000128e+01
8.190699999999999818e+03,7.494506835937500000e+01,3.229999999999999982e+00,1.546749999999999936e+01,1.551429687500000121e+01
8.190800000000000182e+03,7.445068359375000000e+01,3.242500000000000160e+00,1.549000000000000021e+01,1.546453125000000028e+01
8.190899999999999636e+03,7.642822265625000000e+01,3.257499999999999840e+00,1.532000000000000028e+01,1.546453125000000028e+01
8.191000000000000000e+03,7.714233398437500000e+01,3.242500000000000160e+00,1.573000000000000043e+01,1.548585937500000043e+01
8.191100000000000364e+03,7.727050781250000000e+01,3.274999999999999911e+00,1.559999999999999964e+01,1.550554687500000028e+01
8.191199999999999818e+03,7.749023437500000000e+01,3.272499999999999964e+00,1.547000000000000064e+01,1.547656250000000000e+01
8.191300000000000182e+03,7.695922851562500000e+01,3.257499999999999840e+00,1.533000000000000007e+01,1.545140625000000156e+01
8.191399999999999636e+03,7.965087890625000000e+01,3.294999999999999929e+00,1.541999999999999993e+01,1.545414062500000085e+01
8.191500000000000000e+03,7.948608398437500000e+01,3.310000000000000053e+00,1.544999999999999929e+01,1.545906249999999993e+01
8.191600000000000364e+03,7.961425781250000000e+01,3.310000000000000053e+00,1.536999999999999922e+01,1.544210937500000114e+01
8.191699999999999818e+03,7.976074218750000000e+01,3.299999999999999822e+00,1.553999999999999915e+01,1.548367187500000064e+01
8.191800000000000182e+03,8.100585937500000000e+01,3.327500000000000124e+00,1.541000000000000014e+01,1.545304687500000007e+01
8.191899999999999636e+03,8.210449218750000000e+01,3.305000000000000160e+00,1.557000000000000028e+01,1.547164062500000092e+01
8.192000000000000000e+03,8.182983398437500000e+01,3.314999999999999947e+00,1.522000000000000064e+01,1.544921875000000000e+01
8.192100000000000364e+03,8.193969726562500000e+01,3.307500000000000107e+00,1.550000000000000000e+01,1.548640624999999993e+01
8.192200000000000728e+03,8.241577148437500000e+01,3.354999999999999982e+00,1.533999999999999986e+01,1.550062500000000121e+01
8.192299999999999272e+03,8.364257812500000000e+01,3.334999999999999964e+00,1.566750000000000043e+01,1.547109375000000142e+01
8.192399999999999636e+03,8.422851562500000000e+01,3.359999999999999876e+00,1.541999999999999993e+01,1.545195312500000107e+01
8.192500000000000000e+03,8.389892578125000000e+01,3.372500000000000053e+00,1.535999999999999943e+01,1.551101562500000064e+01
8.192600000000000364e+03,8.402709960937500000e+01,3.377499999999999947e+00,1.550000000000000000e+01,1.550445312500000128e+01
8.192700000000000728e+03,8.594970703125000000e+01,3.370000000000000107e+00,1.566999999999999993e+01,1.544156250000000163e+01
8.192799999999999272e+03,8.567504882812500000e+01,3.370000000000000107e+00,1.558999999999999986e+01,1.551976562500000156e+01
8.192899999999999636e+03,8.620605468750000000e+01,3.399999999999999911e+00,1.549000000000000021e+01,1.545906249999999993e+01
8.193000000000000000e+03,8.585815429687500000e+01,3.392500000000000071e+00,1.559999999999999964e+01,1.545906249999999993e+01
8.193100000000000364e+03,8.719482421875000000e+01,3.387500000000000178e+00,1.538749999999999929e+01,1.546179687500000099e+01
8.193200000000000728e+03,8.816528320312500000e+01,3.384999999999999787e+00,1.545999999999999908e+01,1.543664062500000078e+01
8.193299999999999272e+03,8.765258789062500000e+01,3.407500000000000195e+00,1.531000000000000050e+01,1.551648437500000099e+01
8.193399999999999636e+03,8.820190429687500000e+01,3.442499999999999893e+00,1.541000000000000014e+01,1.549953125000000043e+01
8.193500000000000000e+03,8.787231445312500000e+01,3.415000000000000036e+00,1.537999999999999901e+01,1.544101562500000036e+01
8.193600000000000364e+03,8.983154296875000000e+01,3.432500000000000107e+00,1.548000000000000043e+01,1.547601562500000050e+01
8.193700000000000728e+03,9.008789062500000000e+01,3.459999999999999964e+00,1.547000000000000064e+01,1.552742187499999993e+01
8.193799999999999272e+03,8.957519531250000000e+01,3.452500000000000124e+00,1.550999999999999979e+01,1.544101562500000036e+01
8.193899999999999636e+03,9.012451171875000000e+01,3.462499999999999911e+00,1.558000000000000007e+01,1.545960937500000121e+01
8.194000000000000000e+03,9.113159179687500000e+01,3.475000000000000089e+00,1.560999999999999943e+01,1.546835937500000036e+01
8.194100000000000364e+03,9.171752929687500000e+01,3.497500000000000053e+00,1.529999999999999893e+01,1.547164062500000092e+01
8.194200000000000728e+03,9.186401367187500000e+01,3.487499999999999822e+00,1.549000000000000021e+01,1.548585937500000043e+01
8.194299999999999272e+03,9.138793945312500000e+01,3.482499999999999929e+00,1.544999999999999929e+01,1.551484375000000071e+01
8.194399999999999636e+03,9.241333007812500000e+01,3.512500000000000178e+00,1.545999999999999908e+01,1.547109375000000142e+01
8.194500000000000000e+03,9.329223632812500000e+01,3.512500000000000178e+00,1.553999999999999915e+01,1.546343750000000128e+01
8.194600000000000364e+03,9.354858398437500000e+01,3.515000000000000124e+00,1.541000000000000014e+01,1.542242187500000128e+01
8.194700000000000728e+03,9.369506835937500000e+01,3.504999999999999893e+00,1.550999999999999979e+01,1.550007812499999993e+01
8.194799999999999272e+03,9.316406250000000000e+01,3.547499999999999876e+00,1.562999999999999901e+01,1.549843750000000142e+01
8.194899999999999636e+03,9.536132812500000000e+01,3.524999999999999911e+00,1.539000000000000057e+01,1.541421875000000163e+01
8.195000000000000000e+03,9.514160156250000000e+01,3.544999999999999929e+00,1.542999999999999972e+01,1.545851562500000043e+01
8.195100000000000364e+03,9.537963867187500000e+01,3.495000000000000107e+00,1.550000000000000000e+01,1.546070312500000021e+01
8.195200000000000728e+03,9.550781250000000000e+01,3.552500000000000213e+00,1.558999999999999986e+01,1.546398437500000078e+01
8.195299999999999272e+03,9.598388671875000000e+01,3.547499999999999876e+00,1.534999999999999964e+01,1.548312500000000114e+01
8.195399999999999636e+03,9.722900390625000000e+01,3.577500000000000124e+00,1.547000000000000064e+01,1.544210937500000114e+01
8.195500000000000000e+03,9.682617187500000000e+01,3.544999999999999929e+00,1.536999999999999922e+01,1.542132812500000050e+01
8.195600000000000364e+03,9.704589843750000000e+01,3.604999999999999982e+00,1.570999999999999908e+01,1.548093750000000135e+01
8.195700000000000728e+03,9.717407226562500000e+01,3.587499999999999911e+00,1.525999999999999979e+01,1.548039062500000007e+01
8.195799999999999272e+03,9.841918945312500000e+01,3.580000000000000071e+00,1.542999999999999972e+01,1.548914062500000099e+01
8.195899999999999636e+03,9.907836914062500000e+01,3.589999999999999858e+00,1.554999999999999893e+01,1.545796875000000092e+01
8.196000000000000000e+03,9.862060546875000000e+01,3.609999999999999876e+00,1.556000000000000050e+01,1.543718750000000028e+01
8.196100000000000364e+03,9.887695312500000000e+01,3.647499999999999964e+00,1.548000000000000043e+01,1.543390625000000149e+01
8.196200000000000728e+03,1.003417968750000000e+02,3.627499999999999947e+00,1.541999999999999993e+01,1.542734375000000036e+01
8.196299999999999272e+03,1.002136230468750000e+02,3.645000000000000018e+00,1.533999999999999986e+01,1.554492187500000000e+01
8.196399999999999636e+03,1.007629394531250000e+02,3.669999999999999929e+00,1.532750000000000057e+01,1.545578125000000114e+01
8.196500000000000000e+03,1.003417968750000000e+02,3.672499999999999876e+00,1.533000000000000007e+01,1.547109375000000142e+01
8.196600000000000364e+03,1.010559082031250000e+02,3.672499999999999876e+00,1.536999999999999922e+01,1.546781250000000085e+01
8.196700000000000728e+03,1.023559570312500000e+02,3.677500000000000213e+00,1.558999999999999986e+01,1.546781250000000085e+01
8.196799999999999272e+03,1.018981933593750000e+02,3.672499999999999876e+00,1.543999999999999950e+01,1.550773437500000007e+01
8.196899999999999636e+03,1.024841308593750000e+02,3.692499999999999893e+00,1.550000000000000000e+01,1.545250000000000057e+01
8.197000000000000000e+03,1.020446777343750000e+02,3.669999999999999929e+00,1.548000000000000043e+01,1.544156250000000163e+01
8.197100000000000364e+03,1.038024902343750000e+02,3.680000000000000160e+00,1.534750000000000014e+01,1.545632812500000064e+01
8.197200000000000728e+03,1.040771484375000000e+02,3.722500000000000142e+00,1.531000000000000050e+01,1.547710937500000128e+01
8.197299999999999272e+03,1.036010742187500000e+02,3.685000000000000053e+00,1.519999999999999929e+01,1.543992187500000135e+01
8.197399999999999636e+03,1.041687011718750000e+02,3.752499999999999947e+00,1.536749999999999972e+01,1.546617187500000057e+01
8.197500000000000000e+03,1.047180175781250000e+02,3.740000000000000213e+00,1.550999999999999979e+01,1.545085937500000028e+01
8.197600000000000364e+03,1.056701660156250000e+02,3.750000000000000000e+00,1.539000000000000057e+01,1.538632812500000036e+01
8.197700000000000728e+03,1.058349609375000000e+02,3.802500000000000213e+00,1.554999999999999893e+01,1.545796875000000092e+01
8.197799999999999272e+03,1.052856445312500000e+02,3.782499999999999751e+00,1.543999999999999950e+01,1.546726562500000135e+01
8.197899999999999636e+03,1.059448242187500000e+02,3.812500000000000000e+00,1.558999999999999986e+01,1.550773437500000007e+01
8.198000000000000000e+03,1.069885253906250000e+02,3.817499999999999893e+00,1.526999999999999957e+01,1.546617187500000057e+01
8.198100000000000364e+03,1.074279785156250000e+02,3.747500000000000053e+00,1.526999999999999957e+01,1.544812500000000099e+01
8.198200000000000728e+03,1.075195312500000000e+02,3.847500000000000142e+00,1.542999999999999972e+01,1.547382812500000071e+01
8.198299999999999272e+03,1.070251464843750000e+02,3.872500000000000053e+00,1.532000000000000028e+01,1.544265625000000064e+01
8.198399999999999636e+03,1.090026855468750000e+02,3.862499999999999822e+00,1.558999999999999986e+01,1.542078125000000099e+01
8.198500000000000000e+03,1.087829589843750000e+02,3.865000000000000213e+00,1.594249999999999901e+01,1.548203125000000036e+01
8.198600000000000364e+03,1.091125488281250000e+02,3.740000000000000213e+00,1.552999999999999936e+01,1.549406250000000007e+01
8.198700000000000728e+03,1.092041015625000000e+02,3.807500000000000107e+00,1.548000000000000043e+01,1.546671875000000007e+01
8.198799999999999272e+03,1.094055175781250000e+02,3.854999999999999982e+00,1.539000000000000057e+01,1.546617187500000057e+01
8.198899999999999636e+03,1.110351562500000000e+02,3.897499999999999964e+00,1.545999999999999908e+01,1.547000000000000064e+01
8.199000000000000000e+03,1.105590820312500000e+02,3.937500000000000000e+00,1.543999999999999950e+01,1.551976562500000156e+01
8.199100000000000364e+03,1.109252929687500000e+02,3.939999999999999947e+00,1.558999999999999986e+01,1.543335937500000021e+01
8.199200000000000728e+03,1.109985351562500000e+02,3.959999999999999964e+00,1.550999999999999979e+01,1.541148437500000057e+01
8.199299999999999272e+03,1.120605468750000000e+02,3.987499999999999822e+00,1.573000000000000043e+01,1.547382812500000071e+01
8.199399999999999636e+03,1.128479003906250000e+02,3.982499999999999929e+00,1.552999999999999936e+01,1.551757812500000000e+01
8.199500000000000000e+03,1.122985839843750000e+02,4.017500000000000071e+00,1.539000000000000057e+01,1.542515625000000057e+01
8.199600000000000364e+03,1.126281738281250000e+02,4.047500000000000320e+00,1.558000000000000007e+01,1.544210937500000114e+01
8.199700000000000728e+03,1.138916015625000000e+02,4.077500000000000568e+00,1.537999999999999901e+01,1.548914062500000099e+01
8.199799999999999272e+03,1.140197753906250000e+02,4.037499999999999645e+00,1.523000000000000043e+01,1.544593750000000121e+01
8.199899999999999636e+03,1.146606445312500000e+02,4.072499999999999787e+00,1.556000000000000050e+01,1.544429687500000092e+01
8.200000000000000000e+03,1.140930175781250000e+02,4.092500000000000249e+00,1.568999999999999950e+01,1.550281250000000099e+01
8.200100000000000364e+03,1.146057128906250000e+02,4.115000000000000213e+00,1.544999999999999929e+01,1.553289062500000028e+01
8.200200000000000728e+03,1.162170410156250000e+02,4.107499999999999929e+00,1.552999999999999936e+01,1.542132812500000050e+01
8.200299999999999272e+03,1.158142089843750000e+02,4.110000000000000320e+00,1.535999999999999943e+01,1.545632812500000064e+01
8.200399999999999636e+03,1.164733886718750000e+02,4.125000000000000000e+00,1.537999999999999901e+01,1.549132812500000078e+01
8.200500000000000000e+03,1.158691406250000000e+02,4.177500000000000213e+00,1.548000000000000043e+01,1.548750000000000071e+01
8.200600000000000364e+03,1.178833007812500000e+02,4.195000000000000284e+00,1.555749999999999922e+01,1.544867187500000050e+01
8.200700000000000728e+03,1.181396484375000000e+02,4.200000000000000178e+00,1.545749999999999957e+01,1.547546875000000099e+01
8.200799999999999272e+03,1.177368164062500000e+02,4.195000000000000284e+00,1.558999999999999986e+01,1.542843750000000114e+01
8.200899999999999636e+03,1.183227539062500000e+02,4.217500000000000249e+00,1.541999999999999993e+01,1.547656250000000000e+01
8.201000000000000000e+03,1.186523437500000000e+02,4.217500000000000249e+00,1.550000000000000000e+01,1.542625000000000135e+01
8.201100000000000364e+03,1.200256347656250000e+02,4.274375000000000036e+00,1.543750000000000000e+01,1.542078125000000099e+01
8.201200000000000728e+03,1.200988769531250000e+02,4.275000000000000355e+00,1.557000000000000028e+01,1.546945312500000114e+01
8.201299999999999272e+03,1.196228027343750000e+02,4.334999999999999964e+00,1.524000000000000021e+01,1.542843750000000114e+01
8.201399999999999636e+03,1.202453613281250000e+02,4.304375000000000284e+00,1.548000000000000043e+01,1.542132812500000050e+01
8.201500000000000000e+03,1.214355468750000000e+02,4.362499999999999822e+00,1.545999999999999908e+01,1.547710937500000128e+01
8.201600000000000364e+03,1.219848632812500000e+02,4.339999999999999858e+00,1.541000000000000014e+01,1.548039062500000007e+01
8.201700000000000728e+03,1.220214843750000000e+02,4.372500000000000497e+00,1.511999999999999922e+01,1.545085937500000028e+01
8.201799999999999272e+03,1.215820312500000000e+02,4.439999999999999503e+00,1.532000000000000028e+01,1.542953125000000014e+01
8.201899999999999636e+03,1.233764648437500000e+02,4.429999999999999716e+00,1.541999999999999993e+01,1.548914062500000099e+01
8.202000000000000000e+03,1.231384277343750000e+02,4.462500000000000355e+00,1.551999999999999957e+01,1.548312500000000114e+01
8.202100000000000364e+03,1.235778808593750000e+02,4.480000000000000426e+00,1.538749999999999929e+01,1.544210937500000114e+01
8.202200000000000728e+03,1.235595703125000000e+02,4.474999999999999645e+00,1.561999999999999922e+01,1.539507812500000128e+01
8.202299999999999272e+03,1.231750488281250000e+02,4.537499999999999645e+00,1.532000000000000028e+01,1.544156250000000163e+01
8.202399999999999636e+03,1.238708496093750000e+02,4.530000000000000249e+00,1.563250000000000028e+01,1.546398437500000078e+01
8.202500000000000000e+03,1.232849121093750000e+02,4.062499999999991118e-02,1.567999999999999972e+01,-3.171875000000046185e-02
8.202600000000000364e+03,1.236694335937500000e+02,-1.187499999999985789e-02,1.540000000000000036e+01,-4.648437500000035527e-02
8.202700000000000728e+03,1.237243652343750000e+02,3.312500000000007105e-02,1.529999999999999893e+01,-1.148437500000110134e-02
8.202799999999999272e+03,1.232482910156250000e+02,2.562499999999978684e-02,1.564000000000000057e+01,-3.171875000000046185e-02
8.202899999999999636e+03,1.238708496093750000e+02,5.812499999999998224e-02,1.529999999999999893e+01,-3.390625000000024869e-02
8.203000000000000000e+03,1.232666015625000000e+02,5.062500000000014211e-02,1.562999999999999901e+01,-1.859375000000085265e-02
8.203100000000000364e+03,1.236877441406250000e+02,3.124999999999822364e-03,1.566999999999999993e+01,-4.812500000000063949e-02
8.203200000000000728e+03,1.234863281250000000e+02,4.812499999999975131e-02,1.562999999999999901e+01,-5.359375000000099476e-02
8.203299999999999272e+03,1.228271484375000000e+02,3.812499999999996447e-02,1.559999999999999964e+01,-1.093750000000071054e-02
8.203399999999999636e+03,1.235046386718750000e+02,5.062500000000014211e-02,1.564000000000000057e+01,-4.484375000000095923e-02
8.203500000000000000e+03,1.228637695312500000e+02,4.062499999999991118e-02,1.550999999999999979e+01,-2.734375000001065814e-03
8.203600000000000364e+03,1.232116699218750000e+02,2.562499999999978684e-02,1.550000000000000000e+01,-7.382812500000035527e-02
8.203700000000000728e+03,1.213439941406250000e+02,5.312500000000008882e-02,1.565000000000000036e+01,-3.992187500000099476e-02
8.203799999999999272e+03,1.207214355468750000e+02,3.812499999999996447e-02,1.556000000000000050e+01,-7.000000000000028422e-02
8.203899999999999636e+03,1.213439941406250000e+02,3.562500000000001776e-02,1.540000000000000036e+01,-3.117187500000095923e-02
8.204000000000000000e+03,1.207763671875000000e+02,5.312500000000008882e-02,1.534999999999999964e+01,4.374999999999573674e-03
8.204100000000000364e+03,1.183593750000000000e+02,1.562500000000000000e-02,1.558999999999999986e+01,-2.570312500000060396e-02
8.204200000000000728e+03,1.177551269531250000e+02,5.062500000000014211e-02,1.542999999999999972e+01,-2.515625000000110134e-02
8.204299999999999272e+03,1.172058105468750000e+02,4.062499999999991118e-02,1.533000000000000007e+01,-2.023437500000024869e-02
8.204399999999999636e+03,1.178649902343750000e+02,2.312499999999984013e-02,1.528999999999999915e+01,-2.898437500000028422e-02
8.204500000000000000e+03,1.159606933593750000e+02,4.062499999999991118e-02,1.529749999999999943e+01,-2.132812500000103029e-02
8.204600000000000364e+03,1.132690429687500000e+02,5.062500000000014211e-02,1.540000000000000036e+01,-3.828125000000071054e-02
8.204700000000000728e+03,1.131774902343750000e+02,2.312499999999984013e-02,1.567999999999999972e+01,-6.015625000000035527e-02
8.204799999999999272e+03,1.127197265625000000e+02,3.812499999999996447e-02,1.542999999999999972e+01,-4.156250000000039080e-02
8.204899999999999636e+03,1.133056640625000000e+02,4.312499999999985789e-02,1.552999999999999936e+01,3.664062499999953815e-02
8.205000000000000000e+03,1.096252441406250000e+02,3.312500000000007105e-02,1.549000000000000021e+01,-7.656250000000053291e-02
8.205100000000000364e+03,1.095520019531250000e+02,6.062499999999992895e-02,1.544999999999999929e+01,-6.562500000000071054e-02
8.205200000000000728e+03,1.095886230468750000e+02,8.124999999999715783e-03,1.545999999999999908e+01,-5.359375000000099476e-02
8.205299999999999272e+03,1.091308593750000000e+02,5.312500000000008882e-02,1.529999999999999893e+01,-2.570312500000060396e-02
8.205399999999999636e+03,1.077575683593750000e+02,4.812499999999975131e-02,1.531000000000000050e+01,5.468749999999467093e-03
8.205500000000000000e+03,1.061828613281250000e+02,4.562499999999980460e-02,1.570999999999999908e+01,-1.312500000000049738e-02
8.205600000000000364e+03,1.064208984375000000e+02,4.062499999999991118e-02,1.545749999999999957e+01,1.093749999999005240e-03
8.205700000000000728e+03,1.065124511718750000e+02,5.624999999999769074e-03,1.550000000000000000e+01,-4.703125000000074607e-02
8.205799999999999272e+03,1.060180664062500000e+02,3.562500000000001776e-02,1.564000000000000057e+01,-2.734375000001065814e-03
8.205899999999999636e+03,1.040039062500000000e+02,2.562499999999978684e-02,1.519999999999999929e+01,-3.335937500000074607e-02
8.206000000000000000e+03,1.034179687500000000e+02,6.812499999999976907e-02,1.551999999999999957e+01,-3.171875000000046185e-02
8.206100000000000364e+03,1.037109375000000000e+02,2.062499999999989342e-02,1.565000000000000036e+01,-2.242187500000092371e-02
8.206200000000000728e+03,1.038024902343750000e+02,4.062499999999991118e-02,1.558000000000000007e+01,-6.125000000000024869e-02
8.206299999999999272e+03,1.014404296875000000e+02,3.062500000000012434e-02,1.554499999999999993e+01,-7.109375000000106581e-02
8.206399999999999636e+03,1.015869140625000000e+02,4.062499999999991118e-02,1.547000000000000064e+01,-5.851562500000095923e-02
8.206500000000000000e+03,1.011291503906250000e+02,5.312500000000008882e-02,1.547000000000000064e+01,-3.500000000000103029e-02
8.206600000000000364e+03,1.014038085937500000e+02,7.062500000000015987e-02,1.558999999999999986e+01,-6.398437500000042633e-02
8.206700000000000728e+03,1.008178710937500000e+02,6.812499999999976907e-02,1.558000000000000007e+01,-7.492187500000024869e-02
8.206799999999999272e+03,9.904174804687500000e+01,8.124999999999715783e-03,1.550999999999999979e+01,-5.906250000000046185e-02
8.206899999999999636e+03,9.946289062500000000e+01,6.812499999999976907e-02,1.529999999999999893e+01,-2.023437500000024869e-02
8.207000000000000000e+03,9.907836914062500000e+01,5.812499999999998224e-02,1.556000000000000050e+01,-8.148437500000049738e-02
8.207100000000000364e+03,9.929809570312500000e+01,4.812499999999975131e-02,1.549000000000000021e+01,-3.281250000000035527e-02
8.207200000000000728e+03,9.757690429687500000e+01,2.562499999999978684e-02,1.553999999999999915e+01,4.374999999999573674e-03
8.207299999999999272e+03,9.695434570312500000e+01,4.812499999999975131e-02,1.567750000000000021e+01,-3.992187500000099476e-02
8.207399999999999636e+03,9.744873046875000000e+01,2.812499999999973355e-02,1.550750000000000028e+01,-7.765625000000042633e-02
8.207500000000000000e+03,9.704589843750000000e+01,3.812499999999996447e-02,1.531000000000000050e+01,-1.531250000000028422e-02
8.207600000000000364e+03,9.616699218750000000e+01,6.062499999999992895e-02,1.544999999999999929e+01,2.187499999998898659e-03
8.207700000000000728e+03,9.565429687500000000e+01,2.562499999999978684e-02,1.541999999999999993e+01,-4.320312500000067502e-02
8.207799999999999272e+03,9.515991210937500000e+01,7.125000000000003553e-02,1.570749999999999957e+01,-1.476562500000078160e-02
8.207899999999999636e+03,9.567260742187500000e+01,2.062499999999989342e-02,1.548000000000000043e+01,1.312499999999960920e-02
8.208000000000000000e+03,9.525146484375000000e+01,7.062500000000015987e-02,1.577999999999999936e+01,-4.921875000000852651e-03
8.208100000000000364e+03,9.385986328125000000e+01,3.062500000000012434e-02,1.547499999999999964e+01,-2.898437500000028422e-02
8.208200000000000728e+03,9.393310546875000000e+01,5.062500000000014211e-02,1.567999999999999972e+01,-1.039062500000031974e-02
8.208299999999999272e+03,9.340209960937500000e+01,3.562500000000001776e-02,1.551999999999999957e+01,-1.088281250000004974e-01
8.208399999999999636e+03,9.395141601562500000e+01,3.062500000000012434e-02,1.544999999999999929e+01,-2.734375000000088818e-02
8.208500000000000000e+03,9.226684570312500000e+01,2.062499999999989342e-02,1.537999999999999901e+01,-3.390625000000024869e-02
8.208600000000000364e+03,9.221191406250000000e+01,3.312500000000007105e-02,1.525000000000000000e+01,1.749999999999918288e-02
8.208700000000000728e+03,9.230346679687500000e+01,2.812499999999973355e-02,1.541999999999999993e+01,-1.421875000000039080e-02
8.208799999999999272e+03,9.182739257812500000e+01,5.312500000000008882e-02,1.556000000000000050e+01,-3.664062500000042633e-02
8.208899999999999636e+03,9.182739257812500000e+01,5.812499999999998224e-02,1.550999999999999979e+01,-6.343750000000092371e-02
8.209000000000000000e+03,9.041748046875000000e+01,2.812499999999973355e-02,1.552999999999999936e+01,-1.312500000000049738e-02
8.209100000000000364e+03,9.056396484375000000e+01,1.062500000000010658e-02,1.533999999999999986e+01,-7.765625000000042633e-02
8.209200000000000728e+03,9.071044921875000000e+01,4.812499999999975131e-02,1.525000000000000000e+01,-4.375000000000461853e-03
8.209299999999999272e+03,9.019775390625000000e+01,6.312499999999987566e-02,1.566000000000000014e+01,-3.445312500000063949e-02
8.209399999999999636e+03,8.939208984375000000e+01,4.312499999999985789e-02,1.559999999999999964e+01,-3.937500000000060396e-02
8.209500000000000000e+03,8.886108398437500000e+01,7.562500000000005329e-02,1.567999999999999972e+01,-3.226562500000085265e-02
8.209600000000000364e+03,8.906250000000000000e+01,5.312500000000008882e-02,1.566000000000000014e+01,-9.296875000000426326e-03
8.209700000000000728e+03,8.922729492187500000e+01,3.562500000000001776e-02,1.525000000000000000e+01,-1.585937500000067502e-02
8.209799999999999272e+03,8.779907226562500000e+01,1.812499999999994671e-02,1.535749999999999993e+01,-6.398437500000042633e-02
8.209899999999999636e+03,8.789062500000000000e+01,7.062500000000015987e-02,1.510999999999999943e+01,-1.695312500000056843e-02
8.210000000000000000e+03,8.746948242187500000e+01,4.312499999999985789e-02,1.543999999999999950e+01,-4.921875000000053291e-02
8.210100000000000364e+03,8.765258789062500000e+01,5.062500000000014211e-02,1.562999999999999901e+01,-4.375000000000461853e-03
8.210200000000000728e+03,8.776245117187500000e+01,4.562499999999980460e-02,1.558999999999999986e+01,-2.843750000000078160e-02
8.210299999999999272e+03,8.594970703125000000e+01,6.312499999999987566e-02,1.534999999999999964e+01,2.351562499999904077e-02
8.210399999999999636e+03,8.638916015625000000e+01,5.562500000000003553e-02,1.578999999999999915e+01,-6.343750000000092371e-02
8.210500000000000000e+03,8.607788085937500000e+01,6.062499999999992895e-02,1.560999999999999943e+01,-3.171875000000046185e-02
8.210600000000000364e+03,8.622436523437500000e+01,1.062500000000010658e-02,1.562999999999999901e+01,-3.007812500000106581e-02
8.210700000000000728e+03,8.536376953125000000e+01,6.062499999999992895e-02,1.539000000000000057e+01,3.937499999999971578e-02
8.210799999999999272e+03,8.461303710937500000e+01,4.062499999999991118e-02,1.535999999999999943e+01,-2.351562500000081712e-02
8.210899999999999636e+03,8.514404296875000000e+01,5.062500000000014211e-02,1.568999999999999950e+01,-2.187500000000053291e-02
8.211000000000000000e+03,8.479614257812500000e+01,2.812499999999973355e-02,1.550999999999999979e+01,-6.945312500000078160e-02
8.211100000000000364e+03,8.455810546875000000e+01,5.562500000000003553e-02,1.529999999999999893e+01,-7.273437500000046185e-02
8.211200000000000728e+03,8.371582031250000000e+01,5.562500000000003553e-02,1.550999999999999979e+01,-6.179687500000063949e-02
8.211299999999999272e+03,8.320312500000000000e+01,1.312500000000005329e-02,1.564000000000000057e+01,-2.515625000000110134e-02
8.211399999999999636e+03,8.371582031250000000e+01,2.062499999999989342e-02,1.545999999999999908e+01,-4.976562500000092371e-02
8.211500000000000000e+03,8.338623046875000000e+01,1.262499999999997513e-01,1.566000000000000014e+01,2.187499999998898659e-03
8.211600000000000364e+03,8.236083984375000000e+01,3.812499999999996447e-02,1.525000000000000000e+01,-6.125000000000024869e-02
8.211700000000000728e+03,8.237915039062500000e+01,-2.187500000000008882e-02,1.564000000000000057e+01,-6.562500000000071054e-02
8.211799999999999272e+03,8.188476562500000000e+01,3.812499999999996447e-02,1.556000000000000050e+01,1.585937499999889866e-02
8.211899999999999636e+03,8.241577148437500000e+01,4.812499999999975131e-02,1.548000000000000043e+01,-5.960937500000085265e-02
8.212000000000000000e+03,8.139038085937500000e+01,3.312500000000007105e-02,1.549000000000000021e+01,-8.093750000000099476e-02
8.212100000000000364e+03,8.109741210937500000e+01,3.562500000000001776e-02,1.525000000000000000e+01,-6.726562500000099476e-02
8.212200000000000728e+03,8.118896484375000000e+01,3.312500000000007105e-02,1.542999999999999972e+01,-3.992187500000099476e-02
8.212299999999999272e+03,8.071289062500000000e+01,7.062500000000015987e-02,1.554999999999999893e+01,-2.734375000000088818e-02
8.212399999999999636e+03,8.124389648437500000e+01,-3.281250000000000000e-01,1.563499999999999979e+01,-2.898437500000028422e-02
8.212500000000000000e+03,7.968750000000000000e+01,6.062499999999992895e-02,1.542999999999999972e+01,-7.437500000000074607e-02
8.212600000000000364e+03,7.974243164062500000e+01,5.562500000000003553e-02,1.551999999999999957e+01,9.843749999999040767e-03
8.212700000000000728e+03,7.988891601562500000e+01,2.812499999999973355e-02,1.541000000000000014e+01,2.570312499999971578e-02
8.212799999999999272e+03,7.943115234375000000e+01,3.562500000000001776e-02,1.550000000000000000e+01,-1.968750000000074607e-02
8.212899999999999636e+03,7.897338867187500000e+01,5.562500000000003553e-02,1.565000000000000036e+01,6.562499999999360512e-03
8.213000000000000000e+03,7.844238281250000000e+01,5.562500000000003553e-02,1.536999999999999922e+01,-2.789062500000039080e-02
8.213100000000000364e+03,7.853393554687500000e+01,3.812499999999996447e-02,1.526999999999999957e+01,-3.992187500000099476e-02
8.213200000000000728e+03,7.868041992187500000e+01,2.812499999999973355e-02,1.548000000000000043e+01,1.093749999999893419e-02
8.213299999999999272e+03,7.800292968750000000e+01,5.562500000000003553e-02,1.557000000000000028e+01,-3.390625000000024869e-02
8.213399999999999636e+03,7.761840820312500000e+01,4.812499999999975131e-02,1.559999999999999964e+01,-6.507812500000031974e-02
8.213500000000000000e+03,7.730712890625000000e+01,5.812499999999998224e-02,1.533999999999999986e+01,5.468749999995026201e-04
8.213600000000000364e+03,7.741699218750000000e+01,4.562499999999980460e-02,1.543999999999999950e+01,2.023437499999936051e-02
8.213700000000000728e+03,7.760009765625000000e+01,5.062500000000014211e-02,1.529999999999999893e+01,-5.468750000003907985e-04
8.213799999999999272e+03,7.615356445312500000e+01,4.562499999999980460e-02,1.566000000000000014e+01,-3.335937500000074607e-02
8.213899999999999636e+03,7.650146484375000000e+01,3.812499999999996447e-02,1.548000000000000043e+01,-8.257812500000039080e-02
8.214000000000000000e+03,7.617187500000000000e+01,3.562500000000001776e-02,1.516000000000000014e+01,-7.656250000001030287e-03
8.214100000000000364e+03,7.631835937500000000e+01,4.312499999999985789e-02,1.552999999999999936e+01,-3.390625000000024869e-02
8.214200000000000728e+03,7.586059570312500000e+01,3.062500000000012434e-02,1.533999999999999986e+01,-1.531250000000028422e-02
8.214299999999999272e+03,7.492675781250000000e+01,5.812499999999998224e-02,1.547000000000000064e+01,-4.593750000000085265e-02
8.214399999999999636e+03,7.538452148437500000e+01,1.812499999999994671e-02,1.567999999999999972e+01,-6.453125000000081712e-02
8.214500000000000000e+03,7.512817382812500000e+01,-2.687499999999998224e-02,1.544999999999999929e+01,1.640624999999928946e-02
8.214600000000000364e+03,7.520141601562500000e+01,5.312500000000008882e-02,1.557000000000000028e+01,3.882812499999932498e-02
8.214700000000000728e+03,7.435913085937500000e+01,5.312500000000008882e-02,1.556000000000000050e+01,-8.750000000000035527e-02
8.214799999999999272e+03,7.382812500000000000e+01,2.812499999999973355e-02,1.550000000000000000e+01,-5.796875000000056843e-02
8.214899999999999636e+03,7.432250976562500000e+01,4.062499999999991118e-02,1.578999999999999915e+01,-2.406250000000031974e-02
8.215000000000000000e+03,7.402954101562500000e+01,5.312500000000008882e-02,1.543750000000000000e+01,3.718749999999904077e-02
8.215100000000000364e+03,7.335205078125000000e+01,5.312500000000008882e-02,1.522000000000000064e+01,-1.640625000000106581e-02
8.215200000000000728e+03,7.329711914062500000e+01,2.812499999999973355e-02,1.544999999999999929e+01,-6.507812500000031974e-02
8.215299999999999272e+03,7.278442382812500000e+01,2.562499999999978684e-02,1.552999999999999936e+01,-3.992187500000099476e-02
8.215399999999999636e+03,7.327880859375000000e+01,5.812499999999998224e-02,1.552999999999999936e+01,-4.320312500000067502e-02
8.215500000000000000e+03,7.289428710937500000e+01,2.312499999999984013e-02,1.561999999999999922e+01,-4.539062500000046185e-02
8.215600000000000364e+03,7.201538085937500000e+01,5.812499999999998224e-02,1.537999999999999901e+01,-5.523437500000039080e-02
8.215700000000000728e+03,7.219848632812500000e+01,2.312499999999984013e-02,1.558999999999999986e+01,-2.898437500000028422e-02
8.215799999999999272e+03,7.170410156250000000e+01,5.312500000000008882e-02,1.541999999999999993e+01,-5.414062500000049738e-02
8.215899999999999636e+03,7.216186523437500000e+01,2.812499999999973355e-02,1.548000000000000043e+01,-4.539062500000046185e-02
8.216000000000000000e+03,7.104492187500000000e+01,1.062500000000010658e-02,1.558999999999999986e+01,-4.703125000000074607e-02
8.216100000000000364e+03,7.100830078125000000e+01,1.062500000000010658e-02,1.554999999999999893e+01,-4.648437500000035527e-02
8.216200000000000728e+03,7.117309570312500000e+01,2.812499999999973355e-02,1.566000000000000014e+01,1.640624999999396039e-03
8.216299999999999272e+03,7.071533203125000000e+01,4.562499999999980460e-02,1.562999999999999901e+01,-6.562500000000071054e-02
8.216399999999999636e+03,7.062377929687500000e+01,3.312500000000007105e-02,1.534999999999999964e+01,-7.765625000000042633e-02
8.216500000000000000e+03,6.994628906250000000e+01,2.062499999999989342e-02,1.553999999999999915e+01,-2.843750000000078160e-02
8.216600000000000364e+03,7.000122070312500000e+01,3.312500000000007105e-02,1.542999999999999972e+01,-3.828125000000071054e-02
8.216700000000000728e+03,7.016601562500000000e+01,4.812499999999975131e-02,1.547000000000000064e+01,-4.812500000000063949e-02
8.216799999999999272e+03,6.972656250000000000e+01,-3.750000000000142109e-03,1.545999999999999908e+01,-4.484375000000095923e-02
8.216899999999999636e+03,6.934204101562500000e+01,5.812499999999998224e-02,1.574000000000000021e+01,-5.195312500000071054e-02
8.217000000000000000e+03,6.903076171875000000e+01,6.249999999998756550e-04,1.567999999999999972e+01,-2.460937500000071054e-02
8.217100000000000364e+03,6.910400390625000000e+01,5.812499999999998224e-02,1.540000000000000036e+01,-3.937500000000060396e-02
8.217200000000000728e+03,6.926879882812500000e+01,8.312499999999989342e-02,1.553999999999999915e+01,-4.812500000000063949e-02
8.217299999999999272e+03,6.817016601562500000e+01,3.812499999999996447e-02,1.563749999999999929e+01,-1.039062500000031974e-02
8.217399999999999636e+03,6.837158203125000000e+01,5.562500000000003553e-02,1.564000000000000057e+01,5.468749999995026201e-04
8.217500000000000000e+03,6.811523437500000000e+01,8.124999999999715783e-03,1.542999999999999972e+01,-4.210937500000078160e-02
8.217600000000000364e+03,6.818847656250000000e+01,1.062500000000010658e-02,1.561999999999999922e+01,-4.375000000000106581e-02
8.217700000000000728e+03,6.835327148437500000e+01,6.812499999999976907e-02,1.558000000000000007e+01,-3.445312500000063949e-02
8.217799999999999272e+03,6.696166992187500000e+01,3.062500000000012434e-02,1.529999999999999893e+01,-6.617187500000110134e-02
8.217899999999999636e+03,6.740112304687500000e+01,5.062500000000014211e-02,1.557000000000000028e+01,-8.859375000000024869e-02
8.218000000000000000e+03,6.716308593750000000e+01,6.062499999999992895e-02,1.524000000000000021e+01,-1.804687500000046185e-02
8.218100000000000364e+03,6.721801757812500000e+01,5.062500000000014211e-02,1.556000000000000050e+01,-3.117187500000095923e-02
8.218200000000000728e+03,6.659545898437500000e+01,3.062500000000012434e-02,1.524000000000000021e+01,-3.664062500000042633e-02
8.218299999999999272e+03,6.606445312500000000e+01,3.812499999999996447e-02,1.558000000000000007e+01,4.374999999999573674e-03
8.218399999999999636e+03,6.646728515625000000e+01,3.812499999999996447e-02,1.562999999999999901e+01,1.859374999999907629e-02
8.218500000000000000e+03,6.626586914062500000e+01,1.562500000000000000e-02,1.556000000000000050e+01,2.789062499999950262e-02
8.218600000000000364e+03,6.600952148437500000e+01,5.312500000000008882e-02,1.556000000000000050e+01,-3.335937500000074607e-02
8.218700000000000728e+03,6.566162109375000000e+01,2.062499999999989342e-02,1.567999999999999972e+01,-4.539062500000046185e-02
8.218799999999999272e+03,6.520385742187500000e+01,6.312499999999987566e-02,1.561999999999999922e+01,2.789062499999950262e-02
8.218899999999999636e+03,6.566162109375000000e+01,1.562500000000000000e-02,1.571749999999999936e+01,-3.937500000000060396e-02
8.219000000000000000e+03,6.544189453125000000e+01,2.312499999999984013e-02,1.569749999999999979e+01,-5.632812500000028422e-02
8.219100000000000364e+03,6.467285156250000000e+01,4.562499999999980460e-02,1.540000000000000036e+01,-3.609375000000092371e-02
8.219200000000000728e+03,6.474609375000000000e+01,1.312500000000005329e-02,1.550999999999999979e+01,-4.703125000000074607e-02
8.219299999999999272e+03,6.432495117187500000e+01,3.062500000000012434e-02,1.556000000000000050e+01,1.695312499999968026e-02
8.219399999999999636e+03,6.476440429687500000e+01,4.562499999999980460e-02,1.554999999999999893e+01,-4.757812500000024869e-02
8.219500000000000000e+03,6.406860351562500000e+01,2.312499999999984013e-02,1.564000000000000057e+01,-3.937500000000060396e-02
8.219600000000000364e+03,6.379394531250000000e+01,6.812499999999976907e-02,1.520999999999999908e+01,-2.242187500000092371e-02
8.219700000000000728e+03,6.394042968750000000e+01,2.312499999999984013e-02,1.553999999999999915e+01,-4.375000000000106581e-02
8.219799999999999272e+03,6.351928710937500000e+01,4.812499999999975131e-02,1.548000000000000043e+01,-6.070312500000074607e-02
8.219899999999999636e+03,6.394042968750000000e+01,5.562500000000003553e-02,1.549000000000000021e+01,-5.851562500000095923e-02
8.220000000000000000e+03,6.302490234375000000e+01,5.562500000000003553e-02,1.532000000000000028e+01,-6.015625000000035527e-02
8.220100000000000364e+03,6.300659179687500000e+01,4.312499999999985789e-02,1.578999999999999915e+01,-8.804687500000074607e-02
8.220200000000000728e+03,6.311645507812500000e+01,2.062499999999989342e-02,1.541000000000000014e+01,-1.421875000000039080e-02
8.220299999999999272e+03,6.273193359375000000e+01,8.124999999999715783e-03,1.560999999999999943e+01,-3.609375000000092371e-02
8.220399999999999636e+03,6.254882812500000000e+01,1.668750000000001066e-01,1.541000000000000014e+01,-4.429687500000056843e-02
8.220500000000000000e+03,6.212768554687500000e+01,3.812499999999996447e-02,1.565000000000000036e+01,-6.835937500000088818e-02
8.220600000000000364e+03,6.220092773437500000e+01,6.312499999999987566e-02,1.553999999999999915e+01,-1.421875000000039080e-02
8.220700000000000728e+03,6.232910156250000000e+01,2.562499999999978684e-02,1.549000000000000021e+01,-6.125000000000024869e-02
8.220799999999999272e+03,6.174316406250000000e+01,4.062499999999991118e-02,1.548000000000000043e+01,-2.187500000000053291e-02
8.220899999999999636e+03,6.157836914062500000e+01,4.562499999999980460e-02,1.550999999999999979e+01,-3.718750000000081712e-02
8.221000000000000000e+03,6.134033203125000000e+01,5.312500000000008882e-02,1.529999999999999893e+01,-3.992187500000099476e-02
8.221100000000000364e+03,6.139526367187500000e+01,4.562499999999980460e-02,1.564000000000000057e+01,-6.179687500000063949e-02
8.221200000000000728e+03,6.152343750000000000e+01,3.812499999999996447e-02,1.533999999999999986e+01,8.203124999999644729e-03
8.221299999999999272e+03,6.053466796875000000e+01,3.062500000000012434e-02,1.553749999999999964e+01,-2.734375000000088818e-02
8.221399999999999636e+03,6.082763671875000000e+01,2.812499999999973355e-02,1.553999999999999915e+01,-2.406250000000031974e-02
8.221500000000000000e+03,6.064453125000000000e+01,2.812499999999973355e-02,1.545999999999999908e+01,-1.695312500000056843e-02
8.221600000000000364e+03,6.064453125000000000e+01,5.562500000000003553e-02,1.552999999999999936e+01,-2.515625000000110134e-02
8.221700000000000728e+03,6.044311523437500000e+01,4.562499999999980460e-02,1.567999999999999972e+01,-4.375000000000106581e-02
8.221799999999999272e+03,5.963745117187500000e+01,2.062499999999989342e-02,1.557000000000000028e+01,-2.460937500000071054e-02
8.221899999999999636e+03,6.002197265625000000e+01,3.812499999999996447e-02,1.543999999999999950e+01,1.203124999999971578e-02
8.222000000000000000e+03,5.985717773437500000e+01,4.312499999999985789e-02,1.545999999999999908e+01,-1.476562500000078160e-02
8.222100000000000364e+03,5.985717773437500000e+01,4.812499999999975131e-02,1.566999999999999993e+01,-3.226562500000085265e-02
8.222200000000000728e+03,5.938110351562500000e+01,6.312499999999987566e-02,1.554999999999999893e+01,-4.375000000000106581e-02
8.222299999999999272e+03,5.890502929687500000e+01,6.562499999999982236e-02,1.570999999999999908e+01,3.718749999999904077e-02
8.222399999999999636e+03,5.930786132812500000e+01,2.562499999999978684e-02,1.550000000000000000e+01,-4.976562500000092371e-02
8.222500000000000000e+03,5.914306640625000000e+01,-1.875000000000071054e-03,1.542999999999999972e+01,-5.523437500000039080e-02
8.222600000000000364e+03,5.866699218750000000e+01,2.562499999999978684e-02,1.527999999999999936e+01,-7.382812500000035527e-02
8.222700000000000728e+03,5.864868164062500000e+01,3.062500000000012434e-02,1.570999999999999908e+01,2.078124999999975131e-02
8.222799999999999272e+03,5.822753906250000000e+01,8.312499999999989342e-02,1.534999999999999964e+01,-4.867187500000103029e-02
8.222899999999999636e+03,5.863037109375000000e+01,4.312499999999985789e-02,1.547000000000000064e+01,-6.015625000000746070e-03
8.223000000000000000e+03,5.842895507812500000e+01,4.312499999999985789e-02,1.554999999999999893e+01,-6.234375000000103029e-02
8.223100000000000364e+03,5.782470703125000000e+01,8.312499999999989342e-02,1.535999999999999943e+01,-6.125000000000024869e-02
8.223200000000000728e+03,5.789794921875000000e+01,2.562499999999978684e-02,1.525000000000000000e+01,-3.828125000000071054e-02
8.223299999999999272e+03,5.753173828125000000e+01,3.062500000000012434e-02,1.529999999999999893e+01,-2.625000000000099476e-02
8.223399999999999636e+03,5.789794921875000000e+01,5.562500000000003553e-02,1.550000000000000000e+01,-2.187500000000675016e-03
8.223500000000000000e+03,5.725708007812500000e+01,3.062500000000012434e-02,1.541000000000000014e+01,-3.335937500000074607e-02
8.223600000000000364e+03,5.714721679687500000e+01,5.312500000000008882e-02,1.525000000000000000e+01,-6.343750000000092371e-02
8.223700000000000728e+03,5.733032226562500000e+01,3.562500000000001776e-02,1.550999999999999979e+01,-5.687500000000067502e-02
8.223799999999999272e+03,5.690917968750000000e+01,3.062500000000012434e-02,1.552999999999999936e+01,-4.046875000000049738e-02
8.223899999999999636e+03,5.705566406250000000e+01,7.062500000000015987e-02,1.568999999999999950e+01,-4.648437500000035527e-02
8.224000000000000000e+03,5.646972656250000000e+01,4.312499999999985789e-02,1.558000000000000007e+01,1.203124999999971578e-02
8.224100000000000364e+03,5.645141601562500000e+01,5.812499999999998224e-02,1.560999999999999943e+01,-5.906250000000046185e-02
8.224200000000000728e+03,5.663452148437500000e+01,2.812499999999973355e-02,1.522000000000000064e+01,4.374999999999573674e-03
8.224299999999999272e+03,5.621337890625000000e+01,3.562500000000001776e-02,1.550999999999999979e+01,-2.460937500000071054e-02
8.224399999999999636e+03,5.606689453125000000e+01,2.562499999999978684e-02,1.557000000000000028e+01,1.859374999999907629e-02
8.224500000000000000e+03,5.586547851562500000e+01,1.562500000000000000e-02,1.550999999999999979e+01,-3.226562500000085265e-02
8.224600000000000364e+03,5.584716796875000000e+01,-2.324999999999999289e-01,1.492249999999999943e+01,-2.242187500000092371e-02
8.224700000000000728e+03,5.599365234375000000e+01,2.562499999999978684e-02,1.557000000000000028e+01,-3.445312500000063949e-02
8.224799999999999272e+03,5.522460937500000000e+01,5.812499999999998224e-02,1.553999999999999915e+01,-4.648437500000035527e-02
8.224899999999999636e+03,5.533447265625000000e+01,5.312500000000008882e-02,1.545999999999999908e+01,-4.539062500000046185e-02
8.225000000000000000e+03,5.513305664062500000e+01,5.312500000000008882e-02,1.547000000000000064e+01,5.468749999995026201e-04
8.225100000000000364e+03,5.515136718750000000e+01,3.562500000000001776e-02,1.554999999999999893e+01,-3.500000000000103029e-02
8.225200000000000728e+03,5.533447265625000000e+01,4.062499999999991118e-02,1.541999999999999993e+01,-7.929687500000071054e-02
8.225299999999999272e+03,5.438232421875000000e+01,4.062499999999991118e-02,1.555749999999999922e+01,-6.398437500000042633e-02
8.225399999999999636e+03,5.473022460937500000e+01,2.818749999999998757e-01,1.561999999999999922e+01,-4.210937500000078160e-02
8.225500000000000000e+03,5.454711914062500000e+01,3.562500000000001776e-02,1.531000000000000050e+01,1.203124999999971578e-02
8.225600000000000364e+03,5.458374023437500000e+01,5.624999999999769074e-03,1.544999999999999929e+01,-4.484375000000095923e-02
8.225700000000000728e+03,5.427246093750000000e+01,6.062499999999992895e-02,1.564000000000000057e+01,-2.570312500000060396e-02
8.225799999999999272e+03,5.372314453125000000e+01,6.312499999999987566e-02,1.534999999999999964e+01,-6.453125000000081712e-02
8.225899999999999636e+03,5.410766601562500000e+01,5.624999999999769074e-03,1.543999999999999950e+01,-3.007812500000106581e-02
8.226000000000000000e+03,5.396118164062500000e+01,2.312499999999984013e-02,1.541000000000000014e+01,-9.078125000000092371e-02
8.226100000000000364e+03,5.385131835937500000e+01,6.062499999999992895e-02,1.554999999999999893e+01,-6.781250000000049738e-02
8.226200000000000728e+03,5.355834960937500000e+01,1.312500000000005329e-02,1.561999999999999922e+01,-3.117187500000095923e-02
8.226299999999999272e+03,5.313720703125000000e+01,4.562499999999980460e-02,1.550000000000000000e+01,-3.500000000000103029e-02
8.226399999999999636e+03,5.352172851562500000e+01,8.312499999999989342e-02,1.544999999999999929e+01,-5.578125000000078160e-02
8.226500000000000000e+03,5.337524414062500000e+01,3.062500000000012434e-02,1.550999999999999979e+01,-3.171875000000046185e-02
8.226600000000000364e+03,5.286254882812500000e+01,1.062500000000010658e-02,1.531000000000000050e+01,2.187499999998898659e-03
8.226700000000000728e+03,5.289916992187500000e+01,6.062499999999992895e-02,1.567999999999999972e+01,-5.250000000000110134e-02
8.226799999999999272e+03,5.256958007812500000e+01,5.312500000000008882e-02,1.547749999999999915e+01,-2.570312500000060396e-02
8.226899999999999636e+03,5.291748046875000000e+01,4.812499999999975131e-02,1.550000000000000000e+01,-6.945312500000078160e-02
8.227000000000000000e+03,5.278930664062500000e+01,5.562500000000003553e-02,1.551999999999999957e+01,-4.320312500000067502e-02
8.227100000000000364e+03,5.277099609375000000e+01,5.562500000000003553e-02,1.537999999999999901e+01,-5.250000000000110134e-02
8.227200000000000728e+03,5.286254882812500000e+01,6.249999999998756550e-04,1.549000000000000021e+01,3.828124999999182876e-03
8.227299999999999272e+03,5.255126953125000000e+01,5.062500000000014211e-02,1.547000000000000064e+01,-3.445312500000063949e-02
8.227399999999999636e+03,5.291748046875000000e+01,5.562500000000003553e-02,1.545999999999999908e+01,-2.351562500000081712e-02
8.227500000000000000e+03,5.278930664062500000e+01,2.939999999999999947e+00,1.560999999999999943e+01,1.544648437500000071e+01
8.227600000000000364e+03,5.277099609375000000e+01,2.995000000000000107e+00,1.545999999999999908e+01,1.547546875000000099e+01
8.227700000000000728e+03,5.295410156250000000e+01,2.977500000000000036e+00,1.537999999999999901e+01,1.545960937500000121e+01
8.227799999999999272e+03,5.251464843750000000e+01,2.967499999999999805e+00,1.567999999999999972e+01,1.547656250000000000e+01
8.227899999999999636e+03,5.370483398437500000e+01,3.015000000000000124e+00,1.534999999999999964e+01,1.545960937500000121e+01
8.228000000000000000e+03,5.385131835937500000e+01,3.000000000000000000e+00,1.553999999999999915e+01,1.546015625000000071e+01
8.228100000000000364e+03,5.386962890625000000e+01,3.017500000000000071e+00,1.552999999999999936e+01,1.545468750000000036e+01
8.228200000000000728e+03,5.401611328125000000e+01,3.012500000000000178e+00,1.533000000000000007e+01,1.542406250000000156e+01
8.228299999999999272e+03,5.394287109375000000e+01,3.042499999999999982e+00,1.547000000000000064e+01,1.545687500000000014e+01
8.228399999999999636e+03,5.634155273437500000e+01,3.040000000000000036e+00,1.549000000000000021e+01,1.547984375000000057e+01
8.228500000000000000e+03,5.625000000000000000e+01,3.062500000000000000e+00,1.550000000000000000e+01,1.540000000000000036e+01
8.228600000000000364e+03,5.623168945312500000e+01,3.077500000000000124e+00,1.540000000000000036e+01,1.545960937500000121e+01
8.228700000000000728e+03,5.639648437500000000e+01,3.072499999999999787e+00,1.550000000000000000e+01,1.540054687500000163e+01
8.228799999999999272e+03,5.890502929687500000e+01,3.097500000000000142e+00,1.542999999999999972e+01,1.540546875000000071e+01
8.228899999999999636e+03,5.987548828125000000e+01,3.087499999999999911e+00,1.548749999999999893e+01,1.550171875000000021e+01
8.229000000000000000e+03,5.972900390625000000e+01,3.125000000000000000e+00,1.568999999999999950e+01,1.546562500000000107e+01
8.229100000000000364e+03,5.974731445312500000e+01,3.069999999999999840e+00,1.529999999999999893e+01,1.545468750000000036e+01
8.229200000000000728e+03,6.185302734375000000e+01,3.137500000000000178e+00,1.536999999999999922e+01,1.547273437499999993e+01
8.229299999999999272e+03,6.401367187500000000e+01,2.997500000000000053e+00,1.577999999999999936e+01,1.546125000000000149e+01
8.229399999999999636e+03,6.452636718750000000e+01,3.095000000000000195e+00,1.543999999999999950e+01,1.549789062500000014e+01
8.229500000000000000e+03,6.434326171875000000e+01,3.162500000000000089e+00,1.557000000000000028e+01,1.547054687500000014e+01
8.229600000000000364e+03,6.437988281250000000e+01,3.149999999999999911e+00,1.554999999999999893e+01,1.547546875000000099e+01
8.229700000000000728e+03,6.802368164062500000e+01,3.169999999999999929e+00,1.560999999999999943e+01,1.546507812500000156e+01
8.229799999999999272e+03,6.789550781250000000e+01,3.242500000000000160e+00,1.551999999999999957e+01,1.544046875000000085e+01
8.229899999999999636e+03,6.833496093750000000e+01,3.154999999999999805e+00,1.558000000000000007e+01,1.545960937500000121e+01
8.230000000000000000e+03,6.811523437500000000e+01,3.182500000000000107e+00,1.544999999999999929e+01,1.545796875000000092e+01
8.230100000000000364e+03,7.040405273437500000e+01,3.189999999999999947e+00,1.557000000000000028e+01,1.545359375000000135e+01
8.230200000000000728e+03,7.150268554687500000e+01,3.187500000000000000e+00,1.549000000000000021e+01,1.545195312500000107e+01
8.230299999999999272e+03,7.108154296875000000e+01,3.202500000000000124e+00,1.537999999999999901e+01,1.542078125000000099e+01
8.230399999999999636e+03,7.157592773437500000e+01,3.202500000000000124e+00,1.558000000000000007e+01,1.542406250000000156e+01
8.230500000000000000e+03,7.146606445312500000e+01,3.229999999999999982e+00,1.554749999999999943e+01,1.542789062500000163e+01
8.230600000000000364e+03,7.421264648437500000e+01,3.214999999999999858e+00,1.528999999999999915e+01,1.544812500000000099e+01
8.230700000000000728e+03,7.443237304687500000e+01,3.207500000000000018e+00,1.544999999999999929e+01,1.548859375000000149e+01
8.230799999999999272e+03,7.399291992187500000e+01,3.217499999999999805e+00,1.550999999999999979e+01,1.551648437500000099e+01
8.230899999999999636e+03,7.448730468750000000e+01,3.234999999999999876e+00,1.548000000000000043e+01,1.545414062500000085e+01
8.231000000000000000e+03,7.637329101562500000e+01,3.217499999999999805e+00,1.542999999999999972e+01,1.542078125000000099e+01
8.231100000000000364e+03,7.688598632812500000e+01,3.270000000000000018e+00,1.552999999999999936e+01,1.546453125000000028e+01
8.231200000000000728e+03,7.705078125000000000e+01,3.267500000000000071e+00,1.550000000000000000e+01,1.543609375000000128e+01
8.231299999999999272e+03,7.661132812500000000e+01,3.277499999999999858e+00,1.557499999999999929e+01,1.545359375000000135e+01
8.231399999999999636e+03,7.813110351562500000e+01,3.274999999999999911e+00,1.508000000000000007e+01,1.545304687500000007e+01
8.231500000000000000e+03,7.911987304687500000e+01,3.280000000000000249e+00,1.539000000000000057e+01,1.544210937500000114e+01
8.231600000000000364e+03,7.930297851562500000e+01,3.285000000000000142e+00,1.540000000000000036e+01,1.544320312500000014e+01
8.231700000000000728e+03,7.943115234375000000e+01,3.299999999999999822e+00,1.542999999999999972e+01,1.544812500000000099e+01
8.231799999999999272e+03,7.899169921875000000e+01,3.282500000000000195e+00,1.539000000000000057e+01,1.544648437500000071e+01
8.231899999999999636e+03,8.164672851562500000e+01,3.297499999999999876e+00,1.525000000000000000e+01,1.547656250000000000e+01
8.232000000000000000e+03,8.150024414062500000e+01,3.299999999999999822e+00,1.558999999999999986e+01,1.546835937500000036e+01
8.232100000000000364e+03,8.162841796875000000e+01,3.282500000000000195e+00,1.545999999999999908e+01,1.544812500000000099e+01
8.232200000000000728e+03,8.179321289062500000e+01,3.319999999999999840e+00,1.551999999999999957e+01,1.547601562500000050e+01
8.232299999999999272e+03,8.270874023437500000e+01,3.345000000000000195e+00,1.559999999999999964e+01,1.539781250000000057e+01
8.232399999999999636e+03,8.389892578125000000e+01,3.347500000000000142e+00,1.565000000000000036e+01,1.544265625000000064e+01
8.232500000000000000e+03,8.358764648437500000e+01,3.337499999999999911e+00,1.550000000000000000e+01,1.550773437500000007e+01
8.232600000000000364e+03,8.373413085937500000e+01,3.372500000000000053e+00,1.540000000000000036e+01,1.541695312500000092e+01
8.232700000000000728e+03,8.389892578125000000e+01,3.352500000000000036e+00,1.525000000000000000e+01,1.538359375000000107e+01
8.232799999999999272e+03,8.541870117187500000e+01,3.372500000000000053e+00,1.548000000000000043e+01,1.547328125000000121e+01
8.232899999999999636e+03,8.604125976562500000e+01,3.367500000000000160e+00,1.549000000000000021e+01,1.544375000000000142e+01
8.233000000000000000e+03,8.567504882812500000e+01,3.395000000000000018e+00,1.533000000000000007e+01,1.543773437500000156e+01
8.233100000000000364e+03,8.585815429687500000e+01,3.410000000000000142e+00,1.550999999999999979e+01,1.543117187500000043e+01
8.233200000000000728e+03,8.763427734375000000e+01,3.417499999999999982e+00,1.516000000000000014e+01,1.546289062500000000e+01
8.233299999999999272e+03,8.748779296875000000e+01,3.407500000000000195e+00,1.543999999999999950e+01,1.541531250000000064e+01
8.233399999999999636e+03,8.803710937500000000e+01,3.417499999999999982e+00,1.546749999999999936e+01,1.543062500000000092e+01
8.233500000000000000e+03,8.765258789062500000e+01,3.412500000000000089e+00,1.548000000000000043e+01,1.551921875000000028e+01
8.233600000000000364e+03,8.853149414062500000e+01,3.430000000000000160e+00,1.556000000000000050e+01,1.547492187500000149e+01
8.233700000000000728e+03,8.984985351562500000e+01,3.457500000000000018e+00,1.534999999999999964e+01,1.548203125000000036e+01
8.233799999999999272e+03,8.941040039062500000e+01,3.447499999999999787e+00,1.544999999999999929e+01,1.546234375000000050e+01
8.233899999999999636e+03,8.992309570312500000e+01,3.417499999999999982e+00,1.566999999999999993e+01,1.549515625000000085e+01
8.234000000000000000e+03,8.953857421875000000e+01,3.452500000000000124e+00,1.546749999999999936e+01,1.542898437500000064e+01
8.234100000000000364e+03,9.138793945312500000e+01,3.467500000000000249e+00,1.560999999999999943e+01,1.548203125000000036e+01
8.234200000000000728e+03,9.168090820312500000e+01,3.407500000000000195e+00,1.566000000000000014e+01,1.542843750000000114e+01
8.234299999999999272e+03,9.124145507812500000e+01,3.502499999999999947e+00,1.552999999999999936e+01,1.542625000000000135e+01
8.234399999999999636e+03,9.175415039062500000e+01,3.490000000000000213e+00,1.559999999999999964e+01,1.544921875000000000e+01
8.234500000000000000e+03,9.265136718750000000e+01,3.500000000000000000e+00,1.533000000000000007e+01,1.548750000000000071e+01
8.234600000000000364e+03,9.343872070312500000e+01,3.524999999999999911e+00,1.551999999999999957e+01,1.544484375000000043e+01
8.234700000000000728e+03,9.358520507812500000e+01,3.497500000000000053e+00,1.549000000000000021e+01,1.549515625000000085e+01
8.234799999999999272e+03,9.309082031250000000e+01,3.504999999999999893e+00,1.551750000000000007e+01,1.543937500000000007e+01
8.234899999999999636e+03,9.378662109375000000e+01,3.524999999999999911e+00,1.557000000000000028e+01,1.550718750000000057e+01
8.235000000000000000e+03,9.486694335937500000e+01,3.497500000000000053e+00,1.543999999999999950e+01,1.544976562500000128e+01
8.235100000000000364e+03,9.517822265625000000e+01,3.530000000000000249e+00,1.580499999999999972e+01,1.549132812500000078e+01
8.235200000000000728e+03,9.528808593750000000e+01,3.560000000000000053e+00,1.552749999999999986e+01,1.545414062500000085e+01
8.235299999999999272e+03,9.479370117187500000e+01,3.522499999999999964e+00,1.548000000000000043e+01,1.542898437500000064e+01
8.235399999999999636e+03,9.691772460937500000e+01,3.547499999999999876e+00,1.544999999999999929e+01,1.545906249999999993e+01
8.235500000000000000e+03,9.667968750000000000e+01,3.544999999999999929e+00,1.532750000000000057e+01,1.546343750000000128e+01
8.235600000000000364e+03,9.697265625000000000e+01,3.645000000000000018e+00,1.550999999999999979e+01,1.543718750000000028e+01
8.235700000000000728e+03,9.708251953125000000e+01,3.560000000000000053e+00,1.551999999999999957e+01,1.545796875000000092e+01
8.235799999999999272e+03,9.741210937500000000e+01,3.607499999999999929e+00,1.535999999999999943e+01,1.546890625000000163e+01
8.235899999999999636e+03,9.895019531250000000e+01,3.602500000000000036e+00,1.545999999999999908e+01,1.547546875000000099e+01
8.236000000000000000e+03,9.854736328125000000e+01,3.589999999999999858e+00,1.525999999999999979e+01,1.542296875000000078e+01
8.236100000000000364e+03,9.882202148437500000e+01,3.620000000000000107e+00,1.542999999999999972e+01,1.549023437500000000e+01
8.236200000000000728e+03,9.887695312500000000e+01,3.607499999999999929e+00,1.558000000000000007e+01,1.546781250000000085e+01
8.236299999999999272e+03,9.999389648437500000e+01,3.647499999999999964e+00,1.532000000000000028e+01,1.545906249999999993e+01
8.236399999999999636e+03,1.006713867187500000e+02,3.640000000000000124e+00,1.558000000000000007e+01,1.543718750000000028e+01
8.236500000000000000e+03,1.002136230468750000e+02,3.674999999999999822e+00,1.540000000000000036e+01,1.543500000000000050e+01
8.236600000000000364e+03,1.005065917968750000e+02,3.647499999999999964e+00,1.531000000000000050e+01,1.544648437500000071e+01
8.236700000000000728e+03,1.018066406250000000e+02,3.597500000000000142e+00,1.550999999999999979e+01,1.547492187500000149e+01
8.236799999999999272e+03,1.018066406250000000e+02,3.737499999999999822e+00,1.536999999999999922e+01,1.545851562500000043e+01
8.236899999999999636e+03,1.023559570312500000e+02,3.700000000000000178e+00,1.524000000000000021e+01,1.545031250000000078e+01
8.237000000000000000e+03,1.019165039062500000e+02,3.665000000000000036e+00,1.531000000000000050e+01,1.544156250000000163e+01
8.237100000000000364e+03,1.024841308593750000e+02,3.719999999999999751e+00,1.498499999999999943e+01,1.544593750000000121e+01
8.237200000000000728e+03,1.039489746093750000e+02,3.725000000000000089e+00,1.548000000000000043e+01,1.551374999999999993e+01
8.237299999999999272e+03,1.034729003906250000e+02,3.709999999999999964e+00,1.567999999999999972e+01,1.543992187500000135e+01
8.237399999999999636e+03,1.041137695312500000e+02,3.707500000000000018e+00,1.550999999999999979e+01,1.545250000000000057e+01
8.237500000000000000e+03,1.035644531250000000e+02,3.762500000000000178e+00,1.562999999999999901e+01,1.547875000000000156e+01
8.237600000000000364e+03,1.053955078125000000e+02,3.759999999999999787e+00,1.539000000000000057e+01,1.544375000000000142e+01
8.237700000000000728e+03,1.056335449218750000e+02,3.770000000000000018e+00,1.565000000000000036e+01,1.547437500000000021e+01
8.237799999999999272e+03,1.052307128906250000e+02,3.799999999999999822e+00,1.556000000000000050e+01,1.548585937500000043e+01
8.237899999999999636e+03,1.057800292968750000e+02,3.787500000000000089e+00,1.533000000000000007e+01,1.550609375000000156e+01
8.238000000000000000e+03,1.061645507812500000e+02,3.785000000000000142e+00,1.554999999999999893e+01,1.544210937500000114e+01
8.238100000000000364e+03,1.072814941406250000e+02,3.814999999999999947e+00,1.548000000000000043e+01,1.550773437500000007e+01
8.238200000000000728e+03,1.073913574218750000e+02,3.802500000000000213e+00,1.554999999999999893e+01,1.540601562500000021e+01
8.238299999999999272e+03,1.069152832031250000e+02,3.832500000000000018e+00,1.550999999999999979e+01,1.544484375000000043e+01
8.238399999999999636e+03,1.074829101562500000e+02,3.865000000000000213e+00,1.531000000000000050e+01,1.543281250000000071e+01
8.238500000000000000e+03,1.085998535156250000e+02,3.830000000000000071e+00,1.529999999999999893e+01,1.547382812500000071e+01
8.238600000000000364e+03,1.090209960937500000e+02,3.862499999999999822e+00,1.541000000000000014e+01,1.544976562500000128e+01
8.238700000000000728e+03,1.091308593750000000e+02,3.862499999999999822e+00,1.541000000000000014e+01,1.541750000000000043e+01
8.238799999999999272e+03,1.086364746093750000e+02,3.895000000000000018e+00,1.558999999999999986e+01,1.545195312500000107e+01
8.238899999999999636e+03,1.105224609375000000e+02,3.887500000000000178e+00,1.562999999999999901e+01,1.544046875000000085e+01
8.239000000000000000e+03,1.103393554687500000e+02,3.917499999999999982e+00,1.558000000000000007e+01,1.544648437500000071e+01
8.239100000000000364e+03,1.107421875000000000e+02,3.905000000000000249e+00,1.566000000000000014e+01,1.543062500000000092e+01
8.239200000000000728e+03,1.108154296875000000e+02,3.952500000000000124e+00,1.550999999999999979e+01,1.543281250000000071e+01
8.239299999999999272e+03,1.108703613281250000e+02,3.939999999999999947e+00,1.550000000000000000e+01,1.545578125000000114e+01
8.239399999999999636e+03,1.126647949218750000e+02,3.955000000000000071e+00,1.553999999999999915e+01,1.544757812500000149e+01
8.239500000000000000e+03,1.121520996093750000e+02,3.979999999999999982e+00,1.550999999999999979e+01,1.546070312500000021e+01
8.239600000000000364e+03,1.125183105468750000e+02,4.030000000000000249e+00,1.548000000000000043e+01,1.544593750000000121e+01
8.239700000000000728e+03,1.125732421875000000e+02,4.032499999999999751e+00,1.566000000000000014e+01,1.545578125000000114e+01
8.239799999999999272e+03,1.137451171875000000e+02,4.040000000000000036e+00,1.524000000000000021e+01,1.546179687500000099e+01
8.239899999999999636e+03,1.145141601562500000e+02,4.030000000000000249e+00,1.562999999999999901e+01,1.545140625000000156e+01
8.240000000000000000e+03,1.139465332031250000e+02,4.072499999999999787e+00,1.570500000000000007e+01,1.547765625000000078e+01
8.240100000000000364e+03,1.143310546875000000e+02,4.075000000000000178e+00,1.564749999999999908e+01,1.545796875000000092e+01
8.240200000000000728e+03,1.154846191406250000e+02,4.122500000000000497e+00,1.548000000000000043e+01,1.543281250000000071e+01
8.240299999999999272e+03,1.157226562500000000e+02,4.097500000000000142e+00,1.541999999999999993e+01,1.544593750000000121e+01
8.240399999999999636e+03,1.163818359375000000e+02,4.125000000000000000e+00,1.537999999999999901e+01,1.544375000000000142e+01
8.240500000000000000e+03,1.157409667968750000e+02,4.150000000000000355e+00,1.535999999999999943e+01,1.542789062500000163e+01
8.240600000000000364e+03,1.161987304687500000e+02,4.182500000000000107e+00,1.572000000000000064e+01,1.539835937500000007e+01
8.240700000000000728e+03,1.179016113281250000e+02,4.182500000000000107e+00,1.559999999999999964e+01,1.547054687500000014e+01
8.240799999999999272e+03,1.175354003906250000e+02,4.209999999999999964e+00,1.552999999999999936e+01,1.542679687500000085e+01
8.240899999999999636e+03,1.181579589843750000e+02,4.250000000000000000e+00,1.525000000000000000e+01,1.546125000000000149e+01
8.241000000000000000e+03,1.175537109375000000e+02,4.242499999999999716e+00,1.553999999999999915e+01,1.541804687499999993e+01
8.241100000000000364e+03,1.195312500000000000e+02,4.242499999999999716e+00,1.544999999999999929e+01,1.539781250000000057e+01
8.241200000000000728e+03,1.198608398437500000e+02,4.344999999999999751e+00,1.554999999999999893e+01,1.548914062500000099e+01
8.241299999999999272e+03,1.194213867187500000e+02,4.306250000000000355e+00,1.517999999999999972e+01,1.549898437500000092e+01
8.241399999999999636e+03,1.200805664062500000e+02,4.268749999999999822e+00,1.541999999999999993e+01,1.542023437500000149e+01
8.241500000000000000e+03,1.202270507812500000e+02,4.355000000000000426e+00,1.542999999999999972e+01,1.548148437500000085e+01
8.241600000000000364e+03,1.218566894531250000e+02,4.325000000000000178e+00,1.548000000000000043e+01,1.545304687500000007e+01
8.241700000000000728e+03,1.219116210937500000e+02,4.387500000000000178e+00,1.556000000000000050e+01,1.545031250000000078e+01
8.241799999999999272e+03,1.214355468750000000e+02,4.394999999999999574e+00,1.547749999999999915e+01,1.546562500000000107e+01
8.241899999999999636e+03,1.220947265625000000e+02,4.419999999999999929e+00,1.554999999999999893e+01,1.542242187500000128e+01
8.242000000000000000e+03,1.232849121093750000e+02,4.422500000000000320e+00,1.533999999999999986e+01,1.546179687500000099e+01
8.242100000000000364e+03,1.238342285156250000e+02,4.455000000000000071e+00,1.536999999999999922e+01,1.540546875000000071e+01
8.242200000000000728e+03,1.239074707031250000e+02,4.452500000000000568e+00,1.537999999999999901e+01,1.546070312500000021e+01
8.242299999999999272e+03,1.234680175781250000e+02,4.482499999999999929e+00,1.529999999999999893e+01,1.543937500000000007e+01
8.242399999999999636e+03,1.242187500000000000e+02,4.519999999999999574e+00,1.536999999999999922e+01,1.546234375000000050e+01
8.242500000000000000e+03,1.236511230468750000e+02,4.554999999999999716e+00,1.560999999999999943e+01,1.547710937500000128e+01
8.242600000000000364e+03,1.240905761718750000e+02,4.572499999999999787e+00,1.543999999999999950e+01,1.542625000000000135e+01
8.242700000000000728e+03,1.240905761718750000e+02,4.312499999999985789e-02,1.529999999999999893e+01,-4.921875000000053291e-02
8.242799999999999272e+03,1.236877441406250000e+02,4.062499999999991118e-02,1.541999999999999993e+01,-4.375000000000106581e-02
8.242899999999999636e+03,1.242553710937500000e+02,1.312500000000005329e-02,1.543999999999999950e+01,-6.015625000000035527e-02
8.243000000000000000e+03,1.236145019531250000e+02,5.312500000000008882e-02,1.558999999999999986e+01,-2.078125000000063949e-02
8.243100000000000364e+03,1.241271972656250000e+02,4.562499999999980460e-02,1.534999999999999964e+01,-6.234375000000103029e-02
8.243200000000000728e+03,1.241088867187500000e+02,4.562499999999980460e-02,1.541999999999999993e+01,-3.007812500000106581e-02
8.243299999999999272e+03,1.236877441406250000e+02,2.312499999999984013e-02,1.557000000000000028e+01,-8.750000000000035527e-02
8.243399999999999636e+03,1.242370605468750000e+02,3.062500000000012434e-02,1.543999999999999950e+01,-4.375000000000106581e-02
8.243500000000000000e+03,1.236145019531250000e+02,4.562499999999980460e-02,1.539000000000000057e+01,-8.367187500000028422e-02
8.243600000000000364e+03,1.240905761718750000e+02,1.562500000000000000e-02,1.543999999999999950e+01,-4.648437500000035527e-02
8.243700000000000728e+03,1.233032226562500000e+02,1.062500000000010658e-02,1.549000000000000021e+01,-3.226562500000085265e-02
8.243799999999999272e+03,1.220947265625000000e+02,2.812499999999973355e-02,1.541000000000000014e+01,-7.273437500000046185e-02
8.243899999999999636e+03,1.226623535156250000e+02,3.062500000000012434e-02,1.552999999999999936e+01,-1.039062500000031974e-02
8.244000000000000000e+03,1.220214843750000000e+02,4.562499999999980460e-02,1.558999999999999986e+01,-7.328125000000085265e-02
8.244100000000000364e+03,1.225158691406250000e+02,3.062500000000012434e-02,1.551999999999999957e+01,2.406249999999943157e-02
8.244200000000000728e+03,1.196044921875000000e+02,4.312499999999985789e-02,1.556000000000000050e+01,-7.656250000000053291e-02
8.244299999999999272e+03,1.189636230468750000e+02,1.812499999999994671e-02,1.533750000000000036e+01,-3.226562500000085265e-02
8.244399999999999636e+03,1.195861816406250000e+02,3.312500000000007105e-02,1.533750000000000036e+01,-6.835937500000088818e-02
8.244500000000000000e+03,1.189819335937500000e+02,2.312499999999984013e-02,1.540000000000000036e+01,-4.757812500000024869e-02
8.244600000000000364e+03,1.159240722656250000e+02,6.249999999998756550e-04,1.564000000000000057e+01,1.148437499999932498e-02
8.244700000000000728e+03,1.149353027343750000e+02,4.062499999999991118e-02,1.545999999999999908e+01,-2.406250000000031974e-02
8.244799999999999272e+03,1.144592285156250000e+02,5.062500000000014211e-02,1.528999999999999915e+01,-8.148437500000049738e-02
8.244899999999999636e+03,1.150085449218750000e+02,8.062499999999994671e-02,1.533999999999999986e+01,-1.110156250000002842e-01
8.245000000000000000e+03,1.136352539062500000e+02,1.812499999999994671e-02,1.556000000000000050e+01,-1.367187500000088818e-02
8.245100000000000364e+03,1.110717773437500000e+02,7.812500000000000000e-02,1.534999999999999964e+01,-6.289062500000053291e-02
8.245200000000000728e+03,1.109802246093750000e+02,6.812499999999976907e-02,1.541999999999999993e+01,-2.078125000000063949e-02
8.245299999999999272e+03,1.105590820312500000e+02,5.812499999999998224e-02,1.551999999999999957e+01,-4.976562500000092371e-02
8.245399999999999636e+03,1.111267089843750000e+02,7.312500000000010658e-02,1.552999999999999936e+01,-4.156250000000039080e-02
8.245500000000000000e+03,1.077575683593750000e+02,4.562499999999980460e-02,1.533999999999999986e+01,-4.210937500000078160e-02
8.245600000000000364e+03,1.077392578125000000e+02,6.062499999999992895e-02,1.558000000000000007e+01,-1.104687500000007816e-01
8.245700000000000728e+03,1.077941894531250000e+02,5.062500000000014211e-02,1.541999999999999993e+01,-4.265625000000028422e-02
8.245799999999999272e+03,1.073364257812500000e+02,1.312500000000005329e-02,1.549000000000000021e+01,3.281249999999680256e-03
8.245899999999999636e+03,1.063659667968750000e+02,3.562500000000001776e-02,1.547000000000000064e+01,-5.906250000000046185e-02
8.246000000000000000e+03,1.046081542968750000e+02,2.062499999999989342e-02,1.541999999999999993e+01,-3.882812500000110134e-02
8.246100000000000364e+03,1.049377441406250000e+02,5.062500000000014211e-02,1.536999999999999922e+01,-4.046875000000049738e-02
8.246200000000000728e+03,1.050476074218750000e+02,5.562500000000003553e-02,1.544999999999999929e+01,-5.906250000000046185e-02
8.246299999999999272e+03,1.045166015625000000e+02,3.062500000000012434e-02,1.558000000000000007e+01,-3.226562500000085265e-02
8.246399999999999636e+03,1.027587890625000000e+02,2.562499999999978684e-02,1.535999999999999943e+01,-4.101562500000088818e-02
8.246500000000000000e+03,1.020629882812500000e+02,5.062500000000014211e-02,1.556000000000000050e+01,-2.953125000000067502e-02
8.246600000000000364e+03,1.024658203125000000e+02,5.062500000000014211e-02,1.547000000000000064e+01,-8.421875000000067502e-02
8.246700000000000728e+03,1.025390625000000000e+02,5.562500000000003553e-02,1.558000000000000007e+01,-2.789062500000039080e-02
8.246799999999999272e+03,1.003601074218750000e+02,5.062500000000014211e-02,1.537999999999999901e+01,-2.460937500000071054e-02
8.246899999999999636e+03,1.003967285156250000e+02,1.562500000000000000e-02,1.544999999999999929e+01,-5.140625000000031974e-02
8.247000000000000000e+03,9.992065429687500000e+01,6.062499999999992895e-02,1.536999999999999922e+01,-6.125000000000024869e-02
8.247100000000000364e+03,1.002136230468750000e+02,3.812499999999996447e-02,1.552999999999999936e+01,-9.296875000000426326e-03
8.247200000000000728e+03,9.986572265625000000e+01,4.062499999999991118e-02,1.541000000000000014e+01,-9.187500000000081712e-02
8.247299999999999272e+03,9.792480468750000000e+01,2.812499999999973355e-02,1.558000000000000007e+01,-5.468750000003907985e-04
8.247399999999999636e+03,9.834594726562500000e+01,6.062499999999992895e-02,1.562999999999999901e+01,-6.890625000000039080e-02
8.247500000000000000e+03,9.790649414062500000e+01,2.062499999999989342e-02,1.558999999999999986e+01,-4.757812500000024869e-02
8.247600000000000364e+03,9.819946289062500000e+01,5.312500000000008882e-02,1.526750000000000007e+01,-3.335937500000074607e-02
8.247700000000000728e+03,9.660644531250000000e+01,5.062500000000014211e-02,1.537999999999999901e+01,-5.468750000000355271e-03
8.247799999999999272e+03,9.596557617187500000e+01,4.062499999999991118e-02,1.540000000000000036e+01,-7.765625000000042633e-02
8.247899999999999636e+03,9.647827148437500000e+01,4.062499999999991118e-02,1.558999999999999986e+01,-9.843750000000817124e-03
8.248000000000000000e+03,9.603881835937500000e+01,3.562500000000001776e-02,1.544999999999999929e+01,-6.234375000000103029e-02
8.248100000000000364e+03,9.532470703125000000e+01,-6.874999999999964473e-03,1.553999999999999915e+01,-6.835937500000088818e-02
8.248200000000000728e+03,9.479370117187500000e+01,6.312499999999987566e-02,1.556000000000000050e+01,-1.060937500000003197e-01
8.248299999999999272e+03,9.422607421875000000e+01,4.312499999999985789e-02,1.536999999999999922e+01,-7.164062500000056843e-02
8.248399999999999636e+03,9.481201171875000000e+01,3.312500000000007105e-02,1.540000000000000036e+01,-3.007812500000106581e-02
8.248500000000000000e+03,9.435424804687500000e+01,4.062499999999991118e-02,1.552999999999999936e+01,-6.070312500000074607e-02
8.248600000000000364e+03,9.299926757812500000e+01,1.312500000000005329e-02,1.562999999999999901e+01,-4.593750000000085265e-02
8.248700000000000728e+03,9.301757812500000000e+01,1.812499999999994671e-02,1.548749999999999893e+01,-4.101562500000088818e-02
8.248799999999999272e+03,9.254150390625000000e+01,4.562499999999980460e-02,1.533999999999999986e+01,-8.203125000000088818e-02
8.248899999999999636e+03,9.309082031250000000e+01,4.812499999999975131e-02,1.532000000000000028e+01,-2.023437500000024869e-02
8.249000000000000000e+03,9.149780273437500000e+01,4.312499999999985789e-02,1.532000000000000028e+01,-4.703125000000074607e-02
8.249100000000000364e+03,9.140625000000000000e+01,4.812499999999975131e-02,1.540000000000000036e+01,-7.875000000000031974e-02
8.249200000000000728e+03,9.147949218750000000e+01,3.812499999999996447e-02,1.564000000000000057e+01,-2.843750000000078160e-02
8.249299999999999272e+03,9.102172851562500000e+01,6.812499999999976907e-02,1.520999999999999908e+01,-2.242187500000092371e-02
8.249399999999999636e+03,9.129638671875000000e+01,2.312499999999984013e-02,1.550000000000000000e+01,-6.179687500000063949e-02
8.249500000000000000e+03,8.968505859375000000e+01,5.562500000000003553e-02,1.539000000000000057e+01,-4.539062500000046185e-02
8.249600000000000364e+03,8.984985351562500000e+01,4.812499999999975131e-02,1.544999999999999929e+01,-1.640625000000106581e-02
8.249700000000000728e+03,8.997802734375000000e+01,5.312500000000008882e-02,1.572749999999999915e+01,-1.060937500000003197e-01
8.249799999999999272e+03,8.950195312500000000e+01,8.124999999999715783e-03,1.569999999999999929e+01,-1.039062500000031974e-02
8.249899999999999636e+03,8.871459960937500000e+01,2.812499999999973355e-02,1.520999999999999908e+01,-7.656250000001030287e-03
8.250000000000000000e+03,8.818359375000000000e+01,8.124999999999715783e-03,1.559999999999999964e+01,-1.148437500000110134e-02
8.250100000000000364e+03,8.834838867187500000e+01,5.562500000000003553e-02,1.558999999999999986e+01,-7.875000000000031974e-02
8.250200000000000728e+03,8.847656250000000000e+01,6.062499999999992895e-02,1.550000000000000000e+01,-5.578125000000078160e-02
8.250299999999999272e+03,8.726806640625000000e+01,6.812499999999976907e-02,1.534999999999999964e+01,-4.429687500000056843e-02
8.250399999999999636e+03,8.715820312500000000e+01,3.812499999999996447e-02,1.551999999999999957e+01,-5.359375000000099476e-02
8.250500000000000000e+03,8.675537109375000000e+01,5.062500000000014211e-02,1.527999999999999936e+01,-9.570312500000088818e-02
8.250600000000000364e+03,8.695678710937500000e+01,3.062500000000012434e-02,1.556000000000000050e+01,-2.515625000000110134e-02
8.250700000000000728e+03,8.706665039062500000e+01,1.062500000000010658e-02,1.539000000000000057e+01,-3.554687500000053291e-02
8.250799999999999272e+03,8.529052734375000000e+01,4.562499999999980460e-02,1.553999999999999915e+01,-5.085937500000081712e-02
8.250899999999999636e+03,8.574829101562500000e+01,5.312500000000008882e-02,1.544999999999999929e+01,-5.742187500000106581e-02
8.251000000000000000e+03,8.536376953125000000e+01,3.062500000000012434e-02,1.564000000000000057e+01,-8.476562500000106581e-02
8.251100000000000364e+03,8.558349609375000000e+01,2.312499999999984013e-02,1.545999999999999908e+01,-6.671875000000060396e-02
8.251200000000000728e+03,8.470458984375000000e+01,4.562499999999980460e-02,1.566000000000000014e+01,8.203124999999644729e-03
8.251299999999999272e+03,8.395385742187500000e+01,2.562499999999978684e-02,1.534999999999999964e+01,-7.875000000000031974e-02
8.251399999999999636e+03,8.442993164062500000e+01,3.562500000000001776e-02,1.535999999999999943e+01,-5.359375000000099476e-02
8.251500000000000000e+03,8.408203125000000000e+01,1.062500000000010658e-02,1.539000000000000057e+01,-1.695312500000056843e-02
8.251600000000000364e+03,8.400878906250000000e+01,4.812499999999975131e-02,1.545999999999999908e+01,-5.468750000000355271e-03
8.251700000000000728e+03,8.312988281250000000e+01,1.562500000000000000e-02,1.541999999999999993e+01,-7.875000000000031974e-02
8.251799999999999272e+03,8.261718750000000000e+01,5.062500000000014211e-02,1.545999999999999908e+01,-5.851562500000095923e-02
8.251899999999999636e+03,8.311157226562500000e+01,5.062500000000014211e-02,1.535999999999999943e+01,-7.054687500000067502e-02
8.252000000000000000e+03,8.280029296875000000e+01,5.312500000000008882e-02,1.539000000000000057e+01,1.968749999999896971e-02
8.252100000000000364e+03,8.181152343750000000e+01,5.312500000000008882e-02,1.540000000000000036e+01,-7.437500000000074607e-02
8.252200000000000728e+03,8.181152343750000000e+01,3.812499999999996447e-02,1.543999999999999950e+01,-3.828125000000071054e-02
8.252299999999999272e+03,8.129882812500000000e+01,5.812499999999998224e-02,1.547000000000000064e+01,-4.703125000000074607e-02
8.252399999999999636e+03,8.181152343750000000e+01,4.312499999999985789e-02,1.554999999999999893e+01,-2.734375000000088818e-02
8.252500000000000000e+03,8.089599609375000000e+01,5.312500000000008882e-02,1.534999999999999964e+01,-9.734375000000028422e-02
8.252600000000000364e+03,8.038330078125000000e+01,6.062499999999992895e-02,1.542999999999999972e+01,-5.687500000000067502e-02
8.252700000000000728e+03,8.049316406250000000e+01,3.062500000000012434e-02,1.541000000000000014e+01,-2.187500000000053291e-02
8.252799999999999272e+03,8.001708984375000000e+01,5.562500000000003553e-02,1.559999999999999964e+01,-2.187500000000053291e-02
8.252899999999999636e+03,8.051147460937500000e+01,1.812499999999994671e-02,1.541000000000000014e+01,-2.406250000000031974e-02
8.253000000000000000e+03,7.906494140625000000e+01,4.812499999999975131e-02,1.561999999999999922e+01,-3.500000000000103029e-02
8.253100000000000364e+03,7.917480468750000000e+01,4.312499999999985789e-02,1.547000000000000064e+01,-7.929687500000071054e-02
8.253200000000000728e+03,7.928466796875000000e+01,5.312500000000008882e-02,1.528749999999999964e+01,-6.562500000000071054e-02
8.253299999999999272e+03,7.880859375000000000e+01,4.562499999999980460e-02,1.560999999999999943e+01,-2.187500000000053291e-02
8.253399999999999636e+03,7.844238281250000000e+01,5.312500000000008882e-02,1.552999999999999936e+01,-7.328125000000085265e-02
8.253500000000000000e+03,7.781982421875000000e+01,4.312499999999985789e-02,1.542999999999999972e+01,-4.210937500000078160e-02
8.253600000000000364e+03,7.794799804687500000e+01,4.312499999999985789e-02,1.536500000000000021e+01,-4.375000000000106581e-02
8.253700000000000728e+03,7.807617187500000000e+01,3.312500000000007105e-02,1.544999999999999929e+01,-4.867187500000103029e-02
8.253799999999999272e+03,7.747192382812500000e+01,5.312500000000008882e-02,1.552749999999999986e+01,2.132812499999925393e-02
8.253899999999999636e+03,7.703247070312500000e+01,4.062499999999991118e-02,1.549000000000000021e+01,-1.695312500000056843e-02
8.254000000000000000e+03,7.670288085937500000e+01,1.312500000000005329e-02,1.550999999999999979e+01,-7.875000000000031974e-02
8.254100000000000364e+03,7.683105468750000000e+01,5.312500000000008882e-02,1.566000000000000014e+01,1.093749999999893419e-02
8.254200000000000728e+03,7.697753906250000000e+01,2.562499999999978684e-02,1.538749999999999929e+01,-7.109375000000106581e-02
8.254299999999999272e+03,7.556762695312500000e+01,2.812499999999973355e-02,1.562999999999999901e+01,-2.789062500000039080e-02
8.254399999999999636e+03,7.591552734375000000e+01,3.312500000000007105e-02,1.541999999999999993e+01,-4.375000000000106581e-02
8.254500000000000000e+03,7.558593750000000000e+01,5.312500000000008882e-02,1.543999999999999950e+01,4.374999999999573674e-03
8.254600000000000364e+03,7.573242187500000000e+01,1.062500000000010658e-02,1.510749999999999993e+01,-4.976562500000092371e-02
8.254700000000000728e+03,7.540283203125000000e+01,1.812499999999994671e-02,1.555749999999999922e+01,-6.562500000000071054e-02
8.254799999999999272e+03,7.432250976562500000e+01,3.062500000000012434e-02,1.527999999999999936e+01,-8.914062500000063949e-02
8.254899999999999636e+03,7.479858398437500000e+01,6.312499999999987566e-02,1.553999999999999915e+01,1.640624999999396039e-03
8.255000000000000000e+03,7.450561523437500000e+01,4.062499999999991118e-02,1.548000000000000043e+01,-4.867187500000103029e-02
8.255100000000000364e+03,7.461547851562500000e+01,3.312500000000007105e-02,1.515000000000000036e+01,-6.015625000000746070e-03
8.255200000000000728e+03,7.373657226562500000e+01,5.062500000000014211e-02,1.542999999999999972e+01,-1.421875000000039080e-02
8.255299999999999272e+03,7.320556640625000000e+01,4.562499999999980460e-02,1.561999999999999922e+01,-1.585937500000067502e-02
8.255399999999999636e+03,7.369995117187500000e+01,4.562499999999980460e-02,1.545999999999999908e+01,-3.773437500000031974e-02
8.255500000000000000e+03,7.342529296875000000e+01,2.812499999999973355e-02,1.552999999999999936e+01,-9.406250000000060396e-02
8.255600000000000364e+03,7.282104492187500000e+01,6.062499999999992895e-02,1.545999999999999908e+01,-6.726562500000099476e-02
8.255700000000000728e+03,7.267456054687500000e+01,1.812499999999994671e-02,1.548000000000000043e+01,-4.921875000000053291e-02
8.255799999999999272e+03,7.221679687500000000e+01,2.812499999999973355e-02,1.539000000000000057e+01,-2.406250000000031974e-02
8.255899999999999636e+03,7.269287109375000000e+01,2.312499999999984013e-02,1.529999999999999893e+01,-8.203125000000532907e-03
8.256000000000000000e+03,7.239990234375000000e+01,4.312499999999985789e-02,1.564000000000000057e+01,-2.898437500000028422e-02
8.256100000000000364e+03,7.155761718750000000e+01,2.562499999999978684e-02,1.541000000000000014e+01,-2.734375000000088818e-02
8.256200000000000728e+03,7.164916992187500000e+01,2.812499999999973355e-02,1.551999999999999957e+01,-8.203125000000088818e-02
8.256299999999999272e+03,7.120971679687500000e+01,5.812499999999998224e-02,1.539000000000000057e+01,-3.718750000000081712e-02
8.256399999999999636e+03,7.166748046875000000e+01,4.062499999999991118e-02,1.551999999999999957e+01,1.531249999999939604e-02
8.256500000000000000e+03,7.058715820312500000e+01,4.312499999999985789e-02,1.549000000000000021e+01,-6.617187500000110134e-02
8.256600000000000364e+03,7.051391601562500000e+01,5.062500000000014211e-02,1.522000000000000064e+01,-2.242187500000092371e-02
8.256700000000000728e+03,7.066040039062500000e+01,1.562500000000000000e-02,1.556000000000000050e+01,-4.867187500000103029e-02
8.256799999999999272e+03,7.022094726562500000e+01,1.562500000000000000e-02,1.551999999999999957e+01,-5.250000000000110134e-02
8.256899999999999636e+03,7.034912109375000000e+01,2.812499999999973355e-02,1.564000000000000057e+01,-5.578125000000078160e-02
8.257000000000000000e+03,6.945190429687500000e+01,6.312499999999987566e-02,1.529999999999999893e+01,-2.187500000000053291e-02
8.257100000000000364e+03,6.952514648437500000e+01,5.562500000000003553e-02,1.533000000000000007e+01,-6.289062500000053291e-02
8.257200000000000728e+03,6.967163085937500000e+01,3.562500000000001776e-02,1.532000000000000028e+01,-9.132812500000042633e-02
8.257299999999999272e+03,6.921386718750000000e+01,3.312500000000007105e-02,1.550999999999999979e+01,2.953124999999889866e-02
8.257399999999999636e+03,6.875610351562500000e+01,3.562500000000001776e-02,1.533000000000000007e+01,-7.218750000000095923e-02
8.257500000000000000e+03,6.842651367187500000e+01,2.062499999999989342e-02,1.562999999999999901e+01,-4.703125000000074607e-02
8.257600000000000364e+03,6.849975585937500000e+01,5.062500000000014211e-02,1.561999999999999922e+01,-5.359375000000099476e-02
8.257700000000000728e+03,6.866455078125000000e+01,7.874999999999987566e-02,1.567249999999999943e+01,-1.421875000000039080e-02
8.257799999999999272e+03,6.771240234375000000e+01,4.562499999999980460e-02,1.547000000000000064e+01,-4.429687500000056843e-02
8.257899999999999636e+03,6.773071289062500000e+01,4.062499999999991118e-02,1.550999999999999979e+01,-2.187500000000053291e-02
8.258000000000000000e+03,6.751098632812500000e+01,3.562500000000001776e-02,1.549000000000000021e+01,-3.226562500000085265e-02
8.258100000000000364e+03,6.758422851562500000e+01,6.249999999998756550e-04,1.535999999999999943e+01,-7.492187500000024869e-02
8.258200000000000728e+03,6.774902343750000000e+01,2.062499999999989342e-02,1.531000000000000050e+01,-4.156250000000039080e-02
8.258299999999999272e+03,6.644897460937500000e+01,5.062500000000014211e-02,1.552999999999999936e+01,-7.328125000000085265e-02
8.258399999999999636e+03,6.685180664062500000e+01,6.812499999999976907e-02,1.528999999999999915e+01,-2.078125000000063949e-02
8.258500000000000000e+03,6.661376953125000000e+01,3.562500000000001776e-02,1.539000000000000057e+01,-5.960937500000085265e-02
8.258600000000000364e+03,6.672363281250000000e+01,6.312499999999987566e-02,1.558000000000000007e+01,-2.132812500000103029e-02
8.258700000000000728e+03,6.624755859375000000e+01,5.562500000000003553e-02,1.554999999999999893e+01,1.093749999999005240e-03
8.258799999999999272e+03,6.562500000000000000e+01,5.312500000000008882e-02,1.525999999999999979e+01,-5.085937500000081712e-02
8.258899999999999636e+03,6.608276367187500000e+01,2.312499999999984013e-02,1.565000000000000036e+01,-3.390625000000024869e-02
8.259000000000000000e+03,6.584472656250000000e+01,2.562499999999978684e-02,1.545999999999999908e+01,-3.335937500000074607e-02
8.259100000000000364e+03,6.575317382812500000e+01,6.312499999999987566e-02,1.524000000000000021e+01,-5.687500000000067502e-02
8.259200000000000728e+03,6.516723632812500000e+01,3.062500000000012434e-02,1.541000000000000014e+01,-8.039062500000060396e-02
8.259299999999999272e+03,6.470947265625000000e+01,2.062499999999989342e-02,1.544999999999999929e+01,-6.398437500000042633e-02
8.259399999999999636e+03,6.514892578125000000e+01,4.562499999999980460e-02,1.552999999999999936e+01,-1.148437500000110134e-02
8.259500000000000000e+03,6.492919921875000000e+01,5.812499999999998224e-02,1.545999999999999908e+01,-8.750000000000923706e-03
8.259600000000000364e+03,6.430664062500000000e+01,5.562500000000003553e-02,1.545999999999999908e+01,-9.898437500000056843e-02
8.259700000000000728e+03,6.436157226562500000e+01,3.124999999999822364e-03,1.559999999999999964e+01,-4.484375000000095923e-02
8.259799999999999272e+03,6.394042968750000000e+01,5.062500000000014211e-02,1.561999999999999922e+01,-5.687500000000067502e-02
8.259899999999999636e+03,6.437988281250000000e+01,4.062499999999991118e-02,1.545999999999999908e+01,-7.164062500000056843e-02
8.260000000000000000e+03,6.375732421875000000e+01,5.562500000000003553e-02,1.541000000000000014e+01,-4.375000000000461853e-03
8.260100000000000364e+03,6.339111328125000000e+01,5.312500000000008882e-02,1.544999999999999929e+01,-7.710937500000092371e-02
8.260200000000000728e+03,6.353759765625000000e+01,2.812499999999973355e-02,1.547000000000000064e+01,-2.078125000000063949e-02
8.260299999999999272e+03,6.309814453125000000e+01,7.062500000000015987e-02,1.560999999999999943e+01,-7.765625000000042633e-02
8.260399999999999636e+03,6.351928710937500000e+01,6.812499999999976907e-02,1.554999999999999893e+01,-5.523437500000039080e-02
8.260500000000000000e+03,6.256713867187500000e+01,4.312499999999985789e-02,1.547000000000000064e+01,-5.304687500000060396e-02
8.260600000000000364e+03,6.258544921875000000e+01,4.312499999999985789e-02,1.547000000000000064e+01,-6.617187500000110134e-02
8.260700000000000728e+03,6.275024414062500000e+01,3.812499999999996447e-02,1.540000000000000036e+01,-4.375000000000106581e-02
8.260799999999999272e+03,6.229248046875000000e+01,4.812499999999975131e-02,1.550999999999999979e+01,-5.085937500000081712e-02
8.260899999999999636e+03,6.210937500000000000e+01,7.062500000000015987e-02,1.556000000000000050e+01,-8.148437500000049738e-02
8.261000000000000000e+03,6.172485351562500000e+01,3.312500000000007105e-02,1.548000000000000043e+01,-7.875000000000031974e-02
8.261100000000000364e+03,6.176147460937500000e+01,3.312500000000007105e-02,1.550999999999999979e+01,-1.750000000000095923e-02
8.261200000000000728e+03,6.196289062500000000e+01,1.062500000000010658e-02,1.541999999999999993e+01,-4.046875000000049738e-02
8.261299999999999272e+03,6.148681640625000000e+01,3.312500000000007105e-02,1.525000000000000000e+01,1.695312499999968026e-02
8.261399999999999636e+03,6.115722656250000000e+01,6.812499999999976907e-02,1.528999999999999915e+01,1.695312499999968026e-02
8.261500000000000000e+03,6.093750000000000000e+01,6.249999999998756550e-04,1.559999999999999964e+01,3.828124999999182876e-03
8.261600000000000364e+03,6.099243164062500000e+01,4.812499999999975131e-02,1.539000000000000057e+01,-3.773437500000031974e-02
8.261700000000000728e+03,6.113891601562500000e+01,5.312500000000008882e-02,1.525000000000000000e+01,-4.101562500000088818e-02
8.261799999999999272e+03,6.013183593750000000e+01,1.312500000000005329e-02,1.529999999999999893e+01,-4.593750000000085265e-02
8.261899999999999636e+03,6.044311523437500000e+01,5.062500000000014211e-02,1.549000000000000021e+01,-5.250000000000110134e-02
8.262000000000000000e+03,6.020507812500000000e+01,2.062499999999989342e-02,1.543999999999999950e+01,7.109374999999751310e-03
8.262100000000000364e+03,6.027832031250000000e+01,5.062500000000014211e-02,1.527999999999999936e+01,-6.726562500000099476e-02
8.262200000000000728e+03,6.018676757812500000e+01,8.875000000000010658e-02,1.553999999999999915e+01,-2.789062500000039080e-02
8.262299999999999272e+03,5.936279296875000000e+01,4.812499999999975131e-02,1.541000000000000014e+01,-7.875000000000031974e-02
8.262399999999999636e+03,5.972900390625000000e+01,5.812499999999998224e-02,1.541999999999999993e+01,-4.265625000000028422e-02
8.262500000000000000e+03,5.956420898437500000e+01,5.312500000000008882e-02,1.554999999999999893e+01,-3.882812500000110134e-02
8.262600000000000364e+03,5.956420898437500000e+01,4.562499999999980460e-02,1.557000000000000028e+01,-5.851562500000095923e-02
8.262700000000000728e+03,5.908813476562500000e+01,2.812499999999973355e-02,1.540000000000000036e+01,-7.656250000001030287e-03
8.262799999999999272e+03,5.857543945312500000e+01,6.312499999999987566e-02,1.556000000000000050e+01,-2.460937500000071054e-02
8.262899999999999636e+03,5.901489257812500000e+01,4.812499999999975131e-02,1.544999999999999929e+01,-3.992187500000099476e-02
8.263000000000000000e+03,5.883178710937500000e+01,3.312500000000007105e-02,1.541000000000000014e+01,-3.828125000000959233e-03
8.263100000000000364e+03,5.844726562500000000e+01,2.062499999999989342e-02,1.542999999999999972e+01,-9.296875000000426326e-03
8.263200000000000728e+03,5.833740234375000000e+01,6.312499999999987566e-02,1.536999999999999922e+01,-7.929687500000071054e-02
8.263299999999999272e+03,5.791625976562500000e+01,4.312499999999985789e-02,1.536999999999999922e+01,-2.734375000001065814e-03
8.263399999999999636e+03,5.831909179687500000e+01,5.312500000000008882e-02,1.548000000000000043e+01,-7.984375000000110134e-02
8.263500000000000000e+03,5.815429687500000000e+01,2.812499999999973355e-02,1.544999999999999929e+01,-7.929687500000071054e-02
8.263600000000000364e+03,5.749511718750000000e+01,4.812499999999975131e-02,1.542999999999999972e+01,-4.156250000000039080e-02
8.263700000000000728e+03,5.760498046875000000e+01,1.562500000000000000e-02,1.533000000000000007e+01,-3.171875000000046185e-02
8.263799999999999272e+03,5.723876953125000000e+01,4.812499999999975131e-02,1.536999999999999922e+01,-5.523437500000039080e-02
8.263899999999999636e+03,5.762329101562500000e+01,5.062500000000014211e-02,1.557000000000000028e+01,2.460937499999893419e-02
8.264000000000000000e+03,5.690917968750000000e+01,4.062499999999991118e-02,1.531000000000000050e+01,-4.539062500000046185e-02
8.264100000000000364e+03,5.674438476562500000e+01,4.062499999999991118e-02,1.559999999999999964e+01,-6.289062500000053291e-02
8.264200000000000728e+03,5.692749023437500000e+01,4.312499999999985789e-02,1.542999999999999972e+01,-3.171875000000046185e-02
8.264299999999999272e+03,5.650634765625000000e+01,3.062500000000012434e-02,1.554749999999999943e+01,-3.226562500000085265e-02
8.264399999999999636e+03,5.679931640625000000e+01,3.812499999999996447e-02,1.559999999999999964e+01,-3.281250000000035527e-02
8.264500000000000000e+03,5.606689453125000000e+01,5.312500000000008882e-02,1.557000000000000028e+01,-7.546875000000063949e-02
8.264600000000000364e+03,5.604858398437500000e+01,6.312499999999987566e-02,1.558000000000000007e+01,-7.546875000000063949e-02
8.264700000000000728e+03,5.619506835937500000e+01,2.562499999999978684e-02,1.540000000000000036e+01,-5.742187500000106581e-02
8.264799999999999272e+03,5.582885742187500000e+01,4.562499999999980460e-02,1.544999999999999929e+01,-1.093750000000071054e-02
8.264899999999999636e+03,5.570068359375000000e+01,-2.625000000000001776e-01,1.520999999999999908e+01,-3.773437500000031974e-02
8.265000000000000000e+03,5.542602539062500000e+01,2.312499999999984013e-02,1.547000000000000064e+01,-8.695312500000085265e-02
8.265100000000000364e+03,5.544433593750000000e+01,5.812499999999998224e-02,1.548000000000000043e+01,-5.960937500000085265e-02
8.265200000000000728e+03,5.560913085937500000e+01,3.812499999999996447e-02,1.543999999999999950e+01,-1.640625000000106581e-02
8.265299999999999272e+03,5.496826171875000000e+01,6.562499999999982236e-02,1.541000000000000014e+01,-2.570312500000060396e-02
8.265399999999999636e+03,5.504150390625000000e+01,6.062499999999992895e-02,1.526999999999999957e+01,-3.664062500000042633e-02
8.265500000000000000e+03,5.484008789062500000e+01,3.312500000000007105e-02,1.541000000000000014e+01,2.132812499999925393e-02
8.265600000000000364e+03,5.487670898437500000e+01,4.812499999999975131e-02,1.534999999999999964e+01,-4.593750000000085265e-02
8.265700000000000728e+03,5.498657226562500000e+01,1.812499999999994671e-02,1.547000000000000064e+01,-7.382812500000035527e-02
8.265799999999999272e+03,5.408935546875000000e+01,4.812499999999975131e-02,1.525999999999999979e+01,-8.039062500000060396e-02
8.265899999999999636e+03,5.441894531250000000e+01,4.812499999999975131e-02,1.541999999999999993e+01,-8.585937500000095923e-02
8.266000000000000000e+03,5.427246093750000000e+01,4.562499999999980460e-02,1.533999999999999986e+01,-7.492187500000024869e-02
8.266100000000000364e+03,5.427246093750000000e+01,1.812499999999994671e-02,1.568999999999999950e+01,-5.359375000000099476e-02
8.266200000000000728e+03,5.399780273437500000e+01,6.062499999999992895e-02,1.543999999999999950e+01,-4.320312500000067502e-02
8.266299999999999272e+03,5.343017578125000000e+01,7.812500000000000000e-02,1.533000000000000007e+01,-4.867187500000103029e-02
8.266399999999999636e+03,5.377807617187500000e+01,3.812499999999996447e-02,1.533000000000000007e+01,-1.531250000000028422e-02
8.266500000000000000e+03,5.361328125000000000e+01,3.562500000000001776e-02,1.520999999999999908e+01,4.921874999999076294e-03
8.266600000000000364e+03,5.361328125000000000e+01,4.812499999999975131e-02,1.536999999999999922e+01,-1.257812500000099476e-02
8.266700000000000728e+03,5.326538085937500000e+01,6.249999999998756550e-04,1.544999999999999929e+01,-3.445312500000063949e-02
8.266799999999999272e+03,5.288085937500000000e+01,5.312500000000008882e-02,1.566000000000000014e+01,-3.882812500000110134e-02
8.266899999999999636e+03,5.321044921875000000e+01,6.812499999999976907e-02,1.533000000000000007e+01,-6.890625000000039080e-02
8.267000000000000000e+03,5.306396484375000000e+01,1.562500000000000000e-02,1.566999999999999993e+01,-1.859375000000085265e-02
8.267100000000000364e+03,5.310058593750000000e+01,1.562500000000000000e-02,1.549000000000000021e+01,-7.437500000000074607e-02
8.267200000000000728e+03,5.324707031250000000e+01,7.812500000000000000e-02,1.534999999999999964e+01,-3.882812500000110134e-02
8.267299999999999272e+03,5.286254882812500000e+01,4.312499999999985789e-02,1.553999999999999915e+01,-2.187500000000053291e-02
8.267399999999999636e+03,5.324707031250000000e+01,3.562500000000001776e-02,1.542999999999999972e+01,-6.890625000000039080e-02
8.267500000000000000e+03,5.306396484375000000e+01,3.062500000000012434e-02,1.524750000000000050e+01,-7.546875000000063949e-02
8.267600000000000364e+03,5.306396484375000000e+01,4.812499999999975131e-02,1.528999999999999915e+01,-1.421875000000039080e-02
8.267700000000000728e+03,5.322875976562500000e+01,2.947499999999999787e+00,1.525000000000000000e+01,1.553726562500000163e+01
8.267799999999999272e+03,5.286254882812500000e+01,2.979999999999999982e+00,1.543999999999999950e+01,1.548695312500000121e+01
8.267899999999999636e+03,5.322875976562500000e+01,2.939999999999999947e+00,1.538749999999999929e+01,1.549242187500000156e+01
8.268000000000000000e+03,5.348510742187500000e+01,2.962499999999999911e+00,1.533750000000000036e+01,1.548257812500000163e+01
8.268100000000000364e+03,5.359497070312500000e+01,3.024999999999999911e+00,1.517999999999999972e+01,1.549078125000000128e+01
8.268200000000000728e+03,5.368652343750000000e+01,3.042499999999999982e+00,1.545999999999999908e+01,1.542078125000000099e+01
8.268299999999999272e+03,5.332031250000000000e+01,3.015000000000000124e+00,1.524000000000000021e+01,1.544648437500000071e+01
8.268399999999999636e+03,5.504150390625000000e+01,2.984999999999999876e+00,1.541999999999999993e+01,1.545414062500000085e+01
8.268500000000000000e+03,5.559082031250000000e+01,3.052500000000000213e+00,1.514000000000000057e+01,1.546398437500000078e+01
8.268600000000000364e+03,5.570068359375000000e+01,3.055000000000000160e+00,1.549000000000000021e+01,1.549460937500000135e+01
8.268700000000000728e+03,5.579223632812500000e+01,3.089999999999999858e+00,1.558999999999999986e+01,1.542351562500000028e+01
8.268799999999999272e+03,5.540771484375000000e+01,3.072499999999999787e+00,1.545999999999999908e+01,1.543226562500000121e+01
8.268899999999999636e+03,5.886840820312500000e+01,3.069999999999999840e+00,1.562999999999999901e+01,1.554109374999999993e+01
8.269000000000000000e+03,5.883178710937500000e+01,3.069999999999999840e+00,1.508499999999999908e+01,1.542187500000000000e+01
8.269100000000000364e+03,5.886840820312500000e+01,3.095000000000000195e+00,1.577999999999999936e+01,1.543171874999999993e+01
8.269200000000000728e+03,5.901489257812500000e+01,3.132499999999999840e+00,1.531000000000000050e+01,1.544812500000000099e+01
8.269299999999999272e+03,6.188964843750000000e+01,3.097500000000000142e+00,1.561999999999999922e+01,1.543500000000000050e+01
8.269399999999999636e+03,6.320800781250000000e+01,3.109999999999999876e+00,1.554999999999999893e+01,1.544484375000000043e+01
8.269500000000000000e+03,6.300659179687500000e+01,3.080000000000000071e+00,1.547000000000000064e+01,1.548531250000000092e+01
8.269600000000000364e+03,6.304321289062500000e+01,3.132499999999999840e+00,1.550000000000000000e+01,1.547109375000000142e+01
8.269700000000000728e+03,6.425170898437500000e+01,3.132499999999999840e+00,1.544999999999999929e+01,1.543664062500000078e+01
8.269799999999999272e+03,6.681518554687500000e+01,3.142500000000000071e+00,1.559999999999999964e+01,1.549953125000000043e+01
8.269899999999999636e+03,6.730957031250000000e+01,3.137500000000000178e+00,1.559999999999999964e+01,1.539343750000000099e+01
8.270000000000000000e+03,6.712646484375000000e+01,3.112499999999999822e+00,1.544999999999999929e+01,1.540601562500000021e+01
8.270100000000000364e+03,6.719970703125000000e+01,3.157500000000000195e+00,1.569999999999999929e+01,1.544976562500000128e+01
8.270200000000000728e+03,7.033081054687500000e+01,3.162500000000000089e+00,1.557000000000000028e+01,1.544593750000000121e+01
8.270299999999999272e+03,7.029418945312500000e+01,3.194999999999999840e+00,1.548000000000000043e+01,1.550062500000000121e+01
8.270399999999999636e+03,7.077026367187500000e+01,3.227500000000000036e+00,1.528999999999999915e+01,1.545523437500000163e+01
8.270500000000000000e+03,7.045898437500000000e+01,3.187500000000000000e+00,1.541000000000000014e+01,1.548257812500000163e+01
8.270600000000000364e+03,7.236328125000000000e+01,3.197499999999999787e+00,1.558999999999999986e+01,1.551429687500000121e+01
8.270700000000000728e+03,7.360839843750000000e+01,3.229999999999999982e+00,1.562999999999999901e+01,1.545031250000000078e+01
8.270799999999999272e+03,7.320556640625000000e+01,3.225000000000000089e+00,1.549000000000000021e+01,1.546562500000000107e+01
8.270899999999999636e+03,7.366333007812500000e+01,3.254999999999999893e+00,1.541999999999999993e+01,1.548804687500000021e+01
8.271000000000000000e+03,7.338867187500000000e+01,3.247500000000000053e+00,1.562999999999999901e+01,1.546343750000000128e+01
8.271100000000000364e+03,7.609863281250000000e+01,3.265000000000000124e+00,1.550000000000000000e+01,1.545578125000000114e+01
8.271200000000000728e+03,7.630004882812500000e+01,3.229999999999999982e+00,1.515000000000000036e+01,1.547929687500000107e+01
8.271299999999999272e+03,7.586059570312500000e+01,3.280000000000000249e+00,1.543750000000000000e+01,1.548695312500000121e+01
8.271399999999999636e+03,7.633666992187500000e+01,3.277499999999999858e+00,1.537999999999999901e+01,1.545578125000000114e+01
8.271500000000000000e+03,7.800292968750000000e+01,3.287500000000000089e+00,1.539000000000000057e+01,1.544210937500000114e+01
8.271600000000000364e+03,7.871704101562500000e+01,3.302500000000000213e+00,1.544749999999999979e+01,1.546234375000000050e+01
8.271700000000000728e+03,7.884521484375000000e+01,3.290000000000000036e+00,1.534999999999999964e+01,1.548148437500000085e+01
8.271799999999999272e+03,7.842407226562500000e+01,3.330000000000000071e+00,1.552999999999999936e+01,1.546343750000000128e+01
8.271899999999999636e+03,7.930297851562500000e+01,3.312500000000000000e+00,1.551999999999999957e+01,1.549296875000000107e+01
8.272000000000000000e+03,8.076782226562500000e+01,3.270000000000000018e+00,1.558000000000000007e+01,1.547984375000000057e+01
8.272100000000000364e+03,8.104248046875000000e+01,3.307500000000000107e+00,1.541999999999999993e+01,1.544648437500000071e+01
8.272200000000000728e+03,8.118896484375000000e+01,3.327500000000000124e+00,1.543750000000000000e+01,1.547437500000000021e+01
8.272299999999999272e+03,8.071289062500000000e+01,3.312500000000000000e+00,1.544999999999999929e+01,1.540437499999999993e+01
8.272399999999999636e+03,8.314819335937500000e+01,3.370000000000000107e+00,1.525999999999999979e+01,1.545796875000000092e+01
8.272500000000000000e+03,8.305664062500000000e+01,3.354999999999999982e+00,1.532000000000000028e+01,1.547000000000000064e+01
8.272600000000000364e+03,8.322143554687500000e+01,3.330000000000000071e+00,1.539000000000000057e+01,1.544921875000000000e+01
8.272700000000000728e+03,8.334960937500000000e+01,3.357499999999999929e+00,1.544999999999999929e+01,1.550992187500000163e+01
8.272799999999999272e+03,8.399047851562500000e+01,3.375000000000000000e+00,1.554999999999999893e+01,1.546507812500000156e+01
8.272899999999999636e+03,8.538208007812500000e+01,3.375000000000000000e+00,1.544999999999999929e+01,1.543445312500000099e+01
8.273000000000000000e+03,8.507080078125000000e+01,3.412500000000000089e+00,1.560999999999999943e+01,1.551593750000000149e+01
8.273100000000000364e+03,8.523559570312500000e+01,3.377499999999999947e+00,1.559999999999999964e+01,1.546234375000000050e+01
8.273200000000000728e+03,8.536376953125000000e+01,3.357499999999999929e+00,1.526999999999999957e+01,1.544484375000000043e+01
8.273299999999999272e+03,8.677368164062500000e+01,3.379999999999999893e+00,1.558999999999999986e+01,1.546234375000000050e+01
8.273399999999999636e+03,8.743286132812500000e+01,3.432500000000000107e+00,1.540000000000000036e+01,1.545195312500000107e+01
8.273500000000000000e+03,8.703002929687500000e+01,3.432500000000000107e+00,1.549000000000000021e+01,1.545742187500000142e+01
8.273600000000000364e+03,8.723144531250000000e+01,3.407500000000000195e+00,1.545999999999999908e+01,1.542460937500000107e+01
8.273700000000000728e+03,8.886108398437500000e+01,3.430000000000000160e+00,1.529999999999999893e+01,1.544593750000000121e+01
8.273799999999999272e+03,8.889770507812500000e+01,3.452500000000000124e+00,1.539000000000000057e+01,1.544046875000000085e+01
8.273899999999999636e+03,8.939208984375000000e+01,3.452500000000000124e+00,1.553999999999999915e+01,1.545359375000000135e+01
8.274000000000000000e+03,8.904418945312500000e+01,3.459999999999999964e+00,1.528999999999999915e+01,1.545960937500000121e+01
8.274100000000000364e+03,8.977661132812500000e+01,3.450000000000000178e+00,1.525999999999999979e+01,1.546125000000000149e+01
8.274200000000000728e+03,9.118652343750000000e+01,3.464999999999999858e+00,1.534999999999999964e+01,1.543882812500000057e+01
8.274299999999999272e+03,9.078369140625000000e+01,3.455000000000000071e+00,1.542999999999999972e+01,1.542242187500000128e+01
8.274399999999999636e+03,9.131469726562500000e+01,3.502499999999999947e+00,1.550000000000000000e+01,1.547984375000000057e+01
8.274500000000000000e+03,9.089355468750000000e+01,3.432500000000000107e+00,1.542999999999999972e+01,1.547273437499999993e+01
8.274600000000000364e+03,9.281616210937500000e+01,3.482499999999999929e+00,1.518750000000000000e+01,1.545085937500000028e+01
8.274700000000000728e+03,9.307250976562500000e+01,3.522499999999999964e+00,1.544999999999999929e+01,1.548585937500000043e+01
8.274799999999999272e+03,9.263305664062500000e+01,3.507500000000000284e+00,1.550999999999999979e+01,1.547601562500000050e+01
8.274899999999999636e+03,9.316406250000000000e+01,3.495000000000000107e+00,1.542999999999999972e+01,1.542406250000000156e+01
8.275000000000000000e+03,9.380493164062500000e+01,3.527499999999999858e+00,1.545999999999999908e+01,1.540382812500000043e+01
8.275100000000000364e+03,9.477539062500000000e+01,3.542499999999999982e+00,1.539000000000000057e+01,1.541203125000000007e+01
8.275200000000000728e+03,9.486694335937500000e+01,3.517500000000000071e+00,1.552999999999999936e+01,1.548421875000000014e+01
8.275299999999999272e+03,9.442749023437500000e+01,3.564999999999999947e+00,1.552999999999999936e+01,1.541750000000000043e+01
8.275399999999999636e+03,9.497680664062500000e+01,3.524999999999999911e+00,1.556000000000000050e+01,1.545523437500000163e+01
8.275500000000000000e+03,9.620361328125000000e+01,3.547499999999999876e+00,1.532750000000000057e+01,1.547437500000000021e+01
8.275600000000000364e+03,9.656982421875000000e+01,3.567499999999999893e+00,1.569999999999999929e+01,1.550062500000000121e+01
8.275700000000000728e+03,9.666137695312500000e+01,3.584999999999999964e+00,1.540000000000000036e+01,1.545906249999999993e+01
8.275799999999999272e+03,9.625854492187500000e+01,3.625000000000000000e+00,1.548000000000000043e+01,1.547984375000000057e+01
8.275899999999999636e+03,9.823608398437500000e+01,3.580000000000000071e+00,1.550000000000000000e+01,1.547109375000000142e+01
8.276000000000000000e+03,9.807128906250000000e+01,3.564999999999999947e+00,1.533999999999999986e+01,1.541312500000000085e+01
8.276100000000000364e+03,9.841918945312500000e+01,3.587499999999999911e+00,1.549000000000000021e+01,1.544046875000000085e+01
8.276200000000000728e+03,9.847412109375000000e+01,3.634999999999999787e+00,1.547000000000000064e+01,1.543117187500000043e+01
8.276299999999999272e+03,9.851074218750000000e+01,3.649999999999999911e+00,1.541000000000000014e+01,1.548695312500000121e+01
8.276399999999999636e+03,1.002319335937500000e+02,3.637500000000000178e+00,1.522000000000000064e+01,1.544156250000000163e+01
8.276500000000000000e+03,9.979248046875000000e+01,3.645000000000000018e+00,1.551750000000000007e+01,1.549570312500000036e+01
8.276600000000000364e+03,1.001037597656250000e+02,3.677500000000000213e+00,1.550999999999999979e+01,1.540710937500000099e+01
8.276700000000000728e+03,1.001953125000000000e+02,3.629999999999999893e+00,1.533000000000000007e+01,1.543390625000000149e+01
8.276799999999999272e+03,1.013305664062500000e+02,3.677500000000000213e+00,1.544749999999999979e+01,1.544156250000000163e+01
8.276899999999999636e+03,1.020446777343750000e+02,3.687500000000000000e+00,1.558999999999999986e+01,1.548750000000000071e+01
8.277000000000000000e+03,1.015869140625000000e+02,3.697499999999999787e+00,1.557000000000000028e+01,1.547164062500000092e+01
8.277100000000000364e+03,1.018981933593750000e+02,3.712499999999999911e+00,1.551750000000000007e+01,1.548039062500000007e+01
8.277200000000000728e+03,1.030334472656250000e+02,3.707500000000000018e+00,1.547000000000000064e+01,1.549734375000000064e+01
8.277299999999999272e+03,1.031982421875000000e+02,3.725000000000000089e+00,1.553999999999999915e+01,1.545359375000000135e+01
8.277399999999999636e+03,1.038024902343750000e+02,3.702500000000000124e+00,1.576999999999999957e+01,1.547382812500000071e+01
8.277500000000000000e+03,1.032348632812500000e+02,3.729999999999999982e+00,1.529999999999999893e+01,1.549843750000000142e+01
8.277600000000000364e+03,1.036010742187500000e+02,3.722500000000000142e+00,1.539000000000000057e+01,1.543007812500000142e+01
8.277700000000000728e+03,1.053222656250000000e+02,3.745000000000000107e+00,1.539000000000000057e+01,1.545085937500000028e+01
8.277799999999999272e+03,1.049194335937500000e+02,3.762500000000000178e+00,1.535999999999999943e+01,1.545031250000000078e+01
8.277899999999999636e+03,1.054687500000000000e+02,3.780000000000000249e+00,1.550000000000000000e+01,1.549132812500000078e+01
8.278000000000000000e+03,1.049560546875000000e+02,3.762500000000000178e+00,1.558999999999999986e+01,1.543062500000000092e+01
8.278100000000000364e+03,1.067504882812500000e+02,3.772499999999999964e+00,1.545749999999999957e+01,1.547820312500000028e+01
8.278200000000000728e+03,1.070983886718750000e+02,3.832500000000000018e+00,1.547000000000000064e+01,1.545742187500000142e+01
8.278299999999999272e+03,1.066406250000000000e+02,3.839999999999999858e+00,1.533999999999999986e+01,1.542625000000000135e+01
8.278399999999999636e+03,1.072265625000000000e+02,3.842500000000000249e+00,1.516000000000000014e+01,1.546015625000000071e+01
8.278500000000000000e+03,1.073364257812500000e+02,3.834999999999999964e+00,1.550000000000000000e+01,1.545359375000000135e+01
8.278600000000000364e+03,1.087280273437500000e+02,3.837499999999999911e+00,1.550999999999999979e+01,1.548203125000000036e+01
8.278700000000000728e+03,1.087829589843750000e+02,3.857499999999999929e+00,1.562999999999999901e+01,1.546070312500000021e+01
8.278799999999999272e+03,1.083801269531250000e+02,3.890000000000000124e+00,1.512999999999999901e+01,1.549406250000000007e+01
8.278899999999999636e+03,1.088928222656250000e+02,3.899999999999999911e+00,1.540000000000000036e+01,1.543500000000000050e+01
8.279000000000000000e+03,1.100097656250000000e+02,3.865000000000000213e+00,1.548000000000000043e+01,1.544757812500000149e+01
8.279100000000000364e+03,1.105407714843750000e+02,3.892500000000000071e+00,1.557000000000000028e+01,1.544156250000000163e+01
8.279200000000000728e+03,1.105957031250000000e+02,3.937500000000000000e+00,1.556000000000000050e+01,1.542953125000000014e+01
8.279299999999999272e+03,1.101196289062500000e+02,3.962499999999999911e+00,1.535999999999999943e+01,1.546453125000000028e+01
8.279399999999999636e+03,1.118408203125000000e+02,4.040000000000000036e+00,1.522000000000000064e+01,1.551976562500000156e+01
8.279500000000000000e+03,1.118041992187500000e+02,3.982499999999999929e+00,1.526999999999999957e+01,1.545031250000000078e+01
8.279600000000000364e+03,1.122619628906250000e+02,4.009999999999999787e+00,1.550999999999999979e+01,1.544429687500000092e+01
8.279700000000000728e+03,1.122985839843750000e+02,4.007500000000000284e+00,1.542999999999999972e+01,1.550226562500000149e+01
8.279799999999999272e+03,1.120605468750000000e+02,4.047500000000000320e+00,1.539000000000000057e+01,1.548859375000000149e+01
8.279899999999999636e+03,1.141479492187500000e+02,4.057500000000000107e+00,1.558000000000000007e+01,1.545960937500000121e+01
8.280000000000000000e+03,1.136169433593750000e+02,4.060000000000000497e+00,1.561999999999999922e+01,1.546835937500000036e+01
8.280100000000000364e+03,1.140563964843750000e+02,4.052500000000000213e+00,1.527999999999999936e+01,1.549296875000000107e+01
8.280200000000000728e+03,1.140747070312500000e+02,4.087500000000000355e+00,1.552999999999999936e+01,1.546179687500000099e+01
8.280299999999999272e+03,1.152099609375000000e+02,4.072499999999999787e+00,1.549000000000000021e+01,1.542679687500000085e+01
8.280399999999999636e+03,1.159973144531250000e+02,4.112499999999999822e+00,1.549000000000000021e+01,1.547710937500000128e+01
8.280500000000000000e+03,1.154296875000000000e+02,4.152499999999999858e+00,1.541000000000000014e+01,1.548257812500000163e+01
8.280600000000000364e+03,1.158325195312500000e+02,4.129999999999999893e+00,1.540000000000000036e+01,1.550007812499999993e+01
8.280700000000000728e+03,1.167663574218750000e+02,4.115000000000000213e+00,1.548000000000000043e+01,1.541257812500000135e+01
8.280799999999999272e+03,1.173156738281250000e+02,4.174999999999999822e+00,1.561999999999999922e+01,1.547437500000000021e+01
8.280899999999999636e+03,1.179382324218750000e+02,4.192499999999999893e+00,1.562999999999999901e+01,1.547109375000000142e+01
8.281000000000000000e+03,1.172973632812500000e+02,4.214999999999999858e+00,1.536999999999999922e+01,1.545687500000000014e+01
8.281100000000000364e+03,1.177551269531250000e+02,4.247500000000000497e+00,1.515000000000000036e+01,1.548695312500000121e+01
8.281200000000000728e+03,1.194946289062500000e+02,4.290000000000000036e+00,1.516999999999999993e+01,1.550773437500000007e+01
8.281299999999999272e+03,1.192382812500000000e+02,4.265000000000000568e+00,1.531000000000000050e+01,1.548093750000000135e+01
8.281399999999999636e+03,1.198425292968750000e+02,4.291249999999999787e+00,1.551999999999999957e+01,1.553507812500000007e+01
8.281500000000000000e+03,1.192565917968750000e+02,4.296875000000000000e+00,1.545749999999999957e+01,1.541914062500000071e+01
8.281600000000000364e+03,1.210876464843750000e+02,4.327500000000000568e+00,1.552999999999999936e+01,1.545304687500000007e+01
8.281700000000000728e+03,1.215270996093750000e+02,4.372500000000000497e+00,1.550999999999999979e+01,1.545031250000000078e+01
8.281799999999999272e+03,1.211608886718750000e+02,4.392500000000000071e+00,1.527999999999999936e+01,1.550992187500000163e+01
8.281899999999999636e+03,1.217651367187500000e+02,4.367499999999999716e+00,1.537999999999999901e+01,1.547218750000000043e+01
8.282000000000000000e+03,1.215454101562500000e+02,4.424999999999999822e+00,1.527999999999999936e+01,1.544265625000000064e+01
8.282100000000000364e+03,1.235229492187500000e+02,4.417500000000000426e+00,1.550999999999999979e+01,1.547273437499999993e+01
8.282200000000000728e+03,1.235778808593750000e+02,4.445000000000000284e+00,1.549750000000000050e+01,1.546125000000000149e+01
8.282299999999999272e+03,1.231201171875000000e+02,4.432500000000000107e+00,1.544999999999999929e+01,1.544156250000000163e+01
8.282399999999999636e+03,1.237792968750000000e+02,4.490000000000000213e+00,1.544999999999999929e+01,1.550554687500000028e+01
8.282500000000000000e+03,1.238525390625000000e+02,4.525000000000000355e+00,1.540750000000000064e+01,1.546890625000000163e+01
8.282600000000000364e+03,1.244018554687500000e+02,4.544999999999999929e+00,1.541000000000000014e+01,1.545468750000000036e+01
8.282700000000000728e+03,1.243835449218750000e+02,4.542500000000000426e+00,1.527999999999999936e+01,1.545851562500000043e+01
8.282799999999999272e+03,1.239807128906250000e+02,4.557500000000000107e+00,1.535999999999999943e+01,1.545960937500000121e+01
8.282899999999999636e+03,1.246032714843750000e+02,5.062500000000014211e-02,1.541999999999999993e+01,-6.234375000000103029e-02
8.283000000000000000e+03,1.239440917968750000e+02,4.312499999999985789e-02,1.541999999999999993e+01,-4.375000000000106581e-02
8.283100000000000364e+03,1.244201660156250000e+02,4.312499999999985789e-02,1.531000000000000050e+01,2.132812499999925393e-02
8.283200000000000728e+03,1.244018554687500000e+02,4.062499999999991118e-02,1.575999999999999979e+01,1.093749999999005240e-03
8.283299999999999272e+03,1.239807128906250000e+02,1.312500000000005329e-02,1.542999999999999972e+01,-1.093750000000071054e-02
8.283399999999999636e+03,1.245666503906250000e+02,2.562499999999978684e-02,1.523000000000000043e+01,-4.593750000000085265e-02
8.283500000000000000e+03,1.239440917968750000e+02,9.750000000000014211e-02,1.535999999999999943e+01,-5.468750000000088818e-02
8.283600000000000364e+03,1.244018554687500000e+02,5.243750000000000355e-01,1.542999999999999972e+01,-7.984375000000110134e-02
8.283700000000000728e+03,1.243652343750000000e+02,3.812499999999996447e-02,1.534999999999999964e+01,-3.500000000000103029e-02
8.283799999999999272e+03,1.231018066406250000e+02,4.312499999999985789e-02,1.547000000000000064e+01,-1.750000000000095923e-02
8.283899999999999636e+03,1.234680175781250000e+02,4.062499999999991118e-02,1.564749999999999908e+01,-7.328125000000085265e-02
8.284000000000000000e+03,1.228271484375000000e+02,4.312499999999985789e-02,1.536999999999999922e+01,-3.335937500000074607e-02
8.284100000000000364e+03,1.232849121093750000e+02,8.312499999999989342e-02,1.541999999999999993e+01,2.023437499999936051e-02
8.284200000000000728e+03,1.224426269531250000e+02,5.062500000000014211e-02,1.533999999999999986e+01,-4.867187500000103029e-02
8.284299999999999272e+03,1.202453613281250000e+02,-6.874999999999964473e-03,1.550999999999999979e+01,-7.437500000000074607e-02
8.284399999999999636e+03,1.207580566406250000e+02,6.062499999999992895e-02,1.566999999999999993e+01,-3.718750000000081712e-02
8.284500000000000000e+03,1.201538085937500000e+02,1.062500000000010658e-02,1.552999999999999936e+01,-5.359375000000099476e-02
8.284600000000000364e+03,1.205383300781250000e+02,2.562499999999978684e-02,1.542999999999999972e+01,-3.226562500000085265e-02
8.284700000000000728e+03,1.169311523437500000e+02,6.562499999999982236e-02,1.562999999999999901e+01,-4.921875000000053291e-02
8.284799999999999272e+03,1.160156250000000000e+02,1.312500000000005329e-02,1.533000000000000007e+01,-5.250000000000110134e-02
8.284899999999999636e+03,1.166198730468750000e+02,1.312500000000005329e-02,1.564000000000000057e+01,-1.804687500000046185e-02
8.285000000000000000e+03,1.160156250000000000e+02,6.812499999999976907e-02,1.525999999999999979e+01,-8.750000000000923706e-03
8.285100000000000364e+03,1.135986328125000000e+02,1.812499999999994671e-02,1.531000000000000050e+01,-2.625000000000099476e-02
8.285200000000000728e+03,1.123535156250000000e+02,3.562500000000001776e-02,1.539000000000000057e+01,-6.125000000000024869e-02
8.285299999999999272e+03,1.118408203125000000e+02,6.562499999999982236e-02,1.535999999999999943e+01,-6.726562500000099476e-02
8.285399999999999636e+03,1.123718261718750000e+02,7.062500000000015987e-02,1.541000000000000014e+01,-7.875000000000031974e-02
8.285500000000000000e+03,1.116760253906250000e+02,5.562500000000003553e-02,1.550000000000000000e+01,3.828124999999182876e-03
8.285600000000000364e+03,1.089843750000000000e+02,5.812499999999998224e-02,1.551999999999999957e+01,-5.468750000000088818e-02
8.285700000000000728e+03,1.089111328125000000e+02,4.062499999999991118e-02,1.556000000000000050e+01,-1.252343750000006750e-01
8.285799999999999272e+03,1.084350585937500000e+02,5.312500000000008882e-02,1.533999999999999986e+01,-6.507812500000031974e-02
8.285899999999999636e+03,1.090393066406250000e+02,3.312500000000007105e-02,1.556000000000000050e+01,-1.367187500000088818e-02
8.286000000000000000e+03,1.060729980468750000e+02,4.312499999999985789e-02,1.537999999999999901e+01,-3.554687500000053291e-02
8.286100000000000364e+03,1.059997558593750000e+02,3.312500000000007105e-02,1.531749999999999901e+01,-6.343750000000092371e-02
8.286200000000000728e+03,1.059631347656250000e+02,4.062499999999991118e-02,1.561999999999999922e+01,-3.335937500000074607e-02
8.286299999999999272e+03,1.055236816406250000e+02,4.312499999999985789e-02,1.554999999999999893e+01,-8.148437500000049738e-02
8.286399999999999636e+03,1.049926757812500000e+02,4.062499999999991118e-02,1.565000000000000036e+01,-4.757812500000024869e-02
8.286500000000000000e+03,1.030883789062500000e+02,2.312499999999984013e-02,1.565000000000000036e+01,-3.554687500000053291e-02
8.286600000000000364e+03,1.033081054687500000e+02,4.562499999999980460e-02,1.533750000000000036e+01,-8.039062500000060396e-02
8.286700000000000728e+03,1.033447265625000000e+02,5.812499999999998224e-02,1.534999999999999964e+01,-1.421875000000039080e-02
8.286799999999999272e+03,1.029602050781250000e+02,6.312499999999987566e-02,1.532000000000000028e+01,-1.750000000000095923e-02
8.286899999999999636e+03,1.013854980468750000e+02,3.312500000000007105e-02,1.553999999999999915e+01,-6.726562500000099476e-02
8.287000000000000000e+03,1.006530761718750000e+02,5.812499999999998224e-02,1.544999999999999929e+01,-2.679687500000049738e-02
8.287100000000000364e+03,1.009826660156250000e+02,2.312499999999984013e-02,1.550999999999999979e+01,-5.031250000000042633e-02
8.287200000000000728e+03,1.010742187500000000e+02,6.062499999999992895e-02,1.551999999999999957e+01,-6.289062500000053291e-02
8.287299999999999272e+03,9.924316406250000000e+01,5.062500000000014211e-02,1.536999999999999922e+01,1.640624999999396039e-03
8.287399999999999636e+03,9.922485351562500000e+01,6.312499999999987566e-02,1.531000000000000050e+01,-3.335937500000074607e-02
8.287500000000000000e+03,9.869384765625000000e+01,9.437499999999987566e-02,1.545999999999999908e+01,-1.203125000000060396e-02
8.287600000000000364e+03,9.906005859375000000e+01,7.312500000000010658e-02,1.558750000000000036e+01,-2.843750000000078160e-02
8.287700000000000728e+03,9.896850585937500000e+01,6.812499999999976907e-02,1.541999999999999993e+01,-8.093750000000099476e-02
8.287799999999999272e+03,9.678955078125000000e+01,4.562499999999980460e-02,1.552999999999999936e+01,-6.289062500000053291e-02
8.287899999999999636e+03,9.732055664062500000e+01,3.312500000000007105e-02,1.561999999999999922e+01,1.749999999999918288e-02
8.288000000000000000e+03,9.678955078125000000e+01,4.062499999999991118e-02,1.552999999999999936e+01,-7.000000000000028422e-02
8.288100000000000364e+03,9.710083007812500000e+01,6.062499999999992895e-02,1.545999999999999908e+01,-3.390625000000024869e-02
8.288200000000000728e+03,9.567260742187500000e+01,3.812499999999996447e-02,1.532000000000000028e+01,-2.296875000000042633e-02
8.288299999999999272e+03,9.492187500000000000e+01,6.312499999999987566e-02,1.558999999999999986e+01,-4.593750000000085265e-02
8.288399999999999636e+03,9.543457031250000000e+01,6.312499999999987566e-02,1.532000000000000028e+01,-4.539062500000046185e-02
8.288500000000000000e+03,9.503173828125000000e+01,3.062500000000012434e-02,1.520999999999999908e+01,-1.421875000000039080e-02
8.288600000000000364e+03,9.451904296875000000e+01,1.562500000000000000e-02,1.547000000000000064e+01,-4.812500000000063949e-02
8.288700000000000728e+03,9.376831054687500000e+01,2.812499999999973355e-02,1.528999999999999915e+01,-1.476562500000078160e-02
8.288799999999999272e+03,9.321899414062500000e+01,5.812499999999998224e-02,1.554999999999999893e+01,-5.085937500000081712e-02
8.288899999999999636e+03,9.378662109375000000e+01,6.062499999999992895e-02,1.549000000000000021e+01,-5.414062500000049738e-02
8.289000000000000000e+03,9.331054687500000000e+01,1.312500000000005329e-02,1.533999999999999986e+01,-1.148437500000110134e-02
8.289100000000000364e+03,9.215698242187500000e+01,-3.500000000000014211e-02,1.523000000000000043e+01,1.531249999999939604e-02
8.289200000000000728e+03,9.212036132812500000e+01,3.062500000000012434e-02,1.540000000000000036e+01,-7.000000000000028422e-02
8.289299999999999272e+03,9.162597656250000000e+01,4.312499999999985789e-02,1.540000000000000036e+01,-2.078125000000063949e-02
8.289399999999999636e+03,9.217529296875000000e+01,7.562500000000005329e-02,1.537999999999999901e+01,-5.523437500000039080e-02
8.289500000000000000e+03,9.072875976562500000e+01,3.062500000000012434e-02,1.533000000000000007e+01,-3.773437500000031974e-02
8.289600000000000364e+03,9.049072265625000000e+01,5.062500000000014211e-02,1.572000000000000064e+01,-1.968750000000074607e-02
8.289700000000000728e+03,9.056396484375000000e+01,8.124999999999715783e-03,1.550999999999999979e+01,-6.781250000000049738e-02
8.289799999999999272e+03,9.010620117187500000e+01,2.812499999999973355e-02,1.543999999999999950e+01,-5.195312500000071054e-02
8.289899999999999636e+03,9.060058593750000000e+01,3.312500000000007105e-02,1.542999999999999972e+01,-8.312500000000078160e-02
8.290000000000000000e+03,8.878784179687500000e+01,6.562499999999982236e-02,1.561999999999999922e+01,-4.593750000000085265e-02
8.290100000000000364e+03,8.897094726562500000e+01,4.562499999999980460e-02,1.553999999999999915e+01,-5.414062500000049738e-02
8.290200000000000728e+03,8.909912109375000000e+01,2.312499999999984013e-02,1.554999999999999893e+01,-5.687500000000067502e-02
8.290299999999999272e+03,8.862304687500000000e+01,2.562499999999978684e-02,1.510999999999999943e+01,-9.078125000000092371e-02
8.290399999999999636e+03,8.792724609375000000e+01,3.312500000000007105e-02,1.556000000000000050e+01,3.937499999999971578e-02
8.290500000000000000e+03,8.724975585937500000e+01,3.062500000000012434e-02,1.537999999999999901e+01,-1.312500000000049738e-02
8.290600000000000364e+03,8.745117187500000000e+01,3.562500000000001776e-02,1.550000000000000000e+01,-3.773437500000031974e-02
8.290700000000000728e+03,8.756103515625000000e+01,4.812499999999975131e-02,1.539000000000000057e+01,5.468749999999467093e-03
8.290799999999999272e+03,8.659057617187500000e+01,2.062499999999989342e-02,1.535999999999999943e+01,-3.335937500000074607e-02
8.290899999999999636e+03,8.627929687500000000e+01,5.562500000000003553e-02,1.551999999999999957e+01,-3.718750000000081712e-02
8.291000000000000000e+03,8.585815429687500000e+01,1.812499999999994671e-02,1.540000000000000036e+01,-4.375000000000461853e-03
8.291100000000000364e+03,8.605957031250000000e+01,3.812499999999996447e-02,1.533000000000000007e+01,-6.945312500000078160e-02
8.291200000000000728e+03,8.616943359375000000e+01,3.312500000000007105e-02,1.541999999999999993e+01,-1.804687500000046185e-02
8.291299999999999272e+03,8.453979492187500000e+01,6.062499999999992895e-02,1.543999999999999950e+01,-6.726562500000099476e-02
8.291399999999999636e+03,8.494262695312500000e+01,5.624999999999769074e-03,1.540000000000000036e+01,-3.773437500000031974e-02
8.291500000000000000e+03,8.455810546875000000e+01,6.562499999999982236e-02,1.558999999999999986e+01,-4.484375000000095923e-02
8.291600000000000364e+03,8.474121093750000000e+01,3.124999999999822364e-03,1.535999999999999943e+01,-5.851562500000095923e-02
8.291700000000000728e+03,8.399047851562500000e+01,6.062499999999992895e-02,1.532000000000000028e+01,-1.531250000000028422e-02
8.291799999999999272e+03,8.314819335937500000e+01,2.062499999999989342e-02,1.554999999999999893e+01,-3.664062500000042633e-02
8.291899999999999636e+03,8.362426757812500000e+01,6.562499999999982236e-02,1.552999999999999936e+01,-5.414062500000049738e-02
8.292000000000000000e+03,8.325805664062500000e+01,3.562500000000001776e-02,1.535999999999999943e+01,-9.296875000000426326e-03
8.292100000000000364e+03,8.342285156250000000e+01,4.312499999999985789e-02,1.566000000000000014e+01,-8.968750000000103029e-02
8.292200000000000728e+03,8.234252929687500000e+01,1.062500000000010658e-02,1.536999999999999922e+01,-5.687500000000067502e-02
8.292299999999999272e+03,8.182983398437500000e+01,2.562499999999978684e-02,1.534999999999999964e+01,-3.992187500000099476e-02
8.292399999999999636e+03,8.232421875000000000e+01,1.312500000000005329e-02,1.548749999999999893e+01,-2.679687500000049738e-02
8.292500000000000000e+03,8.195800781250000000e+01,3.562500000000001776e-02,1.560999999999999943e+01,-6.015625000000035527e-02
8.292600000000000364e+03,8.106079101562500000e+01,4.812499999999975131e-02,1.536749999999999972e+01,-4.484375000000095923e-02
8.292700000000000728e+03,8.096923828125000000e+01,2.312499999999984013e-02,1.561999999999999922e+01,-1.750000000000095923e-02
8.292799999999999272e+03,8.054809570312500000e+01,1.562500000000000000e-02,1.556000000000000050e+01,-1.039062500000031974e-02
8.292899999999999636e+03,8.100585937500000000e+01,2.562499999999978684e-02,1.566000000000000014e+01,1.968749999999896971e-02
8.293000000000000000e+03,8.016357421875000000e+01,4.062499999999991118e-02,1.535999999999999943e+01,-5.687500000000067502e-02
8.293100000000000364e+03,7.968750000000000000e+01,5.562500000000003553e-02,1.547000000000000064e+01,-2.515625000000110134e-02
8.293200000000000728e+03,7.976074218750000000e+01,3.562500000000001776e-02,1.548000000000000043e+01,-4.757812500000024869e-02
8.293299999999999272e+03,7.933959960937500000e+01,1.812499999999994671e-02,1.543999999999999950e+01,-4.320312500000067502e-02
8.293399999999999636e+03,7.981567382812500000e+01,6.812499999999976907e-02,1.536999999999999922e+01,-3.281250000000568434e-03
8.293500000000000000e+03,7.840576171875000000e+01,4.812499999999975131e-02,1.561999999999999922e+01,-8.476562500000106581e-02
8.293600000000000364e+03,7.846069335937500000e+01,8.124999999999715783e-03,1.548000000000000043e+01,2.515624999999932498e-02
8.293700000000000728e+03,7.858886718750000000e+01,1.974999999999997868e-01,1.545999999999999908e+01,-2.460937500000071054e-02
8.293799999999999272e+03,7.813110351562500000e+01,2.562499999999978684e-02,1.531000000000000050e+01,-1.968750000000074607e-02
8.293899999999999636e+03,7.783813476562500000e+01,2.312499999999984013e-02,1.533000000000000007e+01,-3.773437500000031974e-02
8.294000000000000000e+03,7.706909179687500000e+01,4.312499999999985789e-02,1.547000000000000064e+01,-5.304687500000060396e-02
8.294100000000000364e+03,7.723388671875000000e+01,2.312499999999984013e-02,1.547000000000000064e+01,-7.984375000000110134e-02
8.294200000000000728e+03,7.732543945312500000e+01,3.062500000000012434e-02,1.543999999999999950e+01,-7.656250000000053291e-02
8.294299999999999272e+03,7.688598632812500000e+01,7.062500000000015987e-02,1.533999999999999986e+01,-6.179687500000063949e-02
8.294399999999999636e+03,7.635498046875000000e+01,4.812499999999975131e-02,1.552999999999999936e+01,-5.414062500000049738e-02
8.294500000000000000e+03,7.597045898437500000e+01,4.062499999999991118e-02,1.525000000000000000e+01,-3.937500000000060396e-02
8.294600000000000364e+03,7.611694335937500000e+01,4.562499999999980460e-02,1.537999999999999901e+01,-2.953125000000067502e-02
8.294700000000000728e+03,7.628173828125000000e+01,1.562500000000000000e-02,1.554999999999999893e+01,-3.773437500000031974e-02
8.294799999999999272e+03,7.494506835937500000e+01,5.062500000000014211e-02,1.533999999999999986e+01,-6.179687500000063949e-02
8.294899999999999636e+03,7.521972656250000000e+01,5.812499999999998224e-02,1.531749999999999901e+01,-4.484375000000095923e-02
8.295000000000000000e+03,7.487182617187500000e+01,5.312500000000008882e-02,1.550000000000000000e+01,-5.632812500000028422e-02
8.295100000000000364e+03,7.500000000000000000e+01,2.562499999999978684e-02,1.550999999999999979e+01,-4.429687500000056843e-02
8.295200000000000728e+03,7.489013671875000000e+01,1.562500000000000000e-02,1.533999999999999986e+01,8.203124999999644729e-03
8.295299999999999272e+03,7.364501953125000000e+01,2.812499999999973355e-02,1.550000000000000000e+01,-2.187500000000675016e-03
8.295399999999999636e+03,7.408447265625000000e+01,5.062500000000014211e-02,1.556000000000000050e+01,-3.554687500000053291e-02
8.295500000000000000e+03,7.377319335937500000e+01,5.062500000000014211e-02,1.541999999999999993e+01,-2.898437500000028422e-02
8.295600000000000364e+03,7.393798828125000000e+01,6.312499999999987566e-02,1.539000000000000057e+01,-5.960937500000085265e-02
8.295700000000000728e+03,7.313232421875000000e+01,6.062499999999992895e-02,1.555749999999999922e+01,-1.367187500000088818e-02
8.295799999999999272e+03,7.261962890625000000e+01,5.062500000000014211e-02,1.560999999999999943e+01,-1.695312500000056843e-02
8.295899999999999636e+03,7.309570312500000000e+01,-7.500000000000284217e-03,1.525999999999999979e+01,-5.578125000000078160e-02
8.296000000000000000e+03,7.278442382812500000e+01,5.312500000000008882e-02,1.541000000000000014e+01,-2.296875000000042633e-02
8.296100000000000364e+03,7.227172851562500000e+01,6.312499999999987566e-02,1.534999999999999964e+01,-6.015625000000746070e-03
8.296200000000000728e+03,7.197875976562500000e+01,2.562499999999978684e-02,1.545999999999999908e+01,-4.265625000000028422e-02
8.296299999999999272e+03,7.150268554687500000e+01,6.562499999999982236e-02,1.557000000000000028e+01,-6.562500000000071054e-02
8.296399999999999636e+03,7.197875976562500000e+01,4.562499999999980460e-02,1.547000000000000064e+01,-8.968750000000103029e-02
8.296500000000000000e+03,7.168579101562500000e+01,3.562500000000001776e-02,1.542999999999999972e+01,-4.101562500000088818e-02
8.296600000000000364e+03,7.089843750000000000e+01,8.062499999999994671e-02,1.552999999999999936e+01,-4.429687500000056843e-02
8.296700000000000728e+03,7.093505859375000000e+01,1.062500000000010658e-02,1.537999999999999901e+01,-1.914062500000035527e-02
8.296799999999999272e+03,7.055053710937500000e+01,2.812499999999973355e-02,1.533999999999999986e+01,4.374999999999573674e-03
8.296899999999999636e+03,7.097167968750000000e+01,3.312500000000007105e-02,1.549000000000000021e+01,1.203124999999971578e-02
8.297000000000000000e+03,6.996459960937500000e+01,4.812499999999975131e-02,1.528999999999999915e+01,-2.679687500000049738e-02
8.297100000000000364e+03,6.983642578125000000e+01,1.062500000000010658e-02,1.541000000000000014e+01,-4.375000000000461853e-03
8.297200000000000728e+03,6.992797851562500000e+01,4.062499999999991118e-02,1.541000000000000014e+01,-4.757812500000024869e-02
8.297299999999999272e+03,6.952514648437500000e+01,5.312500000000008882e-02,1.541999999999999993e+01,-9.843750000000817124e-03
8.297399999999999636e+03,6.983642578125000000e+01,4.562499999999980460e-02,1.545999999999999908e+01,-2.515625000000110134e-02
8.297500000000000000e+03,6.882934570312500000e+01,4.062499999999991118e-02,1.566999999999999993e+01,-3.554687500000053291e-02
8.297600000000000364e+03,6.892089843750000000e+01,3.562500000000001776e-02,1.533999999999999986e+01,-1.203125000000060396e-02
8.297700000000000728e+03,6.904907226562500000e+01,3.312500000000007105e-02,1.540000000000000036e+01,-8.750000000000923706e-03
8.297799999999999272e+03,6.864624023437500000e+01,9.249999999999980460e-02,1.525999999999999979e+01,-5.468750000000088818e-02
8.297899999999999636e+03,6.818847656250000000e+01,4.562499999999980460e-02,1.559999999999999964e+01,2.242187499999914735e-02
8.298000000000000000e+03,6.782226562500000000e+01,5.062500000000014211e-02,1.558000000000000007e+01,-6.562500000000071054e-02
8.298100000000000364e+03,6.789550781250000000e+01,7.312500000000010658e-02,1.531000000000000050e+01,-4.812500000000063949e-02
8.298200000000000728e+03,6.804199218750000000e+01,4.812499999999975131e-02,1.539000000000000057e+01,-7.382812500000035527e-02
8.298299999999999272e+03,6.727294921875000000e+01,5.312500000000008882e-02,1.547000000000000064e+01,-4.429687500000056843e-02
8.298399999999999636e+03,6.730957031250000000e+01,7.312500000000010658e-02,1.565000000000000036e+01,-4.921875000000053291e-02
8.298500000000000000e+03,6.703491210937500000e+01,2.312499999999984013e-02,1.533000000000000007e+01,-3.445312500000063949e-02
8.298600000000000364e+03,6.714477539062500000e+01,3.562500000000001776e-02,1.541999999999999993e+01,-3.937500000000060396e-02
8.298700000000000728e+03,6.723632812500000000e+01,1.562500000000000000e-02,1.544749999999999979e+01,-1.914062500000035527e-02
8.298799999999999272e+03,6.600952148437500000e+01,5.812499999999998224e-02,1.548000000000000043e+01,-3.718750000000081712e-02
8.298899999999999636e+03,6.635742187500000000e+01,4.312499999999985789e-02,1.542999999999999972e+01,-6.835937500000088818e-02
8.299000000000000000e+03,6.608276367187500000e+01,2.062499999999989342e-02,1.541000000000000014e+01,-2.296875000000042633e-02
8.299100000000000364e+03,6.621093750000000000e+01,5.562500000000003553e-02,1.557000000000000028e+01,-7.273437500000046185e-02
8.299200000000000728e+03,6.567993164062500000e+01,3.812499999999996447e-02,1.552999999999999936e+01,-8.695312500000085265e-02
8.299299999999999272e+03,6.502075195312500000e+01,6.812499999999976907e-02,1.557000000000000028e+01,-4.757812500000024869e-02
8.299399999999999636e+03,6.547851562500000000e+01,3.124999999999822364e-03,1.540750000000000064e+01,-4.156250000000039080e-02
8.299500000000000000e+03,6.524047851562500000e+01,6.062499999999992895e-02,1.560999999999999943e+01,1.257812499999921840e-02
8.299600000000000364e+03,6.525878906250000000e+01,-1.281250000000002665e-01,1.544999999999999929e+01,-2.734375000000088818e-02
8.299700000000000728e+03,6.467285156250000000e+01,2.562499999999978684e-02,1.541000000000000014e+01,-6.671875000000060396e-02
8.299799999999999272e+03,6.425170898437500000e+01,3.812499999999996447e-02,1.544999999999999929e+01,-1.257812500000099476e-02
8.299899999999999636e+03,6.469116210937500000e+01,2.562499999999978684e-02,1.548000000000000043e+01,-8.914062500000063949e-02
8.300000000000000000e+03,6.443481445312500000e+01,6.812499999999976907e-02,1.543999999999999950e+01,-7.164062500000056843e-02
8.300100000000000364e+03,6.383056640625000000e+01,3.312500000000007105e-02,1.553999999999999915e+01,-5.468750000000088818e-02
8.300200000000000728e+03,6.384887695312500000e+01,9.687499999999982236e-02,1.550999999999999979e+01,-4.429687500000056843e-02
8.300299999999999272e+03,6.340942382812500000e+01,3.312500000000007105e-02,1.533999999999999986e+01,-2.515625000000110134e-02
8.300399999999999636e+03,6.386718750000000000e+01,3.312500000000007105e-02,1.533750000000000036e+01,-5.742187500000106581e-02
8.300500000000000000e+03,6.329956054687500000e+01,4.062499999999991118e-02,1.569999999999999929e+01,-4.593750000000085265e-02
8.300600000000000364e+03,6.289672851562500000e+01,1.812499999999994671e-02,1.525000000000000000e+01,-4.265625000000028422e-02
8.300700000000000728e+03,6.300659179687500000e+01,2.562499999999978684e-02,1.540000000000000036e+01,-1.750000000000095923e-02
8.300799999999999272e+03,6.262207031250000000e+01,2.562499999999978684e-02,1.540000000000000036e+01,-2.953125000000067502e-02
8.300899999999999636e+03,6.307983398437500000e+01,4.062499999999991118e-02,1.525999999999999979e+01,-8.093750000000099476e-02
8.301000000000000000e+03,6.207275390625000000e+01,-1.731250000000001954e-01,1.526999999999999957e+01,5.468749999995026201e-04
8.301100000000000364e+03,6.209106445312500000e+01,3.062500000000012434e-02,1.520999999999999908e+01,-1.257812500000099476e-02
8.301200000000000728e+03,6.223754882812500000e+01,3.312500000000007105e-02,1.533000000000000007e+01,-2.953125000000067502e-02
8.301299999999999272e+03,6.179809570312500000e+01,4.812499999999975131e-02,1.539000000000000057e+01,-4.101562500000088818e-02
8.301399999999999636e+03,6.174316406250000000e+01,7.312500000000010658e-02,1.544999999999999929e+01,-8.881784197001252323e-16
8.301500000000000000e+03,6.123046875000000000e+01,6.062499999999992895e-02,1.525999999999999979e+01,-8.039062500000060396e-02
8.301600000000000364e+03,6.130371093750000000e+01,1.812499999999994671e-02,1.565000000000000036e+01,-7.601562500000103029e-02
8.301700000000000728e+03,6.143188476562500000e+01,3.062500000000012434e-02,1.548000000000000043e+01,-2.132812500000103029e-02
8.301799999999999272e+03,6.102905273437500000e+01,2.812499999999973355e-02,1.557750000000000057e+01,7.656249999999253930e-03
8.301899999999999636e+03,6.075439453125000000e+01,3.812499999999996447e-02,1.544999999999999929e+01,-4.921875000000053291e-02
8.302000000000000000e+03,6.051635742187500000e+01,7.062500000000015987e-02,1.556000000000000050e+01,-1.203125000000060396e-02
8.302100000000000364e+03,6.062622070312500000e+01,5.062500000000014211e-02,1.556000000000000050e+01,-8.585937500000095923e-02
8.302200000000000728e+03,6.068115234375000000e+01,4.062499999999991118e-02,1.562999999999999901e+01,-8.531250000000056843e-02
8.302299999999999272e+03,5.969238281250000000e+01,1.812499999999994671e-02,1.557750000000000057e+01,-5.687500000000067502e-02
8.302399999999999636e+03,5.994873046875000000e+01,3.562500000000001776e-02,1.551999999999999957e+01,-3.281250000000035527e-02
8.302500000000000000e+03,5.972900390625000000e+01,-1.875000000000071054e-03,1.558000000000000007e+01,-2.187500000000053291e-02
8.302600000000000364e+03,5.976562500000000000e+01,8.124999999999982236e-02,1.548000000000000043e+01,-6.945312500000078160e-02
8.302700000000000728e+03,5.972900390625000000e+01,4.562499999999980460e-02,1.558000000000000007e+01,-4.593750000000085265e-02
8.302799999999999272e+03,5.883178710937500000e+01,3.562500000000001776e-02,1.528999999999999915e+01,-7.820312500000081712e-02
8.302899999999999636e+03,5.923461914062500000e+01,4.812499999999975131e-02,1.557000000000000028e+01,-4.976562500000092371e-02
8.303000000000000000e+03,5.908813476562500000e+01,1.562500000000000000e-02,1.526999999999999957e+01,-4.593750000000085265e-02
8.303100000000000364e+03,5.910644531250000000e+01,4.312499999999985789e-02,1.541999999999999993e+01,-2.843750000000078160e-02
8.303200000000000728e+03,5.859375000000000000e+01,4.062499999999991118e-02,1.550000000000000000e+01,-5.851562500000095923e-02
8.303299999999999272e+03,5.813598632812500000e+01,6.062499999999992895e-02,1.549000000000000021e+01,1.476562499999900524e-02
8.303399999999999636e+03,5.853881835937500000e+01,8.124999999999715783e-03,1.553999999999999915e+01,-1.968750000000074607e-02
8.303500000000000000e+03,5.833740234375000000e+01,6.062499999999992895e-02,1.551999999999999957e+01,-4.976562500000092371e-02
8.303600000000000364e+03,5.808105468750000000e+01,4.062499999999991118e-02,1.542999999999999972e+01,-5.742187500000106581e-02
8.303700000000000728e+03,5.791625976562500000e+01,1.812499999999994671e-02,1.544999999999999929e+01,-3.882812500000110134e-02
8.303799999999999272e+03,5.753173828125000000e+01,2.812499999999973355e-02,1.567999999999999972e+01,-6.234375000000103029e-02
8.303899999999999636e+03,5.793457031250000000e+01,4.062499999999991118e-02,1.566999999999999993e+01,-3.007812500000106581e-02
8.304000000000000000e+03,5.775146484375000000e+01,6.312499999999987566e-02,1.556000000000000050e+01,-5.578125000000078160e-02
8.304100000000000364e+03,5.711059570312500000e+01,3.312500000000007105e-02,1.550999999999999979e+01,-5.140625000000031974e-02
8.304200000000000728e+03,5.722045898437500000e+01,4.062499999999991118e-02,1.545999999999999908e+01,-6.015625000000746070e-03
8.304299999999999272e+03,5.683593750000000000e+01,6.562499999999982236e-02,1.553999999999999915e+01,-1.804687500000046185e-02
8.304399999999999636e+03,5.722045898437500000e+01,4.562499999999980460e-02,1.547000000000000064e+01,-4.976562500000092371e-02
8.304500000000000000e+03,5.657958984375000000e+01,3.562500000000001776e-02,1.552999999999999936e+01,-4.484375000000095923e-02
8.304600000000000364e+03,5.637817382812500000e+01,3.562500000000001776e-02,1.566000000000000014e+01,-3.281250000000568434e-03
8.304700000000000728e+03,5.652465820312500000e+01,3.062500000000012434e-02,1.560999999999999943e+01,-6.617187500000110134e-02
8.304799999999999272e+03,5.615844726562500000e+01,2.562499999999978684e-02,1.535999999999999943e+01,-3.171875000000046185e-02
8.304899999999999636e+03,5.645141601562500000e+01,6.062499999999992895e-02,1.550000000000000000e+01,-2.734375000000088818e-02
8.305000000000000000e+03,5.575561523437500000e+01,3.562500000000001776e-02,1.550999999999999979e+01,-2.734375000000088818e-02
8.305100000000000364e+03,5.575561523437500000e+01,4.312499999999985789e-02,1.539000000000000057e+01,-7.382812500000035527e-02
8.305200000000000728e+03,5.592041015625000000e+01,9.249999999999980460e-02,1.542999999999999972e+01,-5.687500000000067502e-02
8.305299999999999272e+03,5.553588867187500000e+01,3.562500000000001776e-02,1.540000000000000036e+01,-2.843750000000078160e-02
8.305399999999999636e+03,5.533447265625000000e+01,7.062500000000015987e-02,1.558000000000000007e+01,-1.476562500000078160e-02
8.305500000000000000e+03,5.505981445312500000e+01,5.562500000000003553e-02,1.568999999999999950e+01,3.554687499999964473e-02
8.305600000000000364e+03,5.507812500000000000e+01,2.562499999999978684e-02,1.553999999999999915e+01,-5.468750000000355271e-03
8.305700000000000728e+03,5.522460937500000000e+01,2.562499999999978684e-02,1.539000000000000057e+01,-1.968750000000074607e-02
8.305799999999999272e+03,5.462036132812500000e+01,3.812499999999996447e-02,1.545999999999999908e+01,-2.242187500000092371e-02
8.305899999999999636e+03,5.463867187500000000e+01,4.812499999999975131e-02,1.557000000000000028e+01,2.406249999999943157e-02
8.306000000000000000e+03,5.441894531250000000e+01,4.312499999999985789e-02,1.553999999999999915e+01,-3.062500000000056843e-02
8.306100000000000364e+03,5.449218750000000000e+01,5.062500000000014211e-02,1.566999999999999993e+01,-3.007812500000106581e-02
8.306200000000000728e+03,5.460205078125000000e+01,-1.937500000000014211e-02,1.551999999999999957e+01,-3.718750000000081712e-02
8.306299999999999272e+03,5.370483398437500000e+01,2.562499999999978684e-02,1.549000000000000021e+01,-2.679687500000049738e-02
8.306399999999999636e+03,5.401611328125000000e+01,2.562499999999978684e-02,1.525000000000000000e+01,-2.734375000001065814e-03
8.306500000000000000e+03,5.383300781250000000e+01,4.062499999999991118e-02,1.564000000000000057e+01,-7.546875000000063949e-02
8.306600000000000364e+03,5.386962890625000000e+01,5.562500000000003553e-02,1.531000000000000050e+01,6.015624999998969713e-03
8.306700000000000728e+03,5.368652343750000000e+01,1.562500000000000000e-02,1.548000000000000043e+01,-2.679687500000049738e-02
8.306799999999999272e+03,5.315551757812500000e+01,7.312500000000010658e-02,1.554999999999999893e+01,-4.648437500000035527e-02
8.306899999999999636e+03,5.350341796875000000e+01,4.062499999999991118e-02,1.547000000000000064e+01,-9.351562500000110134e-02
8.307000000000000000e+03,5.332031250000000000e+01,3.312500000000007105e-02,1.565000000000000036e+01,-2.843750000000078160e-02
8.307100000000000364e+03,5.343017578125000000e+01,5.312500000000008882e-02,1.544999999999999929e+01,-6.125000000000024869e-02
8.307200000000000728e+03,5.341186523437500000e+01,5.062500000000014211e-02,1.533999999999999986e+01,-3.773437500000031974e-02
8.307299999999999272e+03,5.302734375000000000e+01,1.562500000000000000e-02,1.532000000000000028e+01,-3.117187500000095923e-02
8.307399999999999636e+03,5.339355468750000000e+01,4.312499999999985789e-02,1.537999999999999901e+01,-2.296875000000042633e-02
8.307500000000000000e+03,5.324707031250000000e+01,4.312499999999985789e-02,1.561999999999999922e+01,-4.812500000000063949e-02
8.307600000000000364e+03,5.326538085937500000e+01,3.312500000000007105e-02,1.529749999999999943e+01,-6.671875000000060396e-02
8.307700000000000728e+03,5.341186523437500000e+01,2.562499999999978684e-02,1.543999999999999950e+01,-3.992187500000099476e-02
8.307799999999999272e+03,5.306396484375000000e+01,1.812499999999994671e-02,1.541999999999999993e+01,-5.796875000000056843e-02
8.307899999999999636e+03,5.343017578125000000e+01,2.952500000000000124e+00,1.526999999999999957e+01,1.545960937500000121e+01
8.308000000000000000e+03,5.322875976562500000e+01,2.774999999999999911e+00,1.537999999999999901e+01,1.547382812500000071e+01
8.308100000000000364e+03,5.326538085937500000e+01,2.964999999999999858e+00,1.529999999999999893e+01,1.549023437500000000e+01
8.308200000000000728e+03,5.341186523437500000e+01,2.997500000000000053e+00,1.541000000000000014e+01,1.547000000000000064e+01
8.308299999999999272e+03,5.306396484375000000e+01,2.977500000000000036e+00,1.562999999999999901e+01,1.547164062500000092e+01
8.308399999999999636e+03,5.339355468750000000e+01,3.000000000000000000e+00,1.542999999999999972e+01,1.546890625000000163e+01
8.308500000000000000e+03,5.465698242187500000e+01,3.020000000000000018e+00,1.563749999999999929e+01,1.547164062500000092e+01
8.308600000000000364e+03,5.485839843750000000e+01,3.040000000000000036e+00,1.548000000000000043e+01,1.548203125000000036e+01
8.308700000000000728e+03,5.502319335937500000e+01,3.020000000000000018e+00,1.539000000000000057e+01,1.546781250000000085e+01
8.308799999999999272e+03,5.463867187500000000e+01,3.052500000000000213e+00,1.549000000000000021e+01,1.546507812500000156e+01
8.308899999999999636e+03,5.668945312500000000e+01,3.042499999999999982e+00,1.550999999999999979e+01,1.549351562500000057e+01
8.309000000000000000e+03,5.765991210937500000e+01,3.084999999999999964e+00,1.549000000000000021e+01,1.545742187500000142e+01
8.309100000000000364e+03,5.775146484375000000e+01,3.064999999999999947e+00,1.558000000000000007e+01,1.543992187500000135e+01
8.309200000000000728e+03,5.791625976562500000e+01,3.082500000000000018e+00,1.556000000000000050e+01,1.548093750000000135e+01
8.309299999999999272e+03,5.753173828125000000e+01,3.055000000000000160e+00,1.548000000000000043e+01,1.546890625000000163e+01
8.309399999999999636e+03,6.159667968750000000e+01,3.082500000000000018e+00,1.540000000000000036e+01,1.546070312500000021e+01
8.309500000000000000e+03,6.159667968750000000e+01,3.122500000000000053e+00,1.558000000000000007e+01,1.547984375000000057e+01
8.309600000000000364e+03,6.168823242187500000e+01,3.117500000000000160e+00,1.548000000000000043e+01,1.548476562500000142e+01
8.309700000000000728e+03,6.183471679687500000e+01,3.152499999999999858e+00,1.560999999999999943e+01,1.549734375000000064e+01
8.309799999999999272e+03,6.467285156250000000e+01,3.087499999999999911e+00,1.528999999999999915e+01,1.549296875000000107e+01
8.309899999999999636e+03,6.622924804687500000e+01,3.137500000000000178e+00,1.553999999999999915e+01,1.543390625000000149e+01
8.310000000000000000e+03,6.597290039062500000e+01,3.052500000000000213e+00,1.557000000000000028e+01,1.546617187500000057e+01
8.310100000000000364e+03,6.611938476562500000e+01,3.142500000000000071e+00,1.555749999999999922e+01,1.551648437500000099e+01
8.310200000000000728e+03,6.679687500000000000e+01,3.157500000000000195e+00,1.545999999999999908e+01,1.541804687499999993e+01
8.310299999999999272e+03,6.930541992187500000e+01,3.162500000000000089e+00,1.540000000000000036e+01,1.546835937500000036e+01
8.310399999999999636e+03,6.987304687500000000e+01,3.189999999999999947e+00,1.542999999999999972e+01,1.550937500000000036e+01
8.310500000000000000e+03,6.956176757812500000e+01,3.220000000000000195e+00,1.537999999999999901e+01,1.544429687500000092e+01
8.310600000000000364e+03,6.970825195312500000e+01,3.294999999999999929e+00,1.560999999999999943e+01,1.544265625000000064e+01
8.310700000000000728e+03,7.241821289062500000e+01,3.187500000000000000e+00,1.542999999999999972e+01,1.547710937500000128e+01
8.310799999999999272e+03,7.239990234375000000e+01,3.237499999999999822e+00,1.556000000000000050e+01,1.542023437500000149e+01
8.310899999999999636e+03,7.283935546875000000e+01,3.177500000000000213e+00,1.551999999999999957e+01,1.546015625000000071e+01
8.311000000000000000e+03,7.256469726562500000e+01,3.232499999999999929e+00,1.564000000000000057e+01,1.544101562500000036e+01
8.311100000000000364e+03,7.415771484375000000e+01,3.225000000000000089e+00,1.558999999999999986e+01,1.546234375000000050e+01
8.311200000000000728e+03,7.558593750000000000e+01,3.225000000000000089e+00,1.550000000000000000e+01,1.547164062500000092e+01
8.311299999999999272e+03,7.520141601562500000e+01,3.217499999999999805e+00,1.560999999999999943e+01,1.545140625000000156e+01
8.311399999999999636e+03,7.569580078125000000e+01,3.262500000000000178e+00,1.533999999999999986e+01,1.547765625000000078e+01
8.311500000000000000e+03,7.538452148437500000e+01,3.280000000000000249e+00,1.534999999999999964e+01,1.547437500000000021e+01
8.311600000000000364e+03,7.789306640625000000e+01,3.254999999999999893e+00,1.562999999999999901e+01,1.547218750000000043e+01
8.311700000000000728e+03,7.814941406250000000e+01,3.274999999999999911e+00,1.545999999999999908e+01,1.547601562500000050e+01
8.311799999999999272e+03,7.772827148437500000e+01,3.254999999999999893e+00,1.550999999999999979e+01,1.545906249999999993e+01
8.311899999999999636e+03,7.818603515625000000e+01,3.307500000000000107e+00,1.552999999999999936e+01,1.546398437500000078e+01
8.312000000000000000e+03,7.957763671875000000e+01,3.302500000000000213e+00,1.531000000000000050e+01,1.545687500000000014e+01
8.312100000000000364e+03,8.029174804687500000e+01,3.290000000000000036e+00,1.544999999999999929e+01,1.548203125000000036e+01
8.312200000000000728e+03,8.045654296875000000e+01,3.325000000000000178e+00,1.562999999999999901e+01,1.542132812500000050e+01
8.312299999999999272e+03,8.005371093750000000e+01,3.332500000000000018e+00,1.552999999999999936e+01,1.549789062500000014e+01
8.312399999999999636e+03,8.089599609375000000e+01,3.302500000000000213e+00,1.549000000000000021e+01,1.548421875000000014e+01
8.312500000000000000e+03,8.226928710937500000e+01,3.327500000000000124e+00,1.533999999999999986e+01,1.543773437500000156e+01
8.312600000000000364e+03,8.252563476562500000e+01,3.337499999999999911e+00,1.554999999999999893e+01,1.547710937500000128e+01
8.312700000000000728e+03,8.263549804687500000e+01,3.357499999999999929e+00,1.525000000000000000e+01,1.545031250000000078e+01
8.312799999999999272e+03,8.223266601562500000e+01,3.334999999999999964e+00,1.544999999999999929e+01,1.547656250000000000e+01
8.312899999999999636e+03,8.459472656250000000e+01,3.372500000000000053e+00,1.533000000000000007e+01,1.552359375000000163e+01
8.313000000000000000e+03,8.446655273437500000e+01,3.357499999999999929e+00,1.550999999999999979e+01,1.546398437500000078e+01
8.313100000000000364e+03,8.464965820312500000e+01,3.370000000000000107e+00,1.566000000000000014e+01,1.547328125000000121e+01
8.313200000000000728e+03,8.474121093750000000e+01,3.387500000000000178e+00,1.534999999999999964e+01,1.545085937500000028e+01
8.313299999999999272e+03,8.545532226562500000e+01,3.410000000000000142e+00,1.566000000000000014e+01,1.546835937500000036e+01
8.313399999999999636e+03,8.690185546875000000e+01,3.194999999999999840e+00,1.532000000000000028e+01,1.545031250000000078e+01
8.313500000000000000e+03,8.653564453125000000e+01,3.417499999999999982e+00,1.536999999999999922e+01,1.545578125000000114e+01
8.313600000000000364e+03,8.675537109375000000e+01,3.424999999999999822e+00,1.545999999999999908e+01,1.548093750000000135e+01
8.313700000000000728e+03,8.686523437500000000e+01,3.402499999999999858e+00,1.566999999999999993e+01,1.547820312500000028e+01
8.313799999999999272e+03,8.818359375000000000e+01,3.430000000000000160e+00,1.554999999999999893e+01,1.546507812500000156e+01
8.313899999999999636e+03,8.882446289062500000e+01,3.442499999999999893e+00,1.566999999999999993e+01,1.544539062499999993e+01
8.314000000000000000e+03,8.840332031250000000e+01,3.479999999999999982e+00,1.551999999999999957e+01,1.548750000000000071e+01
8.314100000000000364e+03,8.864135742187500000e+01,3.455000000000000071e+00,1.543999999999999950e+01,1.550445312500000128e+01
8.314200000000000728e+03,9.019775390625000000e+01,3.450000000000000178e+00,1.550000000000000000e+01,1.548531250000000092e+01
8.314299999999999272e+03,9.019775390625000000e+01,3.455000000000000071e+00,1.557000000000000028e+01,1.547492187500000149e+01
8.314399999999999636e+03,9.076538085937500000e+01,3.472500000000000142e+00,1.551999999999999957e+01,1.547164062500000092e+01
8.314500000000000000e+03,9.032592773437500000e+01,3.484999999999999876e+00,1.520999999999999908e+01,1.546507812500000156e+01
8.314600000000000364e+03,9.096679687500000000e+01,3.490000000000000213e+00,1.540000000000000036e+01,1.545523437500000163e+01
8.314700000000000728e+03,9.244995117187500000e+01,3.492500000000000160e+00,1.541999999999999993e+01,1.537429687500000064e+01
8.314799999999999272e+03,9.215698242187500000e+01,3.487499999999999822e+00,1.520999999999999908e+01,1.538960937500000092e+01
8.314899999999999636e+03,9.276123046875000000e+01,3.517500000000000071e+00,1.547000000000000064e+01,1.543882812500000057e+01
8.315000000000000000e+03,9.223022460937500000e+01,3.512500000000000178e+00,1.561999999999999922e+01,1.546343750000000128e+01
8.315100000000000364e+03,9.400634765625000000e+01,3.547499999999999876e+00,1.553999999999999915e+01,1.551921875000000028e+01
8.315200000000000728e+03,9.439086914062500000e+01,3.544999999999999929e+00,1.528999999999999915e+01,1.547546875000000099e+01
8.315299999999999272e+03,9.402465820312500000e+01,3.537500000000000089e+00,1.554999999999999893e+01,1.547000000000000064e+01
8.315399999999999636e+03,9.446411132812500000e+01,3.544999999999999929e+00,1.550999999999999979e+01,1.544867187500000050e+01
8.315500000000000000e+03,9.486694335937500000e+01,3.560000000000000053e+00,1.550999999999999979e+01,1.545851562500000043e+01
8.315600000000000364e+03,9.607543945312500000e+01,3.232499999999999929e+00,1.572000000000000064e+01,1.549843750000000142e+01
8.315700000000000728e+03,9.624023437500000000e+01,3.517500000000000071e+00,1.562999999999999901e+01,1.546671875000000007e+01
8.315799999999999272e+03,9.572753906250000000e+01,3.527499999999999858e+00,1.531000000000000050e+01,1.545632812500000064e+01
8.315899999999999636e+03,9.624023437500000000e+01,3.562500000000000000e+00,1.550999999999999979e+01,1.549078125000000128e+01
8.316000000000000000e+03,9.741210937500000000e+01,3.552500000000000213e+00,1.540000000000000036e+01,1.551374999999999993e+01
8.316100000000000364e+03,9.781494140625000000e+01,3.604999999999999982e+00,1.540000000000000036e+01,1.548804687500000021e+01
8.316200000000000728e+03,9.790649414062500000e+01,3.607499999999999929e+00,1.528999999999999915e+01,1.547492187500000149e+01
8.316299999999999272e+03,9.744873046875000000e+01,3.600000000000000089e+00,1.557000000000000028e+01,1.545578125000000114e+01
8.316399999999999636e+03,9.935302734375000000e+01,3.627499999999999947e+00,1.542999999999999972e+01,1.547328125000000121e+01
8.316500000000000000e+03,9.926147460937500000e+01,3.625000000000000000e+00,1.540000000000000036e+01,1.543664062500000078e+01
8.316600000000000364e+03,9.957275390625000000e+01,3.660000000000000142e+00,1.540000000000000036e+01,1.548531250000000092e+01
8.316700000000000728e+03,9.968261718750000000e+01,3.617500000000000160e+00,1.544999999999999929e+01,1.545085937500000028e+01
8.316799999999999272e+03,9.955444335937500000e+01,3.652499999999999858e+00,1.532000000000000028e+01,1.546726562500000135e+01
8.316899999999999636e+03,1.014221191406250000e+02,3.667499999999999982e+00,1.542999999999999972e+01,1.546234375000000050e+01
8.317000000000000000e+03,1.009643554687500000e+02,3.660000000000000142e+00,1.532000000000000028e+01,1.545304687500000007e+01
8.317100000000000364e+03,1.013305664062500000e+02,3.700000000000000178e+00,1.559999999999999964e+01,1.543062500000000092e+01
8.317200000000000728e+03,1.013671875000000000e+02,3.700000000000000178e+00,1.570999999999999908e+01,1.545140625000000156e+01
8.317299999999999272e+03,1.024108886718750000e+02,3.669999999999999929e+00,1.549000000000000021e+01,1.547218750000000043e+01
8.317399999999999636e+03,1.031616210937500000e+02,3.757500000000000284e+00,1.535999999999999943e+01,1.545468750000000036e+01
8.317500000000000000e+03,1.026306152343750000e+02,3.719999999999999751e+00,1.556000000000000050e+01,1.547929687500000107e+01
8.317600000000000364e+03,1.030151367187500000e+02,3.734999999999999876e+00,1.540000000000000036e+01,1.543062500000000092e+01
8.317700000000000728e+03,1.040771484375000000e+02,3.725000000000000089e+00,1.558000000000000007e+01,1.549953125000000043e+01
8.317799999999999272e+03,1.042968750000000000e+02,3.740000000000000213e+00,1.535999999999999943e+01,1.546726562500000135e+01
8.317899999999999636e+03,1.049194335937500000e+02,3.742500000000000160e+00,1.533999999999999986e+01,1.544484375000000043e+01
8.318000000000000000e+03,1.043518066406250000e+02,3.754999999999999893e+00,1.544999999999999929e+01,1.548093750000000135e+01
8.318100000000000364e+03,1.047546386718750000e+02,3.762500000000000178e+00,1.558000000000000007e+01,1.546179687500000099e+01
8.318200000000000728e+03,1.064758300781250000e+02,3.782499999999999751e+00,1.553999999999999915e+01,1.545085937500000028e+01
8.318299999999999272e+03,1.061279296875000000e+02,3.799999999999999822e+00,1.526999999999999957e+01,1.548421875000000014e+01
8.318399999999999636e+03,1.067321777343750000e+02,3.807500000000000107e+00,1.545999999999999908e+01,1.549898437500000092e+01
8.318500000000000000e+03,1.061645507812500000e+02,3.827500000000000124e+00,1.544999999999999929e+01,1.546562500000000107e+01
8.318600000000000364e+03,1.079223632812500000e+02,3.805000000000000160e+00,1.557000000000000028e+01,1.548968750000000050e+01
8.318700000000000728e+03,1.082702636718750000e+02,3.820000000000000284e+00,1.539749999999999908e+01,1.543937500000000007e+01
8.318799999999999272e+03,1.078491210937500000e+02,3.834999999999999964e+00,1.548000000000000043e+01,1.546507812500000156e+01
8.318899999999999636e+03,1.083984375000000000e+02,3.844999999999999751e+00,1.557000000000000028e+01,1.545851562500000043e+01
8.319000000000000000e+03,1.083251953125000000e+02,3.872500000000000053e+00,1.549000000000000021e+01,1.549296875000000107e+01
8.319100000000000364e+03,1.099548339843750000e+02,3.879999999999999893e+00,1.561999999999999922e+01,1.544046875000000085e+01
8.319200000000000728e+03,1.099731445312500000e+02,3.899999999999999911e+00,1.558999999999999986e+01,1.547382812500000071e+01
8.319299999999999272e+03,1.095520019531250000e+02,3.907499999999999751e+00,1.556000000000000050e+01,1.543281250000000071e+01
8.319399999999999636e+03,1.101013183593750000e+02,3.907499999999999751e+00,1.535999999999999943e+01,1.549570312500000036e+01
8.319500000000000000e+03,1.112182617187500000e+02,3.947499999999999787e+00,1.548000000000000043e+01,1.549242187500000156e+01
8.319600000000000364e+03,1.117492675781250000e+02,3.955000000000000071e+00,1.523000000000000043e+01,1.543226562500000121e+01
8.319700000000000728e+03,1.117675781250000000e+02,3.984999999999999876e+00,1.537999999999999901e+01,1.544539062499999993e+01
8.319799999999999272e+03,1.113464355468750000e+02,4.015000000000000568e+00,1.549000000000000021e+01,1.550171875000000021e+01
8.319899999999999636e+03,1.130493164062500000e+02,4.009999999999999787e+00,1.566999999999999993e+01,1.548750000000000071e+01
8.320000000000000000e+03,1.130126953125000000e+02,4.052500000000000213e+00,1.551999999999999957e+01,1.547218750000000043e+01
8.320100000000000364e+03,1.134704589843750000e+02,4.019999999999999574e+00,1.560999999999999943e+01,1.542296875000000078e+01
8.320200000000000728e+03,1.134521484375000000e+02,4.049999999999999822e+00,1.529999999999999893e+01,1.544757812500000149e+01
8.320299999999999272e+03,1.131408691406250000e+02,4.092500000000000249e+00,1.552999999999999936e+01,1.545359375000000135e+01
8.320399999999999636e+03,1.153564453125000000e+02,4.082499999999999574e+00,1.544999999999999929e+01,1.547929687500000107e+01
8.320500000000000000e+03,1.148254394531250000e+02,4.082499999999999574e+00,1.537999999999999901e+01,1.544375000000000142e+01
8.320600000000000364e+03,1.152648925781250000e+02,4.125000000000000000e+00,1.525000000000000000e+01,1.543992187500000135e+01
8.320700000000000728e+03,1.152648925781250000e+02,4.097500000000000142e+00,1.525999999999999979e+01,1.548476562500000142e+01
8.320799999999999272e+03,1.164367675781250000e+02,4.140000000000000568e+00,1.550000000000000000e+01,1.546015625000000071e+01
8.320899999999999636e+03,1.173156738281250000e+02,4.157499999999999751e+00,1.561999999999999922e+01,1.554820312500000057e+01
8.321000000000000000e+03,1.167480468750000000e+02,4.212500000000000355e+00,1.542999999999999972e+01,1.543992187500000135e+01
8.321100000000000364e+03,1.171691894531250000e+02,4.197499999999999787e+00,1.558000000000000007e+01,1.540929687500000078e+01
8.321200000000000728e+03,1.180114746093750000e+02,4.177500000000000213e+00,1.547000000000000064e+01,1.544539062499999993e+01
8.321299999999999272e+03,1.185058593750000000e+02,4.242499999999999716e+00,1.552999999999999936e+01,1.542679687500000085e+01
8.321399999999999636e+03,1.191284179687500000e+02,4.276875000000000426e+00,1.537999999999999901e+01,1.543828125000000107e+01
8.321500000000000000e+03,1.185058593750000000e+02,4.256874999999999964e+00,1.548000000000000043e+01,1.552195312500000135e+01
8.321600000000000364e+03,1.189819335937500000e+02,4.284374999999999822e+00,1.570999999999999908e+01,1.549351562500000057e+01
8.321700000000000728e+03,1.207946777343750000e+02,4.281250000000000000e+00,1.557000000000000028e+01,1.550117187500000071e+01
8.321799999999999272e+03,1.205932617187500000e+02,4.316874999999999574e+00,1.558999999999999986e+01,1.547820312500000028e+01
8.321899999999999636e+03,1.211608886718750000e+02,4.352500000000000036e+00,1.554749999999999943e+01,1.543664062500000078e+01
8.322000000000000000e+03,1.205017089843750000e+02,4.394999999999999574e+00,1.542750000000000021e+01,1.549625000000000163e+01
8.322100000000000364e+03,1.224060058593750000e+02,4.375000000000000000e+00,1.541000000000000014e+01,1.545304687500000007e+01
8.322200000000000728e+03,1.228271484375000000e+02,4.415000000000000036e+00,1.549000000000000021e+01,1.543117187500000043e+01
8.322299999999999272e+03,1.225158691406250000e+02,4.447499999999999787e+00,1.541999999999999993e+01,1.547273437499999993e+01
8.322399999999999636e+03,1.230834960937500000e+02,4.450000000000000178e+00,1.535999999999999943e+01,1.546562500000000107e+01
8.322500000000000000e+03,1.227539062500000000e+02,4.457499999999999574e+00,1.532000000000000028e+01,1.545796875000000092e+01
8.322600000000000364e+03,1.243286132812500000e+02,4.515000000000000568e+00,1.573749999999999893e+01,1.541476562500000114e+01
8.322700000000000728e+03,1.243103027343750000e+02,4.507500000000000284e+00,1.541000000000000014e+01,1.545031250000000078e+01
8.322799999999999272e+03,1.239624023437500000e+02,4.542500000000000426e+00,1.541000000000000014e+01,1.548585937500000043e+01
8.322899999999999636e+03,1.245666503906250000e+02,4.535000000000000142e+00,1.539000000000000057e+01,1.548257812500000163e+01
8.323000000000000000e+03,1.239440917968750000e+02,4.577500000000000568e+00,1.554999999999999893e+01,1.543390625000000149e+01
8.323100000000000364e+03,1.244201660156250000e+02,5.562500000000003553e-02,1.533750000000000036e+01,-7.820312500000081712e-02
8.323200000000000728e+03,1.243469238281250000e+02,6.312499999999987566e-02,1.536999999999999922e+01,2.734374999999289457e-03
8.323299999999999272e+03,1.239990234375000000e+02,2.312499999999984013e-02,1.553999999999999915e+01,-1.421875000000039080e-02
8.323399999999999636e+03,1.245849609375000000e+02,4.562499999999980460e-02,1.540000000000000036e+01,-3.281250000000035527e-02
8.323500000000000000e+03,1.239074707031250000e+02,4.312499999999985789e-02,1.555749999999999922e+01,-1.640625000000106581e-02
8.323600000000000364e+03,1.244201660156250000e+02,4.312499999999985789e-02,1.554999999999999893e+01,-2.078125000000063949e-02
8.323700000000000728e+03,1.243286132812500000e+02,2.812499999999973355e-02,1.532000000000000028e+01,-2.515625000000110134e-02
8.323799999999999272e+03,1.239807128906250000e+02,3.062500000000012434e-02,1.544999999999999929e+01,-4.539062500000046185e-02
8.323899999999999636e+03,1.240722656250000000e+02,3.062500000000012434e-02,1.536999999999999922e+01,-9.296875000000426326e-03
8.324000000000000000e+03,1.233398437500000000e+02,2.562499999999978684e-02,1.533999999999999986e+01,-6.453125000000081712e-02
8.324100000000000364e+03,1.239440917968750000e+02,5.312500000000008882e-02,1.552999999999999936e+01,-3.226562500000085265e-02
8.324200000000000728e+03,1.238525390625000000e+02,3.062500000000012434e-02,1.560999999999999943e+01,-4.648437500000035527e-02
8.324299999999999272e+03,1.217102050781250000e+02,2.562499999999978684e-02,1.545999999999999908e+01,-1.421875000000039080e-02
8.324399999999999636e+03,1.218933105468750000e+02,3.812499999999996447e-02,1.537999999999999901e+01,-1.093750000000071054e-02
8.324500000000000000e+03,1.211975097656250000e+02,4.562499999999980460e-02,1.541999999999999993e+01,-2.953125000000067502e-02
8.324600000000000364e+03,1.217102050781250000e+02,3.562500000000001776e-02,1.540000000000000036e+01,1.148437499999932498e-02
8.324700000000000728e+03,1.205566406250000000e+02,5.812499999999998224e-02,1.525000000000000000e+01,-4.593750000000085265e-02
8.324799999999999272e+03,1.176635742187500000e+02,6.249999999998756550e-04,1.541000000000000014e+01,-4.867187500000103029e-02
8.324899999999999636e+03,1.181945800781250000e+02,5.312500000000008882e-02,1.551999999999999957e+01,-5.742187500000106581e-02
8.325000000000000000e+03,1.175354003906250000e+02,4.812499999999975131e-02,1.549000000000000021e+01,-5.085937500000081712e-02
8.325100000000000364e+03,1.180480957031250000e+02,6.312499999999987566e-02,1.553999999999999915e+01,-2.625000000000099476e-02
8.325200000000000728e+03,1.140014648437500000e+02,5.812499999999998224e-02,1.558000000000000007e+01,-8.312500000000078160e-02
8.325299999999999272e+03,1.132324218750000000e+02,4.562499999999980460e-02,1.545999999999999908e+01,-3.664062500000042633e-02
8.325399999999999636e+03,1.137451171875000000e+02,8.062499999999994671e-02,1.550999999999999979e+01,-2.843750000000078160e-02
8.325500000000000000e+03,1.131225585937500000e+02,1.312500000000005329e-02,1.544749999999999979e+01,-4.812500000000063949e-02
8.325600000000000364e+03,1.112548828125000000e+02,4.812499999999975131e-02,1.534999999999999964e+01,-3.554687500000053291e-02
8.325700000000000728e+03,1.099914550781250000e+02,3.062500000000012434e-02,1.532000000000000028e+01,-2.023437500000024869e-02
8.325799999999999272e+03,1.095703125000000000e+02,3.812499999999996447e-02,1.554999999999999893e+01,-5.250000000000110134e-02
8.325899999999999636e+03,1.101379394531250000e+02,4.562499999999980460e-02,1.568999999999999950e+01,-2.351562500000081712e-02
8.326000000000000000e+03,1.095703125000000000e+02,3.812499999999996447e-02,1.566000000000000014e+01,-3.281250000000035527e-02
8.326100000000000364e+03,1.070800781250000000e+02,-5.181249999999999467e-01,1.546749999999999936e+01,-2.953125000000067502e-02
8.326200000000000728e+03,1.069519042968750000e+02,3.812499999999996447e-02,1.561999999999999922e+01,-7.492187500000024869e-02
8.326299999999999272e+03,1.064758300781250000e+02,4.562499999999980460e-02,1.527999999999999936e+01,-1.093750000000781597e-03
8.326399999999999636e+03,1.070068359375000000e+02,6.062499999999992895e-02,1.541750000000000043e+01,-3.226562500000085265e-02
8.326500000000000000e+03,1.043334960937500000e+02,3.812499999999996447e-02,1.550999999999999979e+01,-8.750000000000923706e-03
8.326600000000000364e+03,1.042602539062500000e+02,2.312499999999984013e-02,1.539000000000000057e+01,-3.335937500000074607e-02
8.326700000000000728e+03,1.042236328125000000e+02,4.562499999999980460e-02,1.552999999999999936e+01,-6.781250000000049738e-02
8.326799999999999272e+03,1.038940429687500000e+02,4.062499999999991118e-02,1.543750000000000000e+01,1.968749999999896971e-02
8.326899999999999636e+03,1.035827636718750000e+02,1.562500000000000000e-02,1.537999999999999901e+01,-2.679687500000049738e-02
8.327000000000000000e+03,1.014953613281250000e+02,4.062499999999991118e-02,1.547000000000000064e+01,1.039062499999943157e-02
8.327100000000000364e+03,1.018249511718750000e+02,3.312500000000007105e-02,1.539000000000000057e+01,-3.773437500000031974e-02
8.327200000000000728e+03,1.018981933593750000e+02,4.312499999999985789e-02,1.532000000000000028e+01,-3.992187500000099476e-02
8.327299999999999272e+03,1.014587402343750000e+02,3.062500000000012434e-02,1.542999999999999972e+01,-4.375000000000461853e-03
8.327399999999999636e+03,1.000854492187500000e+02,3.312500000000007105e-02,1.543999999999999950e+01,-5.195312500000071054e-02
8.327500000000000000e+03,9.938964843750000000e+01,2.812499999999973355e-02,1.536999999999999922e+01,-1.367187500000088818e-02
8.327600000000000364e+03,9.973754882812500000e+01,3.312500000000007105e-02,1.541000000000000014e+01,-7.164062500000056843e-02
8.327700000000000728e+03,9.981079101562500000e+01,3.062500000000012434e-02,1.541000000000000014e+01,-8.039062500000060396e-02
8.327799999999999272e+03,9.810791015625000000e+01,4.312499999999985789e-02,1.512999999999999901e+01,-3.062500000000056843e-02
8.327899999999999636e+03,9.796142578125000000e+01,3.062500000000012434e-02,1.541999999999999993e+01,-7.820312500000081712e-02
8.328000000000000000e+03,9.735717773437500000e+01,3.312500000000007105e-02,1.568999999999999950e+01,-4.648437500000035527e-02
8.328100000000000364e+03,9.770507812500000000e+01,3.812499999999996447e-02,1.551999999999999957e+01,-4.210937500000078160e-02
8.328200000000000728e+03,9.777832031250000000e+01,3.062500000000012434e-02,1.553999999999999915e+01,-4.484375000000095923e-02
8.328299999999999272e+03,9.563598632812500000e+01,5.812499999999998224e-02,1.533000000000000007e+01,-4.539062500000046185e-02
8.328399999999999636e+03,9.603881835937500000e+01,3.812499999999996447e-02,1.543999999999999950e+01,-3.828125000000959233e-03
8.328500000000000000e+03,9.559936523437500000e+01,5.062500000000014211e-02,1.529999999999999893e+01,-1.050000000000004263e-01
8.328600000000000364e+03,9.587402343750000000e+01,1.312500000000005329e-02,1.556749999999999901e+01,-1.914062500000035527e-02
8.328700000000000728e+03,9.457397460937500000e+01,4.562499999999980460e-02,1.553999999999999915e+01,-5.523437500000039080e-02
8.328799999999999272e+03,9.384155273437500000e+01,8.124999999999715783e-03,1.559999999999999964e+01,-7.109375000000639488e-03
8.328899999999999636e+03,9.439086914062500000e+01,2.312499999999984013e-02,1.552999999999999936e+01,5.468749999995026201e-04
8.329000000000000000e+03,9.391479492187500000e+01,5.812499999999998224e-02,1.511999999999999922e+01,-1.804687500000046185e-02
8.329100000000000364e+03,9.367675781250000000e+01,3.562500000000001776e-02,1.537999999999999901e+01,1.312499999999960920e-02
8.329200000000000728e+03,9.272460937500000000e+01,5.062500000000014211e-02,1.558000000000000007e+01,-5.523437500000039080e-02
8.329299999999999272e+03,9.224853515625000000e+01,1.812499999999994671e-02,1.549000000000000021e+01,-7.054687500000067502e-02
8.329399999999999636e+03,9.277954101562500000e+01,5.624999999999769074e-03,1.550999999999999979e+01,3.828124999999182876e-03
8.329500000000000000e+03,9.228515625000000000e+01,3.062500000000012434e-02,1.543750000000000000e+01,-3.062500000000056843e-02
8.329600000000000364e+03,9.118652343750000000e+01,2.312499999999984013e-02,1.564000000000000057e+01,-5.632812500000028422e-02
8.329700000000000728e+03,9.107666015625000000e+01,4.312499999999985789e-02,1.541999999999999993e+01,-4.921875000000053291e-02
8.329799999999999272e+03,9.065551757812500000e+01,4.062499999999991118e-02,1.543999999999999950e+01,-4.976562500000092371e-02
8.329899999999999636e+03,9.116821289062500000e+01,1.699999999999999289e-01,1.537999999999999901e+01,-1.148437500000110134e-02
8.330000000000000000e+03,8.973999023437500000e+01,6.249999999998756550e-04,1.558000000000000007e+01,-3.773437500000031974e-02
8.330100000000000364e+03,8.948364257812500000e+01,3.062500000000012434e-02,1.564000000000000057e+01,-8.881784197001252323e-16
8.330200000000000728e+03,8.959350585937500000e+01,5.562500000000003553e-02,1.552999999999999936e+01,-5.250000000000110134e-02
8.330299999999999272e+03,8.911743164062500000e+01,6.312499999999987566e-02,1.541000000000000014e+01,-2.023437500000024869e-02
8.330399999999999636e+03,8.959350585937500000e+01,5.062500000000014211e-02,1.542999999999999972e+01,-1.914062500000035527e-02
8.330500000000000000e+03,8.789062500000000000e+01,4.312499999999985789e-02,1.560749999999999993e+01,-1.093750000000071054e-02
8.330600000000000364e+03,8.809204101562500000e+01,4.312499999999985789e-02,1.529999999999999893e+01,-5.687500000000067502e-02
8.330700000000000728e+03,8.814697265625000000e+01,5.312500000000008882e-02,1.562999999999999901e+01,-3.335937500000074607e-02
8.330799999999999272e+03,8.774414062500000000e+01,7.812500000000000000e-02,1.547000000000000064e+01,-5.085937500000081712e-02
8.330899999999999636e+03,8.708496093750000000e+01,3.812499999999996447e-02,1.535999999999999943e+01,-4.101562500000088818e-02
8.331000000000000000e+03,8.640747070312500000e+01,5.812499999999998224e-02,1.549000000000000021e+01,-1.039062500000031974e-02
8.331100000000000364e+03,8.668212890625000000e+01,5.562500000000003553e-02,1.533000000000000007e+01,-4.539062500000046185e-02
8.331200000000000728e+03,8.675537109375000000e+01,3.062500000000012434e-02,1.549000000000000021e+01,-7.656250000001030287e-03
8.331299999999999272e+03,8.591308593750000000e+01,3.312500000000007105e-02,1.533999999999999986e+01,-5.250000000000110134e-02
8.331399999999999636e+03,8.543701171875000000e+01,1.812499999999994671e-02,1.526999999999999957e+01,-5.468750000003907985e-04
8.331500000000000000e+03,8.503417968750000000e+01,4.312499999999985789e-02,1.545999999999999908e+01,-4.593750000000085265e-02
8.331600000000000364e+03,8.529052734375000000e+01,4.812499999999975131e-02,1.535999999999999943e+01,-8.750000000000923706e-03
8.331700000000000728e+03,8.536376953125000000e+01,2.312499999999984013e-02,1.550000000000000000e+01,-3.828125000000071054e-02
8.331799999999999272e+03,8.378906250000000000e+01,7.312500000000010658e-02,1.543999999999999950e+01,-4.429687500000056843e-02
8.331899999999999636e+03,8.415527343750000000e+01,6.062499999999992895e-02,1.544999999999999929e+01,-7.765625000000042633e-02
8.332000000000000000e+03,8.371582031250000000e+01,3.562500000000001776e-02,1.561999999999999922e+01,-2.351562500000081712e-02
8.332100000000000364e+03,8.399047851562500000e+01,4.812499999999975131e-02,1.553749999999999964e+01,-5.359375000000099476e-02
8.332200000000000728e+03,8.325805664062500000e+01,5.062500000000014211e-02,1.563749999999999929e+01,-6.781250000000049738e-02
8.332299999999999272e+03,8.234252929687500000e+01,3.062500000000012434e-02,1.541999999999999993e+01,-1.257812500000099476e-02
8.332399999999999636e+03,8.283691406250000000e+01,4.062499999999991118e-02,1.550000000000000000e+01,-4.046875000000049738e-02
8.332500000000000000e+03,8.243408203125000000e+01,3.062500000000012434e-02,1.536999999999999922e+01,-8.914062500000063949e-02
8.332600000000000364e+03,8.265380859375000000e+01,4.312499999999985789e-02,1.556000000000000050e+01,-3.390625000000024869e-02
8.332700000000000728e+03,8.153686523437500000e+01,3.312500000000007105e-02,1.536999999999999922e+01,-8.312500000000078160e-02
8.332799999999999272e+03,8.104248046875000000e+01,2.812499999999973355e-02,1.544999999999999929e+01,-3.773437500000031974e-02
8.332899999999999636e+03,8.151855468750000000e+01,1.168749999999998401e-01,1.529999999999999893e+01,-1.585937500000067502e-02
8.333000000000000000e+03,8.115234375000000000e+01,3.062500000000012434e-02,1.540000000000000036e+01,-8.367187500000028422e-02
8.333100000000000364e+03,8.041992187500000000e+01,5.624999999999769074e-03,1.529999999999999893e+01,-8.859375000000024869e-02
8.333200000000000728e+03,8.027343750000000000e+01,4.062499999999991118e-02,1.542999999999999972e+01,-4.539062500000046185e-02
8.333299999999999272e+03,7.987060546875000000e+01,3.812499999999996447e-02,1.542999999999999972e+01,-1.695312500000056843e-02
8.333399999999999636e+03,8.032836914062500000e+01,2.062499999999989342e-02,1.541999999999999993e+01,-2.953125000000067502e-02
8.333500000000000000e+03,7.970581054687500000e+01,2.062499999999989342e-02,1.539000000000000057e+01,-4.703125000000074607e-02
8.333600000000000364e+03,7.902832031250000000e+01,6.062499999999992895e-02,1.564749999999999908e+01,-1.585937500000067502e-02
8.333700000000000728e+03,7.908325195312500000e+01,3.062500000000012434e-02,1.548000000000000043e+01,-6.125000000000024869e-02
8.333799999999999272e+03,7.869873046875000000e+01,7.062500000000015987e-02,1.566000000000000014e+01,-1.093750000000781597e-03
8.333899999999999636e+03,7.913818359375000000e+01,4.312499999999985789e-02,1.550000000000000000e+01,-1.421875000000039080e-02
8.334000000000000000e+03,7.772827148437500000e+01,3.562500000000001776e-02,1.549000000000000021e+01,-9.679687500000078160e-02
8.334100000000000364e+03,7.778320312500000000e+01,3.812499999999996447e-02,1.507750000000000057e+01,-6.890625000000039080e-02
8.334200000000000728e+03,7.787475585937500000e+01,4.812499999999975131e-02,1.541999999999999993e+01,-5.960937500000085265e-02
8.334299999999999272e+03,7.741699218750000000e+01,7.062500000000015987e-02,1.548000000000000043e+01,-5.468750000003907985e-04
8.334399999999999636e+03,7.723388671875000000e+01,4.062499999999991118e-02,1.561999999999999922e+01,-2.187500000000053291e-02
8.334500000000000000e+03,7.639160156250000000e+01,1.812499999999994671e-02,1.552999999999999936e+01,-3.718750000000081712e-02
8.334600000000000364e+03,7.655639648437500000e+01,7.312500000000010658e-02,1.514000000000000057e+01,-1.640625000000284217e-03
8.334700000000000728e+03,7.666625976562500000e+01,3.312500000000007105e-02,1.554749999999999943e+01,-3.390625000000024869e-02
8.334799999999999272e+03,7.622680664062500000e+01,3.312500000000007105e-02,1.549000000000000021e+01,-5.085937500000081712e-02
8.334899999999999636e+03,7.564086914062500000e+01,5.812499999999998224e-02,1.541999999999999993e+01,-3.937500000000060396e-02
8.335000000000000000e+03,7.527465820312500000e+01,5.062500000000014211e-02,1.550000000000000000e+01,-5.906250000000046185e-02
8.335100000000000364e+03,7.543945312500000000e+01,-1.250000000000017764e-02,1.559999999999999964e+01,7.109374999999751310e-03
8.335200000000000728e+03,7.553100585937500000e+01,3.312500000000007105e-02,1.547749999999999915e+01,1.093749999999005240e-03
8.335299999999999272e+03,7.428588867187500000e+01,4.312499999999985789e-02,1.557000000000000028e+01,-4.812500000000063949e-02
8.335399999999999636e+03,7.450561523437500000e+01,4.562499999999980460e-02,1.545999999999999908e+01,-6.179687500000063949e-02
8.335500000000000000e+03,7.417602539062500000e+01,6.812499999999976907e-02,1.566999999999999993e+01,-7.656250000000053291e-02
8.335600000000000364e+03,7.432250976562500000e+01,5.062500000000014211e-02,1.548000000000000043e+01,-3.390625000000024869e-02
8.335700000000000728e+03,7.426757812500000000e+01,4.062499999999991118e-02,1.556000000000000050e+01,-2.843750000000078160e-02
8.335799999999999272e+03,7.294921875000000000e+01,5.562500000000003553e-02,1.558999999999999986e+01,2.187499999998898659e-03
8.335899999999999636e+03,7.338867187500000000e+01,2.062499999999989342e-02,1.539000000000000057e+01,-7.820312500000081712e-02
8.336000000000000000e+03,7.307739257812500000e+01,2.312499999999984013e-02,1.533000000000000007e+01,-1.640625000000106581e-02
8.336100000000000364e+03,7.326049804687500000e+01,-4.375000000000017764e-03,1.541000000000000014e+01,3.882812499999932498e-02
8.336200000000000728e+03,7.245483398437500000e+01,1.312500000000005329e-02,1.551999999999999957e+01,-4.429687500000056843e-02
8.336299999999999272e+03,7.194213867187500000e+01,-1.187499999999985789e-02,1.525999999999999979e+01,-2.953125000000067502e-02
8.336399999999999636e+03,7.238159179687500000e+01,5.812499999999998224e-02,1.549000000000000021e+01,-4.976562500000092371e-02
8.336500000000000000e+03,7.207031250000000000e+01,4.062499999999991118e-02,1.558999999999999986e+01,-7.109375000000106581e-02
8.336600000000000364e+03,7.175903320312500000e+01,6.312499999999987566e-02,1.541000000000000014e+01,-5.414062500000049738e-02
8.336700000000000728e+03,7.139282226562500000e+01,5.562500000000003553e-02,1.543999999999999950e+01,-7.710937500000092371e-02
8.336799999999999272e+03,7.091674804687500000e+01,1.312500000000005329e-02,1.543999999999999950e+01,-6.234375000000103029e-02
8.336899999999999636e+03,7.141113281250000000e+01,2.562499999999978684e-02,1.540000000000000036e+01,-3.445312500000063949e-02
8.337000000000000000e+03,7.109985351562500000e+01,5.812499999999998224e-02,1.535999999999999943e+01,-4.375000000000106581e-02
8.337100000000000364e+03,7.027587890625000000e+01,4.312499999999985789e-02,1.582750000000000057e+01,-3.390625000000024869e-02
8.337200000000000728e+03,7.033081054687500000e+01,5.062500000000014211e-02,1.534999999999999964e+01,-7.109375000000639488e-03
8.337299999999999272e+03,6.992797851562500000e+01,3.312500000000007105e-02,1.535999999999999943e+01,-2.570312500000060396e-02
8.337399999999999636e+03,7.042236328125000000e+01,6.062499999999992895e-02,1.546749999999999936e+01,-4.648437500000035527e-02
8.337500000000000000e+03,6.943359375000000000e+01,8.812499999999978684e-02,1.541999999999999993e+01,-2.843750000000078160e-02
8.337600000000000364e+03,6.934204101562500000e+01,5.062500000000014211e-02,1.542999999999999972e+01,-6.507812500000031974e-02
8.337700000000000728e+03,6.943359375000000000e+01,2.312499999999984013e-02,1.523000000000000043e+01,-5.031250000000042633e-02
8.337799999999999272e+03,6.904907226562500000e+01,5.562500000000003553e-02,1.545999999999999908e+01,-6.617187500000110134e-02
8.337899999999999636e+03,6.939697265625000000e+01,1.312500000000005329e-02,1.557000000000000028e+01,-2.625000000000099476e-02
8.338000000000000000e+03,6.824340820312500000e+01,4.812499999999975131e-02,1.528999999999999915e+01,-3.445312500000063949e-02
8.338100000000000364e+03,6.833496093750000000e+01,3.062500000000012434e-02,1.565000000000000036e+01,-4.921875000000852651e-03
8.338200000000000728e+03,6.840820312500000000e+01,3.562500000000001776e-02,1.544999999999999929e+01,-8.914062500000063949e-02
8.338299999999999272e+03,6.800537109375000000e+01,4.812499999999975131e-02,1.560999999999999943e+01,-8.881784197001252323e-16
8.338399999999999636e+03,6.773071289062500000e+01,6.062499999999992895e-02,1.558999999999999986e+01,2.843749999999900524e-02
8.338500000000000000e+03,6.730957031250000000e+01,2.312499999999984013e-02,1.545999999999999908e+01,-3.117187500000095923e-02
8.338600000000000364e+03,6.743774414062500000e+01,2.812499999999973355e-02,1.552999999999999936e+01,-2.023437500000024869e-02
8.338700000000000728e+03,6.752929687500000000e+01,2.562499999999978684e-02,1.543999999999999950e+01,-6.234375000000103029e-02
8.338799999999999272e+03,6.677856445312500000e+01,3.312500000000007105e-02,1.556000000000000050e+01,-1.476562500000078160e-02
8.338899999999999636e+03,6.668701171875000000e+01,4.062499999999991118e-02,1.539000000000000057e+01,-3.718750000000081712e-02
8.339000000000000000e+03,6.639404296875000000e+01,7.562500000000005329e-02,1.515000000000000036e+01,-4.593750000000085265e-02
8.339100000000000364e+03,6.657714843750000000e+01,4.812499999999975131e-02,1.534999999999999964e+01,-1.585937500000067502e-02
8.339200000000000728e+03,6.666870117187500000e+01,4.062499999999991118e-02,1.532000000000000028e+01,-9.187500000000081712e-02
8.339299999999999272e+03,6.551513671875000000e+01,2.812499999999973355e-02,1.556000000000000050e+01,-4.484375000000095923e-02
8.339399999999999636e+03,6.589965820312500000e+01,2.812499999999973355e-02,1.550999999999999979e+01,-7.984375000000110134e-02
8.339500000000000000e+03,6.560668945312500000e+01,6.312499999999987566e-02,1.558000000000000007e+01,-4.484375000000095923e-02
8.339600000000000364e+03,6.575317382812500000e+01,2.562499999999978684e-02,1.550999999999999979e+01,-5.031250000000042633e-02
8.339700000000000728e+03,6.533203125000000000e+01,5.312500000000008882e-02,1.536999999999999922e+01,-6.125000000000024869e-02
8.339799999999999272e+03,6.454467773437500000e+01,4.062499999999991118e-02,1.543999999999999950e+01,-3.718750000000081712e-02
8.339899999999999636e+03,6.496582031250000000e+01,5.312500000000008882e-02,1.547000000000000064e+01,-8.257812500000039080e-02
8.340000000000000000e+03,6.469116210937500000e+01,4.562499999999980460e-02,1.534750000000000014e+01,-7.054687500000067502e-02
8.340100000000000364e+03,6.487426757812500000e+01,3.812499999999996447e-02,1.558999999999999986e+01,-3.937500000000060396e-02
8.340200000000000728e+03,6.414184570312500000e+01,2.312499999999984013e-02,1.541000000000000014e+01,-8.312500000000078160e-02
8.340299999999999272e+03,6.375732421875000000e+01,3.562500000000001776e-02,1.566750000000000043e+01,-5.468750000000088818e-02
8.340399999999999636e+03,6.417846679687500000e+01,3.062500000000012434e-02,1.549750000000000050e+01,-7.820312500000081712e-02
8.340500000000000000e+03,6.394042968750000000e+01,7.062500000000015987e-02,1.550000000000000000e+01,-2.187500000000053291e-02
8.340600000000000364e+03,6.333618164062500000e+01,4.062499999999991118e-02,1.553999999999999915e+01,5.468749999999467093e-03
8.340700000000000728e+03,6.331787109375000000e+01,3.312500000000007105e-02,1.554999999999999893e+01,-4.046875000000049738e-02
8.340799999999999272e+03,6.295166015625000000e+01,-2.537500000000001421e-01,1.543999999999999950e+01,-1.914062500000035527e-02
8.340899999999999636e+03,6.331787109375000000e+01,6.062499999999992895e-02,1.541999999999999993e+01,-9.898437500000056843e-02
8.341000000000000000e+03,6.293334960937500000e+01,2.562499999999978684e-02,1.564000000000000057e+01,-3.390625000000024869e-02
8.341100000000000364e+03,6.243896484375000000e+01,6.312499999999987566e-02,1.541999999999999993e+01,-1.039062500000031974e-02
8.341200000000000728e+03,6.251220703125000000e+01,7.562500000000005329e-02,1.541000000000000014e+01,7.109374999999751310e-03
8.341299999999999272e+03,6.210937500000000000e+01,2.312499999999984013e-02,1.553999999999999915e+01,4.374999999999573674e-03
8.341399999999999636e+03,6.256713867187500000e+01,5.562500000000003553e-02,1.550999999999999979e+01,-3.664062500000042633e-02
8.341500000000000000e+03,6.157836914062500000e+01,6.312499999999987566e-02,1.543750000000000000e+01,-8.421875000000067502e-02
8.341600000000000364e+03,6.161499023437500000e+01,4.062499999999991118e-02,1.545999999999999908e+01,-4.539062500000046185e-02
8.341700000000000728e+03,6.172485351562500000e+01,5.312500000000008882e-02,1.535999999999999943e+01,-5.085937500000081712e-02
8.341799999999999272e+03,6.134033203125000000e+01,4.812499999999975131e-02,1.550999999999999979e+01,-1.257812500000099476e-02
8.341899999999999636e+03,6.132202148437500000e+01,5.812499999999998224e-02,1.547000000000000064e+01,-5.687500000000067502e-02
8.342000000000000000e+03,6.080932617187500000e+01,4.812499999999975131e-02,1.543999999999999950e+01,-1.093750000000781597e-03
8.342100000000000364e+03,6.090087890625000000e+01,4.562499999999980460e-02,1.541000000000000014e+01,-3.062500000000056843e-02
8.342200000000000728e+03,6.099243164062500000e+01,6.562499999999982236e-02,1.549750000000000050e+01,-4.320312500000067502e-02
8.342299999999999272e+03,6.066284179687500000e+01,5.312500000000008882e-02,1.526999999999999957e+01,-2.460937500000071054e-02
8.342399999999999636e+03,6.035156250000000000e+01,5.562500000000003553e-02,1.535999999999999943e+01,-2.679687500000049738e-02
8.342500000000000000e+03,6.011352539062500000e+01,4.562499999999980460e-02,1.525999999999999979e+01,-4.046875000000049738e-02
8.342600000000000364e+03,6.018676757812500000e+01,2.812499999999973355e-02,1.540000000000000036e+01,-5.960937500000085265e-02
8.342700000000000728e+03,6.031494140625000000e+01,1.062500000000010658e-02,1.537999999999999901e+01,-6.070312500000074607e-02
8.342799999999999272e+03,5.932617187500000000e+01,5.062500000000014211e-02,1.543999999999999950e+01,-4.265625000000028422e-02
8.342899999999999636e+03,5.954589843750000000e+01,5.812499999999998224e-02,1.550000000000000000e+01,-6.289062500000053291e-02
8.343000000000000000e+03,5.932617187500000000e+01,7.562500000000005329e-02,1.549000000000000021e+01,-6.726562500000099476e-02
8.343100000000000364e+03,5.939941406250000000e+01,3.812499999999996447e-02,1.543999999999999950e+01,6.562499999999360512e-03
8.343200000000000728e+03,5.945434570312500000e+01,8.124999999999982236e-02,1.560999999999999943e+01,-2.515625000000110134e-02
8.343299999999999272e+03,5.844726562500000000e+01,2.312499999999984013e-02,1.567999999999999972e+01,-5.085937500000081712e-02
8.343399999999999636e+03,5.885009765625000000e+01,5.062500000000014211e-02,1.557000000000000028e+01,-5.304687500000060396e-02
8.343500000000000000e+03,5.863037109375000000e+01,-1.937500000000014211e-02,1.552999999999999936e+01,-4.976562500000092371e-02
8.343600000000000364e+03,5.870361328125000000e+01,5.562500000000003553e-02,1.548000000000000043e+01,-3.117187500000095923e-02
8.343700000000000728e+03,5.820922851562500000e+01,5.312500000000008882e-02,1.544999999999999929e+01,-6.398437500000042633e-02
8.343799999999999272e+03,5.773315429687500000e+01,4.312499999999985789e-02,1.557000000000000028e+01,-7.273437500000046185e-02
8.343899999999999636e+03,5.811767578125000000e+01,5.812499999999998224e-02,1.566750000000000043e+01,-3.992187500000099476e-02
8.344000000000000000e+03,5.789794921875000000e+01,6.062499999999992895e-02,1.550999999999999979e+01,-1.585937500000067502e-02
8.344100000000000364e+03,5.775146484375000000e+01,5.312500000000008882e-02,1.547749999999999915e+01,-7.437500000000074607e-02
8.344200000000000728e+03,5.753173828125000000e+01,6.062499999999992895e-02,1.550999999999999979e+01,-3.828125000000071054e-02
8.344299999999999272e+03,5.712890625000000000e+01,3.812499999999996447e-02,1.550000000000000000e+01,-1.914062500000035527e-02
8.344399999999999636e+03,5.753173828125000000e+01,1.175000000000001599e-01,1.550999999999999979e+01,-1.859375000000085265e-02
8.344500000000000000e+03,5.731201171875000000e+01,3.562500000000001776e-02,1.551999999999999957e+01,-4.156250000000039080e-02
8.344600000000000364e+03,5.676269531250000000e+01,2.812499999999973355e-02,1.548000000000000043e+01,-3.500000000000103029e-02
8.344700000000000728e+03,5.679931640625000000e+01,5.812499999999998224e-02,1.557000000000000028e+01,1.148437499999932498e-02
8.344799999999999272e+03,5.645141601562500000e+01,4.812499999999975131e-02,1.526999999999999957e+01,-4.320312500000067502e-02
8.344899999999999636e+03,5.685424804687500000e+01,1.562500000000000000e-02,1.547000000000000064e+01,-6.398437500000042633e-02
8.345000000000000000e+03,5.615844726562500000e+01,3.562500000000001776e-02,1.542999999999999972e+01,-4.156250000000039080e-02
8.345100000000000364e+03,5.599365234375000000e+01,6.812499999999976907e-02,1.542999999999999972e+01,-2.187500000000675016e-03
8.345200000000000728e+03,5.608520507812500000e+01,6.062499999999992895e-02,1.528999999999999915e+01,-3.882812500000110134e-02
8.345299999999999272e+03,5.571899414062500000e+01,3.312500000000007105e-02,1.559999999999999964e+01,-4.046875000000049738e-02
8.345399999999999636e+03,5.612182617187500000e+01,3.562500000000001776e-02,1.552749999999999986e+01,-5.960937500000085265e-02
8.345500000000000000e+03,5.535278320312500000e+01,4.312499999999985789e-02,1.581499999999999950e+01,-7.656250000000053291e-02
8.345600000000000364e+03,5.538940429687500000e+01,3.062500000000012434e-02,1.556000000000000050e+01,-4.265625000000028422e-02
8.345700000000000728e+03,5.551757812500000000e+01,5.312500000000008882e-02,1.560749999999999993e+01,-5.468750000000088818e-02
8.345799999999999272e+03,5.515136718750000000e+01,6.812499999999976907e-02,1.541750000000000043e+01,-1.968750000000074607e-02
8.345899999999999636e+03,5.507812500000000000e+01,1.812499999999994671e-02,1.554999999999999893e+01,-1.312500000000049738e-02
8.346000000000000000e+03,5.474853515625000000e+01,3.562500000000001776e-02,1.562999999999999901e+01,-3.609375000000092371e-02
8.346100000000000364e+03,5.480346679687500000e+01,2.812499999999973355e-02,1.564000000000000057e+01,-2.679687500000049738e-02
8.346200000000000728e+03,5.491333007812500000e+01,4.812499999999975131e-02,1.542999999999999972e+01,-3.937500000000060396e-02
8.346299999999999272e+03,5.440063476562500000e+01,5.062500000000014211e-02,1.543999999999999950e+01,-1.859375000000085265e-02
8.346399999999999636e+03,5.438232421875000000e+01,5.312500000000008882e-02,1.542999999999999972e+01,-4.156250000000039080e-02
8.346500000000000000e+03,5.412597656250000000e+01,4.812499999999975131e-02,1.540000000000000036e+01,-8.531250000000056843e-02
8.346600000000000364e+03,5.419921875000000000e+01,6.312499999999987566e-02,1.542999999999999972e+01,-1.640625000000106581e-02
8.346700000000000728e+03,5.434570312500000000e+01,2.312499999999984013e-02,1.538749999999999929e+01,-1.093750000000071054e-02
8.346799999999999272e+03,5.339355468750000000e+01,1.812499999999994671e-02,1.557000000000000028e+01,-5.632812500000028422e-02
8.346899999999999636e+03,5.370483398437500000e+01,7.312500000000010658e-02,1.528999999999999915e+01,-8.750000000000035527e-02
8.347000000000000000e+03,5.354003906250000000e+01,2.312499999999984013e-02,1.548000000000000043e+01,-7.328125000000085265e-02
8.347100000000000364e+03,5.361328125000000000e+01,6.562499999999982236e-02,1.544999999999999929e+01,-4.101562500000088818e-02
8.347200000000000728e+03,5.335693359375000000e+01,3.812499999999996447e-02,1.534999999999999964e+01,-3.335937500000074607e-02
8.347299999999999272e+03,5.278930664062500000e+01,5.312500000000008882e-02,1.522000000000000064e+01,-1.585937500000067502e-02
8.347399999999999636e+03,5.311889648437500000e+01,3.312500000000007105e-02,1.532000000000000028e+01,-3.500000000000103029e-02
8.347500000000000000e+03,5.295410156250000000e+01,4.562499999999980460e-02,1.535999999999999943e+01,-5.468750000000355271e-03
8.347600000000000364e+03,5.297241210937500000e+01,8.374999999999976907e-02,1.551999999999999957e+01,-1.640625000000106581e-02
8.347700000000000728e+03,5.310058593750000000e+01,4.062499999999991118e-02,1.560999999999999943e+01,-4.593750000000085265e-02
8.347799999999999272e+03,5.271606445312500000e+01,2.562499999999978684e-02,1.562999999999999901e+01,-1.033593750000010303e-01
8.347899999999999636e+03,5.311889648437500000e+01,5.062500000000014211e-02,1.542750000000000021e+01,-3.609375000000092371e-02
8.348000000000000000e+03,5.295410156250000000e+01,3.562500000000001776e-02,1.556000000000000050e+01,-5.031250000000042633e-02
8.348100000000000364e+03,5.300903320312500000e+01,2.942499999999999893e+00,1.541000000000000014e+01,1.540218750000000014e+01
8.348200000000000728e+03,5.310058593750000000e+01,2.975000000000000089e+00,1.537999999999999901e+01,1.547437500000000021e+01
8.348299999999999272e+03,5.275268554687500000e+01,2.975000000000000089e+00,1.550000000000000000e+01,1.542406250000000156e+01
8.348399999999999636e+03,5.310058593750000000e+01,2.972500000000000142e+00,1.523000000000000043e+01,1.540492187500000121e+01
8.348500000000000000e+03,5.310058593750000000e+01,2.984999999999999876e+00,1.537999999999999901e+01,1.540601562500000021e+01
8.348600000000000364e+03,5.416259765625000000e+01,2.997500000000000053e+00,1.558000000000000007e+01,1.548367187500000064e+01
8.348700000000000728e+03,5.430908203125000000e+01,3.007499999999999840e+00,1.549750000000000050e+01,1.549953125000000043e+01
8.348799999999999272e+03,5.392456054687500000e+01,3.062500000000000000e+00,1.558999999999999986e+01,1.553125000000000000e+01
8.348899999999999636e+03,5.434570312500000000e+01,3.029999999999999805e+00,1.536999999999999922e+01,1.548312500000000114e+01
8.349000000000000000e+03,5.623168945312500000e+01,3.077500000000000124e+00,1.556000000000000050e+01,1.546781250000000085e+01
8.349100000000000364e+03,5.667114257812500000e+01,3.042499999999999982e+00,1.548000000000000043e+01,1.544484375000000043e+01
8.349200000000000728e+03,5.678100585937500000e+01,3.075000000000000178e+00,1.537999999999999901e+01,1.535789062500000135e+01
8.349299999999999272e+03,5.643310546875000000e+01,3.042499999999999982e+00,1.528999999999999915e+01,1.540710937500000099e+01
8.349399999999999636e+03,5.839233398437500000e+01,3.055000000000000160e+00,1.535749999999999993e+01,1.545851562500000043e+01
8.349500000000000000e+03,6.009521484375000000e+01,3.107499999999999929e+00,1.553999999999999915e+01,1.544703125000000021e+01
8.349600000000000364e+03,6.027832031250000000e+01,3.125000000000000000e+00,1.558999999999999986e+01,1.546781250000000085e+01
8.349700000000000728e+03,6.042480468750000000e+01,3.127499999999999947e+00,1.550000000000000000e+01,1.547164062500000092e+01
8.349799999999999272e+03,6.002197265625000000e+01,3.100000000000000089e+00,1.533999999999999986e+01,1.543500000000000050e+01
8.349899999999999636e+03,6.478271484375000000e+01,2.887500000000000178e+00,1.528999999999999915e+01,1.542296875000000078e+01
8.350000000000000000e+03,6.485595703125000000e+01,3.167499999999999982e+00,1.568249999999999922e+01,1.547382812500000071e+01
8.350100000000000364e+03,6.500244140625000000e+01,3.122500000000000053e+00,1.547000000000000064e+01,1.545578125000000114e+01
8.350200000000000728e+03,6.513061523437500000e+01,3.180000000000000160e+00,1.540000000000000036e+01,1.547054687500000014e+01
8.350299999999999272e+03,6.732788085937500000e+01,3.169999999999999929e+00,1.550000000000000000e+01,1.553070312500000050e+01
8.350399999999999636e+03,6.884765625000000000e+01,3.169999999999999929e+00,1.553999999999999915e+01,1.549296875000000107e+01
8.350500000000000000e+03,6.857299804687500000e+01,3.202500000000000124e+00,1.562999999999999901e+01,1.551703125000000050e+01
8.350600000000000364e+03,6.871948242187500000e+01,3.212499999999999911e+00,1.560999999999999943e+01,1.550062500000000121e+01
8.350700000000000728e+03,6.908569335937500000e+01,3.182500000000000107e+00,1.537999999999999901e+01,1.545632812500000064e+01
8.350799999999999272e+03,7.146606445312500000e+01,3.182500000000000107e+00,1.558000000000000007e+01,1.547437500000000021e+01
8.350899999999999636e+03,7.207031250000000000e+01,3.180000000000000160e+00,1.558000000000000007e+01,1.543882812500000057e+01
8.351000000000000000e+03,7.177734375000000000e+01,3.217499999999999805e+00,1.565750000000000064e+01,1.548203125000000036e+01
8.351100000000000364e+03,7.192382812500000000e+01,3.240000000000000213e+00,1.544999999999999929e+01,1.546015625000000071e+01
8.351200000000000728e+03,7.432250976562500000e+01,3.229999999999999982e+00,1.552999999999999936e+01,1.541093750000000107e+01
8.351299999999999272e+03,7.443237304687500000e+01,3.180000000000000160e+00,1.533999999999999986e+01,1.542078125000000099e+01
8.351399999999999636e+03,7.487182617187500000e+01,3.257499999999999840e+00,1.535999999999999943e+01,1.544703125000000021e+01
8.351500000000000000e+03,7.454223632812500000e+01,3.272499999999999964e+00,1.556000000000000050e+01,1.548039062500000007e+01
8.351600000000000364e+03,7.565917968750000000e+01,3.250000000000000000e+00,1.541999999999999993e+01,1.547820312500000028e+01
8.351700000000000728e+03,7.734375000000000000e+01,3.277499999999999858e+00,1.566999999999999993e+01,1.548093750000000135e+01
8.351799999999999272e+03,7.699584960937500000e+01,3.280000000000000249e+00,1.534999999999999964e+01,1.544812500000000099e+01
8.351899999999999636e+03,7.749023437500000000e+01,3.265000000000000124e+00,1.557000000000000028e+01,1.550500000000000078e+01
8.352000000000000000e+03,7.712402343750000000e+01,3.272499999999999964e+00,1.550000000000000000e+01,1.539890625000000135e+01
8.352100000000000364e+03,7.965087890625000000e+01,3.270000000000000018e+00,1.542999999999999972e+01,1.545304687500000007e+01
8.352200000000000728e+03,7.996215820312500000e+01,3.282500000000000195e+00,1.525750000000000028e+01,1.549843750000000142e+01
8.352299999999999272e+03,7.954101562500000000e+01,3.299999999999999822e+00,1.553999999999999915e+01,1.542132812500000050e+01
8.352399999999999636e+03,8.001708984375000000e+01,3.342500000000000249e+00,1.562999999999999901e+01,1.552359375000000163e+01
8.352500000000000000e+03,8.107910156250000000e+01,3.322499999999999787e+00,1.539000000000000057e+01,1.547875000000000156e+01
8.352600000000000364e+03,8.203125000000000000e+01,3.327500000000000124e+00,1.533000000000000007e+01,1.540929687500000078e+01
8.352700000000000728e+03,8.214111328125000000e+01,3.392500000000000071e+00,1.557000000000000028e+01,1.545304687500000007e+01
8.352799999999999272e+03,8.171997070312500000e+01,3.365000000000000213e+00,1.558000000000000007e+01,1.547054687500000014e+01
8.352899999999999636e+03,8.225097656250000000e+01,3.350000000000000089e+00,1.565000000000000036e+01,1.544375000000000142e+01
8.353000000000000000e+03,8.389892578125000000e+01,3.350000000000000089e+00,1.530749999999999922e+01,1.548531250000000092e+01
8.353100000000000364e+03,8.428344726562500000e+01,3.352500000000000036e+00,1.577999999999999936e+01,1.544812500000000099e+01
8.353200000000000728e+03,8.435668945312500000e+01,3.435000000000000053e+00,1.575000000000000000e+01,1.542515625000000057e+01
8.353299999999999272e+03,8.391723632812500000e+01,3.375000000000000000e+00,1.541000000000000014e+01,1.544375000000000142e+01
8.353399999999999636e+03,8.605957031250000000e+01,3.402499999999999858e+00,1.545999999999999908e+01,1.546945312500000114e+01
8.353500000000000000e+03,8.596801757812500000e+01,3.402499999999999858e+00,1.559999999999999964e+01,1.540601562500000021e+01
8.353600000000000364e+03,8.626098632812500000e+01,3.397499999999999964e+00,1.549000000000000021e+01,1.544648437500000071e+01
8.353700000000000728e+03,8.635253906250000000e+01,3.419999999999999929e+00,1.583499999999999908e+01,1.539398437500000050e+01
8.353799999999999272e+03,8.668212890625000000e+01,3.437500000000000000e+00,1.541999999999999993e+01,1.546343750000000128e+01
8.353899999999999636e+03,8.836669921875000000e+01,3.410000000000000142e+00,1.558999999999999986e+01,1.545414062500000085e+01
8.354000000000000000e+03,8.800048828125000000e+01,3.439999999999999947e+00,1.556000000000000050e+01,1.552906250000000021e+01
8.354100000000000364e+03,8.829345703125000000e+01,3.450000000000000178e+00,1.535999999999999943e+01,1.549460937500000135e+01
8.354200000000000728e+03,8.836669921875000000e+01,3.439999999999999947e+00,1.549000000000000021e+01,1.545359375000000135e+01
8.354299999999999272e+03,8.961181640625000000e+01,3.462499999999999911e+00,1.555749999999999922e+01,1.543171874999999993e+01
8.354399999999999636e+03,9.032592773437500000e+01,3.472500000000000142e+00,1.565000000000000036e+01,1.547492187500000149e+01
8.354500000000000000e+03,8.992309570312500000e+01,3.464999999999999858e+00,1.567999999999999972e+01,1.542843750000000114e+01
8.354600000000000364e+03,9.017944335937500000e+01,3.470000000000000195e+00,1.544999999999999929e+01,1.546015625000000071e+01
8.354700000000000728e+03,9.151611328125000000e+01,3.475000000000000089e+00,1.550999999999999979e+01,1.548804687500000021e+01
8.354799999999999272e+03,9.169921875000000000e+01,3.495000000000000107e+00,1.566999999999999993e+01,1.545468750000000036e+01
8.354899999999999636e+03,9.224853515625000000e+01,3.500000000000000000e+00,1.562999999999999901e+01,1.547109375000000142e+01
8.355000000000000000e+03,9.180908203125000000e+01,3.492500000000000160e+00,1.539000000000000057e+01,1.542898437500000064e+01
8.355100000000000364e+03,9.215698242187500000e+01,3.477500000000000036e+00,1.553999999999999915e+01,1.543500000000000050e+01
8.355200000000000728e+03,9.387817382812500000e+01,3.504999999999999893e+00,1.562999999999999901e+01,1.539125000000000121e+01
8.355299999999999272e+03,9.354858398437500000e+01,3.537500000000000089e+00,1.545999999999999908e+01,1.548257812500000163e+01
8.355399999999999636e+03,9.407958984375000000e+01,3.504999999999999893e+00,1.556749999999999901e+01,1.547984375000000057e+01
8.355500000000000000e+03,9.358520507812500000e+01,3.512500000000000178e+00,1.529999999999999893e+01,1.545687500000000014e+01
8.355600000000000364e+03,9.543457031250000000e+01,3.555000000000000160e+00,1.544999999999999929e+01,1.549023437500000000e+01
8.355700000000000728e+03,9.574584960937500000e+01,3.522499999999999964e+00,1.544999999999999929e+01,1.544703125000000021e+01
8.355799999999999272e+03,9.534301757812500000e+01,3.570000000000000284e+00,1.536999999999999922e+01,1.548148437500000085e+01
8.355899999999999636e+03,9.589233398437500000e+01,3.540000000000000036e+00,1.534999999999999964e+01,1.550007812499999993e+01
8.356000000000000000e+03,9.602050781250000000e+01,3.549999999999999822e+00,1.564000000000000057e+01,1.553890625000000014e+01
8.356100000000000364e+03,9.737548828125000000e+01,3.580000000000000071e+00,1.558999999999999986e+01,1.546453125000000028e+01
8.356200000000000728e+03,9.746704101562500000e+01,3.562500000000000000e+00,1.559999999999999964e+01,1.547273437499999993e+01
8.356299999999999272e+03,9.702758789062500000e+01,3.597500000000000142e+00,1.533999999999999986e+01,1.546671875000000007e+01
8.356399999999999636e+03,9.757690429687500000e+01,3.604999999999999982e+00,1.548000000000000043e+01,1.543828125000000107e+01
8.356500000000000000e+03,9.871215820312500000e+01,3.637500000000000178e+00,1.553999999999999915e+01,1.546289062500000000e+01
8.356600000000000364e+03,9.918823242187500000e+01,3.615000000000000213e+00,1.536999999999999922e+01,1.541203125000000007e+01
8.356700000000000728e+03,9.927978515625000000e+01,3.627499999999999947e+00,1.552999999999999936e+01,1.547164062500000092e+01
8.356799999999999272e+03,9.885864257812500000e+01,3.649999999999999911e+00,1.549000000000000021e+01,1.550554687500000028e+01
8.356899999999999636e+03,1.006347656250000000e+02,3.672499999999999876e+00,1.554999999999999893e+01,1.544648437500000071e+01
8.357000000000000000e+03,1.005249023437500000e+02,3.682500000000000107e+00,1.547000000000000064e+01,1.546835937500000036e+01
8.357100000000000364e+03,1.009643554687500000e+02,3.662500000000000089e+00,1.527999999999999936e+01,1.548312500000000114e+01
8.357200000000000728e+03,1.009643554687500000e+02,3.617500000000000160e+00,1.536999999999999922e+01,1.542625000000000135e+01
8.357299999999999272e+03,1.007629394531250000e+02,3.709999999999999964e+00,1.535999999999999943e+01,1.545632812500000064e+01
8.357399999999999636e+03,1.027038574218750000e+02,3.695000000000000284e+00,1.525000000000000000e+01,1.547492187500000149e+01
8.357500000000000000e+03,1.022277832031250000e+02,3.700000000000000178e+00,1.531000000000000050e+01,1.544429687500000092e+01
8.357600000000000364e+03,1.026306152343750000e+02,3.682500000000000107e+00,1.545999999999999908e+01,1.542023437500000149e+01
8.357700000000000728e+03,1.026855468750000000e+02,3.765000000000000124e+00,1.548000000000000043e+01,1.545578125000000114e+01
8.357799999999999272e+03,1.036926269531250000e+02,3.707500000000000018e+00,1.536999999999999922e+01,1.546398437500000078e+01
8.357899999999999636e+03,1.044799804687500000e+02,3.702500000000000124e+00,1.547000000000000064e+01,1.544210937500000114e+01
8.358000000000000000e+03,1.038757324218750000e+02,3.772499999999999964e+00,1.557000000000000028e+01,1.542789062500000163e+01
8.358100000000000364e+03,1.043334960937500000e+02,3.757500000000000284e+00,1.540000000000000036e+01,1.545359375000000135e+01
8.358200000000000728e+03,1.052124023437500000e+02,3.742500000000000160e+00,1.545999999999999908e+01,1.543335937500000021e+01
8.358299999999999272e+03,1.057617187500000000e+02,3.785000000000000142e+00,1.541000000000000014e+01,1.547492187500000149e+01
8.358399999999999636e+03,1.063293457031250000e+02,3.810000000000000053e+00,1.550000000000000000e+01,1.549843750000000142e+01
8.358500000000000000e+03,1.057250976562500000e+02,3.814999999999999947e+00,1.541000000000000014e+01,1.539289062500000149e+01
8.358600000000000364e+03,1.061462402343750000e+02,3.810000000000000053e+00,1.566000000000000014e+01,1.545304687500000007e+01
8.358700000000000728e+03,1.077758789062500000e+02,4.082499999999999574e+00,1.532000000000000028e+01,1.549351562500000057e+01
8.358799999999999272e+03,1.074462890625000000e+02,3.839999999999999858e+00,1.564000000000000057e+01,1.545304687500000007e+01
8.358899999999999636e+03,1.080322265625000000e+02,3.854999999999999982e+00,1.548000000000000043e+01,1.546890625000000163e+01
8.359000000000000000e+03,1.074645996093750000e+02,3.884999999999999787e+00,1.566999999999999993e+01,1.543281250000000071e+01
8.359100000000000364e+03,1.091674804687500000e+02,3.890000000000000124e+00,1.534999999999999964e+01,1.545960937500000121e+01
8.359200000000000728e+03,1.095336914062500000e+02,3.897499999999999964e+00,1.533999999999999986e+01,1.541531250000000064e+01
8.359299999999999272e+03,1.091857910156250000e+02,3.875000000000000000e+00,1.550000000000000000e+01,1.545195312500000107e+01
8.359399999999999636e+03,1.097167968750000000e+02,3.895000000000000018e+00,1.535999999999999943e+01,1.543554687500000000e+01
8.359500000000000000e+03,1.094604492187500000e+02,3.890000000000000124e+00,1.561999999999999922e+01,1.551976562500000156e+01
8.359600000000000364e+03,1.112365722656250000e+02,3.930000000000000160e+00,1.545999999999999908e+01,1.548914062500000099e+01
8.359700000000000728e+03,1.112182617187500000e+02,3.955000000000000071e+00,1.535999999999999943e+01,1.547109375000000142e+01
8.359799999999999272e+03,1.108886718750000000e+02,4.017500000000000071e+00,1.545999999999999908e+01,1.545359375000000135e+01
8.359899999999999636e+03,1.113830566406250000e+02,4.009999999999999787e+00,1.533999999999999986e+01,1.541585937500000014e+01
8.360000000000000000e+03,1.124084472656250000e+02,3.990000000000000213e+00,1.557000000000000028e+01,1.552195312500000135e+01
8.360100000000000364e+03,1.130676269531250000e+02,4.037499999999999645e+00,1.527999999999999936e+01,1.545960937500000121e+01
8.360200000000000728e+03,1.130859375000000000e+02,4.032499999999999751e+00,1.556000000000000050e+01,1.547328125000000121e+01
8.360299999999999272e+03,1.127014160156250000e+02,4.060000000000000497e+00,1.547000000000000064e+01,1.546726562500000135e+01
8.360399999999999636e+03,1.142211914062500000e+02,4.035000000000000142e+00,1.532750000000000057e+01,1.544101562500000036e+01
8.360500000000000000e+03,1.143859863281250000e+02,4.067499999999999893e+00,1.533000000000000007e+01,1.546343750000000128e+01
8.360600000000000364e+03,1.148620605468750000e+02,4.105000000000000426e+00,1.543999999999999950e+01,1.547820312500000028e+01
8.360700000000000728e+03,1.148071289062500000e+02,4.122500000000000497e+00,1.540000000000000036e+01,1.543335937500000021e+01
8.360799999999999272e+03,1.144592285156250000e+02,4.110000000000000320e+00,1.525999999999999979e+01,1.548531250000000092e+01
8.360899999999999636e+03,1.167297363281250000e+02,4.122500000000000497e+00,1.566000000000000014e+01,1.539289062500000149e+01
8.361000000000000000e+03,1.161987304687500000e+02,4.125000000000000000e+00,1.580749999999999922e+01,1.538906250000000142e+01
8.361100000000000364e+03,1.166931152343750000e+02,4.185000000000000497e+00,1.534999999999999964e+01,1.541859375000000121e+01
8.361200000000000728e+03,1.166198730468750000e+02,4.174999999999999822e+00,1.552999999999999936e+01,1.543773437500000156e+01
8.361299999999999272e+03,1.177917480468750000e+02,4.214999999999999858e+00,1.519999999999999929e+01,1.546343750000000128e+01
8.361399999999999636e+03,1.187622070312500000e+02,4.202500000000000568e+00,1.554999999999999893e+01,1.544101562500000036e+01
8.361500000000000000e+03,1.181213378906250000e+02,4.240000000000000213e+00,1.543999999999999950e+01,1.542351562500000028e+01
8.361600000000000364e+03,1.186157226562500000e+02,4.257500000000000284e+00,1.545999999999999908e+01,1.541859375000000121e+01
8.361700000000000728e+03,1.191284179687500000e+02,4.326249999999999929e+00,1.554999999999999893e+01,1.541531250000000064e+01
8.361799999999999272e+03,1.200622558593750000e+02,4.296875000000000000e+00,1.557000000000000028e+01,1.550664062500000107e+01
8.361899999999999636e+03,1.206665039062500000e+02,4.365000000000000213e+00,1.537749999999999950e+01,1.551046875000000114e+01
8.362000000000000000e+03,1.200073242187500000e+02,4.355000000000000426e+00,1.524000000000000021e+01,1.541750000000000043e+01
8.362100000000000364e+03,1.205383300781250000e+02,4.357499999999999929e+00,1.529999999999999893e+01,1.544375000000000142e+01
8.362200000000000728e+03,1.222778320312500000e+02,4.402499999999999858e+00,1.539000000000000057e+01,1.545031250000000078e+01
8.362299999999999272e+03,1.220764160156250000e+02,4.382500000000000284e+00,1.560999999999999943e+01,1.545195312500000107e+01
8.362399999999999636e+03,1.226623535156250000e+02,4.405000000000000249e+00,1.544749999999999979e+01,1.549898437500000092e+01
8.362500000000000000e+03,1.220581054687500000e+02,4.415000000000000036e+00,1.556000000000000050e+01,1.543718750000000028e+01
8.362600000000000364e+03,1.238525390625000000e+02,4.472500000000000142e+00,1.544500000000000028e+01,1.541476562500000114e+01
8.362700000000000728e+03,1.243835449218750000e+02,4.455000000000000071e+00,1.536999999999999922e+01,1.547382812500000071e+01
8.362799999999999272e+03,1.241088867187500000e+02,4.490000000000000213e+00,1.565000000000000036e+01,1.546726562500000135e+01
8.362899999999999636e+03,1.246765136718750000e+02,4.512500000000000178e+00,1.544999999999999929e+01,1.544484375000000043e+01
8.363000000000000000e+03,1.239807128906250000e+02,4.542500000000000426e+00,1.554999999999999893e+01,1.545632812500000064e+01
8.363100000000000364e+03,1.245849609375000000e+02,4.547500000000000320e+00,1.525000000000000000e+01,1.543718750000000028e+01
8.363200000000000728e+03,1.245483398437500000e+02,4.589999999999999858e+00,1.540000000000000036e+01,1.542078125000000099e+01
8.363299999999999272e+03,1.242187500000000000e+02,3.062500000000012434e-02,1.536999999999999922e+01,9.843749999999040767e-03
8.363399999999999636e+03,1.247497558593750000e+02,3.062500000000012434e-02,1.577999999999999936e+01,-2.625000000000099476e-02
8.363500000000000000e+03,1.241638183593750000e+02,8.124999999999715783e-03,1.552999999999999936e+01,-2.078125000000063949e-02
8.363600000000000364e+03,1.246215820312500000e+02,3.312500000000007105e-02,1.525000000000000000e+01,-5.742187500000106581e-02
8.363700000000000728e+03,1.245300292968750000e+02,1.812499999999994671e-02,1.545999999999999908e+01,-1.476562500000078160e-02
8.363799999999999272e+03,1.242004394531250000e+02,5.062500000000014211e-02,1.529999999999999893e+01,-4.539062500000046185e-02
8.363899999999999636e+03,1.247131347656250000e+02,1.062500000000010658e-02,1.540000000000000036e+01,1.039062499999943157e-02
8.364000000000000000e+03,1.240173339843750000e+02,1.562500000000000000e-02,1.533000000000000007e+01,-5.359375000000099476e-02
8.364100000000000364e+03,1.245483398437500000e+02,4.312499999999985789e-02,1.534999999999999964e+01,-3.718750000000081712e-02
8.364200000000000728e+03,1.244750976562500000e+02,1.812499999999994671e-02,1.552999999999999936e+01,4.921874999999076294e-03
8.364299999999999272e+03,1.240905761718750000e+02,5.562500000000003553e-02,1.540000000000000036e+01,-9.132812500000042633e-02
8.364399999999999636e+03,1.230834960937500000e+02,5.812499999999998224e-02,1.545999999999999908e+01,1.257812499999921840e-02
8.364500000000000000e+03,1.223510742187500000e+02,3.312500000000007105e-02,1.552999999999999936e+01,-3.281250000000035527e-02
8.364600000000000364e+03,1.228271484375000000e+02,7.062500000000015987e-02,1.534999999999999964e+01,-7.656250000000053291e-02
8.364700000000000728e+03,1.227539062500000000e+02,3.312500000000007105e-02,1.548749999999999893e+01,1.640624999999396039e-03
8.364799999999999272e+03,1.200073242187500000e+02,1.812499999999994671e-02,1.558999999999999986e+01,8.749999999999147349e-03
8.364899999999999636e+03,1.196777343750000000e+02,1.562500000000000000e-02,1.560999999999999943e+01,-5.523437500000039080e-02
8.365000000000000000e+03,1.190185546875000000e+02,8.062499999999994671e-02,1.519999999999999929e+01,-5.578125000000078160e-02
8.365100000000000364e+03,1.195312500000000000e+02,5.812499999999998224e-02,1.544999999999999929e+01,-4.156250000000039080e-02
8.365200000000000728e+03,1.187988281250000000e+02,8.812499999999978684e-02,1.545999999999999908e+01,-3.390625000000024869e-02
8.365299999999999272e+03,1.146606445312500000e+02,4.812499999999975131e-02,1.549000000000000021e+01,-5.140625000000031974e-02
8.365399999999999636e+03,1.150268554687500000e+02,4.812499999999975131e-02,1.545999999999999908e+01,-5.687500000000067502e-02
8.365500000000000000e+03,1.144042968750000000e+02,7.062500000000015987e-02,1.566000000000000014e+01,-3.664062500000042633e-02
8.365600000000000364e+03,1.148620605468750000e+02,7.062500000000015987e-02,1.547000000000000064e+01,-5.687500000000067502e-02
8.365700000000000728e+03,1.115844726562500000e+02,7.312500000000010658e-02,1.540000000000000036e+01,-4.375000000000461853e-03
8.365799999999999272e+03,1.107055664062500000e+02,4.562499999999980460e-02,1.545999999999999908e+01,-3.171875000000046185e-02
8.365899999999999636e+03,1.112731933593750000e+02,3.312500000000007105e-02,1.548000000000000043e+01,-7.492187500000024869e-02
8.366000000000000000e+03,1.106506347656250000e+02,5.062500000000014211e-02,1.548000000000000043e+01,-6.015625000000035527e-02
8.366100000000000364e+03,1.092590332031250000e+02,4.562499999999980460e-02,1.558999999999999986e+01,-8.750000000000035527e-02
8.366200000000000728e+03,1.079223632812500000e+02,6.562499999999982236e-02,1.550999999999999979e+01,-4.375000000000461853e-03
8.366299999999999272e+03,1.074462890625000000e+02,3.812499999999996447e-02,1.541999999999999993e+01,-2.023437500000024869e-02
8.366399999999999636e+03,1.080139160156250000e+02,6.062499999999992895e-02,1.559999999999999964e+01,-3.609375000000092371e-02
8.366500000000000000e+03,1.074829101562500000e+02,2.562499999999978684e-02,1.567999999999999972e+01,-1.695312500000056843e-02
8.366600000000000364e+03,1.052490234375000000e+02,5.562500000000003553e-02,1.543999999999999950e+01,-7.000000000000028422e-02
8.366700000000000728e+03,1.050476074218750000e+02,3.062500000000012434e-02,1.547000000000000064e+01,-6.015625000000035527e-02
8.366799999999999272e+03,1.046447753906250000e+02,4.312499999999985789e-02,1.550750000000000028e+01,-3.171875000000046185e-02
8.366899999999999636e+03,1.051940917968750000e+02,2.312499999999984013e-02,1.537749999999999950e+01,-6.289062500000053291e-02
8.367000000000000000e+03,1.028686523437500000e+02,5.812499999999998224e-02,1.539000000000000057e+01,-7.109375000000106581e-02
8.367100000000000364e+03,1.026489257812500000e+02,6.812499999999976907e-02,1.527999999999999936e+01,-5.687500000000067502e-02
8.367200000000000728e+03,1.026306152343750000e+02,2.562499999999978684e-02,1.559999999999999964e+01,-4.484375000000095923e-02
8.367299999999999272e+03,1.022827148437500000e+02,4.312499999999985789e-02,1.525000000000000000e+01,-3.664062500000042633e-02
8.367399999999999636e+03,1.024108886718750000e+02,1.812499999999994671e-02,1.552999999999999936e+01,-3.062500000000056843e-02
8.367500000000000000e+03,1.001037597656250000e+02,6.562499999999982236e-02,1.560999999999999943e+01,-7.328125000000085265e-02
8.367600000000000364e+03,1.004150390625000000e+02,5.062500000000014211e-02,1.554999999999999893e+01,-2.187500000000675016e-03
8.367700000000000728e+03,1.004882812500000000e+02,1.812499999999994671e-02,1.549000000000000021e+01,-2.898437500000028422e-02
8.367799999999999272e+03,1.000488281250000000e+02,4.812499999999975131e-02,1.544500000000000028e+01,-6.835937500000088818e-02
8.367899999999999636e+03,9.884033203125000000e+01,6.812499999999976907e-02,1.558999999999999986e+01,3.773437499999943157e-02
8.368000000000000000e+03,9.803466796875000000e+01,5.812499999999998224e-02,1.531000000000000050e+01,-3.171875000000046185e-02
8.368100000000000364e+03,9.843750000000000000e+01,6.312499999999987566e-02,1.555749999999999922e+01,-3.937500000000060396e-02
8.368200000000000728e+03,9.849243164062500000e+01,6.062499999999992895e-02,1.544749999999999979e+01,-2.242187500000092371e-02
8.368299999999999272e+03,9.704589843750000000e+01,3.812499999999996447e-02,1.562999999999999901e+01,-3.500000000000103029e-02
8.368399999999999636e+03,9.671630859375000000e+01,5.312500000000008882e-02,1.547000000000000064e+01,-5.414062500000049738e-02
8.368500000000000000e+03,9.618530273437500000e+01,4.562499999999980460e-02,1.544999999999999929e+01,1.749999999999918288e-02
8.368600000000000364e+03,9.653320312500000000e+01,5.562500000000003553e-02,1.545999999999999908e+01,-6.343750000000092371e-02
8.368700000000000728e+03,9.656982421875000000e+01,5.062500000000014211e-02,1.550999999999999979e+01,-5.195312500000071054e-02
8.368799999999999272e+03,9.459228515625000000e+01,3.562500000000001776e-02,1.533999999999999986e+01,-6.234375000000103029e-02
8.368899999999999636e+03,9.501342773437500000e+01,3.562500000000001776e-02,1.554999999999999893e+01,-1.968750000000074607e-02
8.369000000000000000e+03,9.448242187500000000e+01,4.812499999999975131e-02,1.540000000000000036e+01,-7.820312500000081712e-02
8.369100000000000364e+03,9.483032226562500000e+01,3.812499999999996447e-02,1.556000000000000050e+01,2.460937499999893419e-02
8.369200000000000728e+03,9.358520507812500000e+01,4.312499999999985789e-02,1.558000000000000007e+01,-4.320312500000067502e-02
8.369299999999999272e+03,9.276123046875000000e+01,6.562499999999982236e-02,1.558750000000000036e+01,-4.429687500000056843e-02
8.369399999999999636e+03,9.327392578125000000e+01,5.062500000000014211e-02,1.540000000000000036e+01,-1.859375000000085265e-02
8.369500000000000000e+03,9.279785156250000000e+01,7.062500000000015987e-02,1.545999999999999908e+01,-2.515625000000110134e-02
8.369600000000000364e+03,9.283447265625000000e+01,-1.343749999999999112e-01,1.558000000000000007e+01,-1.476562500000078160e-02
8.369700000000000728e+03,9.173583984375000000e+01,-3.000000000000024869e-02,1.536999999999999922e+01,-3.171875000000046185e-02
8.369799999999999272e+03,9.125976562500000000e+01,2.062499999999989342e-02,1.534999999999999964e+01,-4.320312500000067502e-02
8.369899999999999636e+03,9.179077148437500000e+01,6.812499999999976907e-02,1.551999999999999957e+01,-6.125000000000024869e-02
8.370000000000000000e+03,9.125976562500000000e+01,9.499999999999975131e-02,1.544999999999999929e+01,-7.000000000000028422e-02
8.370100000000000364e+03,9.028930664062500000e+01,2.562499999999978684e-02,1.556000000000000050e+01,2.570312499999971578e-02
8.370200000000000728e+03,9.017944335937500000e+01,6.562499999999982236e-02,1.556000000000000050e+01,-4.867187500000103029e-02
8.370299999999999272e+03,8.977661132812500000e+01,5.062500000000014211e-02,1.541000000000000014e+01,-3.281250000000568434e-03
8.370399999999999636e+03,9.025268554687500000e+01,6.062499999999992895e-02,1.544999999999999929e+01,2.078124999999975131e-02
8.370500000000000000e+03,8.902587890625000000e+01,7.562500000000005329e-02,1.552749999999999986e+01,-7.328125000000085265e-02
8.370600000000000364e+03,8.865966796875000000e+01,4.812499999999975131e-02,1.547000000000000064e+01,-2.789062500000039080e-02
8.370700000000000728e+03,8.865966796875000000e+01,4.062499999999991118e-02,1.507000000000000028e+01,-5.687500000000067502e-02
8.370799999999999272e+03,8.825683593750000000e+01,5.312500000000008882e-02,1.542999999999999972e+01,-2.679687500000049738e-02
8.370899999999999636e+03,8.878784179687500000e+01,2.312499999999984013e-02,1.550000000000000000e+01,-1.421875000000039080e-02
8.371000000000000000e+03,8.697509765625000000e+01,5.812499999999998224e-02,1.539000000000000057e+01,-3.937500000000060396e-02
8.371100000000000364e+03,8.719482421875000000e+01,5.312500000000008882e-02,1.543999999999999950e+01,-5.085937500000081712e-02
8.371200000000000728e+03,8.723144531250000000e+01,5.562500000000003553e-02,1.557000000000000028e+01,-8.881784197001252323e-16
8.371299999999999272e+03,8.682861328125000000e+01,6.374999999999975131e-02,1.549000000000000021e+01,-5.468750000000088818e-02
8.371399999999999636e+03,8.626098632812500000e+01,1.062500000000010658e-02,1.558000000000000007e+01,-6.617187500000110134e-02
8.371500000000000000e+03,8.551025390625000000e+01,6.062499999999992895e-02,1.547000000000000064e+01,-7.546875000000063949e-02
8.371600000000000364e+03,8.578491210937500000e+01,1.562500000000000000e-02,1.541000000000000014e+01,-2.625000000000099476e-02
8.371700000000000728e+03,8.583984375000000000e+01,5.562500000000003553e-02,1.526999999999999957e+01,-1.367187500000088818e-02
8.371799999999999272e+03,8.518066406250000000e+01,2.312499999999984013e-02,1.535999999999999943e+01,-1.695312500000056843e-02
8.371899999999999636e+03,8.459472656250000000e+01,6.562499999999982236e-02,1.543999999999999950e+01,-4.812500000000063949e-02
8.372000000000000000e+03,8.411865234375000000e+01,5.562500000000003553e-02,1.541000000000000014e+01,-1.968750000000074607e-02
8.372100000000000364e+03,8.439331054687500000e+01,5.312500000000008882e-02,1.562999999999999901e+01,-5.304687500000060396e-02
8.372200000000000728e+03,8.444824218750000000e+01,3.312500000000007105e-02,1.565000000000000036e+01,-3.007812500000106581e-02
8.372299999999999272e+03,8.291015625000000000e+01,2.812499999999973355e-02,1.536999999999999922e+01,-5.359375000000099476e-02
8.372399999999999636e+03,8.325805664062500000e+01,7.312500000000010658e-02,1.550000000000000000e+01,-3.609375000000092371e-02
8.372500000000000000e+03,8.281860351562500000e+01,4.062499999999991118e-02,1.558999999999999986e+01,-3.882812500000110134e-02
8.372600000000000364e+03,8.311157226562500000e+01,4.312499999999985789e-02,1.559999999999999964e+01,-7.109375000000106581e-02
8.372700000000000728e+03,8.243408203125000000e+01,3.562500000000001776e-02,1.577249999999999908e+01,-3.664062500000042633e-02
8.372799999999999272e+03,8.146362304687500000e+01,3.812499999999996447e-02,1.544999999999999929e+01,-5.468750000000355271e-03
8.372899999999999636e+03,8.193969726562500000e+01,2.562499999999978684e-02,1.544999999999999929e+01,-3.773437500000031974e-02
8.373000000000000000e+03,8.153686523437500000e+01,2.562499999999978684e-02,1.541999999999999993e+01,-1.093750000000781597e-03
8.373100000000000364e+03,8.177490234375000000e+01,3.812499999999996447e-02,1.548000000000000043e+01,-4.101562500000088818e-02
8.373200000000000728e+03,8.067626953125000000e+01,4.062499999999991118e-02,1.541000000000000014e+01,-6.890625000000039080e-02
8.373299999999999272e+03,8.016357421875000000e+01,3.562500000000001776e-02,1.552999999999999936e+01,-5.742187500000106581e-02
8.373399999999999636e+03,8.063964843750000000e+01,2.062499999999989342e-02,1.559999999999999964e+01,-6.726562500000099476e-02
8.373500000000000000e+03,8.025512695312500000e+01,4.812499999999975131e-02,1.561999999999999922e+01,-9.789062500000067502e-02
8.373600000000000364e+03,7.961425781250000000e+01,1.812499999999994671e-02,1.526999999999999957e+01,-2.515625000000110134e-02
8.373700000000000728e+03,7.937622070312500000e+01,5.312500000000008882e-02,1.539000000000000057e+01,-9.187500000000081712e-02
8.373799999999999272e+03,7.895507812500000000e+01,7.562500000000005329e-02,1.549000000000000021e+01,-2.898437500000028422e-02
8.373899999999999636e+03,7.939453125000000000e+01,3.062500000000012434e-02,1.551999999999999957e+01,-3.828125000000071054e-02
8.374000000000000000e+03,7.891845703125000000e+01,2.812499999999973355e-02,1.537999999999999901e+01,-3.992187500000099476e-02
8.374100000000000364e+03,7.822265625000000000e+01,6.312499999999987566e-02,1.556000000000000050e+01,-3.171875000000046185e-02
8.374200000000000728e+03,7.825927734375000000e+01,4.812499999999975131e-02,1.548000000000000043e+01,-8.203125000000088818e-02
8.374299999999999272e+03,7.785644531250000000e+01,1.812499999999994671e-02,1.516000000000000014e+01,-5.414062500000049738e-02
8.374399999999999636e+03,7.833251953125000000e+01,5.812499999999998224e-02,1.531000000000000050e+01,-2.132812500000103029e-02
8.374500000000000000e+03,7.690429687500000000e+01,3.562500000000001776e-02,1.522000000000000064e+01,-2.351562500000081712e-02
8.374600000000000364e+03,7.694091796875000000e+01,4.062499999999991118e-02,1.583750000000000036e+01,-4.429687500000056843e-02
8.374700000000000728e+03,7.705078125000000000e+01,4.062499999999991118e-02,1.562999999999999901e+01,-3.882812500000110134e-02
8.374799999999999272e+03,7.664794921875000000e+01,5.312500000000008882e-02,1.533000000000000007e+01,-1.137500000000004619e-01
8.374899999999999636e+03,7.664794921875000000e+01,6.312499999999987566e-02,1.520999999999999908e+01,-6.234375000000103029e-02
8.375000000000000000e+03,7.569580078125000000e+01,4.562499999999980460e-02,1.533999999999999986e+01,-5.687500000000067502e-02
8.375100000000000364e+03,7.586059570312500000e+01,4.312499999999985789e-02,1.532000000000000028e+01,-7.765625000000042633e-02
8.375200000000000728e+03,7.595214843750000000e+01,5.812499999999998224e-02,1.549000000000000021e+01,1.312499999999960920e-02
8.375299999999999272e+03,7.556762695312500000e+01,6.562499999999982236e-02,1.568999999999999950e+01,-4.429687500000056843e-02
8.375399999999999636e+03,7.498168945312500000e+01,3.312500000000007105e-02,1.542999999999999972e+01,-2.679687500000049738e-02
8.375500000000000000e+03,7.456054687500000000e+01,5.312500000000008882e-02,1.558999999999999986e+01,-1.531250000000028422e-02
8.375600000000000364e+03,7.474365234375000000e+01,4.062499999999991118e-02,1.545999999999999908e+01,-1.750000000000095923e-02
8.375700000000000728e+03,7.481689453125000000e+01,1.312500000000005329e-02,1.547000000000000064e+01,-5.687500000000067502e-02
8.375799999999999272e+03,7.368164062500000000e+01,2.812499999999973355e-02,1.560500000000000043e+01,-2.406250000000031974e-02
8.375899999999999636e+03,7.377319335937500000e+01,2.562499999999978684e-02,1.567999999999999972e+01,-3.335937500000074607e-02
8.376000000000000000e+03,7.344360351562500000e+01,3.312500000000007105e-02,1.548000000000000043e+01,-1.859375000000085265e-02
8.376100000000000364e+03,7.360839843750000000e+01,1.062500000000010658e-02,1.550999999999999979e+01,-6.562500000000071054e-02
8.376200000000000728e+03,7.364501953125000000e+01,4.562499999999980460e-02,1.561999999999999922e+01,1.640624999999928946e-02
8.376299999999999272e+03,7.241821289062500000e+01,3.062500000000012434e-02,1.548000000000000043e+01,-8.203125000000088818e-02
8.376399999999999636e+03,7.278442382812500000e+01,3.062500000000012434e-02,1.533999999999999986e+01,-2.351562500000081712e-02
8.376500000000000000e+03,7.247314453125000000e+01,3.562500000000001776e-02,1.556000000000000050e+01,-7.656250000001030287e-03
8.376600000000000364e+03,7.265625000000000000e+01,5.562500000000003553e-02,1.572000000000000064e+01,-4.046875000000049738e-02
8.376700000000000728e+03,7.183227539062500000e+01,5.562500000000003553e-02,1.552999999999999936e+01,-5.359375000000099476e-02
8.376799999999999272e+03,7.122802734375000000e+01,8.124999999999715783e-03,1.561999999999999922e+01,-3.445312500000063949e-02
8.376899999999999636e+03,7.168579101562500000e+01,4.562499999999980460e-02,1.539000000000000057e+01,-8.203125000000532907e-03
8.377000000000000000e+03,7.137451171875000000e+01,3.062500000000012434e-02,1.527999999999999936e+01,-4.375000000000106581e-02
8.377100000000000364e+03,7.119140625000000000e+01,2.812499999999973355e-02,1.548000000000000043e+01,-7.109375000000639488e-03
8.377200000000000728e+03,7.064208984375000000e+01,5.062500000000014211e-02,1.559999999999999964e+01,5.523437499999950262e-02
8.377299999999999272e+03,7.025756835937500000e+01,2.312499999999984013e-02,1.550000000000000000e+01,-4.921875000000852651e-03
8.377399999999999636e+03,7.067871093750000000e+01,7.812500000000000000e-02,1.549000000000000021e+01,-7.218750000000095923e-02
8.377500000000000000e+03,7.036743164062500000e+01,5.312500000000008882e-02,1.536999999999999922e+01,-7.984375000000110134e-02
8.377600000000000364e+03,6.972656250000000000e+01,3.062500000000012434e-02,1.540000000000000036e+01,-2.132812500000103029e-02
8.377700000000000728e+03,6.972656250000000000e+01,3.562500000000001776e-02,1.546749999999999936e+01,-7.109375000000106581e-02
8.377799999999999272e+03,6.936035156250000000e+01,4.562499999999980460e-02,1.566000000000000014e+01,-6.453125000000081712e-02
8.377899999999999636e+03,6.976318359375000000e+01,2.562499999999978684e-02,1.561749999999999972e+01,-2.789062500000039080e-02
8.378000000000000000e+03,6.882934570312500000e+01,6.062499999999992895e-02,1.541999999999999993e+01,-6.507812500000031974e-02
8.378100000000000364e+03,6.864624023437500000e+01,4.312499999999985789e-02,1.552999999999999936e+01,-1.367187500000088818e-02
8.378200000000000728e+03,6.875610351562500000e+01,5.062500000000014211e-02,1.556000000000000050e+01,-1.011718750000003553e-01
8.378299999999999272e+03,6.835327148437500000e+01,3.812499999999996447e-02,1.540000000000000036e+01,-5.906250000000046185e-02
8.378399999999999636e+03,6.881103515625000000e+01,1.812499999999994671e-02,1.536749999999999972e+01,-1.968750000000074607e-02
8.378500000000000000e+03,6.765747070312500000e+01,7.062500000000015987e-02,1.559999999999999964e+01,-3.335937500000074607e-02
8.378600000000000364e+03,6.776733398437500000e+01,6.312499999999987566e-02,1.534999999999999964e+01,-1.421875000000039080e-02
8.378700000000000728e+03,6.784057617187500000e+01,6.062499999999992895e-02,1.548000000000000043e+01,-4.046875000000049738e-02
8.378799999999999272e+03,6.745605468750000000e+01,4.312499999999985789e-02,1.549000000000000021e+01,2.953124999999889866e-02
8.378899999999999636e+03,6.718139648437500000e+01,2.312499999999984013e-02,1.539000000000000057e+01,-6.781250000000049738e-02
8.379000000000000000e+03,6.668701171875000000e+01,4.062499999999991118e-02,1.553999999999999915e+01,4.921874999999076294e-03
8.379100000000000364e+03,6.681518554687500000e+01,2.562499999999978684e-02,1.544999999999999929e+01,-3.773437500000031974e-02
8.379200000000000728e+03,6.690673828125000000e+01,5.062500000000014211e-02,1.564000000000000057e+01,-1.531250000000028422e-02
8.379299999999999272e+03,6.626586914062500000e+01,6.062499999999992895e-02,1.539000000000000057e+01,-2.679687500000049738e-02
8.379399999999999636e+03,6.608276367187500000e+01,4.562499999999980460e-02,1.564000000000000057e+01,-1.044531250000009237e-01
8.379500000000000000e+03,6.580810546875000000e+01,2.312499999999984013e-02,1.562999999999999901e+01,-7.820312500000081712e-02
8.379600000000000364e+03,6.595458984375000000e+01,4.312499999999985789e-02,1.558999999999999986e+01,-5.468750000000088818e-02
8.379700000000000728e+03,6.606445312500000000e+01,7.062500000000015987e-02,1.558000000000000007e+01,-2.023437500000024869e-02
8.379799999999999272e+03,6.492919921875000000e+01,2.312499999999984013e-02,1.553999999999999915e+01,-6.070312500000074607e-02
8.379899999999999636e+03,6.531372070312500000e+01,1.312500000000005329e-02,1.565000000000000036e+01,-3.554687500000053291e-02
8.380000000000000000e+03,6.496582031250000000e+01,7.812500000000000000e-02,1.549000000000000021e+01,-9.460937500000099476e-02
8.380100000000000364e+03,6.514892578125000000e+01,2.562499999999978684e-02,1.537999999999999901e+01,-8.367187500000028422e-02
8.380200000000000728e+03,6.480102539062500000e+01,7.062500000000015987e-02,1.532000000000000028e+01,-5.195312500000071054e-02
8.380299999999999272e+03,6.405029296875000000e+01,5.312500000000008882e-02,1.542999999999999972e+01,-1.093750000000071054e-02
8.380399999999999636e+03,6.447143554687500000e+01,4.062499999999991118e-02,1.533999999999999986e+01,-4.703125000000074607e-02
8.380500000000000000e+03,6.419677734375000000e+01,2.312499999999984013e-02,1.556749999999999901e+01,-8.881784197001252323e-16
8.380600000000000364e+03,6.437988281250000000e+01,3.062500000000012434e-02,1.547000000000000064e+01,-1.093750000000781597e-03
8.380700000000000728e+03,6.368408203125000000e+01,4.562499999999980460e-02,1.548000000000000043e+01,-6.890625000000039080e-02
8.380799999999999272e+03,6.320800781250000000e+01,5.812499999999998224e-02,1.538749999999999929e+01,3.062499999999968026e-02
8.380899999999999636e+03,6.366577148437500000e+01,2.062499999999989342e-02,1.534999999999999964e+01,-3.882812500000110134e-02
8.381000000000000000e+03,6.337280273437500000e+01,5.562500000000003553e-02,1.526999999999999957e+01,-5.742187500000106581e-02
8.381100000000000364e+03,6.295166015625000000e+01,3.312500000000007105e-02,1.554999999999999893e+01,7.656249999999253930e-03
8.381200000000000728e+03,6.284179687500000000e+01,6.562499999999982236e-02,1.557000000000000028e+01,-6.671875000000060396e-02
8.381299999999999272e+03,6.249389648437500000e+01,2.562499999999978684e-02,1.540750000000000064e+01,-3.007812500000106581e-02
8.381399999999999636e+03,6.282348632812500000e+01,4.062499999999991118e-02,1.542999999999999972e+01,7.820312499999904077e-02
8.381500000000000000e+03,6.251220703125000000e+01,3.062500000000012434e-02,1.570999999999999908e+01,-6.835937500000088818e-02
8.381600000000000364e+03,6.192626953125000000e+01,7.062500000000015987e-02,1.532000000000000028e+01,-7.929687500000071054e-02
8.381700000000000728e+03,6.201782226562500000e+01,3.812499999999996447e-02,1.557000000000000028e+01,-7.218750000000095923e-02
8.381799999999999272e+03,6.161499023437500000e+01,2.062499999999989342e-02,1.554999999999999893e+01,-5.851562500000095923e-02
8.381899999999999636e+03,6.205444335937500000e+01,4.312499999999985789e-02,1.535999999999999943e+01,-3.937500000000060396e-02
8.382000000000000000e+03,6.110229492187500000e+01,4.312499999999985789e-02,1.574000000000000021e+01,-5.468750000003907985e-04
8.382100000000000364e+03,6.113891601562500000e+01,4.062499999999991118e-02,1.564000000000000057e+01,-3.882812500000110134e-02
8.382200000000000728e+03,6.121215820312500000e+01,4.312499999999985789e-02,1.548000000000000043e+01,-2.406250000000031974e-02
8.382299999999999272e+03,6.080932617187500000e+01,6.249999999998756550e-04,1.544999999999999929e+01,-8.367187500000028422e-02
8.382399999999999636e+03,6.093750000000000000e+01,4.312499999999985789e-02,1.539000000000000057e+01,-2.679687500000049738e-02
8.382500000000000000e+03,6.029663085937500000e+01,4.812499999999975131e-02,1.558999999999999986e+01,-5.578125000000078160e-02
8.382600000000000364e+03,6.038818359375000000e+01,1.812499999999994671e-02,1.564000000000000057e+01,-3.007812500000106581e-02
8.382700000000000728e+03,6.047973632812500000e+01,6.062499999999992895e-02,1.531000000000000050e+01,-1.968750000000074607e-02
8.382799999999999272e+03,6.013183593750000000e+01,4.562499999999980460e-02,1.564000000000000057e+01,-7.109375000000106581e-02
8.382899999999999636e+03,5.980224609375000000e+01,4.062499999999991118e-02,1.566999999999999993e+01,-2.078125000000063949e-02
8.383000000000000000e+03,5.949096679687500000e+01,3.124999999999822364e-03,1.549000000000000021e+01,-6.890625000000039080e-02
8.383100000000000364e+03,5.961914062500000000e+01,6.062499999999992895e-02,1.539000000000000057e+01,-5.960937500000085265e-02
8.383200000000000728e+03,5.972900390625000000e+01,1.562500000000000000e-02,1.537999999999999901e+01,-2.898437500000028422e-02
8.383299999999999272e+03,5.885009765625000000e+01,8.562499999999984013e-02,1.525000000000000000e+01,-4.265625000000028422e-02
8.383399999999999636e+03,5.903320312500000000e+01,3.812499999999996447e-02,1.565000000000000036e+01,-7.710937500000092371e-02
8.383500000000000000e+03,5.877685546875000000e+01,8.062499999999994671e-02,1.570999999999999908e+01,6.015624999998969713e-03
8.383600000000000364e+03,5.890502929687500000e+01,2.312499999999984013e-02,1.550000000000000000e+01,-6.562500000000248690e-03
8.383700000000000728e+03,5.897827148437500000e+01,1.812499999999994671e-02,1.527749999999999986e+01,-4.265625000000028422e-02
8.383799999999999272e+03,5.798950195312500000e+01,6.062499999999992895e-02,1.545999999999999908e+01,-3.390625000000024869e-02
8.383899999999999636e+03,5.839233398437500000e+01,5.312500000000008882e-02,1.529999999999999893e+01,-1.804687500000046185e-02
8.384000000000000000e+03,5.808105468750000000e+01,5.312500000000008882e-02,1.549000000000000021e+01,-1.257812500000099476e-02
8.384100000000000364e+03,5.822753906250000000e+01,7.062500000000015987e-02,1.544999999999999929e+01,-3.445312500000063949e-02
8.384200000000000728e+03,5.780639648437500000e+01,2.312499999999984013e-02,1.534999999999999964e+01,-1.115625000000006750e-01
8.384299999999999272e+03,5.734863281250000000e+01,8.562499999999984013e-02,1.548000000000000043e+01,-4.046875000000049738e-02
8.384399999999999636e+03,5.775146484375000000e+01,2.062499999999989342e-02,1.539000000000000057e+01,-3.500000000000103029e-02
8.384500000000000000e+03,5.749511718750000000e+01,6.812499999999976907e-02,1.518999999999999950e+01,-3.554687500000053291e-02
8.384600000000000364e+03,5.742187500000000000e+01,1.812499999999994671e-02,1.553749999999999964e+01,-7.546875000000063949e-02
8.384700000000000728e+03,5.701904296875000000e+01,3.562500000000001776e-02,1.530749999999999922e+01,-5.085937500000081712e-02
8.384799999999999272e+03,5.663452148437500000e+01,5.562500000000003553e-02,1.559999999999999964e+01,-4.921875000000852651e-03
8.384899999999999636e+03,5.700073242187500000e+01,6.312499999999987566e-02,1.572000000000000064e+01,-5.359375000000099476e-02
8.385000000000000000e+03,5.679931640625000000e+01,1.812499999999994671e-02,1.556000000000000050e+01,-4.976562500000092371e-02
8.385100000000000364e+03,5.634155273437500000e+01,5.562500000000003553e-02,1.540000000000000036e+01,-2.734375000000088818e-02
8.385200000000000728e+03,5.641479492187500000e+01,6.312499999999987566e-02,1.536999999999999922e+01,-2.078125000000063949e-02
8.385299999999999272e+03,5.601196289062500000e+01,6.812499999999976907e-02,1.533999999999999986e+01,-6.726562500000099476e-02
8.385399999999999636e+03,5.641479492187500000e+01,1.362499999999999822e-01,1.553749999999999964e+01,-1.914062500000035527e-02
8.385500000000000000e+03,5.579223632812500000e+01,-1.806250000000000355e-01,1.539000000000000057e+01,-2.406250000000031974e-02
8.385600000000000364e+03,5.560913085937500000e+01,3.312500000000007105e-02,1.541000000000000014e+01,-7.164062500000056843e-02
8.385700000000000728e+03,5.568237304687500000e+01,2.312499999999984013e-02,1.553999999999999915e+01,-9.789062500000067502e-02
8.385799999999999272e+03,5.535278320312500000e+01,3.562500000000001776e-02,1.550000000000000000e+01,-2.843750000000078160e-02
8.385899999999999636e+03,5.570068359375000000e+01,2.312499999999984013e-02,1.564000000000000057e+01,-6.507812500000031974e-02
8.386000000000000000e+03,5.494995117187500000e+01,5.312500000000008882e-02,1.565000000000000036e+01,2.515624999999932498e-02
8.386100000000000364e+03,5.498657226562500000e+01,4.312499999999985789e-02,1.562999999999999901e+01,-2.843750000000078160e-02
8.386200000000000728e+03,5.509643554687500000e+01,5.312500000000008882e-02,1.564000000000000057e+01,-8.531250000000056843e-02
8.386299999999999272e+03,5.473022460937500000e+01,2.312499999999984013e-02,1.547749999999999915e+01,-6.890625000000039080e-02
8.386399999999999636e+03,5.467529296875000000e+01,2.312499999999984013e-02,1.552999999999999936e+01,-2.187500000000675016e-03
8.386500000000000000e+03,5.427246093750000000e+01,4.062499999999991118e-02,1.515000000000000036e+01,-6.507812500000031974e-02
8.386600000000000364e+03,5.438232421875000000e+01,4.562499999999980460e-02,1.531000000000000050e+01,-6.835937500000088818e-02
8.386700000000000728e+03,5.449218750000000000e+01,4.562499999999980460e-02,1.542999999999999972e+01,-3.773437500000031974e-02
8.386799999999999272e+03,5.407104492187500000e+01,7.562500000000005329e-02,1.533000000000000007e+01,-6.562500000000071054e-02
8.386899999999999636e+03,5.390625000000000000e+01,3.312500000000007105e-02,1.531000000000000050e+01,-4.703125000000074607e-02
8.387000000000000000e+03,5.370483398437500000e+01,4.812499999999975131e-02,1.534999999999999964e+01,-1.203125000000060396e-02
8.387100000000000364e+03,5.379638671875000000e+01,4.312499999999985789e-02,1.529999999999999893e+01,-4.375000000000461853e-03
8.387200000000000728e+03,5.388793945312500000e+01,1.562500000000000000e-02,1.550999999999999979e+01,4.374999999999573674e-03
8.387299999999999272e+03,5.302734375000000000e+01,2.312499999999984013e-02,1.549000000000000021e+01,-5.468750000000355271e-03
8.387399999999999636e+03,5.330200195312500000e+01,1.812499999999994671e-02,1.549000000000000021e+01,-2.953125000000067502e-02
8.387500000000000000e+03,5.313720703125000000e+01,5.562500000000003553e-02,1.561999999999999922e+01,-1.914062500000035527e-02
8.387600000000000364e+03,5.317382812500000000e+01,1.812499999999994671e-02,1.558999999999999986e+01,-3.554687500000053291e-02
8.387700000000000728e+03,5.330200195312500000e+01,3.562500000000001776e-02,1.533000000000000007e+01,-4.593750000000085265e-02
8.387799999999999272e+03,5.299072265625000000e+01,3.312500000000007105e-02,1.536999999999999922e+01,-3.117187500000095923e-02
8.387899999999999636e+03,5.330200195312500000e+01,3.812499999999996447e-02,1.542999999999999972e+01,-6.835937500000088818e-02
8.388000000000000000e+03,5.311889648437500000e+01,8.062499999999994671e-02,1.561999999999999922e+01,-6.671875000000060396e-02
8.388100000000000364e+03,5.321044921875000000e+01,6.562499999999982236e-02,1.550999999999999979e+01,-6.070312500000074607e-02
8.388200000000000728e+03,5.332031250000000000e+01,6.312499999999987566e-02,1.567999999999999972e+01,-6.671875000000060396e-02
8.388299999999999272e+03,5.295410156250000000e+01,2.982499999999999929e+00,1.556000000000000050e+01,1.547382812500000071e+01
8.388399999999999636e+03,5.330200195312500000e+01,3.002499999999999947e+00,1.535999999999999943e+01,1.548093750000000135e+01
8.388500000000000000e+03,5.311889648437500000e+01,2.977500000000000036e+00,1.535749999999999993e+01,1.545906249999999993e+01
8.388600000000000364e+03,5.359497070312500000e+01,2.970000000000000195e+00,1.552999999999999936e+01,1.540820312500000000e+01
8.388700000000000728e+03,5.388793945312500000e+01,3.015000000000000124e+00,1.544999999999999929e+01,1.545085937500000028e+01
8.388799999999999272e+03,5.355834960937500000e+01,3.032500000000000195e+00,1.516000000000000014e+01,1.551429687500000121e+01
8.388899999999999636e+03,5.392456054687500000e+01,3.020000000000000018e+00,1.559999999999999964e+01,1.549078125000000128e+01
8.389000000000000000e+03,5.385131835937500000e+01,3.032500000000000195e+00,1.543999999999999950e+01,1.548093750000000135e+01
8.389100000000000364e+03,5.590209960937500000e+01,3.064999999999999947e+00,1.550999999999999979e+01,1.543664062500000078e+01
8.389200000000000728e+03,5.606689453125000000e+01,3.007499999999999840e+00,1.541999999999999993e+01,1.549789062500000014e+01
8.389299999999999272e+03,5.575561523437500000e+01,3.055000000000000160e+00,1.557000000000000028e+01,1.542625000000000135e+01
8.389399999999999636e+03,5.610351562500000000e+01,3.077500000000000124e+00,1.528999999999999915e+01,1.541203125000000007e+01
8.389500000000000000e+03,5.868530273437500000e+01,3.112499999999999822e+00,1.508000000000000007e+01,1.549789062500000014e+01
8.389600000000000364e+03,5.925292968750000000e+01,3.095000000000000195e+00,1.533999999999999986e+01,1.552031250000000107e+01
8.389700000000000728e+03,5.939941406250000000e+01,3.060000000000000053e+00,1.542999999999999972e+01,1.544648437500000071e+01
8.389799999999999272e+03,5.901489257812500000e+01,3.069999999999999840e+00,1.534750000000000014e+01,1.548257812500000163e+01
8.389899999999999636e+03,6.128540039062500000e+01,3.147499999999999964e+00,1.544999999999999929e+01,1.542789062500000163e+01
8.390000000000000000e+03,6.339111328125000000e+01,3.084999999999999964e+00,1.529999999999999893e+01,1.541148437500000057e+01
8.390100000000000364e+03,6.362915039062500000e+01,3.122500000000000053e+00,1.541000000000000014e+01,1.542023437500000149e+01
8.390200000000000728e+03,6.372070312500000000e+01,3.127499999999999947e+00,1.556000000000000050e+01,1.550226562500000149e+01
8.390299999999999272e+03,6.333618164062500000e+01,3.112499999999999822e+00,1.534999999999999964e+01,1.545250000000000057e+01
8.390399999999999636e+03,6.736450195312500000e+01,3.122500000000000053e+00,1.539000000000000057e+01,1.543992187500000135e+01
8.390500000000000000e+03,6.741943359375000000e+01,3.154999999999999805e+00,1.537999999999999901e+01,1.545742187500000142e+01
8.390600000000000364e+03,6.763916015625000000e+01,3.152499999999999858e+00,1.545999999999999908e+01,1.542460937500000107e+01
8.390700000000000728e+03,6.769409179687500000e+01,3.197499999999999787e+00,1.525999999999999979e+01,1.546289062500000000e+01
8.390799999999999272e+03,6.952514648437500000e+01,3.187500000000000000e+00,1.541000000000000014e+01,1.544265625000000064e+01
8.390899999999999636e+03,7.111816406250000000e+01,3.214999999999999858e+00,1.525000000000000000e+01,1.546234375000000050e+01
8.391000000000000000e+03,7.084350585937500000e+01,3.209999999999999964e+00,1.553999999999999915e+01,1.546343750000000128e+01
8.391100000000000364e+03,7.104492187500000000e+01,3.189999999999999947e+00,1.544999999999999929e+01,1.551921875000000028e+01
8.391200000000000728e+03,7.115478515625000000e+01,3.207500000000000018e+00,1.531749999999999901e+01,1.547492187500000149e+01
8.391299999999999272e+03,7.349853515625000000e+01,3.205000000000000071e+00,1.533750000000000036e+01,1.548968750000000050e+01
8.391399999999999636e+03,7.404785156250000000e+01,3.254999999999999893e+00,1.558999999999999986e+01,1.544648437500000071e+01
8.391500000000000000e+03,7.369995117187500000e+01,3.209999999999999964e+00,1.566999999999999993e+01,1.545960937500000121e+01
8.391600000000000364e+03,7.390136718750000000e+01,3.267500000000000071e+00,1.540000000000000036e+01,1.548585937500000043e+01
8.391700000000000728e+03,7.620849609375000000e+01,3.257499999999999840e+00,1.534750000000000014e+01,1.544265625000000064e+01
8.391799999999999272e+03,7.628173828125000000e+01,3.214999999999999858e+00,1.536999999999999922e+01,1.542570312500000007e+01
8.391899999999999636e+03,7.677612304687500000e+01,3.254999999999999893e+00,1.541999999999999993e+01,1.546125000000000149e+01
8.392000000000000000e+03,7.644653320312500000e+01,3.252499999999999947e+00,1.552999999999999936e+01,1.542078125000000099e+01
8.392100000000000364e+03,7.750854492187500000e+01,3.259999999999999787e+00,1.544999999999999929e+01,1.544375000000000142e+01
8.392200000000000728e+03,7.906494140625000000e+01,3.280000000000000249e+00,1.558999999999999986e+01,1.540601562500000021e+01
8.392299999999999272e+03,7.875366210937500000e+01,3.307500000000000107e+00,1.547000000000000064e+01,1.538960937500000092e+01
8.392399999999999636e+03,7.919311523437500000e+01,3.292499999999999982e+00,1.553999999999999915e+01,1.550281250000000099e+01
8.392500000000000000e+03,7.884521484375000000e+01,3.294999999999999929e+00,1.533999999999999986e+01,1.544539062499999993e+01
8.392600000000000364e+03,8.118896484375000000e+01,3.337499999999999911e+00,1.562999999999999901e+01,1.549187500000000028e+01
8.392700000000000728e+03,8.144531250000000000e+01,3.277499999999999858e+00,1.536749999999999972e+01,1.548257812500000163e+01
8.392799999999999272e+03,8.107910156250000000e+01,3.354999999999999982e+00,1.526999999999999957e+01,1.547710937500000128e+01
8.392899999999999636e+03,8.153686523437500000e+01,3.322499999999999787e+00,1.520999999999999908e+01,1.538140625000000128e+01
8.393000000000000000e+03,8.256225585937500000e+01,3.332500000000000018e+00,1.553749999999999964e+01,1.549132812500000078e+01
8.393100000000000364e+03,8.353271484375000000e+01,3.325000000000000178e+00,1.541999999999999993e+01,1.543554687500000000e+01
8.393200000000000728e+03,8.362426757812500000e+01,3.359999999999999876e+00,1.527999999999999936e+01,1.541695312500000092e+01
8.393299999999999272e+03,8.322143554687500000e+01,3.357499999999999929e+00,1.550999999999999979e+01,1.544210937500000114e+01
8.393399999999999636e+03,8.377075195312500000e+01,3.375000000000000000e+00,1.542999999999999972e+01,1.545414062500000085e+01
8.393500000000000000e+03,8.525390625000000000e+01,3.367500000000000160e+00,1.542999999999999972e+01,1.540437499999999993e+01
8.393600000000000364e+03,8.569335937500000000e+01,3.352500000000000036e+00,1.560749999999999993e+01,1.545304687500000007e+01
8.393700000000000728e+03,8.576660156250000000e+01,3.415000000000000036e+00,1.549000000000000021e+01,1.548585937500000043e+01
8.393799999999999272e+03,8.534545898437500000e+01,3.405000000000000249e+00,1.533000000000000007e+01,1.546125000000000149e+01
8.393899999999999636e+03,8.746948242187500000e+01,3.392500000000000071e+00,1.526999999999999957e+01,1.541312500000000085e+01
8.394000000000000000e+03,8.739624023437500000e+01,3.390000000000000124e+00,1.537999999999999901e+01,1.547875000000000156e+01
8.394100000000000364e+03,8.770751953125000000e+01,3.410000000000000142e+00,1.534999999999999964e+01,1.543937500000000007e+01
8.394200000000000728e+03,8.774414062500000000e+01,3.452500000000000124e+00,1.541999999999999993e+01,1.545687500000000014e+01
8.394299999999999272e+03,8.811035156250000000e+01,3.430000000000000160e+00,1.537749999999999950e+01,1.549570312500000036e+01
8.394399999999999636e+03,8.979492187500000000e+01,3.450000000000000178e+00,1.550999999999999979e+01,1.544976562500000128e+01
8.394500000000000000e+03,8.939208984375000000e+01,3.482499999999999929e+00,1.548000000000000043e+01,1.550062500000000121e+01
8.394600000000000364e+03,8.970336914062500000e+01,3.477500000000000036e+00,1.564000000000000057e+01,1.547929687500000107e+01
8.394700000000000728e+03,8.972167968750000000e+01,3.490000000000000213e+00,1.545999999999999908e+01,1.544429687500000092e+01
8.394799999999999272e+03,9.094848632812500000e+01,3.475000000000000089e+00,1.533999999999999986e+01,1.547382812500000071e+01
8.394899999999999636e+03,9.164428710937500000e+01,3.512500000000000178e+00,1.536999999999999922e+01,1.543117187500000043e+01
8.395000000000000000e+03,9.114990234375000000e+01,3.475000000000000089e+00,1.553749999999999964e+01,1.545250000000000057e+01
8.395100000000000364e+03,9.149780273437500000e+01,3.482499999999999929e+00,1.529999999999999893e+01,1.542023437500000149e+01
8.395200000000000728e+03,9.283447265625000000e+01,3.522499999999999964e+00,1.550000000000000000e+01,1.544320312500000014e+01
8.395299999999999272e+03,9.299926757812500000e+01,3.522499999999999964e+00,1.553999999999999915e+01,1.542953125000000014e+01
8.395399999999999636e+03,9.356689453125000000e+01,3.530000000000000249e+00,1.522000000000000064e+01,1.537921875000000149e+01
8.395500000000000000e+03,9.310913085937500000e+01,3.492500000000000160e+00,1.543999999999999950e+01,1.545687500000000014e+01
8.395600000000000364e+03,9.351196289062500000e+01,3.535000000000000142e+00,1.543999999999999950e+01,1.549679687500000114e+01
8.395700000000000728e+03,9.519653320312500000e+01,3.564999999999999947e+00,1.564000000000000057e+01,1.550500000000000078e+01
8.395799999999999272e+03,9.486694335937500000e+01,3.560000000000000053e+00,1.547000000000000064e+01,1.546781250000000085e+01
8.395899999999999636e+03,9.539794921875000000e+01,3.584999999999999964e+00,1.532000000000000028e+01,1.540875000000000128e+01
8.396000000000000000e+03,9.484863281250000000e+01,3.560000000000000053e+00,1.529999999999999893e+01,1.544046875000000085e+01
8.396100000000000364e+03,9.673461914062500000e+01,3.589999999999999858e+00,1.556000000000000050e+01,1.546343750000000128e+01
8.396200000000000728e+03,9.702758789062500000e+01,3.577500000000000124e+00,1.547000000000000064e+01,1.543992187500000135e+01
8.396299999999999272e+03,9.667968750000000000e+01,3.575000000000000178e+00,1.542999999999999972e+01,1.544976562500000128e+01
8.396399999999999636e+03,9.719238281250000000e+01,3.612499999999999822e+00,1.550999999999999979e+01,1.548531250000000092e+01
8.396500000000000000e+03,9.733886718750000000e+01,3.604999999999999982e+00,1.519999999999999929e+01,1.548859375000000149e+01
8.396600000000000364e+03,9.880371093750000000e+01,3.592500000000000249e+00,1.545999999999999908e+01,1.547546875000000099e+01
8.396700000000000728e+03,9.885864257812500000e+01,3.615000000000000213e+00,1.554999999999999893e+01,1.542132812500000050e+01
8.396799999999999272e+03,9.847412109375000000e+01,3.634999999999999787e+00,1.541000000000000014e+01,1.544101562500000036e+01
8.396899999999999636e+03,9.900512695312500000e+01,3.594999999999999751e+00,1.533999999999999986e+01,1.548148437500000085e+01
8.397000000000000000e+03,9.995727539062500000e+01,3.632500000000000284e+00,1.557499999999999929e+01,1.548695312500000121e+01
8.397100000000000364e+03,1.005432128906250000e+02,3.652499999999999858e+00,1.550000000000000000e+01,1.543937500000000007e+01
8.397200000000000728e+03,1.005432128906250000e+02,3.685000000000000053e+00,1.565750000000000064e+01,1.544156250000000163e+01
8.397299999999999272e+03,1.001953125000000000e+02,3.665000000000000036e+00,1.553999999999999915e+01,1.541640625000000142e+01
8.397399999999999636e+03,1.018066406250000000e+02,3.680000000000000160e+00,1.551999999999999957e+01,1.545632812500000064e+01
8.397500000000000000e+03,1.018249511718750000e+02,3.742500000000000160e+00,1.561500000000000021e+01,1.552359375000000163e+01
8.397600000000000364e+03,1.022827148437500000e+02,3.717500000000000249e+00,1.544999999999999929e+01,1.547492187500000149e+01
8.397700000000000728e+03,1.022460937500000000e+02,3.714999999999999858e+00,1.526999999999999957e+01,1.548312500000000114e+01
8.397799999999999272e+03,1.020446777343750000e+02,3.695000000000000284e+00,1.553999999999999915e+01,1.537867187500000021e+01
8.397899999999999636e+03,1.040222167968750000e+02,3.702500000000000124e+00,1.541000000000000014e+01,1.553343750000000156e+01
8.398000000000000000e+03,1.035095214843750000e+02,3.707500000000000018e+00,1.569999999999999929e+01,1.544156250000000163e+01
8.398100000000000364e+03,1.039489746093750000e+02,3.729999999999999982e+00,1.553999999999999915e+01,1.545578125000000114e+01
8.398200000000000728e+03,1.039306640625000000e+02,3.762500000000000178e+00,1.536749999999999972e+01,1.543882812500000057e+01
8.398299999999999272e+03,1.050109863281250000e+02,3.747500000000000053e+00,1.541000000000000014e+01,1.546617187500000057e+01
8.398399999999999636e+03,1.057800292968750000e+02,3.790000000000000036e+00,1.542999999999999972e+01,1.545304687500000007e+01
8.398500000000000000e+03,1.052124023437500000e+02,3.825000000000000178e+00,1.541000000000000014e+01,1.543117187500000043e+01
8.398600000000000364e+03,1.056701660156250000e+02,3.807500000000000107e+00,1.554749999999999943e+01,1.540273437500000142e+01
8.398700000000000728e+03,1.065490722656250000e+02,3.782499999999999751e+00,1.556000000000000050e+01,1.544156250000000163e+01
8.398799999999999272e+03,1.070800781250000000e+02,3.794999999999999929e+00,1.543999999999999950e+01,1.544648437500000071e+01
8.398899999999999636e+03,1.076293945312500000e+02,3.825000000000000178e+00,1.541000000000000014e+01,1.546781250000000085e+01
8.399000000000000000e+03,1.070068359375000000e+02,3.807500000000000107e+00,1.554999999999999893e+01,1.549570312500000036e+01
8.399100000000000364e+03,1.074829101562500000e+02,3.842500000000000249e+00,1.578999999999999915e+01,1.544921875000000000e+01
8.399200000000000728e+03,1.090209960937500000e+02,3.857499999999999929e+00,1.542999999999999972e+01,1.549132812500000078e+01
8.399299999999999272e+03,1.087646484375000000e+02,3.875000000000000000e+00,1.543999999999999950e+01,1.548585937500000043e+01
8.399399999999999636e+03,1.092773437500000000e+02,3.899999999999999911e+00,1.557000000000000028e+01,1.545632812500000064e+01
8.399500000000000000e+03,1.087280273437500000e+02,3.887500000000000178e+00,1.565000000000000036e+01,1.550117187500000071e+01
8.399600000000000364e+03,1.104125976562500000e+02,3.907499999999999751e+00,1.558000000000000007e+01,1.549132812500000078e+01
8.399700000000000728e+03,1.108337402343750000e+02,3.939999999999999947e+00,1.550000000000000000e+01,1.543335937500000021e+01
8.399799999999999272e+03,1.104675292968750000e+02,3.935000000000000053e+00,1.551999999999999957e+01,1.542187500000000000e+01
8.399899999999999636e+03,1.110168457031250000e+02,3.927500000000000213e+00,1.542999999999999972e+01,1.543226562500000121e+01
8.400000000000000000e+03,1.108154296875000000e+02,3.997500000000000053e+00,1.540000000000000036e+01,1.544429687500000092e+01
8.400100000000000364e+03,1.126098632812500000e+02,4.004999999999999893e+00,1.551999999999999957e+01,1.537320312500000163e+01
8.400200000000000728e+03,1.126464843750000000e+02,4.017500000000000071e+00,1.547000000000000064e+01,1.545742187500000142e+01
8.400299999999999272e+03,1.123168945312500000e+02,4.040000000000000036e+00,1.548000000000000043e+01,1.543554687500000000e+01
8.400399999999999636e+03,1.128662109375000000e+02,4.070000000000000284e+00,1.550999999999999979e+01,1.550335937500000050e+01
8.400500000000000000e+03,1.138000488281250000e+02,4.042500000000000426e+00,1.558000000000000007e+01,1.542460937500000107e+01
8.400600000000000364e+03,1.144958496093750000e+02,4.067499999999999893e+00,1.552999999999999936e+01,1.541914062500000071e+01
8.400700000000000728e+03,1.144592285156250000e+02,4.052500000000000213e+00,1.533999999999999986e+01,1.549953125000000043e+01
8.400799999999999272e+03,1.140930175781250000e+02,4.089999999999999858e+00,1.535999999999999943e+01,1.543500000000000050e+01
8.400899999999999636e+03,1.156494140625000000e+02,4.107499999999999929e+00,1.566999999999999993e+01,1.551812500000000128e+01
8.401000000000000000e+03,1.157592773437500000e+02,4.432500000000000107e+00,1.532000000000000028e+01,1.545140625000000156e+01
8.401100000000000364e+03,1.162902832031250000e+02,4.127499999999999503e+00,1.547000000000000064e+01,1.546398437500000078e+01
8.401200000000000728e+03,1.162536621093750000e+02,4.152499999999999858e+00,1.562999999999999901e+01,1.544648437500000071e+01
8.401299999999999272e+03,1.159057617187500000e+02,4.187500000000000000e+00,1.542999999999999972e+01,1.543390625000000149e+01
8.401399999999999636e+03,1.182495117187500000e+02,4.219999999999999751e+00,1.525999999999999979e+01,1.545085937500000028e+01
8.401500000000000000e+03,1.177001953125000000e+02,4.212500000000000355e+00,1.556000000000000050e+01,1.545031250000000078e+01
8.401600000000000364e+03,1.181945800781250000e+02,4.230000000000000426e+00,1.544999999999999929e+01,1.547656250000000000e+01
8.401700000000000728e+03,1.181030273437500000e+02,4.227500000000000036e+00,1.533000000000000007e+01,1.541148437500000057e+01
8.401799999999999272e+03,1.193115234375000000e+02,4.252499999999999503e+00,1.539000000000000057e+01,1.546125000000000149e+01
8.401899999999999636e+03,1.202270507812500000e+02,4.304999999999999716e+00,1.559999999999999964e+01,1.550609375000000156e+01
8.402000000000000000e+03,1.196228027343750000e+02,4.160000000000000142e+00,1.538749999999999929e+01,1.549132812500000078e+01
8.402100000000000364e+03,1.201538085937500000e+02,4.342500000000000249e+00,1.533999999999999986e+01,1.547984375000000057e+01
8.402200000000000728e+03,1.206481933593750000e+02,4.334999999999999964e+00,1.549000000000000021e+01,1.544812500000000099e+01
8.402299999999999272e+03,1.216369628906250000e+02,4.370000000000000107e+00,1.560999999999999943e+01,1.546562500000000107e+01
8.402399999999999636e+03,1.222412109375000000e+02,4.375000000000000000e+00,1.559999999999999964e+01,1.544375000000000142e+01
8.402500000000000000e+03,1.215820312500000000e+02,4.394999999999999574e+00,1.552999999999999936e+01,1.549570312500000036e+01
8.402600000000000364e+03,1.221313476562500000e+02,4.400000000000000355e+00,1.561999999999999922e+01,1.546125000000000149e+01
8.402700000000000728e+03,1.238891601562500000e+02,4.455000000000000071e+00,1.551999999999999957e+01,1.543664062500000078e+01
8.402799999999999272e+03,1.237243652343750000e+02,4.445000000000000284e+00,1.529999999999999893e+01,1.541203125000000007e+01
8.402899999999999636e+03,1.242004394531250000e+02,4.445000000000000284e+00,1.550999999999999979e+01,1.548914062500000099e+01
8.403000000000000000e+03,1.235595703125000000e+02,4.519999999999999574e+00,1.549000000000000021e+01,1.551484375000000071e+01
8.403100000000000364e+03,1.245483398437500000e+02,4.530000000000000249e+00,1.558000000000000007e+01,1.550007812499999993e+01
8.403200000000000728e+03,1.246398925781250000e+02,4.527499999999999858e+00,1.537999999999999901e+01,1.545687500000000014e+01
8.403299999999999272e+03,1.243286132812500000e+02,4.564999999999999503e+00,1.552999999999999936e+01,1.548750000000000071e+01
8.403399999999999636e+03,1.248596191406250000e+02,4.580000000000000071e+00,1.570999999999999908e+01,1.544484375000000043e+01
8.403500000000000000e+03,1.242370605468750000e+02,5.312500000000008882e-02,1.570999999999999908e+01,-6.617187500000110134e-02
8.403600000000000364e+03,1.248596191406250000e+02,1.562500000000000000e-02,1.540000000000000036e+01,-1.695312500000056843e-02
8.403700000000000728e+03,1.246948242187500000e+02,3.312500000000007105e-02,1.559999999999999964e+01,-2.734375000000088818e-02
8.403799999999999272e+03,1.244384765625000000e+02,5.812499999999998224e-02,1.539000000000000057e+01,-6.562500000000071054e-02
8.403899999999999636e+03,1.249328613281250000e+02,6.562499999999982236e-02,1.528999999999999915e+01,-1.033593750000010303e-01
8.404000000000000000e+03,1.243103027343750000e+02,4.312499999999985789e-02,1.549000000000000021e+01,-6.453125000000081712e-02
8.404100000000000364e+03,1.248413085937500000e+02,1.812499999999994671e-02,1.537999999999999901e+01,-3.007812500000106581e-02
8.404200000000000728e+03,1.247497558593750000e+02,2.562499999999978684e-02,1.536999999999999922e+01,-6.453125000000081712e-02
8.404299999999999272e+03,1.244567871093750000e+02,3.562500000000001776e-02,1.546749999999999936e+01,1.093749999999005240e-03
8.404399999999999636e+03,1.244750976562500000e+02,2.812499999999973355e-02,1.549000000000000021e+01,-5.742187500000106581e-02
8.404500000000000000e+03,1.230651855468750000e+02,4.062499999999991118e-02,1.549000000000000021e+01,-1.093750000000781597e-03
8.404600000000000364e+03,1.235595703125000000e+02,2.312499999999984013e-02,1.545999999999999908e+01,-2.078125000000063949e-02
8.404700000000000728e+03,1.234497070312500000e+02,6.312499999999987566e-02,1.543999999999999950e+01,-6.835937500000088818e-02
8.404799999999999272e+03,1.231201171875000000e+02,1.812499999999994671e-02,1.565000000000000036e+01,-8.804687500000074607e-02
8.404899999999999636e+03,1.210693359375000000e+02,3.812499999999996447e-02,1.545999999999999908e+01,-1.367187500000088818e-02
8.405000000000000000e+03,1.202087402343750000e+02,5.062500000000014211e-02,1.561999999999999922e+01,-7.000000000000028422e-02
8.405100000000000364e+03,1.207031250000000000e+02,3.562500000000001776e-02,1.533999999999999986e+01,-5.578125000000078160e-02
8.405200000000000728e+03,1.205932617187500000e+02,2.812499999999973355e-02,1.542999999999999972e+01,-8.203125000000532907e-03
8.405299999999999272e+03,1.172607421875000000e+02,2.562499999999978684e-02,1.558000000000000007e+01,-2.734375000000088818e-02
8.405399999999999636e+03,1.166748046875000000e+02,3.312500000000007105e-02,1.545999999999999908e+01,-4.757812500000024869e-02
8.405500000000000000e+03,1.159973144531250000e+02,6.562499999999982236e-02,1.519749999999999979e+01,-4.210937500000078160e-02
8.405600000000000364e+03,1.165466308593750000e+02,5.812499999999998224e-02,1.554999999999999893e+01,-9.187500000000081712e-02
8.405700000000000728e+03,1.158508300781250000e+02,1.062500000000010658e-02,1.516000000000000014e+01,-7.437500000000074607e-02
8.405799999999999272e+03,1.121704101562500000e+02,5.562500000000003553e-02,1.552999999999999936e+01,-4.156250000000039080e-02
8.405899999999999636e+03,1.125732421875000000e+02,3.562500000000001776e-02,1.533999999999999986e+01,-2.953125000000067502e-02
8.406000000000000000e+03,1.119323730468750000e+02,4.812499999999975131e-02,1.529999999999999893e+01,-1.859375000000085265e-02
8.406100000000000364e+03,1.124084472656250000e+02,3.062500000000012434e-02,1.531000000000000050e+01,-1.121093750000010658e-01
8.406200000000000728e+03,1.094238281250000000e+02,4.562499999999980460e-02,1.552749999999999986e+01,-7.328125000000085265e-02
8.406299999999999272e+03,1.085998535156250000e+02,5.062500000000014211e-02,1.541999999999999993e+01,-5.085937500000081712e-02
8.406399999999999636e+03,1.091491699218750000e+02,2.812499999999973355e-02,1.547000000000000064e+01,-5.359375000000099476e-02
8.406500000000000000e+03,1.085632324218750000e+02,8.062499999999994671e-02,1.547000000000000064e+01,-4.593750000000085265e-02
8.406600000000000364e+03,1.075012207031250000e+02,5.312500000000008882e-02,1.550999999999999979e+01,-6.617187500000110134e-02
8.406700000000000728e+03,1.061462402343750000e+02,1.562500000000000000e-02,1.549000000000000021e+01,-3.882812500000110134e-02
8.406799999999999272e+03,1.057250976562500000e+02,7.812500000000000000e-02,1.562999999999999901e+01,-7.382812500000035527e-02
8.406899999999999636e+03,1.062744140625000000e+02,2.562499999999978684e-02,1.535999999999999943e+01,-3.500000000000103029e-02
8.407000000000000000e+03,1.056335449218750000e+02,3.562500000000001776e-02,1.544999999999999929e+01,-4.703125000000074607e-02
8.407100000000000364e+03,1.037475585937500000e+02,6.562499999999982236e-02,1.551999999999999957e+01,-8.968750000000103029e-02
8.407200000000000728e+03,1.035827636718750000e+02,3.812499999999996447e-02,1.548000000000000043e+01,7.656249999999253930e-03
8.407299999999999272e+03,1.031799316406250000e+02,2.062499999999989342e-02,1.547000000000000064e+01,-5.960937500000085265e-02
8.407399999999999636e+03,1.036743164062500000e+02,4.312499999999985789e-02,1.548000000000000043e+01,-5.468750000000088818e-02
8.407500000000000000e+03,1.014953613281250000e+02,6.312499999999987566e-02,1.547000000000000064e+01,-4.265625000000028422e-02
8.407600000000000364e+03,1.013854980468750000e+02,3.562500000000001776e-02,1.565750000000000064e+01,-1.055468750000008171e-01
8.407700000000000728e+03,1.013488769531250000e+02,4.812499999999975131e-02,1.541000000000000014e+01,-6.726562500000099476e-02
8.407799999999999272e+03,1.009826660156250000e+02,3.312500000000007105e-02,1.533000000000000007e+01,-5.960937500000085265e-02
8.407899999999999636e+03,1.011108398437500000e+02,3.062500000000012434e-02,1.558999999999999986e+01,-3.335937500000074607e-02
8.408000000000000000e+03,9.891357421875000000e+01,3.562500000000001776e-02,1.554999999999999893e+01,-5.906250000000046185e-02
8.408100000000000364e+03,9.924316406250000000e+01,4.062499999999991118e-02,1.552999999999999936e+01,-1.148437500000110134e-02
8.408200000000000728e+03,9.929809570312500000e+01,4.062499999999991118e-02,1.537999999999999901e+01,-4.812500000000063949e-02
8.408299999999999272e+03,9.887695312500000000e+01,4.062499999999991118e-02,1.540000000000000036e+01,-9.078125000000092371e-02
8.408399999999999636e+03,9.774169921875000000e+01,4.562499999999980460e-02,1.525999999999999979e+01,-7.984375000000110134e-02
8.408500000000000000e+03,9.700927734375000000e+01,4.562499999999980460e-02,1.550000000000000000e+01,-7.054687500000067502e-02
8.408600000000000364e+03,9.733886718750000000e+01,1.562500000000000000e-02,1.556000000000000050e+01,-4.867187500000103029e-02
8.408700000000000728e+03,9.733886718750000000e+01,8.562499999999984013e-02,1.543999999999999950e+01,-8.312500000000078160e-02
8.408799999999999272e+03,9.602050781250000000e+01,4.312499999999985789e-02,1.550999999999999979e+01,-2.023437500000024869e-02
8.408899999999999636e+03,9.570922851562500000e+01,1.812499999999994671e-02,1.529999999999999893e+01,-6.453125000000081712e-02
8.409000000000000000e+03,9.517822265625000000e+01,8.124999999999715783e-03,1.548000000000000043e+01,-4.921875000000053291e-02
8.409100000000000364e+03,9.554443359375000000e+01,3.312500000000007105e-02,1.567999999999999972e+01,-5.687500000000067502e-02
8.409200000000000728e+03,9.556274414062500000e+01,3.812499999999996447e-02,1.540000000000000036e+01,-7.710937500000092371e-02
8.409299999999999272e+03,9.360351562500000000e+01,7.062500000000015987e-02,1.528999999999999915e+01,-7.328125000000085265e-02
8.409399999999999636e+03,9.396972656250000000e+01,6.312499999999987566e-02,1.522000000000000064e+01,-4.921875000000053291e-02
8.409500000000000000e+03,9.347534179687500000e+01,5.812499999999998224e-02,1.533999999999999986e+01,-5.687500000000067502e-02
8.409600000000000364e+03,9.384155273437500000e+01,5.562500000000003553e-02,1.519749999999999979e+01,-7.054687500000067502e-02
8.409700000000000728e+03,9.266967773437500000e+01,3.562500000000001776e-02,1.550999999999999979e+01,-7.273437500000046185e-02
8.409799999999999272e+03,9.190063476562500000e+01,6.812499999999976907e-02,1.558999999999999986e+01,-5.468750000000355271e-03
8.409899999999999636e+03,9.241333007812500000e+01,5.562500000000003553e-02,1.536999999999999922e+01,1.476562499999900524e-02
8.410000000000000000e+03,9.191894531250000000e+01,7.812500000000000000e-02,1.554999999999999893e+01,2.187499999998898659e-03
8.410100000000000364e+03,9.195556640625000000e+01,5.062500000000014211e-02,1.525000000000000000e+01,-6.398437500000042633e-02
8.410200000000000728e+03,9.082031250000000000e+01,3.062500000000012434e-02,1.549000000000000021e+01,-5.250000000000110134e-02
8.410299999999999272e+03,9.036254882812500000e+01,4.312499999999985789e-02,1.553999999999999915e+01,-6.289062500000053291e-02
8.410399999999999636e+03,9.085693359375000000e+01,2.562499999999978684e-02,1.540000000000000036e+01,-5.742187500000106581e-02
8.410500000000000000e+03,9.034423828125000000e+01,9.187499999999992895e-02,1.558000000000000007e+01,-1.968750000000074607e-02
8.410600000000000364e+03,8.942871093750000000e+01,2.562499999999978684e-02,1.532000000000000028e+01,-3.500000000000103029e-02
8.410700000000000728e+03,8.926391601562500000e+01,2.562499999999978684e-02,1.550000000000000000e+01,-3.445312500000063949e-02
8.410799999999999272e+03,8.882446289062500000e+01,3.812499999999996447e-02,1.559999999999999964e+01,-6.015625000000035527e-02
8.410899999999999636e+03,8.933715820312500000e+01,4.562499999999980460e-02,1.545999999999999908e+01,-9.296875000000426326e-03
8.411000000000000000e+03,8.812866210937500000e+01,4.312499999999985789e-02,1.553999999999999915e+01,-7.984375000000110134e-02
8.411100000000000364e+03,8.781738281250000000e+01,1.312500000000005329e-02,1.545749999999999957e+01,-2.898437500000028422e-02
8.411200000000000728e+03,8.785400390625000000e+01,4.312499999999985789e-02,1.543999999999999950e+01,-2.296875000000042633e-02
8.411299999999999272e+03,8.741455078125000000e+01,5.062500000000014211e-02,1.527999999999999936e+01,-5.195312500000071054e-02
8.411399999999999636e+03,8.792724609375000000e+01,3.312500000000007105e-02,1.541999999999999993e+01,-6.781250000000049738e-02
8.411500000000000000e+03,8.618774414062500000e+01,4.812499999999975131e-02,1.550000000000000000e+01,-5.414062500000049738e-02
8.411600000000000364e+03,8.640747070312500000e+01,2.312499999999984013e-02,1.539000000000000057e+01,-5.414062500000049738e-02
8.411700000000000728e+03,8.646240234375000000e+01,2.312499999999984013e-02,1.539000000000000057e+01,-1.367187500000088818e-02
8.411799999999999272e+03,8.604125976562500000e+01,3.062500000000012434e-02,1.551999999999999957e+01,5.414062499999960920e-02
8.411899999999999636e+03,8.545532226562500000e+01,2.312499999999984013e-02,1.536999999999999922e+01,-4.648437500000035527e-02
8.412000000000000000e+03,8.472290039062500000e+01,3.312500000000007105e-02,1.558000000000000007e+01,-6.398437500000042633e-02
8.412100000000000364e+03,8.501586914062500000e+01,4.062499999999991118e-02,1.560999999999999943e+01,-4.265625000000028422e-02
8.412200000000000728e+03,8.505249023437500000e+01,-4.375000000000017764e-03,1.548000000000000043e+01,-2.843750000000078160e-02
8.412299999999999272e+03,8.441162109375000000e+01,4.062499999999991118e-02,1.539000000000000057e+01,-5.031250000000042633e-02
8.412399999999999636e+03,8.388061523437500000e+01,3.562500000000001776e-02,1.576999999999999957e+01,-9.515625000000049738e-02
8.412500000000000000e+03,8.338623046875000000e+01,4.562499999999980460e-02,1.564000000000000057e+01,-4.429687500000056843e-02
8.412600000000000364e+03,8.371582031250000000e+01,4.812499999999975131e-02,1.556000000000000050e+01,-4.320312500000067502e-02
8.412700000000000728e+03,8.375244140625000000e+01,3.812499999999996447e-02,1.525000000000000000e+01,-5.796875000000056843e-02
8.412799999999999272e+03,8.223266601562500000e+01,6.312499999999987566e-02,1.572000000000000064e+01,-4.757812500000024869e-02
8.412899999999999636e+03,8.254394531250000000e+01,3.312500000000007105e-02,1.528999999999999915e+01,-7.875000000000031974e-02
8.413000000000000000e+03,8.208618164062500000e+01,5.562500000000003553e-02,1.558999999999999986e+01,-2.460937500000071054e-02
8.413100000000000364e+03,8.239746093750000000e+01,7.312500000000010658e-02,1.561999999999999922e+01,-5.468750000000088818e-02
8.413200000000000728e+03,8.182983398437500000e+01,5.312500000000008882e-02,1.520999999999999908e+01,-2.406250000000031974e-02
8.413299999999999272e+03,8.078613281250000000e+01,3.062500000000012434e-02,1.542999999999999972e+01,-5.578125000000078160e-02
8.413399999999999636e+03,8.126220703125000000e+01,3.062500000000012434e-02,1.547000000000000064e+01,-4.648437500000035527e-02
8.413500000000000000e+03,8.085937500000000000e+01,2.312499999999984013e-02,1.541999999999999993e+01,-5.085937500000081712e-02
8.413600000000000364e+03,8.111572265625000000e+01,4.312499999999985789e-02,1.561749999999999972e+01,-6.453125000000081712e-02
8.413700000000000728e+03,8.005371093750000000e+01,1.812499999999994671e-02,1.534999999999999964e+01,-2.734375000000088818e-02
8.413799999999999272e+03,7.959594726562500000e+01,3.562500000000001776e-02,1.532000000000000028e+01,-8.531250000000056843e-02
8.413899999999999636e+03,7.999877929687500000e+01,6.062499999999992895e-02,1.527999999999999936e+01,-8.750000000000923706e-03
8.414000000000000000e+03,7.959594726562500000e+01,2.062499999999989342e-02,1.544999999999999929e+01,-6.015625000000746070e-03
8.414100000000000364e+03,7.901000976562500000e+01,2.562499999999978684e-02,1.534999999999999964e+01,-4.539062500000046185e-02
8.414200000000000728e+03,7.877197265625000000e+01,4.312499999999985789e-02,1.511999999999999922e+01,-3.117187500000095923e-02
8.414299999999999272e+03,7.836914062500000000e+01,5.812499999999998224e-02,1.533999999999999986e+01,-5.031250000000042633e-02
8.414399999999999636e+03,7.882690429687500000e+01,5.562500000000003553e-02,1.545999999999999908e+01,-3.445312500000063949e-02
8.414500000000000000e+03,7.836914062500000000e+01,5.562500000000003553e-02,1.547000000000000064e+01,-1.640625000000106581e-02
8.414600000000000364e+03,7.750854492187500000e+01,3.812499999999996447e-02,1.547000000000000064e+01,-6.289062500000053291e-02
8.414700000000000728e+03,7.750854492187500000e+01,4.312499999999985789e-02,1.548000000000000043e+01,-7.328125000000085265e-02
8.414799999999999272e+03,7.716064453125000000e+01,3.812499999999996447e-02,1.546749999999999936e+01,-6.343750000000092371e-02
8.414899999999999636e+03,7.760009765625000000e+01,3.562500000000001776e-02,1.528999999999999915e+01,-6.125000000000024869e-02
8.415000000000000000e+03,7.628173828125000000e+01,5.062500000000014211e-02,1.549000000000000021e+01,-1.077343750000006040e-01
8.415100000000000364e+03,7.637329101562500000e+01,6.562499999999982236e-02,1.529999999999999893e+01,-3.500000000000103029e-02
8.415200000000000728e+03,7.640991210937500000e+01,2.812499999999973355e-02,1.564000000000000057e+01,-6.179687500000063949e-02
8.415299999999999272e+03,7.604370117187500000e+01,2.312499999999984013e-02,1.569999999999999929e+01,-7.656250000001030287e-03
8.415399999999999636e+03,7.602539062500000000e+01,3.562500000000001776e-02,1.535999999999999943e+01,-5.523437500000039080e-02
8.415500000000000000e+03,7.507324218750000000e+01,7.562500000000005329e-02,1.550000000000000000e+01,-9.023437500000053291e-02
8.415600000000000364e+03,7.525634765625000000e+01,6.562499999999982236e-02,1.541999999999999993e+01,-5.414062500000049738e-02
8.415700000000000728e+03,7.534790039062500000e+01,3.562500000000001776e-02,1.543999999999999950e+01,-4.976562500000092371e-02
8.415799999999999272e+03,7.498168945312500000e+01,1.812499999999994671e-02,1.557750000000000057e+01,-3.828125000000071054e-02
8.415899999999999636e+03,7.437744140625000000e+01,8.062499999999994671e-02,1.549000000000000021e+01,-5.414062500000049738e-02
8.416000000000000000e+03,7.391967773437500000e+01,7.562500000000005329e-02,1.537999999999999901e+01,-6.125000000000024869e-02
8.416100000000000364e+03,7.417602539062500000e+01,2.062499999999989342e-02,1.569999999999999929e+01,-4.812500000000063949e-02
8.416200000000000728e+03,7.424926757812500000e+01,4.062499999999991118e-02,1.574000000000000021e+01,-5.796875000000056843e-02
8.416299999999999272e+03,7.322387695312500000e+01,6.812499999999976907e-02,1.557000000000000028e+01,-4.812500000000063949e-02
8.416399999999999636e+03,7.331542968750000000e+01,3.312500000000007105e-02,1.516999999999999993e+01,-1.148437500000110134e-02
8.416500000000000000e+03,7.294921875000000000e+01,5.562500000000003553e-02,1.541999999999999993e+01,-2.734375000000088818e-02
8.416600000000000364e+03,7.316894531250000000e+01,5.812499999999998224e-02,1.532000000000000028e+01,-5.523437500000039080e-02
8.416700000000000728e+03,7.324218750000000000e+01,2.312499999999984013e-02,1.543999999999999950e+01,-2.242187500000092371e-02
8.416799999999999272e+03,7.190551757812500000e+01,-3.624999999999989342e-02,1.537999999999999901e+01,-5.195312500000071054e-02
8.416899999999999636e+03,7.230834960937500000e+01,4.812499999999975131e-02,1.543999999999999950e+01,-5.851562500000095923e-02
8.417000000000000000e+03,7.194213867187500000e+01,4.812499999999975131e-02,1.547749999999999915e+01,-6.562500000000071054e-02
8.417100000000000364e+03,7.214355468750000000e+01,3.812499999999996447e-02,1.535999999999999943e+01,-1.367187500000088818e-02
8.417200000000000728e+03,7.131958007812500000e+01,1.562500000000000000e-02,1.562999999999999901e+01,-6.945312500000078160e-02
8.417299999999999272e+03,7.073364257812500000e+01,4.312499999999985789e-02,1.537999999999999901e+01,-7.656250000001030287e-03
8.417399999999999636e+03,7.117309570312500000e+01,6.562499999999982236e-02,1.550000000000000000e+01,-5.687500000000067502e-02
8.417500000000000000e+03,7.086181640625000000e+01,4.562499999999980460e-02,1.560999999999999943e+01,-2.351562500000081712e-02
8.417600000000000364e+03,7.071533203125000000e+01,5.062500000000014211e-02,1.549000000000000021e+01,-4.156250000000039080e-02
8.417700000000000728e+03,7.023925781250000000e+01,4.312499999999985789e-02,1.543999999999999950e+01,1.093749999999005240e-03
8.417799999999999272e+03,6.983642578125000000e+01,5.312500000000008882e-02,1.561999999999999922e+01,-2.242187500000092371e-02
8.417899999999999636e+03,7.027587890625000000e+01,4.062499999999991118e-02,1.549750000000000050e+01,-2.843750000000078160e-02
8.418000000000000000e+03,6.994628906250000000e+01,4.062499999999991118e-02,1.558000000000000007e+01,-2.953125000000067502e-02
8.418100000000000364e+03,6.919555664062500000e+01,3.312500000000007105e-02,1.552999999999999936e+01,-8.476562500000106581e-02
8.418200000000000728e+03,6.926879882812500000e+01,3.062500000000012434e-02,1.533999999999999986e+01,-6.453125000000081712e-02
8.418299999999999272e+03,6.886596679687500000e+01,3.062500000000012434e-02,1.533999999999999986e+01,-4.757812500000024869e-02
8.418399999999999636e+03,6.930541992187500000e+01,6.875000000000008882e-02,1.532000000000000028e+01,7.109374999999751310e-03
8.418500000000000000e+03,6.840820312500000000e+01,6.562499999999982236e-02,1.539000000000000057e+01,-3.390625000000024869e-02
8.418600000000000364e+03,6.826171875000000000e+01,-9.937500000000021316e-02,1.550999999999999979e+01,-4.210937500000078160e-02
8.418700000000000728e+03,6.831665039062500000e+01,2.562499999999978684e-02,1.556000000000000050e+01,-8.476562500000106581e-02
8.418799999999999272e+03,6.795043945312500000e+01,3.062500000000012434e-02,1.539000000000000057e+01,-3.062500000000056843e-02
8.418899999999999636e+03,6.837158203125000000e+01,-1.962500000000000355e-01,1.525999999999999979e+01,-4.429687500000056843e-02
8.419000000000000000e+03,6.719970703125000000e+01,5.062500000000014211e-02,1.551999999999999957e+01,-3.773437500000031974e-02
8.419100000000000364e+03,6.730957031250000000e+01,5.312500000000008882e-02,1.550000000000000000e+01,-6.179687500000063949e-02
8.419200000000000728e+03,6.741943359375000000e+01,4.062499999999991118e-02,1.537999999999999901e+01,-1.859375000000085265e-02
8.419299999999999272e+03,6.703491210937500000e+01,4.312499999999985789e-02,1.540000000000000036e+01,-4.757812500000024869e-02
8.419399999999999636e+03,6.679687500000000000e+01,3.312500000000007105e-02,1.566000000000000014e+01,-1.695312500000056843e-02
8.419500000000000000e+03,6.626586914062500000e+01,4.562499999999980460e-02,1.550000000000000000e+01,-1.585937500000067502e-02
8.419600000000000364e+03,6.643066406250000000e+01,4.812499999999975131e-02,1.553999999999999915e+01,-3.445312500000063949e-02
8.419700000000000728e+03,6.652221679687500000e+01,4.812499999999975131e-02,1.559999999999999964e+01,-9.625000000000039080e-02
8.419799999999999272e+03,6.595458984375000000e+01,5.312500000000008882e-02,1.542999999999999972e+01,-4.867187500000103029e-02
8.419899999999999636e+03,6.569824218750000000e+01,2.062499999999989342e-02,1.536749999999999972e+01,-5.796875000000056843e-02
8.420000000000000000e+03,6.538696289062500000e+01,5.812499999999998224e-02,1.567999999999999972e+01,-8.367187500000028422e-02
8.420100000000000364e+03,6.553344726562500000e+01,1.812499999999994671e-02,1.552999999999999936e+01,-2.734375000000088818e-02
8.420200000000000728e+03,6.562500000000000000e+01,4.812499999999975131e-02,1.570999999999999908e+01,-6.562500000000071054e-02
8.420299999999999272e+03,6.456298828125000000e+01,4.312499999999985789e-02,1.556000000000000050e+01,-2.242187500000092371e-02
8.420399999999999636e+03,6.487426757812500000e+01,6.062499999999992895e-02,1.543999999999999950e+01,-1.531250000000028422e-02
8.420500000000000000e+03,6.456298828125000000e+01,5.562500000000003553e-02,1.549000000000000021e+01,-4.429687500000056843e-02
8.420600000000000364e+03,6.472778320312500000e+01,4.062499999999991118e-02,1.567999999999999972e+01,-7.382812500000035527e-02
8.420700000000000728e+03,6.443481445312500000e+01,5.562500000000003553e-02,1.560999999999999943e+01,-3.773437500000031974e-02
8.420799999999999272e+03,6.370239257812500000e+01,5.812499999999998224e-02,1.539000000000000057e+01,2.296874999999953815e-02
8.420899999999999636e+03,6.405029296875000000e+01,3.562500000000001776e-02,1.552999999999999936e+01,-2.679687500000049738e-02
8.421000000000000000e+03,6.384887695312500000e+01,3.312500000000007105e-02,1.557000000000000028e+01,-1.695312500000056843e-02
8.421100000000000364e+03,6.394042968750000000e+01,5.062500000000014211e-02,1.559999999999999964e+01,-3.937500000000060396e-02
8.421200000000000728e+03,6.329956054687500000e+01,4.062499999999991118e-02,1.547749999999999915e+01,-6.398437500000042633e-02
8.421299999999999272e+03,6.284179687500000000e+01,4.312499999999985789e-02,1.559999999999999964e+01,-2.406250000000031974e-02
8.421399999999999636e+03,6.324462890625000000e+01,2.562499999999978684e-02,1.542999999999999972e+01,-4.867187500000103029e-02
8.421500000000000000e+03,6.296997070312500000e+01,1.812499999999994671e-02,1.553999999999999915e+01,-1.695312500000056843e-02
8.421600000000000364e+03,6.254882812500000000e+01,2.812499999999973355e-02,1.547000000000000064e+01,-5.851562500000095923e-02
8.421700000000000728e+03,6.243896484375000000e+01,5.312500000000008882e-02,1.561999999999999922e+01,-1.640625000000284217e-03
8.421799999999999272e+03,6.203613281250000000e+01,1.562500000000000000e-02,1.549000000000000021e+01,-5.195312500000071054e-02
8.421899999999999636e+03,6.247558593750000000e+01,2.562499999999978684e-02,1.572000000000000064e+01,-1.039062500000031974e-02
8.422000000000000000e+03,6.214599609375000000e+01,5.062500000000014211e-02,1.540000000000000036e+01,-5.195312500000071054e-02
8.422100000000000364e+03,6.154174804687500000e+01,3.812499999999996447e-02,1.545999999999999908e+01,1.312499999999960920e-02
8.422200000000000728e+03,6.161499023437500000e+01,5.562500000000003553e-02,1.550000000000000000e+01,-4.429687500000056843e-02
8.422299999999999272e+03,6.124877929687500000e+01,5.562500000000003553e-02,1.548000000000000043e+01,-2.789062500000039080e-02
8.422399999999999636e+03,6.165161132812500000e+01,4.062499999999991118e-02,1.534999999999999964e+01,-3.007812500000106581e-02
8.422500000000000000e+03,6.082763671875000000e+01,8.062499999999994671e-02,1.548749999999999893e+01,-3.882812500000110134e-02
8.422600000000000364e+03,6.082763671875000000e+01,3.562500000000001776e-02,1.533999999999999986e+01,-2.242187500000092371e-02
8.422700000000000728e+03,6.088256835937500000e+01,3.312500000000007105e-02,1.545999999999999908e+01,-4.976562500000092371e-02
8.422799999999999272e+03,6.053466796875000000e+01,6.812499999999976907e-02,1.548000000000000043e+01,-5.578125000000078160e-02
8.422899999999999636e+03,6.066284179687500000e+01,4.312499999999985789e-02,1.522000000000000064e+01,-1.099218750000003908e-01
8.423000000000000000e+03,5.994873046875000000e+01,2.812499999999973355e-02,1.531000000000000050e+01,-3.281250000000035527e-02
8.423100000000000364e+03,6.002197265625000000e+01,2.062499999999989342e-02,1.556000000000000050e+01,-5.085937500000081712e-02
8.423200000000000728e+03,6.009521484375000000e+01,2.562499999999978684e-02,1.552999999999999936e+01,-7.054687500000067502e-02
8.423299999999999272e+03,5.972900390625000000e+01,4.312499999999985789e-02,1.558000000000000007e+01,-4.757812500000024869e-02
8.423399999999999636e+03,5.950927734375000000e+01,5.812499999999998224e-02,1.540000000000000036e+01,-5.960937500000085265e-02
8.423500000000000000e+03,5.917968750000000000e+01,1.312500000000005329e-02,1.562999999999999901e+01,-3.445312500000063949e-02
8.423600000000000364e+03,5.927124023437500000e+01,2.312499999999984013e-02,1.539499999999999957e+01,-2.515625000000110134e-02
8.423700000000000728e+03,5.941772460937500000e+01,3.562500000000001776e-02,1.559999999999999964e+01,-8.421875000000067502e-02
8.423799999999999272e+03,5.863037109375000000e+01,6.562499999999982236e-02,1.552999999999999936e+01,-6.453125000000081712e-02
8.423899999999999636e+03,5.875854492187500000e+01,3.312500000000007105e-02,1.549000000000000021e+01,-2.625000000000099476e-02
8.424000000000000000e+03,5.846557617187500000e+01,6.312499999999987566e-02,1.555749999999999922e+01,-2.023437500000024869e-02
8.424100000000000364e+03,5.863037109375000000e+01,3.312500000000007105e-02,1.558000000000000007e+01,-5.140625000000031974e-02
8.424200000000000728e+03,5.868530273437500000e+01,4.062499999999991118e-02,1.543999999999999950e+01,1.093749999999005240e-03
8.424299999999999272e+03,5.771484375000000000e+01,6.062499999999992895e-02,1.541000000000000014e+01,-6.453125000000081712e-02
8.424399999999999636e+03,5.802612304687500000e+01,3.562500000000001776e-02,1.541000000000000014e+01,-2.351562500000081712e-02
8.424500000000000000e+03,5.780639648437500000e+01,3.312500000000007105e-02,1.544749999999999979e+01,-6.453125000000081712e-02
8.424600000000000364e+03,5.789794921875000000e+01,6.312499999999987566e-02,1.551999999999999957e+01,-8.039062500000060396e-02
8.424700000000000728e+03,5.749511718750000000e+01,8.124999999999715783e-03,1.529749999999999943e+01,-2.187500000000053291e-02
8.424799999999999272e+03,5.705566406250000000e+01,5.312500000000008882e-02,1.544999999999999929e+01,-2.351562500000081712e-02
8.424899999999999636e+03,5.740356445312500000e+01,4.562499999999980460e-02,1.550000000000000000e+01,-1.082812500000009948e-01
8.425000000000000000e+03,5.720214843750000000e+01,1.812499999999994671e-02,1.553999999999999915e+01,-6.453125000000081712e-02
8.425100000000000364e+03,5.718383789062500000e+01,7.312500000000010658e-02,1.523000000000000043e+01,-8.476562500000106581e-02
8.425200000000000728e+03,5.670776367187500000e+01,1.812499999999994671e-02,1.558000000000000007e+01,-4.703125000000074607e-02
8.425299999999999272e+03,5.637817382812500000e+01,3.812499999999996447e-02,1.559999999999999964e+01,-2.515625000000110134e-02
8.425399999999999636e+03,5.672607421875000000e+01,3.312500000000007105e-02,1.545999999999999908e+01,-8.148437500000049738e-02
8.425500000000000000e+03,5.648803710937500000e+01,1.812499999999994671e-02,1.548000000000000043e+01,-1.914062500000035527e-02
8.425600000000000364e+03,5.601196289062500000e+01,5.312500000000008882e-02,1.541000000000000014e+01,-9.625000000000039080e-02
8.425700000000000728e+03,5.601196289062500000e+01,2.312499999999984013e-02,1.531000000000000050e+01,-5.687500000000067502e-02
8.425799999999999272e+03,5.566406250000000000e+01,4.562499999999980460e-02,1.559999999999999964e+01,-2.734375000000088818e-02
8.425899999999999636e+03,5.603027343750000000e+01,6.812499999999976907e-02,1.561999999999999922e+01,-2.187500000000053291e-02
8.426000000000000000e+03,5.551757812500000000e+01,5.812499999999998224e-02,1.551999999999999957e+01,-7.929687500000071054e-02
8.426100000000000364e+03,5.529785156250000000e+01,4.562499999999980460e-02,1.550999999999999979e+01,-4.429687500000056843e-02
8.426200000000000728e+03,5.540771484375000000e+01,4.062499999999991118e-02,1.566750000000000043e+01,-6.781250000000049738e-02
8.426299999999999272e+03,5.505981445312500000e+01,6.062499999999992895e-02,1.565000000000000036e+01,-5.742187500000106581e-02
8.426399999999999636e+03,5.544433593750000000e+01,5.562500000000003553e-02,1.538749999999999929e+01,-8.093750000000099476e-02
8.426500000000000000e+03,5.463867187500000000e+01,3.562500000000001776e-02,1.551750000000000007e+01,-5.250000000000110134e-02
8.426600000000000364e+03,5.467529296875000000e+01,6.249999999998756550e-04,1.558000000000000007e+01,-2.898437500000028422e-02
8.426700000000000728e+03,5.480346679687500000e+01,6.562499999999982236e-02,1.567999999999999972e+01,-3.992187500000099476e-02
8.426799999999999272e+03,5.443725585937500000e+01,4.562499999999980460e-02,1.553999999999999915e+01,-9.679687500000078160e-02
8.426899999999999636e+03,5.438232421875000000e+01,4.062499999999991118e-02,1.561999999999999922e+01,-1.104687500000007816e-01
8.427000000000000000e+03,5.399780273437500000e+01,2.812499999999973355e-02,1.564000000000000057e+01,-7.492187500000024869e-02
8.427100000000000364e+03,5.408935546875000000e+01,5.062500000000014211e-02,1.548000000000000043e+01,-6.125000000000024869e-02
8.427200000000000728e+03,5.416259765625000000e+01,4.812499999999975131e-02,1.525000000000000000e+01,-8.859375000000024869e-02
8.427299999999999272e+03,5.383300781250000000e+01,5.062500000000014211e-02,1.556000000000000050e+01,-3.117187500000095923e-02
8.427399999999999636e+03,5.364990234375000000e+01,8.124999999999715783e-03,1.550999999999999979e+01,-8.203125000000532907e-03
8.427500000000000000e+03,5.341186523437500000e+01,3.312500000000007105e-02,1.559999999999999964e+01,-1.219531250000009948e-01
8.427600000000000364e+03,5.348510742187500000e+01,3.562500000000001776e-02,1.562999999999999901e+01,-4.320312500000067502e-02
8.427700000000000728e+03,5.359497070312500000e+01,2.062499999999989342e-02,1.536999999999999922e+01,-6.726562500000099476e-02
8.427799999999999272e+03,5.324707031250000000e+01,3.062500000000012434e-02,1.529999999999999893e+01,-6.234375000000103029e-02
8.427899999999999636e+03,5.366821289062500000e+01,2.312499999999984013e-02,1.536999999999999922e+01,-1.421875000000039080e-02
8.428000000000000000e+03,5.339355468750000000e+01,2.312499999999984013e-02,1.550000000000000000e+01,-5.250000000000110134e-02
8.428100000000000364e+03,5.352172851562500000e+01,3.812499999999996447e-02,1.528999999999999915e+01,-8.695312500000085265e-02
8.428200000000000728e+03,5.361328125000000000e+01,7.062500000000015987e-02,1.566000000000000014e+01,-7.710937500000092371e-02
8.428299999999999272e+03,5.324707031250000000e+01,7.312500000000010658e-02,1.531000000000000050e+01,-6.070312500000074607e-02
8.428399999999999636e+03,5.361328125000000000e+01,2.062499999999989342e-02,1.550999999999999979e+01,-2.406250000000031974e-02
8.428500000000000000e+03,5.341186523437500000e+01,2.959999999999999964e+00,1.550000000000000000e+01,1.551210937500000142e+01
8.428600000000000364e+03,5.350341796875000000e+01,2.959999999999999964e+00,1.543999999999999950e+01,1.547546875000000099e+01
8.428700000000000728e+03,5.375976562500000000e+01,2.982499999999999929e+00,1.544749999999999979e+01,1.542679687500000085e+01
8.428799999999999272e+03,5.343017578125000000e+01,3.007499999999999840e+00,1.570999999999999908e+01,1.547382812500000071e+01
8.428899999999999636e+03,5.385131835937500000e+01,3.047499999999999876e+00,1.545999999999999908e+01,1.543664062500000078e+01
8.429000000000000000e+03,5.359497070312500000e+01,3.035000000000000142e+00,1.553999999999999915e+01,1.552742187499999993e+01
8.429100000000000364e+03,5.473022460937500000e+01,3.027499999999999858e+00,1.558000000000000007e+01,1.546125000000000149e+01
8.429200000000000728e+03,5.537109375000000000e+01,3.012500000000000178e+00,1.533000000000000007e+01,1.545687500000000014e+01
8.429299999999999272e+03,5.504150390625000000e+01,3.049999999999999822e+00,1.541000000000000014e+01,1.548968750000000050e+01
8.429399999999999636e+03,5.537109375000000000e+01,3.029999999999999805e+00,1.540000000000000036e+01,1.547929687500000107e+01
8.429500000000000000e+03,5.518798828125000000e+01,3.062500000000000000e+00,1.558000000000000007e+01,1.543937500000000007e+01
8.429600000000000364e+03,5.811767578125000000e+01,3.080000000000000071e+00,1.532000000000000028e+01,1.545031250000000078e+01
8.429700000000000728e+03,5.839233398437500000e+01,3.095000000000000195e+00,1.540000000000000036e+01,1.548914062500000099e+01
8.429799999999999272e+03,5.802612304687500000e+01,3.077500000000000124e+00,1.535999999999999943e+01,1.544921875000000000e+01
8.429899999999999636e+03,5.841064453125000000e+01,3.109999999999999876e+00,1.547000000000000064e+01,1.543226562500000121e+01
8.430000000000000000e+03,6.130371093750000000e+01,3.137500000000000178e+00,1.535999999999999943e+01,1.545906249999999993e+01
8.430100000000000364e+03,6.229248046875000000e+01,3.102500000000000036e+00,1.529999999999999893e+01,1.543828125000000107e+01
8.430200000000000728e+03,6.240234375000000000e+01,3.117500000000000160e+00,1.524000000000000021e+01,1.542679687500000085e+01
8.430299999999999272e+03,6.203613281250000000e+01,3.127499999999999947e+00,1.557000000000000028e+01,1.536828125000000078e+01
8.430399999999999636e+03,6.357421875000000000e+01,3.145000000000000018e+00,1.531000000000000050e+01,1.545414062500000085e+01
8.430500000000000000e+03,6.633911132812500000e+01,3.172499999999999876e+00,1.550999999999999979e+01,1.550007812499999993e+01
8.430600000000000364e+03,6.663208007812500000e+01,3.172499999999999876e+00,1.559999999999999964e+01,1.543773437500000156e+01
8.430700000000000728e+03,6.670532226562500000e+01,3.157500000000000195e+00,1.558750000000000036e+01,1.548585937500000043e+01
8.430799999999999272e+03,6.635742187500000000e+01,3.169999999999999929e+00,1.545999999999999908e+01,1.543718750000000028e+01
8.430899999999999636e+03,6.987304687500000000e+01,3.182500000000000107e+00,1.548000000000000043e+01,1.543500000000000050e+01
8.431000000000000000e+03,6.990966796875000000e+01,3.180000000000000160e+00,1.565000000000000036e+01,1.540492187500000121e+01
8.431100000000000364e+03,7.007446289062500000e+01,3.185000000000000053e+00,1.540000000000000036e+01,1.542570312500000007e+01
8.431200000000000728e+03,7.023925781250000000e+01,3.225000000000000089e+00,1.558999999999999986e+01,1.548421875000000014e+01
8.431299999999999272e+03,7.168579101562500000e+01,3.180000000000000160e+00,1.540000000000000036e+01,1.542187500000000000e+01
8.431399999999999636e+03,7.333374023437500000e+01,3.202500000000000124e+00,1.537999999999999901e+01,1.546125000000000149e+01
8.431500000000000000e+03,7.300415039062500000e+01,3.214999999999999858e+00,1.567999999999999972e+01,1.552304687500000036e+01
8.431600000000000364e+03,7.327880859375000000e+01,3.234999999999999876e+00,1.551999999999999957e+01,1.544101562500000036e+01
8.431700000000000728e+03,7.337036132812500000e+01,3.205000000000000071e+00,1.554999999999999893e+01,1.544648437500000071e+01
8.431799999999999272e+03,7.545776367187500000e+01,3.187500000000000000e+00,1.545999999999999908e+01,1.548367187500000064e+01
8.431899999999999636e+03,7.608032226562500000e+01,3.242500000000000160e+00,1.529999999999999893e+01,1.542460937500000107e+01
8.432000000000000000e+03,7.571411132812500000e+01,3.257499999999999840e+00,1.517999999999999972e+01,1.553781250000000114e+01
8.432100000000000364e+03,7.593383789062500000e+01,3.265000000000000124e+00,1.534999999999999964e+01,1.542078125000000099e+01
8.432200000000000728e+03,7.800292968750000000e+01,3.262500000000000178e+00,1.550999999999999979e+01,1.545851562500000043e+01
8.432299999999999272e+03,7.813110351562500000e+01,3.245000000000000107e+00,1.541000000000000014e+01,1.544867187500000050e+01
8.432399999999999636e+03,7.862548828125000000e+01,3.274999999999999911e+00,1.558000000000000007e+01,1.551156250000000014e+01
8.432500000000000000e+03,7.822265625000000000e+01,3.612499999999999822e+00,1.547000000000000064e+01,1.546562500000000107e+01
8.432600000000000364e+03,7.891845703125000000e+01,3.294999999999999929e+00,1.550000000000000000e+01,1.553617187500000085e+01
8.432700000000000728e+03,8.080444335937500000e+01,3.280000000000000249e+00,1.565000000000000036e+01,1.548039062500000007e+01
8.432799999999999272e+03,8.052978515625000000e+01,3.334999999999999964e+00,1.542750000000000021e+01,1.546398437500000078e+01
8.432899999999999636e+03,8.102416992187500000e+01,3.334999999999999964e+00,1.553749999999999964e+01,1.543828125000000107e+01
8.433000000000000000e+03,8.058471679687500000e+01,3.367500000000000160e+00,1.549000000000000021e+01,1.548093750000000135e+01
8.433100000000000364e+03,8.283691406250000000e+01,3.350000000000000089e+00,1.548000000000000043e+01,1.544867187500000050e+01
8.433200000000000728e+03,8.314819335937500000e+01,3.319999999999999840e+00,1.545999999999999908e+01,1.549570312500000036e+01
8.433299999999999272e+03,8.276367187500000000e+01,3.352500000000000036e+00,1.544999999999999929e+01,1.548585937500000043e+01
8.433399999999999636e+03,8.323974609375000000e+01,3.337499999999999911e+00,1.567999999999999972e+01,1.547109375000000142e+01
8.433500000000000000e+03,8.395385742187500000e+01,3.325000000000000178e+00,1.549000000000000021e+01,1.548312500000000114e+01
8.433600000000000364e+03,8.514404296875000000e+01,3.375000000000000000e+00,1.544999999999999929e+01,1.546890625000000163e+01
8.433700000000000728e+03,8.521728515625000000e+01,3.410000000000000142e+00,1.540000000000000036e+01,1.548148437500000085e+01
8.433799999999999272e+03,8.481445312500000000e+01,3.395000000000000018e+00,1.560999999999999943e+01,1.549187500000000028e+01
8.433899999999999636e+03,8.530883789062500000e+01,3.392500000000000071e+00,1.536999999999999922e+01,1.549515625000000085e+01
8.434000000000000000e+03,8.673706054687500000e+01,3.392500000000000071e+00,1.537999999999999901e+01,1.543828125000000107e+01
8.434100000000000364e+03,8.723144531250000000e+01,3.419999999999999929e+00,1.565000000000000036e+01,1.539671875000000156e+01
8.434200000000000728e+03,8.721313476562500000e+01,3.415000000000000036e+00,1.554999999999999893e+01,1.544156250000000163e+01
8.434299999999999272e+03,8.681030273437500000e+01,3.402499999999999858e+00,1.557000000000000028e+01,1.543117187500000043e+01
8.434399999999999636e+03,8.887939453125000000e+01,3.447499999999999787e+00,1.550000000000000000e+01,1.544867187500000050e+01
8.434500000000000000e+03,8.875122070312500000e+01,3.452500000000000124e+00,1.566000000000000014e+01,1.547820312500000028e+01
8.434600000000000364e+03,8.909912109375000000e+01,3.459999999999999964e+00,1.536999999999999922e+01,1.544867187500000050e+01
8.434700000000000728e+03,8.913574218750000000e+01,3.455000000000000071e+00,1.558000000000000007e+01,1.543390625000000149e+01
8.434799999999999272e+03,8.930053710937500000e+01,3.470000000000000195e+00,1.540000000000000036e+01,1.545304687500000007e+01
8.434899999999999636e+03,9.111328125000000000e+01,3.464999999999999858e+00,1.558000000000000007e+01,1.548804687500000021e+01
8.435000000000000000e+03,9.067382812500000000e+01,3.455000000000000071e+00,1.550999999999999979e+01,1.545468750000000036e+01
8.435100000000000364e+03,9.102172851562500000e+01,3.484999999999999876e+00,1.556000000000000050e+01,1.545906249999999993e+01
8.435200000000000728e+03,9.102172851562500000e+01,3.464999999999999858e+00,1.562999999999999901e+01,1.548367187500000064e+01
8.435299999999999272e+03,9.237670898437500000e+01,3.509999999999999787e+00,1.541000000000000014e+01,1.539671875000000156e+01
8.435399999999999636e+03,9.310913085937500000e+01,3.507500000000000284e+00,1.535999999999999943e+01,1.549242187500000156e+01
8.435500000000000000e+03,9.255981445312500000e+01,3.477500000000000036e+00,1.536999999999999922e+01,1.545414062500000085e+01
8.435600000000000364e+03,9.292602539062500000e+01,3.462499999999999911e+00,1.551999999999999957e+01,1.547710937500000128e+01
8.435700000000000728e+03,9.402465820312500000e+01,3.482499999999999929e+00,1.539000000000000057e+01,1.543335937500000021e+01
8.435799999999999272e+03,9.431762695312500000e+01,3.535000000000000142e+00,1.550999999999999979e+01,1.543007812500000142e+01
8.435899999999999636e+03,9.484863281250000000e+01,3.540000000000000036e+00,1.543999999999999950e+01,1.545851562500000043e+01
8.436000000000000000e+03,9.433593750000000000e+01,3.552500000000000213e+00,1.542999999999999972e+01,1.546343750000000128e+01
8.436100000000000364e+03,9.472045898437500000e+01,3.555000000000000160e+00,1.536749999999999972e+01,1.540382812500000043e+01
8.436200000000000728e+03,9.645996093750000000e+01,3.589999999999999858e+00,1.550999999999999979e+01,1.547218750000000043e+01
8.436299999999999272e+03,9.616699218750000000e+01,3.589999999999999858e+00,1.537999999999999901e+01,1.546507812500000156e+01
8.436399999999999636e+03,9.666137695312500000e+01,3.567499999999999893e+00,1.572000000000000064e+01,1.544976562500000128e+01
8.436500000000000000e+03,9.611206054687500000e+01,3.580000000000000071e+00,1.554999999999999893e+01,1.546289062500000000e+01
8.436600000000000364e+03,9.790649414062500000e+01,3.584999999999999964e+00,1.560999999999999943e+01,1.545960937500000121e+01
8.436700000000000728e+03,9.821777343750000000e+01,3.617500000000000160e+00,1.547000000000000064e+01,1.552085937500000057e+01
8.436799999999999272e+03,9.786987304687500000e+01,3.634999999999999787e+00,1.552999999999999936e+01,1.542789062500000163e+01
8.436899999999999636e+03,9.838256835937500000e+01,3.602500000000000036e+00,1.543999999999999950e+01,1.551210937500000142e+01
8.437000000000000000e+03,9.838256835937500000e+01,3.629999999999999893e+00,1.567999999999999972e+01,1.552468750000000064e+01
8.437100000000000364e+03,1.000122070312500000e+02,3.612499999999999822e+00,1.531000000000000050e+01,1.546343750000000128e+01
8.437200000000000728e+03,1.000305175781250000e+02,3.652499999999999858e+00,1.551999999999999957e+01,1.545304687500000007e+01
8.437299999999999272e+03,9.971923828125000000e+01,3.637500000000000178e+00,1.544999999999999929e+01,1.541804687499999993e+01
8.437399999999999636e+03,1.001770019531250000e+02,3.657499999999999751e+00,1.534999999999999964e+01,1.551757812500000000e+01
8.437500000000000000e+03,1.011474609375000000e+02,3.669999999999999929e+00,1.540000000000000036e+01,1.549898437500000092e+01
8.437600000000000364e+03,1.017883300781250000e+02,3.662500000000000089e+00,1.548000000000000043e+01,1.542515625000000057e+01
8.437700000000000728e+03,1.017150878906250000e+02,3.717500000000000249e+00,1.540000000000000036e+01,1.541257812500000135e+01
8.437799999999999272e+03,1.013671875000000000e+02,3.695000000000000284e+00,1.553999999999999915e+01,1.540109375000000114e+01
8.437899999999999636e+03,1.029418945312500000e+02,3.709999999999999964e+00,1.544999999999999929e+01,1.547164062500000092e+01
8.438000000000000000e+03,1.029602050781250000e+02,3.722500000000000142e+00,1.558000000000000007e+01,1.541421875000000163e+01
8.438100000000000364e+03,1.034362792968750000e+02,3.765000000000000124e+00,1.550999999999999979e+01,1.543500000000000050e+01
8.438200000000000728e+03,1.034362792968750000e+02,3.719999999999999751e+00,1.558999999999999986e+01,1.545851562500000043e+01
8.438299999999999272e+03,1.030883789062500000e+02,3.785000000000000142e+00,1.541000000000000014e+01,1.548421875000000014e+01
8.438399999999999636e+03,1.052856445312500000e+02,3.752499999999999947e+00,1.548000000000000043e+01,1.544593750000000121e+01
8.438500000000000000e+03,1.048095703125000000e+02,3.752499999999999947e+00,1.560999999999999943e+01,1.553671875000000036e+01
8.438600000000000364e+03,1.052673339843750000e+02,3.780000000000000249e+00,1.565000000000000036e+01,1.549296875000000107e+01
8.438700000000000728e+03,1.052307128906250000e+02,3.772499999999999964e+00,1.576999999999999957e+01,1.551484375000000071e+01
8.438799999999999272e+03,1.063293457031250000e+02,3.752499999999999947e+00,1.539000000000000057e+01,1.548312500000000114e+01
8.438899999999999636e+03,1.071166992187500000e+02,3.839999999999999858e+00,1.534999999999999964e+01,1.551648437500000099e+01
8.439000000000000000e+03,1.065307617187500000e+02,3.832500000000000018e+00,1.551999999999999957e+01,1.546398437500000078e+01
8.439100000000000364e+03,1.069885253906250000e+02,3.822499999999999787e+00,1.533999999999999986e+01,1.544812500000000099e+01
8.439200000000000728e+03,1.076293945312500000e+02,3.852500000000000036e+00,1.539000000000000057e+01,1.542953125000000014e+01
8.439299999999999272e+03,1.082702636718750000e+02,4.209999999999999964e+00,1.596250000000000036e+01,1.543992187500000135e+01
8.439399999999999636e+03,1.088012695312500000e+02,3.865000000000000213e+00,1.564000000000000057e+01,1.547273437499999993e+01
8.439500000000000000e+03,1.081970214843750000e+02,3.870000000000000107e+00,1.550999999999999979e+01,1.542570312500000007e+01
8.439600000000000364e+03,1.086914062500000000e+02,3.892500000000000071e+00,1.550000000000000000e+01,1.545742187500000142e+01
8.439700000000000728e+03,1.103027343750000000e+02,3.907499999999999751e+00,1.539000000000000057e+01,1.542296875000000078e+01
8.439799999999999272e+03,1.101013183593750000e+02,3.945000000000000284e+00,1.558999999999999986e+01,1.547656250000000000e+01
8.439899999999999636e+03,1.106323242187500000e+02,3.932500000000000107e+00,1.567999999999999972e+01,1.543062500000000092e+01
8.440000000000000000e+03,1.100463867187500000e+02,3.952500000000000124e+00,1.567999999999999972e+01,1.543062500000000092e+01
8.440100000000000364e+03,1.117309570312500000e+02,3.990000000000000213e+00,1.541999999999999993e+01,1.547656250000000000e+01
8.440200000000000728e+03,1.121887207031250000e+02,3.967500000000000249e+00,1.558999999999999986e+01,1.541914062500000071e+01
8.440299999999999272e+03,1.118957519531250000e+02,4.000000000000000000e+00,1.557000000000000028e+01,1.544757812500000149e+01
8.440399999999999636e+03,1.123901367187500000e+02,4.030000000000000249e+00,1.531000000000000050e+01,1.546453125000000028e+01
8.440500000000000000e+03,1.120239257812500000e+02,4.019999999999999574e+00,1.523000000000000043e+01,1.546125000000000149e+01
8.440600000000000364e+03,1.139465332031250000e+02,4.054999999999999716e+00,1.533999999999999986e+01,1.546343750000000128e+01
8.440700000000000728e+03,1.139099121093750000e+02,4.082499999999999574e+00,1.550999999999999979e+01,1.545304687500000007e+01
8.440799999999999272e+03,1.136169433593750000e+02,4.054999999999999716e+00,1.550000000000000000e+01,1.541585937500000014e+01
8.440899999999999636e+03,1.141296386718750000e+02,4.099999999999999645e+00,1.539000000000000057e+01,1.544812500000000099e+01
8.441000000000000000e+03,1.151550292968750000e+02,4.092500000000000249e+00,1.547000000000000064e+01,1.543882812500000057e+01
8.441100000000000364e+03,1.159057617187500000e+02,4.132500000000000284e+00,1.573000000000000043e+01,1.538140625000000128e+01
8.441200000000000728e+03,1.158325195312500000e+02,4.445624999999999716e+00,1.525999999999999979e+01,1.543992187500000135e+01
8.441299999999999272e+03,1.155212402343750000e+02,4.162499999999999645e+00,1.557000000000000028e+01,1.543445312500000099e+01
8.441399999999999636e+03,1.169494628906250000e+02,4.144999999999999574e+00,1.548000000000000043e+01,1.549789062500000014e+01
8.441500000000000000e+03,1.171508789062500000e+02,4.187500000000000000e+00,1.569999999999999929e+01,1.548804687500000021e+01
8.441600000000000364e+03,1.177185058593750000e+02,4.222500000000000142e+00,1.557000000000000028e+01,1.538523437500000135e+01
8.441700000000000728e+03,1.176269531250000000e+02,4.200000000000000178e+00,1.523000000000000043e+01,1.548312500000000114e+01
8.441799999999999272e+03,1.173522949218750000e+02,4.240000000000000213e+00,1.536999999999999922e+01,1.544210937500000114e+01
8.441899999999999636e+03,1.196044921875000000e+02,4.245000000000000107e+00,1.566999999999999993e+01,1.551374999999999993e+01
8.442000000000000000e+03,1.190917968750000000e+02,4.281875000000000320e+00,1.550000000000000000e+01,1.544703125000000021e+01
8.442100000000000364e+03,1.196411132812500000e+02,4.291249999999999787e+00,1.539000000000000057e+01,1.546781250000000085e+01
8.442200000000000728e+03,1.194763183593750000e+02,4.286249999999999893e+00,1.551999999999999957e+01,1.549898437500000092e+01
8.442299999999999272e+03,1.207763671875000000e+02,4.334999999999999964e+00,1.542750000000000021e+01,1.550773437500000007e+01
8.442399999999999636e+03,1.217285156250000000e+02,4.365000000000000213e+00,1.550999999999999979e+01,1.543226562500000121e+01
8.442500000000000000e+03,1.210693359375000000e+02,4.344999999999999751e+00,1.543999999999999950e+01,1.548859375000000149e+01
8.442600000000000364e+03,1.216735839843750000e+02,4.379999999999999893e+00,1.570999999999999908e+01,1.546507812500000156e+01
8.442700000000000728e+03,1.221313476562500000e+02,4.415000000000000036e+00,1.549000000000000021e+01,1.541968750000000021e+01
8.442799999999999272e+03,1.231750488281250000e+02,4.435000000000000497e+00,1.566999999999999993e+01,1.546398437500000078e+01
8.442899999999999636e+03,1.237609863281250000e+02,4.452500000000000568e+00,1.532000000000000028e+01,1.545742187500000142e+01
8.443000000000000000e+03,1.231018066406250000e+02,4.469999999999999751e+00,1.539000000000000057e+01,1.540437499999999993e+01
8.443100000000000364e+03,1.236511230468750000e+02,4.469999999999999751e+00,1.529999999999999893e+01,1.547273437499999993e+01
8.443200000000000728e+03,1.246948242187500000e+02,4.509999999999999787e+00,1.533750000000000036e+01,1.548968750000000050e+01
8.443299999999999272e+03,1.245483398437500000e+02,4.512500000000000178e+00,1.541000000000000014e+01,1.546890625000000163e+01
8.443399999999999636e+03,1.250427246093750000e+02,4.532499999999999751e+00,1.553999999999999915e+01,1.547929687500000107e+01
8.443500000000000000e+03,1.244201660156250000e+02,4.580000000000000071e+00,1.550999999999999979e+01,1.548531250000000092e+01
8.443600000000000364e+03,1.249694824218750000e+02,4.572499999999999787e+00,1.544999999999999929e+01,1.545359375000000135e+01
8.443700000000000728e+03,1.248046875000000000e+02,4.062499999999991118e-02,1.548000000000000043e+01,-9.296875000000071054e-02
8.443799999999999272e+03,1.245666503906250000e+02,2.562499999999978684e-02,1.548000000000000043e+01,-2.734375000001065814e-03
8.443899999999999636e+03,1.250793457031250000e+02,1.312500000000005329e-02,1.540000000000000036e+01,-6.835937500000088818e-02
8.444000000000000000e+03,1.244201660156250000e+02,5.562500000000003553e-02,1.533999999999999986e+01,2.843749999999900524e-02
8.444100000000000364e+03,1.249694824218750000e+02,-2.937499999999992895e-02,1.541999999999999993e+01,-1.968750000000074607e-02
8.444200000000000728e+03,1.248046875000000000e+02,4.812499999999975131e-02,1.552999999999999936e+01,-2.242187500000092371e-02
8.444299999999999272e+03,1.245666503906250000e+02,6.312499999999987566e-02,1.517999999999999972e+01,-5.031250000000042633e-02
8.444399999999999636e+03,1.250427246093750000e+02,4.812499999999975131e-02,1.522749999999999915e+01,-5.796875000000056843e-02
8.444500000000000000e+03,1.238525390625000000e+02,4.812499999999975131e-02,1.551999999999999957e+01,-5.960937500000085265e-02
8.444600000000000364e+03,1.242187500000000000e+02,5.312500000000008882e-02,1.556000000000000050e+01,1.804687499999957367e-02
8.444700000000000728e+03,1.240905761718750000e+02,4.562499999999980460e-02,1.537999999999999901e+01,-5.687500000000067502e-02
8.444799999999999272e+03,1.238525390625000000e+02,4.312499999999985789e-02,1.533000000000000007e+01,-4.921875000000852651e-03
8.444899999999999636e+03,1.235778808593750000e+02,4.062499999999991118e-02,1.551999999999999957e+01,-1.203125000000060396e-02
8.445000000000000000e+03,1.213989257812500000e+02,-6.874999999999964473e-03,1.535999999999999943e+01,-4.648437500000035527e-02
8.445100000000000364e+03,1.219848632812500000e+02,3.062500000000012434e-02,1.550000000000000000e+01,-4.921875000000053291e-02
8.445200000000000728e+03,1.218566894531250000e+02,4.812499999999975131e-02,1.554999999999999893e+01,-3.500000000000103029e-02
8.445299999999999272e+03,1.215087890625000000e+02,5.812499999999998224e-02,1.554999999999999893e+01,-5.742187500000106581e-02
8.445399999999999636e+03,1.185058593750000000e+02,2.312499999999984013e-02,1.533000000000000007e+01,2.187499999999964473e-02
8.445500000000000000e+03,1.176452636718750000e+02,-1.056249999999998579e-01,1.559999999999999964e+01,-7.164062500000056843e-02
8.445600000000000364e+03,1.180847167968750000e+02,6.312499999999987566e-02,1.550000000000000000e+01,-5.195312500000071054e-02
8.445700000000000728e+03,1.180297851562500000e+02,3.562500000000001776e-02,1.565000000000000036e+01,-5.468750000003907985e-04
8.445799999999999272e+03,1.147338867187500000e+02,6.062499999999992895e-02,1.549750000000000050e+01,-8.148437500000049738e-02
8.445899999999999636e+03,1.139831542968750000e+02,4.312499999999985789e-02,1.529999999999999893e+01,-3.007812500000106581e-02
8.446000000000000000e+03,1.132873535156250000e+02,3.562500000000001776e-02,1.547000000000000064e+01,-2.953125000000067502e-02
8.446100000000000364e+03,1.138183593750000000e+02,5.812499999999998224e-02,1.559999999999999964e+01,-1.093750000000071054e-02
8.446200000000000728e+03,1.135070800781250000e+02,2.062499999999989342e-02,1.569999999999999929e+01,-3.007812500000106581e-02
8.446299999999999272e+03,1.099365234375000000e+02,1.812499999999994671e-02,1.537999999999999901e+01,-5.359375000000099476e-02
8.446399999999999636e+03,1.103576660156250000e+02,1.062500000000010658e-02,1.559999999999999964e+01,5.031249999999953815e-02
8.446500000000000000e+03,1.096984863281250000e+02,7.062500000000015987e-02,1.550999999999999979e+01,-8.531250000000056843e-02
8.446600000000000364e+03,1.102111816406250000e+02,4.062499999999991118e-02,1.556000000000000050e+01,-1.421875000000039080e-02
8.446700000000000728e+03,1.076110839843750000e+02,3.312500000000007105e-02,1.537999999999999901e+01,-6.179687500000063949e-02
8.446799999999999272e+03,1.068603515625000000e+02,3.312500000000007105e-02,1.546749999999999936e+01,-6.070312500000074607e-02
8.446899999999999636e+03,1.073547363281250000e+02,3.062500000000012434e-02,1.525999999999999979e+01,-1.367187500000088818e-02
8.447000000000000000e+03,1.067138671875000000e+02,4.562499999999980460e-02,1.533999999999999986e+01,-2.132812500000103029e-02
8.447100000000000364e+03,1.060180664062500000e+02,5.062500000000014211e-02,1.543999999999999950e+01,-3.281250000000568434e-03
8.447200000000000728e+03,1.044982910156250000e+02,3.562500000000001776e-02,1.550000000000000000e+01,-8.750000000000035527e-02
8.447299999999999272e+03,1.040954589843750000e+02,6.062499999999992895e-02,1.547000000000000064e+01,1.093749999999005240e-03
8.447399999999999636e+03,1.046081542968750000e+02,4.562499999999980460e-02,1.557750000000000057e+01,-5.796875000000056843e-02
8.447500000000000000e+03,1.040222167968750000e+02,2.312499999999984013e-02,1.547000000000000064e+01,-2.187500000000053291e-02
8.447600000000000364e+03,1.022827148437500000e+02,7.062500000000015987e-02,1.552999999999999936e+01,-2.296875000000042633e-02
8.447700000000000728e+03,1.020263671875000000e+02,3.812499999999996447e-02,1.541000000000000014e+01,-4.320312500000067502e-02
8.447799999999999272e+03,1.016601562500000000e+02,3.562500000000001776e-02,1.560999999999999943e+01,5.468749999995026201e-04
8.447899999999999636e+03,1.022094726562500000e+02,3.812499999999996447e-02,1.547000000000000064e+01,-6.289062500000053291e-02
8.448000000000000000e+03,1.001586914062500000e+02,4.312499999999985789e-02,1.532000000000000028e+01,-4.156250000000039080e-02
8.448100000000000364e+03,9.999389648437500000e+01,1.812499999999994671e-02,1.550000000000000000e+01,-2.679687500000049738e-02
8.448200000000000728e+03,9.993896484375000000e+01,3.562500000000001776e-02,1.567999999999999972e+01,-4.046875000000049738e-02
8.448299999999999272e+03,9.964599609375000000e+01,3.562500000000001776e-02,1.558999999999999986e+01,-4.375000000000106581e-02
8.448399999999999636e+03,9.992065429687500000e+01,4.062499999999991118e-02,1.552999999999999936e+01,-3.882812500000110134e-02
8.448500000000000000e+03,9.761352539062500000e+01,5.812499999999998224e-02,1.558999999999999986e+01,-2.351562500000081712e-02
8.448600000000000364e+03,9.801635742187500000e+01,4.812499999999975131e-02,1.533999999999999986e+01,-2.898437500000028422e-02
8.448700000000000728e+03,9.796142578125000000e+01,5.312500000000008882e-02,1.537999999999999901e+01,-8.203125000000088818e-02
8.448799999999999272e+03,9.757690429687500000e+01,5.812499999999998224e-02,1.540000000000000036e+01,-3.609375000000092371e-02
8.448899999999999636e+03,9.655151367187500000e+01,4.062499999999991118e-02,1.550000000000000000e+01,3.718749999999904077e-02
8.449000000000000000e+03,9.578247070312500000e+01,5.562500000000003553e-02,1.541000000000000014e+01,-6.015625000000746070e-03
8.449100000000000364e+03,9.611206054687500000e+01,2.562499999999978684e-02,1.533999999999999986e+01,6.562499999999360512e-03
8.449200000000000728e+03,9.613037109375000000e+01,5.562500000000003553e-02,1.564000000000000057e+01,-7.601562500000103029e-02
8.449299999999999272e+03,9.505004882812500000e+01,2.062499999999989342e-02,1.560999999999999943e+01,2.734374999999289457e-03
8.449399999999999636e+03,9.461059570312500000e+01,2.312499999999984013e-02,1.540000000000000036e+01,-1.093750000000781597e-03
8.449500000000000000e+03,9.406127929687500000e+01,6.062499999999992895e-02,1.541999999999999993e+01,-4.429687500000056843e-02
8.449600000000000364e+03,9.444580078125000000e+01,4.062499999999991118e-02,1.564000000000000057e+01,-1.257812500000099476e-02
8.449700000000000728e+03,9.442749023437500000e+01,3.062500000000012434e-02,1.531000000000000050e+01,5.468749999999467093e-03
8.449799999999999272e+03,9.252319335937500000e+01,3.562500000000001776e-02,1.566000000000000014e+01,-2.789062500000039080e-02
8.449899999999999636e+03,9.288940429687500000e+01,3.062500000000012434e-02,1.556749999999999901e+01,-2.679687500000049738e-02
8.450000000000000000e+03,9.234008789062500000e+01,5.562500000000003553e-02,1.549000000000000021e+01,-1.203125000000060396e-02
8.450100000000000364e+03,9.274291992187500000e+01,5.062500000000014211e-02,1.558000000000000007e+01,-6.343750000000092371e-02
8.450200000000000728e+03,9.168090820312500000e+01,5.312500000000008882e-02,1.556000000000000050e+01,-3.007812500000106581e-02
8.450299999999999272e+03,9.083862304687500000e+01,6.562499999999982236e-02,1.557000000000000028e+01,-2.734375000000088818e-02
8.450399999999999636e+03,9.136962890625000000e+01,2.062499999999989342e-02,1.558000000000000007e+01,-3.007812500000106581e-02
8.450500000000000000e+03,9.083862304687500000e+01,5.562500000000003553e-02,1.540000000000000036e+01,-6.562500000000071054e-02
8.450600000000000364e+03,9.107666015625000000e+01,1.312500000000005329e-02,1.552999999999999936e+01,-8.750000000000923706e-03
8.450700000000000728e+03,8.979492187500000000e+01,4.562499999999980460e-02,1.554999999999999893e+01,-5.687500000000067502e-02
8.450799999999999272e+03,8.935546875000000000e+01,5.812499999999998224e-02,1.539000000000000057e+01,1.093749999999005240e-03
8.450899999999999636e+03,8.984985351562500000e+01,4.062499999999991118e-02,1.558000000000000007e+01,6.015624999998969713e-03
8.451000000000000000e+03,8.937377929687500000e+01,4.562499999999980460e-02,1.545999999999999908e+01,-5.468750000000355271e-03
8.451100000000000364e+03,8.853149414062500000e+01,2.812499999999973355e-02,1.533999999999999986e+01,-4.375000000000106581e-02
8.451200000000000728e+03,8.833007812500000000e+01,1.812499999999994671e-02,1.557000000000000028e+01,-7.109375000000106581e-02
8.451299999999999272e+03,8.798217773437500000e+01,5.812499999999998224e-02,1.552999999999999936e+01,-9.843750000000817124e-03
8.451399999999999636e+03,8.849487304687500000e+01,2.562499999999978684e-02,1.562999999999999901e+01,-1.695312500000056843e-02
8.451500000000000000e+03,8.739624023437500000e+01,5.062500000000014211e-02,1.549000000000000021e+01,-5.031250000000042633e-02
8.451600000000000364e+03,8.684692382812500000e+01,6.562499999999982236e-02,1.541000000000000014e+01,-5.468750000003907985e-04
8.451700000000000728e+03,8.682861328125000000e+01,7.312500000000010658e-02,1.562999999999999901e+01,-2.843750000000078160e-02
8.451799999999999272e+03,8.648071289062500000e+01,3.812499999999996447e-02,1.535999999999999943e+01,-4.648437500000035527e-02
8.451899999999999636e+03,8.695678710937500000e+01,4.062499999999991118e-02,1.559750000000000014e+01,-6.562500000000248690e-03
8.452000000000000000e+03,8.530883789062500000e+01,5.562500000000003553e-02,1.526750000000000007e+01,3.226562499999907629e-02
8.452100000000000364e+03,8.549194335937500000e+01,2.812499999999973355e-02,1.539000000000000057e+01,-4.703125000000074607e-02
8.452200000000000728e+03,8.554687500000000000e+01,5.062500000000014211e-02,1.540000000000000036e+01,-1.695312500000056843e-02
8.452299999999999272e+03,8.516235351562500000e+01,3.562500000000001776e-02,1.549750000000000050e+01,-8.203125000000532907e-03
8.452399999999999636e+03,8.468627929687500000e+01,3.812499999999996447e-02,1.559999999999999964e+01,7.656249999999253930e-03
8.452500000000000000e+03,8.380737304687500000e+01,7.562500000000005329e-02,1.545999999999999908e+01,-5.742187500000106581e-02
8.452600000000000364e+03,8.411865234375000000e+01,5.062500000000014211e-02,1.552999999999999936e+01,-1.312500000000049738e-02
8.452700000000000728e+03,8.413696289062500000e+01,2.812499999999973355e-02,1.560999999999999943e+01,-7.000000000000028422e-02
8.452799999999999272e+03,8.371582031250000000e+01,5.812499999999998224e-02,1.542999999999999972e+01,3.992187499999921840e-02
8.452899999999999636e+03,8.300170898437500000e+01,1.562500000000000000e-02,1.551750000000000007e+01,-1.859375000000085265e-02
8.453000000000000000e+03,8.248901367187500000e+01,1.062500000000010658e-02,1.562999999999999901e+01,3.828124999999182876e-03
8.453100000000000364e+03,8.281860351562500000e+01,5.624999999999769074e-03,1.536999999999999922e+01,-4.210937500000078160e-02
8.453200000000000728e+03,8.283691406250000000e+01,7.312500000000010658e-02,1.553999999999999915e+01,-3.992187500000099476e-02
8.453299999999999272e+03,8.135375976562500000e+01,3.562500000000001776e-02,1.540000000000000036e+01,-7.054687500000067502e-02
8.453399999999999636e+03,8.162841796875000000e+01,2.312499999999984013e-02,1.566000000000000014e+01,-3.992187500000099476e-02
8.453500000000000000e+03,8.118896484375000000e+01,3.062500000000012434e-02,1.533999999999999986e+01,-1.914062500000035527e-02
8.453600000000000364e+03,8.148193359375000000e+01,8.124999999999715783e-03,1.551999999999999957e+01,-2.734375000000088818e-02
8.453700000000000728e+03,8.100585937500000000e+01,5.562500000000003553e-02,1.529999999999999893e+01,-3.718750000000081712e-02
8.453799999999999272e+03,7.990722656250000000e+01,4.062499999999991118e-02,1.533999999999999986e+01,-4.812500000000063949e-02
8.453899999999999636e+03,8.034667968750000000e+01,4.812499999999975131e-02,1.547000000000000064e+01,-4.867187500000103029e-02
8.454000000000000000e+03,7.990722656250000000e+01,5.312500000000008882e-02,1.547000000000000064e+01,8.749999999999147349e-03
8.454100000000000364e+03,8.020019531250000000e+01,7.062500000000015987e-02,1.548000000000000043e+01,-2.570312500000060396e-02
8.454200000000000728e+03,7.917480468750000000e+01,3.312500000000007105e-02,1.556000000000000050e+01,-6.562500000000248690e-03
8.454299999999999272e+03,7.869873046875000000e+01,5.312500000000008882e-02,1.551999999999999957e+01,1.039062499999943157e-02
8.454399999999999636e+03,7.911987304687500000e+01,4.562499999999980460e-02,1.541000000000000014e+01,-2.625000000000099476e-02
8.454500000000000000e+03,7.871704101562500000e+01,3.062500000000012434e-02,1.543999999999999950e+01,-2.132812500000103029e-02
8.454600000000000364e+03,7.833251953125000000e+01,5.562500000000003553e-02,1.548000000000000043e+01,-2.734375000000088818e-02
8.454700000000000728e+03,7.800292968750000000e+01,2.312499999999984013e-02,1.534999999999999964e+01,-6.179687500000063949e-02
8.454799999999999272e+03,7.756347656250000000e+01,5.812499999999998224e-02,1.519999999999999929e+01,-3.882812500000110134e-02
8.454899999999999636e+03,7.802124023437500000e+01,2.312499999999984013e-02,1.543999999999999950e+01,-8.881784197001252323e-16
8.455000000000000000e+03,7.760009765625000000e+01,-4.375000000000017764e-03,1.542999999999999972e+01,-7.328125000000085265e-02
8.455100000000000364e+03,7.672119140625000000e+01,7.062500000000015987e-02,1.556000000000000050e+01,7.109374999999751310e-03
8.455200000000000728e+03,7.672119140625000000e+01,6.062499999999992895e-02,1.533999999999999986e+01,-1.367187500000088818e-02
8.455299999999999272e+03,7.637329101562500000e+01,4.812499999999975131e-02,1.548000000000000043e+01,-3.828125000000071054e-02
8.455399999999999636e+03,7.679443359375000000e+01,7.062500000000015987e-02,1.534999999999999964e+01,-6.945312500000078160e-02
8.455500000000000000e+03,7.553100585937500000e+01,7.062500000000015987e-02,1.559999999999999964e+01,-2.625000000000099476e-02
8.455600000000000364e+03,7.558593750000000000e+01,4.062499999999991118e-02,1.549000000000000021e+01,-5.468750000000088818e-02
8.455700000000000728e+03,7.560424804687500000e+01,5.812499999999998224e-02,1.558999999999999986e+01,1.531249999999939604e-02
8.455799999999999272e+03,7.525634765625000000e+01,3.812499999999996447e-02,1.541750000000000043e+01,-8.968750000000103029e-02
8.455899999999999636e+03,7.542114257812500000e+01,5.312500000000008882e-02,1.569999999999999929e+01,-7.218750000000095923e-02
8.456000000000000000e+03,7.426757812500000000e+01,1.812499999999994671e-02,1.565000000000000036e+01,-6.125000000000024869e-02
8.456100000000000364e+03,7.450561523437500000e+01,4.562499999999980460e-02,1.541999999999999993e+01,-2.898437500000028422e-02
8.456200000000000728e+03,7.456054687500000000e+01,1.562500000000000000e-02,1.559999999999999964e+01,-2.296875000000042633e-02
8.456299999999999272e+03,7.417602539062500000e+01,4.562499999999980460e-02,1.549000000000000021e+01,-2.351562500000081712e-02
8.456399999999999636e+03,7.371826171875000000e+01,4.062499999999991118e-02,1.545999999999999908e+01,-6.234375000000103029e-02
8.456500000000000000e+03,7.322387695312500000e+01,4.312499999999985789e-02,1.573000000000000043e+01,-4.320312500000067502e-02
8.456600000000000364e+03,7.348022460937500000e+01,3.312500000000007105e-02,1.548000000000000043e+01,-1.186718750000004263e-01
8.456700000000000728e+03,7.351684570312500000e+01,1.562500000000000000e-02,1.542999999999999972e+01,-2.406250000000031974e-02
8.456799999999999272e+03,7.250976562500000000e+01,5.874999999999999112e-01,1.542999999999999972e+01,-1.640625000000284217e-03
8.456899999999999636e+03,7.252807617187500000e+01,1.312500000000005329e-02,1.566999999999999993e+01,-9.898437500000056843e-02
8.457000000000000000e+03,7.214355468750000000e+01,2.562499999999978684e-02,1.550000000000000000e+01,-7.656250000000053291e-02
8.457100000000000364e+03,7.236328125000000000e+01,2.812499999999973355e-02,1.551999999999999957e+01,1.859374999999907629e-02
8.457200000000000728e+03,7.243652343750000000e+01,7.562500000000005329e-02,1.522000000000000064e+01,-7.000000000000028422e-02
8.457299999999999272e+03,7.108154296875000000e+01,5.812499999999998224e-02,1.558000000000000007e+01,-4.210937500000078160e-02
8.457399999999999636e+03,7.148437500000000000e+01,2.562499999999978684e-02,1.566000000000000014e+01,-2.351562500000081712e-02
8.457500000000000000e+03,7.111816406250000000e+01,4.812499999999975131e-02,1.543999999999999950e+01,-1.203125000000060396e-02
8.457600000000000364e+03,7.133789062500000000e+01,-9.374999999999911182e-03,1.529999999999999893e+01,-5.195312500000071054e-02
8.457700000000000728e+03,7.062377929687500000e+01,3.562500000000001776e-02,1.549000000000000021e+01,-3.773437500000031974e-02
8.457799999999999272e+03,7.007446289062500000e+01,2.312499999999984013e-02,1.560999999999999943e+01,-2.679687500000049738e-02
8.457899999999999636e+03,7.049560546875000000e+01,1.562500000000000000e-02,1.566000000000000014e+01,-5.468750000000355271e-03
8.458000000000000000e+03,7.012939453125000000e+01,5.312500000000008882e-02,1.541999999999999993e+01,-2.679687500000049738e-02
8.458100000000000364e+03,7.022094726562500000e+01,4.312499999999985789e-02,1.545999999999999908e+01,-7.328125000000085265e-02
8.458200000000000728e+03,6.956176757812500000e+01,3.062500000000012434e-02,1.533999999999999986e+01,-5.304687500000060396e-02
8.458299999999999272e+03,6.915893554687500000e+01,3.062500000000012434e-02,1.537999999999999901e+01,1.257812499999921840e-02
8.458399999999999636e+03,6.958007812500000000e+01,5.812499999999998224e-02,1.557000000000000028e+01,-4.867187500000103029e-02
8.458500000000000000e+03,6.925048828125000000e+01,7.062500000000015987e-02,1.549000000000000021e+01,-1.968750000000074607e-02
8.458600000000000364e+03,6.857299804687500000e+01,5.062500000000014211e-02,1.550000000000000000e+01,-5.468750000000355271e-03
8.458700000000000728e+03,6.853637695312500000e+01,5.812499999999998224e-02,1.551999999999999957e+01,-6.398437500000042633e-02
8.458799999999999272e+03,6.817016601562500000e+01,4.312499999999985789e-02,1.553999999999999915e+01,1.968749999999896971e-02
8.458899999999999636e+03,6.859130859375000000e+01,2.812499999999973355e-02,1.548000000000000043e+01,-5.523437500000039080e-02
8.459000000000000000e+03,6.776733398437500000e+01,5.062500000000014211e-02,1.581499999999999950e+01,-4.046875000000049738e-02
8.459100000000000364e+03,6.756591796875000000e+01,4.062499999999991118e-02,1.537999999999999901e+01,-1.695312500000056843e-02
8.459200000000000728e+03,6.763916015625000000e+01,4.312499999999985789e-02,1.547000000000000064e+01,2.023437499999936051e-02
8.459299999999999272e+03,6.727294921875000000e+01,2.312499999999984013e-02,1.542999999999999972e+01,-2.789062500000039080e-02
8.459399999999999636e+03,6.767578125000000000e+01,3.562500000000001776e-02,1.558000000000000007e+01,-5.687500000000067502e-02
8.459500000000000000e+03,6.654052734375000000e+01,6.312499999999987566e-02,1.531000000000000050e+01,7.109374999999751310e-03
8.459600000000000364e+03,6.665039062500000000e+01,3.812499999999996447e-02,1.559999999999999964e+01,-2.734375000000088818e-02
8.459700000000000728e+03,6.674194335937500000e+01,1.812499999999994671e-02,1.557000000000000028e+01,-4.593750000000085265e-02
8.459799999999999272e+03,6.635742187500000000e+01,5.312500000000008882e-02,1.534750000000000014e+01,-4.812500000000063949e-02
8.459899999999999636e+03,6.613769531250000000e+01,7.125000000000003553e-02,1.547000000000000064e+01,-4.867187500000103029e-02
8.460000000000000000e+03,6.555175781250000000e+01,5.562500000000003553e-02,1.556000000000000050e+01,-2.242187500000092371e-02
8.460100000000000364e+03,6.575317382812500000e+01,1.312500000000005329e-02,1.534999999999999964e+01,-4.867187500000103029e-02
8.460200000000000728e+03,6.582641601562500000e+01,2.812499999999973355e-02,1.561999999999999922e+01,2.624999999999921840e-02
8.460299999999999272e+03,6.544189453125000000e+01,3.562500000000001776e-02,1.558999999999999986e+01,-7.820312500000081712e-02
8.460399999999999636e+03,6.511230468750000000e+01,3.562500000000001776e-02,1.529999999999999893e+01,-1.367187500000088818e-02
8.460500000000000000e+03,6.474609375000000000e+01,3.562500000000001776e-02,1.550000000000000000e+01,-6.781250000000049738e-02
8.460600000000000364e+03,6.494750976562500000e+01,3.812499999999996447e-02,1.544999999999999929e+01,-2.242187500000092371e-02
8.460700000000000728e+03,6.502075195312500000e+01,2.812499999999973355e-02,1.542999999999999972e+01,-3.062500000000056843e-02
8.460799999999999272e+03,6.395874023437500000e+01,4.312499999999985789e-02,1.554999999999999893e+01,-2.351562500000081712e-02
8.460899999999999636e+03,6.427001953125000000e+01,2.562499999999978684e-02,1.548749999999999893e+01,8.203124999999644729e-03
8.461000000000000000e+03,6.395874023437500000e+01,3.312500000000007105e-02,1.527749999999999986e+01,-1.531250000000028422e-02
8.461100000000000364e+03,6.414184570312500000e+01,2.562499999999978684e-02,1.557000000000000028e+01,-9.843750000000817124e-03
8.461200000000000728e+03,6.386718750000000000e+01,1.812499999999994671e-02,1.558000000000000007e+01,-6.343750000000092371e-02
8.461299999999999272e+03,6.304321289062500000e+01,5.562500000000003553e-02,1.553999999999999915e+01,2.734374999999289457e-03
8.461399999999999636e+03,6.346435546875000000e+01,4.812499999999975131e-02,1.543750000000000000e+01,-2.734375000000088818e-02
8.461500000000000000e+03,6.315307617187500000e+01,4.312499999999985789e-02,1.521749999999999936e+01,-6.015625000000035527e-02
8.461600000000000364e+03,6.329956054687500000e+01,4.562499999999980460e-02,1.536999999999999922e+01,-2.406250000000031974e-02
8.461700000000000728e+03,6.267700195312500000e+01,5.312500000000008882e-02,1.560999999999999943e+01,-3.445312500000063949e-02
8.461799999999999272e+03,6.225585937500000000e+01,4.812499999999975131e-02,1.544999999999999929e+01,-8.695312500000085265e-02
8.461899999999999636e+03,6.267700195312500000e+01,4.062499999999991118e-02,1.547000000000000064e+01,-2.734375000000088818e-02
8.462000000000000000e+03,6.236572265625000000e+01,6.312499999999987566e-02,1.548000000000000043e+01,-5.140625000000031974e-02
8.462100000000000364e+03,6.198120117187500000e+01,3.812499999999996447e-02,1.566000000000000014e+01,-1.312500000000049738e-02
8.462200000000000728e+03,6.179809570312500000e+01,1.812499999999994671e-02,1.572250000000000014e+01,-1.257812500000099476e-02
8.462299999999999272e+03,6.146850585937500000e+01,5.312500000000008882e-02,1.537999999999999901e+01,-3.554687500000053291e-02
8.462399999999999636e+03,6.183471679687500000e+01,1.312500000000005329e-02,1.547000000000000064e+01,1.148437499999932498e-02
8.462500000000000000e+03,6.157836914062500000e+01,5.062500000000014211e-02,1.541000000000000014e+01,4.046874999999960920e-02
8.462600000000000364e+03,6.097412109375000000e+01,4.812499999999975131e-02,1.539000000000000057e+01,-6.453125000000081712e-02
8.462700000000000728e+03,6.102905273437500000e+01,4.562499999999980460e-02,1.566000000000000014e+01,-7.765625000000042633e-02
8.462799999999999272e+03,6.069946289062500000e+01,3.062500000000012434e-02,1.540000000000000036e+01,-4.539062500000046185e-02
8.462899999999999636e+03,6.102905273437500000e+01,3.124999999999822364e-03,1.532000000000000028e+01,-2.515625000000110134e-02
8.463000000000000000e+03,6.022338867187500000e+01,5.062500000000014211e-02,1.558000000000000007e+01,-6.179687500000063949e-02
8.463100000000000364e+03,6.022338867187500000e+01,4.562499999999980460e-02,1.534999999999999964e+01,-3.937500000000060396e-02
8.463200000000000728e+03,6.031494140625000000e+01,2.812499999999973355e-02,1.553999999999999915e+01,-2.625000000000099476e-02
8.463299999999999272e+03,5.994873046875000000e+01,2.312499999999984013e-02,1.545999999999999908e+01,-9.296875000000071054e-02
8.463399999999999636e+03,6.015014648437500000e+01,6.312499999999987566e-02,1.542999999999999972e+01,-2.843750000000078160e-02
8.463500000000000000e+03,5.939941406250000000e+01,4.312499999999985789e-02,1.541999999999999993e+01,-1.914062500000035527e-02
8.463600000000000364e+03,5.954589843750000000e+01,4.812499999999975131e-02,1.534999999999999964e+01,1.093749999999893419e-02
8.463700000000000728e+03,5.960083007812500000e+01,6.062499999999992895e-02,1.529999999999999893e+01,3.609374999999914735e-02
8.463799999999999272e+03,5.927124023437500000e+01,4.812499999999975131e-02,1.538749999999999929e+01,-8.750000000000923706e-03
8.463899999999999636e+03,5.903320312500000000e+01,4.812499999999975131e-02,1.540000000000000036e+01,-5.085937500000081712e-02
8.464000000000000000e+03,5.870361328125000000e+01,4.312499999999985789e-02,1.551999999999999957e+01,2.734374999999289457e-03
8.464100000000000364e+03,5.883178710937500000e+01,3.124999999999822364e-03,1.541000000000000014e+01,-7.984375000000110134e-02
8.464200000000000728e+03,5.888671875000000000e+01,5.562500000000003553e-02,1.542999999999999972e+01,5.468749999999467093e-03
8.464299999999999272e+03,5.820922851562500000e+01,-1.499999999999999112e-01,1.532750000000000057e+01,-5.906250000000046185e-02
8.464399999999999636e+03,5.824584960937500000e+01,1.812499999999994671e-02,1.543999999999999950e+01,-2.953125000000067502e-02
8.464500000000000000e+03,5.795288085937500000e+01,7.062500000000015987e-02,1.542999999999999972e+01,-9.242187500000031974e-02
8.464600000000000364e+03,5.809936523437500000e+01,2.562499999999978684e-02,1.551999999999999957e+01,-2.296875000000042633e-02
8.464700000000000728e+03,5.819091796875000000e+01,2.562499999999978684e-02,1.536999999999999922e+01,-1.192187500000008171e-01
8.464799999999999272e+03,5.723876953125000000e+01,1.562500000000000000e-02,1.566999999999999993e+01,-1.531250000000028422e-02
8.464899999999999636e+03,5.753173828125000000e+01,6.312499999999987566e-02,1.526999999999999957e+01,-9.296875000000426326e-03
8.465000000000000000e+03,5.729370117187500000e+01,1.312500000000005329e-02,1.584500000000000064e+01,-2.679687500000049738e-02
8.465100000000000364e+03,5.740356445312500000e+01,4.062499999999991118e-02,1.565000000000000036e+01,-3.281250000000035527e-02
8.465200000000000728e+03,5.696411132812500000e+01,2.562499999999978684e-02,1.554999999999999893e+01,-3.882812500000110134e-02
8.465299999999999272e+03,5.648803710937500000e+01,2.062499999999989342e-02,1.545999999999999908e+01,-1.914062500000035527e-02
8.465399999999999636e+03,5.685424804687500000e+01,8.812499999999978684e-02,1.540000000000000036e+01,-1.750000000000095923e-02
8.465500000000000000e+03,5.661621093750000000e+01,4.812499999999975131e-02,1.525999999999999979e+01,2.734374999999289457e-03
8.465600000000000364e+03,5.665283203125000000e+01,4.312499999999985789e-02,1.558000000000000007e+01,-4.867187500000103029e-02
8.465700000000000728e+03,5.623168945312500000e+01,8.124999999999715783e-03,1.564000000000000057e+01,-3.445312500000063949e-02
8.465799999999999272e+03,5.588378906250000000e+01,5.812499999999998224e-02,1.528999999999999915e+01,-4.648437500000035527e-02
8.465899999999999636e+03,5.623168945312500000e+01,6.250000000000088818e-03,1.558000000000000007e+01,-1.859375000000085265e-02
8.466000000000000000e+03,5.601196289062500000e+01,2.312499999999984013e-02,1.539000000000000057e+01,-3.281250000000035527e-02
8.466100000000000364e+03,5.557250976562500000e+01,2.062499999999989342e-02,1.547000000000000064e+01,-3.335937500000074607e-02
8.466200000000000728e+03,5.548095703125000000e+01,5.562500000000003553e-02,1.562999999999999901e+01,-2.789062500000039080e-02
8.466299999999999272e+03,5.518798828125000000e+01,3.312500000000007105e-02,1.541000000000000014e+01,-3.828125000000959233e-03
8.466399999999999636e+03,5.553588867187500000e+01,3.062500000000012434e-02,1.566999999999999993e+01,-6.726562500000099476e-02
8.466500000000000000e+03,5.507812500000000000e+01,4.312499999999985789e-02,1.545999999999999908e+01,-1.192187500000008171e-01
8.466600000000000364e+03,5.480346679687500000e+01,5.062500000000014211e-02,1.545999999999999908e+01,-9.132812500000042633e-02
8.466700000000000728e+03,5.487670898437500000e+01,3.312500000000007105e-02,1.535999999999999943e+01,-9.296875000000426326e-03
8.466799999999999272e+03,5.456542968750000000e+01,3.312500000000007105e-02,1.580749999999999922e+01,-3.171875000000046185e-02
8.466899999999999636e+03,5.493164062500000000e+01,5.562500000000003553e-02,1.574000000000000021e+01,-5.906250000000046185e-02
8.467000000000000000e+03,5.414428710937500000e+01,7.062500000000015987e-02,1.559999999999999964e+01,-8.914062500000063949e-02
8.467100000000000364e+03,5.421752929687500000e+01,6.812499999999976907e-02,1.549000000000000021e+01,-2.679687500000049738e-02
8.467200000000000728e+03,5.427246093750000000e+01,4.812499999999975131e-02,1.548000000000000043e+01,-3.117187500000095923e-02
8.467299999999999272e+03,5.399780273437500000e+01,1.312500000000005329e-02,1.557000000000000028e+01,-5.359375000000099476e-02
8.467399999999999636e+03,5.394287109375000000e+01,5.812499999999998224e-02,1.566000000000000014e+01,-3.390625000000024869e-02
8.467500000000000000e+03,5.350341796875000000e+01,2.062499999999989342e-02,1.536999999999999922e+01,-3.773437500000031974e-02
8.467600000000000364e+03,5.361328125000000000e+01,6.062499999999992895e-02,1.550000000000000000e+01,-3.937500000000060396e-02
8.467700000000000728e+03,5.368652343750000000e+01,2.062499999999989342e-02,1.548000000000000043e+01,-3.773437500000031974e-02
8.467799999999999272e+03,5.337524414062500000e+01,3.062500000000012434e-02,1.547000000000000064e+01,-1.000781250000004619e-01
8.467899999999999636e+03,5.328369140625000000e+01,2.562499999999978684e-02,1.558999999999999986e+01,-3.664062500000042633e-02
8.468000000000000000e+03,5.300903320312500000e+01,1.225000000000000533e-01,1.567999999999999972e+01,-6.945312500000078160e-02
8.468100000000000364e+03,5.308227539062500000e+01,5.312500000000008882e-02,1.564000000000000057e+01,-2.078125000000063949e-02
