time,temperature,ch1,ch3,ch5
4.303600000000000364e+03,2.612915039062500000e+01,3.124999999999822364e-03,1.554999999999999893e+01,-3.390625000000024869e-02
4.303699999999999818e+03,2.691650390625000000e+01,4.812499999999975131e-02,1.522000000000000064e+01,-7.656250000001030287e-03
4.303800000000000182e+03,2.691650390625000000e+01,7.562500000000005329e-02,1.544999999999999929e+01,-2.460937500000071054e-02
4.303899999999999636e+03,2.704467773437500000e+01,3.312500000000007105e-02,1.549000000000000021e+01,-3.773437500000031974e-02
4.304000000000000000e+03,2.682495117187500000e+01,2.742500000000000160e+00,1.502999999999999936e+01,1.545304687500000007e+01
4.304100000000000364e+03,2.880249023437500000e+01,2.767500000000000071e+00,1.520999999999999908e+01,1.550117187500000071e+01
4.304199999999999818e+03,2.931518554687500000e+01,3.245000000000000107e+00,1.558999999999999986e+01,1.545414062500000085e+01
4.304300000000000182e+03,2.933349609375000000e+01,2.782500000000000195e+00,1.547000000000000064e+01,1.547382812500000071e+01
4.304399999999999636e+03,2.944335937500000000e+01,2.767500000000000071e+00,1.558000000000000007e+01,1.544320312500000014e+01
4.304500000000000000e+03,2.964477539062500000e+01,2.790000000000000036e+00,1.508999999999999986e+01,1.543226562500000121e+01
4.304600000000000364e+03,3.288574218750000000e+01,2.729999999999999982e+00,1.552749999999999986e+01,1.546453125000000028e+01
4.304699999999999818e+03,3.294067382812500000e+01,2.790000000000000036e+00,1.562999999999999901e+01,1.547875000000000156e+01
4.304800000000000182e+03,3.294067382812500000e+01,2.822499999999999787e+00,1.549000000000000021e+01,1.552195312500000135e+01
4.304899999999999636e+03,3.305053710937500000e+01,2.827500000000000124e+00,1.558999999999999986e+01,1.543664062500000078e+01
4.305000000000000000e+03,3.647460937500000000e+01,2.834999999999999964e+00,1.549000000000000021e+01,1.546781250000000085e+01
4.305100000000000364e+03,3.742675781250000000e+01,2.847500000000000142e+00,1.532000000000000028e+01,1.543937500000000007e+01
4.305199999999999818e+03,3.737182617187500000e+01,2.834999999999999964e+00,1.540000000000000036e+01,1.545578125000000114e+01
4.305300000000000182e+03,3.733520507812500000e+01,2.839999999999999858e+00,1.553999999999999915e+01,1.549625000000000163e+01
4.305399999999999636e+03,3.933105468750000000e+01,2.879999999999999893e+00,1.532000000000000028e+01,1.539070312499999993e+01
4.305500000000000000e+03,4.147338867187500000e+01,2.850000000000000089e+00,1.531000000000000050e+01,1.545304687500000007e+01
4.305600000000000364e+03,4.185791015625000000e+01,2.899999999999999911e+00,1.566000000000000014e+01,1.545796875000000092e+01
4.305699999999999818e+03,4.174804687500000000e+01,2.862499999999999822e+00,1.547000000000000064e+01,1.547000000000000064e+01
4.305800000000000182e+03,4.174804687500000000e+01,2.870000000000000107e+00,1.557000000000000028e+01,1.550171875000000021e+01
4.305899999999999636e+03,4.500732421875000000e+01,2.882499999999999840e+00,1.531000000000000050e+01,1.545851562500000043e+01
4.306000000000000000e+03,4.506225585937500000e+01,2.887500000000000178e+00,1.539000000000000057e+01,1.545578125000000114e+01
4.306100000000000364e+03,4.541015625000000000e+01,2.872500000000000053e+00,1.519999999999999929e+01,1.545140625000000156e+01
4.306199999999999818e+03,4.530029296875000000e+01,2.899999999999999911e+00,1.545999999999999908e+01,1.554765625000000107e+01
4.306300000000000182e+03,4.720458984375000000e+01,2.915000000000000036e+00,1.536999999999999922e+01,1.544320312500000014e+01
4.306399999999999636e+03,4.832153320312500000e+01,2.902499999999999858e+00,1.511999999999999922e+01,1.551539062500000021e+01
4.306500000000000000e+03,4.802856445312500000e+01,2.930000000000000160e+00,1.540000000000000036e+01,1.551484375000000071e+01
4.306600000000000364e+03,4.839477539062500000e+01,2.944999999999999840e+00,1.548000000000000043e+01,1.549898437500000092e+01
4.306699999999999818e+03,4.830322265625000000e+01,2.899999999999999911e+00,1.529999999999999893e+01,1.554929687500000135e+01
4.306800000000000182e+03,5.084838867187500000e+01,2.947499999999999787e+00,1.539000000000000057e+01,1.548312500000000114e+01
4.306899999999999636e+03,5.110473632812500000e+01,2.932500000000000107e+00,1.548000000000000043e+01,1.541367187500000036e+01
4.307000000000000000e+03,5.075683593750000000e+01,2.944999999999999840e+00,1.509999999999999964e+01,1.542460937500000107e+01
4.307100000000000364e+03,5.115966796875000000e+01,2.942499999999999893e+00,1.554999999999999893e+01,1.546234375000000050e+01
4.307199999999999818e+03,5.286254882812500000e+01,2.955000000000000071e+00,1.540000000000000036e+01,1.546398437500000078e+01
4.307300000000000182e+03,5.335693359375000000e+01,2.992500000000000160e+00,1.525000000000000000e+01,1.550390625000000000e+01
4.307399999999999636e+03,5.352172851562500000e+01,2.932500000000000107e+00,1.551999999999999957e+01,1.548367187500000064e+01
4.307500000000000000e+03,5.315551757812500000e+01,2.957500000000000018e+00,1.543999999999999950e+01,1.546453125000000028e+01
4.307600000000000364e+03,5.416259765625000000e+01,2.962499999999999911e+00,1.542999999999999972e+01,1.548257812500000163e+01
4.307699999999999818e+03,5.557250976562500000e+01,2.959999999999999964e+00,1.544749999999999979e+01,1.548039062500000007e+01
4.307800000000000182e+03,5.566406250000000000e+01,2.964999999999999858e+00,1.517999999999999972e+01,1.552304687500000036e+01
4.307899999999999636e+03,5.579223632812500000e+01,2.997500000000000053e+00,1.520999999999999908e+01,1.547164062500000092e+01
4.308000000000000000e+03,5.544433593750000000e+01,2.964999999999999858e+00,1.555749999999999922e+01,1.546781250000000085e+01
4.308100000000000364e+03,5.771484375000000000e+01,3.004999999999999893e+00,1.537999999999999901e+01,1.547820312500000028e+01
4.308199999999999818e+03,5.769653320312500000e+01,2.979999999999999982e+00,1.523000000000000043e+01,1.547164062500000092e+01
4.308300000000000182e+03,5.776977539062500000e+01,2.977500000000000036e+00,1.532000000000000028e+01,1.548968750000000050e+01
4.308399999999999636e+03,5.789794921875000000e+01,3.004999999999999893e+00,1.541999999999999993e+01,1.550828125000000135e+01
4.308500000000000000e+03,5.870361328125000000e+01,3.015000000000000124e+00,1.536999999999999922e+01,1.546453125000000028e+01
4.308600000000000364e+03,5.991210937500000000e+01,3.015000000000000124e+00,1.549000000000000021e+01,1.547601562500000050e+01
4.308699999999999818e+03,5.974731445312500000e+01,3.000000000000000000e+00,1.528999999999999915e+01,1.548203125000000036e+01
4.308800000000000182e+03,5.978393554687500000e+01,3.035000000000000142e+00,1.541999999999999993e+01,1.543117187500000043e+01
4.308899999999999636e+03,5.989379882812500000e+01,3.015000000000000124e+00,1.548000000000000043e+01,1.548695312500000121e+01
4.309000000000000000e+03,6.130371093750000000e+01,3.007499999999999840e+00,1.553999999999999915e+01,1.544648437500000071e+01
4.309100000000000364e+03,6.185302734375000000e+01,3.029999999999999805e+00,1.560999999999999943e+01,1.545906249999999993e+01
4.309199999999999818e+03,6.163330078125000000e+01,3.042499999999999982e+00,1.511999999999999922e+01,1.540328125000000092e+01
4.309300000000000182e+03,6.168823242187500000e+01,3.067499999999999893e+00,1.542999999999999972e+01,1.549679687500000114e+01
4.309399999999999636e+03,6.318969726562500000e+01,3.055000000000000160e+00,1.528999999999999915e+01,1.548312500000000114e+01
4.309500000000000000e+03,6.320800781250000000e+01,3.042499999999999982e+00,1.525000000000000000e+01,1.550445312500000128e+01
4.309600000000000364e+03,6.366577148437500000e+01,3.017500000000000071e+00,1.512999999999999901e+01,1.550171875000000021e+01
4.309699999999999818e+03,6.344604492187500000e+01,3.032500000000000195e+00,1.556000000000000050e+01,1.545632812500000064e+01
4.309800000000000182e+03,6.386718750000000000e+01,3.082500000000000018e+00,1.516999999999999993e+01,1.542515625000000057e+01
4.309899999999999636e+03,6.536865234375000000e+01,3.047499999999999876e+00,1.518999999999999950e+01,1.549351562500000057e+01
4.310000000000000000e+03,6.502075195312500000e+01,3.057500000000000107e+00,1.545999999999999908e+01,1.544156250000000163e+01
4.310100000000000364e+03,6.547851562500000000e+01,3.072499999999999787e+00,1.539000000000000057e+01,1.547328125000000121e+01
4.310199999999999818e+03,6.525878906250000000e+01,3.062500000000000000e+00,1.534999999999999964e+01,1.555367187500000092e+01
4.310300000000000182e+03,6.679687500000000000e+01,3.064999999999999947e+00,1.528999999999999915e+01,1.543828125000000107e+01
4.310399999999999636e+03,6.710815429687500000e+01,3.087499999999999911e+00,1.528999999999999915e+01,1.547984375000000057e+01
4.310500000000000000e+03,6.668701171875000000e+01,3.080000000000000071e+00,1.542999999999999972e+01,1.550117187500000071e+01
4.310600000000000364e+03,6.718139648437500000e+01,3.104999999999999982e+00,1.526999999999999957e+01,1.549406250000000007e+01
4.310699999999999818e+03,6.778564453125000000e+01,3.117500000000000160e+00,1.529999999999999893e+01,1.547437500000000021e+01
4.310800000000000182e+03,6.860961914062500000e+01,3.100000000000000089e+00,1.528999999999999915e+01,1.548914062500000099e+01
4.310899999999999636e+03,6.877441406250000000e+01,3.087499999999999911e+00,1.513749999999999929e+01,1.544648437500000071e+01
4.311000000000000000e+03,6.831665039062500000e+01,3.082500000000000018e+00,1.545999999999999908e+01,1.554382812500000099e+01
4.311100000000000364e+03,6.881103515625000000e+01,3.082500000000000018e+00,1.550000000000000000e+01,1.551976562500000156e+01
4.311199999999999818e+03,7.001953125000000000e+01,3.109999999999999876e+00,1.537999999999999901e+01,1.543445312500000099e+01
4.311300000000000182e+03,7.022094726562500000e+01,3.115000000000000213e+00,1.534999999999999964e+01,1.551046875000000114e+01
4.311399999999999636e+03,7.038574218750000000e+01,3.165000000000000036e+00,1.543999999999999950e+01,1.546562500000000107e+01
4.311500000000000000e+03,6.994628906250000000e+01,3.120000000000000107e+00,1.542999999999999972e+01,1.547710937500000128e+01
4.311600000000000364e+03,7.153930664062500000e+01,3.104999999999999982e+00,1.561999999999999922e+01,1.546945312500000114e+01
4.311699999999999818e+03,7.166748046875000000e+01,3.102500000000000036e+00,1.557000000000000028e+01,1.538031250000000050e+01
4.311800000000000182e+03,7.183227539062500000e+01,3.127499999999999947e+00,1.525999999999999979e+01,1.551648437500000099e+01
4.311899999999999636e+03,7.196044921875000000e+01,3.127499999999999947e+00,1.561999999999999922e+01,1.545742187500000142e+01
4.312000000000000000e+03,7.170410156250000000e+01,3.154999999999999805e+00,1.534999999999999964e+01,1.548859375000000149e+01
4.312100000000000364e+03,7.342529296875000000e+01,3.149999999999999911e+00,1.558999999999999986e+01,1.541039062500000156e+01
4.312199999999999818e+03,7.320556640625000000e+01,3.172499999999999876e+00,1.575000000000000000e+01,1.544867187500000050e+01
4.312300000000000182e+03,7.333374023437500000e+01,3.140000000000000124e+00,1.522000000000000064e+01,1.545085937500000028e+01
4.312399999999999636e+03,7.340698242187500000e+01,3.165000000000000036e+00,1.536999999999999922e+01,1.544703125000000021e+01
4.312500000000000000e+03,7.432250976562500000e+01,3.185000000000000053e+00,1.534999999999999964e+01,1.543390625000000149e+01
4.312600000000000364e+03,7.496337890625000000e+01,3.212499999999999911e+00,1.537999999999999901e+01,1.542570312500000007e+01
4.312699999999999818e+03,7.470703125000000000e+01,3.180000000000000160e+00,1.535999999999999943e+01,1.547656250000000000e+01
4.312800000000000182e+03,7.483520507812500000e+01,3.200000000000000178e+00,1.537999999999999901e+01,1.545523437500000163e+01
4.312899999999999636e+03,7.569580078125000000e+01,3.194999999999999840e+00,1.533000000000000007e+01,1.545140625000000156e+01
4.313000000000000000e+03,7.600708007812500000e+01,3.172499999999999876e+00,1.533999999999999986e+01,1.547328125000000121e+01
4.313100000000000364e+03,7.650146484375000000e+01,3.182500000000000107e+00,1.543999999999999950e+01,1.546343750000000128e+01
4.313199999999999818e+03,7.619018554687500000e+01,3.212499999999999911e+00,1.542999999999999972e+01,1.546125000000000149e+01
4.313300000000000182e+03,7.633666992187500000e+01,3.189999999999999947e+00,1.547000000000000064e+01,1.543171874999999993e+01
4.313399999999999636e+03,7.783813476562500000e+01,3.212499999999999911e+00,1.520999999999999908e+01,1.547820312500000028e+01
4.313500000000000000e+03,7.754516601562500000e+01,3.207500000000000018e+00,1.536999999999999922e+01,1.550226562500000149e+01
4.313600000000000364e+03,7.802124023437500000e+01,3.220000000000000195e+00,1.559999999999999964e+01,1.543007812500000142e+01
4.313699999999999818e+03,7.770996093750000000e+01,3.237499999999999822e+00,1.519999999999999929e+01,1.550937500000000036e+01
4.313800000000000182e+03,7.895507812500000000e+01,3.205000000000000071e+00,1.544999999999999929e+01,1.552523437500000014e+01
4.313899999999999636e+03,7.943115234375000000e+01,3.194999999999999840e+00,1.534999999999999964e+01,1.544265625000000064e+01
4.314000000000000000e+03,7.902832031250000000e+01,3.242500000000000160e+00,1.516999999999999993e+01,1.543718750000000028e+01
4.314100000000000364e+03,7.952270507812500000e+01,3.250000000000000000e+00,1.536999999999999922e+01,1.550609375000000156e+01
4.314199999999999818e+03,7.924804687500000000e+01,3.250000000000000000e+00,1.540000000000000036e+01,1.546453125000000028e+01
4.314300000000000182e+03,8.074951171875000000e+01,3.229999999999999982e+00,1.541000000000000014e+01,1.540765625000000050e+01
4.314399999999999636e+03,8.089599609375000000e+01,3.240000000000000213e+00,1.547000000000000064e+01,1.551703125000000050e+01
4.314500000000000000e+03,8.045654296875000000e+01,3.234999999999999876e+00,1.535999999999999943e+01,1.546453125000000028e+01
4.314600000000000364e+03,8.096923828125000000e+01,3.254999999999999893e+00,1.554999999999999893e+01,1.547656250000000000e+01
4.314699999999999818e+03,8.184814453125000000e+01,3.259999999999999787e+00,1.528999999999999915e+01,1.544484375000000043e+01
4.314800000000000182e+03,8.228759765625000000e+01,3.252499999999999947e+00,1.525000000000000000e+01,1.549242187500000156e+01
4.314899999999999636e+03,8.236083984375000000e+01,3.282500000000000195e+00,1.542999999999999972e+01,1.543992187500000135e+01
4.315000000000000000e+03,8.193969726562500000e+01,3.292499999999999982e+00,1.536999999999999922e+01,1.544046875000000085e+01
4.315100000000000364e+03,8.303833007812500000e+01,3.262500000000000178e+00,1.531749999999999901e+01,1.546726562500000135e+01
4.315199999999999818e+03,8.345947265625000000e+01,3.287500000000000089e+00,1.525000000000000000e+01,1.548039062500000007e+01
4.315300000000000182e+03,8.367919921875000000e+01,3.280000000000000249e+00,1.549000000000000021e+01,1.548968750000000050e+01
4.315399999999999636e+03,8.377075195312500000e+01,3.317499999999999893e+00,1.543999999999999950e+01,1.544046875000000085e+01
4.315500000000000000e+03,8.338623046875000000e+01,3.254999999999999893e+00,1.548000000000000043e+01,1.548257812500000163e+01
4.315600000000000364e+03,8.514404296875000000e+01,3.299999999999999822e+00,1.557000000000000028e+01,1.546835937500000036e+01
4.315699999999999818e+03,8.485107421875000000e+01,3.287500000000000089e+00,1.541000000000000014e+01,1.539015625000000043e+01
4.315800000000000182e+03,8.508911132812500000e+01,3.317499999999999893e+00,1.543999999999999950e+01,1.549132812500000078e+01
4.315899999999999636e+03,8.518066406250000000e+01,3.297499999999999876e+00,1.534999999999999964e+01,1.544046875000000085e+01
4.316000000000000000e+03,8.569335937500000000e+01,3.299999999999999822e+00,1.541000000000000014e+01,1.550773437500000007e+01
4.316100000000000364e+03,8.662719726562500000e+01,3.334999999999999964e+00,1.560999999999999943e+01,1.547984375000000057e+01
4.316199999999999818e+03,8.626098632812500000e+01,3.325000000000000178e+00,1.545999999999999908e+01,1.551210937500000142e+01
4.316300000000000182e+03,8.651733398437500000e+01,3.365000000000000213e+00,1.540000000000000036e+01,1.546234375000000050e+01
4.316399999999999636e+03,8.668212890625000000e+01,3.334999999999999964e+00,1.531000000000000050e+01,1.548421875000000014e+01
4.316500000000000000e+03,8.748779296875000000e+01,3.350000000000000089e+00,1.523000000000000043e+01,1.545085937500000028e+01
4.316600000000000364e+03,8.807373046875000000e+01,3.359999999999999876e+00,1.533999999999999986e+01,1.551265625000000092e+01
4.316699999999999818e+03,8.768920898437500000e+01,3.375000000000000000e+00,1.541999999999999993e+01,1.544046875000000085e+01
4.316800000000000182e+03,8.787231445312500000e+01,3.347500000000000142e+00,1.531000000000000050e+01,1.547054687500000014e+01
4.316899999999999636e+03,8.913574218750000000e+01,3.359999999999999876e+00,1.539000000000000057e+01,1.546125000000000149e+01
4.317000000000000000e+03,8.891601562500000000e+01,3.359999999999999876e+00,1.533000000000000007e+01,1.545523437500000163e+01
4.317100000000000364e+03,8.944702148437500000e+01,3.359999999999999876e+00,1.541999999999999993e+01,1.547875000000000156e+01
4.317199999999999818e+03,8.906250000000000000e+01,3.387500000000000178e+00,1.550000000000000000e+01,1.555312500000000142e+01
4.317300000000000182e+03,8.990478515625000000e+01,3.372500000000000053e+00,1.535999999999999943e+01,1.544921875000000000e+01
4.317399999999999636e+03,9.074707031250000000e+01,3.367500000000000160e+00,1.534999999999999964e+01,1.543992187500000135e+01
4.317500000000000000e+03,9.034423828125000000e+01,3.405000000000000249e+00,1.559999999999999964e+01,1.545085937500000028e+01
4.317600000000000364e+03,9.085693359375000000e+01,3.402499999999999858e+00,1.557000000000000028e+01,1.543937500000000007e+01
4.317699999999999818e+03,9.047241210937500000e+01,3.405000000000000249e+00,1.540000000000000036e+01,1.548421875000000014e+01
4.317800000000000182e+03,9.210205078125000000e+01,3.412500000000000089e+00,1.551999999999999957e+01,1.550992187500000163e+01
4.317899999999999636e+03,9.228515625000000000e+01,3.370000000000000107e+00,1.549000000000000021e+01,1.545031250000000078e+01
4.318000000000000000e+03,9.186401367187500000e+01,3.437500000000000000e+00,1.541750000000000043e+01,1.553179687500000128e+01
4.318100000000000364e+03,9.241333007812500000e+01,3.472500000000000142e+00,1.553999999999999915e+01,1.546835937500000036e+01
4.318199999999999818e+03,9.202880859375000000e+01,3.444999999999999840e+00,1.536999999999999922e+01,1.551156250000000014e+01
4.318300000000000182e+03,9.230346679687500000e+01,3.450000000000000178e+00,1.536999999999999922e+01,1.549679687500000114e+01
4.318399999999999636e+03,9.243164062500000000e+01,3.419999999999999929e+00,1.536999999999999922e+01,1.544375000000000142e+01
4.318500000000000000e+03,9.197387695312500000e+01,3.444999999999999840e+00,1.523000000000000043e+01,1.543335937500000021e+01
4.318600000000000364e+03,9.239501953125000000e+01,3.464999999999999858e+00,1.558000000000000007e+01,1.545085937500000028e+01
4.318699999999999818e+03,9.204711914062500000e+01,3.470000000000000195e+00,1.548000000000000043e+01,1.543882812500000057e+01
4.318800000000000182e+03,9.232177734375000000e+01,3.450000000000000178e+00,1.550999999999999979e+01,1.548203125000000036e+01
4.318899999999999636e+03,9.239501953125000000e+01,3.482499999999999929e+00,1.535999999999999943e+01,1.547820312500000028e+01
4.319000000000000000e+03,9.193725585937500000e+01,3.442499999999999893e+00,1.515000000000000036e+01,1.547929687500000107e+01
4.319100000000000364e+03,9.246826171875000000e+01,4.062499999999991118e-02,1.558000000000000007e+01,-4.429687500000056843e-02
4.319199999999999818e+03,9.208374023437500000e+01,4.062499999999991118e-02,1.550000000000000000e+01,-1.695312500000056843e-02
4.319300000000000182e+03,9.234008789062500000e+01,3.312500000000007105e-02,1.542999999999999972e+01,-6.945312500000078160e-02
4.319399999999999636e+03,9.241333007812500000e+01,4.062499999999991118e-02,1.527999999999999936e+01,-3.117187500000095923e-02
4.319500000000000000e+03,9.131469726562500000e+01,6.812499999999976907e-02,1.531000000000000050e+01,-1.257812500000099476e-02
4.319600000000000364e+03,9.107666015625000000e+01,5.812499999999998224e-02,1.548000000000000043e+01,-9.078125000000092371e-02
4.319699999999999818e+03,9.060058593750000000e+01,2.812499999999973355e-02,1.536999999999999922e+01,-5.250000000000110134e-02
4.319800000000000182e+03,9.085693359375000000e+01,3.812499999999996447e-02,1.537999999999999901e+01,-6.890625000000039080e-02
4.319899999999999636e+03,9.100341796875000000e+01,3.812499999999996447e-02,1.516999999999999993e+01,-7.000000000000028422e-02
4.320000000000000000e+03,8.829345703125000000e+01,2.562499999999978684e-02,1.517999999999999972e+01,-1.968750000000074607e-02
4.320100000000000364e+03,8.858642578125000000e+01,4.812499999999975131e-02,1.543999999999999950e+01,-6.343750000000092371e-02
4.320199999999999818e+03,8.816528320312500000e+01,3.062500000000012434e-02,1.529999999999999893e+01,-4.156250000000039080e-02
4.320300000000000182e+03,8.836669921875000000e+01,5.562500000000003553e-02,1.551999999999999957e+01,-2.953125000000067502e-02
4.320399999999999636e+03,8.611450195312500000e+01,1.812499999999994671e-02,1.540000000000000036e+01,-1.033593750000010303e-01
4.320500000000000000e+03,8.450317382812500000e+01,3.562500000000001776e-02,1.535999999999999943e+01,-3.445312500000063949e-02
4.320600000000000364e+03,8.492431640625000000e+01,4.312499999999985789e-02,1.526999999999999957e+01,-4.265625000000028422e-02
4.320699999999999818e+03,8.459472656250000000e+01,6.062499999999992895e-02,1.526999999999999957e+01,-4.429687500000056843e-02
4.320800000000000182e+03,8.464965820312500000e+01,5.062500000000014211e-02,1.525000000000000000e+01,-7.164062500000056843e-02
4.320899999999999636e+03,8.182983398437500000e+01,3.124999999999822364e-03,1.537999999999999901e+01,-1.640625000000106581e-02
4.321000000000000000e+03,8.126220703125000000e+01,6.812499999999976907e-02,1.514000000000000057e+01,-8.859375000000024869e-02
4.321100000000000364e+03,8.175659179687500000e+01,3.812499999999996447e-02,1.540000000000000036e+01,-6.726562500000099476e-02
4.321199999999999818e+03,8.142700195312500000e+01,4.812499999999975131e-02,1.531000000000000050e+01,-6.398437500000042633e-02
4.321300000000000182e+03,7.946777343750000000e+01,3.062500000000012434e-02,1.541000000000000014e+01,-4.046875000000049738e-02
4.321399999999999636e+03,7.915649414062500000e+01,3.562500000000001776e-02,1.517999999999999972e+01,-4.046875000000049738e-02
4.321500000000000000e+03,7.868041992187500000e+01,5.812499999999998224e-02,1.536999999999999922e+01,-3.937500000000060396e-02
4.321600000000000364e+03,7.913818359375000000e+01,2.812499999999973355e-02,1.532000000000000028e+01,-2.625000000000099476e-02
4.321699999999999818e+03,7.798461914062500000e+01,5.624999999999769074e-03,1.537999999999999901e+01,-2.953125000000067502e-02
4.321800000000000182e+03,7.679443359375000000e+01,-9.062500000000017764e-02,1.541000000000000014e+01,-2.789062500000039080e-02
4.321899999999999636e+03,7.688598632812500000e+01,5.062500000000014211e-02,1.533000000000000007e+01,-1.585937500000067502e-02
4.322000000000000000e+03,7.642822265625000000e+01,4.312499999999985789e-02,1.552999999999999936e+01,-1.476562500000078160e-02
4.322100000000000364e+03,7.692260742187500000e+01,6.249999999998756550e-04,1.562999999999999901e+01,-6.890625000000039080e-02
4.322199999999999818e+03,7.490844726562500000e+01,3.562500000000001776e-02,1.562999999999999901e+01,-4.757812500000024869e-02
4.322300000000000182e+03,7.492675781250000000e+01,7.812500000000000000e-02,1.528999999999999915e+01,-4.703125000000074607e-02
4.322399999999999636e+03,7.500000000000000000e+01,5.812499999999998224e-02,1.518999999999999950e+01,-9.406250000000060396e-02
4.322500000000000000e+03,7.450561523437500000e+01,3.062500000000012434e-02,1.542999999999999972e+01,-1.148437500000110134e-02
4.322600000000000364e+03,7.399291992187500000e+01,4.312499999999985789e-02,1.525000000000000000e+01,-2.406250000000031974e-02
4.322699999999999818e+03,7.311401367187500000e+01,3.312500000000007105e-02,1.550999999999999979e+01,-5.250000000000110134e-02
4.322800000000000182e+03,7.329711914062500000e+01,6.562499999999982236e-02,1.550999999999999979e+01,1.421874999999950262e-02
4.322899999999999636e+03,7.337036132812500000e+01,5.312500000000008882e-02,1.545999999999999908e+01,-7.656250000001030287e-03
4.323000000000000000e+03,7.296752929687500000e+01,6.312499999999987566e-02,1.534999999999999964e+01,-3.828125000000071054e-02
4.323100000000000364e+03,7.203369140625000000e+01,1.562500000000000000e-02,1.547000000000000064e+01,-3.117187500000095923e-02
4.323199999999999818e+03,7.163085937500000000e+01,5.312500000000008882e-02,1.552999999999999936e+01,-4.812500000000063949e-02
4.323300000000000182e+03,7.175903320312500000e+01,3.812499999999996447e-02,1.534999999999999964e+01,-1.804687500000046185e-02
4.323399999999999636e+03,7.188720703125000000e+01,5.562500000000003553e-02,1.542999999999999972e+01,-3.500000000000103029e-02
4.323500000000000000e+03,7.034912109375000000e+01,3.812499999999996447e-02,1.541999999999999993e+01,-5.140625000000031974e-02
4.323600000000000364e+03,7.051391601562500000e+01,3.312500000000007105e-02,1.527999999999999936e+01,-5.359375000000099476e-02
4.323699999999999818e+03,7.023925781250000000e+01,2.312499999999984013e-02,1.548000000000000043e+01,-6.289062500000053291e-02
4.323800000000000182e+03,7.033081054687500000e+01,6.062499999999992895e-02,1.545999999999999908e+01,-6.289062500000053291e-02
4.323899999999999636e+03,7.016601562500000000e+01,2.562499999999978684e-02,1.535999999999999943e+01,-3.992187500000099476e-02
4.324000000000000000e+03,6.879272460937500000e+01,4.062499999999991118e-02,1.545999999999999908e+01,-4.484375000000095923e-02
4.324100000000000364e+03,6.923217773437500000e+01,3.562500000000001776e-02,1.541000000000000014e+01,-4.757812500000024869e-02
4.324199999999999818e+03,6.895751953125000000e+01,5.812499999999998224e-02,1.528999999999999915e+01,-4.921875000000053291e-02
4.324300000000000182e+03,6.903076171875000000e+01,5.562500000000003553e-02,1.518999999999999950e+01,-1.039062500000031974e-02
4.324399999999999636e+03,6.820678710937500000e+01,4.312499999999985789e-02,1.552999999999999936e+01,-2.898437500000028422e-02
4.324500000000000000e+03,6.763916015625000000e+01,1.812499999999994671e-02,1.539000000000000057e+01,-6.671875000000060396e-02
4.324600000000000364e+03,6.807861328125000000e+01,5.062500000000014211e-02,1.553999999999999915e+01,-4.921875000000852651e-03
4.324699999999999818e+03,6.784057617187500000e+01,3.312500000000007105e-02,1.544999999999999929e+01,-5.414062500000049738e-02
4.324800000000000182e+03,6.740112304687500000e+01,7.312500000000010658e-02,1.533999999999999986e+01,-6.398437500000042633e-02
4.324899999999999636e+03,6.697998046875000000e+01,3.062500000000012434e-02,1.550000000000000000e+01,-4.539062500000046185e-02
4.325000000000000000e+03,6.657714843750000000e+01,4.312499999999985789e-02,1.532000000000000028e+01,-4.539062500000046185e-02
4.325100000000000364e+03,6.697998046875000000e+01,3.062500000000012434e-02,1.564000000000000057e+01,-6.890625000000039080e-02
4.325199999999999818e+03,6.674194335937500000e+01,3.562500000000001776e-02,1.532000000000000028e+01,-3.500000000000103029e-02
4.325300000000000182e+03,6.582641601562500000e+01,3.812499999999996447e-02,1.543999999999999950e+01,-4.976562500000092371e-02
4.325399999999999636e+03,6.589965820312500000e+01,3.562500000000001776e-02,1.542999999999999972e+01,-6.015625000000746070e-03
4.325500000000000000e+03,6.547851562500000000e+01,-1.937500000000014211e-02,1.539000000000000057e+01,-1.006250000000008527e-01
4.325600000000000364e+03,6.589965820312500000e+01,2.062499999999989342e-02,1.532000000000000028e+01,-1.750000000000095923e-02
4.325699999999999818e+03,6.491088867187500000e+01,4.062499999999991118e-02,1.566999999999999993e+01,-7.656250000001030287e-03
4.325800000000000182e+03,6.474609375000000000e+01,3.124999999999822364e-03,1.552999999999999936e+01,-1.968750000000074607e-02
4.325899999999999636e+03,6.487426757812500000e+01,4.562499999999980460e-02,1.551999999999999957e+01,1.421874999999950262e-02
4.326000000000000000e+03,6.447143554687500000e+01,5.812499999999998224e-02,1.547000000000000064e+01,-3.718750000000081712e-02
4.326100000000000364e+03,6.480102539062500000e+01,1.812499999999994671e-02,1.542999999999999972e+01,-3.007812500000106581e-02
4.326199999999999818e+03,6.377563476562500000e+01,5.312500000000008882e-02,1.535999999999999943e+01,-1.804687500000046185e-02
4.326300000000000182e+03,6.384887695312500000e+01,4.312499999999985789e-02,1.531000000000000050e+01,-9.296875000000426326e-03
4.326399999999999636e+03,6.397705078125000000e+01,5.812499999999998224e-02,1.533999999999999986e+01,-4.867187500000103029e-02
4.326500000000000000e+03,6.357421875000000000e+01,3.062500000000012434e-02,1.522000000000000064e+01,-1.312500000000049738e-02
4.326600000000000364e+03,6.309814453125000000e+01,7.312500000000010658e-02,1.550999999999999979e+01,-4.539062500000046185e-02
4.326699999999999818e+03,6.276855468750000000e+01,4.812499999999975131e-02,1.549000000000000021e+01,-9.843750000000817124e-03
4.326800000000000182e+03,6.280517578125000000e+01,4.562499999999980460e-02,1.525999999999999979e+01,-5.250000000000110134e-02
4.326899999999999636e+03,6.295166015625000000e+01,4.312499999999985789e-02,1.553999999999999915e+01,-3.281250000000035527e-02
4.327000000000000000e+03,6.214599609375000000e+01,8.124999999999715783e-03,1.542999999999999972e+01,-8.203125000000532907e-03
4.327100000000000364e+03,6.207275390625000000e+01,2.062499999999989342e-02,1.556000000000000050e+01,-3.500000000000103029e-02
4.327199999999999818e+03,6.183471679687500000e+01,3.562500000000001776e-02,1.534750000000000014e+01,-9.515625000000049738e-02
4.327300000000000182e+03,6.188964843750000000e+01,5.812499999999998224e-02,1.543999999999999950e+01,3.226562499999907629e-02
4.327399999999999636e+03,6.203613281250000000e+01,2.562499999999978684e-02,1.540000000000000036e+01,-5.031250000000042633e-02
4.327500000000000000e+03,6.082763671875000000e+01,9.499999999999975131e-02,1.533999999999999986e+01,-4.320312500000067502e-02
4.327600000000000364e+03,6.115722656250000000e+01,5.062500000000014211e-02,1.536999999999999922e+01,-1.914062500000035527e-02
4.327699999999999818e+03,6.091918945312500000e+01,5.312500000000008882e-02,1.512999999999999901e+01,-7.984375000000110134e-02
4.327800000000000182e+03,6.102905273437500000e+01,1.812499999999994671e-02,1.532000000000000028e+01,-5.796875000000056843e-02
4.327899999999999636e+03,6.060791015625000000e+01,7.312500000000010658e-02,1.569999999999999929e+01,-6.562500000000248690e-03
4.328000000000000000e+03,5.996704101562500000e+01,5.812499999999998224e-02,1.540000000000000036e+01,-8.804687500000074607e-02
4.328100000000000364e+03,6.035156250000000000e+01,4.062499999999991118e-02,1.524000000000000021e+01,-2.187500000000053291e-02
4.328199999999999818e+03,6.016845703125000000e+01,2.812499999999973355e-02,1.532000000000000028e+01,-7.164062500000056843e-02
4.328300000000000182e+03,6.024169921875000000e+01,7.312500000000010658e-02,1.541999999999999993e+01,-4.593750000000085265e-02
4.328399999999999636e+03,5.958251953125000000e+01,3.562500000000001776e-02,1.525999999999999979e+01,-5.523437500000039080e-02
4.328500000000000000e+03,5.917968750000000000e+01,4.562499999999980460e-02,1.529999999999999893e+01,-6.289062500000053291e-02
4.328600000000000364e+03,5.954589843750000000e+01,7.312500000000010658e-02,1.553999999999999915e+01,-3.773437500000031974e-02
4.328699999999999818e+03,5.936279296875000000e+01,6.062499999999992895e-02,1.534999999999999964e+01,-3.335937500000074607e-02
4.328800000000000182e+03,5.875854492187500000e+01,5.312500000000008882e-02,1.542999999999999972e+01,-1.000781250000004619e-01
4.328899999999999636e+03,5.872192382812500000e+01,5.812499999999998224e-02,1.525999999999999979e+01,-6.835937500000088818e-02
4.329000000000000000e+03,5.833740234375000000e+01,5.312500000000008882e-02,1.548000000000000043e+01,-4.484375000000095923e-02
4.329100000000000364e+03,5.875854492187500000e+01,2.812499999999973355e-02,1.537999999999999901e+01,-8.421875000000067502e-02
4.329199999999999818e+03,5.830078125000000000e+01,3.062500000000012434e-02,1.534999999999999964e+01,-5.195312500000071054e-02
4.329300000000000182e+03,5.782470703125000000e+01,6.562499999999982236e-02,1.536999999999999922e+01,-1.476562500000078160e-02
4.329399999999999636e+03,5.793457031250000000e+01,6.062499999999992895e-02,1.542999999999999972e+01,-1.050000000000004263e-01
4.329500000000000000e+03,5.755004882812500000e+01,2.562499999999978684e-02,1.542999999999999972e+01,-4.265625000000028422e-02
4.329600000000000364e+03,5.793457031250000000e+01,3.312500000000007105e-02,1.525999999999999979e+01,-3.554687500000053291e-02
4.329699999999999818e+03,5.712890625000000000e+01,3.562500000000001776e-02,1.533999999999999986e+01,4.812499999999975131e-02
4.329800000000000182e+03,5.711059570312500000e+01,6.312499999999987566e-02,1.545999999999999908e+01,-4.976562500000092371e-02
4.329899999999999636e+03,5.723876953125000000e+01,-6.874999999999964473e-03,1.547000000000000064e+01,-8.257812500000039080e-02
4.330000000000000000e+03,5.683593750000000000e+01,2.812499999999973355e-02,1.544999999999999929e+01,-8.695312500000085265e-02
4.330100000000000364e+03,5.681762695312500000e+01,3.562500000000001776e-02,1.541000000000000014e+01,-5.906250000000046185e-02
4.330199999999999818e+03,5.626831054687500000e+01,5.312500000000008882e-02,1.533000000000000007e+01,-3.992187500000099476e-02
4.330300000000000182e+03,5.630493164062500000e+01,5.312500000000008882e-02,1.534999999999999964e+01,-4.867187500000103029e-02
4.330399999999999636e+03,5.641479492187500000e+01,6.312499999999987566e-02,1.533000000000000007e+01,-4.976562500000092371e-02
4.330500000000000000e+03,5.608520507812500000e+01,2.312499999999984013e-02,1.560999999999999943e+01,-7.328125000000085265e-02
4.330600000000000364e+03,5.584716796875000000e+01,4.062499999999991118e-02,1.543999999999999950e+01,-7.492187500000024869e-02
4.330699999999999818e+03,5.564575195312500000e+01,7.562500000000005329e-02,1.539000000000000057e+01,-1.088281250000004974e-01
4.330800000000000182e+03,5.570068359375000000e+01,4.812499999999975131e-02,1.545999999999999908e+01,-4.320312500000067502e-02
4.330899999999999636e+03,5.582885742187500000e+01,2.812499999999973355e-02,1.558000000000000007e+01,-3.007812500000106581e-02
4.331000000000000000e+03,5.494995117187500000e+01,2.062499999999989342e-02,1.520999999999999908e+01,-8.750000000000923706e-03
4.331100000000000364e+03,5.515136718750000000e+01,2.312499999999984013e-02,1.537999999999999901e+01,-2.570312500000060396e-02
4.331199999999999818e+03,5.494995117187500000e+01,6.312499999999987566e-02,1.547000000000000064e+01,-5.414062500000049738e-02
4.331300000000000182e+03,5.500488281250000000e+01,2.812499999999973355e-02,1.545999999999999908e+01,-4.429687500000056843e-02
4.331399999999999636e+03,5.502319335937500000e+01,6.312499999999987566e-02,1.515000000000000036e+01,-4.375000000000461853e-03
4.331500000000000000e+03,5.408935546875000000e+01,6.812499999999976907e-02,1.553999999999999915e+01,3.281249999999680256e-03
4.331600000000000364e+03,5.443725585937500000e+01,6.312499999999987566e-02,1.537999999999999901e+01,-5.796875000000056843e-02
4.331699999999999818e+03,5.425415039062500000e+01,4.562499999999980460e-02,1.541000000000000014e+01,-6.507812500000031974e-02
4.331800000000000182e+03,5.427246093750000000e+01,8.312499999999989342e-02,1.532000000000000028e+01,-4.867187500000103029e-02
4.331899999999999636e+03,5.390625000000000000e+01,7.562500000000005329e-02,1.532750000000000057e+01,-8.750000000000035527e-02
4.332000000000000000e+03,5.344848632812500000e+01,3.124999999999822364e-03,1.537999999999999901e+01,-1.257812500000099476e-02
4.332100000000000364e+03,5.385131835937500000e+01,5.062500000000014211e-02,1.533999999999999986e+01,-7.054687500000067502e-02
4.332199999999999818e+03,5.364990234375000000e+01,7.062500000000015987e-02,1.539000000000000057e+01,-4.375000000000106581e-02
4.332300000000000182e+03,5.337524414062500000e+01,3.812499999999996447e-02,1.520999999999999908e+01,-6.671875000000060396e-02
4.332399999999999636e+03,5.315551757812500000e+01,2.312499999999984013e-02,1.532000000000000028e+01,-2.734375000000088818e-02
4.332500000000000000e+03,5.278930664062500000e+01,4.562499999999980460e-02,1.552999999999999936e+01,-7.109375000000639488e-03
4.332600000000000364e+03,5.317382812500000000e+01,5.062500000000014211e-02,1.549000000000000021e+01,-4.539062500000046185e-02
4.332699999999999818e+03,5.300903320312500000e+01,5.062500000000014211e-02,1.520999999999999908e+01,-8.039062500000060396e-02
4.332800000000000182e+03,5.245971679687500000e+01,4.562499999999980460e-02,1.559999999999999964e+01,-5.687500000000067502e-02
4.332899999999999636e+03,5.253295898437500000e+01,5.312500000000008882e-02,1.544999999999999929e+01,-7.546875000000063949e-02
4.333000000000000000e+03,5.218505859375000000e+01,5.312500000000008882e-02,1.525999999999999979e+01,1.585937499999889866e-02
4.333100000000000364e+03,5.255126953125000000e+01,3.562500000000001776e-02,1.551999999999999957e+01,-5.632812500000028422e-02
4.333199999999999818e+03,5.196533203125000000e+01,3.562500000000001776e-02,1.534999999999999964e+01,-1.585937500000067502e-02
4.333300000000000182e+03,5.180053710937500000e+01,6.812499999999976907e-02,1.519999999999999929e+01,-6.562500000000248690e-03
4.333399999999999636e+03,5.192871093750000000e+01,2.812499999999973355e-02,1.547000000000000064e+01,-5.195312500000071054e-02
4.333500000000000000e+03,5.158081054687500000e+01,5.562500000000003553e-02,1.536999999999999922e+01,-7.546875000000063949e-02
4.333600000000000364e+03,5.191040039062500000e+01,4.312499999999985789e-02,1.543999999999999950e+01,-5.468750000000088818e-02
4.333699999999999818e+03,5.128784179687500000e+01,6.562499999999982236e-02,1.545999999999999908e+01,-3.992187500000099476e-02
4.333800000000000182e+03,5.128784179687500000e+01,3.312500000000007105e-02,1.535999999999999943e+01,-1.750000000000095923e-02
4.333899999999999636e+03,5.141601562500000000e+01,4.062499999999991118e-02,1.516999999999999993e+01,-5.195312500000071054e-02
4.334000000000000000e+03,5.106811523437500000e+01,4.312499999999985789e-02,1.537999999999999901e+01,3.007812499999928946e-02
4.334100000000000364e+03,5.095825195312500000e+01,3.812499999999996447e-02,1.531000000000000050e+01,-3.390625000000024869e-02
4.334199999999999818e+03,5.066528320312500000e+01,3.312500000000007105e-02,1.534999999999999964e+01,-5.304687500000060396e-02
4.334300000000000182e+03,5.068359375000000000e+01,5.312500000000008882e-02,1.547000000000000064e+01,-5.031250000000042633e-02
4.334399999999999636e+03,5.081176757812500000e+01,4.312499999999985789e-02,1.543999999999999950e+01,-6.945312500000078160e-02
4.334500000000000000e+03,5.029907226562500000e+01,5.312500000000008882e-02,1.549000000000000021e+01,-6.726562500000099476e-02
4.334600000000000364e+03,5.026245117187500000e+01,2.050000000000000711e-01,1.531000000000000050e+01,-8.039062500000060396e-02
4.334699999999999818e+03,5.009765625000000000e+01,2.562499999999978684e-02,1.542999999999999972e+01,-2.132812500000103029e-02
4.334800000000000182e+03,5.011596679687500000e+01,4.562499999999980460e-02,1.537999999999999901e+01,-7.218750000000095923e-02
4.334899999999999636e+03,5.020751953125000000e+01,2.812499999999973355e-02,1.514000000000000057e+01,-6.671875000000060396e-02
4.335000000000000000e+03,4.943847656250000000e+01,3.062500000000012434e-02,1.539000000000000057e+01,-7.875000000000031974e-02
4.335100000000000364e+03,4.969482421875000000e+01,6.812499999999976907e-02,1.519999999999999929e+01,-4.867187500000103029e-02
4.335199999999999818e+03,4.958496093750000000e+01,4.562499999999980460e-02,1.541999999999999993e+01,-5.140625000000031974e-02
4.335300000000000182e+03,4.962158203125000000e+01,5.312500000000008882e-02,1.535999999999999943e+01,-3.992187500000099476e-02
4.335399999999999636e+03,4.942016601562500000e+01,6.062499999999992895e-02,1.554999999999999893e+01,-1.585937500000067502e-02
4.335500000000000000e+03,4.885253906250000000e+01,5.062500000000014211e-02,1.569999999999999929e+01,-1.039062500000031974e-02
4.335600000000000364e+03,4.921875000000000000e+01,7.812500000000000000e-02,1.537999999999999901e+01,-4.046875000000049738e-02
4.335699999999999818e+03,4.905395507812500000e+01,5.812499999999998224e-02,1.533000000000000007e+01,-5.359375000000099476e-02
4.335800000000000182e+03,4.907226562500000000e+01,1.787499999999999645e-01,1.567999999999999972e+01,-3.773437500000031974e-02
4.335899999999999636e+03,4.872436523437500000e+01,2.562499999999978684e-02,1.520999999999999908e+01,-5.195312500000071054e-02
4.336000000000000000e+03,4.839477539062500000e+01,5.312500000000008882e-02,1.544999999999999929e+01,-2.351562500000081712e-02
4.336100000000000364e+03,4.870605468750000000e+01,2.812499999999973355e-02,1.552999999999999936e+01,-3.718750000000081712e-02
4.336199999999999818e+03,4.857788085937500000e+01,5.062500000000014211e-02,1.542999999999999972e+01,-6.289062500000053291e-02
4.336300000000000182e+03,4.821166992187500000e+01,4.312499999999985789e-02,1.536999999999999922e+01,-9.132812500000042633e-02
4.336399999999999636e+03,4.819335937500000000e+01,3.812499999999996447e-02,1.536999999999999922e+01,-2.078125000000063949e-02
4.336500000000000000e+03,4.788208007812500000e+01,7.312500000000010658e-02,1.533999999999999986e+01,-1.312500000000049738e-02
4.336600000000000364e+03,4.817504882812500000e+01,4.812499999999975131e-02,1.534999999999999964e+01,-3.882812500000110134e-02
4.336699999999999818e+03,4.806518554687500000e+01,3.312500000000007105e-02,1.537999999999999901e+01,-6.945312500000078160e-02
4.336800000000000182e+03,4.760742187500000000e+01,4.312499999999985789e-02,1.554999999999999893e+01,-5.851562500000095923e-02
4.336899999999999636e+03,4.768066406250000000e+01,6.249999999998756550e-04,1.523000000000000043e+01,9.843749999999040767e-03
4.337000000000000000e+03,4.733276367187500000e+01,5.312500000000008882e-02,1.540000000000000036e+01,-8.148437500000049738e-02
4.337100000000000364e+03,4.769897460937500000e+01,7.374999999999998224e-02,1.553999999999999915e+01,-9.570312500000088818e-02
4.337199999999999818e+03,4.714965820312500000e+01,3.312500000000007105e-02,1.535999999999999943e+01,-7.382812500000035527e-02
4.337300000000000182e+03,4.703979492187500000e+01,4.312499999999985789e-02,1.515000000000000036e+01,-4.484375000000095923e-02
4.337399999999999636e+03,4.716796875000000000e+01,-1.875000000000071054e-03,1.541999999999999993e+01,-9.898437500000056843e-02
4.337500000000000000e+03,4.685668945312500000e+01,3.562500000000001776e-02,1.560999999999999943e+01,-4.320312500000067502e-02
4.337600000000000364e+03,4.702148437500000000e+01,7.062500000000015987e-02,1.531000000000000050e+01,-5.468750000000088818e-02
4.337699999999999818e+03,4.654541015625000000e+01,4.312499999999985789e-02,1.515000000000000036e+01,-4.484375000000095923e-02
4.337800000000000182e+03,4.658203125000000000e+01,5.562500000000003553e-02,1.535999999999999943e+01,-2.460937500000071054e-02
4.337899999999999636e+03,4.669189453125000000e+01,2.312499999999984013e-02,1.545999999999999908e+01,-5.687500000000067502e-02
4.338000000000000000e+03,4.636230468750000000e+01,2.812499999999973355e-02,1.550000000000000000e+01,-6.015625000000746070e-03
4.338100000000000364e+03,4.630737304687500000e+01,5.562500000000003553e-02,1.527999999999999936e+01,-4.046875000000049738e-02
4.338199999999999818e+03,4.614257812500000000e+01,7.062500000000015987e-02,1.530749999999999922e+01,-6.234375000000103029e-02
4.338300000000000182e+03,4.617919921875000000e+01,4.062499999999991118e-02,1.545999999999999908e+01,1.531249999999939604e-02
4.338399999999999636e+03,4.630737304687500000e+01,5.812499999999998224e-02,1.537999999999999901e+01,-6.289062500000053291e-02
4.338500000000000000e+03,4.572143554687500000e+01,4.312499999999985789e-02,1.566000000000000014e+01,-4.539062500000046185e-02
4.338600000000000364e+03,4.592285156250000000e+01,6.812499999999976907e-02,1.527999999999999936e+01,-6.890625000000039080e-02
4.338699999999999818e+03,4.577636718750000000e+01,7.062500000000015987e-02,1.547000000000000064e+01,-4.593750000000085265e-02
4.338800000000000182e+03,4.577636718750000000e+01,4.562499999999980460e-02,1.549000000000000021e+01,-6.890625000000039080e-02
4.338899999999999636e+03,4.590454101562500000e+01,3.312500000000007105e-02,1.525999999999999979e+01,-8.257812500000039080e-02
4.339000000000000000e+03,4.509887695312500000e+01,4.062499999999991118e-02,1.551999999999999957e+01,-7.164062500000056843e-02
4.339100000000000364e+03,4.541015625000000000e+01,3.312500000000007105e-02,1.533999999999999986e+01,-5.304687500000060396e-02
4.339199999999999818e+03,4.526367187500000000e+01,5.812499999999998224e-02,1.543999999999999950e+01,-6.179687500000063949e-02
4.339300000000000182e+03,4.530029296875000000e+01,2.812499999999973355e-02,1.557000000000000028e+01,-7.164062500000056843e-02
4.339399999999999636e+03,4.508056640625000000e+01,6.562499999999982236e-02,1.550000000000000000e+01,-2.734375000000088818e-02
4.339500000000000000e+03,4.465942382812500000e+01,-2.437500000000003553e-02,1.541999999999999993e+01,-7.656250000001030287e-03
4.339600000000000364e+03,4.500732421875000000e+01,5.312500000000008882e-02,1.562999999999999901e+01,1.859374999999907629e-02
4.339699999999999818e+03,4.484252929687500000e+01,8.562499999999984013e-02,1.551999999999999957e+01,-5.796875000000056843e-02
4.339800000000000182e+03,4.478759765625000000e+01,6.062499999999992895e-02,1.542999999999999972e+01,-3.500000000000103029e-02
4.339899999999999636e+03,4.458618164062500000e+01,4.562499999999980460e-02,1.514000000000000057e+01,-6.289062500000053291e-02
4.340000000000000000e+03,4.425659179687500000e+01,6.062499999999992895e-02,1.537999999999999901e+01,-2.789062500000039080e-02
4.340100000000000364e+03,4.456787109375000000e+01,4.562499999999980460e-02,1.534999999999999964e+01,1.968749999999896971e-02
4.340199999999999818e+03,4.443969726562500000e+01,5.062500000000014211e-02,1.542999999999999972e+01,-4.320312500000067502e-02
4.340300000000000182e+03,4.412841796875000000e+01,4.312499999999985789e-02,1.535999999999999943e+01,-5.851562500000095923e-02
4.340399999999999636e+03,4.420166015625000000e+01,6.062499999999992895e-02,1.548000000000000043e+01,-7.656250000000053291e-02
4.340500000000000000e+03,4.390869140625000000e+01,7.812500000000000000e-02,1.537999999999999901e+01,-5.140625000000031974e-02
4.340600000000000364e+03,4.418334960937500000e+01,6.562499999999982236e-02,1.554999999999999893e+01,1.421874999999950262e-02
4.340699999999999818e+03,4.385375976562500000e+01,6.562499999999982236e-02,1.525000000000000000e+01,-5.960937500000085265e-02
4.340800000000000182e+03,4.367065429687500000e+01,5.812499999999998224e-02,1.550000000000000000e+01,-2.460937500000071054e-02
4.340899999999999636e+03,4.379882812500000000e+01,6.562499999999982236e-02,1.520999999999999908e+01,1.203124999999971578e-02
4.341000000000000000e+03,4.345092773437500000e+01,4.312499999999985789e-02,1.534999999999999964e+01,-6.125000000000024869e-02
4.341100000000000364e+03,4.381713867187500000e+01,6.062499999999992895e-02,1.534999999999999964e+01,-3.390625000000024869e-02
4.341199999999999818e+03,4.330444335937500000e+01,4.062499999999991118e-02,1.549000000000000021e+01,-6.398437500000042633e-02
4.341300000000000182e+03,4.328613281250000000e+01,5.062500000000014211e-02,1.516000000000000014e+01,-2.187500000000053291e-02
4.341399999999999636e+03,4.337768554687500000e+01,5.312500000000008882e-02,1.528999999999999915e+01,-2.515625000000110134e-02
4.341500000000000000e+03,4.308471679687500000e+01,5.062500000000014211e-02,1.550999999999999979e+01,-4.375000000000461853e-03
4.341600000000000364e+03,4.315795898437500000e+01,2.062499999999989342e-02,1.551999999999999957e+01,-6.343750000000092371e-02
4.341699999999999818e+03,4.286499023437500000e+01,3.562500000000001776e-02,1.552999999999999936e+01,-8.750000000000035527e-02
4.341800000000000182e+03,4.290161132812500000e+01,4.312499999999985789e-02,1.540000000000000036e+01,-1.093750000000781597e-03
4.341899999999999636e+03,4.299316406250000000e+01,3.062500000000012434e-02,1.541000000000000014e+01,-2.187500000000053291e-02
4.342000000000000000e+03,4.266357421875000000e+01,2.812499999999973355e-02,1.543999999999999950e+01,-5.031250000000042633e-02
4.342100000000000364e+03,4.270019531250000000e+01,2.812499999999973355e-02,1.527999999999999936e+01,-5.414062500000049738e-02
4.342199999999999818e+03,4.257202148437500000e+01,5.812499999999998224e-02,1.529999999999999893e+01,2.187499999998898659e-03
4.342300000000000182e+03,4.255371093750000000e+01,4.312499999999985789e-02,1.541999999999999993e+01,-4.101562500000088818e-02
4.342399999999999636e+03,4.266357421875000000e+01,4.312499999999985789e-02,1.554999999999999893e+01,-6.289062500000053291e-02
4.342500000000000000e+03,4.207763671875000000e+01,3.312500000000007105e-02,1.549000000000000021e+01,-3.828125000000071054e-02
4.342600000000000364e+03,4.227905273437500000e+01,6.562499999999982236e-02,1.552999999999999936e+01,-4.484375000000095923e-02
4.342699999999999818e+03,4.216918945312500000e+01,4.562499999999980460e-02,1.537999999999999901e+01,-1.750000000000095923e-02
4.342800000000000182e+03,4.216918945312500000e+01,6.812499999999976907e-02,1.535999999999999943e+01,-6.343750000000092371e-02
4.342899999999999636e+03,4.227905273437500000e+01,5.312500000000008882e-02,1.533999999999999986e+01,-6.890625000000039080e-02
4.343000000000000000e+03,4.194946289062500000e+01,4.374999999999973355e-02,1.534999999999999964e+01,-3.500000000000103029e-02
4.343100000000000364e+03,4.227905273437500000e+01,6.312499999999987566e-02,1.557000000000000028e+01,-3.664062500000042633e-02
4.343199999999999818e+03,4.216918945312500000e+01,5.312500000000008882e-02,1.532000000000000028e+01,-3.171875000000046185e-02
4.343300000000000182e+03,4.218750000000000000e+01,2.062499999999989342e-02,1.548000000000000043e+01,-4.101562500000088818e-02
4.343399999999999636e+03,4.226074218750000000e+01,3.562500000000001776e-02,1.548000000000000043e+01,-2.898437500000028422e-02
4.343500000000000000e+03,4.194946289062500000e+01,4.812499999999975131e-02,1.539000000000000057e+01,-6.015625000000746070e-03
4.343600000000000364e+03,4.226074218750000000e+01,5.062500000000014211e-02,1.527999999999999936e+01,-3.500000000000103029e-02
4.343699999999999818e+03,4.215087890625000000e+01,5.062500000000014211e-02,1.528999999999999915e+01,-6.343750000000092371e-02
4.343800000000000182e+03,4.253540039062500000e+01,4.312499999999985789e-02,1.523000000000000043e+01,-1.039062500000005329e-01
4.343899999999999636e+03,4.291992187500000000e+01,7.312500000000010658e-02,1.544999999999999929e+01,-4.867187500000103029e-02
4.344000000000000000e+03,4.268188476562500000e+01,4.562499999999980460e-02,1.527999999999999936e+01,-3.445312500000063949e-02
4.344100000000000364e+03,4.295654296875000000e+01,2.890000000000000124e+00,1.527999999999999936e+01,1.548640624999999993e+01
4.344199999999999818e+03,4.284667968750000000e+01,2.895000000000000018e+00,1.520999999999999908e+01,1.544539062499999993e+01
4.344300000000000182e+03,4.484252929687500000e+01,2.890000000000000124e+00,1.543999999999999950e+01,1.543281250000000071e+01
4.344399999999999636e+03,4.509887695312500000e+01,2.904999999999999805e+00,1.557000000000000028e+01,1.543445312500000099e+01
4.344500000000000000e+03,4.478759765625000000e+01,2.897499999999999964e+00,1.526999999999999957e+01,1.545687500000000014e+01
4.344600000000000364e+03,4.508056640625000000e+01,2.904999999999999805e+00,1.523000000000000043e+01,1.553015625000000099e+01
4.344699999999999818e+03,4.740600585937500000e+01,2.935000000000000053e+00,1.536999999999999922e+01,1.543171874999999993e+01
4.344800000000000182e+03,4.822998046875000000e+01,2.930000000000000160e+00,1.548000000000000043e+01,1.547437500000000021e+01
4.344899999999999636e+03,4.837646484375000000e+01,2.984999999999999876e+00,1.525000000000000000e+01,1.548531250000000092e+01
4.345000000000000000e+03,4.808349609375000000e+01,2.952500000000000124e+00,1.532750000000000057e+01,1.544812500000000099e+01
4.345100000000000364e+03,4.920043945312500000e+01,2.970000000000000195e+00,1.544999999999999929e+01,1.551703125000000050e+01
4.345199999999999818e+03,5.240478515625000000e+01,2.990000000000000213e+00,1.542999999999999972e+01,1.545960937500000121e+01
4.345300000000000182e+03,5.258789062500000000e+01,2.955000000000000071e+00,1.535999999999999943e+01,1.546343750000000128e+01
4.345399999999999636e+03,5.267944335937500000e+01,2.959999999999999964e+00,1.542999999999999972e+01,1.548531250000000092e+01
4.345500000000000000e+03,5.238647460937500000e+01,2.967499999999999805e+00,1.550000000000000000e+01,1.542460937500000107e+01
4.345600000000000364e+03,5.626831054687500000e+01,2.975000000000000089e+00,1.528999999999999915e+01,1.545632812500000064e+01
4.345699999999999818e+03,5.672607421875000000e+01,3.000000000000000000e+00,1.539000000000000057e+01,1.545687500000000014e+01
4.345800000000000182e+03,5.678100585937500000e+01,3.002499999999999947e+00,1.525000000000000000e+01,1.552414062500000114e+01
4.345899999999999636e+03,5.692749023437500000e+01,2.997500000000000053e+00,1.540000000000000036e+01,1.544539062499999993e+01
4.346000000000000000e+03,5.811767578125000000e+01,2.995000000000000107e+00,1.526999999999999957e+01,1.546070312500000021e+01
4.346100000000000364e+03,6.026000976562500000e+01,3.012500000000000178e+00,1.552999999999999936e+01,1.543664062500000078e+01
4.346199999999999818e+03,6.011352539062500000e+01,3.022499999999999964e+00,1.535999999999999943e+01,1.544593750000000121e+01
4.346300000000000182e+03,6.020507812500000000e+01,3.035000000000000142e+00,1.545749999999999957e+01,1.547765625000000078e+01
4.346399999999999636e+03,6.033325195312500000e+01,3.047499999999999876e+00,1.554999999999999893e+01,1.544429687500000092e+01
4.346500000000000000e+03,6.260375976562500000e+01,3.035000000000000142e+00,1.552999999999999936e+01,1.547273437499999993e+01
4.346600000000000364e+03,6.322631835937500000e+01,3.042499999999999982e+00,1.507000000000000028e+01,1.548914062500000099e+01
4.346699999999999818e+03,6.300659179687500000e+01,3.029999999999999805e+00,1.543999999999999950e+01,1.544593750000000121e+01
4.346800000000000182e+03,6.309814453125000000e+01,3.042499999999999982e+00,1.537999999999999901e+01,1.550226562500000149e+01
4.346899999999999636e+03,6.511230468750000000e+01,3.092499999999999805e+00,1.566999999999999993e+01,1.547437500000000021e+01
4.347000000000000000e+03,6.542358398437500000e+01,3.072499999999999787e+00,1.557000000000000028e+01,1.548093750000000135e+01
4.347100000000000364e+03,6.589965820312500000e+01,3.087499999999999911e+00,1.525999999999999979e+01,1.548257812500000163e+01
4.347199999999999818e+03,6.560668945312500000e+01,3.087499999999999911e+00,1.527999999999999936e+01,1.550226562500000149e+01
4.347300000000000182e+03,6.582641601562500000e+01,3.095000000000000195e+00,1.552999999999999936e+01,1.549406250000000007e+01
4.347399999999999636e+03,6.820678710937500000e+01,3.072499999999999787e+00,1.548000000000000043e+01,1.550773437500000007e+01
4.347500000000000000e+03,6.795043945312500000e+01,3.057500000000000107e+00,1.553999999999999915e+01,1.548914062500000099e+01
4.347600000000000364e+03,6.838989257812500000e+01,3.084999999999999964e+00,1.551999999999999957e+01,1.544921875000000000e+01
4.347699999999999818e+03,6.813354492187500000e+01,3.112499999999999822e+00,1.548000000000000043e+01,1.551593750000000149e+01
4.347800000000000182e+03,7.001953125000000000e+01,3.134999999999999787e+00,1.549000000000000021e+01,1.545687500000000014e+01
4.347899999999999636e+03,7.049560546875000000e+01,3.097500000000000142e+00,1.542999999999999972e+01,1.545031250000000078e+01
4.348000000000000000e+03,7.016601562500000000e+01,3.129999999999999893e+00,1.535999999999999943e+01,1.551921875000000028e+01
4.348100000000000364e+03,7.056884765625000000e+01,3.089999999999999858e+00,1.519999999999999929e+01,1.543171874999999993e+01
4.348199999999999818e+03,7.109985351562500000e+01,3.165000000000000036e+00,1.525999999999999979e+01,1.549898437500000092e+01
4.348300000000000182e+03,7.249145507812500000e+01,3.112499999999999822e+00,1.547000000000000064e+01,1.543335937500000021e+01
4.348399999999999636e+03,7.265625000000000000e+01,3.157500000000000195e+00,1.545999999999999908e+01,1.549789062500000014e+01
4.348500000000000000e+03,7.223510742187500000e+01,3.140000000000000124e+00,1.560749999999999993e+01,1.548531250000000092e+01
4.348600000000000364e+03,7.269287109375000000e+01,3.162500000000000089e+00,1.552999999999999936e+01,1.546617187500000057e+01
4.348699999999999818e+03,7.417602539062500000e+01,3.297499999999999876e+00,1.553999999999999915e+01,1.551703125000000050e+01
4.348800000000000182e+03,7.454223632812500000e+01,3.167499999999999982e+00,1.525999999999999979e+01,1.546671875000000007e+01
4.348899999999999636e+03,7.463378906250000000e+01,3.167499999999999982e+00,1.551999999999999957e+01,1.549351562500000057e+01
4.349000000000000000e+03,7.424926757812500000e+01,3.169999999999999929e+00,1.550999999999999979e+01,1.545031250000000078e+01
4.349100000000000364e+03,7.600708007812500000e+01,3.194999999999999840e+00,1.534999999999999964e+01,1.551648437500000099e+01
4.349199999999999818e+03,7.626342773437500000e+01,3.177500000000000213e+00,1.525000000000000000e+01,1.548859375000000149e+01
4.349300000000000182e+03,7.646484375000000000e+01,3.232499999999999929e+00,1.520999999999999908e+01,1.542515625000000057e+01
4.349399999999999636e+03,7.659301757812500000e+01,3.202500000000000124e+00,1.528999999999999915e+01,1.550992187500000163e+01
4.349500000000000000e+03,7.626342773437500000e+01,3.222500000000000142e+00,1.540000000000000036e+01,1.552140625000000007e+01
4.349600000000000364e+03,7.833251953125000000e+01,3.187500000000000000e+00,1.550999999999999979e+01,1.546945312500000114e+01
4.349699999999999818e+03,7.807617187500000000e+01,3.209999999999999964e+00,1.552999999999999936e+01,1.552250000000000085e+01
4.349800000000000182e+03,7.825927734375000000e+01,3.232499999999999929e+00,1.541000000000000014e+01,1.552851562500000071e+01
4.349899999999999636e+03,7.836914062500000000e+01,3.187500000000000000e+00,1.523000000000000043e+01,1.542843750000000114e+01
4.350000000000000000e+03,7.948608398437500000e+01,3.240000000000000213e+00,1.540000000000000036e+01,1.543773437500000156e+01
4.350100000000000364e+03,8.023681640625000000e+01,3.225000000000000089e+00,1.533000000000000007e+01,1.554984375000000085e+01
4.350199999999999818e+03,7.987060546875000000e+01,3.250000000000000000e+00,1.547000000000000064e+01,1.552906250000000021e+01
4.350300000000000182e+03,8.007202148437500000e+01,3.232499999999999929e+00,1.533999999999999986e+01,1.551539062500000021e+01
4.350399999999999636e+03,8.087768554687500000e+01,3.205000000000000071e+00,1.550000000000000000e+01,1.547929687500000107e+01
4.350500000000000000e+03,8.140869140625000000e+01,3.265000000000000124e+00,1.535999999999999943e+01,1.543281250000000071e+01
4.350600000000000364e+03,8.195800781250000000e+01,3.277499999999999858e+00,1.539000000000000057e+01,1.549023437500000000e+01
4.350699999999999818e+03,8.157348632812500000e+01,3.280000000000000249e+00,1.544999999999999929e+01,1.547601562500000050e+01
4.350800000000000182e+03,8.179321289062500000e+01,3.240000000000000213e+00,1.533000000000000007e+01,1.551101562500000064e+01
4.350899999999999636e+03,8.333129882812500000e+01,3.267500000000000071e+00,1.547000000000000064e+01,1.548203125000000036e+01
4.351000000000000000e+03,8.305664062500000000e+01,3.282500000000000195e+00,1.551999999999999957e+01,1.541531250000000064e+01
4.351100000000000364e+03,8.356933593750000000e+01,3.302500000000000213e+00,1.558000000000000007e+01,1.544867187500000050e+01
4.351199999999999818e+03,8.316650390625000000e+01,3.267500000000000071e+00,1.541999999999999993e+01,1.549351562500000057e+01
4.351300000000000182e+03,8.455810546875000000e+01,3.272499999999999964e+00,1.531000000000000050e+01,1.541968750000000021e+01
4.351399999999999636e+03,8.514404296875000000e+01,3.305000000000000160e+00,1.529999999999999893e+01,1.552632812500000092e+01
4.351500000000000000e+03,8.474121093750000000e+01,3.302500000000000213e+00,1.548000000000000043e+01,1.546289062500000000e+01
4.351600000000000364e+03,8.529052734375000000e+01,3.314999999999999947e+00,1.543999999999999950e+01,1.548312500000000114e+01
4.351699999999999818e+03,8.494262695312500000e+01,3.314999999999999947e+00,1.539000000000000057e+01,1.546617187500000057e+01
4.351800000000000182e+03,8.657226562500000000e+01,3.299999999999999822e+00,1.549000000000000021e+01,1.547437500000000021e+01
4.351899999999999636e+03,8.677368164062500000e+01,3.294999999999999929e+00,1.566000000000000014e+01,1.545906249999999993e+01
4.352000000000000000e+03,8.635253906250000000e+01,3.452500000000000124e+00,1.535999999999999943e+01,1.550554687500000028e+01
4.352100000000000364e+03,8.686523437500000000e+01,3.305000000000000160e+00,1.540000000000000036e+01,1.547328125000000121e+01
4.352199999999999818e+03,8.776245117187500000e+01,3.345000000000000195e+00,1.550000000000000000e+01,1.544429687500000092e+01
4.352300000000000182e+03,8.825683593750000000e+01,3.354999999999999982e+00,1.547000000000000064e+01,1.540710937500000099e+01
4.352399999999999636e+03,8.838500976562500000e+01,3.337499999999999911e+00,1.547000000000000064e+01,1.547437500000000021e+01
4.352500000000000000e+03,8.794555664062500000e+01,3.354999999999999982e+00,1.525999999999999979e+01,1.548203125000000036e+01
4.352600000000000364e+03,8.911743164062500000e+01,3.337499999999999911e+00,1.554999999999999893e+01,1.545523437500000163e+01
4.352699999999999818e+03,8.948364257812500000e+01,3.379999999999999893e+00,1.557000000000000028e+01,1.553835937500000064e+01
4.352800000000000182e+03,8.983154296875000000e+01,3.387500000000000178e+00,1.547749999999999915e+01,1.545250000000000057e+01
4.352899999999999636e+03,8.983154296875000000e+01,3.370000000000000107e+00,1.550999999999999979e+01,1.549734375000000064e+01
4.353000000000000000e+03,8.946533203125000000e+01,3.405000000000000249e+00,1.532000000000000028e+01,1.545796875000000092e+01
4.353100000000000364e+03,9.144287109375000000e+01,3.345000000000000195e+00,1.570999999999999908e+01,1.549023437500000000e+01
4.353199999999999818e+03,9.109497070312500000e+01,3.430000000000000160e+00,1.560999999999999943e+01,1.549570312500000036e+01
4.353300000000000182e+03,9.138793945312500000e+01,3.382499999999999840e+00,1.537999999999999901e+01,1.548257812500000163e+01
4.353399999999999636e+03,9.146118164062500000e+01,3.427500000000000213e+00,1.536999999999999922e+01,1.547546875000000099e+01
4.353500000000000000e+03,9.213867187500000000e+01,3.405000000000000249e+00,1.532000000000000028e+01,1.545632812500000064e+01
4.353600000000000364e+03,9.305419921875000000e+01,3.432500000000000107e+00,1.525000000000000000e+01,1.548421875000000014e+01
4.353699999999999818e+03,9.263305664062500000e+01,3.412500000000000089e+00,1.535999999999999943e+01,1.547929687500000107e+01
4.353800000000000182e+03,9.294433593750000000e+01,3.417499999999999982e+00,1.541000000000000014e+01,1.544976562500000128e+01
4.353899999999999636e+03,9.309082031250000000e+01,3.422499999999999876e+00,1.552999999999999936e+01,1.545632812500000064e+01
4.354000000000000000e+03,9.400634765625000000e+01,3.444999999999999840e+00,1.519999999999999929e+01,1.545468750000000036e+01
4.354100000000000364e+03,9.457397460937500000e+01,3.415000000000000036e+00,1.540000000000000036e+01,1.553015625000000099e+01
4.354199999999999818e+03,9.409790039062500000e+01,3.447499999999999787e+00,1.564000000000000057e+01,1.540546875000000071e+01
4.354300000000000182e+03,9.442749023437500000e+01,3.435000000000000053e+00,1.541999999999999993e+01,1.546125000000000149e+01
4.354399999999999636e+03,9.570922851562500000e+01,3.479999999999999982e+00,1.564000000000000057e+01,1.547546875000000099e+01
4.354500000000000000e+03,9.554443359375000000e+01,3.467500000000000249e+00,1.540750000000000064e+01,1.544867187500000050e+01
4.354600000000000364e+03,9.609375000000000000e+01,3.457500000000000018e+00,1.533999999999999986e+01,1.546398437500000078e+01
4.354699999999999818e+03,9.558105468750000000e+01,3.497500000000000053e+00,1.529999999999999893e+01,1.548476562500000142e+01
4.354800000000000182e+03,9.655151367187500000e+01,3.482499999999999929e+00,1.543999999999999950e+01,1.548968750000000050e+01
4.354899999999999636e+03,9.746704101562500000e+01,3.484999999999999876e+00,1.524000000000000021e+01,1.546781250000000085e+01
4.355000000000000000e+03,9.706420898437500000e+01,3.524999999999999911e+00,1.525000000000000000e+01,1.546289062500000000e+01
4.355100000000000364e+03,9.757690429687500000e+01,3.549999999999999822e+00,1.547000000000000064e+01,1.544210937500000114e+01
4.355199999999999818e+03,9.711914062500000000e+01,3.509999999999999787e+00,1.525999999999999979e+01,1.546890625000000163e+01
4.355300000000000182e+03,9.882202148437500000e+01,3.470000000000000195e+00,1.551999999999999957e+01,1.542734375000000036e+01
4.355399999999999636e+03,9.898681640625000000e+01,3.504999999999999893e+00,1.556000000000000050e+01,1.544539062499999993e+01
4.355500000000000000e+03,9.854736328125000000e+01,3.527499999999999858e+00,1.557000000000000028e+01,1.544648437500000071e+01
4.355600000000000364e+03,9.909667968750000000e+01,3.524999999999999911e+00,1.554999999999999893e+01,1.546726562500000135e+01
4.355699999999999818e+03,9.959106445312500000e+01,3.512500000000000178e+00,1.526999999999999957e+01,1.546507812500000156e+01
4.355800000000000182e+03,1.004150390625000000e+02,3.587499999999999911e+00,1.537999999999999901e+01,1.547765625000000078e+01
4.355899999999999636e+03,1.004516601562500000e+02,3.537500000000000089e+00,1.543999999999999950e+01,1.544867187500000050e+01
4.356000000000000000e+03,1.000854492187500000e+02,3.515000000000000124e+00,1.548000000000000043e+01,1.546507812500000156e+01
4.356100000000000364e+03,1.007263183593750000e+02,3.570000000000000284e+00,1.523000000000000043e+01,1.545742187500000142e+01
4.356199999999999818e+03,1.015136718750000000e+02,3.587499999999999911e+00,1.525999999999999979e+01,1.547656250000000000e+01
4.356300000000000182e+03,1.019165039062500000e+02,3.557500000000000107e+00,1.533000000000000007e+01,1.545578125000000114e+01
4.356399999999999636e+03,1.019897460937500000e+02,3.577500000000000124e+00,1.542999999999999972e+01,1.547656250000000000e+01
4.356500000000000000e+03,1.015319824218750000e+02,3.555000000000000160e+00,1.537999999999999901e+01,1.548914062500000099e+01
4.356600000000000364e+03,1.033813476562500000e+02,3.597500000000000142e+00,1.537999999999999901e+01,1.548585937500000043e+01
4.356699999999999818e+03,1.030517578125000000e+02,3.562500000000000000e+00,1.562999999999999901e+01,1.544812500000000099e+01
4.356800000000000182e+03,1.034362792968750000e+02,3.612499999999999822e+00,1.558000000000000007e+01,1.545960937500000121e+01
4.356899999999999636e+03,1.034729003906250000e+02,3.602500000000000036e+00,1.542999999999999972e+01,1.544648437500000071e+01
4.357000000000000000e+03,1.038757324218750000e+02,3.612499999999999822e+00,1.541000000000000014e+01,1.546781250000000085e+01
4.357100000000000364e+03,1.050842285156250000e+02,3.652499999999999858e+00,1.540000000000000036e+01,1.542789062500000163e+01
4.357199999999999818e+03,1.045715332031250000e+02,3.652499999999999858e+00,1.536999999999999922e+01,1.544703125000000021e+01
4.357300000000000182e+03,1.049560546875000000e+02,3.645000000000000018e+00,1.545999999999999908e+01,1.547710937500000128e+01
4.357399999999999636e+03,1.049926757812500000e+02,3.667499999999999982e+00,1.545999999999999908e+01,1.546671875000000007e+01
4.357500000000000000e+03,1.059997558593750000e+02,3.825000000000000178e+00,1.539000000000000057e+01,1.553835937500000064e+01
4.357600000000000364e+03,1.066406250000000000e+02,3.660000000000000142e+00,1.548000000000000043e+01,1.548367187500000064e+01
4.357699999999999818e+03,1.060729980468750000e+02,3.689999999999999947e+00,1.533999999999999986e+01,1.542843750000000114e+01
4.357800000000000182e+03,1.064758300781250000e+02,3.680000000000000160e+00,1.551750000000000007e+01,1.549734375000000064e+01
4.357899999999999636e+03,1.076110839843750000e+02,3.660000000000000142e+00,1.540000000000000036e+01,1.547000000000000064e+01
4.358000000000000000e+03,1.076110839843750000e+02,3.707500000000000018e+00,1.528999999999999915e+01,1.544812500000000099e+01
4.358100000000000364e+03,1.081420898437500000e+02,3.677500000000000213e+00,1.545999999999999908e+01,1.553015625000000099e+01
4.358199999999999818e+03,1.075744628906250000e+02,3.709999999999999964e+00,1.552999999999999936e+01,1.543609375000000128e+01
4.358300000000000182e+03,1.080688476562500000e+02,3.717500000000000249e+00,1.548000000000000043e+01,1.550007812499999993e+01
4.358399999999999636e+03,1.085266113281250000e+02,3.727500000000000036e+00,1.522000000000000064e+01,1.548585937500000043e+01
4.358500000000000000e+03,1.080505371093750000e+02,3.607499999999999929e+00,1.539749999999999908e+01,1.543609375000000128e+01
4.358600000000000364e+03,1.086547851562500000e+02,3.774999999999999911e+00,1.535999999999999943e+01,1.545359375000000135e+01
4.358699999999999818e+03,1.080688476562500000e+02,3.750000000000000000e+00,1.515000000000000036e+01,1.548968750000000050e+01
4.358800000000000182e+03,1.085083007812500000e+02,3.792499999999999982e+00,1.537999999999999901e+01,1.542515625000000057e+01
4.358899999999999636e+03,1.084899902343750000e+02,3.792499999999999982e+00,1.516000000000000014e+01,1.545632812500000064e+01
4.359000000000000000e+03,1.081054687500000000e+02,3.782499999999999751e+00,1.532000000000000028e+01,1.550554687500000028e+01
4.359100000000000364e+03,1.086914062500000000e+02,3.794999999999999929e+00,1.528999999999999915e+01,1.550117187500000071e+01
4.359199999999999818e+03,1.080871582031250000e+02,3.802500000000000213e+00,1.550000000000000000e+01,1.542242187500000128e+01
4.359300000000000182e+03,1.085266113281250000e+02,6.812499999999976907e-02,1.540000000000000036e+01,-5.468750000000355271e-03
4.359399999999999636e+03,1.085083007812500000e+02,4.062499999999991118e-02,1.526999999999999957e+01,-6.671875000000060396e-02
4.359500000000000000e+03,1.081237792968750000e+02,4.812499999999975131e-02,1.543999999999999950e+01,-1.312500000000049738e-02
4.359600000000000364e+03,1.086730957031250000e+02,1.812499999999994671e-02,1.556000000000000050e+01,-2.242187500000092371e-02
4.359699999999999818e+03,1.070800781250000000e+02,3.312500000000007105e-02,1.533000000000000007e+01,-1.033593750000010303e-01
4.359800000000000182e+03,1.073913574218750000e+02,2.812499999999973355e-02,1.537999999999999901e+01,-3.609375000000092371e-02
4.359899999999999636e+03,1.073913574218750000e+02,2.812499999999973355e-02,1.524000000000000021e+01,-3.335937500000074607e-02
4.360000000000000000e+03,1.070068359375000000e+02,5.312500000000008882e-02,1.535999999999999943e+01,-4.703125000000074607e-02
4.360100000000000364e+03,1.057434082031250000e+02,6.812499999999976907e-02,1.516999999999999993e+01,-2.570312500000060396e-02
4.360199999999999818e+03,1.046081542968750000e+02,4.062499999999991118e-02,1.552999999999999936e+01,-6.781250000000049738e-02
4.360300000000000182e+03,1.049560546875000000e+02,5.312500000000008882e-02,1.525999999999999979e+01,-2.406250000000031974e-02
4.360399999999999636e+03,1.049926757812500000e+02,6.562499999999982236e-02,1.519999999999999929e+01,-2.351562500000081712e-02
4.360500000000000000e+03,1.038757324218750000e+02,4.062499999999991118e-02,1.537999999999999901e+01,-3.281250000000568434e-03
4.360600000000000364e+03,1.016418457031250000e+02,4.062499999999991118e-02,1.550000000000000000e+01,-2.625000000000099476e-02
4.360699999999999818e+03,1.010375976562500000e+02,8.124999999999715783e-03,1.516999999999999993e+01,-6.015625000000746070e-03
4.360800000000000182e+03,1.013305664062500000e+02,3.062500000000012434e-02,1.548000000000000043e+01,-2.242187500000092371e-02
4.360899999999999636e+03,1.013854980468750000e+02,4.312499999999985789e-02,1.516000000000000014e+01,-2.843750000000078160e-02
4.361000000000000000e+03,9.786987304687500000e+01,2.062499999999989342e-02,1.550999999999999979e+01,-4.648437500000035527e-02
4.361100000000000364e+03,9.794311523437500000e+01,4.812499999999975131e-02,1.536999999999999922e+01,-1.257812500000099476e-02
4.361199999999999818e+03,9.743041992187500000e+01,7.812500000000000000e-02,1.525000000000000000e+01,-3.171875000000046185e-02
4.361300000000000182e+03,9.774169921875000000e+01,7.812500000000000000e-02,1.525999999999999979e+01,-8.859375000000024869e-02
4.361399999999999636e+03,9.622192382812500000e+01,8.062499999999994671e-02,1.541000000000000014e+01,-1.640625000000284217e-03
4.361500000000000000e+03,9.450073242187500000e+01,6.062499999999992895e-02,1.547000000000000064e+01,-3.390625000000024869e-02
4.361600000000000364e+03,9.495849609375000000e+01,4.562499999999980460e-02,1.533999999999999986e+01,-7.437500000000074607e-02
4.361699999999999818e+03,9.453735351562500000e+01,6.062499999999992895e-02,1.539000000000000057e+01,-1.968750000000074607e-02
4.361800000000000182e+03,9.488525390625000000e+01,4.562499999999980460e-02,1.545999999999999908e+01,-5.906250000000046185e-02
4.361899999999999636e+03,9.257812500000000000e+01,5.312500000000008882e-02,1.547000000000000064e+01,-1.367187500000088818e-02
4.362000000000000000e+03,9.204711914062500000e+01,-1.006249999999999645e-01,1.520999999999999908e+01,-8.695312500000085265e-02
4.362100000000000364e+03,9.248657226562500000e+01,4.062499999999991118e-02,1.536999999999999922e+01,-1.257812500000099476e-02
4.362199999999999818e+03,9.201049804687500000e+01,2.812499999999973355e-02,1.549000000000000021e+01,-4.593750000000085265e-02
4.362300000000000182e+03,9.072875976562500000e+01,1.812499999999994671e-02,1.545999999999999908e+01,-7.656250000001030287e-03
4.362399999999999636e+03,9.021606445312500000e+01,2.062499999999989342e-02,1.547000000000000064e+01,-2.132812500000103029e-02
4.362500000000000000e+03,8.975830078125000000e+01,4.812499999999975131e-02,1.541000000000000014e+01,-1.476562500000078160e-02
4.362600000000000364e+03,9.025268554687500000e+01,6.062499999999992895e-02,1.549000000000000021e+01,-5.304687500000060396e-02
4.362699999999999818e+03,8.955688476562500000e+01,4.062499999999991118e-02,1.550999999999999979e+01,-3.335937500000074607e-02
4.362800000000000182e+03,8.816528320312500000e+01,3.312500000000007105e-02,1.535999999999999943e+01,-1.367187500000088818e-02
4.362899999999999636e+03,8.818359375000000000e+01,4.562499999999980460e-02,1.537999999999999901e+01,-4.320312500000067502e-02
4.363000000000000000e+03,8.774414062500000000e+01,4.062499999999991118e-02,1.540000000000000036e+01,-2.406250000000031974e-02
4.363100000000000364e+03,8.825683593750000000e+01,6.562499999999982236e-02,1.534999999999999964e+01,-5.742187500000106581e-02
4.363199999999999818e+03,8.638916015625000000e+01,8.124999999999715783e-03,1.564000000000000057e+01,-3.882812500000110134e-02
4.363300000000000182e+03,8.642578125000000000e+01,1.812499999999994671e-02,1.545999999999999908e+01,-6.562500000000071054e-02
4.363399999999999636e+03,8.649902343750000000e+01,4.062499999999991118e-02,1.520999999999999908e+01,9.296874999999538147e-03
4.363500000000000000e+03,8.605957031250000000e+01,1.812499999999994671e-02,1.550000000000000000e+01,-8.257812500000039080e-02
4.363600000000000364e+03,8.571166992187500000e+01,6.062499999999992895e-02,1.543999999999999950e+01,-4.210937500000078160e-02
4.363699999999999818e+03,8.450317382812500000e+01,6.062499999999992895e-02,1.542999999999999972e+01,-6.179687500000063949e-02
4.363800000000000182e+03,8.472290039062500000e+01,1.812499999999994671e-02,1.541999999999999993e+01,-8.695312500000085265e-02
4.363899999999999636e+03,8.477783203125000000e+01,2.812499999999973355e-02,1.534999999999999964e+01,-8.039062500000060396e-02
4.364000000000000000e+03,8.435668945312500000e+01,1.312500000000005329e-02,1.541999999999999993e+01,-3.335937500000074607e-02
4.364100000000000364e+03,8.345947265625000000e+01,5.062500000000014211e-02,1.537999999999999901e+01,-4.156250000000039080e-02
4.364199999999999818e+03,8.298339843750000000e+01,6.062499999999992895e-02,1.531000000000000050e+01,-1.695312500000056843e-02
4.364300000000000182e+03,8.323974609375000000e+01,4.812499999999975131e-02,1.545999999999999908e+01,-1.750000000000095923e-02
4.364399999999999636e+03,8.329467773437500000e+01,6.562499999999982236e-02,1.543999999999999950e+01,-1.017187500000007461e-01
4.364500000000000000e+03,8.186645507812500000e+01,5.062500000000014211e-02,1.503999999999999915e+01,-7.109375000000639488e-03
4.364600000000000364e+03,8.195800781250000000e+01,7.312500000000010658e-02,1.543999999999999950e+01,-2.242187500000092371e-02
4.364699999999999818e+03,8.159179687500000000e+01,2.562499999999978684e-02,1.550999999999999979e+01,-3.500000000000103029e-02
4.364800000000000182e+03,8.179321289062500000e+01,4.062499999999991118e-02,1.545999999999999908e+01,-3.992187500000099476e-02
4.364899999999999636e+03,8.175659179687500000e+01,6.562499999999982236e-02,1.547000000000000064e+01,-7.656250000001030287e-03
4.365000000000000000e+03,8.021850585937500000e+01,3.562500000000001776e-02,1.543999999999999950e+01,-4.921875000000053291e-02
4.365100000000000364e+03,8.065795898437500000e+01,4.562499999999980460e-02,1.544999999999999929e+01,-6.125000000000024869e-02
4.365199999999999818e+03,8.031005859375000000e+01,5.062500000000014211e-02,1.553999999999999915e+01,-3.171875000000046185e-02
4.365300000000000182e+03,8.052978515625000000e+01,3.812499999999996447e-02,1.532000000000000028e+01,-7.273437500000046185e-02
4.365399999999999636e+03,7.950439453125000000e+01,7.062500000000015987e-02,1.529999999999999893e+01,-5.304687500000060396e-02
4.365500000000000000e+03,7.891845703125000000e+01,5.312500000000008882e-02,1.528999999999999915e+01,-2.843750000000078160e-02
4.365600000000000364e+03,7.933959960937500000e+01,7.374999999999998224e-02,1.559999999999999964e+01,-3.062500000000056843e-02
4.365699999999999818e+03,7.895507812500000000e+01,6.062499999999992895e-02,1.533999999999999986e+01,-7.656250000001030287e-03
4.365800000000000182e+03,7.860717773437500000e+01,4.312499999999985789e-02,1.540000000000000036e+01,-4.265625000000028422e-02
4.365899999999999636e+03,7.802124023437500000e+01,5.562500000000003553e-02,1.533999999999999986e+01,-4.484375000000095923e-02
4.366000000000000000e+03,7.760009765625000000e+01,6.562499999999982236e-02,1.534999999999999964e+01,-8.695312500000085265e-02
4.366100000000000364e+03,7.805786132812500000e+01,3.812499999999996447e-02,1.564000000000000057e+01,-6.289062500000053291e-02
4.366199999999999818e+03,7.765502929687500000e+01,5.312500000000008882e-02,1.544999999999999929e+01,-3.609375000000092371e-02
4.366300000000000182e+03,7.688598632812500000e+01,2.812499999999973355e-02,1.539000000000000057e+01,-4.101562500000088818e-02
4.366399999999999636e+03,7.686767578125000000e+01,2.812499999999973355e-02,1.553999999999999915e+01,-4.320312500000067502e-02
4.366500000000000000e+03,7.646484375000000000e+01,3.812499999999996447e-02,1.518999999999999950e+01,-3.937500000000060396e-02
4.366600000000000364e+03,7.692260742187500000e+01,2.812499999999973355e-02,1.545999999999999908e+01,-8.881784197001252323e-16
4.366699999999999818e+03,7.571411132812500000e+01,2.562499999999978684e-02,1.519999999999999929e+01,-5.468750000000088818e-02
4.366800000000000182e+03,7.547607421875000000e+01,4.062499999999991118e-02,1.539000000000000057e+01,-7.218750000000095923e-02
4.366899999999999636e+03,7.556762695312500000e+01,3.812499999999996447e-02,1.529999999999999893e+01,3.554687499999964473e-02
4.367000000000000000e+03,7.514648437500000000e+01,2.062499999999989342e-02,1.533999999999999986e+01,-9.460937500000099476e-02
4.367100000000000364e+03,7.560424804687500000e+01,6.562499999999982236e-02,1.544999999999999929e+01,-4.921875000000053291e-02
4.367199999999999818e+03,7.428588867187500000e+01,6.062499999999992895e-02,1.566999999999999993e+01,-2.734375000000088818e-02
4.367300000000000182e+03,7.434082031250000000e+01,3.812499999999996447e-02,1.544999999999999929e+01,-6.015625000000035527e-02
4.367399999999999636e+03,7.445068359375000000e+01,5.812499999999998224e-02,1.553999999999999915e+01,6.562499999999360512e-03
4.367500000000000000e+03,7.406616210937500000e+01,5.312500000000008882e-02,1.531000000000000050e+01,-3.992187500000099476e-02
4.367600000000000364e+03,7.362670898437500000e+01,5.562500000000003553e-02,1.553999999999999915e+01,-4.429687500000056843e-02
4.367699999999999818e+03,7.311401367187500000e+01,3.812499999999996447e-02,1.539000000000000057e+01,-5.250000000000110134e-02
4.367800000000000182e+03,7.327880859375000000e+01,5.562500000000003553e-02,1.551999999999999957e+01,-5.195312500000071054e-02
4.367899999999999636e+03,7.335205078125000000e+01,6.812499999999976907e-02,1.548000000000000043e+01,-2.460937500000071054e-02
4.368000000000000000e+03,7.254638671875000000e+01,5.312500000000008882e-02,1.541000000000000014e+01,-3.390625000000024869e-02
4.368100000000000364e+03,7.232666015625000000e+01,1.812499999999994671e-02,1.537999999999999901e+01,-8.531250000000056843e-02
4.368199999999999818e+03,7.197875976562500000e+01,4.812499999999975131e-02,1.522000000000000064e+01,-6.835937500000088818e-02
4.368300000000000182e+03,7.214355468750000000e+01,5.062500000000014211e-02,1.527999999999999936e+01,1.914062499999946709e-02
4.368399999999999636e+03,7.227172851562500000e+01,4.062499999999991118e-02,1.528999999999999915e+01,-3.992187500000099476e-02
4.368500000000000000e+03,7.097167968750000000e+01,5.062500000000014211e-02,1.540000000000000036e+01,-1.914062500000035527e-02
4.368600000000000364e+03,7.130126953125000000e+01,3.812499999999996447e-02,1.541000000000000014e+01,-8.750000000000035527e-02
4.368699999999999818e+03,7.100830078125000000e+01,1.562500000000000000e-02,1.545999999999999908e+01,-5.140625000000031974e-02
4.368800000000000182e+03,7.115478515625000000e+01,6.312499999999987566e-02,1.550999999999999979e+01,-5.468750000000355271e-03
4.368899999999999636e+03,7.060546875000000000e+01,5.062500000000014211e-02,1.540000000000000036e+01,-5.195312500000071054e-02
4.369000000000000000e+03,6.978149414062500000e+01,7.062500000000015987e-02,1.524000000000000021e+01,-1.859375000000085265e-02
4.369100000000000364e+03,7.020263671875000000e+01,8.312499999999989342e-02,1.547000000000000064e+01,-4.484375000000095923e-02
4.369199999999999818e+03,6.989135742187500000e+01,5.312500000000008882e-02,1.545999999999999908e+01,-9.296875000000426326e-03
4.369300000000000182e+03,7.001953125000000000e+01,3.562500000000001776e-02,1.550000000000000000e+01,-2.460937500000071054e-02
4.369399999999999636e+03,6.921386718750000000e+01,1.312500000000005329e-02,1.550000000000000000e+01,-6.507812500000031974e-02
4.369500000000000000e+03,6.879272460937500000e+01,3.062500000000012434e-02,1.550000000000000000e+01,-1.585937500000067502e-02
4.369600000000000364e+03,6.921386718750000000e+01,4.562499999999980460e-02,1.516999999999999993e+01,-3.773437500000031974e-02
4.369699999999999818e+03,6.888427734375000000e+01,4.062499999999991118e-02,1.545999999999999908e+01,-6.562500000000071054e-02
4.369800000000000182e+03,6.826171875000000000e+01,2.812499999999973355e-02,1.535999999999999943e+01,-6.671875000000060396e-02
4.369899999999999636e+03,6.818847656250000000e+01,2.312499999999984013e-02,1.553999999999999915e+01,-4.156250000000039080e-02
4.370000000000000000e+03,6.776733398437500000e+01,2.562499999999978684e-02,1.541999999999999993e+01,-3.828125000000071054e-02
4.370100000000000364e+03,6.820678710937500000e+01,5.312500000000008882e-02,1.540000000000000036e+01,-2.296875000000042633e-02
4.370199999999999818e+03,6.773071289062500000e+01,5.062500000000014211e-02,1.542999999999999972e+01,1.476562499999900524e-02
4.370300000000000182e+03,6.716308593750000000e+01,5.312500000000008882e-02,1.541000000000000014e+01,-5.031250000000042633e-02
4.370399999999999636e+03,6.725463867187500000e+01,5.812499999999998224e-02,1.527999999999999936e+01,-5.304687500000060396e-02
4.370500000000000000e+03,6.687011718750000000e+01,3.124999999999822364e-03,1.537999999999999901e+01,-1.804687500000046185e-02
4.370600000000000364e+03,6.729125976562500000e+01,7.812500000000000000e-02,1.558000000000000007e+01,-5.085937500000081712e-02
4.370699999999999818e+03,6.622924804687500000e+01,1.062500000000010658e-02,1.527999999999999936e+01,-8.203125000000532907e-03
4.370800000000000182e+03,6.626586914062500000e+01,5.062500000000014211e-02,1.532000000000000028e+01,-6.015625000000035527e-02
4.370899999999999636e+03,6.637573242187500000e+01,4.312499999999985789e-02,1.549000000000000021e+01,-6.562500000000248690e-03
4.371000000000000000e+03,6.595458984375000000e+01,4.812499999999975131e-02,1.534999999999999964e+01,-6.507812500000031974e-02
4.371100000000000364e+03,6.584472656250000000e+01,4.562499999999980460e-02,1.512999999999999901e+01,-3.828125000000959233e-03
4.371199999999999818e+03,6.524047851562500000e+01,3.312500000000007105e-02,1.554999999999999893e+01,-5.687500000000067502e-02
4.371300000000000182e+03,6.533203125000000000e+01,2.312499999999984013e-02,1.551999999999999957e+01,-2.406250000000031974e-02
4.371399999999999636e+03,6.546020507812500000e+01,4.062499999999991118e-02,1.524000000000000021e+01,-2.351562500000081712e-02
4.371500000000000000e+03,6.505737304687500000e+01,6.062499999999992895e-02,1.534999999999999964e+01,-4.921875000000852651e-03
4.371600000000000364e+03,6.476440429687500000e+01,4.312499999999985789e-02,1.540000000000000036e+01,-8.203125000000532907e-03
4.371699999999999818e+03,6.443481445312500000e+01,7.562500000000005329e-02,1.543999999999999950e+01,-5.960937500000085265e-02
4.371800000000000182e+03,6.452636718750000000e+01,1.812499999999994671e-02,1.549000000000000021e+01,-2.187500000000053291e-02
4.371899999999999636e+03,6.467285156250000000e+01,2.562499999999978684e-02,1.558999999999999986e+01,-4.265625000000028422e-02
4.372000000000000000e+03,6.359252929687500000e+01,2.562499999999978684e-02,1.543999999999999950e+01,-5.195312500000071054e-02
4.372100000000000364e+03,6.379394531250000000e+01,5.312500000000008882e-02,1.548000000000000043e+01,-9.625000000000039080e-02
4.372199999999999818e+03,6.353759765625000000e+01,3.562500000000001776e-02,1.554999999999999893e+01,-4.375000000000106581e-02
4.372300000000000182e+03,6.366577148437500000e+01,4.062499999999991118e-02,1.525999999999999979e+01,-3.007812500000106581e-02
4.372399999999999636e+03,6.362915039062500000e+01,4.562499999999980460e-02,1.543999999999999950e+01,-6.289062500000053291e-02
4.372500000000000000e+03,6.258544921875000000e+01,5.062500000000014211e-02,1.550000000000000000e+01,-5.578125000000078160e-02
4.372600000000000364e+03,6.298828125000000000e+01,5.562500000000003553e-02,1.549000000000000021e+01,-8.585937500000095923e-02
4.372699999999999818e+03,6.271362304687500000e+01,4.562499999999980460e-02,1.541000000000000014e+01,-3.445312500000063949e-02
4.372800000000000182e+03,6.287841796875000000e+01,5.062500000000014211e-02,1.556000000000000050e+01,-9.734375000000028422e-02
4.372899999999999636e+03,6.225585937500000000e+01,6.312499999999987566e-02,1.537999999999999901e+01,-7.054687500000067502e-02
4.373000000000000000e+03,6.176147460937500000e+01,3.812499999999996447e-02,1.549000000000000021e+01,-8.750000000000035527e-02
4.373100000000000364e+03,6.214599609375000000e+01,3.562500000000001776e-02,1.539000000000000057e+01,-1.695312500000056843e-02
4.373199999999999818e+03,6.192626953125000000e+01,2.312499999999984013e-02,1.534999999999999964e+01,-2.187500000000053291e-02
4.373300000000000182e+03,6.161499023437500000e+01,1.562500000000000000e-02,1.544999999999999929e+01,-3.445312500000063949e-02
4.373399999999999636e+03,6.126708984375000000e+01,5.312500000000008882e-02,1.531000000000000050e+01,-7.109375000000106581e-02
4.373500000000000000e+03,6.088256835937500000e+01,4.562499999999980460e-02,1.532000000000000028e+01,-5.195312500000071054e-02
4.373600000000000364e+03,6.124877929687500000e+01,2.812499999999973355e-02,1.548000000000000043e+01,1.421874999999950262e-02
4.373699999999999818e+03,6.101074218750000000e+01,4.812499999999975131e-02,1.557000000000000028e+01,-1.640625000000106581e-02
4.373800000000000182e+03,6.047973632812500000e+01,5.562500000000003553e-02,1.540000000000000036e+01,-3.062500000000056843e-02
4.373899999999999636e+03,6.057128906250000000e+01,4.062499999999991118e-02,1.534999999999999964e+01,-1.695312500000056843e-02
4.374000000000000000e+03,6.013183593750000000e+01,4.812499999999975131e-02,1.557000000000000028e+01,-4.046875000000049738e-02
4.374100000000000364e+03,6.055297851562500000e+01,5.562500000000003553e-02,1.556000000000000050e+01,-6.015625000000746070e-03
4.374199999999999818e+03,5.980224609375000000e+01,2.062499999999989342e-02,1.553999999999999915e+01,-7.656250000001030287e-03
4.374300000000000182e+03,5.963745117187500000e+01,3.062500000000012434e-02,1.529999999999999893e+01,-1.093750000000071054e-02
4.374399999999999636e+03,5.972900390625000000e+01,3.562500000000001776e-02,1.537999999999999901e+01,-3.937500000000060396e-02
4.374500000000000000e+03,5.934448242187500000e+01,6.562499999999982236e-02,1.554999999999999893e+01,-2.515625000000110134e-02
4.374600000000000364e+03,5.969238281250000000e+01,2.312499999999984013e-02,1.549000000000000021e+01,-2.570312500000060396e-02
4.374699999999999818e+03,5.886840820312500000e+01,2.562499999999978684e-02,1.537999999999999901e+01,-2.843750000000078160e-02
4.374800000000000182e+03,5.888671875000000000e+01,3.062500000000012434e-02,1.534999999999999964e+01,-4.921875000000852651e-03
4.374899999999999636e+03,5.901489257812500000e+01,3.812499999999996447e-02,1.535999999999999943e+01,-6.726562500000099476e-02
4.375000000000000000e+03,5.864868164062500000e+01,8.812499999999978684e-02,1.533000000000000007e+01,-3.937500000000060396e-02
4.375100000000000364e+03,5.848388671875000000e+01,4.062499999999991118e-02,1.544999999999999929e+01,-2.625000000000099476e-02
4.375199999999999818e+03,5.817260742187500000e+01,1.062500000000010658e-02,1.543999999999999950e+01,-3.609375000000092371e-02
4.375300000000000182e+03,5.822753906250000000e+01,2.812499999999973355e-02,1.542999999999999972e+01,-8.093750000000099476e-02
4.375399999999999636e+03,5.833740234375000000e+01,7.312500000000010658e-02,1.542999999999999972e+01,-4.156250000000039080e-02
4.375500000000000000e+03,5.776977539062500000e+01,3.562500000000001776e-02,1.543999999999999950e+01,-2.406250000000031974e-02
4.375600000000000364e+03,5.767822265625000000e+01,1.312500000000005329e-02,1.532000000000000028e+01,-4.210937500000078160e-02
4.375699999999999818e+03,5.742187500000000000e+01,4.312499999999985789e-02,1.543999999999999950e+01,-1.039062500000031974e-02
4.375800000000000182e+03,5.747680664062500000e+01,5.312500000000008882e-02,1.533999999999999986e+01,-2.789062500000039080e-02
4.375899999999999636e+03,5.762329101562500000e+01,3.312500000000007105e-02,1.536999999999999922e+01,-5.578125000000078160e-02
4.376000000000000000e+03,5.663452148437500000e+01,4.562499999999980460e-02,1.552999999999999936e+01,-2.078125000000063949e-02
4.376100000000000364e+03,5.696411132812500000e+01,5.312500000000008882e-02,1.561999999999999922e+01,-5.468750000003907985e-04
4.376199999999999818e+03,5.676269531250000000e+01,3.312500000000007105e-02,1.531000000000000050e+01,-4.921875000000852651e-03
4.376300000000000182e+03,5.681762695312500000e+01,7.062500000000015987e-02,1.511999999999999922e+01,-3.609375000000092371e-02
4.376399999999999636e+03,5.654296875000000000e+01,4.562499999999980460e-02,1.539000000000000057e+01,-4.976562500000092371e-02
4.376500000000000000e+03,5.597534179687500000e+01,-2.749999999999985789e-02,1.523000000000000043e+01,-5.304687500000060396e-02
4.376600000000000364e+03,5.634155273437500000e+01,4.562499999999980460e-02,1.541000000000000014e+01,-2.789062500000039080e-02
4.376699999999999818e+03,5.615844726562500000e+01,3.062500000000012434e-02,1.541000000000000014e+01,-5.304687500000060396e-02
4.376800000000000182e+03,5.619506835937500000e+01,7.812500000000000000e-02,1.532000000000000028e+01,-3.445312500000063949e-02
4.376899999999999636e+03,5.564575195312500000e+01,2.812499999999973355e-02,1.537999999999999901e+01,-3.062500000000056843e-02
4.377000000000000000e+03,5.526123046875000000e+01,5.562500000000003553e-02,1.550999999999999979e+01,-5.578125000000078160e-02
4.377100000000000364e+03,5.559082031250000000e+01,4.812499999999975131e-02,1.554999999999999893e+01,-4.320312500000067502e-02
4.377199999999999818e+03,5.542602539062500000e+01,2.562499999999978684e-02,1.560999999999999943e+01,-8.148437500000049738e-02
4.377300000000000182e+03,5.504150390625000000e+01,1.812499999999994671e-02,1.529999999999999893e+01,6.562499999999360512e-03
4.377399999999999636e+03,5.502319335937500000e+01,6.812499999999976907e-02,1.569999999999999929e+01,-2.351562500000081712e-02
4.377500000000000000e+03,5.467529296875000000e+01,7.812500000000000000e-02,1.548000000000000043e+01,-8.476562500000106581e-02
4.377600000000000364e+03,5.505981445312500000e+01,8.062499999999994671e-02,1.543999999999999950e+01,1.804687499999957367e-02
4.377699999999999818e+03,5.474853515625000000e+01,4.062499999999991118e-02,1.553999999999999915e+01,-6.562500000000248690e-03
4.377800000000000182e+03,5.425415039062500000e+01,5.062500000000014211e-02,1.543999999999999950e+01,-3.937500000000060396e-02
4.377899999999999636e+03,5.434570312500000000e+01,5.812499999999998224e-02,1.549000000000000021e+01,-1.859375000000085265e-02
4.378000000000000000e+03,5.399780273437500000e+01,2.812499999999973355e-02,1.532000000000000028e+01,-9.515625000000049738e-02
4.378100000000000364e+03,5.434570312500000000e+01,2.562499999999978684e-02,1.536999999999999922e+01,-7.656250000000053291e-02
4.378199999999999818e+03,5.363159179687500000e+01,2.312499999999984013e-02,1.541999999999999993e+01,-2.843750000000078160e-02
4.378300000000000182e+03,5.359497070312500000e+01,1.562500000000000000e-02,1.533999999999999986e+01,-9.570312500000088818e-02
4.378399999999999636e+03,5.370483398437500000e+01,4.062499999999991118e-02,1.524000000000000021e+01,-1.804687500000046185e-02
4.378500000000000000e+03,5.337524414062500000e+01,3.312500000000007105e-02,1.533999999999999986e+01,-2.734375000000088818e-02
4.378600000000000364e+03,5.348510742187500000e+01,3.062500000000012434e-02,1.535999999999999943e+01,-6.343750000000092371e-02
4.378699999999999818e+03,5.295410156250000000e+01,8.312499999999989342e-02,1.519999999999999929e+01,-2.843750000000078160e-02
4.378800000000000182e+03,5.304565429687500000e+01,5.062500000000014211e-02,1.556000000000000050e+01,-9.296875000000426326e-03
4.378899999999999636e+03,5.313720703125000000e+01,4.812499999999975131e-02,1.534999999999999964e+01,-1.750000000000095923e-02
4.379000000000000000e+03,5.282592773437500000e+01,3.124999999999822364e-03,1.524000000000000021e+01,-4.921875000000053291e-02
4.379100000000000364e+03,5.269775390625000000e+01,2.812499999999973355e-02,1.536999999999999922e+01,-5.304687500000060396e-02
4.379199999999999818e+03,5.244140625000000000e+01,4.062499999999991118e-02,1.525000000000000000e+01,-5.578125000000078160e-02
4.379300000000000182e+03,5.255126953125000000e+01,4.812499999999975131e-02,1.552999999999999936e+01,-4.757812500000024869e-02
4.379399999999999636e+03,5.264282226562500000e+01,6.062499999999992895e-02,1.543999999999999950e+01,-9.625000000000039080e-02
4.379500000000000000e+03,5.185546875000000000e+01,1.062500000000010658e-02,1.544999999999999929e+01,-2.406250000000031974e-02
4.379600000000000364e+03,5.203857421875000000e+01,3.812499999999996447e-02,1.529999999999999893e+01,-4.210937500000078160e-02
4.379699999999999818e+03,5.185546875000000000e+01,4.312499999999985789e-02,1.537999999999999901e+01,-4.046875000000049738e-02
4.379800000000000182e+03,5.191040039062500000e+01,3.562500000000001776e-02,1.538749999999999929e+01,-2.515625000000110134e-02
4.379899999999999636e+03,5.200195312500000000e+01,5.562500000000003553e-02,1.537999999999999901e+01,-2.023437500000024869e-02
4.380000000000000000e+03,5.119628906250000000e+01,4.062499999999991118e-02,1.551999999999999957e+01,-7.109375000000106581e-02
4.380100000000000364e+03,5.154418945312500000e+01,5.062500000000014211e-02,1.529999999999999893e+01,-2.789062500000039080e-02
4.380199999999999818e+03,5.134277343750000000e+01,2.562499999999978684e-02,1.551999999999999957e+01,-1.071875000000011013e-01
4.380300000000000182e+03,5.139770507812500000e+01,3.062500000000012434e-02,1.516999999999999993e+01,-6.562500000000248690e-03
4.380399999999999636e+03,5.114135742187500000e+01,2.312499999999984013e-02,1.535999999999999943e+01,-1.585937500000067502e-02
4.380500000000000000e+03,5.070190429687500000e+01,4.312499999999985789e-02,1.557000000000000028e+01,-2.406250000000031974e-02
4.380600000000000364e+03,5.104980468750000000e+01,5.062500000000014211e-02,1.566999999999999993e+01,-4.101562500000088818e-02
4.380699999999999818e+03,5.088500976562500000e+01,4.562499999999980460e-02,1.525000000000000000e+01,-4.921875000000053291e-02
4.380800000000000182e+03,5.070190429687500000e+01,2.062499999999989342e-02,1.549000000000000021e+01,-5.523437500000039080e-02
4.380899999999999636e+03,5.040893554687500000e+01,4.562499999999980460e-02,1.539000000000000057e+01,-4.921875000000053291e-02
4.381000000000000000e+03,5.009765625000000000e+01,4.562499999999980460e-02,1.552999999999999936e+01,-9.242187500000031974e-02
4.381100000000000364e+03,5.042724609375000000e+01,5.062500000000014211e-02,1.546749999999999936e+01,-6.562500000000248690e-03
4.381199999999999818e+03,5.022583007812500000e+01,5.312500000000008882e-02,1.554999999999999893e+01,-3.390625000000024869e-02
4.381300000000000182e+03,4.984130859375000000e+01,3.562500000000001776e-02,1.547000000000000064e+01,-6.617187500000110134e-02
4.381399999999999636e+03,4.993286132812500000e+01,6.812499999999976907e-02,1.566000000000000014e+01,-5.578125000000078160e-02
4.381500000000000000e+03,4.958496093750000000e+01,3.312500000000007105e-02,1.539000000000000057e+01,-1.482031250000011013e-01
4.381600000000000364e+03,4.993286132812500000e+01,1.562500000000000000e-02,1.539000000000000057e+01,-2.351562500000081712e-02
4.381699999999999818e+03,4.949340820312500000e+01,4.312499999999985789e-02,1.549000000000000021e+01,-1.476562500000078160e-02
4.381800000000000182e+03,4.931030273437500000e+01,4.062499999999991118e-02,1.540000000000000036e+01,-1.640625000000106581e-02
4.381899999999999636e+03,4.942016601562500000e+01,1.443750000000001421e-01,1.516999999999999993e+01,-2.734375000000088818e-02
4.382000000000000000e+03,4.907226562500000000e+01,6.062499999999992895e-02,1.552999999999999936e+01,-3.007812500000106581e-02
4.382100000000000364e+03,4.942016601562500000e+01,3.562500000000001776e-02,1.564000000000000057e+01,-4.375000000000106581e-02
4.382199999999999818e+03,4.877929687500000000e+01,-4.375000000000017764e-03,1.549000000000000021e+01,-5.304687500000060396e-02
4.382300000000000182e+03,4.879760742187500000e+01,2.812499999999973355e-02,1.557000000000000028e+01,-2.734375000000088818e-02
4.382399999999999636e+03,4.888916015625000000e+01,1.812499999999994671e-02,1.533000000000000007e+01,-4.484375000000095923e-02
4.382500000000000000e+03,4.854125976562500000e+01,3.562500000000001776e-02,1.554999999999999893e+01,-4.976562500000092371e-02
4.382600000000000364e+03,4.854125976562500000e+01,6.562499999999982236e-02,1.529999999999999893e+01,-1.695312500000056843e-02
4.382699999999999818e+03,4.826660156250000000e+01,3.812499999999996447e-02,1.535999999999999943e+01,-5.359375000000099476e-02
4.382800000000000182e+03,4.826660156250000000e+01,3.062500000000012434e-02,1.549000000000000021e+01,-2.679687500000049738e-02
4.382899999999999636e+03,4.839477539062500000e+01,4.062499999999991118e-02,1.541999999999999993e+01,-3.445312500000063949e-02
4.383000000000000000e+03,4.808349609375000000e+01,4.812499999999975131e-02,1.559999999999999964e+01,-5.085937500000081712e-02
4.383100000000000364e+03,4.841308593750000000e+01,5.562500000000003553e-02,1.547000000000000064e+01,-3.773437500000031974e-02
4.383199999999999818e+03,4.828491210937500000e+01,6.062499999999992895e-02,1.540000000000000036e+01,-6.453125000000081712e-02
4.383300000000000182e+03,4.828491210937500000e+01,5.312500000000008882e-02,1.562999999999999901e+01,-4.320312500000067502e-02
4.383399999999999636e+03,4.841308593750000000e+01,3.562500000000001776e-02,1.550000000000000000e+01,-3.117187500000095923e-02
4.383500000000000000e+03,4.810180664062500000e+01,5.562500000000003553e-02,1.549000000000000021e+01,-7.054687500000067502e-02
4.383600000000000364e+03,4.841308593750000000e+01,4.562499999999980460e-02,1.531000000000000050e+01,-1.421875000000039080e-02
4.383699999999999818e+03,4.826660156250000000e+01,3.562500000000001776e-02,1.536999999999999922e+01,-4.484375000000095923e-02
4.383800000000000182e+03,4.828491210937500000e+01,7.812500000000000000e-02,1.548000000000000043e+01,-7.820312500000081712e-02
4.383899999999999636e+03,4.839477539062500000e+01,5.062500000000014211e-02,1.559999999999999964e+01,-9.843750000000817124e-03
4.384000000000000000e+03,4.817504882812500000e+01,3.812499999999996447e-02,1.547000000000000064e+01,-4.593750000000085265e-02
4.384100000000000364e+03,4.848632812500000000e+01,-5.437500000000028422e-02,1.515000000000000036e+01,-1.421875000000039080e-02
4.384199999999999818e+03,4.833984375000000000e+01,3.812499999999996447e-02,1.542999999999999972e+01,-4.101562500000088818e-02
4.384300000000000182e+03,4.839477539062500000e+01,2.932500000000000107e+00,1.543999999999999950e+01,1.557281250000000128e+01
4.384399999999999636e+03,5.006103515625000000e+01,2.895000000000000018e+00,1.544999999999999929e+01,1.547382812500000071e+01
4.384500000000000000e+03,4.987792968750000000e+01,2.939999999999999947e+00,1.519999999999999929e+01,1.543937500000000007e+01
4.384600000000000364e+03,5.024414062500000000e+01,2.947499999999999787e+00,1.551750000000000007e+01,1.549406250000000007e+01
4.384699999999999818e+03,5.009765625000000000e+01,2.957500000000000018e+00,1.546749999999999936e+01,1.550718750000000057e+01
4.384800000000000182e+03,5.200195312500000000e+01,2.937500000000000000e+00,1.564000000000000057e+01,1.546835937500000036e+01
4.384899999999999636e+03,5.317382812500000000e+01,2.962499999999999911e+00,1.532000000000000028e+01,1.552085937500000057e+01
4.385000000000000000e+03,5.288085937500000000e+01,2.990000000000000213e+00,1.537999999999999901e+01,1.541148437500000057e+01
4.385100000000000364e+03,5.324707031250000000e+01,2.982499999999999929e+00,1.558999999999999986e+01,1.539835937500000007e+01
4.385199999999999818e+03,5.306396484375000000e+01,2.964999999999999858e+00,1.550999999999999979e+01,1.545687500000000014e+01
4.385300000000000182e+03,5.689086914062500000e+01,3.015000000000000124e+00,1.531000000000000050e+01,1.555367187500000092e+01
4.385399999999999636e+03,5.718383789062500000e+01,2.987499999999999822e+00,1.549000000000000021e+01,1.546179687500000099e+01
4.385500000000000000e+03,5.681762695312500000e+01,3.009999999999999787e+00,1.536999999999999922e+01,1.548968750000000050e+01
4.385600000000000364e+03,5.725708007812500000e+01,3.002499999999999947e+00,1.541000000000000014e+01,1.546343750000000128e+01
4.385699999999999818e+03,6.053466796875000000e+01,3.017500000000000071e+00,1.547000000000000064e+01,1.543445312500000099e+01
4.385800000000000182e+03,6.141357421875000000e+01,3.009999999999999787e+00,1.531000000000000050e+01,1.547546875000000099e+01
4.385899999999999636e+03,6.150512695312500000e+01,3.027499999999999858e+00,1.566999999999999993e+01,1.543062500000000092e+01
4.386000000000000000e+03,6.112060546875000000e+01,3.040000000000000036e+00,1.550000000000000000e+01,1.549242187500000156e+01
4.386100000000000364e+03,6.245727539062500000e+01,3.009999999999999787e+00,1.552999999999999936e+01,1.544046875000000085e+01
4.386199999999999818e+03,6.470947265625000000e+01,3.069999999999999840e+00,1.536999999999999922e+01,1.544648437500000071e+01
4.386300000000000182e+03,6.494750976562500000e+01,3.052500000000000213e+00,1.552999999999999936e+01,1.543281250000000071e+01
4.386399999999999636e+03,6.498413085937500000e+01,3.060000000000000053e+00,1.550999999999999979e+01,1.544648437500000071e+01
4.386500000000000000e+03,6.465454101562500000e+01,3.029999999999999805e+00,1.556749999999999901e+01,1.544757812500000149e+01
4.386600000000000364e+03,6.773071289062500000e+01,3.107499999999999929e+00,1.526999999999999957e+01,1.548203125000000036e+01
4.386699999999999818e+03,6.778564453125000000e+01,3.042499999999999982e+00,1.540000000000000036e+01,1.548312500000000114e+01
4.386800000000000182e+03,6.795043945312500000e+01,3.100000000000000089e+00,1.552999999999999936e+01,1.541695312500000092e+01
4.386899999999999636e+03,6.804199218750000000e+01,3.089999999999999858e+00,1.557000000000000028e+01,1.545414062500000085e+01
4.387000000000000000e+03,6.919555664062500000e+01,3.072499999999999787e+00,1.537999999999999901e+01,1.547710937500000128e+01
4.387100000000000364e+03,7.075195312500000000e+01,3.102500000000000036e+00,1.539000000000000057e+01,1.551593750000000149e+01
4.387199999999999818e+03,7.049560546875000000e+01,3.089999999999999858e+00,1.533000000000000007e+01,1.546945312500000114e+01
4.387300000000000182e+03,7.067871093750000000e+01,3.160000000000000142e+00,1.528999999999999915e+01,1.549898437500000092e+01
4.387399999999999636e+03,7.075195312500000000e+01,3.147499999999999964e+00,1.554999999999999893e+01,1.545031250000000078e+01
4.387500000000000000e+03,7.261962890625000000e+01,3.129999999999999893e+00,1.564000000000000057e+01,1.547820312500000028e+01
4.387600000000000364e+03,7.320556640625000000e+01,3.160000000000000142e+00,1.554999999999999893e+01,1.547765625000000078e+01
4.387699999999999818e+03,7.287597656250000000e+01,3.140000000000000124e+00,1.541000000000000014e+01,1.545414062500000085e+01
4.387800000000000182e+03,7.307739257812500000e+01,3.152499999999999858e+00,1.526999999999999957e+01,1.545742187500000142e+01
4.387899999999999636e+03,7.496337890625000000e+01,3.129999999999999893e+00,1.547000000000000064e+01,1.551374999999999993e+01
4.388000000000000000e+03,7.503662109375000000e+01,3.167499999999999982e+00,1.533999999999999986e+01,1.543117187500000043e+01
4.388100000000000364e+03,7.551269531250000000e+01,3.160000000000000142e+00,1.522000000000000064e+01,1.545468750000000036e+01
4.388199999999999818e+03,7.516479492187500000e+01,3.197499999999999787e+00,1.537999999999999901e+01,1.542078125000000099e+01
4.388300000000000182e+03,7.578735351562500000e+01,3.192499999999999893e+00,1.561999999999999922e+01,1.547984375000000057e+01
4.388399999999999636e+03,7.756347656250000000e+01,3.205000000000000071e+00,1.542999999999999972e+01,1.548914062500000099e+01
4.388500000000000000e+03,7.725219726562500000e+01,3.180000000000000160e+00,1.549000000000000021e+01,1.548640624999999993e+01
4.388600000000000364e+03,7.772827148437500000e+01,3.187500000000000000e+00,1.525999999999999979e+01,1.550117187500000071e+01
4.388699999999999818e+03,7.736206054687500000e+01,3.189999999999999947e+00,1.532000000000000028e+01,1.550609375000000156e+01
4.388800000000000182e+03,7.935791015625000000e+01,3.225000000000000089e+00,1.539000000000000057e+01,1.547820312500000028e+01
4.388899999999999636e+03,7.966918945312500000e+01,3.234999999999999876e+00,1.543999999999999950e+01,1.546070312500000021e+01
4.389000000000000000e+03,7.928466796875000000e+01,3.232499999999999929e+00,1.536749999999999972e+01,1.542843750000000114e+01
4.389100000000000364e+03,7.974243164062500000e+01,3.250000000000000000e+00,1.529999999999999893e+01,1.548531250000000092e+01
4.389199999999999818e+03,8.038330078125000000e+01,3.237499999999999822e+00,1.550999999999999979e+01,1.543117187500000043e+01
4.389300000000000182e+03,8.142700195312500000e+01,3.270000000000000018e+00,1.549000000000000021e+01,1.545085937500000028e+01
4.389399999999999636e+03,8.155517578125000000e+01,3.252499999999999947e+00,1.535749999999999993e+01,1.542351562500000028e+01
4.389500000000000000e+03,8.111572265625000000e+01,3.229999999999999982e+00,1.516999999999999993e+01,1.548695312500000121e+01
4.389600000000000364e+03,8.162841796875000000e+01,3.214999999999999858e+00,1.516999999999999993e+01,1.543390625000000149e+01
4.389699999999999818e+03,8.302001953125000000e+01,3.399999999999999911e+00,1.541000000000000014e+01,1.546617187500000057e+01
4.389800000000000182e+03,8.336791992187500000e+01,3.274999999999999911e+00,1.537999999999999901e+01,1.553562500000000135e+01
4.389899999999999636e+03,8.347778320312500000e+01,3.297499999999999876e+00,1.558999999999999986e+01,1.544484375000000043e+01
4.390000000000000000e+03,8.311157226562500000e+01,3.292499999999999982e+00,1.542999999999999972e+01,1.543226562500000121e+01
4.390100000000000364e+03,8.488769531250000000e+01,3.270000000000000018e+00,1.523000000000000043e+01,1.546343750000000128e+01
4.390199999999999818e+03,8.494262695312500000e+01,3.277499999999999858e+00,1.550000000000000000e+01,1.544867187500000050e+01
4.390300000000000182e+03,8.521728515625000000e+01,3.292499999999999982e+00,1.544999999999999929e+01,1.548039062500000007e+01
4.390399999999999636e+03,8.527221679687500000e+01,3.302500000000000213e+00,1.554999999999999893e+01,1.553179687500000128e+01
4.390500000000000000e+03,8.521728515625000000e+01,3.277499999999999858e+00,1.535999999999999943e+01,1.545031250000000078e+01
4.390600000000000364e+03,8.701171875000000000e+01,3.302500000000000213e+00,1.548000000000000043e+01,1.550390625000000000e+01
4.390699999999999818e+03,8.662719726562500000e+01,3.302500000000000213e+00,1.537999999999999901e+01,1.550554687500000028e+01
4.390800000000000182e+03,8.690185546875000000e+01,3.337499999999999911e+00,1.548000000000000043e+01,1.541914062500000071e+01
4.390899999999999636e+03,8.692016601562500000e+01,3.365000000000000213e+00,1.534999999999999964e+01,1.546617187500000057e+01
4.391000000000000000e+03,8.801879882812500000e+01,3.379999999999999893e+00,1.525999999999999979e+01,1.546781250000000085e+01
4.391100000000000364e+03,8.876953125000000000e+01,3.334999999999999964e+00,1.541999999999999993e+01,1.548093750000000135e+01
4.391199999999999818e+03,8.831176757812500000e+01,3.332500000000000018e+00,1.528999999999999915e+01,1.543281250000000071e+01
4.391300000000000182e+03,8.862304687500000000e+01,3.342500000000000249e+00,1.548000000000000043e+01,1.549625000000000163e+01
4.391399999999999636e+03,8.959350585937500000e+01,3.377499999999999947e+00,1.548000000000000043e+01,1.547656250000000000e+01
4.391500000000000000e+03,8.992309570312500000e+01,3.365000000000000213e+00,1.552999999999999936e+01,1.547765625000000078e+01
4.391600000000000364e+03,9.043579101562500000e+01,3.357499999999999929e+00,1.557000000000000028e+01,1.544320312500000014e+01
4.391699999999999818e+03,8.999633789062500000e+01,3.402499999999999858e+00,1.550999999999999979e+01,1.548093750000000135e+01
4.391800000000000182e+03,9.030761718750000000e+01,3.370000000000000107e+00,1.531000000000000050e+01,1.538468750000000007e+01
4.391899999999999636e+03,9.188232421875000000e+01,3.397499999999999964e+00,1.549000000000000021e+01,1.551429687500000121e+01
4.392000000000000000e+03,9.155273437500000000e+01,3.379999999999999893e+00,1.509999999999999964e+01,1.544757812500000149e+01
4.392100000000000364e+03,9.208374023437500000e+01,3.424999999999999822e+00,1.537749999999999950e+01,1.544703125000000021e+01
4.392199999999999818e+03,9.162597656250000000e+01,3.392500000000000071e+00,1.540000000000000036e+01,1.546015625000000071e+01
4.392300000000000182e+03,9.323730468750000000e+01,3.137500000000000178e+00,1.545999999999999908e+01,1.544210937500000114e+01
4.392399999999999636e+03,9.353027343750000000e+01,3.427500000000000213e+00,1.544999999999999929e+01,1.548421875000000014e+01
4.392500000000000000e+03,9.320068359375000000e+01,3.387500000000000178e+00,1.527749999999999986e+01,1.550226562500000149e+01
4.392600000000000364e+03,9.367675781250000000e+01,3.367500000000000160e+00,1.536999999999999922e+01,1.552468750000000064e+01
4.392699999999999818e+03,9.369506835937500000e+01,3.467500000000000249e+00,1.533000000000000007e+01,1.550937500000000036e+01
4.392800000000000182e+03,9.523315429687500000e+01,3.452500000000000124e+00,1.541000000000000014e+01,1.553890625000000014e+01
4.392899999999999636e+03,9.530639648437500000e+01,3.435000000000000053e+00,1.527999999999999936e+01,1.539781250000000057e+01
4.393000000000000000e+03,9.490356445312500000e+01,3.467500000000000249e+00,1.536999999999999922e+01,1.547984375000000057e+01
4.393100000000000364e+03,9.543457031250000000e+01,3.484999999999999876e+00,1.536999999999999922e+01,1.549570312500000036e+01
4.393199999999999818e+03,9.624023437500000000e+01,3.477500000000000036e+00,1.520999999999999908e+01,1.548968750000000050e+01
4.393300000000000182e+03,9.675292968750000000e+01,3.495000000000000107e+00,1.547000000000000064e+01,1.547984375000000057e+01
4.393399999999999636e+03,9.678955078125000000e+01,3.464999999999999858e+00,1.539000000000000057e+01,1.544593750000000121e+01
4.393500000000000000e+03,9.638671875000000000e+01,3.487499999999999822e+00,1.524000000000000021e+01,1.549460937500000135e+01
4.393600000000000364e+03,9.788818359375000000e+01,3.484999999999999876e+00,1.537999999999999901e+01,1.551210937500000142e+01
4.393699999999999818e+03,9.799804687500000000e+01,3.509999999999999787e+00,1.553999999999999915e+01,1.548203125000000036e+01
4.393800000000000182e+03,9.834594726562500000e+01,3.515000000000000124e+00,1.531000000000000050e+01,1.548257812500000163e+01
4.393899999999999636e+03,9.841918945312500000e+01,3.487499999999999822e+00,1.545999999999999908e+01,1.553671875000000036e+01
4.394000000000000000e+03,9.796142578125000000e+01,3.502499999999999947e+00,1.543999999999999950e+01,1.546671875000000007e+01
4.394100000000000364e+03,1.000122070312500000e+02,3.520000000000000018e+00,1.533000000000000007e+01,1.553507812500000007e+01
4.394199999999999818e+03,9.955444335937500000e+01,3.507500000000000284e+00,1.544999999999999929e+01,1.549460937500000135e+01
4.394300000000000182e+03,9.995727539062500000e+01,3.560000000000000053e+00,1.551750000000000007e+01,1.551265625000000092e+01
4.394399999999999636e+03,9.995727539062500000e+01,3.552500000000000213e+00,1.549000000000000021e+01,1.551921875000000028e+01
4.394500000000000000e+03,1.007629394531250000e+02,3.542499999999999982e+00,1.548000000000000043e+01,1.548968750000000050e+01
4.394600000000000364e+03,1.015869140625000000e+02,3.527499999999999858e+00,1.533750000000000036e+01,1.547437500000000021e+01
4.394699999999999818e+03,1.010559082031250000e+02,3.552500000000000213e+00,1.541000000000000014e+01,1.547109375000000142e+01
4.394800000000000182e+03,1.014770507812500000e+02,3.560000000000000053e+00,1.551750000000000007e+01,1.546781250000000085e+01
4.394899999999999636e+03,1.019165039062500000e+02,3.575000000000000178e+00,1.533999999999999986e+01,1.541039062500000156e+01
4.395000000000000000e+03,1.025207519531250000e+02,3.564999999999999947e+00,1.523749999999999893e+01,1.544265625000000064e+01
4.395100000000000364e+03,1.030883789062500000e+02,3.587499999999999911e+00,1.523000000000000043e+01,1.545468750000000036e+01
4.395199999999999818e+03,1.025573730468750000e+02,3.600000000000000089e+00,1.541999999999999993e+01,1.546671875000000007e+01
4.395300000000000182e+03,1.029968261718750000e+02,3.572499999999999787e+00,1.520999999999999908e+01,1.550664062500000107e+01
4.395399999999999636e+03,1.044433593750000000e+02,3.649999999999999911e+00,1.523000000000000043e+01,1.540929687500000078e+01
4.395500000000000000e+03,1.041870117187500000e+02,3.634999999999999787e+00,1.549000000000000021e+01,1.547218750000000043e+01
4.395600000000000364e+03,1.047180175781250000e+02,3.637500000000000178e+00,1.543999999999999950e+01,1.550554687500000028e+01
4.395699999999999818e+03,1.041687011718750000e+02,3.665000000000000036e+00,1.532000000000000028e+01,1.547929687500000107e+01
4.395800000000000182e+03,1.055786132812500000e+02,3.645000000000000018e+00,1.541000000000000014e+01,1.551210937500000142e+01
4.395899999999999636e+03,1.060729980468750000e+02,3.669999999999999929e+00,1.559999999999999964e+01,1.547437500000000021e+01
4.396000000000000000e+03,1.056884765625000000e+02,3.662500000000000089e+00,1.526999999999999957e+01,1.550226562500000149e+01
4.396100000000000364e+03,1.062377929687500000e+02,3.665000000000000036e+00,1.540000000000000036e+01,1.549078125000000128e+01
4.396199999999999818e+03,1.057617187500000000e+02,3.662500000000000089e+00,1.539000000000000057e+01,1.542460937500000107e+01
4.396300000000000182e+03,1.076110839843750000e+02,3.665000000000000036e+00,1.550999999999999979e+01,1.547546875000000099e+01
4.396399999999999636e+03,1.076843261718750000e+02,3.667499999999999982e+00,1.541000000000000014e+01,1.544484375000000043e+01
4.396500000000000000e+03,1.072814941406250000e+02,3.667499999999999982e+00,1.559999999999999964e+01,1.546562500000000107e+01
4.396600000000000364e+03,1.078125000000000000e+02,3.719999999999999751e+00,1.564000000000000057e+01,1.541859375000000121e+01
4.396699999999999818e+03,1.085083007812500000e+02,3.759999999999999787e+00,1.537999999999999901e+01,1.546507812500000156e+01
4.396800000000000182e+03,1.091674804687500000e+02,3.575000000000000178e+00,1.541000000000000014e+01,1.548640624999999993e+01
4.396899999999999636e+03,1.091857910156250000e+02,3.750000000000000000e+00,1.536999999999999922e+01,1.544484375000000043e+01
4.397000000000000000e+03,1.088012695312500000e+02,3.742500000000000160e+00,1.545999999999999908e+01,1.545906249999999993e+01
4.397100000000000364e+03,1.101379394531250000e+02,3.717500000000000249e+00,1.531000000000000050e+01,1.548257812500000163e+01
4.397199999999999818e+03,1.103210449218750000e+02,3.750000000000000000e+00,1.544999999999999929e+01,1.543390625000000149e+01
4.397300000000000182e+03,1.108154296875000000e+02,3.742500000000000160e+00,1.529999999999999893e+01,1.541585937500000014e+01
4.397399999999999636e+03,1.108154296875000000e+02,3.780000000000000249e+00,1.558000000000000007e+01,1.543445312500000099e+01
4.397500000000000000e+03,1.104125976562500000e+02,3.787500000000000089e+00,1.540000000000000036e+01,1.544976562500000128e+01
4.397600000000000364e+03,1.124267578125000000e+02,3.817499999999999893e+00,1.536999999999999922e+01,1.545031250000000078e+01
4.397699999999999818e+03,1.119506835937500000e+02,3.787500000000000089e+00,1.566000000000000014e+01,1.549296875000000107e+01
4.397800000000000182e+03,1.124267578125000000e+02,3.852500000000000036e+00,1.528999999999999915e+01,1.550937500000000036e+01
4.397899999999999636e+03,1.123901367187500000e+02,3.854999999999999982e+00,1.547000000000000064e+01,1.545414062500000085e+01
4.398000000000000000e+03,1.131958007812500000e+02,3.822499999999999787e+00,1.549000000000000021e+01,1.544429687500000092e+01
4.398100000000000364e+03,1.141296386718750000e+02,3.837499999999999911e+00,1.532000000000000028e+01,1.552468750000000064e+01
4.398199999999999818e+03,1.135803222656250000e+02,3.865000000000000213e+00,1.556000000000000050e+01,1.554109374999999993e+01
4.398300000000000182e+03,1.140563964843750000e+02,3.884999999999999787e+00,1.546749999999999936e+01,1.539507812500000128e+01
4.398399999999999636e+03,1.141296386718750000e+02,3.870000000000000107e+00,1.544999999999999929e+01,1.548695312500000121e+01
4.398500000000000000e+03,1.146606445312500000e+02,3.915000000000000036e+00,1.557000000000000028e+01,1.544320312500000014e+01
4.398600000000000364e+03,1.152832031250000000e+02,3.942499999999999893e+00,1.544999999999999929e+01,1.540765625000000050e+01
4.398699999999999818e+03,1.146057128906250000e+02,3.950000000000000178e+00,1.550000000000000000e+01,1.543500000000000050e+01
4.398800000000000182e+03,1.151367187500000000e+02,3.967500000000000249e+00,1.549000000000000021e+01,1.548039062500000007e+01
4.398899999999999636e+03,1.151367187500000000e+02,3.912500000000000089e+00,1.549000000000000021e+01,1.552085937500000057e+01
4.399000000000000000e+03,1.148437500000000000e+02,3.987499999999999822e+00,1.514000000000000057e+01,1.549351562500000057e+01
4.399100000000000364e+03,1.153564453125000000e+02,4.000000000000000000e+00,1.541999999999999993e+01,1.546835937500000036e+01
4.399199999999999818e+03,1.147705078125000000e+02,3.995000000000000107e+00,1.544999999999999929e+01,1.547328125000000121e+01
4.399300000000000182e+03,1.152465820312500000e+02,4.009999999999999787e+00,1.522000000000000064e+01,1.547273437499999993e+01
4.399399999999999636e+03,1.151184082031250000e+02,4.044999999999999929e+00,1.541000000000000014e+01,1.547984375000000057e+01
4.399500000000000000e+03,1.148071289062500000e+02,2.062499999999989342e-02,1.534750000000000014e+01,1.476562499999900524e-02
4.399600000000000364e+03,1.153198242187500000e+02,3.812499999999996447e-02,1.519999999999999929e+01,-6.890625000000039080e-02
4.399699999999999818e+03,1.146972656250000000e+02,5.062500000000014211e-02,1.537999999999999901e+01,-6.179687500000063949e-02
4.399800000000000182e+03,1.145690917968750000e+02,4.812499999999975131e-02,1.560999999999999943e+01,-6.289062500000053291e-02
4.399899999999999636e+03,1.145141601562500000e+02,4.562499999999980460e-02,1.545999999999999908e+01,2.843749999999900524e-02
4.400000000000000000e+03,1.141113281250000000e+02,2.812499999999973355e-02,1.535999999999999943e+01,-4.976562500000092371e-02
4.400100000000000364e+03,1.146789550781250000e+02,7.312500000000010658e-02,1.529999999999999893e+01,-3.664062500000042633e-02
4.400199999999999818e+03,1.124450683593750000e+02,6.812499999999976907e-02,1.557000000000000028e+01,-4.375000000000461853e-03
4.400300000000000182e+03,1.124084472656250000e+02,3.562500000000001776e-02,1.556000000000000050e+01,-3.226562500000085265e-02
4.400399999999999636e+03,1.123718261718750000e+02,2.312499999999984013e-02,1.532000000000000028e+01,-4.921875000000053291e-02
4.400500000000000000e+03,1.120605468750000000e+02,5.812499999999998224e-02,1.550000000000000000e+01,-1.307031250000010303e-01
4.400600000000000364e+03,1.116943359375000000e+02,3.812499999999996447e-02,1.553999999999999915e+01,-6.398437500000042633e-02
4.400699999999999818e+03,1.086730957031250000e+02,2.562499999999978684e-02,1.526999999999999957e+01,-1.203125000000060396e-02
4.400800000000000182e+03,1.090209960937500000e+02,3.312500000000007105e-02,1.529999999999999893e+01,-4.867187500000103029e-02
4.400899999999999636e+03,1.089477539062500000e+02,6.249999999998756550e-04,1.536999999999999922e+01,-6.015625000000035527e-02
4.401000000000000000e+03,1.086181640625000000e+02,4.062499999999991118e-02,1.554999999999999893e+01,1.421874999999950262e-02
4.401100000000000364e+03,1.055969238281250000e+02,6.562499999999982236e-02,1.539000000000000057e+01,-7.492187500000024869e-02
4.401199999999999818e+03,1.045898437500000000e+02,4.312499999999985789e-02,1.536999999999999922e+01,-7.437500000000074607e-02
4.401300000000000182e+03,1.050109863281250000e+02,1.699999999999999289e-01,1.539000000000000057e+01,-3.445312500000063949e-02
4.401399999999999636e+03,1.050109863281250000e+02,1.812499999999994671e-02,1.533999999999999986e+01,-5.578125000000078160e-02
4.401500000000000000e+03,1.027221679687500000e+02,-4.375000000000017764e-03,1.550999999999999979e+01,-5.523437500000039080e-02
4.401600000000000364e+03,1.019714355468750000e+02,4.062499999999991118e-02,1.534999999999999964e+01,-2.570312500000060396e-02
4.401699999999999818e+03,1.013671875000000000e+02,3.812499999999996447e-02,1.539000000000000057e+01,-8.093750000000099476e-02
4.401800000000000182e+03,1.017883300781250000e+02,3.812499999999996447e-02,1.558999999999999986e+01,-2.460937500000071054e-02
4.401899999999999636e+03,1.018615722656250000e+02,2.562499999999978684e-02,1.539000000000000057e+01,1.148437499999932498e-02
4.402000000000000000e+03,9.882202148437500000e+01,6.312499999999987566e-02,1.557000000000000028e+01,-5.414062500000049738e-02
4.402100000000000364e+03,9.918823242187500000e+01,8.124999999999715783e-03,1.542999999999999972e+01,2.679687499999960920e-02
4.402199999999999818e+03,9.871215820312500000e+01,3.062500000000012434e-02,1.576249999999999929e+01,-9.843750000000817124e-03
4.402300000000000182e+03,9.904174804687500000e+01,-6.874999999999964473e-03,1.561999999999999922e+01,-5.250000000000110134e-02
4.402399999999999636e+03,9.721069335937500000e+01,3.562500000000001776e-02,1.548000000000000043e+01,-6.343750000000092371e-02
4.402500000000000000e+03,9.635009765625000000e+01,4.062499999999991118e-02,1.537999999999999901e+01,-3.828125000000071054e-02
4.402600000000000364e+03,9.678955078125000000e+01,1.812499999999994671e-02,1.548000000000000043e+01,-1.695312500000056843e-02
4.402699999999999818e+03,9.631347656250000000e+01,4.312499999999985789e-02,1.552999999999999936e+01,-5.468750000000088818e-02
4.402800000000000182e+03,9.633178710937500000e+01,3.062500000000012434e-02,1.534999999999999964e+01,-1.640625000000284217e-03
4.402899999999999636e+03,9.466552734375000000e+01,5.062500000000014211e-02,1.525999999999999979e+01,-5.742187500000106581e-02
4.403000000000000000e+03,9.424438476562500000e+01,2.812499999999973355e-02,1.542999999999999972e+01,-2.734375000000088818e-02
4.403100000000000364e+03,9.468383789062500000e+01,2.812499999999973355e-02,1.540000000000000036e+01,5.468749999995026201e-04
4.403199999999999818e+03,9.420776367187500000e+01,4.562499999999980460e-02,1.550000000000000000e+01,-1.312500000000049738e-02
4.403300000000000182e+03,9.283447265625000000e+01,6.062499999999992895e-02,1.534999999999999964e+01,-7.929687500000071054e-02
4.403399999999999636e+03,9.261474609375000000e+01,4.812499999999975131e-02,1.532000000000000028e+01,-3.281250000000568434e-03
4.403500000000000000e+03,9.221191406250000000e+01,3.562500000000001776e-02,1.576999999999999957e+01,-5.960937500000085265e-02
4.403600000000000364e+03,9.268798828125000000e+01,4.812499999999975131e-02,1.523000000000000043e+01,-4.867187500000103029e-02
4.403699999999999818e+03,9.133300781250000000e+01,4.812499999999975131e-02,1.575000000000000000e+01,-4.156250000000039080e-02
4.403800000000000182e+03,9.087524414062500000e+01,6.062499999999992895e-02,1.538749999999999929e+01,-2.078125000000063949e-02
4.403899999999999636e+03,9.089355468750000000e+01,3.562500000000001776e-02,1.537999999999999901e+01,-4.976562500000092371e-02
4.404000000000000000e+03,9.047241210937500000e+01,2.312499999999984013e-02,1.541999999999999993e+01,-7.054687500000067502e-02
4.404100000000000364e+03,9.096679687500000000e+01,5.312500000000008882e-02,1.558000000000000007e+01,-3.226562500000085265e-02
4.404199999999999818e+03,8.897094726562500000e+01,5.062500000000014211e-02,1.539000000000000057e+01,-9.734375000000028422e-02
4.404300000000000182e+03,8.911743164062500000e+01,2.562499999999978684e-02,1.544999999999999929e+01,2.734374999999911182e-02
4.404399999999999636e+03,8.920898437500000000e+01,4.312499999999985789e-02,1.531000000000000050e+01,-4.210937500000078160e-02
4.404500000000000000e+03,8.876953125000000000e+01,7.562500000000005329e-02,1.544999999999999929e+01,-1.039062500000031974e-02
4.404600000000000364e+03,8.818359375000000000e+01,5.312500000000008882e-02,1.511999999999999922e+01,-6.234375000000103029e-02
4.404699999999999818e+03,8.732299804687500000e+01,4.312499999999985789e-02,1.554999999999999893e+01,-7.984375000000110134e-02
4.404800000000000182e+03,8.763427734375000000e+01,1.812499999999994671e-02,1.549000000000000021e+01,-4.156250000000039080e-02
4.404899999999999636e+03,8.767089843750000000e+01,2.312499999999984013e-02,1.547000000000000064e+01,-3.062500000000056843e-02
4.405000000000000000e+03,8.697509765625000000e+01,1.562500000000000000e-02,1.550000000000000000e+01,-2.679687500000049738e-02
4.405100000000000364e+03,8.633422851562500000e+01,4.312499999999985789e-02,1.549000000000000021e+01,-2.023437500000024869e-02
4.405199999999999818e+03,8.585815429687500000e+01,5.062500000000014211e-02,1.548749999999999893e+01,1.914062499999946709e-02
4.405300000000000182e+03,8.613281250000000000e+01,5.062500000000014211e-02,1.532000000000000028e+01,-7.820312500000081712e-02
4.405399999999999636e+03,8.616943359375000000e+01,4.812499999999975131e-02,1.542999999999999972e+01,2.351562499999904077e-02
4.405500000000000000e+03,8.455810546875000000e+01,3.812499999999996447e-02,1.543999999999999950e+01,-3.500000000000103029e-02
4.405600000000000364e+03,8.490600585937500000e+01,2.062499999999989342e-02,1.542999999999999972e+01,-1.695312500000056843e-02
4.405699999999999818e+03,8.446655273437500000e+01,3.312500000000007105e-02,1.552999999999999936e+01,-2.734375000000088818e-02
4.405800000000000182e+03,8.472290039062500000e+01,6.312499999999987566e-02,1.548000000000000043e+01,-2.351562500000081712e-02
4.405899999999999636e+03,8.410034179687500000e+01,6.312499999999987566e-02,1.550999999999999979e+01,-1.093750000000781597e-03
4.406000000000000000e+03,8.312988281250000000e+01,2.562499999999978684e-02,1.535999999999999943e+01,6.562499999999360512e-03
4.406100000000000364e+03,8.356933593750000000e+01,1.562500000000000000e-02,1.559999999999999964e+01,-7.164062500000056843e-02
4.406199999999999818e+03,8.312988281250000000e+01,6.812499999999976907e-02,1.566000000000000014e+01,-6.781250000000049738e-02
4.406300000000000182e+03,8.342285156250000000e+01,6.312499999999987566e-02,1.528749999999999964e+01,3.828124999999182876e-03
4.406399999999999636e+03,8.215942382812500000e+01,4.812499999999975131e-02,1.527999999999999936e+01,-2.898437500000028422e-02
4.406500000000000000e+03,8.170166015625000000e+01,5.312500000000008882e-02,1.547000000000000064e+01,1.640624999999396039e-03
4.406600000000000364e+03,8.217773437500000000e+01,3.568750000000000533e-01,1.551999999999999957e+01,-3.007812500000106581e-02
4.406699999999999818e+03,8.175659179687500000e+01,1.812499999999994671e-02,1.539000000000000057e+01,-3.664062500000042633e-02
4.406800000000000182e+03,8.107910156250000000e+01,2.812499999999973355e-02,1.562999999999999901e+01,-4.484375000000095923e-02
4.406899999999999636e+03,8.089599609375000000e+01,3.062500000000012434e-02,1.552999999999999936e+01,-8.039062500000060396e-02
4.407000000000000000e+03,8.051147460937500000e+01,6.312499999999987566e-02,1.533999999999999986e+01,-3.390625000000024869e-02
4.407100000000000364e+03,8.098754882812500000e+01,7.062500000000015987e-02,1.528999999999999915e+01,-1.585937500000067502e-02
4.407199999999999818e+03,8.040161132812500000e+01,6.062499999999992895e-02,1.534999999999999964e+01,5.468749999999467093e-03
4.407300000000000182e+03,7.954101562500000000e+01,3.812499999999996447e-02,1.528999999999999915e+01,-8.640625000000046185e-02
4.407399999999999636e+03,7.959594726562500000e+01,4.562499999999980460e-02,1.540000000000000036e+01,-3.937500000000060396e-02
4.407500000000000000e+03,7.917480468750000000e+01,3.312500000000007105e-02,1.548000000000000043e+01,-5.031250000000042633e-02
4.407600000000000364e+03,7.961425781250000000e+01,5.562500000000003553e-02,1.552999999999999936e+01,-6.781250000000049738e-02
4.407699999999999818e+03,7.824096679687500000e+01,2.562499999999978684e-02,1.554999999999999893e+01,-5.687500000000067502e-02
4.407800000000000182e+03,7.831420898437500000e+01,1.562500000000000000e-02,1.532000000000000028e+01,-8.750000000000923706e-03
4.407899999999999636e+03,7.836914062500000000e+01,4.562499999999980460e-02,1.545999999999999908e+01,-4.976562500000092371e-02
4.408000000000000000e+03,7.798461914062500000e+01,4.062499999999991118e-02,1.556000000000000050e+01,-3.500000000000103029e-02
4.408100000000000364e+03,7.787475585937500000e+01,3.062500000000012434e-02,1.535999999999999943e+01,1.968749999999896971e-02
4.408199999999999818e+03,7.699584960937500000e+01,6.812499999999976907e-02,1.548000000000000043e+01,-6.070312500000074607e-02
4.408300000000000182e+03,7.717895507812500000e+01,4.812499999999975131e-02,1.533000000000000007e+01,9.296874999999538147e-03
4.408399999999999636e+03,7.727050781250000000e+01,4.812499999999975131e-02,1.504999999999999893e+01,3.117187499999918288e-02
4.408500000000000000e+03,7.684936523437500000e+01,1.062500000000010658e-02,1.537999999999999901e+01,-4.484375000000095923e-02
4.408600000000000364e+03,7.617187500000000000e+01,6.562499999999982236e-02,1.541999999999999993e+01,-1.640625000000106581e-02
4.408699999999999818e+03,7.578735351562500000e+01,2.812499999999973355e-02,1.525999999999999979e+01,-6.070312500000074607e-02
4.408800000000000182e+03,7.597045898437500000e+01,2.812499999999973355e-02,1.542999999999999972e+01,-4.375000000000106581e-02
4.408899999999999636e+03,7.606201171875000000e+01,4.562499999999980460e-02,1.550000000000000000e+01,-8.750000000000923706e-03
4.409000000000000000e+03,7.490844726562500000e+01,5.562500000000003553e-02,1.553999999999999915e+01,-6.015625000000746070e-03
4.409100000000000364e+03,7.503662109375000000e+01,3.812499999999996447e-02,1.541000000000000014e+01,-5.960937500000085265e-02
4.409199999999999818e+03,7.467041015625000000e+01,2.562499999999978684e-02,1.559999999999999964e+01,-5.031250000000042633e-02
4.409300000000000182e+03,7.487182617187500000e+01,3.124999999999822364e-03,1.558000000000000007e+01,-3.007812500000106581e-02
4.409399999999999636e+03,7.487182617187500000e+01,2.312499999999984013e-02,1.557000000000000028e+01,1.367187499999911182e-02
4.409500000000000000e+03,7.353515625000000000e+01,-2.181250000000001243e-01,1.569999999999999929e+01,-5.140625000000031974e-02
4.409600000000000364e+03,7.390136718750000000e+01,2.562499999999978684e-02,1.508000000000000007e+01,-1.093750000000781597e-03
4.409699999999999818e+03,7.360839843750000000e+01,5.062500000000014211e-02,1.558999999999999986e+01,9.843749999999040767e-03
4.409800000000000182e+03,7.375488281250000000e+01,5.062500000000014211e-02,1.529999999999999893e+01,-4.648437500000035527e-02
4.409899999999999636e+03,7.293090820312500000e+01,6.312499999999987566e-02,1.521749999999999936e+01,-1.367187500000088818e-02
4.410000000000000000e+03,7.238159179687500000e+01,5.812499999999998224e-02,1.536999999999999922e+01,2.296874999999953815e-02
4.410100000000000364e+03,7.278442382812500000e+01,8.124999999999715783e-03,1.557000000000000028e+01,-4.648437500000035527e-02
4.410199999999999818e+03,7.250976562500000000e+01,5.062500000000014211e-02,1.526999999999999957e+01,-4.375000000000106581e-02
4.410300000000000182e+03,7.225341796875000000e+01,2.312499999999984013e-02,1.540000000000000036e+01,-5.523437500000039080e-02
4.410399999999999636e+03,7.175903320312500000e+01,6.062499999999992895e-02,1.524000000000000021e+01,-6.289062500000053291e-02
4.410500000000000000e+03,7.139282226562500000e+01,-2.781250000000001776e-01,1.562999999999999901e+01,-5.195312500000071054e-02
4.410600000000000364e+03,7.179565429687500000e+01,5.812499999999998224e-02,1.553999999999999915e+01,-3.664062500000042633e-02
4.410699999999999818e+03,7.148437500000000000e+01,4.062499999999991118e-02,1.529999999999999893e+01,-4.375000000000106581e-02
4.410800000000000182e+03,7.077026367187500000e+01,4.562499999999980460e-02,1.536999999999999922e+01,-5.031250000000042633e-02
4.410899999999999636e+03,7.075195312500000000e+01,5.062500000000014211e-02,1.558999999999999986e+01,2.187499999998898659e-03
4.411000000000000000e+03,7.036743164062500000e+01,6.562499999999982236e-02,1.519749999999999979e+01,-6.671875000000060396e-02
4.411100000000000364e+03,7.078857421875000000e+01,5.812499999999998224e-02,1.547000000000000064e+01,5.468749999995026201e-04
4.411199999999999818e+03,6.983642578125000000e+01,9.249999999999980460e-02,1.544999999999999929e+01,6.070312499999896971e-02
4.411300000000000182e+03,6.967163085937500000e+01,4.312499999999985789e-02,1.554999999999999893e+01,-3.445312500000063949e-02
4.411399999999999636e+03,6.976318359375000000e+01,2.562499999999978684e-02,1.550000000000000000e+01,1.312499999999960920e-02
4.411500000000000000e+03,6.939697265625000000e+01,3.062500000000012434e-02,1.545999999999999908e+01,7.656249999999253930e-03
4.411600000000000364e+03,6.976318359375000000e+01,3.562500000000001776e-02,1.532000000000000028e+01,-3.171875000000046185e-02
4.411699999999999818e+03,6.855468750000000000e+01,2.812499999999973355e-02,1.535999999999999943e+01,9.843749999999040767e-03
4.411800000000000182e+03,6.866455078125000000e+01,4.812499999999975131e-02,1.547000000000000064e+01,-7.109375000000639488e-03
4.411899999999999636e+03,6.879272460937500000e+01,3.812499999999996447e-02,1.533000000000000007e+01,-7.328125000000085265e-02
4.412000000000000000e+03,6.838989257812500000e+01,6.562499999999982236e-02,1.539000000000000057e+01,-4.375000000000106581e-02
4.412100000000000364e+03,6.807861328125000000e+01,5.062500000000014211e-02,1.534999999999999964e+01,-2.515625000000110134e-02
4.412199999999999818e+03,6.760253906250000000e+01,5.312500000000008882e-02,1.557000000000000028e+01,-3.609375000000092371e-02
4.412300000000000182e+03,6.774902343750000000e+01,3.312500000000007105e-02,1.558000000000000007e+01,-7.328125000000085265e-02
4.412399999999999636e+03,6.785888671875000000e+01,3.812499999999996447e-02,1.559999999999999964e+01,-1.093750000000071054e-02
4.412500000000000000e+03,6.721801757812500000e+01,4.312499999999985789e-02,1.561999999999999922e+01,-6.781250000000049738e-02
4.412600000000000364e+03,6.701660156250000000e+01,6.812499999999976907e-02,1.539000000000000057e+01,-3.281250000000568434e-03
4.412699999999999818e+03,6.674194335937500000e+01,7.062500000000015987e-02,1.544999999999999929e+01,-7.054687500000067502e-02
4.412800000000000182e+03,6.687011718750000000e+01,6.812499999999976907e-02,1.532750000000000057e+01,-7.328125000000085265e-02
4.412899999999999636e+03,6.696166992187500000e+01,2.812499999999973355e-02,1.557000000000000028e+01,-2.242187500000092371e-02
4.413000000000000000e+03,6.577148437500000000e+01,-1.143749999999998934e-01,1.529999999999999893e+01,-2.898437500000028422e-02
4.413100000000000364e+03,6.608276367187500000e+01,4.562499999999980460e-02,1.542999999999999972e+01,-7.546875000000063949e-02
4.413199999999999818e+03,6.584472656250000000e+01,4.812499999999975131e-02,1.534999999999999964e+01,4.101562499999911182e-02
4.413300000000000182e+03,6.595458984375000000e+01,1.812499999999994671e-02,1.541000000000000014e+01,-4.703125000000074607e-02
4.413399999999999636e+03,6.551513671875000000e+01,3.812499999999996447e-02,1.551999999999999957e+01,-2.242187500000092371e-02
4.413500000000000000e+03,6.478271484375000000e+01,6.062499999999992895e-02,1.526999999999999957e+01,-5.851562500000095923e-02
4.413600000000000364e+03,6.514892578125000000e+01,1.562500000000000000e-02,1.572000000000000064e+01,-4.703125000000074607e-02
4.413699999999999818e+03,6.492919921875000000e+01,8.062499999999994671e-02,1.548000000000000043e+01,-6.617187500000110134e-02
4.413800000000000182e+03,6.503906250000000000e+01,6.812499999999976907e-02,1.545999999999999908e+01,-3.007812500000106581e-02
4.413899999999999636e+03,6.432495117187500000e+01,1.562500000000000000e-02,1.549000000000000021e+01,-3.390625000000024869e-02
4.414000000000000000e+03,6.388549804687500000e+01,5.312500000000008882e-02,1.537999999999999901e+01,-4.265625000000028422e-02
4.414100000000000364e+03,6.428833007812500000e+01,3.062500000000012434e-02,1.537999999999999901e+01,-2.953125000000067502e-02
4.414199999999999818e+03,6.401367187500000000e+01,5.562500000000003553e-02,1.536999999999999922e+01,-1.859375000000085265e-02
4.414300000000000182e+03,6.355590820312500000e+01,3.812499999999996447e-02,1.557000000000000028e+01,-3.117187500000095923e-02
4.414399999999999636e+03,6.346435546875000000e+01,3.812499999999996447e-02,1.551999999999999957e+01,-1.640625000000284217e-03
4.414500000000000000e+03,6.306152343750000000e+01,3.312500000000007105e-02,1.550999999999999979e+01,-4.593750000000085265e-02
4.414600000000000364e+03,6.348266601562500000e+01,-1.875000000000071054e-03,1.548000000000000043e+01,-4.320312500000067502e-02
4.414699999999999818e+03,6.304321289062500000e+01,6.062499999999992895e-02,1.536749999999999972e+01,-9.843750000000817124e-03
4.414800000000000182e+03,6.256713867187500000e+01,2.312499999999984013e-02,1.550000000000000000e+01,-1.531250000000028422e-02
4.414899999999999636e+03,6.262207031250000000e+01,5.562500000000003553e-02,1.533000000000000007e+01,-2.242187500000092371e-02
4.415000000000000000e+03,6.225585937500000000e+01,6.062499999999992895e-02,1.553999999999999915e+01,3.226562499999907629e-02
4.415100000000000364e+03,6.267700195312500000e+01,1.312500000000005329e-02,1.545999999999999908e+01,-7.054687500000067502e-02
4.415199999999999818e+03,6.174316406250000000e+01,4.562499999999980460e-02,1.550999999999999979e+01,-8.750000000000923706e-03
4.415300000000000182e+03,6.174316406250000000e+01,3.062500000000012434e-02,1.547000000000000064e+01,-3.937500000000060396e-02
4.415399999999999636e+03,6.183471679687500000e+01,4.312499999999985789e-02,1.541999999999999993e+01,-3.335937500000074607e-02
4.415500000000000000e+03,6.143188476562500000e+01,5.812499999999998224e-02,1.559999999999999964e+01,-6.507812500000031974e-02
4.415600000000000364e+03,6.154174804687500000e+01,5.562500000000003553e-02,1.549000000000000021e+01,-4.046875000000049738e-02
4.415699999999999818e+03,6.091918945312500000e+01,3.812499999999996447e-02,1.539000000000000057e+01,-1.006250000000008527e-01
4.415800000000000182e+03,6.104736328125000000e+01,5.312500000000008882e-02,1.536999999999999922e+01,-3.226562500000085265e-02
4.415899999999999636e+03,6.113891601562500000e+01,5.312500000000008882e-02,1.525000000000000000e+01,-2.132812500000103029e-02
4.416000000000000000e+03,6.077270507812500000e+01,5.812499999999998224e-02,1.550999999999999979e+01,-2.023437500000024869e-02
4.416100000000000364e+03,6.042480468750000000e+01,4.562499999999980460e-02,1.549000000000000021e+01,-1.367187500000088818e-02
4.416199999999999818e+03,6.013183593750000000e+01,2.062499999999989342e-02,1.545999999999999908e+01,-1.093750000000781597e-03
4.416300000000000182e+03,6.026000976562500000e+01,2.062499999999989342e-02,1.550000000000000000e+01,-8.750000000000923706e-03
4.416399999999999636e+03,6.033325195312500000e+01,3.312500000000007105e-02,1.537999999999999901e+01,-1.257812500000099476e-02
4.416500000000000000e+03,5.947265625000000000e+01,3.812499999999996447e-02,1.541000000000000014e+01,6.562499999999360512e-03
4.416600000000000364e+03,5.967407226562500000e+01,6.062499999999992895e-02,1.534999999999999964e+01,2.843749999999900524e-02
4.416699999999999818e+03,5.941772460937500000e+01,5.312500000000008882e-02,1.547000000000000064e+01,-2.570312500000060396e-02
4.416800000000000182e+03,5.952758789062500000e+01,1.562500000000000000e-02,1.562999999999999901e+01,-6.398437500000042633e-02
4.416899999999999636e+03,5.956420898437500000e+01,3.562500000000001776e-02,1.539749999999999908e+01,-9.296875000000426326e-03
4.417000000000000000e+03,5.848388671875000000e+01,3.812499999999996447e-02,1.560999999999999943e+01,-7.929687500000071054e-02
4.417100000000000364e+03,5.883178710937500000e+01,5.562500000000003553e-02,1.543999999999999950e+01,7.656249999999253930e-03
4.417199999999999818e+03,5.861206054687500000e+01,4.062499999999991118e-02,1.541000000000000014e+01,-8.881784197001252323e-16
4.417300000000000182e+03,5.870361328125000000e+01,1.312500000000005329e-02,1.541999999999999993e+01,-3.007812500000106581e-02
4.417399999999999636e+03,5.826416015625000000e+01,4.562499999999980460e-02,1.525000000000000000e+01,-1.859375000000085265e-02
4.417500000000000000e+03,5.776977539062500000e+01,4.812499999999975131e-02,1.542999999999999972e+01,-1.033593750000010303e-01
4.417600000000000364e+03,5.813598632812500000e+01,1.812499999999994671e-02,1.528999999999999915e+01,-7.273437500000046185e-02
4.417699999999999818e+03,5.793457031250000000e+01,4.312499999999985789e-02,1.535999999999999943e+01,-1.093750000000071054e-02
4.417800000000000182e+03,5.778808593750000000e+01,2.562499999999978684e-02,1.558999999999999986e+01,-3.171875000000046185e-02
4.417899999999999636e+03,5.755004882812500000e+01,2.562499999999978684e-02,1.558999999999999986e+01,-4.156250000000039080e-02
4.418000000000000000e+03,5.716552734375000000e+01,4.562499999999980460e-02,1.524000000000000021e+01,6.015624999998969713e-03
4.418100000000000364e+03,5.755004882812500000e+01,3.812499999999996447e-02,1.547749999999999915e+01,-6.179687500000063949e-02
4.418199999999999818e+03,5.734863281250000000e+01,1.062500000000010658e-02,1.552999999999999936e+01,-5.359375000000099476e-02
4.418300000000000182e+03,5.679931640625000000e+01,5.812499999999998224e-02,1.534999999999999964e+01,-5.632812500000028422e-02
4.418399999999999636e+03,5.683593750000000000e+01,4.812499999999975131e-02,1.547000000000000064e+01,-3.117187500000095923e-02
4.418500000000000000e+03,5.648803710937500000e+01,2.312499999999984013e-02,1.544999999999999929e+01,1.203124999999971578e-02
4.418600000000000364e+03,5.683593750000000000e+01,5.312500000000008882e-02,1.553999999999999915e+01,-7.656250000001030287e-03
4.418699999999999818e+03,5.626831054687500000e+01,8.124999999999715783e-03,1.549000000000000021e+01,-3.007812500000106581e-02
4.418800000000000182e+03,5.614013671875000000e+01,8.625000000000015987e-02,1.531000000000000050e+01,-1.312500000000049738e-02
4.418899999999999636e+03,5.623168945312500000e+01,2.562499999999978684e-02,1.545999999999999908e+01,-3.500000000000103029e-02
4.419000000000000000e+03,5.588378906250000000e+01,4.812499999999975131e-02,1.536999999999999922e+01,-5.140625000000031974e-02
4.419100000000000364e+03,5.625000000000000000e+01,4.562499999999980460e-02,1.543999999999999950e+01,9.843749999999040767e-03
4.419199999999999818e+03,5.538940429687500000e+01,8.124999999999715783e-03,1.562999999999999901e+01,-3.117187500000095923e-02
4.419300000000000182e+03,5.544433593750000000e+01,5.312500000000008882e-02,1.539000000000000057e+01,-8.093750000000099476e-02
4.419399999999999636e+03,5.551757812500000000e+01,5.812499999999998224e-02,1.550000000000000000e+01,-8.750000000000923706e-03
4.419500000000000000e+03,5.518798828125000000e+01,4.312499999999985789e-02,1.526999999999999957e+01,-4.375000000000461853e-03
4.419600000000000364e+03,5.509643554687500000e+01,2.312499999999984013e-02,1.527999999999999936e+01,-3.007812500000106581e-02
4.419699999999999818e+03,5.473022460937500000e+01,3.562500000000001776e-02,1.541000000000000014e+01,-5.250000000000110134e-02
4.419800000000000182e+03,5.482177734375000000e+01,1.312500000000005329e-02,1.541000000000000014e+01,-2.187500000000053291e-02
4.419899999999999636e+03,5.491333007812500000e+01,1.062500000000010658e-02,1.542999999999999972e+01,-1.968750000000074607e-02
4.420000000000000000e+03,5.443725585937500000e+01,3.062500000000012434e-02,1.533000000000000007e+01,-9.789062500000067502e-02
4.420100000000000364e+03,5.436401367187500000e+01,7.312500000000010658e-02,1.537999999999999901e+01,-5.468750000000355271e-03
4.420199999999999818e+03,5.414428710937500000e+01,6.062499999999992895e-02,1.548000000000000043e+01,5.468749999995026201e-04
4.420300000000000182e+03,5.421752929687500000e+01,2.562499999999978684e-02,1.516000000000000014e+01,2.734374999999289457e-03
4.420399999999999636e+03,5.429077148437500000e+01,3.562500000000001776e-02,1.529999999999999893e+01,-2.187500000000675016e-03
4.420500000000000000e+03,5.346679687500000000e+01,3.562500000000001776e-02,1.523000000000000043e+01,-5.359375000000099476e-02
4.420600000000000364e+03,5.375976562500000000e+01,2.062499999999989342e-02,1.532000000000000028e+01,-4.320312500000067502e-02
4.420699999999999818e+03,5.355834960937500000e+01,7.312500000000010658e-02,1.541999999999999993e+01,-7.929687500000071054e-02
4.420800000000000182e+03,5.359497070312500000e+01,5.562500000000003553e-02,1.537999999999999901e+01,-3.992187500000099476e-02
4.420899999999999636e+03,5.343017578125000000e+01,3.812499999999996447e-02,1.549000000000000021e+01,-2.023437500000024869e-02
4.421000000000000000e+03,5.282592773437500000e+01,6.562499999999982236e-02,1.535999999999999943e+01,-1.476562500000078160e-02
4.421100000000000364e+03,5.315551757812500000e+01,4.562499999999980460e-02,1.574000000000000021e+01,-8.367187500000028422e-02
4.421199999999999818e+03,5.295410156250000000e+01,3.812499999999996447e-02,1.515000000000000036e+01,-3.718750000000081712e-02
4.421300000000000182e+03,5.300903320312500000e+01,4.062499999999991118e-02,1.523000000000000043e+01,-8.203125000000532907e-03
4.421399999999999636e+03,5.253295898437500000e+01,3.562500000000001776e-02,1.558999999999999986e+01,-4.757812500000024869e-02
4.421500000000000000e+03,5.216674804687500000e+01,2.812499999999973355e-02,1.550000000000000000e+01,-1.859375000000085265e-02
4.421600000000000364e+03,5.255126953125000000e+01,4.062499999999991118e-02,1.543999999999999950e+01,-1.219531250000009948e-01
4.421699999999999818e+03,5.234985351562500000e+01,1.062500000000010658e-02,1.564000000000000057e+01,-3.992187500000099476e-02
4.421800000000000182e+03,5.207519531250000000e+01,5.312500000000008882e-02,1.565000000000000036e+01,3.062499999999968026e-02
4.421899999999999636e+03,5.203857421875000000e+01,3.312500000000007105e-02,1.560999999999999943e+01,-8.804687500000074607e-02
4.422000000000000000e+03,5.169067382812500000e+01,5.562500000000003553e-02,1.556000000000000050e+01,-1.203125000000060396e-02
4.422100000000000364e+03,5.209350585937500000e+01,3.562500000000001776e-02,1.539000000000000057e+01,-3.335937500000074607e-02
4.422199999999999818e+03,5.187377929687500000e+01,4.312499999999985789e-02,1.535999999999999943e+01,-6.179687500000063949e-02
4.422300000000000182e+03,5.136108398437500000e+01,5.562500000000003553e-02,1.525999999999999979e+01,-4.375000000000106581e-02
4.422399999999999636e+03,5.145263671875000000e+01,5.812499999999998224e-02,1.543999999999999950e+01,-3.171875000000046185e-02
4.422500000000000000e+03,5.110473632812500000e+01,2.562499999999978684e-02,1.541999999999999993e+01,-3.882812500000110134e-02
4.422600000000000364e+03,5.143432617187500000e+01,5.562500000000003553e-02,1.543999999999999950e+01,-5.140625000000031974e-02
4.422699999999999818e+03,5.083007812500000000e+01,4.312499999999985789e-02,1.544999999999999929e+01,-5.031250000000042633e-02
4.422800000000000182e+03,5.081176757812500000e+01,3.312500000000007105e-02,1.552999999999999936e+01,-1.914062500000035527e-02
4.422899999999999636e+03,5.090332031250000000e+01,5.062500000000014211e-02,1.544999999999999929e+01,-1.750000000000095923e-02
4.423000000000000000e+03,5.055541992187500000e+01,1.062500000000010658e-02,1.545999999999999908e+01,-3.281250000000035527e-02
4.423100000000000364e+03,5.081176757812500000e+01,1.062500000000010658e-02,1.537999999999999901e+01,-2.789062500000039080e-02
4.423199999999999818e+03,5.024414062500000000e+01,-3.431250000000001243e-01,1.539000000000000057e+01,-3.609375000000092371e-02
4.423300000000000182e+03,5.031738281250000000e+01,3.312500000000007105e-02,1.548000000000000043e+01,-3.117187500000095923e-02
4.423399999999999636e+03,5.039062500000000000e+01,5.062500000000014211e-02,1.535999999999999943e+01,-1.531250000000028422e-02
4.423500000000000000e+03,5.007934570312500000e+01,5.062500000000014211e-02,1.532000000000000028e+01,8.203124999999644729e-03
4.423600000000000364e+03,5.042724609375000000e+01,4.062499999999991118e-02,1.536999999999999922e+01,-1.476562500000078160e-02
4.423699999999999818e+03,5.022583007812500000e+01,5.562500000000003553e-02,1.557000000000000028e+01,-2.515625000000110134e-02
4.423800000000000182e+03,5.029907226562500000e+01,1.562500000000000000e-02,1.550999999999999979e+01,-2.242187500000092371e-02
4.423899999999999636e+03,5.035400390625000000e+01,2.812499999999973355e-02,1.544999999999999929e+01,-4.867187500000103029e-02
4.424000000000000000e+03,5.006103515625000000e+01,1.812499999999994671e-02,1.540000000000000036e+01,-1.257812500000099476e-02
4.424100000000000364e+03,5.040893554687500000e+01,1.812499999999994671e-02,1.544999999999999929e+01,-1.585937500000067502e-02
4.424199999999999818e+03,5.024414062500000000e+01,6.062499999999992895e-02,1.541000000000000014e+01,-5.468750000000355271e-03
4.424300000000000182e+03,5.029907226562500000e+01,2.812499999999973355e-02,1.533000000000000007e+01,-8.859375000000024869e-02
4.424399999999999636e+03,5.040893554687500000e+01,1.562500000000000000e-02,1.529749999999999943e+01,-4.265625000000028422e-02
4.424500000000000000e+03,5.125122070312500000e+01,2.924999999999999822e+00,1.542999999999999972e+01,1.550718750000000057e+01
4.424600000000000364e+03,5.163574218750000000e+01,2.957500000000000018e+00,1.539000000000000057e+01,1.553890625000000014e+01
4.424699999999999818e+03,5.147094726562500000e+01,2.952500000000000124e+00,1.543999999999999950e+01,1.548148437500000085e+01
4.424800000000000182e+03,5.148925781250000000e+01,2.957500000000000018e+00,1.558999999999999986e+01,1.550882812500000085e+01
4.424899999999999636e+03,5.357666015625000000e+01,2.915000000000000036e+00,1.543999999999999950e+01,1.548531250000000092e+01
4.425000000000000000e+03,5.383300781250000000e+01,2.975000000000000089e+00,1.558999999999999986e+01,1.551539062500000021e+01
4.425100000000000364e+03,5.423583984375000000e+01,2.950000000000000178e+00,1.569999999999999929e+01,1.547656250000000000e+01
4.425199999999999818e+03,5.403442382812500000e+01,2.964999999999999858e+00,1.560999999999999943e+01,1.543281250000000071e+01
4.425300000000000182e+03,5.484008789062500000e+01,3.007499999999999840e+00,1.544749999999999979e+01,1.543992187500000135e+01
4.425399999999999636e+03,5.780639648437500000e+01,2.995000000000000107e+00,1.537999999999999901e+01,1.552414062500000114e+01
4.425500000000000000e+03,5.756835937500000000e+01,2.990000000000000213e+00,1.557000000000000028e+01,1.554328125000000149e+01
4.425600000000000364e+03,5.795288085937500000e+01,3.007499999999999840e+00,1.550750000000000028e+01,1.549351562500000057e+01
4.425699999999999818e+03,5.773315429687500000e+01,3.012500000000000178e+00,1.541000000000000014e+01,1.550718750000000057e+01
4.425800000000000182e+03,6.181640625000000000e+01,3.015000000000000124e+00,1.544999999999999929e+01,1.549078125000000128e+01
4.425899999999999636e+03,6.245727539062500000e+01,3.000000000000000000e+00,1.564000000000000057e+01,1.549679687500000114e+01
4.426000000000000000e+03,6.214599609375000000e+01,3.049999999999999822e+00,1.549000000000000021e+01,1.544648437500000071e+01
4.426100000000000364e+03,6.256713867187500000e+01,3.037500000000000089e+00,1.548000000000000043e+01,1.538906250000000142e+01
4.426199999999999818e+03,6.425170898437500000e+01,3.132499999999999840e+00,1.527999999999999936e+01,1.550882812500000085e+01
4.426300000000000182e+03,6.597290039062500000e+01,3.062500000000000000e+00,1.560999999999999943e+01,1.548476562500000142e+01
4.426399999999999636e+03,6.615600585937500000e+01,3.107499999999999929e+00,1.541000000000000014e+01,1.548531250000000092e+01
4.426500000000000000e+03,6.577148437500000000e+01,3.075000000000000178e+00,1.544999999999999929e+01,1.543882812500000057e+01
4.426600000000000364e+03,6.619262695312500000e+01,3.082500000000000018e+00,1.549000000000000021e+01,1.556132812500000107e+01
4.426699999999999818e+03,6.884765625000000000e+01,3.102500000000000036e+00,1.536999999999999922e+01,1.545687500000000014e+01
4.426800000000000182e+03,6.925048828125000000e+01,3.132499999999999840e+00,1.511999999999999922e+01,1.550281250000000099e+01
4.426899999999999636e+03,6.937866210937500000e+01,3.112499999999999822e+00,1.557000000000000028e+01,1.545742187500000142e+01
4.427000000000000000e+03,6.897583007812500000e+01,3.122500000000000053e+00,1.553999999999999915e+01,1.544320312500000014e+01
4.427100000000000364e+03,7.142944335937500000e+01,3.152499999999999858e+00,1.524000000000000021e+01,1.547273437499999993e+01
4.427199999999999818e+03,7.185058593750000000e+01,3.132499999999999840e+00,1.541000000000000014e+01,1.546070312500000021e+01
4.427300000000000182e+03,7.208862304687500000e+01,3.134999999999999787e+00,1.547000000000000064e+01,1.541968750000000021e+01
4.427399999999999636e+03,7.216186523437500000e+01,3.152499999999999858e+00,1.556000000000000050e+01,1.544703125000000021e+01
4.427500000000000000e+03,7.201538085937500000e+01,3.125000000000000000e+00,1.553999999999999915e+01,1.551320312500000043e+01
4.427600000000000364e+03,7.457885742187500000e+01,3.157500000000000195e+00,1.532000000000000028e+01,1.546726562500000135e+01
4.427699999999999818e+03,7.434082031250000000e+01,3.140000000000000124e+00,1.553999999999999915e+01,1.549953125000000043e+01
4.427800000000000182e+03,7.456054687500000000e+01,3.192499999999999893e+00,1.537999999999999901e+01,1.542953125000000014e+01
4.427899999999999636e+03,7.459716796875000000e+01,3.194999999999999840e+00,1.536999999999999922e+01,1.546179687500000099e+01
4.428000000000000000e+03,7.622680664062500000e+01,3.152499999999999858e+00,1.564000000000000057e+01,1.546507812500000156e+01
4.428100000000000364e+03,7.697753906250000000e+01,3.182500000000000107e+00,1.577999999999999936e+01,1.545687500000000014e+01
4.428199999999999818e+03,7.661132812500000000e+01,3.180000000000000160e+00,1.564000000000000057e+01,1.546179687500000099e+01
4.428300000000000182e+03,7.688598632812500000e+01,3.214999999999999858e+00,1.566000000000000014e+01,1.545523437500000163e+01
4.428399999999999636e+03,7.802124023437500000e+01,3.214999999999999858e+00,1.551999999999999957e+01,1.548695312500000121e+01
4.428500000000000000e+03,7.868041992187500000e+01,3.212499999999999911e+00,1.549000000000000021e+01,1.552085937500000057e+01
4.428600000000000364e+03,7.922973632812500000e+01,3.229999999999999982e+00,1.533000000000000007e+01,1.551429687500000121e+01
4.428699999999999818e+03,7.884521484375000000e+01,2.765000000000000124e+00,1.518999999999999950e+01,1.543554687500000000e+01
4.428800000000000182e+03,7.908325195312500000e+01,3.197499999999999787e+00,1.566000000000000014e+01,1.549570312500000036e+01
4.428899999999999636e+03,8.113403320312500000e+01,3.234999999999999876e+00,1.545999999999999908e+01,1.548093750000000135e+01
4.429000000000000000e+03,8.085937500000000000e+01,3.229999999999999982e+00,1.565000000000000036e+01,1.547820312500000028e+01
4.429100000000000364e+03,8.131713867187500000e+01,3.157500000000000195e+00,1.556000000000000050e+01,1.546070312500000021e+01
4.429199999999999818e+03,8.095092773437500000e+01,3.262500000000000178e+00,1.565000000000000036e+01,1.552414062500000114e+01
4.429300000000000182e+03,8.261718750000000000e+01,3.247500000000000053e+00,1.551999999999999957e+01,1.553945312500000142e+01
4.429399999999999636e+03,8.314819335937500000e+01,3.252499999999999947e+00,1.549000000000000021e+01,1.549953125000000043e+01
4.429500000000000000e+03,8.276367187500000000e+01,3.282500000000000195e+00,1.553749999999999964e+01,1.541531250000000064e+01
4.429600000000000364e+03,8.325805664062500000e+01,3.294999999999999929e+00,1.536999999999999922e+01,1.543335937500000021e+01
4.429699999999999818e+03,8.305664062500000000e+01,3.232499999999999929e+00,1.527999999999999936e+01,1.547710937500000128e+01
4.429800000000000182e+03,8.494262695312500000e+01,3.314999999999999947e+00,1.541000000000000014e+01,1.548203125000000036e+01
4.429899999999999636e+03,8.505249023437500000e+01,3.310000000000000053e+00,1.519999999999999929e+01,1.546835937500000036e+01
4.430000000000000000e+03,8.464965820312500000e+01,3.334999999999999964e+00,1.531000000000000050e+01,1.551320312500000043e+01
4.430100000000000364e+03,8.514404296875000000e+01,3.332500000000000018e+00,1.560999999999999943e+01,1.545195312500000107e+01
4.430199999999999818e+03,8.631591796875000000e+01,3.332500000000000018e+00,1.534999999999999964e+01,1.551046875000000114e+01
4.430300000000000182e+03,8.688354492187500000e+01,3.312500000000000000e+00,1.539000000000000057e+01,1.550117187500000071e+01
4.430399999999999636e+03,8.693847656250000000e+01,3.327500000000000124e+00,1.560999999999999943e+01,1.543937500000000007e+01
4.430500000000000000e+03,8.657226562500000000e+01,3.345000000000000195e+00,1.547000000000000064e+01,1.545906249999999993e+01
4.430600000000000364e+03,8.790893554687500000e+01,3.297499999999999876e+00,1.557000000000000028e+01,1.539671875000000156e+01
4.430699999999999818e+03,8.827514648437500000e+01,3.357499999999999929e+00,1.548000000000000043e+01,1.545195312500000107e+01
4.430800000000000182e+03,8.862304687500000000e+01,3.377499999999999947e+00,1.557000000000000028e+01,1.540054687500000163e+01
4.430899999999999636e+03,8.867797851562500000e+01,3.680000000000000160e+00,1.516000000000000014e+01,1.545250000000000057e+01
4.431000000000000000e+03,8.829345703125000000e+01,3.362499999999999822e+00,1.545999999999999908e+01,1.541914062500000071e+01
4.431100000000000364e+03,9.045410156250000000e+01,3.365000000000000213e+00,1.544999999999999929e+01,1.546835937500000036e+01
4.431199999999999818e+03,9.006958007812500000e+01,3.367500000000000160e+00,1.560999999999999943e+01,1.548695312500000121e+01
4.431300000000000182e+03,9.041748046875000000e+01,3.384999999999999787e+00,1.527999999999999936e+01,1.546234375000000050e+01
4.431399999999999636e+03,9.043579101562500000e+01,3.390000000000000124e+00,1.560999999999999943e+01,1.546234375000000050e+01
4.431500000000000000e+03,9.131469726562500000e+01,3.397499999999999964e+00,1.533999999999999986e+01,1.545359375000000135e+01
4.431600000000000364e+03,9.228515625000000000e+01,3.405000000000000249e+00,1.551999999999999957e+01,1.540765625000000050e+01
4.431699999999999818e+03,9.177246093750000000e+01,3.450000000000000178e+00,1.537999999999999901e+01,1.544101562500000036e+01
4.431800000000000182e+03,9.213867187500000000e+01,3.422499999999999876e+00,1.543999999999999950e+01,1.549242187500000156e+01
4.431899999999999636e+03,9.241333007812500000e+01,3.427500000000000213e+00,1.527999999999999936e+01,1.547492187500000149e+01
4.432000000000000000e+03,9.332885742187500000e+01,3.405000000000000249e+00,1.542999999999999972e+01,1.544484375000000043e+01
4.432100000000000364e+03,9.389648437500000000e+01,3.475000000000000089e+00,1.536999999999999922e+01,1.544210937500000114e+01
4.432199999999999818e+03,9.338378906250000000e+01,3.427500000000000213e+00,1.545999999999999908e+01,1.545687500000000014e+01
4.432300000000000182e+03,9.376831054687500000e+01,3.447499999999999787e+00,1.541000000000000014e+01,1.546015625000000071e+01
4.432399999999999636e+03,9.525146484375000000e+01,3.470000000000000195e+00,1.541999999999999993e+01,1.548585937500000043e+01
4.432500000000000000e+03,9.508666992187500000e+01,3.472500000000000142e+00,1.552999999999999936e+01,1.542734375000000036e+01
4.432600000000000364e+03,9.561767578125000000e+01,3.524999999999999911e+00,1.547000000000000064e+01,1.546671875000000007e+01
4.432699999999999818e+03,9.510498046875000000e+01,3.462499999999999911e+00,1.531000000000000050e+01,1.548531250000000092e+01
4.432800000000000182e+03,9.627685546875000000e+01,3.472500000000000142e+00,1.543999999999999950e+01,1.545632812500000064e+01
4.432899999999999636e+03,9.706420898437500000e+01,3.479999999999999982e+00,1.553999999999999915e+01,1.550554687500000028e+01
4.433000000000000000e+03,9.669799804687500000e+01,3.472500000000000142e+00,1.534750000000000014e+01,1.545304687500000007e+01
4.433100000000000364e+03,9.721069335937500000e+01,3.475000000000000089e+00,1.550000000000000000e+01,1.542953125000000014e+01
4.433199999999999818e+03,9.666137695312500000e+01,3.504999999999999893e+00,1.542999999999999972e+01,1.546562500000000107e+01
4.433300000000000182e+03,9.856567382812500000e+01,3.314999999999999947e+00,1.550999999999999979e+01,1.543828125000000107e+01
4.433399999999999636e+03,9.863891601562500000e+01,3.515000000000000124e+00,1.533000000000000007e+01,1.546945312500000114e+01
4.433500000000000000e+03,9.827270507812500000e+01,3.524999999999999911e+00,1.531000000000000050e+01,1.544101562500000036e+01
4.433600000000000364e+03,9.878540039062500000e+01,3.507500000000000284e+00,1.529999999999999893e+01,1.543390625000000149e+01
4.433699999999999818e+03,9.946289062500000000e+01,3.537500000000000089e+00,1.535749999999999993e+01,1.542132812500000050e+01
4.433800000000000182e+03,1.002685546875000000e+02,3.570000000000000284e+00,1.548000000000000043e+01,1.551156250000000014e+01
4.433899999999999636e+03,1.002502441406250000e+02,3.522499999999999964e+00,1.519999999999999929e+01,1.548640624999999993e+01
4.434000000000000000e+03,9.990234375000000000e+01,3.555000000000000160e+00,1.541999999999999993e+01,1.549953125000000043e+01
4.434100000000000364e+03,1.006530761718750000e+02,3.560000000000000053e+00,1.528999999999999915e+01,1.542570312500000007e+01
4.434199999999999818e+03,1.014587402343750000e+02,3.549999999999999822e+00,1.522000000000000064e+01,1.547546875000000099e+01
4.434300000000000182e+03,1.018798828125000000e+02,3.564999999999999947e+00,1.528999999999999915e+01,1.543773437500000156e+01
4.434399999999999636e+03,1.018615722656250000e+02,3.549999999999999822e+00,1.544999999999999929e+01,1.544703125000000021e+01
4.434500000000000000e+03,1.015136718750000000e+02,3.549999999999999822e+00,1.556000000000000050e+01,1.544320312500000014e+01
4.434600000000000364e+03,1.034179687500000000e+02,3.564999999999999947e+00,1.532000000000000028e+01,1.549625000000000163e+01
4.434699999999999818e+03,1.030334472656250000e+02,3.617500000000000160e+00,1.553999999999999915e+01,1.544156250000000163e+01
4.434800000000000182e+03,1.034729003906250000e+02,3.602500000000000036e+00,1.539000000000000057e+01,1.548968750000000050e+01
4.434899999999999636e+03,1.034729003906250000e+02,3.629999999999999893e+00,1.551999999999999957e+01,1.549406250000000007e+01
4.435000000000000000e+03,1.039123535156250000e+02,3.594999999999999751e+00,1.532000000000000028e+01,1.548804687500000021e+01
4.435100000000000364e+03,1.051574707031250000e+02,3.615000000000000213e+00,1.534999999999999964e+01,1.545414062500000085e+01
4.435199999999999818e+03,1.046264648437500000e+02,3.597500000000000142e+00,1.544999999999999929e+01,1.548257812500000163e+01
4.435300000000000182e+03,1.050842285156250000e+02,3.642500000000000071e+00,1.524000000000000021e+01,1.541367187500000036e+01
4.435399999999999636e+03,1.050659179687500000e+02,3.665000000000000036e+00,1.557000000000000028e+01,1.549515625000000085e+01
4.435500000000000000e+03,1.062377929687500000e+02,3.642500000000000071e+00,1.529999999999999893e+01,1.545140625000000156e+01
4.435600000000000364e+03,1.068420410156250000e+02,3.680000000000000160e+00,1.564000000000000057e+01,1.546453125000000028e+01
4.435699999999999818e+03,1.062377929687500000e+02,3.674999999999999822e+00,1.558000000000000007e+01,1.545304687500000007e+01
4.435800000000000182e+03,1.067321777343750000e+02,3.705000000000000071e+00,1.528749999999999964e+01,1.546562500000000107e+01
4.435899999999999636e+03,1.078674316406250000e+02,3.727500000000000036e+00,1.545999999999999908e+01,1.547109375000000142e+01
4.436000000000000000e+03,1.077941894531250000e+02,3.689999999999999947e+00,1.544999999999999929e+01,1.546507812500000156e+01
4.436100000000000364e+03,1.083435058593750000e+02,3.682500000000000107e+00,1.553999999999999915e+01,1.539617187500000028e+01
4.436199999999999818e+03,1.077575683593750000e+02,3.725000000000000089e+00,1.544999999999999929e+01,1.543062500000000092e+01
4.436300000000000182e+03,1.086730957031250000e+02,3.695000000000000284e+00,1.557000000000000028e+01,1.547382812500000071e+01
4.436399999999999636e+03,1.097351074218750000e+02,3.712499999999999911e+00,1.551999999999999957e+01,1.551812500000000128e+01
4.436500000000000000e+03,1.094421386718750000e+02,3.757500000000000284e+00,1.544999999999999929e+01,1.551429687500000121e+01
4.436600000000000364e+03,1.099182128906250000e+02,3.737499999999999822e+00,1.572000000000000064e+01,1.546945312500000114e+01
4.436699999999999818e+03,1.093688964843750000e+02,3.785000000000000142e+00,1.526750000000000007e+01,1.545796875000000092e+01
4.436800000000000182e+03,1.111999511718750000e+02,3.770000000000000018e+00,1.533999999999999986e+01,1.541859375000000121e+01
4.436899999999999636e+03,1.113647460937500000e+02,3.790000000000000036e+00,1.531000000000000050e+01,1.542625000000000135e+01
4.437000000000000000e+03,1.110534667968750000e+02,3.830000000000000071e+00,1.550000000000000000e+01,1.544703125000000021e+01
4.437100000000000364e+03,1.115295410156250000e+02,3.825000000000000178e+00,1.550000000000000000e+01,1.545468750000000036e+01
4.437199999999999818e+03,1.120422363281250000e+02,3.822499999999999787e+00,1.525999999999999979e+01,1.544320312500000014e+01
4.437300000000000182e+03,1.130676269531250000e+02,3.870000000000000107e+00,1.565000000000000036e+01,1.544921875000000000e+01
4.437399999999999636e+03,1.130493164062500000e+02,3.837499999999999911e+00,1.534999999999999964e+01,1.545687500000000014e+01
4.437500000000000000e+03,1.127380371093750000e+02,3.857499999999999929e+00,1.551999999999999957e+01,1.546562500000000107e+01
4.437600000000000364e+03,1.132873535156250000e+02,3.830000000000000071e+00,1.540000000000000036e+01,1.543882812500000057e+01
4.437699999999999818e+03,1.141479492187500000e+02,3.859999999999999876e+00,1.548000000000000043e+01,1.544812500000000099e+01
4.437800000000000182e+03,1.147155761718750000e+02,3.857499999999999929e+00,1.567999999999999972e+01,1.548585937500000043e+01
4.437899999999999636e+03,1.146423339843750000e+02,3.919999999999999929e+00,1.527999999999999936e+01,1.547875000000000156e+01
4.438000000000000000e+03,1.142944335937500000e+02,3.937500000000000000e+00,1.544999999999999929e+01,1.548367187500000064e+01
4.438100000000000364e+03,1.162170410156250000e+02,3.915000000000000036e+00,1.541999999999999993e+01,1.550062500000000121e+01
4.438199999999999818e+03,1.159057617187500000e+02,3.942499999999999893e+00,1.548000000000000043e+01,1.546671875000000007e+01
4.438300000000000182e+03,1.164184570312500000e+02,3.979999999999999982e+00,1.541999999999999993e+01,1.544757812500000149e+01
4.438399999999999636e+03,1.163452148437500000e+02,3.979999999999999982e+00,1.558000000000000007e+01,1.551265625000000092e+01
4.438500000000000000e+03,1.167480468750000000e+02,4.004999999999999893e+00,1.562999999999999901e+01,1.545085937500000028e+01
4.438600000000000364e+03,1.181030273437500000e+02,4.027499999999999858e+00,1.572000000000000064e+01,1.545796875000000092e+01
4.438699999999999818e+03,1.174987792968750000e+02,4.044999999999999929e+00,1.534999999999999964e+01,1.555914062500000128e+01
4.438800000000000182e+03,1.180114746093750000e+02,4.044999999999999929e+00,1.551999999999999957e+01,1.546945312500000114e+01
4.438899999999999636e+03,1.179199218750000000e+02,4.022499999999999964e+00,1.529999999999999893e+01,1.550500000000000078e+01
4.439000000000000000e+03,1.177001953125000000e+02,4.027499999999999858e+00,1.531000000000000050e+01,1.546343750000000128e+01
4.439100000000000364e+03,1.182678222656250000e+02,4.064999999999999503e+00,1.525000000000000000e+01,1.546945312500000114e+01
4.439199999999999818e+03,1.176269531250000000e+02,4.075000000000000178e+00,1.558000000000000007e+01,1.544593750000000121e+01
4.439300000000000182e+03,1.181396484375000000e+02,4.089999999999999858e+00,1.528999999999999915e+01,1.547710937500000128e+01
4.439399999999999636e+03,1.180480957031250000e+02,4.072499999999999787e+00,1.527999999999999936e+01,1.546726562500000135e+01
4.439500000000000000e+03,1.177185058593750000e+02,4.110000000000000320e+00,1.539000000000000057e+01,1.542187500000000000e+01
4.439600000000000364e+03,1.182678222656250000e+02,4.115000000000000213e+00,1.540000000000000036e+01,1.546179687500000099e+01
4.439699999999999818e+03,1.176269531250000000e+02,2.062499999999989342e-02,1.543999999999999950e+01,-3.718750000000081712e-02
4.439800000000000182e+03,1.180480957031250000e+02,2.812499999999973355e-02,1.547000000000000064e+01,-3.718750000000081712e-02
4.439899999999999636e+03,1.177551269531250000e+02,3.562500000000001776e-02,1.526999999999999957e+01,-1.028125000000006395e-01
4.440000000000000000e+03,1.174438476562500000e+02,3.562500000000001776e-02,1.550000000000000000e+01,-6.398437500000042633e-02
4.440100000000000364e+03,1.179382324218750000e+02,2.312499999999984013e-02,1.557000000000000028e+01,1.640624999999928946e-02
4.440199999999999818e+03,1.173156738281250000e+02,8.062499999999994671e-02,1.528999999999999915e+01,-9.625000000000039080e-02
4.440300000000000182e+03,1.164001464843750000e+02,-4.693749999999998757e-01,1.507000000000000028e+01,3.882812499999932498e-02
4.440399999999999636e+03,1.160522460937500000e+02,3.312500000000007105e-02,1.541999999999999993e+01,-5.085937500000081712e-02
4.440500000000000000e+03,1.157592773437500000e+02,3.812499999999996447e-02,1.567999999999999972e+01,-3.882812500000110134e-02
4.440600000000000364e+03,1.163085937500000000e+02,6.562499999999982236e-02,1.534999999999999964e+01,-7.328125000000085265e-02
4.440699999999999818e+03,1.142211914062500000e+02,4.312499999999985789e-02,1.556000000000000050e+01,-5.140625000000031974e-02
4.440800000000000182e+03,1.130676269531250000e+02,6.562499999999982236e-02,1.536999999999999922e+01,-5.031250000000042633e-02
4.440899999999999636e+03,1.129943847656250000e+02,2.062499999999989342e-02,1.547000000000000064e+01,-8.367187500000028422e-02
4.441000000000000000e+03,1.126098632812500000e+02,3.312500000000007105e-02,1.556000000000000050e+01,7.109374999999751310e-03
4.441100000000000364e+03,1.132141113281250000e+02,6.562499999999982236e-02,1.540000000000000036e+01,-5.851562500000095923e-02
4.441199999999999818e+03,1.085998535156250000e+02,2.812499999999973355e-02,1.545999999999999908e+01,-2.132812500000103029e-02
4.441300000000000182e+03,1.087280273437500000e+02,2.812499999999973355e-02,1.542999999999999972e+01,-2.187500000000675016e-03
4.441399999999999636e+03,1.086730957031250000e+02,3.562500000000001776e-02,1.548000000000000043e+01,-2.515625000000110134e-02
4.441500000000000000e+03,1.083435058593750000e+02,1.062500000000010658e-02,1.561999999999999922e+01,-8.257812500000039080e-02
4.441600000000000364e+03,1.063476562500000000e+02,6.562499999999982236e-02,1.573000000000000043e+01,2.515624999999932498e-02
4.441699999999999818e+03,1.048278808593750000e+02,3.562500000000001776e-02,1.544999999999999929e+01,-2.679687500000049738e-02
4.441800000000000182e+03,1.051940917968750000e+02,6.062499999999992895e-02,1.534999999999999964e+01,-6.398437500000042633e-02
4.441899999999999636e+03,1.051574707031250000e+02,5.312500000000008882e-02,1.536999999999999922e+01,-4.648437500000035527e-02
4.442000000000000000e+03,1.044799804687500000e+02,1.562500000000000000e-02,1.556000000000000050e+01,-5.468750000000088818e-02
4.442100000000000364e+03,1.025207519531250000e+02,5.312500000000008882e-02,1.556000000000000050e+01,1.093749999999893419e-02
4.442199999999999818e+03,1.018798828125000000e+02,4.562499999999980460e-02,1.541999999999999993e+01,3.828124999999182876e-03
4.442300000000000182e+03,1.022277832031250000e+02,5.312500000000008882e-02,1.549000000000000021e+01,-4.921875000000852651e-03
4.442399999999999636e+03,1.022644042968750000e+02,3.062500000000012434e-02,1.512999999999999901e+01,-4.921875000000852651e-03
4.442500000000000000e+03,9.975585937500000000e+01,3.312500000000007105e-02,1.519999999999999929e+01,-7.328125000000085265e-02
4.442600000000000364e+03,9.995727539062500000e+01,4.812499999999975131e-02,1.550000000000000000e+01,-3.937500000000060396e-02
4.442699999999999818e+03,9.938964843750000000e+01,4.812499999999975131e-02,1.544999999999999929e+01,-2.132812500000103029e-02
4.442800000000000182e+03,9.979248046875000000e+01,4.312499999999985789e-02,1.544999999999999929e+01,-5.468750000000088818e-02
4.442899999999999636e+03,9.874877929687500000e+01,2.812499999999973355e-02,1.560999999999999943e+01,-7.437500000000074607e-02
4.443000000000000000e+03,9.715576171875000000e+01,3.312500000000007105e-02,1.544999999999999929e+01,-6.562500000000248690e-03
4.443100000000000364e+03,9.761352539062500000e+01,4.062499999999991118e-02,1.552999999999999936e+01,-4.265625000000028422e-02
4.443199999999999818e+03,9.708251953125000000e+01,5.624999999999769074e-03,1.549000000000000021e+01,-5.960937500000085265e-02
4.443300000000000182e+03,9.746704101562500000e+01,2.562499999999978684e-02,1.549000000000000021e+01,-1.257812500000099476e-02
4.443399999999999636e+03,9.561767578125000000e+01,8.562499999999984013e-02,1.543999999999999950e+01,-3.117187500000095923e-02
4.443500000000000000e+03,9.512329101562500000e+01,5.312500000000008882e-02,1.544999999999999929e+01,-3.718750000000081712e-02
4.443600000000000364e+03,9.561767578125000000e+01,5.812499999999998224e-02,1.545999999999999908e+01,-6.343750000000092371e-02
4.443699999999999818e+03,9.510498046875000000e+01,3.312500000000007105e-02,1.554999999999999893e+01,-4.976562500000092371e-02
4.443800000000000182e+03,9.409790039062500000e+01,6.312499999999987566e-02,1.543750000000000000e+01,-6.890625000000039080e-02
4.443899999999999636e+03,9.356689453125000000e+01,1.562500000000000000e-02,1.553999999999999915e+01,1.093749999999005240e-03
4.444000000000000000e+03,9.316406250000000000e+01,4.062499999999991118e-02,1.525000000000000000e+01,-6.398437500000042633e-02
4.444100000000000364e+03,9.369506835937500000e+01,4.562499999999980460e-02,1.562999999999999901e+01,-5.796875000000056843e-02
4.444199999999999818e+03,9.298095703125000000e+01,1.812499999999994671e-02,1.568999999999999950e+01,-5.796875000000056843e-02
4.444300000000000182e+03,9.186401367187500000e+01,4.062499999999991118e-02,1.534999999999999964e+01,-6.179687500000063949e-02
4.444399999999999636e+03,9.186401367187500000e+01,1.812499999999994671e-02,1.532000000000000028e+01,-9.296875000000426326e-03
4.444500000000000000e+03,9.147949218750000000e+01,4.312499999999985789e-02,1.560999999999999943e+01,-5.195312500000071054e-02
4.444600000000000364e+03,9.206542968750000000e+01,6.062499999999992895e-02,1.541000000000000014e+01,-1.093750000000071054e-02
4.444699999999999818e+03,9.014282226562500000e+01,8.124999999999715783e-03,1.542999999999999972e+01,-3.171875000000046185e-02
4.444800000000000182e+03,9.025268554687500000e+01,3.812499999999996447e-02,1.550000000000000000e+01,-3.171875000000046185e-02
4.444899999999999636e+03,9.028930664062500000e+01,4.562499999999980460e-02,1.517999999999999972e+01,-6.507812500000031974e-02
4.445000000000000000e+03,8.988647460937500000e+01,1.062500000000010658e-02,1.547000000000000064e+01,-1.148437500000110134e-02
4.445100000000000364e+03,8.959350585937500000e+01,6.812499999999976907e-02,1.550000000000000000e+01,-2.132812500000103029e-02
4.445199999999999818e+03,8.833007812500000000e+01,1.562500000000000000e-02,1.541000000000000014e+01,-1.367187500000088818e-02
4.445300000000000182e+03,8.865966796875000000e+01,6.062499999999992895e-02,1.566000000000000014e+01,1.749999999999918288e-02
4.445399999999999636e+03,8.869628906250000000e+01,4.062499999999991118e-02,1.549000000000000021e+01,-4.484375000000095923e-02
4.445500000000000000e+03,8.825683593750000000e+01,3.812499999999996447e-02,1.542999999999999972e+01,1.640624999999928946e-02
4.445600000000000364e+03,8.746948242187500000e+01,2.562499999999978684e-02,1.558999999999999986e+01,-3.609375000000092371e-02
4.445699999999999818e+03,8.686523437500000000e+01,5.312500000000008882e-02,1.554999999999999893e+01,-2.843750000000078160e-02
4.445800000000000182e+03,8.723144531250000000e+01,1.812499999999994671e-02,1.550000000000000000e+01,-1.695312500000056843e-02
4.445899999999999636e+03,8.724975585937500000e+01,2.312499999999984013e-02,1.537999999999999901e+01,1.531249999999939604e-02
4.446000000000000000e+03,8.585815429687500000e+01,4.312499999999985789e-02,1.544999999999999929e+01,-1.859375000000085265e-02
4.446100000000000364e+03,8.600463867187500000e+01,5.562500000000003553e-02,1.551999999999999957e+01,-3.226562500000085265e-02
4.446199999999999818e+03,8.552856445312500000e+01,4.062499999999991118e-02,1.533000000000000007e+01,-2.296875000000042633e-02
4.446300000000000182e+03,8.582153320312500000e+01,-3.687500000000021316e-02,1.541999999999999993e+01,-5.578125000000078160e-02
4.446399999999999636e+03,8.567504882812500000e+01,3.562500000000001776e-02,1.536999999999999922e+01,-5.687500000000067502e-02
4.446500000000000000e+03,8.413696289062500000e+01,3.812499999999996447e-02,1.541999999999999993e+01,5.578124999999900524e-02
4.446600000000000364e+03,8.457641601562500000e+01,6.562499999999982236e-02,1.537999999999999901e+01,-3.718750000000081712e-02
4.446699999999999818e+03,8.411865234375000000e+01,1.062500000000010658e-02,1.547000000000000064e+01,-5.523437500000039080e-02
4.446800000000000182e+03,8.442993164062500000e+01,3.812499999999996447e-02,1.552999999999999936e+01,-6.125000000000024869e-02
4.446899999999999636e+03,8.340454101562500000e+01,5.812499999999998224e-02,1.542999999999999972e+01,-5.523437500000039080e-02
4.447000000000000000e+03,8.278198242187500000e+01,5.812499999999998224e-02,1.550000000000000000e+01,-2.734375000001065814e-03
4.447100000000000364e+03,8.325805664062500000e+01,5.062500000000014211e-02,1.541000000000000014e+01,1.257812499999921840e-02
4.447199999999999818e+03,8.283691406250000000e+01,3.812499999999996447e-02,1.539000000000000057e+01,-7.601562500000103029e-02
4.447300000000000182e+03,8.254394531250000000e+01,2.312499999999984013e-02,1.550000000000000000e+01,-5.359375000000099476e-02
4.447399999999999636e+03,8.190307617187500000e+01,4.312499999999985789e-02,1.545999999999999908e+01,-4.320312500000067502e-02
4.447500000000000000e+03,8.150024414062500000e+01,-2.412499999999999645e-01,1.552999999999999936e+01,-1.750000000000095923e-02
4.447600000000000364e+03,8.195800781250000000e+01,8.062499999999994671e-02,1.547000000000000064e+01,-4.265625000000028422e-02
4.447699999999999818e+03,8.155517578125000000e+01,4.562499999999980460e-02,1.533999999999999986e+01,-8.585937500000095923e-02
4.447800000000000182e+03,8.071289062500000000e+01,2.562499999999978684e-02,1.565000000000000036e+01,-2.953125000000067502e-02
4.447899999999999636e+03,8.067626953125000000e+01,4.812499999999975131e-02,1.542999999999999972e+01,1.148437499999932498e-02
4.448000000000000000e+03,8.031005859375000000e+01,2.312499999999984013e-02,1.533000000000000007e+01,-4.976562500000092371e-02
4.448100000000000364e+03,8.073120117187500000e+01,9.937499999999976907e-02,1.540000000000000036e+01,-1.914062500000035527e-02
4.448199999999999818e+03,7.944946289062500000e+01,1.562500000000000000e-02,1.541999999999999993e+01,-2.023437500000024869e-02
4.448300000000000182e+03,7.933959960937500000e+01,3.812499999999996447e-02,1.550999999999999979e+01,-9.351562500000110134e-02
4.448399999999999636e+03,7.937622070312500000e+01,5.812499999999998224e-02,1.533999999999999986e+01,-7.164062500000056843e-02
4.448500000000000000e+03,7.901000976562500000e+01,5.062500000000014211e-02,1.544999999999999929e+01,1.531249999999939604e-02
4.448600000000000364e+03,7.933959960937500000e+01,3.312500000000007105e-02,1.543999999999999950e+01,-9.023437500000053291e-02
4.448699999999999818e+03,7.792968750000000000e+01,5.062500000000014211e-02,1.547000000000000064e+01,-1.750000000000095923e-02
4.448800000000000182e+03,7.811279296875000000e+01,6.312499999999987566e-02,1.537999999999999901e+01,-7.164062500000056843e-02
4.448899999999999636e+03,7.814941406250000000e+01,4.062499999999991118e-02,1.552999999999999936e+01,-2.023437500000024869e-02
4.449000000000000000e+03,7.776489257812500000e+01,5.562500000000003553e-02,1.529999999999999893e+01,-4.375000000000106581e-02
4.449100000000000364e+03,7.728881835937500000e+01,3.312500000000007105e-02,1.541000000000000014e+01,-7.656250000001030287e-03
4.449199999999999818e+03,7.673950195312500000e+01,5.312500000000008882e-02,1.543999999999999950e+01,-4.812500000000063949e-02
4.449300000000000182e+03,7.699584960937500000e+01,4.812499999999975131e-02,1.531000000000000050e+01,-4.484375000000095923e-02
4.449399999999999636e+03,7.703247070312500000e+01,2.562499999999978684e-02,1.558999999999999986e+01,-3.390625000000024869e-02
4.449500000000000000e+03,7.619018554687500000e+01,5.062500000000014211e-02,1.533000000000000007e+01,-5.250000000000110134e-02
4.449600000000000364e+03,7.593383789062500000e+01,2.812499999999973355e-02,1.559999999999999964e+01,-5.960937500000085265e-02
4.449699999999999818e+03,7.556762695312500000e+01,3.062500000000012434e-02,1.534999999999999964e+01,-1.301562500000006395e-01
4.449800000000000182e+03,7.578735351562500000e+01,6.312499999999987566e-02,1.549000000000000021e+01,-5.523437500000039080e-02
4.449899999999999636e+03,7.584228515625000000e+01,4.312499999999985789e-02,1.532000000000000028e+01,-3.171875000000046185e-02
4.450000000000000000e+03,7.443237304687500000e+01,3.812499999999996447e-02,1.520999999999999908e+01,-7.218750000000095923e-02
4.450100000000000364e+03,7.481689453125000000e+01,5.812499999999998224e-02,1.527999999999999936e+01,-4.921875000000053291e-02
4.450199999999999818e+03,7.446899414062500000e+01,4.312499999999985789e-02,1.529999999999999893e+01,-7.437500000000074607e-02
4.450300000000000182e+03,7.470703125000000000e+01,3.312500000000007105e-02,1.556000000000000050e+01,-8.203125000000532907e-03
4.450399999999999636e+03,7.413940429687500000e+01,6.062499999999992895e-02,1.540000000000000036e+01,-8.257812500000039080e-02
4.450500000000000000e+03,7.338867187500000000e+01,4.062499999999991118e-02,1.544999999999999929e+01,-2.843750000000078160e-02
4.450600000000000364e+03,7.377319335937500000e+01,4.562499999999980460e-02,1.536999999999999922e+01,-8.203125000000532907e-03
4.450699999999999818e+03,7.344360351562500000e+01,4.812499999999975131e-02,1.560999999999999943e+01,-7.492187500000024869e-02
4.450800000000000182e+03,7.368164062500000000e+01,3.312500000000007105e-02,1.548000000000000043e+01,-2.515625000000110134e-02
4.450899999999999636e+03,7.269287109375000000e+01,5.312500000000008882e-02,1.541000000000000014e+01,-7.109375000000106581e-02
4.451000000000000000e+03,7.227172851562500000e+01,3.812499999999996447e-02,1.541000000000000014e+01,-2.296875000000042633e-02
4.451100000000000364e+03,7.269287109375000000e+01,6.062499999999992895e-02,1.536999999999999922e+01,-4.703125000000074607e-02
4.451199999999999818e+03,7.232666015625000000e+01,3.062500000000012434e-02,1.541999999999999993e+01,-5.250000000000110134e-02
4.451300000000000182e+03,7.179565429687500000e+01,2.562499999999978684e-02,1.532000000000000028e+01,-2.023437500000024869e-02
4.451399999999999636e+03,7.168579101562500000e+01,2.062499999999989342e-02,1.541000000000000014e+01,-9.351562500000110134e-02
4.451500000000000000e+03,7.128295898437500000e+01,5.312500000000008882e-02,1.551999999999999957e+01,-6.890625000000039080e-02
4.451600000000000364e+03,7.172241210937500000e+01,5.562500000000003553e-02,1.550999999999999979e+01,-1.476562500000078160e-02
4.451699999999999818e+03,7.117309570312500000e+01,6.062499999999992895e-02,1.534999999999999964e+01,-3.007812500000106581e-02
4.451800000000000182e+03,7.062377929687500000e+01,1.062500000000010658e-02,1.541000000000000014e+01,-3.609375000000092371e-02
4.451899999999999636e+03,7.066040039062500000e+01,2.312499999999984013e-02,1.567999999999999972e+01,-5.250000000000110134e-02
4.452000000000000000e+03,7.033081054687500000e+01,3.062500000000012434e-02,1.554999999999999893e+01,-6.289062500000053291e-02
4.452100000000000364e+03,7.071533203125000000e+01,2.812499999999973355e-02,1.561999999999999922e+01,-3.718750000000081712e-02
4.452199999999999818e+03,6.947021484375000000e+01,4.562499999999980460e-02,1.523000000000000043e+01,-2.351562500000081712e-02
4.452300000000000182e+03,6.958007812500000000e+01,4.562499999999980460e-02,1.544999999999999929e+01,-6.507812500000031974e-02
4.452399999999999636e+03,6.961669921875000000e+01,7.812500000000000000e-02,1.539000000000000057e+01,-1.219531250000009948e-01
4.452500000000000000e+03,6.928710937500000000e+01,2.312499999999984013e-02,1.537999999999999901e+01,-8.203125000000532907e-03
4.452600000000000364e+03,6.914062500000000000e+01,1.562500000000000000e-02,1.537999999999999901e+01,3.828124999999182876e-03
4.452699999999999818e+03,6.840820312500000000e+01,4.062499999999991118e-02,1.556000000000000050e+01,-2.187500000000675016e-03
4.452800000000000182e+03,6.859130859375000000e+01,6.312499999999987566e-02,1.544999999999999929e+01,-6.781250000000049738e-02
4.452899999999999636e+03,6.866455078125000000e+01,6.062499999999992895e-02,1.542999999999999972e+01,-4.812500000000063949e-02
4.453000000000000000e+03,6.829833984375000000e+01,4.062499999999991118e-02,1.541999999999999993e+01,-7.382812500000035527e-02
4.453100000000000364e+03,6.787719726562500000e+01,2.812499999999973355e-02,1.535999999999999943e+01,-6.398437500000042633e-02
4.453199999999999818e+03,6.751098632812500000e+01,5.062500000000014211e-02,1.527999999999999936e+01,1.859374999999907629e-02
4.453300000000000182e+03,6.765747070312500000e+01,4.312499999999985789e-02,1.549000000000000021e+01,-2.242187500000092371e-02
4.453399999999999636e+03,6.776733398437500000e+01,4.062499999999991118e-02,1.548000000000000043e+01,-1.476562500000078160e-02
4.453500000000000000e+03,6.672363281250000000e+01,2.812499999999973355e-02,1.541999999999999993e+01,-6.781250000000049738e-02
4.453600000000000364e+03,6.685180664062500000e+01,3.812499999999996447e-02,1.536999999999999922e+01,-7.054687500000067502e-02
4.453699999999999818e+03,6.659545898437500000e+01,3.124999999999822364e-03,1.543999999999999950e+01,-1.968750000000074607e-02
4.453800000000000182e+03,6.672363281250000000e+01,2.312499999999984013e-02,1.548000000000000043e+01,-4.046875000000049738e-02
4.453899999999999636e+03,6.670532226562500000e+01,1.812499999999994671e-02,1.558000000000000007e+01,-6.453125000000081712e-02
4.454000000000000000e+03,6.560668945312500000e+01,2.562499999999978684e-02,1.561749999999999972e+01,-9.679687500000078160e-02
4.454100000000000364e+03,6.599121093750000000e+01,9.499999999999975131e-02,1.541000000000000014e+01,-3.882812500000110134e-02
4.454199999999999818e+03,6.567993164062500000e+01,2.562499999999978684e-02,1.543999999999999950e+01,-3.773437500000031974e-02
4.454300000000000182e+03,6.586303710937500000e+01,2.062499999999989342e-02,1.542999999999999972e+01,-3.773437500000031974e-02
4.454399999999999636e+03,6.525878906250000000e+01,4.562499999999980460e-02,1.533999999999999986e+01,-3.718750000000081712e-02
4.454500000000000000e+03,6.480102539062500000e+01,5.062500000000014211e-02,1.537999999999999901e+01,-3.226562500000085265e-02
4.454600000000000364e+03,6.520385742187500000e+01,6.312499999999987566e-02,1.537999999999999901e+01,-7.164062500000056843e-02
4.454699999999999818e+03,6.487426757812500000e+01,7.062500000000015987e-02,1.525750000000000028e+01,-3.281250000000035527e-02
4.454800000000000182e+03,6.467285156250000000e+01,4.312499999999985789e-02,1.532000000000000028e+01,-1.257812500000099476e-02
4.454899999999999636e+03,6.428833007812500000e+01,1.312500000000005329e-02,1.557000000000000028e+01,-5.140625000000031974e-02
4.455000000000000000e+03,6.388549804687500000e+01,4.312499999999985789e-02,1.567999999999999972e+01,-3.445312500000063949e-02
4.455100000000000364e+03,6.423339843750000000e+01,7.562500000000005329e-02,1.524000000000000021e+01,-6.453125000000081712e-02
4.455199999999999818e+03,6.397705078125000000e+01,2.062499999999989342e-02,1.543999999999999950e+01,-2.570312500000060396e-02
4.455300000000000182e+03,6.340942382812500000e+01,3.812499999999996447e-02,1.528999999999999915e+01,-1.421875000000039080e-02
4.455399999999999636e+03,6.346435546875000000e+01,4.062499999999991118e-02,1.564000000000000057e+01,-3.882812500000110134e-02
4.455500000000000000e+03,6.306152343750000000e+01,2.812499999999973355e-02,1.550000000000000000e+01,-5.085937500000081712e-02
4.455600000000000364e+03,6.346435546875000000e+01,3.562500000000001776e-02,1.533999999999999986e+01,-4.648437500000035527e-02
4.455699999999999818e+03,6.265869140625000000e+01,5.812499999999998224e-02,1.559999999999999964e+01,-8.881784197001252323e-16
4.455800000000000182e+03,6.254882812500000000e+01,5.062500000000014211e-02,1.558999999999999986e+01,-3.062500000000056843e-02
4.455899999999999636e+03,6.264038085937500000e+01,5.062500000000014211e-02,1.541999999999999993e+01,-2.187500000000053291e-02
4.456000000000000000e+03,6.225585937500000000e+01,3.062500000000012434e-02,1.552999999999999936e+01,-3.281250000000035527e-02
4.456100000000000364e+03,6.264038085937500000e+01,4.062499999999991118e-02,1.541999999999999993e+01,-3.007812500000106581e-02
4.456199999999999818e+03,6.165161132812500000e+01,6.562499999999982236e-02,1.545999999999999908e+01,2.734374999999289457e-03
4.456300000000000182e+03,6.172485351562500000e+01,5.312500000000008882e-02,1.551999999999999957e+01,-7.656250000000053291e-02
4.456399999999999636e+03,6.183471679687500000e+01,4.312499999999985789e-02,1.533999999999999986e+01,-2.898437500000028422e-02
4.456500000000000000e+03,6.148681640625000000e+01,6.062499999999992895e-02,1.553999999999999915e+01,8.749999999999147349e-03
4.456600000000000364e+03,6.130371093750000000e+01,5.062500000000014211e-02,1.557000000000000028e+01,-2.953125000000067502e-02
4.456699999999999818e+03,6.090087890625000000e+01,3.062500000000012434e-02,1.533999999999999986e+01,-3.390625000000024869e-02
4.456800000000000182e+03,6.101074218750000000e+01,3.124999999999822364e-03,1.545999999999999908e+01,-8.881784197001252323e-16
4.456899999999999636e+03,6.110229492187500000e+01,6.062499999999992895e-02,1.541000000000000014e+01,-7.000000000000028422e-02
4.457000000000000000e+03,6.053466796875000000e+01,4.062499999999991118e-02,1.536999999999999922e+01,-4.265625000000028422e-02
4.457100000000000364e+03,6.036987304687500000e+01,6.312499999999987566e-02,1.533999999999999986e+01,-7.710937500000092371e-02
4.457199999999999818e+03,6.009521484375000000e+01,2.812499999999973355e-02,1.554999999999999893e+01,-7.765625000000042633e-02
4.457300000000000182e+03,6.024169921875000000e+01,6.312499999999987566e-02,1.539000000000000057e+01,-4.265625000000028422e-02
4.457399999999999636e+03,6.031494140625000000e+01,3.812499999999996447e-02,1.556000000000000050e+01,-5.468750000000355271e-03
4.457500000000000000e+03,5.934448242187500000e+01,1.062500000000010658e-02,1.541000000000000014e+01,-4.156250000000039080e-02
4.457600000000000364e+03,5.965576171875000000e+01,4.562499999999980460e-02,1.522000000000000064e+01,-1.640625000000106581e-02
4.457699999999999818e+03,5.939941406250000000e+01,2.812499999999973355e-02,1.547000000000000064e+01,-3.773437500000031974e-02
4.457800000000000182e+03,5.952758789062500000e+01,6.562499999999982236e-02,1.533000000000000007e+01,-1.859375000000085265e-02
4.457899999999999636e+03,5.919799804687500000e+01,4.562499999999980460e-02,1.554999999999999893e+01,-2.187500000000053291e-02
4.458000000000000000e+03,5.863037109375000000e+01,2.312499999999984013e-02,1.541000000000000014e+01,-2.679687500000049738e-02
4.458100000000000364e+03,5.895996093750000000e+01,4.812499999999975131e-02,1.528999999999999915e+01,-3.609375000000092371e-02
4.458199999999999818e+03,5.870361328125000000e+01,3.062500000000012434e-02,1.541000000000000014e+01,4.429687499999968026e-02
4.458300000000000182e+03,5.885009765625000000e+01,3.562500000000001776e-02,1.527999999999999936e+01,-7.601562500000103029e-02
4.458399999999999636e+03,5.824584960937500000e+01,4.062499999999991118e-02,1.541000000000000014e+01,-3.171875000000046185e-02
4.458500000000000000e+03,5.787963867187500000e+01,5.624999999999769074e-03,1.566999999999999993e+01,-6.289062500000053291e-02
4.458600000000000364e+03,5.826416015625000000e+01,4.562499999999980460e-02,1.549000000000000021e+01,-6.398437500000042633e-02
4.458699999999999818e+03,5.802612304687500000e+01,6.812499999999976907e-02,1.539000000000000057e+01,-3.609375000000092371e-02
4.458800000000000182e+03,5.762329101562500000e+01,4.562499999999980460e-02,1.544999999999999929e+01,-5.796875000000056843e-02
4.458899999999999636e+03,5.753173828125000000e+01,5.312500000000008882e-02,1.541999999999999993e+01,-1.695312500000056843e-02
4.459000000000000000e+03,5.714721679687500000e+01,4.812499999999975131e-02,1.557000000000000028e+01,-9.515625000000049738e-02
4.459100000000000364e+03,5.756835937500000000e+01,4.062499999999991118e-02,1.548000000000000043e+01,-5.140625000000031974e-02
4.459199999999999818e+03,5.718383789062500000e+01,4.312499999999985789e-02,1.554999999999999893e+01,-9.078125000000092371e-02
4.459300000000000182e+03,5.685424804687500000e+01,3.562500000000001776e-02,1.541750000000000043e+01,-8.750000000000035527e-02
4.459399999999999636e+03,5.690917968750000000e+01,4.562499999999980460e-02,1.536999999999999922e+01,-5.195312500000071054e-02
4.459500000000000000e+03,5.656127929687500000e+01,3.812499999999996447e-02,1.528999999999999915e+01,-7.218750000000095923e-02
4.459600000000000364e+03,5.696411132812500000e+01,2.312499999999984013e-02,1.519999999999999929e+01,-7.601562500000103029e-02
4.459699999999999818e+03,5.612182617187500000e+01,7.062500000000015987e-02,1.538749999999999929e+01,-5.578125000000078160e-02
4.459800000000000182e+03,5.614013671875000000e+01,3.062500000000012434e-02,1.535999999999999943e+01,-5.468750000000088818e-02
4.459899999999999636e+03,5.621337890625000000e+01,4.062499999999991118e-02,1.542999999999999972e+01,-5.359375000000099476e-02
4.460000000000000000e+03,5.592041015625000000e+01,5.562500000000003553e-02,1.544999999999999929e+01,-4.867187500000103029e-02
4.460100000000000364e+03,5.593872070312500000e+01,2.812499999999973355e-02,1.539000000000000057e+01,-5.578125000000078160e-02
4.460199999999999818e+03,5.544433593750000000e+01,3.062500000000012434e-02,1.544999999999999929e+01,-5.578125000000078160e-02
4.460300000000000182e+03,5.551757812500000000e+01,4.062499999999991118e-02,1.552999999999999936e+01,-8.203125000000088818e-02
4.460399999999999636e+03,5.560913085937500000e+01,2.812499999999973355e-02,1.545999999999999908e+01,-6.671875000000060396e-02
4.460500000000000000e+03,5.526123046875000000e+01,6.062499999999992895e-02,1.551750000000000007e+01,-3.390625000000024869e-02
4.460600000000000364e+03,5.502319335937500000e+01,5.312500000000008882e-02,1.557000000000000028e+01,-4.703125000000074607e-02
4.460699999999999818e+03,5.473022460937500000e+01,6.812499999999976907e-02,1.559999999999999964e+01,-5.140625000000031974e-02
4.460800000000000182e+03,5.484008789062500000e+01,8.062499999999994671e-02,1.543999999999999950e+01,-7.328125000000085265e-02
4.460899999999999636e+03,5.493164062500000000e+01,6.812499999999976907e-02,1.527999999999999936e+01,-4.156250000000039080e-02
4.461000000000000000e+03,5.416259765625000000e+01,3.312500000000007105e-02,1.526999999999999957e+01,-7.765625000000042633e-02
4.461100000000000364e+03,5.434570312500000000e+01,2.312499999999984013e-02,1.533999999999999986e+01,-4.703125000000074607e-02
4.461199999999999818e+03,5.408935546875000000e+01,6.812499999999976907e-02,1.557000000000000028e+01,-2.023437500000024869e-02
4.461300000000000182e+03,5.423583984375000000e+01,8.374999999999976907e-02,1.541999999999999993e+01,-2.789062500000039080e-02
4.461399999999999636e+03,5.427246093750000000e+01,5.312500000000008882e-02,1.537999999999999901e+01,-3.445312500000063949e-02
4.461500000000000000e+03,5.341186523437500000e+01,3.062500000000012434e-02,1.520999999999999908e+01,-4.210937500000078160e-02
4.461600000000000364e+03,5.374145507812500000e+01,4.562499999999980460e-02,1.549000000000000021e+01,-4.593750000000085265e-02
4.461699999999999818e+03,5.355834960937500000e+01,6.312499999999987566e-02,1.554999999999999893e+01,-8.531250000000056843e-02
4.461800000000000182e+03,5.363159179687500000e+01,2.062499999999989342e-02,1.561999999999999922e+01,-6.125000000000024869e-02
4.461899999999999636e+03,5.332031250000000000e+01,5.062500000000014211e-02,1.558999999999999986e+01,-7.656250000001030287e-03
4.462000000000000000e+03,5.289916992187500000e+01,4.562499999999980460e-02,1.550999999999999979e+01,-6.289062500000053291e-02
4.462100000000000364e+03,5.326538085937500000e+01,-6.000000000000005329e-02,1.567999999999999972e+01,-4.265625000000028422e-02
4.462199999999999818e+03,5.304565429687500000e+01,4.812499999999975131e-02,1.550999999999999979e+01,-2.515625000000110134e-02
4.462300000000000182e+03,5.289916992187500000e+01,2.812499999999973355e-02,1.558999999999999986e+01,-4.539062500000046185e-02
4.462399999999999636e+03,5.266113281250000000e+01,2.562499999999978684e-02,1.552500000000000036e+01,-7.656250000001030287e-03
4.462500000000000000e+03,5.229492187500000000e+01,5.812499999999998224e-02,1.556000000000000050e+01,-4.867187500000103029e-02
4.462600000000000364e+03,5.264282226562500000e+01,4.062499999999991118e-02,1.532000000000000028e+01,-3.882812500000110134e-02
4.462699999999999818e+03,5.242309570312500000e+01,2.312499999999984013e-02,1.541999999999999993e+01,-4.210937500000078160e-02
4.462800000000000182e+03,5.207519531250000000e+01,4.062499999999991118e-02,1.550999999999999979e+01,-5.632812500000028422e-02
4.462899999999999636e+03,5.207519531250000000e+01,7.312500000000010658e-02,1.526750000000000007e+01,-1.350781250000006040e-01
4.463000000000000000e+03,5.181884765625000000e+01,3.812499999999996447e-02,1.552999999999999936e+01,-8.039062500000060396e-02
4.463100000000000364e+03,5.213012695312500000e+01,5.062500000000014211e-02,1.537999999999999901e+01,-1.476562500000078160e-02
4.463199999999999818e+03,5.152587890625000000e+01,4.062499999999991118e-02,1.551999999999999957e+01,-3.828125000000071054e-02
4.463300000000000182e+03,5.137939453125000000e+01,6.249999999998756550e-04,1.529999999999999893e+01,-3.609375000000092371e-02
4.463399999999999636e+03,5.147094726562500000e+01,8.062499999999994671e-02,1.537999999999999901e+01,-5.140625000000031974e-02
4.463500000000000000e+03,5.117797851562500000e+01,8.062499999999994671e-02,1.540750000000000064e+01,-3.554687500000053291e-02
4.463600000000000364e+03,5.150756835937500000e+01,6.562499999999982236e-02,1.531000000000000050e+01,-2.734375000001065814e-03
4.463699999999999818e+03,5.134277343750000000e+01,5.624999999999769074e-03,1.550000000000000000e+01,-5.960937500000085265e-02
4.463800000000000182e+03,5.143432617187500000e+01,3.562500000000001776e-02,1.540750000000000064e+01,-6.617187500000110134e-02
4.463899999999999636e+03,5.148925781250000000e+01,4.312499999999985789e-02,1.541999999999999993e+01,-5.031250000000042633e-02
4.464000000000000000e+03,5.119628906250000000e+01,-5.250000000000021316e-02,1.539000000000000057e+01,1.093749999999893419e-02
4.464100000000000364e+03,5.154418945312500000e+01,5.062500000000014211e-02,1.554999999999999893e+01,-6.070312500000074607e-02
4.464199999999999818e+03,5.132446289062500000e+01,3.562500000000001776e-02,1.550999999999999979e+01,-5.578125000000078160e-02
4.464300000000000182e+03,5.139770507812500000e+01,6.249999999998756550e-04,1.539000000000000057e+01,-1.914062500000035527e-02
4.464399999999999636e+03,5.147094726562500000e+01,3.562500000000001776e-02,1.552999999999999936e+01,-1.181250000000009237e-01
4.464500000000000000e+03,5.136108398437500000e+01,4.312499999999985789e-02,1.534999999999999964e+01,-5.468750000000355271e-03
4.464600000000000364e+03,5.229492187500000000e+01,8.124999999999715783e-03,1.541000000000000014e+01,-8.695312500000085265e-02
4.464699999999999818e+03,5.214843750000000000e+01,2.907500000000000195e+00,1.554999999999999893e+01,1.546507812500000156e+01
4.464800000000000182e+03,5.222167968750000000e+01,2.950000000000000178e+00,1.527999999999999936e+01,1.543226562500000121e+01
4.464899999999999636e+03,5.229492187500000000e+01,2.937500000000000000e+00,1.541999999999999993e+01,1.549296875000000107e+01
4.465000000000000000e+03,5.396118164062500000e+01,2.947499999999999787e+00,1.542999999999999972e+01,1.542242187500000128e+01
4.465100000000000364e+03,5.463867187500000000e+01,2.982499999999999929e+00,1.537999999999999901e+01,1.547710937500000128e+01
4.465199999999999818e+03,5.443725585937500000e+01,2.977500000000000036e+00,1.549000000000000021e+01,1.550773437500000007e+01
4.465300000000000182e+03,5.454711914062500000e+01,2.990000000000000213e+00,1.541999999999999993e+01,1.547054687500000014e+01
4.465399999999999636e+03,5.623168945312500000e+01,3.000000000000000000e+00,1.560999999999999943e+01,1.544046875000000085e+01
4.465500000000000000e+03,5.751342773437500000e+01,3.002499999999999947e+00,1.557000000000000028e+01,1.547054687500000014e+01
4.465600000000000364e+03,5.793457031250000000e+01,3.017500000000000071e+00,1.533000000000000007e+01,1.543390625000000149e+01
4.465699999999999818e+03,5.769653320312500000e+01,3.007499999999999840e+00,1.554999999999999893e+01,1.545085937500000028e+01
4.465800000000000182e+03,5.786132812500000000e+01,3.042499999999999982e+00,1.527999999999999936e+01,1.542078125000000099e+01
4.465899999999999636e+03,6.198120117187500000e+01,3.029999999999999805e+00,1.535999999999999943e+01,1.545195312500000107e+01
4.466000000000000000e+03,6.194458007812500000e+01,3.052500000000000213e+00,1.534999999999999964e+01,1.548859375000000149e+01
4.466100000000000364e+03,6.236572265625000000e+01,3.020000000000000018e+00,1.554999999999999893e+01,1.541312500000000085e+01
4.466199999999999818e+03,6.207275390625000000e+01,3.017500000000000071e+00,1.575000000000000000e+01,1.545359375000000135e+01
4.466300000000000182e+03,6.509399414062500000e+01,3.069999999999999840e+00,1.548000000000000043e+01,1.548640624999999993e+01
4.466399999999999636e+03,6.613769531250000000e+01,3.069999999999999840e+00,1.529999999999999893e+01,1.545906249999999993e+01
4.466500000000000000e+03,6.582641601562500000e+01,3.092499999999999805e+00,1.541000000000000014e+01,1.543554687500000000e+01
4.466600000000000364e+03,6.626586914062500000e+01,3.067499999999999893e+00,1.545999999999999908e+01,1.541695312500000092e+01
4.466699999999999818e+03,6.617431640625000000e+01,3.080000000000000071e+00,1.553999999999999915e+01,1.543773437500000156e+01
4.466800000000000182e+03,6.923217773437500000e+01,3.097500000000000142e+00,1.523000000000000043e+01,1.546398437500000078e+01
4.466899999999999636e+03,6.943359375000000000e+01,3.082500000000000018e+00,1.542999999999999972e+01,1.548367187500000064e+01
4.467000000000000000e+03,6.906738281250000000e+01,3.122500000000000053e+00,1.553999999999999915e+01,1.538851562500000014e+01
4.467100000000000364e+03,6.948852539062500000e+01,3.149999999999999911e+00,1.564000000000000057e+01,1.550335937500000050e+01
4.467199999999999818e+03,7.148437500000000000e+01,3.437500000000000000e+00,1.539000000000000057e+01,1.546726562500000135e+01
4.467300000000000182e+03,7.216186523437500000e+01,3.117500000000000160e+00,1.525000000000000000e+01,1.540546875000000071e+01
4.467399999999999636e+03,7.221679687500000000e+01,3.104999999999999982e+00,1.536999999999999922e+01,1.538851562500000014e+01
4.467500000000000000e+03,7.186889648437500000e+01,3.162500000000000089e+00,1.554999999999999893e+01,1.548312500000000114e+01
4.467600000000000364e+03,7.338867187500000000e+01,3.147499999999999964e+00,1.520999999999999908e+01,1.546835937500000036e+01
4.467699999999999818e+03,7.446899414062500000e+01,3.137500000000000178e+00,1.562999999999999901e+01,1.549023437500000000e+01
4.467800000000000182e+03,7.479858398437500000e+01,3.189999999999999947e+00,1.559999999999999964e+01,1.544976562500000128e+01
4.467899999999999636e+03,7.483520507812500000e+01,3.167499999999999982e+00,1.533999999999999986e+01,1.541476562500000114e+01
4.468000000000000000e+03,7.446899414062500000e+01,3.187500000000000000e+00,1.539000000000000057e+01,1.543937500000000007e+01
4.468100000000000364e+03,7.710571289062500000e+01,3.167499999999999982e+00,1.547000000000000064e+01,1.547273437499999993e+01
4.468199999999999818e+03,7.692260742187500000e+01,3.169999999999999929e+00,1.549000000000000021e+01,1.548750000000000071e+01
4.468300000000000182e+03,7.716064453125000000e+01,3.189999999999999947e+00,1.569999999999999929e+01,1.541531250000000064e+01
4.468399999999999636e+03,7.723388671875000000e+01,3.232499999999999929e+00,1.553999999999999915e+01,1.544976562500000128e+01
4.468500000000000000e+03,7.836914062500000000e+01,3.200000000000000178e+00,1.558000000000000007e+01,1.543281250000000071e+01
4.468600000000000364e+03,7.950439453125000000e+01,3.220000000000000195e+00,1.525000000000000000e+01,1.547492187500000149e+01
4.468699999999999818e+03,7.910156250000000000e+01,3.200000000000000178e+00,1.533999999999999986e+01,1.544593750000000121e+01
4.468800000000000182e+03,7.939453125000000000e+01,3.217499999999999805e+00,1.550999999999999979e+01,1.543882812500000057e+01
4.468899999999999636e+03,7.961425781250000000e+01,3.242500000000000160e+00,1.539000000000000057e+01,1.544921875000000000e+01
4.469000000000000000e+03,8.117065429687500000e+01,3.245000000000000107e+00,1.549000000000000021e+01,1.545414062500000085e+01
4.469100000000000364e+03,8.173828125000000000e+01,3.262500000000000178e+00,1.543999999999999950e+01,1.538687500000000163e+01
4.469199999999999818e+03,8.131713867187500000e+01,3.267500000000000071e+00,1.523000000000000043e+01,1.549132812500000078e+01
4.469300000000000182e+03,8.157348632812500000e+01,3.225000000000000089e+00,1.558999999999999986e+01,1.547656250000000000e+01
4.469399999999999636e+03,8.334960937500000000e+01,3.252499999999999947e+00,1.551999999999999957e+01,1.547492187500000149e+01
4.469500000000000000e+03,8.323974609375000000e+01,3.237499999999999822e+00,1.552999999999999936e+01,1.539671875000000156e+01
4.469600000000000364e+03,8.375244140625000000e+01,3.280000000000000249e+00,1.544999999999999929e+01,1.546234375000000050e+01
4.469699999999999818e+03,8.331298828125000000e+01,3.327500000000000124e+00,1.557000000000000028e+01,1.543609375000000128e+01
4.469800000000000182e+03,8.446655273437500000e+01,3.310000000000000053e+00,1.541999999999999993e+01,1.544703125000000021e+01
4.469899999999999636e+03,8.554687500000000000e+01,3.322499999999999787e+00,1.541999999999999993e+01,1.545031250000000078e+01
4.470000000000000000e+03,8.518066406250000000e+01,3.322499999999999787e+00,1.547000000000000064e+01,1.548039062500000007e+01
4.470100000000000364e+03,8.565673828125000000e+01,3.325000000000000178e+00,1.531000000000000050e+01,1.543281250000000071e+01
4.470199999999999818e+03,8.518066406250000000e+01,3.312500000000000000e+00,1.543999999999999950e+01,1.546070312500000021e+01
4.470300000000000182e+03,8.728637695312500000e+01,3.332500000000000018e+00,1.569999999999999929e+01,1.546835937500000036e+01
4.470399999999999636e+03,8.743286132812500000e+01,3.332500000000000018e+00,1.552999999999999936e+01,1.546562500000000107e+01
4.470500000000000000e+03,8.710327148437500000e+01,3.359999999999999876e+00,1.536999999999999922e+01,1.539453125000000000e+01
4.470600000000000364e+03,8.757934570312500000e+01,3.299999999999999822e+00,1.548000000000000043e+01,1.547820312500000028e+01
4.470699999999999818e+03,8.823852539062500000e+01,3.312500000000000000e+00,1.543999999999999950e+01,1.542953125000000014e+01
4.470800000000000182e+03,8.911743164062500000e+01,3.354999999999999982e+00,1.532000000000000028e+01,1.542570312500000007e+01
4.470899999999999636e+03,8.915405273437500000e+01,3.342500000000000249e+00,1.548000000000000043e+01,1.544703125000000021e+01
4.471000000000000000e+03,8.876953125000000000e+01,3.352500000000000036e+00,1.539000000000000057e+01,1.543992187500000135e+01
4.471100000000000364e+03,8.941040039062500000e+01,3.384999999999999787e+00,1.552999999999999936e+01,1.547054687500000014e+01
4.471199999999999818e+03,9.045410156250000000e+01,3.372500000000000053e+00,1.543999999999999950e+01,1.547656250000000000e+01
4.471300000000000182e+03,9.091186523437500000e+01,3.397499999999999964e+00,1.527999999999999936e+01,1.546179687500000099e+01
4.471399999999999636e+03,9.093017578125000000e+01,3.390000000000000124e+00,1.550000000000000000e+01,1.543773437500000156e+01
4.471500000000000000e+03,9.056396484375000000e+01,3.382499999999999840e+00,1.550000000000000000e+01,1.545742187500000142e+01
4.471600000000000364e+03,9.252319335937500000e+01,3.424999999999999822e+00,1.541999999999999993e+01,1.548148437500000085e+01
4.471699999999999818e+03,9.228515625000000000e+01,3.407500000000000195e+00,1.547000000000000064e+01,1.542460937500000107e+01
4.471800000000000182e+03,9.265136718750000000e+01,3.432500000000000107e+00,1.564000000000000057e+01,1.541531250000000064e+01
4.471899999999999636e+03,9.268798828125000000e+01,3.447499999999999787e+00,1.532000000000000028e+01,1.546453125000000028e+01
4.472000000000000000e+03,9.309082031250000000e+01,3.424999999999999822e+00,1.533000000000000007e+01,1.548968750000000050e+01
4.472100000000000364e+03,9.446411132812500000e+01,3.432500000000000107e+00,1.541999999999999993e+01,1.546507812500000156e+01
4.472199999999999818e+03,9.398803710937500000e+01,3.472500000000000142e+00,1.531000000000000050e+01,1.546835937500000036e+01
4.472300000000000182e+03,9.437255859375000000e+01,3.427500000000000213e+00,1.551999999999999957e+01,1.546507812500000156e+01
4.472399999999999636e+03,9.437255859375000000e+01,3.657499999999999751e+00,1.539749999999999908e+01,1.545468750000000036e+01
4.472500000000000000e+03,9.556274414062500000e+01,3.447499999999999787e+00,1.560999999999999943e+01,1.545578125000000114e+01
4.472600000000000364e+03,9.620361328125000000e+01,3.464999999999999858e+00,1.532000000000000028e+01,1.550773437500000007e+01
4.472699999999999818e+03,9.565429687500000000e+01,3.475000000000000089e+00,1.535999999999999943e+01,1.547710937500000128e+01
4.472800000000000182e+03,9.609375000000000000e+01,3.470000000000000195e+00,1.541999999999999993e+01,1.544976562500000128e+01
4.472899999999999636e+03,9.721069335937500000e+01,3.479999999999999982e+00,1.564000000000000057e+01,1.545031250000000078e+01
4.473000000000000000e+03,9.726562500000000000e+01,3.479999999999999982e+00,1.540000000000000036e+01,1.549023437500000000e+01
4.473100000000000364e+03,9.779663085937500000e+01,3.467500000000000249e+00,1.550000000000000000e+01,1.545632812500000064e+01
4.473199999999999818e+03,9.722900390625000000e+01,3.502499999999999947e+00,1.553999999999999915e+01,1.546507812500000156e+01
4.473300000000000182e+03,9.783325195312500000e+01,3.582500000000000018e+00,1.544999999999999929e+01,1.542570312500000007e+01
4.473399999999999636e+03,9.916992187500000000e+01,3.522499999999999964e+00,1.528999999999999915e+01,1.540601562500000021e+01
4.473500000000000000e+03,9.891357421875000000e+01,3.535000000000000142e+00,1.555749999999999922e+01,1.545140625000000156e+01
4.473600000000000364e+03,9.938964843750000000e+01,3.555000000000000160e+00,1.535999999999999943e+01,1.545906249999999993e+01
4.473699999999999818e+03,9.884033203125000000e+01,3.552500000000000213e+00,1.554999999999999893e+01,1.548039062500000007e+01
4.473800000000000182e+03,1.006713867187500000e+02,3.515000000000000124e+00,1.560999999999999943e+01,1.548421875000000014e+01
4.473899999999999636e+03,1.008544921875000000e+02,3.544999999999999929e+00,1.529999999999999893e+01,1.553234375000000078e+01
4.474000000000000000e+03,1.005065917968750000e+02,3.547499999999999876e+00,1.518999999999999950e+01,1.546781250000000085e+01
4.474100000000000364e+03,1.010375976562500000e+02,3.572499999999999787e+00,1.534999999999999964e+01,1.549351562500000057e+01
4.474199999999999818e+03,1.013671875000000000e+02,3.552500000000000213e+00,1.573000000000000043e+01,1.548312500000000114e+01
4.474300000000000182e+03,1.025390625000000000e+02,3.535000000000000142e+00,1.551999999999999957e+01,1.544757812500000149e+01
4.474399999999999636e+03,1.025207519531250000e+02,3.572499999999999787e+00,1.533000000000000007e+01,1.549023437500000000e+01
4.474500000000000000e+03,1.021728515625000000e+02,3.592500000000000249e+00,1.551999999999999957e+01,1.548476562500000142e+01
4.474600000000000364e+03,1.027038574218750000e+02,3.557500000000000107e+00,1.541999999999999993e+01,1.546453125000000028e+01
4.474699999999999818e+03,1.036193847656250000e+02,3.600000000000000089e+00,1.558000000000000007e+01,1.545468750000000036e+01
4.474800000000000182e+03,1.041870117187500000e+02,3.642500000000000071e+00,1.543999999999999950e+01,1.548859375000000149e+01
4.474899999999999636e+03,1.041503906250000000e+02,3.645000000000000018e+00,1.510999999999999943e+01,1.550828125000000135e+01
4.475000000000000000e+03,1.038208007812500000e+02,3.622500000000000053e+00,1.541000000000000014e+01,1.541695312500000092e+01
4.475100000000000364e+03,1.055419921875000000e+02,3.637500000000000178e+00,1.552999999999999936e+01,1.546453125000000028e+01
4.475199999999999818e+03,1.053222656250000000e+02,3.662500000000000089e+00,1.557000000000000028e+01,1.545085937500000028e+01
4.475300000000000182e+03,1.058349609375000000e+02,3.649999999999999911e+00,1.541999999999999993e+01,1.546015625000000071e+01
4.475399999999999636e+03,1.057434082031250000e+02,3.662500000000000089e+00,1.527999999999999936e+01,1.545960937500000121e+01
4.475500000000000000e+03,1.057800292968750000e+02,3.657499999999999751e+00,1.539000000000000057e+01,1.543445312500000099e+01
4.475600000000000364e+03,1.074829101562500000e+02,3.682500000000000107e+00,1.533000000000000007e+01,1.542898437500000064e+01
4.475699999999999818e+03,1.069152832031250000e+02,3.682500000000000107e+00,1.543999999999999950e+01,1.553835937500000064e+01
4.475800000000000182e+03,1.074096679687500000e+02,3.674999999999999822e+00,1.537999999999999901e+01,1.550609375000000156e+01
4.475899999999999636e+03,1.073364257812500000e+02,3.705000000000000071e+00,1.529999999999999893e+01,1.542242187500000128e+01
4.476000000000000000e+03,1.084716796875000000e+02,3.714999999999999858e+00,1.537999999999999901e+01,1.549789062500000014e+01
4.476100000000000364e+03,1.090942382812500000e+02,3.745000000000000107e+00,1.554999999999999893e+01,1.546289062500000000e+01
4.476199999999999818e+03,1.085632324218750000e+02,3.737499999999999822e+00,1.550000000000000000e+01,1.548695312500000121e+01
4.476300000000000182e+03,1.090209960937500000e+02,3.722500000000000142e+00,1.540000000000000036e+01,1.549242187500000156e+01
4.476399999999999636e+03,1.099182128906250000e+02,3.759999999999999787e+00,1.541000000000000014e+01,1.543773437500000156e+01
4.476500000000000000e+03,1.101928710937500000e+02,3.767500000000000071e+00,1.545999999999999908e+01,1.546453125000000028e+01
4.476600000000000364e+03,1.107421875000000000e+02,3.759999999999999787e+00,1.552999999999999936e+01,1.550062500000000121e+01
4.476699999999999818e+03,1.101562500000000000e+02,3.839999999999999858e+00,1.526999999999999957e+01,1.547328125000000121e+01
4.476800000000000182e+03,1.106140136718750000e+02,3.805000000000000160e+00,1.562999999999999901e+01,1.547000000000000064e+01
4.476899999999999636e+03,1.120971679687500000e+02,3.820000000000000284e+00,1.551999999999999957e+01,1.544210937500000114e+01
4.477000000000000000e+03,1.119323730468750000e+02,3.797499999999999876e+00,1.535999999999999943e+01,1.546179687500000099e+01
4.477100000000000364e+03,1.124450683593750000e+02,3.844999999999999751e+00,1.567999999999999972e+01,1.547820312500000028e+01
4.477199999999999818e+03,1.118225097656250000e+02,3.827500000000000124e+00,1.566999999999999993e+01,1.546179687500000099e+01
4.477300000000000182e+03,1.136352539062500000e+02,3.837499999999999911e+00,1.535999999999999943e+01,1.548531250000000092e+01
4.477399999999999636e+03,1.138366699218750000e+02,3.854999999999999982e+00,1.547000000000000064e+01,1.547109375000000142e+01
4.477500000000000000e+03,1.135253906250000000e+02,3.842500000000000249e+00,1.548000000000000043e+01,1.543226562500000121e+01
4.477600000000000364e+03,1.140563964843750000e+02,3.912500000000000089e+00,1.569999999999999929e+01,1.545414062500000085e+01
4.477699999999999818e+03,1.140930175781250000e+02,3.919999999999999929e+00,1.566000000000000014e+01,1.545632812500000064e+01
4.477800000000000182e+03,1.155578613281250000e+02,3.935000000000000053e+00,1.542999999999999972e+01,1.549406250000000007e+01
4.477899999999999636e+03,1.155395507812500000e+02,3.919999999999999929e+00,1.544999999999999929e+01,1.545359375000000135e+01
4.478000000000000000e+03,1.152648925781250000e+02,3.947499999999999787e+00,1.545999999999999908e+01,1.544921875000000000e+01
4.478100000000000364e+03,1.157409667968750000e+02,3.975000000000000089e+00,1.533750000000000036e+01,1.546617187500000057e+01
4.478199999999999818e+03,1.166564941406250000e+02,3.957500000000000018e+00,1.548749999999999893e+01,1.546343750000000128e+01
4.478300000000000182e+03,1.173522949218750000e+02,3.992500000000000160e+00,1.532000000000000028e+01,1.544648437500000071e+01
4.478399999999999636e+03,1.172241210937500000e+02,3.992500000000000160e+00,1.547000000000000064e+01,1.547218750000000043e+01
4.478500000000000000e+03,1.169494628906250000e+02,4.012500000000000178e+00,1.550000000000000000e+01,1.548203125000000036e+01
4.478600000000000364e+03,1.186157226562500000e+02,3.995000000000000107e+00,1.540000000000000036e+01,1.547601562500000050e+01
4.478699999999999818e+03,1.185241699218750000e+02,4.040000000000000036e+00,1.540000000000000036e+01,1.543007812500000142e+01
4.478800000000000182e+03,1.190368652343750000e+02,4.032499999999999751e+00,1.551999999999999957e+01,1.545523437500000163e+01
4.478899999999999636e+03,1.189270019531250000e+02,4.064999999999999503e+00,1.545999999999999908e+01,1.545851562500000043e+01
4.479000000000000000e+03,1.187072753906250000e+02,4.080000000000000071e+00,1.564000000000000057e+01,1.539343750000000099e+01
4.479100000000000364e+03,1.194396972656250000e+02,4.054999999999999716e+00,1.543999999999999950e+01,1.543117187500000043e+01
4.479199999999999818e+03,1.188171386718750000e+02,4.105000000000000426e+00,1.542999999999999972e+01,1.552851562500000071e+01
4.479300000000000182e+03,1.193298339843750000e+02,4.125000000000000000e+00,1.539000000000000057e+01,1.549406250000000007e+01
4.479399999999999636e+03,1.192016601562500000e+02,4.084999999999999964e+00,1.534999999999999964e+01,1.552414062500000114e+01
4.479500000000000000e+03,1.189819335937500000e+02,4.132500000000000284e+00,1.544999999999999929e+01,1.545632812500000064e+01
4.479600000000000364e+03,1.194396972656250000e+02,4.134999999999999787e+00,1.562999999999999901e+01,1.548093750000000135e+01
4.479699999999999818e+03,1.188537597656250000e+02,4.187500000000000000e+00,1.525999999999999979e+01,1.547054687500000014e+01
4.479800000000000182e+03,1.193481445312500000e+02,4.179999999999999716e+00,1.562999999999999901e+01,1.546398437500000078e+01
4.479899999999999636e+03,1.192199707031250000e+02,2.312499999999984013e-02,1.532000000000000028e+01,-3.718750000000081712e-02
4.480000000000000000e+03,1.189086914062500000e+02,5.812499999999998224e-02,1.553999999999999915e+01,-3.226562500000085265e-02
4.480100000000000364e+03,1.194946289062500000e+02,2.562499999999978684e-02,1.540000000000000036e+01,-4.921875000000852651e-03
4.480199999999999818e+03,1.188354492187500000e+02,4.062499999999991118e-02,1.540000000000000036e+01,-1.914062500000035527e-02
4.480300000000000182e+03,1.193298339843750000e+02,1.062500000000010658e-02,1.553999999999999915e+01,-2.242187500000092371e-02
4.480399999999999636e+03,1.179016113281250000e+02,5.562500000000003553e-02,1.535999999999999943e+01,-3.281250000000568434e-03
4.480500000000000000e+03,1.175720214843750000e+02,4.312499999999985789e-02,1.550000000000000000e+01,-3.500000000000103029e-02
4.480600000000000364e+03,1.180664062500000000e+02,6.062499999999992895e-02,1.558999999999999986e+01,-3.554687500000053291e-02
4.480699999999999818e+03,1.174255371093750000e+02,2.062499999999989342e-02,1.558000000000000007e+01,-9.351562500000110134e-02
4.480800000000000182e+03,1.159973144531250000e+02,1.812499999999994671e-02,1.556000000000000050e+01,-7.656250000000053291e-02
4.480899999999999636e+03,1.151916503906250000e+02,3.062500000000012434e-02,1.523000000000000043e+01,-4.867187500000103029e-02
4.481000000000000000e+03,1.148620605468750000e+02,4.062499999999991118e-02,1.526999999999999957e+01,-1.039062500000031974e-02
4.481100000000000364e+03,1.153381347656250000e+02,6.312499999999987566e-02,1.537999999999999901e+01,-1.421875000000039080e-02
4.481199999999999818e+03,1.142578125000000000e+02,5.062500000000014211e-02,1.558000000000000007e+01,-2.132812500000103029e-02
4.481300000000000182e+03,1.113098144531250000e+02,5.812499999999998224e-02,1.537999999999999901e+01,-6.835937500000088818e-02
4.481399999999999636e+03,1.111999511718750000e+02,3.812499999999996447e-02,1.541750000000000043e+01,-3.554687500000053291e-02
4.481500000000000000e+03,1.109069824218750000e+02,2.062499999999989342e-02,1.551999999999999957e+01,-3.554687500000053291e-02
4.481600000000000364e+03,1.113464355468750000e+02,2.062499999999989342e-02,1.553999999999999915e+01,-2.406250000000031974e-02
4.481699999999999818e+03,1.075744628906250000e+02,1.812499999999994671e-02,1.559999999999999964e+01,-2.351562500000081712e-02
4.481800000000000182e+03,1.075561523437500000e+02,6.062499999999992895e-02,1.534750000000000014e+01,-3.828125000000071054e-02
4.481899999999999636e+03,1.074279785156250000e+02,6.812499999999976907e-02,1.549000000000000021e+01,-2.023437500000024869e-02
4.482000000000000000e+03,1.071716308593750000e+02,4.312499999999985789e-02,1.541000000000000014e+01,-5.742187500000106581e-02
4.482100000000000364e+03,1.060913085937500000e+02,4.812499999999975131e-02,1.525000000000000000e+01,-3.992187500000099476e-02
4.482199999999999818e+03,1.039672851562500000e+02,6.812499999999976907e-02,1.536999999999999922e+01,-3.445312500000063949e-02
4.482300000000000182e+03,1.044250488281250000e+02,4.062499999999991118e-02,1.563749999999999929e+01,-2.734375000000088818e-02
4.482399999999999636e+03,1.043518066406250000e+02,5.624999999999769074e-03,1.519999999999999929e+01,-2.132812500000103029e-02
4.482500000000000000e+03,1.040405273437500000e+02,5.562500000000003553e-02,1.543999999999999950e+01,-2.132812500000103029e-02
4.482600000000000364e+03,1.021362304687500000e+02,2.812499999999973355e-02,1.549000000000000021e+01,-3.718750000000081712e-02
4.482699999999999818e+03,1.013122558593750000e+02,2.562499999999978684e-02,1.554999999999999893e+01,-2.242187500000092371e-02
4.482800000000000182e+03,1.017517089843750000e+02,8.312499999999989342e-02,1.534750000000000014e+01,-9.351562500000110134e-02
4.482899999999999636e+03,1.017517089843750000e+02,7.312500000000010658e-02,1.541999999999999993e+01,-9.843750000000817124e-03
4.483000000000000000e+03,9.968261718750000000e+01,2.812499999999973355e-02,1.532000000000000028e+01,-4.976562500000092371e-02
4.483100000000000364e+03,9.959106445312500000e+01,7.562500000000005329e-02,1.550000000000000000e+01,-2.570312500000060396e-02
4.483199999999999818e+03,9.898681640625000000e+01,4.562499999999980460e-02,1.542999999999999972e+01,-4.101562500000088818e-02
4.483300000000000182e+03,9.937133789062500000e+01,4.312499999999985789e-02,1.534999999999999964e+01,4.648437499999946709e-02
4.483399999999999636e+03,9.907836914062500000e+01,6.062499999999992895e-02,1.545999999999999908e+01,-5.085937500000081712e-02
4.483500000000000000e+03,9.700927734375000000e+01,4.312499999999985789e-02,1.547000000000000064e+01,-4.703125000000074607e-02
4.483600000000000364e+03,9.739379882812500000e+01,3.062500000000012434e-02,1.558000000000000007e+01,-1.640625000000106581e-02
4.483699999999999818e+03,9.691772460937500000e+01,-1.750000000000007105e-02,1.542999999999999972e+01,-5.031250000000042633e-02
4.483800000000000182e+03,9.730224609375000000e+01,4.562499999999980460e-02,1.527999999999999936e+01,-1.968750000000074607e-02
4.483899999999999636e+03,9.559936523437500000e+01,5.562500000000003553e-02,1.545999999999999908e+01,-9.296875000000426326e-03
4.484000000000000000e+03,9.503173828125000000e+01,8.562499999999984013e-02,1.532000000000000028e+01,7.109374999999751310e-03
4.484100000000000364e+03,9.550781250000000000e+01,5.312500000000008882e-02,1.543999999999999950e+01,-1.093750000000008882e-01
4.484199999999999818e+03,9.495849609375000000e+01,2.562499999999978684e-02,1.552999999999999936e+01,-3.664062500000042633e-02
4.484300000000000182e+03,9.446411132812500000e+01,5.293749999999999289e-01,1.529749999999999943e+01,-3.554687500000053291e-02
4.484399999999999636e+03,9.362182617187500000e+01,4.062499999999991118e-02,1.527999999999999936e+01,-3.882812500000110134e-02
4.484500000000000000e+03,9.321899414062500000e+01,4.812499999999975131e-02,1.542999999999999972e+01,-8.093750000000099476e-02
4.484600000000000364e+03,9.367675781250000000e+01,2.812499999999973355e-02,1.549000000000000021e+01,-7.328125000000085265e-02
4.484699999999999818e+03,9.320068359375000000e+01,3.562500000000001776e-02,1.543999999999999950e+01,-1.585937500000067502e-02
4.484800000000000182e+03,9.197387695312500000e+01,2.062499999999989342e-02,1.541000000000000014e+01,-1.695312500000056843e-02
4.484899999999999636e+03,9.182739257812500000e+01,3.312500000000007105e-02,1.533999999999999986e+01,-5.960937500000085265e-02
4.485000000000000000e+03,9.147949218750000000e+01,4.562499999999980460e-02,1.532000000000000028e+01,-6.781250000000049738e-02
4.485100000000000364e+03,9.202880859375000000e+01,2.812499999999973355e-02,1.540000000000000036e+01,-1.859375000000085265e-02
4.485199999999999818e+03,9.025268554687500000e+01,6.562499999999982236e-02,1.541999999999999993e+01,-3.828125000000071054e-02
4.485300000000000182e+03,9.025268554687500000e+01,-1.875000000000071054e-03,1.540000000000000036e+01,-5.742187500000106581e-02
4.485399999999999636e+03,9.025268554687500000e+01,3.812499999999996447e-02,1.544999999999999929e+01,-8.257812500000039080e-02
4.485500000000000000e+03,8.988647460937500000e+01,1.812499999999994671e-02,1.549000000000000021e+01,-2.351562500000081712e-02
4.485600000000000364e+03,9.010620117187500000e+01,3.062500000000012434e-02,1.537749999999999950e+01,-7.382812500000035527e-02
4.485699999999999818e+03,8.842163085937500000e+01,5.062500000000014211e-02,1.553999999999999915e+01,-5.523437500000039080e-02
4.485800000000000182e+03,8.876953125000000000e+01,4.062499999999991118e-02,1.539000000000000057e+01,-7.656250000000053291e-02
4.485899999999999636e+03,8.873291015625000000e+01,4.312499999999985789e-02,1.557000000000000028e+01,-6.125000000000024869e-02
4.486000000000000000e+03,8.836669921875000000e+01,4.562499999999980460e-02,1.550999999999999979e+01,-2.351562500000081712e-02
4.486100000000000364e+03,8.765258789062500000e+01,5.812499999999998224e-02,1.525750000000000028e+01,-8.859375000000024869e-02
4.486199999999999818e+03,8.701171875000000000e+01,5.062500000000014211e-02,1.543999999999999950e+01,-4.046875000000049738e-02
4.486300000000000182e+03,8.734130859375000000e+01,7.062500000000015987e-02,1.529999999999999893e+01,2.242187499999914735e-02
4.486399999999999636e+03,8.737792968750000000e+01,2.312499999999984013e-02,1.544999999999999929e+01,-3.937500000000060396e-02
4.486500000000000000e+03,8.627929687500000000e+01,1.312500000000005329e-02,1.544999999999999929e+01,-4.101562500000088818e-02
4.486600000000000364e+03,8.613281250000000000e+01,5.562500000000003553e-02,1.548000000000000043e+01,-2.187500000000053291e-02
4.486699999999999818e+03,8.560180664062500000e+01,4.812499999999975131e-02,1.550000000000000000e+01,-5.031250000000042633e-02
4.486800000000000182e+03,8.598632812500000000e+01,2.312499999999984013e-02,1.534750000000000014e+01,-1.859375000000085265e-02
4.486899999999999636e+03,8.596801757812500000e+01,4.562499999999980460e-02,1.544999999999999929e+01,-4.484375000000095923e-02
4.487000000000000000e+03,8.435668945312500000e+01,2.312499999999984013e-02,1.548000000000000043e+01,-2.242187500000092371e-02
4.487100000000000364e+03,8.474121093750000000e+01,2.812499999999973355e-02,1.541000000000000014e+01,-3.554687500000053291e-02
4.487199999999999818e+03,8.432006835937500000e+01,1.062500000000010658e-02,1.527999999999999936e+01,-2.187500000000053291e-02
4.487300000000000182e+03,8.461303710937500000e+01,5.312500000000008882e-02,1.566000000000000014e+01,-3.007812500000106581e-02
4.487399999999999636e+03,8.371582031250000000e+01,1.812499999999994671e-02,1.559999999999999964e+01,-6.890625000000039080e-02
4.487500000000000000e+03,8.303833007812500000e+01,4.062499999999991118e-02,1.528999999999999915e+01,-6.726562500000099476e-02
4.487600000000000364e+03,8.345947265625000000e+01,5.312500000000008882e-02,1.570999999999999908e+01,-2.406250000000031974e-02
4.487699999999999818e+03,8.298339843750000000e+01,2.562499999999978684e-02,1.528999999999999915e+01,-6.617187500000110134e-02
4.487800000000000182e+03,8.305664062500000000e+01,4.562499999999980460e-02,1.539000000000000057e+01,-3.773437500000031974e-02
4.487899999999999636e+03,8.210449218750000000e+01,8.562499999999984013e-02,1.565000000000000036e+01,-8.750000000000035527e-02
4.488000000000000000e+03,8.171997070312500000e+01,1.312500000000005329e-02,1.558999999999999986e+01,-1.914062500000035527e-02
4.488100000000000364e+03,8.215942382812500000e+01,2.062499999999989342e-02,1.534999999999999964e+01,-2.460937500000071054e-02
4.488199999999999818e+03,8.171997070312500000e+01,1.812499999999994671e-02,1.562999999999999901e+01,-3.062500000000056843e-02
4.488300000000000182e+03,8.089599609375000000e+01,-4.687500000000000000e-02,1.557750000000000057e+01,-1.011718750000003553e-01
4.488399999999999636e+03,8.074951171875000000e+01,6.062499999999992895e-02,1.566000000000000014e+01,2.789062499999950262e-02
4.488500000000000000e+03,8.043823242187500000e+01,2.312499999999984013e-02,1.540000000000000036e+01,-1.181250000000009237e-01
4.488600000000000364e+03,8.085937500000000000e+01,3.812499999999996447e-02,1.562999999999999901e+01,-1.640625000000284217e-03
4.488699999999999818e+03,7.990722656250000000e+01,2.812499999999973355e-02,1.541999999999999993e+01,-6.507812500000031974e-02
4.488800000000000182e+03,7.952270507812500000e+01,1.312500000000005329e-02,1.537999999999999901e+01,-7.000000000000028422e-02
4.488899999999999636e+03,7.955932617187500000e+01,2.312499999999984013e-02,1.533999999999999986e+01,-8.476562500000106581e-02
4.489000000000000000e+03,7.922973632812500000e+01,4.562499999999980460e-02,1.551999999999999957e+01,-3.828125000000071054e-02
4.489100000000000364e+03,7.959594726562500000e+01,3.562500000000001776e-02,1.548000000000000043e+01,-3.500000000000103029e-02
4.489199999999999818e+03,7.813110351562500000e+01,6.812499999999976907e-02,1.549000000000000021e+01,-4.703125000000074607e-02
4.489300000000000182e+03,7.831420898437500000e+01,6.812499999999976907e-02,1.534999999999999964e+01,6.562499999999360512e-03
4.489399999999999636e+03,7.835083007812500000e+01,6.312499999999987566e-02,1.535999999999999943e+01,-6.179687500000063949e-02
4.489500000000000000e+03,7.802124023437500000e+01,-3.349999999999999645e-01,1.543999999999999950e+01,2.570312499999971578e-02
4.489600000000000364e+03,7.760009765625000000e+01,8.124999999999715783e-03,1.535999999999999943e+01,-4.265625000000028422e-02
4.489699999999999818e+03,7.681274414062500000e+01,6.562499999999982236e-02,1.547000000000000064e+01,-5.085937500000081712e-02
4.489800000000000182e+03,7.708740234375000000e+01,6.562499999999982236e-02,1.554999999999999893e+01,-1.268750000000009592e-01
4.489899999999999636e+03,7.716064453125000000e+01,1.812499999999994671e-02,1.550000000000000000e+01,1.640624999999928946e-02
4.490000000000000000e+03,7.666625976562500000e+01,2.812499999999973355e-02,1.553999999999999915e+01,-2.187500000000053291e-02
4.490100000000000364e+03,7.619018554687500000e+01,6.062499999999992895e-02,1.545999999999999908e+01,-6.289062500000053291e-02
4.490199999999999818e+03,7.576904296875000000e+01,3.312500000000007105e-02,1.518999999999999950e+01,-2.187500000000053291e-02
4.490300000000000182e+03,7.597045898437500000e+01,5.312500000000008882e-02,1.558000000000000007e+01,-8.039062500000060396e-02
4.490399999999999636e+03,7.608032226562500000e+01,1.812499999999994671e-02,1.547000000000000064e+01,-6.945312500000078160e-02
4.490500000000000000e+03,7.474365234375000000e+01,4.062499999999991118e-02,1.541999999999999993e+01,-1.859375000000085265e-02
4.490600000000000364e+03,7.501831054687500000e+01,2.312499999999984013e-02,1.554999999999999893e+01,-6.890625000000039080e-02
4.490699999999999818e+03,7.461547851562500000e+01,3.812499999999996447e-02,1.526999999999999957e+01,-5.085937500000081712e-02
4.490800000000000182e+03,7.487182617187500000e+01,3.312500000000007105e-02,1.548000000000000043e+01,-2.625000000000099476e-02
4.490899999999999636e+03,7.448730468750000000e+01,3.812499999999996447e-02,1.529749999999999943e+01,-9.296875000000426326e-03
4.491000000000000000e+03,7.349853515625000000e+01,2.062499999999989342e-02,1.554999999999999893e+01,-3.828125000000959233e-03
4.491100000000000364e+03,7.393798828125000000e+01,4.562499999999980460e-02,1.550000000000000000e+01,-2.843750000000078160e-02
4.491199999999999818e+03,7.353515625000000000e+01,3.812499999999996447e-02,1.541750000000000043e+01,-5.851562500000095923e-02
4.491300000000000182e+03,7.379150390625000000e+01,4.562499999999980460e-02,1.548000000000000043e+01,-1.017187500000007461e-01
4.491399999999999636e+03,7.283935546875000000e+01,3.062500000000012434e-02,1.531749999999999901e+01,-4.320312500000067502e-02
4.491500000000000000e+03,7.239990234375000000e+01,5.062500000000014211e-02,1.561999999999999922e+01,-3.500000000000103029e-02
4.491600000000000364e+03,7.283935546875000000e+01,6.312499999999987566e-02,1.550999999999999979e+01,-6.453125000000081712e-02
4.491699999999999818e+03,7.247314453125000000e+01,5.562500000000003553e-02,1.551999999999999957e+01,-6.781250000000049738e-02
4.491800000000000182e+03,7.201538085937500000e+01,3.312500000000007105e-02,1.550000000000000000e+01,-2.570312500000060396e-02
4.491899999999999636e+03,7.175903320312500000e+01,8.124999999999715783e-03,1.535999999999999943e+01,-1.968750000000074607e-02
4.492000000000000000e+03,7.135620117187500000e+01,4.562499999999980460e-02,1.549000000000000021e+01,-1.476562500000078160e-02
4.492100000000000364e+03,7.181396484375000000e+01,4.812499999999975131e-02,1.564000000000000057e+01,-4.375000000000461853e-03
4.492199999999999818e+03,7.141113281250000000e+01,1.062500000000010658e-02,1.548000000000000043e+01,-3.882812500000110134e-02
4.492300000000000182e+03,7.073364257812500000e+01,5.312500000000008882e-02,1.531000000000000050e+01,-1.257812500000099476e-02
4.492399999999999636e+03,7.075195312500000000e+01,2.312499999999984013e-02,1.540000000000000036e+01,-3.335937500000074607e-02
4.492500000000000000e+03,7.036743164062500000e+01,5.062500000000014211e-02,1.528999999999999915e+01,-5.195312500000071054e-02
4.492600000000000364e+03,7.080688476562500000e+01,3.312500000000007105e-02,1.526999999999999957e+01,-1.421875000000039080e-02
4.492699999999999818e+03,6.974487304687500000e+01,3.312500000000007105e-02,1.558000000000000007e+01,-3.992187500000099476e-02
4.492800000000000182e+03,6.981811523437500000e+01,1.000000000000000888e-01,1.551999999999999957e+01,-1.203125000000060396e-02
4.492899999999999636e+03,6.983642578125000000e+01,5.312500000000008882e-02,1.525000000000000000e+01,-4.921875000000053291e-02
4.493000000000000000e+03,6.947021484375000000e+01,6.562499999999982236e-02,1.525000000000000000e+01,-1.968750000000074607e-02
4.493100000000000364e+03,6.954345703125000000e+01,3.062500000000012434e-02,1.543750000000000000e+01,-4.046875000000049738e-02
4.493199999999999818e+03,6.859130859375000000e+01,5.812499999999998224e-02,1.549000000000000021e+01,-3.609375000000092371e-02
4.493300000000000182e+03,6.877441406250000000e+01,2.062499999999989342e-02,1.533999999999999986e+01,-1.585937500000067502e-02
4.493399999999999636e+03,6.884765625000000000e+01,1.312500000000005329e-02,1.542999999999999972e+01,-7.437500000000074607e-02
4.493500000000000000e+03,6.851806640625000000e+01,1.562500000000000000e-02,1.558000000000000007e+01,-3.007812500000106581e-02
4.493600000000000364e+03,6.807861328125000000e+01,1.562500000000000000e-02,1.549000000000000021e+01,-3.718750000000081712e-02
4.493699999999999818e+03,6.767578125000000000e+01,5.062500000000014211e-02,1.561999999999999922e+01,-1.203125000000060396e-02
4.493800000000000182e+03,6.784057617187500000e+01,5.562500000000003553e-02,1.540000000000000036e+01,-3.281250000000035527e-02
4.493899999999999636e+03,6.793212890625000000e+01,5.812499999999998224e-02,1.553999999999999915e+01,-4.210937500000078160e-02
4.494000000000000000e+03,6.705322265625000000e+01,4.562499999999980460e-02,1.552999999999999936e+01,-4.976562500000092371e-02
4.494100000000000364e+03,6.712646484375000000e+01,6.062499999999992895e-02,1.536999999999999922e+01,-4.812500000000063949e-02
4.494199999999999818e+03,6.679687500000000000e+01,3.562500000000001776e-02,1.566000000000000014e+01,-2.296875000000042633e-02
4.494300000000000182e+03,6.699829101562500000e+01,2.812499999999973355e-02,1.560999999999999943e+01,-4.539062500000046185e-02
4.494399999999999636e+03,6.707153320312500000e+01,1.062500000000010658e-02,1.553999999999999915e+01,-4.539062500000046185e-02
4.494500000000000000e+03,6.586303710937500000e+01,5.312500000000008882e-02,1.533000000000000007e+01,-5.687500000000067502e-02
4.494600000000000364e+03,6.619262695312500000e+01,5.062500000000014211e-02,1.551999999999999957e+01,1.421874999999950262e-02
4.494699999999999818e+03,6.588134765625000000e+01,5.562500000000003553e-02,1.563749999999999929e+01,-6.234375000000103029e-02
4.494800000000000182e+03,6.608276367187500000e+01,3.812499999999996447e-02,1.550000000000000000e+01,-4.539062500000046185e-02
4.494899999999999636e+03,6.544189453125000000e+01,6.562499999999982236e-02,1.558000000000000007e+01,7.656249999999253930e-03
4.495000000000000000e+03,6.492919921875000000e+01,5.312500000000008882e-02,1.541999999999999993e+01,-2.898437500000028422e-02
4.495100000000000364e+03,6.531372070312500000e+01,5.562500000000003553e-02,1.547000000000000064e+01,-3.445312500000063949e-02
4.495199999999999818e+03,6.496582031250000000e+01,6.062499999999992895e-02,1.550000000000000000e+01,-5.906250000000046185e-02
4.495300000000000182e+03,6.502075195312500000e+01,8.062499999999994671e-02,1.537999999999999901e+01,-7.929687500000071054e-02
4.495399999999999636e+03,6.447143554687500000e+01,4.812499999999975131e-02,1.559999999999999964e+01,-4.867187500000103029e-02
4.495500000000000000e+03,6.412353515625000000e+01,4.312499999999985789e-02,1.561999999999999922e+01,-2.406250000000031974e-02
4.495600000000000364e+03,6.448974609375000000e+01,5.062500000000014211e-02,1.548000000000000043e+01,-3.281250000000035527e-02
4.495699999999999818e+03,6.417846679687500000e+01,3.062500000000012434e-02,1.539000000000000057e+01,-5.687500000000067502e-02
4.495800000000000182e+03,6.362915039062500000e+01,1.562500000000000000e-02,1.550999999999999979e+01,-5.414062500000049738e-02
4.495899999999999636e+03,6.364746093750000000e+01,5.062500000000014211e-02,1.553999999999999915e+01,-4.648437500000035527e-02
4.496000000000000000e+03,6.326293945312500000e+01,2.812499999999973355e-02,1.524000000000000021e+01,-9.078125000000092371e-02
4.496100000000000364e+03,6.366577148437500000e+01,4.312499999999985789e-02,1.537999999999999901e+01,-5.031250000000042633e-02
4.496199999999999818e+03,6.300659179687500000e+01,4.562499999999980460e-02,1.533999999999999986e+01,-3.937500000000060396e-02
4.496300000000000182e+03,6.278686523437500000e+01,6.062499999999992895e-02,1.558999999999999986e+01,-2.734375000001065814e-03
4.496399999999999636e+03,6.282348632812500000e+01,5.562500000000003553e-02,1.550000000000000000e+01,1.421874999999950262e-02
4.496500000000000000e+03,6.247558593750000000e+01,8.562499999999984013e-02,1.533999999999999986e+01,-7.984375000000110134e-02
4.496600000000000364e+03,6.286010742187500000e+01,2.312499999999984013e-02,1.520999999999999908e+01,-7.601562500000103029e-02
4.496699999999999818e+03,6.183471679687500000e+01,3.062500000000012434e-02,1.525999999999999979e+01,-4.757812500000024869e-02
4.496800000000000182e+03,6.194458007812500000e+01,4.562499999999980460e-02,1.531000000000000050e+01,-2.132812500000103029e-02
4.496899999999999636e+03,6.203613281250000000e+01,-3.750000000000008882e-02,1.553999999999999915e+01,-1.476562500000078160e-02
4.497000000000000000e+03,6.166992187500000000e+01,5.562500000000003553e-02,1.557000000000000028e+01,1.093749999999893419e-02
4.497100000000000364e+03,6.157836914062500000e+01,4.812499999999975131e-02,1.558999999999999986e+01,-2.515625000000110134e-02
4.497199999999999818e+03,6.108398437500000000e+01,1.562500000000000000e-02,1.529999999999999893e+01,-5.031250000000042633e-02
4.497300000000000182e+03,6.119384765625000000e+01,5.812499999999998224e-02,1.539000000000000057e+01,-8.859375000000024869e-02
4.497399999999999636e+03,6.130371093750000000e+01,2.812499999999973355e-02,1.541999999999999993e+01,-3.007812500000106581e-02
4.497500000000000000e+03,6.093750000000000000e+01,1.812499999999994671e-02,1.561999999999999922e+01,-5.468750000000088818e-02
4.497600000000000364e+03,6.058959960937500000e+01,5.562500000000003553e-02,1.541000000000000014e+01,-4.156250000000039080e-02
4.497699999999999818e+03,6.031494140625000000e+01,5.062500000000014211e-02,1.559999999999999964e+01,-3.718750000000081712e-02
4.497800000000000182e+03,6.042480468750000000e+01,2.812499999999973355e-02,1.543999999999999950e+01,-3.117187500000095923e-02
4.497899999999999636e+03,6.049804687500000000e+01,2.562499999999978684e-02,1.536999999999999922e+01,-6.617187500000110134e-02
4.498000000000000000e+03,5.960083007812500000e+01,5.312500000000008882e-02,1.553999999999999915e+01,-5.906250000000046185e-02
4.498100000000000364e+03,5.987548828125000000e+01,7.062500000000015987e-02,1.551999999999999957e+01,-6.781250000000049738e-02
4.498199999999999818e+03,5.956420898437500000e+01,2.062499999999989342e-02,1.550999999999999979e+01,-7.382812500000035527e-02
4.498300000000000182e+03,5.974731445312500000e+01,3.062500000000012434e-02,1.547000000000000064e+01,-7.820312500000081712e-02
4.498399999999999636e+03,5.958251953125000000e+01,5.312500000000008882e-02,1.553999999999999915e+01,-9.351562500000110134e-02
4.498500000000000000e+03,5.881347656250000000e+01,8.062499999999994671e-02,1.558999999999999986e+01,-3.718750000000081712e-02
4.498600000000000364e+03,5.917968750000000000e+01,4.312499999999985789e-02,1.547000000000000064e+01,-7.601562500000103029e-02
4.498699999999999818e+03,5.888671875000000000e+01,5.062500000000014211e-02,1.544999999999999929e+01,-4.210937500000078160e-02
4.498800000000000182e+03,5.901489257812500000e+01,5.062500000000014211e-02,1.541999999999999993e+01,-4.046875000000049738e-02
4.498899999999999636e+03,5.846557617187500000e+01,2.812499999999973355e-02,1.550999999999999979e+01,-1.476562500000078160e-02
4.499000000000000000e+03,5.809936523437500000e+01,6.562499999999982236e-02,1.548000000000000043e+01,-2.898437500000028422e-02
4.499100000000000364e+03,5.846557617187500000e+01,2.062499999999989342e-02,1.553999999999999915e+01,-1.312500000000049738e-02
4.499199999999999818e+03,5.819091796875000000e+01,4.812499999999975131e-02,1.537999999999999901e+01,-2.406250000000031974e-02
4.499300000000000182e+03,5.791625976562500000e+01,1.812499999999994671e-02,1.541999999999999993e+01,-7.218750000000095923e-02
4.499399999999999636e+03,5.773315429687500000e+01,3.312500000000007105e-02,1.562999999999999901e+01,-6.617187500000110134e-02
4.499500000000000000e+03,5.738525390625000000e+01,5.062500000000014211e-02,1.543999999999999950e+01,-4.265625000000028422e-02
4.499600000000000364e+03,5.775146484375000000e+01,3.562500000000001776e-02,1.552999999999999936e+01,-4.429687500000056843e-02
4.499699999999999818e+03,5.751342773437500000e+01,1.062500000000010658e-02,1.535999999999999943e+01,-4.867187500000103029e-02
4.499800000000000182e+03,5.692749023437500000e+01,6.062499999999992895e-02,1.528999999999999915e+01,-3.171875000000046185e-02
4.499899999999999636e+03,5.701904296875000000e+01,3.062500000000012434e-02,1.545999999999999908e+01,-4.429687500000056843e-02
4.500000000000000000e+03,5.667114257812500000e+01,3.562500000000001776e-02,1.557000000000000028e+01,-7.382812500000035527e-02
4.500100000000000364e+03,5.703735351562500000e+01,6.562499999999982236e-02,1.535999999999999943e+01,-1.640625000000284217e-03
4.500199999999999818e+03,5.634155273437500000e+01,3.812499999999996447e-02,1.549000000000000021e+01,-2.898437500000028422e-02
4.500300000000000182e+03,5.634155273437500000e+01,2.812499999999973355e-02,1.525000000000000000e+01,-4.867187500000103029e-02
4.500399999999999636e+03,5.641479492187500000e+01,4.562499999999980460e-02,1.533000000000000007e+01,-3.882812500000110134e-02
4.500500000000000000e+03,5.610351562500000000e+01,2.812499999999973355e-02,1.551999999999999957e+01,1.859374999999907629e-02
4.500600000000000364e+03,5.632324218750000000e+01,2.562499999999978684e-02,1.564000000000000057e+01,-4.812500000000063949e-02
4.500699999999999818e+03,5.564575195312500000e+01,2.812499999999973355e-02,1.527999999999999936e+01,-5.359375000000099476e-02
4.500800000000000182e+03,5.571899414062500000e+01,6.312499999999987566e-02,1.534999999999999964e+01,-5.632812500000028422e-02
4.500899999999999636e+03,5.581054687500000000e+01,6.312499999999987566e-02,1.573000000000000043e+01,-6.835937500000088818e-02
4.501000000000000000e+03,5.544433593750000000e+01,1.812499999999994671e-02,1.542999999999999972e+01,-5.523437500000039080e-02
4.501100000000000364e+03,5.522460937500000000e+01,3.124999999999822364e-03,1.541000000000000014e+01,2.187499999998898659e-03
4.501199999999999818e+03,5.487670898437500000e+01,1.812499999999994671e-02,1.566999999999999993e+01,7.109374999999751310e-03
4.501300000000000182e+03,5.505981445312500000e+01,4.562499999999980460e-02,1.541000000000000014e+01,-3.062500000000056843e-02
4.501399999999999636e+03,5.513305664062500000e+01,2.812499999999973355e-02,1.552999999999999936e+01,-2.515625000000110134e-02
4.501500000000000000e+03,5.451049804687500000e+01,4.812499999999975131e-02,1.572000000000000064e+01,-5.796875000000056843e-02
4.501600000000000364e+03,5.451049804687500000e+01,3.812499999999996447e-02,1.542999999999999972e+01,1.968749999999896971e-02
4.501699999999999818e+03,5.430908203125000000e+01,2.312499999999984013e-02,1.525999999999999979e+01,-1.640625000000106581e-02
4.501800000000000182e+03,5.441894531250000000e+01,3.562500000000001776e-02,1.532000000000000028e+01,-4.812500000000063949e-02
4.501899999999999636e+03,5.449218750000000000e+01,5.312500000000008882e-02,1.551999999999999957e+01,-3.226562500000085265e-02
4.502000000000000000e+03,5.363159179687500000e+01,5.062500000000014211e-02,1.545999999999999908e+01,-2.078125000000063949e-02
4.502100000000000364e+03,5.392456054687500000e+01,3.062500000000012434e-02,1.548000000000000043e+01,-3.554687500000053291e-02
4.502199999999999818e+03,5.370483398437500000e+01,4.312499999999985789e-02,1.526999999999999957e+01,-5.250000000000110134e-02
4.502300000000000182e+03,5.381469726562500000e+01,4.562499999999980460e-02,1.535999999999999943e+01,2.624999999999921840e-02
4.502399999999999636e+03,5.348510742187500000e+01,5.812499999999998224e-02,1.541000000000000014e+01,-7.546875000000063949e-02
4.502500000000000000e+03,5.297241210937500000e+01,4.562499999999980460e-02,1.557000000000000028e+01,-5.468750000000355271e-03
4.502600000000000364e+03,5.333862304687500000e+01,2.062499999999989342e-02,1.527999999999999936e+01,-6.781250000000049738e-02
4.502699999999999818e+03,5.306396484375000000e+01,5.812499999999998224e-02,1.551999999999999957e+01,-1.531250000000028422e-02
4.502800000000000182e+03,5.321044921875000000e+01,6.062499999999992895e-02,1.536999999999999922e+01,-4.921875000000852651e-03
4.502899999999999636e+03,5.280761718750000000e+01,4.812499999999975131e-02,1.548749999999999893e+01,-6.945312500000078160e-02
4.503000000000000000e+03,5.247802734375000000e+01,4.812499999999975131e-02,1.550000000000000000e+01,-8.914062500000063949e-02
4.503100000000000364e+03,5.284423828125000000e+01,4.312499999999985789e-02,1.536999999999999922e+01,-5.687500000000067502e-02
4.503199999999999818e+03,5.262451171875000000e+01,4.062499999999991118e-02,1.529749999999999943e+01,-4.156250000000039080e-02
4.503300000000000182e+03,5.222167968750000000e+01,6.562499999999982236e-02,1.551999999999999957e+01,-5.960937500000085265e-02
4.503399999999999636e+03,5.222167968750000000e+01,1.062500000000010658e-02,1.558999999999999986e+01,-5.742187500000106581e-02
4.503500000000000000e+03,5.187377929687500000e+01,5.812499999999998224e-02,1.536999999999999922e+01,-4.593750000000085265e-02
4.503600000000000364e+03,5.220336914062500000e+01,4.062499999999991118e-02,1.544999999999999929e+01,-9.843750000000817124e-03
4.503699999999999818e+03,5.200195312500000000e+01,4.062499999999991118e-02,1.544999999999999929e+01,-2.078125000000063949e-02
4.503800000000000182e+03,5.211181640625000000e+01,3.062500000000012434e-02,1.552999999999999936e+01,1.257812499999921840e-02
4.503899999999999636e+03,5.216674804687500000e+01,5.812499999999998224e-02,1.547000000000000064e+01,-2.679687500000049738e-02
4.504000000000000000e+03,5.191040039062500000e+01,3.062500000000012434e-02,1.554999999999999893e+01,-5.906250000000046185e-02
4.504100000000000364e+03,5.220336914062500000e+01,-4.375000000000017764e-03,1.537999999999999901e+01,-3.281250000000035527e-02
4.504199999999999818e+03,5.202026367187500000e+01,6.062499999999992895e-02,1.547000000000000064e+01,-2.187500000000053291e-02
4.504300000000000182e+03,5.211181640625000000e+01,5.062500000000014211e-02,1.542999999999999972e+01,-2.843750000000078160e-02
4.504399999999999636e+03,5.218505859375000000e+01,3.312500000000007105e-02,1.551999999999999957e+01,-2.734375000000088818e-02
4.504500000000000000e+03,5.189208984375000000e+01,7.062500000000015987e-02,1.540000000000000036e+01,-5.140625000000031974e-02
4.504600000000000364e+03,5.244140625000000000e+01,2.812499999999973355e-02,1.550000000000000000e+01,-7.328125000000085265e-02
4.504699999999999818e+03,5.234985351562500000e+01,3.562500000000001776e-02,1.565000000000000036e+01,-1.750000000000095923e-02
4.504800000000000182e+03,5.240478515625000000e+01,5.062500000000014211e-02,1.534750000000000014e+01,-6.289062500000053291e-02
4.504899999999999636e+03,5.251464843750000000e+01,2.930000000000000160e+00,1.536749999999999972e+01,1.551046875000000114e+01
4.505000000000000000e+03,5.220336914062500000e+01,2.915000000000000036e+00,1.525999999999999979e+01,1.541585937500000014e+01
4.505100000000000364e+03,5.432739257812500000e+01,2.937500000000000000e+00,1.552999999999999936e+01,1.549242187500000156e+01
4.505199999999999818e+03,5.418090820312500000e+01,2.944999999999999840e+00,1.537999999999999901e+01,1.553507812500000007e+01
4.505300000000000182e+03,5.436401367187500000e+01,2.992500000000000160e+00,1.562999999999999901e+01,1.546179687500000099e+01
4.505399999999999636e+03,5.440063476562500000e+01,2.982499999999999929e+00,1.547000000000000064e+01,1.548476562500000142e+01
4.505500000000000000e+03,5.646972656250000000e+01,3.009999999999999787e+00,1.550999999999999979e+01,1.548203125000000036e+01
4.505600000000000364e+03,5.751342773437500000e+01,2.882499999999999840e+00,1.537999999999999901e+01,1.550828125000000135e+01
4.505699999999999818e+03,5.733032226562500000e+01,2.992500000000000160e+00,1.562999999999999901e+01,1.544156250000000163e+01
4.505800000000000182e+03,5.744018554687500000e+01,3.015000000000000124e+00,1.551999999999999957e+01,1.545085937500000028e+01
4.505899999999999636e+03,5.848388671875000000e+01,3.007499999999999840e+00,1.568999999999999950e+01,1.549078125000000128e+01
4.506000000000000000e+03,6.113891601562500000e+01,3.015000000000000124e+00,1.540000000000000036e+01,1.548968750000000050e+01
4.506100000000000364e+03,6.165161132812500000e+01,3.002499999999999947e+00,1.552749999999999986e+01,1.547875000000000156e+01
4.506199999999999818e+03,6.139526367187500000e+01,3.029999999999999805e+00,1.554999999999999893e+01,1.538960937500000092e+01
4.506300000000000182e+03,6.152343750000000000e+01,3.024999999999999911e+00,1.543999999999999950e+01,1.551757812500000000e+01
4.506399999999999636e+03,6.525878906250000000e+01,3.044999999999999929e+00,1.566000000000000014e+01,1.547109375000000142e+01
4.506500000000000000e+03,6.538696289062500000e+01,3.082500000000000018e+00,1.562999999999999901e+01,1.544976562500000128e+01
4.506600000000000364e+03,6.575317382812500000e+01,3.089999999999999858e+00,1.518999999999999950e+01,1.544812500000000099e+01
4.506699999999999818e+03,6.546020507812500000e+01,3.080000000000000071e+00,1.554999999999999893e+01,1.548421875000000014e+01
4.506800000000000182e+03,6.763916015625000000e+01,3.067499999999999893e+00,1.558000000000000007e+01,1.548312500000000114e+01
4.506899999999999636e+03,6.903076171875000000e+01,3.082500000000000018e+00,1.551999999999999957e+01,1.545359375000000135e+01
4.507000000000000000e+03,6.881103515625000000e+01,3.140000000000000124e+00,1.540000000000000036e+01,1.547109375000000142e+01
4.507100000000000364e+03,6.919555664062500000e+01,3.100000000000000089e+00,1.554999999999999893e+01,1.546398437500000078e+01
4.507199999999999818e+03,6.882934570312500000e+01,3.132499999999999840e+00,1.550000000000000000e+01,1.550718750000000057e+01
4.507300000000000182e+03,7.179565429687500000e+01,3.120000000000000107e+00,1.562999999999999901e+01,1.547820312500000028e+01
4.507399999999999636e+03,7.199707031250000000e+01,3.125000000000000000e+00,1.544999999999999929e+01,1.541750000000000043e+01
4.507500000000000000e+03,7.166748046875000000e+01,3.102500000000000036e+00,1.533000000000000007e+01,1.541585937500000014e+01
4.507600000000000364e+03,7.207031250000000000e+01,3.127499999999999947e+00,1.558000000000000007e+01,1.544265625000000064e+01
4.507699999999999818e+03,7.373657226562500000e+01,3.107499999999999929e+00,1.541000000000000014e+01,1.552140625000000007e+01
4.507800000000000182e+03,7.465209960937500000e+01,3.147499999999999964e+00,1.532750000000000057e+01,1.548093750000000135e+01
4.507899999999999636e+03,7.472534179687500000e+01,3.197499999999999787e+00,1.569999999999999929e+01,1.550609375000000156e+01
4.508000000000000000e+03,7.435913085937500000e+01,3.174999999999999822e+00,1.557000000000000028e+01,1.546671875000000007e+01
4.508100000000000364e+03,7.520141601562500000e+01,3.172499999999999876e+00,1.539000000000000057e+01,1.546781250000000085e+01
4.508199999999999818e+03,7.668457031250000000e+01,3.194999999999999840e+00,1.562999999999999901e+01,1.548257812500000163e+01
4.508300000000000182e+03,7.708740234375000000e+01,3.180000000000000160e+00,1.537999999999999901e+01,1.548421875000000014e+01
4.508399999999999636e+03,7.712402343750000000e+01,3.187500000000000000e+00,1.533000000000000007e+01,1.548914062500000099e+01
4.508500000000000000e+03,7.677612304687500000e+01,3.202500000000000124e+00,1.539000000000000057e+01,1.547382812500000071e+01
4.508600000000000364e+03,7.921142578125000000e+01,3.202500000000000124e+00,1.546749999999999936e+01,1.547492187500000149e+01
4.508699999999999818e+03,7.908325195312500000e+01,3.214999999999999858e+00,1.541999999999999993e+01,1.543992187500000135e+01
4.508800000000000182e+03,7.939453125000000000e+01,3.217499999999999805e+00,1.543999999999999950e+01,1.549789062500000014e+01
4.508899999999999636e+03,7.944946289062500000e+01,3.237499999999999822e+00,1.542999999999999972e+01,1.548203125000000036e+01
4.509000000000000000e+03,8.021850585937500000e+01,3.240000000000000213e+00,1.560999999999999943e+01,1.547164062500000092e+01
4.509100000000000364e+03,8.157348632812500000e+01,3.212499999999999911e+00,1.550999999999999979e+01,1.550390625000000000e+01
4.509199999999999818e+03,8.120727539062500000e+01,3.220000000000000195e+00,1.539000000000000057e+01,1.549460937500000135e+01
4.509300000000000182e+03,8.150024414062500000e+01,3.227500000000000036e+00,1.560999999999999943e+01,1.545140625000000156e+01
4.509399999999999636e+03,8.157348632812500000e+01,3.272499999999999964e+00,1.560999999999999943e+01,1.547328125000000121e+01
4.509500000000000000e+03,8.312988281250000000e+01,3.227500000000000036e+00,1.545999999999999908e+01,1.548421875000000014e+01
4.509600000000000364e+03,8.373413085937500000e+01,3.254999999999999893e+00,1.544999999999999929e+01,1.550007812499999993e+01
4.509699999999999818e+03,8.329467773437500000e+01,3.319999999999999840e+00,1.541999999999999993e+01,1.545742187500000142e+01
4.509800000000000182e+03,8.364257812500000000e+01,3.280000000000000249e+00,1.547000000000000064e+01,1.549351562500000057e+01
4.509899999999999636e+03,8.505249023437500000e+01,3.290000000000000036e+00,1.560999999999999943e+01,1.547218750000000043e+01
4.510000000000000000e+03,8.519897460937500000e+01,3.327500000000000124e+00,1.541999999999999993e+01,1.546945312500000114e+01
4.510100000000000364e+03,8.563842773437500000e+01,3.317499999999999893e+00,1.541999999999999993e+01,1.547820312500000028e+01
4.510199999999999818e+03,8.516235351562500000e+01,3.262500000000000178e+00,1.558999999999999986e+01,1.543062500000000092e+01
4.510300000000000182e+03,8.585815429687500000e+01,3.319999999999999840e+00,1.568999999999999950e+01,1.547492187500000149e+01
4.510399999999999636e+03,8.739624023437500000e+01,3.325000000000000178e+00,1.537999999999999901e+01,1.546234375000000050e+01
4.510500000000000000e+03,8.710327148437500000e+01,3.317499999999999893e+00,1.548000000000000043e+01,1.545414062500000085e+01
4.510600000000000364e+03,8.756103515625000000e+01,3.392500000000000071e+00,1.537999999999999901e+01,1.545031250000000078e+01
4.510699999999999818e+03,8.706665039062500000e+01,3.342500000000000249e+00,1.552999999999999936e+01,1.539453125000000000e+01
4.510800000000000182e+03,8.898925781250000000e+01,3.357499999999999929e+00,1.550000000000000000e+01,1.548531250000000092e+01
4.510899999999999636e+03,8.922729492187500000e+01,3.357499999999999929e+00,1.561999999999999922e+01,1.543281250000000071e+01
4.511000000000000000e+03,8.887939453125000000e+01,3.362499999999999822e+00,1.522000000000000064e+01,1.550117187500000071e+01
4.511100000000000364e+03,8.935546875000000000e+01,3.334999999999999964e+00,1.529999999999999893e+01,1.549953125000000043e+01
4.511199999999999818e+03,8.983154296875000000e+01,3.392500000000000071e+00,1.550999999999999979e+01,1.546562500000000107e+01
4.511300000000000182e+03,9.100341796875000000e+01,3.370000000000000107e+00,1.541999999999999993e+01,1.551539062500000021e+01
4.511399999999999636e+03,9.104003906250000000e+01,3.379999999999999893e+00,1.543999999999999950e+01,1.551757812500000000e+01
4.511500000000000000e+03,9.069213867187500000e+01,3.395000000000000018e+00,1.528999999999999915e+01,1.548695312500000121e+01
4.511600000000000364e+03,9.116821289062500000e+01,3.410000000000000142e+00,1.539000000000000057e+01,1.546343750000000128e+01
4.511699999999999818e+03,9.228515625000000000e+01,3.415000000000000036e+00,1.549000000000000021e+01,1.548093750000000135e+01
4.511800000000000182e+03,9.277954101562500000e+01,3.444999999999999840e+00,1.550999999999999979e+01,1.545414062500000085e+01
4.511899999999999636e+03,9.274291992187500000e+01,3.432500000000000107e+00,1.556000000000000050e+01,1.547765625000000078e+01
4.512000000000000000e+03,9.243164062500000000e+01,3.444999999999999840e+00,1.547000000000000064e+01,1.546835937500000036e+01
4.512100000000000364e+03,9.417114257812500000e+01,3.417499999999999982e+00,1.536999999999999922e+01,1.552195312500000135e+01
4.512199999999999818e+03,9.404296875000000000e+01,3.415000000000000036e+00,1.562999999999999901e+01,1.550609375000000156e+01
4.512300000000000182e+03,9.444580078125000000e+01,3.415000000000000036e+00,1.549750000000000050e+01,1.544484375000000043e+01
4.512399999999999636e+03,9.446411132812500000e+01,3.405000000000000249e+00,1.568999999999999950e+01,1.542679687500000085e+01
4.512500000000000000e+03,9.444580078125000000e+01,3.450000000000000178e+00,1.548749999999999893e+01,1.545906249999999993e+01
4.512600000000000364e+03,9.624023437500000000e+01,3.457500000000000018e+00,1.528999999999999915e+01,1.546015625000000071e+01
4.512699999999999818e+03,9.572753906250000000e+01,3.477500000000000036e+00,1.560999999999999943e+01,1.544539062499999993e+01
4.512800000000000182e+03,9.620361328125000000e+01,3.490000000000000213e+00,1.533999999999999986e+01,1.543226562500000121e+01
4.512899999999999636e+03,9.614868164062500000e+01,3.504999999999999893e+00,1.544999999999999929e+01,1.550882812500000085e+01
4.513000000000000000e+03,9.724731445312500000e+01,3.475000000000000089e+00,1.556000000000000050e+01,1.548148437500000085e+01
4.513100000000000364e+03,9.785156250000000000e+01,3.509999999999999787e+00,1.566999999999999993e+01,1.545140625000000156e+01
4.513199999999999818e+03,9.732055664062500000e+01,3.497500000000000053e+00,1.544999999999999929e+01,1.549515625000000085e+01
4.513300000000000182e+03,9.774169921875000000e+01,3.515000000000000124e+00,1.532000000000000028e+01,1.541640625000000142e+01
4.513399999999999636e+03,9.874877929687500000e+01,3.527499999999999858e+00,1.534999999999999964e+01,1.548093750000000135e+01
4.513500000000000000e+03,9.909667968750000000e+01,3.497500000000000053e+00,1.550999999999999979e+01,1.549023437500000000e+01
4.513600000000000364e+03,9.959106445312500000e+01,3.847500000000000142e+00,1.532000000000000028e+01,1.548859375000000149e+01
4.513699999999999818e+03,9.904174804687500000e+01,3.540000000000000036e+00,1.553999999999999915e+01,1.546398437500000078e+01
4.513800000000000182e+03,9.944458007812500000e+01,3.532499999999999751e+00,1.544999999999999929e+01,1.551867187500000078e+01
4.513899999999999636e+03,1.009277343750000000e+02,3.570000000000000284e+00,1.549000000000000021e+01,1.546890625000000163e+01
4.514000000000000000e+03,1.007080078125000000e+02,3.555000000000000160e+00,1.541000000000000014e+01,1.553562500000000135e+01
4.514100000000000364e+03,1.011840820312500000e+02,3.577500000000000124e+00,1.541999999999999993e+01,1.548695312500000121e+01
4.514199999999999818e+03,1.006347656250000000e+02,3.552500000000000213e+00,1.525000000000000000e+01,1.544867187500000050e+01
4.514300000000000182e+03,1.023742675781250000e+02,3.589999999999999858e+00,1.527999999999999936e+01,1.547437500000000021e+01
4.514399999999999636e+03,1.026123046875000000e+02,3.597500000000000142e+00,1.550999999999999979e+01,1.542843750000000114e+01
4.514500000000000000e+03,1.022827148437500000e+02,3.602500000000000036e+00,1.554999999999999893e+01,1.550718750000000057e+01
4.514600000000000364e+03,1.027954101562500000e+02,3.609999999999999876e+00,1.540000000000000036e+01,1.550992187500000163e+01
4.514699999999999818e+03,1.027038574218750000e+02,3.597500000000000142e+00,1.551999999999999957e+01,1.545031250000000078e+01
4.514800000000000182e+03,1.042419433593750000e+02,3.594999999999999751e+00,1.536999999999999922e+01,1.547875000000000156e+01
4.514899999999999636e+03,1.042236328125000000e+02,3.645000000000000018e+00,1.534999999999999964e+01,1.547273437499999993e+01
4.515000000000000000e+03,1.039123535156250000e+02,3.642500000000000071e+00,1.564000000000000057e+01,1.548367187500000064e+01
4.515100000000000364e+03,1.044067382812500000e+02,3.642500000000000071e+00,1.552999999999999936e+01,1.545796875000000092e+01
4.515199999999999818e+03,1.052673339843750000e+02,3.637500000000000178e+00,1.544999999999999929e+01,1.546726562500000135e+01
4.515300000000000182e+03,1.059082031250000000e+02,3.647499999999999964e+00,1.541750000000000043e+01,1.545523437500000163e+01
4.515399999999999636e+03,1.058166503906250000e+02,3.669999999999999929e+00,1.532000000000000028e+01,1.549460937500000135e+01
4.515500000000000000e+03,1.055236816406250000e+02,3.660000000000000142e+00,1.549000000000000021e+01,1.547328125000000121e+01
4.515600000000000364e+03,1.070800781250000000e+02,3.655000000000000249e+00,1.545999999999999908e+01,1.544703125000000021e+01
4.515699999999999818e+03,1.070434570312500000e+02,3.687500000000000000e+00,1.551999999999999957e+01,1.544156250000000163e+01
4.515800000000000182e+03,1.075378417968750000e+02,3.714999999999999858e+00,1.562999999999999901e+01,1.546671875000000007e+01
4.515899999999999636e+03,1.074462890625000000e+02,3.700000000000000178e+00,1.533000000000000007e+01,1.552304687500000036e+01
4.516000000000000000e+03,1.072082519531250000e+02,3.712499999999999911e+00,1.553999999999999915e+01,1.547765625000000078e+01
4.516100000000000364e+03,1.092407226562500000e+02,3.709999999999999964e+00,1.547000000000000064e+01,1.547218750000000043e+01
4.516199999999999818e+03,1.087097167968750000e+02,3.687500000000000000e+00,1.552999999999999936e+01,1.545414062500000085e+01
4.516300000000000182e+03,1.092224121093750000e+02,3.702500000000000124e+00,1.547000000000000064e+01,1.544812500000000099e+01
4.516399999999999636e+03,1.091857910156250000e+02,3.729999999999999982e+00,1.564000000000000057e+01,1.547929687500000107e+01
4.516500000000000000e+03,1.102111816406250000e+02,3.759999999999999787e+00,1.573249999999999993e+01,1.541585937500000014e+01
4.516600000000000364e+03,1.109619140625000000e+02,3.680000000000000160e+00,1.537999999999999901e+01,1.550500000000000078e+01
4.516699999999999818e+03,1.103393554687500000e+02,3.777499999999999858e+00,1.536999999999999922e+01,1.544539062499999993e+01
4.516800000000000182e+03,1.108520507812500000e+02,3.762500000000000178e+00,1.567999999999999972e+01,1.544593750000000121e+01
4.516899999999999636e+03,1.113464355468750000e+02,3.805000000000000160e+00,1.548000000000000043e+01,1.547054687500000014e+01
4.517000000000000000e+03,1.120239257812500000e+02,3.782499999999999751e+00,1.548000000000000043e+01,1.547218750000000043e+01
4.517100000000000364e+03,1.125183105468750000e+02,3.814999999999999947e+00,1.544999999999999929e+01,1.544265625000000064e+01
4.517199999999999818e+03,1.118957519531250000e+02,3.805000000000000160e+00,1.548000000000000043e+01,1.547929687500000107e+01
4.517300000000000182e+03,1.124450683593750000e+02,3.870000000000000107e+00,1.541000000000000014e+01,1.545140625000000156e+01
4.517399999999999636e+03,1.138732910156250000e+02,3.847500000000000142e+00,1.546749999999999936e+01,1.545632812500000064e+01
4.517500000000000000e+03,1.137268066406250000e+02,3.837499999999999911e+00,1.532000000000000028e+01,1.544867187500000050e+01
4.517600000000000364e+03,1.142211914062500000e+02,3.895000000000000018e+00,1.536999999999999922e+01,1.545304687500000007e+01
4.517699999999999818e+03,1.135986328125000000e+02,3.875000000000000000e+00,1.545999999999999908e+01,1.543007812500000142e+01
4.517800000000000182e+03,1.153747558593750000e+02,3.935000000000000053e+00,1.541000000000000014e+01,1.549132812500000078e+01
4.517899999999999636e+03,1.156860351562500000e+02,3.930000000000000160e+00,1.556000000000000050e+01,1.546835937500000036e+01
4.518000000000000000e+03,1.154479980468750000e+02,3.942499999999999893e+00,1.550000000000000000e+01,1.550828125000000135e+01
4.518100000000000364e+03,1.159240722656250000e+02,3.935000000000000053e+00,1.540000000000000036e+01,1.548476562500000142e+01
4.518199999999999818e+03,1.154846191406250000e+02,3.982499999999999929e+00,1.539000000000000057e+01,1.550500000000000078e+01
4.518300000000000182e+03,1.174804687500000000e+02,3.977500000000000036e+00,1.574000000000000021e+01,1.549789062500000014e+01
4.518399999999999636e+03,1.173889160156250000e+02,4.012500000000000178e+00,1.542999999999999972e+01,1.545960937500000121e+01
4.518500000000000000e+03,1.171691894531250000e+02,4.004999999999999893e+00,1.550999999999999979e+01,1.540820312500000000e+01
4.518600000000000364e+03,1.176635742187500000e+02,4.017500000000000071e+00,1.543999999999999950e+01,1.545796875000000092e+01
4.518699999999999818e+03,1.185607910156250000e+02,4.004999999999999893e+00,1.542999999999999972e+01,1.545906249999999993e+01
4.518800000000000182e+03,1.193847656250000000e+02,4.035000000000000142e+00,1.551999999999999957e+01,1.543937500000000007e+01
4.518899999999999636e+03,1.192382812500000000e+02,4.032499999999999751e+00,1.554999999999999893e+01,1.542898437500000064e+01
4.519000000000000000e+03,1.190002441406250000e+02,4.062500000000000000e+00,1.542999999999999972e+01,1.544484375000000043e+01
4.519100000000000364e+03,1.199707031250000000e+02,4.082499999999999574e+00,1.570999999999999908e+01,1.550828125000000135e+01
4.519199999999999818e+03,1.196960449218750000e+02,4.099999999999999645e+00,1.543999999999999950e+01,1.547328125000000121e+01
4.519300000000000182e+03,1.202636718750000000e+02,4.167500000000000426e+00,1.541999999999999993e+01,1.543828125000000107e+01
4.519399999999999636e+03,1.201538085937500000e+02,4.142500000000000071e+00,1.543999999999999950e+01,1.546070312500000021e+01
4.519500000000000000e+03,1.198608398437500000e+02,4.259999999999999787e+00,1.576999999999999957e+01,1.543117187500000043e+01
4.519600000000000364e+03,1.203735351562500000e+02,4.162499999999999645e+00,1.560999999999999943e+01,1.541750000000000043e+01
4.519699999999999818e+03,1.196960449218750000e+02,4.197499999999999787e+00,1.545999999999999908e+01,1.546890625000000163e+01
4.519800000000000182e+03,1.202636718750000000e+02,4.172500000000000320e+00,1.554999999999999893e+01,1.546617187500000057e+01
4.519899999999999636e+03,1.201354980468750000e+02,4.205000000000000071e+00,1.548000000000000043e+01,1.547273437499999993e+01
4.520000000000000000e+03,1.198608398437500000e+02,4.227500000000000036e+00,1.536999999999999922e+01,1.546671875000000007e+01
4.520100000000000364e+03,1.203918457031250000e+02,3.812499999999996447e-02,1.530749999999999922e+01,-6.671875000000060396e-02
4.520199999999999818e+03,1.196594238281250000e+02,6.062499999999992895e-02,1.544999999999999929e+01,-4.484375000000095923e-02
4.520300000000000182e+03,1.202819824218750000e+02,1.812499999999994671e-02,1.556000000000000050e+01,-6.890625000000039080e-02
4.520399999999999636e+03,1.198974609375000000e+02,4.812499999999975131e-02,1.545749999999999957e+01,-3.882812500000110134e-02
4.520500000000000000e+03,1.189086914062500000e+02,4.562499999999980460e-02,1.543999999999999950e+01,-5.359375000000099476e-02
4.520600000000000364e+03,1.193847656250000000e+02,2.562499999999978684e-02,1.542999999999999972e+01,-4.265625000000028422e-02
4.520699999999999818e+03,1.186889648437500000e+02,3.562500000000001776e-02,1.547000000000000064e+01,-6.179687500000063949e-02
4.520800000000000182e+03,1.192382812500000000e+02,6.562499999999982236e-02,1.558000000000000007e+01,-6.125000000000024869e-02
4.520899999999999636e+03,1.170410156250000000e+02,4.562499999999980460e-02,1.557750000000000057e+01,-7.000000000000028422e-02
4.521000000000000000e+03,1.164550781250000000e+02,2.812499999999973355e-02,1.562999999999999901e+01,4.374999999999573674e-03
4.521100000000000364e+03,1.169677734375000000e+02,6.312499999999987566e-02,1.533000000000000007e+01,-5.960937500000085265e-02
4.521199999999999818e+03,1.163452148437500000e+02,2.062499999999989342e-02,1.550000000000000000e+01,-5.304687500000060396e-02
4.521300000000000182e+03,1.147155761718750000e+02,7.062500000000015987e-02,1.562999999999999901e+01,-5.906250000000046185e-02
4.521399999999999636e+03,1.131042480468750000e+02,2.812499999999973355e-02,1.550000000000000000e+01,2.187499999998898659e-03
4.521500000000000000e+03,1.127380371093750000e+02,4.812499999999975131e-02,1.533999999999999986e+01,-8.148437500000049738e-02
4.521600000000000364e+03,1.132690429687500000e+02,4.562499999999980460e-02,1.558999999999999986e+01,7.109374999999751310e-03
4.521699999999999818e+03,1.125915527343750000e+02,6.062499999999992895e-02,1.560999999999999943e+01,-5.359375000000099476e-02
4.521800000000000182e+03,1.094238281250000000e+02,3.124999999999822364e-03,1.540000000000000036e+01,-6.343750000000092371e-02
4.521899999999999636e+03,1.090393066406250000e+02,5.062500000000014211e-02,1.548000000000000043e+01,-1.804687500000046185e-02
4.522000000000000000e+03,1.087463378906250000e+02,3.812499999999996447e-02,1.516999999999999993e+01,-1.804687500000046185e-02
4.522100000000000364e+03,1.092407226562500000e+02,5.062500000000014211e-02,1.568999999999999950e+01,-1.968750000000074607e-02
4.522199999999999818e+03,1.061645507812500000e+02,7.312500000000010658e-02,1.534999999999999964e+01,-2.515625000000110134e-02
4.522300000000000182e+03,1.059448242187500000e+02,5.562500000000003553e-02,1.529999999999999893e+01,-6.070312500000074607e-02
4.522399999999999636e+03,1.058715820312500000e+02,5.062500000000014211e-02,1.549000000000000021e+01,-6.015625000000035527e-02
4.522500000000000000e+03,1.055786132812500000e+02,3.812499999999996447e-02,1.548000000000000043e+01,-4.593750000000085265e-02
4.522600000000000364e+03,1.052673339843750000e+02,1.312500000000005329e-02,1.543999999999999950e+01,-2.843750000000078160e-02
4.522699999999999818e+03,1.027404785156250000e+02,5.812499999999998224e-02,1.543750000000000000e+01,-8.968750000000103029e-02
4.522800000000000182e+03,1.031250000000000000e+02,4.062499999999991118e-02,1.554999999999999893e+01,-8.804687500000074607e-02
4.522899999999999636e+03,1.030334472656250000e+02,3.812499999999996447e-02,1.551999999999999957e+01,7.109374999999751310e-03
4.523000000000000000e+03,1.027404785156250000e+02,3.062500000000012434e-02,1.549000000000000021e+01,-1.914062500000035527e-02
4.523100000000000364e+03,1.009826660156250000e+02,3.062500000000012434e-02,1.544749999999999979e+01,-5.085937500000081712e-02
4.523199999999999818e+03,1.001586914062500000e+02,5.312500000000008882e-02,1.533999999999999986e+01,-2.625000000000099476e-02
4.523300000000000182e+03,1.006164550781250000e+02,6.562499999999982236e-02,1.541000000000000014e+01,-6.562500000000248690e-03
4.523399999999999636e+03,1.005798339843750000e+02,6.812499999999976907e-02,1.532000000000000028e+01,-6.781250000000049738e-02
4.523500000000000000e+03,9.893188476562500000e+01,4.062499999999991118e-02,1.547000000000000064e+01,-1.695312500000056843e-02
4.523600000000000364e+03,9.854736328125000000e+01,2.562499999999978684e-02,1.541999999999999993e+01,7.656249999999253930e-03
4.523699999999999818e+03,9.794311523437500000e+01,5.562500000000003553e-02,1.534999999999999964e+01,-3.062500000000056843e-02
4.523800000000000182e+03,9.838256835937500000e+01,2.062499999999989342e-02,1.522000000000000064e+01,-2.679687500000049738e-02
4.523899999999999636e+03,9.838256835937500000e+01,3.124999999999822364e-03,1.541000000000000014e+01,4.921874999999076294e-03
4.524000000000000000e+03,9.618530273437500000e+01,6.062499999999992895e-02,1.545749999999999957e+01,-4.320312500000067502e-02
4.524100000000000364e+03,9.658813476562500000e+01,4.562499999999980460e-02,1.534999999999999964e+01,-5.140625000000031974e-02
4.524199999999999818e+03,9.592895507812500000e+01,4.062499999999991118e-02,1.545749999999999957e+01,-6.015625000000746070e-03
4.524300000000000182e+03,9.638671875000000000e+01,6.812499999999976907e-02,1.537999999999999901e+01,-1.312500000000049738e-02
4.524399999999999636e+03,9.495849609375000000e+01,4.562499999999980460e-02,1.561999999999999922e+01,-9.023437500000053291e-02
4.524500000000000000e+03,9.426269531250000000e+01,4.312499999999985789e-02,1.536999999999999922e+01,-1.421875000000039080e-02
4.524600000000000364e+03,9.466552734375000000e+01,6.062499999999992895e-02,1.558000000000000007e+01,-3.500000000000103029e-02
4.524699999999999818e+03,9.413452148437500000e+01,6.312499999999987566e-02,1.545749999999999957e+01,-1.148437500000110134e-02
4.524800000000000182e+03,9.409790039062500000e+01,6.562499999999982236e-02,1.554999999999999893e+01,-5.960937500000085265e-02
4.524899999999999636e+03,9.294433593750000000e+01,5.312500000000008882e-02,1.554999999999999893e+01,-3.281250000000035527e-02
4.525000000000000000e+03,9.252319335937500000e+01,4.562499999999980460e-02,1.567499999999999893e+01,-1.257812500000099476e-02
4.525100000000000364e+03,9.299926757812500000e+01,5.562500000000003553e-02,1.566999999999999993e+01,-7.656250000001030287e-03
4.525199999999999818e+03,9.252319335937500000e+01,5.312500000000008882e-02,1.528999999999999915e+01,-6.234375000000103029e-02
4.525300000000000182e+03,9.146118164062500000e+01,3.562500000000001776e-02,1.524000000000000021e+01,-7.218750000000095923e-02
4.525399999999999636e+03,9.124145507812500000e+01,5.312500000000008882e-02,1.529999999999999893e+01,-4.210937500000078160e-02
4.525500000000000000e+03,9.089355468750000000e+01,4.812499999999975131e-02,1.537999999999999901e+01,-5.250000000000110134e-02
4.525600000000000364e+03,9.136962890625000000e+01,3.562500000000001776e-02,1.528999999999999915e+01,-2.734375000000088818e-02
4.525699999999999818e+03,8.988647460937500000e+01,1.000000000000000888e-01,1.542999999999999972e+01,1.421874999999950262e-02
4.525800000000000182e+03,8.968505859375000000e+01,3.562500000000001776e-02,1.559999999999999964e+01,-4.210937500000078160e-02
4.525899999999999636e+03,8.964843750000000000e+01,6.812499999999976907e-02,1.575000000000000000e+01,-6.562500000000248690e-03
4.526000000000000000e+03,8.930053710937500000e+01,1.312500000000005329e-02,1.541999999999999993e+01,-4.156250000000039080e-02
4.526100000000000364e+03,8.977661132812500000e+01,1.562500000000000000e-02,1.541000000000000014e+01,-1.531250000000028422e-02
4.526199999999999818e+03,8.794555664062500000e+01,5.812499999999998224e-02,1.541999999999999993e+01,-1.531250000000028422e-02
4.526300000000000182e+03,8.825683593750000000e+01,6.312499999999987566e-02,1.556000000000000050e+01,-1.050000000000004263e-01
4.526399999999999636e+03,8.827514648437500000e+01,4.312499999999985789e-02,1.529999999999999893e+01,-2.953125000000067502e-02
4.526500000000000000e+03,8.792724609375000000e+01,5.562500000000003553e-02,1.535999999999999943e+01,-4.539062500000046185e-02
4.526600000000000364e+03,8.719482421875000000e+01,5.062500000000014211e-02,1.550000000000000000e+01,-9.898437500000056843e-02
4.526699999999999818e+03,8.638916015625000000e+01,3.062500000000012434e-02,1.543999999999999950e+01,-3.226562500000085265e-02
4.526800000000000182e+03,8.673706054687500000e+01,1.312500000000005329e-02,1.560999999999999943e+01,-8.257812500000039080e-02
4.526899999999999636e+03,8.675537109375000000e+01,4.812499999999975131e-02,1.573000000000000043e+01,-7.765625000000042633e-02
4.527000000000000000e+03,8.604125976562500000e+01,4.062499999999991118e-02,1.545999999999999908e+01,-5.906250000000046185e-02
4.527100000000000364e+03,8.558349609375000000e+01,9.687499999999982236e-02,1.535999999999999943e+01,-6.781250000000049738e-02
4.527199999999999818e+03,8.507080078125000000e+01,5.312500000000008882e-02,1.541999999999999993e+01,-5.195312500000071054e-02
4.527300000000000182e+03,8.543701171875000000e+01,2.562499999999978684e-02,1.533000000000000007e+01,-7.929687500000071054e-02
4.527399999999999636e+03,8.545532226562500000e+01,7.312500000000010658e-02,1.554999999999999893e+01,-4.812500000000063949e-02
4.527500000000000000e+03,8.384399414062500000e+01,5.062500000000014211e-02,1.558999999999999986e+01,-2.460937500000071054e-02
4.527600000000000364e+03,8.417358398437500000e+01,3.312500000000007105e-02,1.518999999999999950e+01,-7.765625000000042633e-02
4.527699999999999818e+03,8.367919921875000000e+01,4.562499999999980460e-02,1.551999999999999957e+01,-8.804687500000074607e-02
4.527800000000000182e+03,8.404541015625000000e+01,6.812499999999976907e-02,1.551999999999999957e+01,-3.171875000000046185e-02
4.527899999999999636e+03,8.333129882812500000e+01,3.062500000000012434e-02,1.549000000000000021e+01,-7.382812500000035527e-02
4.528000000000000000e+03,8.241577148437500000e+01,1.812499999999994671e-02,1.541000000000000014e+01,1.257812499999921840e-02
4.528100000000000364e+03,8.283691406250000000e+01,6.312499999999987566e-02,1.524000000000000021e+01,-1.640625000000106581e-02
4.528199999999999818e+03,8.237915039062500000e+01,3.562500000000001776e-02,1.549000000000000021e+01,-3.007812500000106581e-02
4.528300000000000182e+03,8.272705078125000000e+01,3.062500000000012434e-02,1.536999999999999922e+01,-2.625000000000099476e-02
4.528399999999999636e+03,8.161010742187500000e+01,5.624999999999769074e-03,1.591499999999999915e+01,-1.750000000000095923e-02
4.528500000000000000e+03,8.122558593750000000e+01,3.062500000000012434e-02,1.551999999999999957e+01,-3.007812500000106581e-02
4.528600000000000364e+03,8.164672851562500000e+01,4.562499999999980460e-02,1.539000000000000057e+01,-3.117187500000095923e-02
4.528699999999999818e+03,8.120727539062500000e+01,2.812499999999973355e-02,1.542999999999999972e+01,-6.015625000000035527e-02
4.528800000000000182e+03,8.052978515625000000e+01,4.062499999999991118e-02,1.543999999999999950e+01,-4.320312500000067502e-02
4.528899999999999636e+03,8.025512695312500000e+01,3.062500000000012434e-02,1.550999999999999979e+01,-3.062500000000056843e-02
4.529000000000000000e+03,7.990722656250000000e+01,2.562499999999978684e-02,1.549750000000000050e+01,-5.523437500000039080e-02
4.529100000000000364e+03,8.036499023437500000e+01,6.062499999999992895e-02,1.540000000000000036e+01,-1.257812500000099476e-02
4.529199999999999818e+03,7.966918945312500000e+01,3.812499999999996447e-02,1.550750000000000028e+01,-3.500000000000103029e-02
4.529300000000000182e+03,7.906494140625000000e+01,6.562499999999982236e-02,1.542999999999999972e+01,-6.015625000000035527e-02
4.529399999999999636e+03,7.904663085937500000e+01,1.099999999999998757e-01,1.551999999999999957e+01,1.640624999999396039e-03
4.529500000000000000e+03,7.871704101562500000e+01,2.562499999999978684e-02,1.562999999999999901e+01,-6.890625000000039080e-02
4.529600000000000364e+03,7.915649414062500000e+01,4.312499999999985789e-02,1.522000000000000064e+01,-6.453125000000081712e-02
4.529699999999999818e+03,7.765502929687500000e+01,1.812499999999994671e-02,1.524000000000000021e+01,-5.906250000000046185e-02
4.529800000000000182e+03,7.785644531250000000e+01,3.312500000000007105e-02,1.536749999999999972e+01,-2.734375000000088818e-02
4.529899999999999636e+03,7.781982421875000000e+01,6.062499999999992895e-02,1.533999999999999986e+01,4.921874999999076294e-03
4.530000000000000000e+03,7.747192382812500000e+01,8.062499999999994671e-02,1.540000000000000036e+01,-5.359375000000099476e-02
4.530100000000000364e+03,7.738037109375000000e+01,3.812499999999996447e-02,1.552999999999999936e+01,-4.375000000000106581e-02
4.530199999999999818e+03,7.642822265625000000e+01,4.812499999999975131e-02,1.557000000000000028e+01,-1.367187500000088818e-02
4.530300000000000182e+03,7.672119140625000000e+01,2.562499999999978684e-02,1.551999999999999957e+01,-4.101562500000088818e-02
4.530399999999999636e+03,7.672119140625000000e+01,5.812499999999998224e-02,1.519999999999999929e+01,-5.468750000000088818e-02
4.530500000000000000e+03,7.639160156250000000e+01,4.562499999999980460e-02,1.539000000000000057e+01,5.468749999995026201e-04
4.530600000000000364e+03,7.569580078125000000e+01,2.062499999999989342e-02,1.557000000000000028e+01,-4.703125000000074607e-02
4.530699999999999818e+03,7.523803710937500000e+01,7.812500000000000000e-02,1.549000000000000021e+01,-4.429687500000056843e-02
4.530800000000000182e+03,7.547607421875000000e+01,6.812499999999976907e-02,1.556000000000000050e+01,-7.875000000000031974e-02
4.530899999999999636e+03,7.553100585937500000e+01,4.812499999999975131e-02,1.544999999999999929e+01,-1.367187500000088818e-02
4.531000000000000000e+03,7.437744140625000000e+01,4.312499999999985789e-02,1.552999999999999936e+01,-7.000000000000028422e-02
4.531100000000000364e+03,7.452392578125000000e+01,5.062500000000014211e-02,1.526999999999999957e+01,2.734374999999289457e-03
4.531199999999999818e+03,7.410278320312500000e+01,6.562499999999982236e-02,1.533750000000000036e+01,-4.703125000000074607e-02
4.531300000000000182e+03,7.441406250000000000e+01,1.562500000000000000e-02,1.543750000000000000e+01,-5.960937500000085265e-02
4.531399999999999636e+03,7.435913085937500000e+01,1.312500000000005329e-02,1.565000000000000036e+01,-1.367187500000088818e-02
4.531500000000000000e+03,7.311401367187500000e+01,9.437499999999987566e-02,1.549000000000000021e+01,-3.609375000000092371e-02
4.531600000000000364e+03,7.351684570312500000e+01,4.812499999999975131e-02,1.531000000000000050e+01,-6.835937500000088818e-02
4.531699999999999818e+03,7.311401367187500000e+01,4.562499999999980460e-02,1.529999999999999893e+01,-2.898437500000028422e-02
4.531800000000000182e+03,7.337036132812500000e+01,4.812499999999975131e-02,1.565000000000000036e+01,-6.726562500000099476e-02
4.531899999999999636e+03,7.245483398437500000e+01,2.062499999999989342e-02,1.542999999999999972e+01,-4.265625000000028422e-02
4.532000000000000000e+03,7.199707031250000000e+01,5.312500000000008882e-02,1.552999999999999936e+01,-8.476562500000106581e-02
4.532100000000000364e+03,7.236328125000000000e+01,1.312500000000005329e-02,1.537999999999999901e+01,-5.195312500000071054e-02
4.532199999999999818e+03,7.201538085937500000e+01,3.812499999999996447e-02,1.545999999999999908e+01,-4.812500000000063949e-02
4.532300000000000182e+03,7.181396484375000000e+01,4.812499999999975131e-02,1.560999999999999943e+01,-6.726562500000099476e-02
4.532399999999999636e+03,7.135620117187500000e+01,2.312499999999984013e-02,1.552999999999999936e+01,-5.851562500000095923e-02
4.532500000000000000e+03,7.098999023437500000e+01,-4.375000000000017764e-03,1.556000000000000050e+01,-4.812500000000063949e-02
4.532600000000000364e+03,7.142944335937500000e+01,6.124999999999980460e-02,1.548000000000000043e+01,-2.351562500000081712e-02
4.532699999999999818e+03,7.100830078125000000e+01,3.312500000000007105e-02,1.531000000000000050e+01,-2.132812500000103029e-02
4.532800000000000182e+03,7.036743164062500000e+01,6.312499999999987566e-02,1.540000000000000036e+01,-3.500000000000103029e-02
4.532899999999999636e+03,7.031250000000000000e+01,8.062499999999994671e-02,1.541999999999999993e+01,-1.695312500000056843e-02
4.533000000000000000e+03,7.000122070312500000e+01,7.312500000000010658e-02,1.535999999999999943e+01,-6.398437500000042633e-02
4.533100000000000364e+03,7.040405273437500000e+01,4.562499999999980460e-02,1.547000000000000064e+01,-3.773437500000031974e-02
4.533199999999999818e+03,6.945190429687500000e+01,3.562500000000001776e-02,1.548000000000000043e+01,3.062499999999968026e-02
4.533300000000000182e+03,6.939697265625000000e+01,4.812499999999975131e-02,1.532000000000000028e+01,-5.796875000000056843e-02
4.533399999999999636e+03,6.943359375000000000e+01,5.312500000000008882e-02,1.559999999999999964e+01,-5.195312500000071054e-02
4.533500000000000000e+03,6.908569335937500000e+01,6.312499999999987566e-02,1.541999999999999993e+01,-3.992187500000099476e-02
4.533600000000000364e+03,6.948852539062500000e+01,5.562500000000003553e-02,1.551999999999999957e+01,-4.593750000000085265e-02
4.533699999999999818e+03,6.820678710937500000e+01,2.312499999999984013e-02,1.535999999999999943e+01,-9.296875000000426326e-03
4.533800000000000182e+03,6.837158203125000000e+01,2.562499999999978684e-02,1.535999999999999943e+01,-3.937500000000060396e-02
4.533899999999999636e+03,6.842651367187500000e+01,5.312500000000008882e-02,1.556000000000000050e+01,-6.671875000000060396e-02
4.534000000000000000e+03,6.809692382812500000e+01,5.062500000000014211e-02,1.533999999999999986e+01,-2.679687500000049738e-02
4.534100000000000364e+03,6.774902343750000000e+01,3.062500000000012434e-02,1.550999999999999979e+01,-3.609375000000092371e-02
4.534199999999999818e+03,6.727294921875000000e+01,4.812499999999975131e-02,1.541000000000000014e+01,-3.773437500000031974e-02
4.534300000000000182e+03,6.749267578125000000e+01,2.562499999999978684e-02,1.540000000000000036e+01,-1.093750000000071054e-02
4.534399999999999636e+03,6.756591796875000000e+01,7.312500000000010658e-02,1.541750000000000043e+01,-4.757812500000024869e-02
4.534500000000000000e+03,6.694335937500000000e+01,3.062500000000012434e-02,1.575000000000000000e+01,-9.187500000000081712e-02
4.534600000000000364e+03,6.672363281250000000e+01,7.062500000000015987e-02,1.543999999999999950e+01,-6.343750000000092371e-02
4.534699999999999818e+03,6.633911132812500000e+01,7.312500000000010658e-02,1.558999999999999986e+01,-3.445312500000063949e-02
4.534800000000000182e+03,6.657714843750000000e+01,5.062500000000014211e-02,1.550999999999999979e+01,-4.484375000000095923e-02
4.534899999999999636e+03,6.663208007812500000e+01,3.312500000000007105e-02,1.542999999999999972e+01,-2.132812500000103029e-02
4.535000000000000000e+03,6.551513671875000000e+01,2.312499999999984013e-02,1.533000000000000007e+01,-2.570312500000060396e-02
4.535100000000000364e+03,6.578979492187500000e+01,8.562499999999984013e-02,1.529999999999999893e+01,-3.117187500000095923e-02
4.535199999999999818e+03,6.546020507812500000e+01,6.812499999999976907e-02,1.541000000000000014e+01,-3.773437500000031974e-02
4.535300000000000182e+03,6.567993164062500000e+01,4.562499999999980460e-02,1.547000000000000064e+01,-8.203125000000532907e-03
4.535399999999999636e+03,6.522216796875000000e+01,8.124999999999715783e-03,1.545999999999999908e+01,8.203124999999644729e-03
4.535500000000000000e+03,6.463623046875000000e+01,6.312499999999987566e-02,1.558999999999999986e+01,-2.789062500000039080e-02
4.535600000000000364e+03,6.500244140625000000e+01,2.812499999999973355e-02,1.551999999999999957e+01,-4.101562500000088818e-02
4.535699999999999818e+03,6.470947265625000000e+01,5.312500000000008882e-02,1.544749999999999979e+01,-7.929687500000071054e-02
4.535800000000000182e+03,6.487426757812500000e+01,6.312499999999987566e-02,1.539000000000000057e+01,-5.031250000000042633e-02
4.535899999999999636e+03,6.416015625000000000e+01,5.062500000000014211e-02,1.536999999999999922e+01,-6.070312500000074607e-02
4.536000000000000000e+03,6.381225585937500000e+01,4.562499999999980460e-02,1.545999999999999908e+01,-2.843750000000078160e-02
4.536100000000000364e+03,6.417846679687500000e+01,6.312499999999987566e-02,1.537999999999999901e+01,-2.406250000000031974e-02
4.536199999999999818e+03,6.388549804687500000e+01,5.812499999999998224e-02,1.533999999999999986e+01,-5.796875000000056843e-02
4.536300000000000182e+03,6.333618164062500000e+01,2.812499999999973355e-02,1.561999999999999922e+01,-4.265625000000028422e-02
4.536399999999999636e+03,6.322631835937500000e+01,2.312499999999984013e-02,1.541000000000000014e+01,-4.812500000000063949e-02
4.536500000000000000e+03,6.291503906250000000e+01,4.812499999999975131e-02,1.550999999999999979e+01,-7.656250000001030287e-03
4.536600000000000364e+03,6.324462890625000000e+01,3.562500000000001776e-02,1.545999999999999908e+01,4.265624999999939604e-02
4.536699999999999818e+03,6.280517578125000000e+01,4.562499999999980460e-02,1.545999999999999908e+01,-6.234375000000103029e-02
4.536800000000000182e+03,6.247558593750000000e+01,4.812499999999975131e-02,1.561999999999999922e+01,-4.539062500000046185e-02
4.536899999999999636e+03,6.251220703125000000e+01,6.562499999999982236e-02,1.552749999999999986e+01,-8.203125000000532907e-03
4.537000000000000000e+03,6.218261718750000000e+01,4.312499999999985789e-02,1.539000000000000057e+01,-2.953125000000067502e-02
4.537100000000000364e+03,6.256713867187500000e+01,1.312500000000005329e-02,1.574000000000000021e+01,5.468749999999467093e-03
4.537199999999999818e+03,6.156005859375000000e+01,1.312500000000005329e-02,1.533999999999999986e+01,-7.273437500000046185e-02
4.537300000000000182e+03,6.165161132812500000e+01,4.312499999999985789e-02,1.528999999999999915e+01,-1.914062500000035527e-02
4.537399999999999636e+03,6.172485351562500000e+01,3.812499999999996447e-02,1.539000000000000057e+01,4.921874999999076294e-03
4.537500000000000000e+03,6.135864257812500000e+01,3.062500000000012434e-02,1.540000000000000036e+01,-2.406250000000031974e-02
4.537600000000000364e+03,6.137695312500000000e+01,4.312499999999985789e-02,1.541000000000000014e+01,-4.539062500000046185e-02
4.537699999999999818e+03,6.071777343750000000e+01,2.450000000000001066e-01,1.573249999999999993e+01,-2.570312500000060396e-02
4.537800000000000182e+03,6.086425781250000000e+01,1.312500000000005329e-02,1.534999999999999964e+01,-5.250000000000110134e-02
4.537899999999999636e+03,6.088256835937500000e+01,3.562500000000001776e-02,1.564000000000000057e+01,-7.382812500000035527e-02
4.538000000000000000e+03,6.058959960937500000e+01,6.312499999999987566e-02,1.541999999999999993e+01,-5.195312500000071054e-02
4.538100000000000364e+03,6.029663085937500000e+01,5.812499999999998224e-02,1.539000000000000057e+01,-2.406250000000031974e-02
4.538199999999999818e+03,5.998535156250000000e+01,3.812499999999996447e-02,1.544999999999999929e+01,3.281249999999680256e-03
4.538300000000000182e+03,6.013183593750000000e+01,2.812499999999973355e-02,1.558999999999999986e+01,-3.882812500000110134e-02
4.538399999999999636e+03,6.020507812500000000e+01,5.312500000000008882e-02,1.565000000000000036e+01,-4.484375000000095923e-02
4.538500000000000000e+03,5.938110351562500000e+01,4.562499999999980460e-02,1.547000000000000064e+01,-6.289062500000053291e-02
4.538600000000000364e+03,5.958251953125000000e+01,4.812499999999975131e-02,1.552999999999999936e+01,2.078124999999975131e-02
4.538699999999999818e+03,5.934448242187500000e+01,2.812499999999973355e-02,1.553999999999999915e+01,-3.500000000000103029e-02
4.538800000000000182e+03,5.949096679687500000e+01,5.062500000000014211e-02,1.545999999999999908e+01,3.554687499999964473e-02
4.538899999999999636e+03,5.947265625000000000e+01,7.062500000000015987e-02,1.559999999999999964e+01,-6.289062500000053291e-02
4.539000000000000000e+03,5.850219726562500000e+01,3.312500000000007105e-02,1.558000000000000007e+01,-5.632812500000028422e-02
4.539100000000000364e+03,5.883178710937500000e+01,2.812499999999973355e-02,1.541000000000000014e+01,-3.171875000000046185e-02
4.539199999999999818e+03,5.857543945312500000e+01,2.312499999999984013e-02,1.561749999999999972e+01,-3.117187500000095923e-02
4.539300000000000182e+03,5.874023437500000000e+01,2.562499999999978684e-02,1.557000000000000028e+01,-1.110156250000002842e-01
4.539399999999999636e+03,5.822753906250000000e+01,7.312500000000010658e-02,1.565000000000000036e+01,-4.429687500000056843e-02
4.539500000000000000e+03,5.776977539062500000e+01,4.312499999999985789e-02,1.558999999999999986e+01,3.445312499999975131e-02
4.539600000000000364e+03,5.813598632812500000e+01,7.562500000000005329e-02,1.544999999999999929e+01,-7.109375000000639488e-03
4.539699999999999818e+03,5.786132812500000000e+01,4.562499999999980460e-02,1.558999999999999986e+01,-7.710937500000092371e-02
4.539800000000000182e+03,5.778808593750000000e+01,3.062500000000012434e-02,1.540000000000000036e+01,-4.921875000000053291e-02
4.539899999999999636e+03,5.744018554687500000e+01,6.062499999999992895e-02,1.547000000000000064e+01,1.585937499999889866e-02
4.540000000000000000e+03,5.711059570312500000e+01,2.062499999999989342e-02,1.552999999999999936e+01,-6.125000000000024869e-02
4.540100000000000364e+03,5.745849609375000000e+01,1.312500000000005329e-02,1.554999999999999893e+01,1.968749999999896971e-02
4.540199999999999818e+03,5.720214843750000000e+01,4.562499999999980460e-02,1.558000000000000007e+01,-3.773437500000031974e-02
4.540300000000000182e+03,5.670776367187500000e+01,2.312499999999984013e-02,1.553999999999999915e+01,-7.601562500000103029e-02
4.540399999999999636e+03,5.668945312500000000e+01,3.812499999999996447e-02,1.560999999999999943e+01,-7.984375000000110134e-02
4.540500000000000000e+03,5.637817382812500000e+01,4.812499999999975131e-02,1.564000000000000057e+01,-1.640625000000106581e-02
4.540600000000000364e+03,5.672607421875000000e+01,2.312499999999984013e-02,1.562999999999999901e+01,-4.375000000000461853e-03
4.540699999999999818e+03,5.610351562500000000e+01,2.562499999999978684e-02,1.558999999999999986e+01,-5.742187500000106581e-02
4.540800000000000182e+03,5.608520507812500000e+01,7.062500000000015987e-02,1.560999999999999943e+01,-6.726562500000099476e-02
4.540899999999999636e+03,5.615844726562500000e+01,3.562500000000001776e-02,1.528999999999999915e+01,-3.828125000000071054e-02
4.541000000000000000e+03,5.579223632812500000e+01,6.062499999999992895e-02,1.533999999999999986e+01,-5.742187500000106581e-02
4.541100000000000364e+03,5.614013671875000000e+01,3.062500000000012434e-02,1.544999999999999929e+01,2.187499999998898659e-03
4.541199999999999818e+03,5.533447265625000000e+01,4.812499999999975131e-02,1.526999999999999957e+01,-3.500000000000103029e-02
4.541300000000000182e+03,5.542602539062500000e+01,5.812499999999998224e-02,1.569999999999999929e+01,-1.312500000000049738e-02
4.541399999999999636e+03,5.548095703125000000e+01,3.812499999999996447e-02,1.565000000000000036e+01,-5.031250000000042633e-02
4.541500000000000000e+03,5.516967773437500000e+01,7.062500000000015987e-02,1.558999999999999986e+01,-8.750000000000923706e-03
4.541600000000000364e+03,5.498657226562500000e+01,5.062500000000014211e-02,1.544999999999999929e+01,-4.867187500000103029e-02
4.541699999999999818e+03,5.460205078125000000e+01,2.562499999999978684e-02,1.541999999999999993e+01,-3.335937500000074607e-02
4.541800000000000182e+03,5.473022460937500000e+01,2.812499999999973355e-02,1.529999999999999893e+01,1.312499999999960920e-02
4.541899999999999636e+03,5.480346679687500000e+01,6.062499999999992895e-02,1.539000000000000057e+01,-2.953125000000067502e-02
4.542000000000000000e+03,5.438232421875000000e+01,3.562500000000001776e-02,1.550999999999999979e+01,-4.375000000000461853e-03
4.542100000000000364e+03,5.427246093750000000e+01,4.812499999999975131e-02,1.540000000000000036e+01,-1.104687500000007816e-01
4.542199999999999818e+03,5.397949218750000000e+01,4.062499999999991118e-02,1.535999999999999943e+01,-2.734375000001065814e-03
4.542300000000000182e+03,5.414428710937500000e+01,4.812499999999975131e-02,1.557000000000000028e+01,-4.593750000000085265e-02
4.542399999999999636e+03,5.419921875000000000e+01,3.812499999999996447e-02,1.554999999999999893e+01,-7.656250000001030287e-03
4.542500000000000000e+03,5.346679687500000000e+01,4.312499999999985789e-02,1.539000000000000057e+01,-9.023437500000053291e-02
4.542600000000000364e+03,5.372314453125000000e+01,3.562500000000001776e-02,1.543999999999999950e+01,-1.060937500000003197e-01
4.542699999999999818e+03,5.352172851562500000e+01,6.562499999999982236e-02,1.561999999999999922e+01,-8.968750000000103029e-02
4.542800000000000182e+03,5.361328125000000000e+01,5.125000000000001776e-02,1.553999999999999915e+01,6.562499999999360512e-03
4.542899999999999636e+03,5.344848632812500000e+01,5.312500000000008882e-02,1.553999999999999915e+01,-7.492187500000024869e-02
4.543000000000000000e+03,5.282592773437500000e+01,3.812499999999996447e-02,1.533000000000000007e+01,-5.578125000000078160e-02
4.543100000000000364e+03,5.319213867187500000e+01,2.812499999999973355e-02,1.543999999999999950e+01,-2.843750000000078160e-02
4.543199999999999818e+03,5.288085937500000000e+01,3.812499999999996447e-02,1.535999999999999943e+01,4.921874999999076294e-03
4.543300000000000182e+03,5.300903320312500000e+01,-1.356250000000001066e-01,1.544999999999999929e+01,-3.445312500000063949e-02
4.543399999999999636e+03,5.255126953125000000e+01,4.312499999999985789e-02,1.557000000000000028e+01,1.695312499999968026e-02
4.543500000000000000e+03,5.222167968750000000e+01,2.312499999999984013e-02,1.532750000000000057e+01,-2.296875000000042633e-02
4.543600000000000364e+03,5.255126953125000000e+01,4.812499999999975131e-02,1.547000000000000064e+01,-4.539062500000046185e-02
4.543699999999999818e+03,5.227661132812500000e+01,7.312500000000010658e-02,1.548749999999999893e+01,-3.226562500000085265e-02
4.543800000000000182e+03,5.231323242187500000e+01,4.062499999999991118e-02,1.547000000000000064e+01,-6.671875000000060396e-02
4.543899999999999636e+03,5.233154296875000000e+01,5.062500000000014211e-02,1.568999999999999950e+01,-4.156250000000039080e-02
4.544000000000000000e+03,5.202026367187500000e+01,4.312499999999985789e-02,1.525999999999999979e+01,-6.617187500000110134e-02
4.544100000000000364e+03,5.231323242187500000e+01,2.312499999999984013e-02,1.569999999999999929e+01,-3.937500000000060396e-02
4.544199999999999818e+03,5.209350585937500000e+01,1.312500000000005329e-02,1.559999999999999964e+01,-4.101562500000088818e-02
4.544300000000000182e+03,5.222167968750000000e+01,3.562500000000001776e-02,1.548000000000000043e+01,-2.843750000000078160e-02
4.544399999999999636e+03,5.231323242187500000e+01,6.249999999998756550e-04,1.556000000000000050e+01,-6.179687500000063949e-02
4.544500000000000000e+03,5.200195312500000000e+01,7.562500000000005329e-02,1.552999999999999936e+01,-7.656250000001030287e-03
4.544600000000000364e+03,5.233154296875000000e+01,3.562500000000001776e-02,1.545999999999999908e+01,-6.453125000000081712e-02
4.544699999999999818e+03,5.211181640625000000e+01,4.812499999999975131e-02,1.548000000000000043e+01,-9.296875000000426326e-03
4.544800000000000182e+03,5.223999023437500000e+01,5.062500000000014211e-02,1.565000000000000036e+01,-5.359375000000099476e-02
4.544899999999999636e+03,5.231323242187500000e+01,8.875000000000010658e-02,1.550000000000000000e+01,-4.867187500000103029e-02
4.545000000000000000e+03,5.200195312500000000e+01,4.062499999999991118e-02,1.537999999999999901e+01,-9.406250000000060396e-02
4.545100000000000364e+03,5.282592773437500000e+01,2.907500000000000195e+00,1.558000000000000007e+01,1.549734375000000064e+01
4.545199999999999818e+03,5.348510742187500000e+01,2.924999999999999822e+00,1.541000000000000014e+01,1.546453125000000028e+01
4.545300000000000182e+03,5.364990234375000000e+01,2.959999999999999964e+00,1.541999999999999993e+01,1.546179687500000099e+01
4.545399999999999636e+03,5.370483398437500000e+01,2.930000000000000160e+00,1.567999999999999972e+01,1.550500000000000078e+01
4.545500000000000000e+03,5.343017578125000000e+01,2.972500000000000142e+00,1.567999999999999972e+01,1.543773437500000156e+01
4.545600000000000364e+03,5.623168945312500000e+01,2.984999999999999876e+00,1.552999999999999936e+01,1.544101562500000036e+01
4.545699999999999818e+03,5.626831054687500000e+01,2.970000000000000195e+00,1.548000000000000043e+01,1.549242187500000156e+01
4.545800000000000182e+03,5.641479492187500000e+01,2.987499999999999822e+00,1.550999999999999979e+01,1.550882812500000085e+01
4.545899999999999636e+03,5.646972656250000000e+01,3.012500000000000178e+00,1.567999999999999972e+01,1.547984375000000057e+01
4.546000000000000000e+03,5.863037109375000000e+01,3.022499999999999964e+00,1.536749999999999972e+01,1.553453125000000057e+01
4.546100000000000364e+03,6.031494140625000000e+01,2.987499999999999822e+00,1.558000000000000007e+01,1.547929687500000107e+01
4.546199999999999818e+03,6.007690429687500000e+01,3.047499999999999876e+00,1.575999999999999979e+01,1.546835937500000036e+01
4.546300000000000182e+03,6.024169921875000000e+01,3.002499999999999947e+00,1.542999999999999972e+01,1.546070312500000021e+01
4.546399999999999636e+03,6.036987304687500000e+01,3.035000000000000142e+00,1.572000000000000064e+01,1.544265625000000064e+01
4.546500000000000000e+03,6.417846679687500000e+01,3.040000000000000036e+00,1.566000000000000014e+01,1.555421875000000043e+01
4.546600000000000364e+03,6.478271484375000000e+01,3.060000000000000053e+00,1.565000000000000036e+01,1.550007812499999993e+01
4.546699999999999818e+03,6.443481445312500000e+01,3.052500000000000213e+00,1.558999999999999986e+01,1.550007812499999993e+01
4.546800000000000182e+03,6.469116210937500000e+01,3.069999999999999840e+00,1.552999999999999936e+01,1.545687500000000014e+01
4.546899999999999636e+03,6.765747070312500000e+01,3.102500000000000036e+00,1.539000000000000057e+01,1.541695312500000092e+01
4.547000000000000000e+03,6.795043945312500000e+01,3.067499999999999893e+00,1.559999999999999964e+01,1.550281250000000099e+01
4.547100000000000364e+03,6.837158203125000000e+01,3.087499999999999911e+00,1.550000000000000000e+01,1.549242187500000156e+01
4.547199999999999818e+03,6.804199218750000000e+01,3.107499999999999929e+00,1.561999999999999922e+01,1.545523437500000163e+01
4.547300000000000182e+03,6.912231445312500000e+01,3.082500000000000018e+00,1.552999999999999936e+01,1.553507812500000007e+01
4.547399999999999636e+03,7.131958007812500000e+01,3.147499999999999964e+00,1.545999999999999908e+01,1.545195312500000107e+01
4.547500000000000000e+03,7.108154296875000000e+01,3.109999999999999876e+00,1.567999999999999972e+01,1.546507812500000156e+01
4.547600000000000364e+03,7.144775390625000000e+01,3.129999999999999893e+00,1.575999999999999979e+01,1.549789062500000014e+01
4.547699999999999818e+03,7.111816406250000000e+01,3.142500000000000071e+00,1.542999999999999972e+01,1.543007812500000142e+01
4.547800000000000182e+03,7.379150390625000000e+01,3.147499999999999964e+00,1.558000000000000007e+01,1.545031250000000078e+01
4.547899999999999636e+03,7.410278320312500000e+01,3.180000000000000160e+00,1.543999999999999950e+01,1.549898437500000092e+01
4.548000000000000000e+03,7.375488281250000000e+01,3.169999999999999929e+00,1.552999999999999936e+01,1.544976562500000128e+01
4.548100000000000364e+03,7.419433593750000000e+01,3.174999999999999822e+00,1.544999999999999929e+01,1.551648437500000099e+01
4.548199999999999818e+03,7.527465820312500000e+01,3.167499999999999982e+00,1.558000000000000007e+01,1.547382812500000071e+01
4.548300000000000182e+03,7.655639648437500000e+01,3.165000000000000036e+00,1.564000000000000057e+01,1.549078125000000128e+01
4.548399999999999636e+03,7.661132812500000000e+01,3.187500000000000000e+00,1.552999999999999936e+01,1.550062500000000121e+01
4.548500000000000000e+03,7.630004882812500000e+01,3.169999999999999929e+00,1.550000000000000000e+01,1.547929687500000107e+01
4.548600000000000364e+03,7.672119140625000000e+01,3.177500000000000213e+00,1.533000000000000007e+01,1.545906249999999993e+01
4.548699999999999818e+03,7.855224609375000000e+01,3.200000000000000178e+00,1.522000000000000064e+01,1.549023437500000000e+01
4.548800000000000182e+03,7.899169921875000000e+01,3.225000000000000089e+00,1.568999999999999950e+01,1.548093750000000135e+01
4.548899999999999636e+03,7.902832031250000000e+01,3.187500000000000000e+00,1.548000000000000043e+01,1.546507812500000156e+01
4.549000000000000000e+03,7.871704101562500000e+01,3.234999999999999876e+00,1.547749999999999915e+01,1.543500000000000050e+01
4.549100000000000364e+03,8.082275390625000000e+01,3.209999999999999964e+00,1.566000000000000014e+01,1.550992187500000163e+01
4.549199999999999818e+03,8.082275390625000000e+01,3.232499999999999929e+00,1.545999999999999908e+01,1.545085937500000028e+01
4.549300000000000182e+03,8.111572265625000000e+01,3.254999999999999893e+00,1.553999999999999915e+01,1.549843750000000142e+01
4.549399999999999636e+03,8.115234375000000000e+01,3.259999999999999787e+00,1.539749999999999908e+01,1.549789062500000014e+01
4.549500000000000000e+03,8.140869140625000000e+01,3.282500000000000195e+00,1.550999999999999979e+01,1.549570312500000036e+01
4.549600000000000364e+03,8.325805664062500000e+01,3.415000000000000036e+00,1.541000000000000014e+01,1.548968750000000050e+01
4.549699999999999818e+03,8.285522460937500000e+01,3.245000000000000107e+00,1.564000000000000057e+01,1.548968750000000050e+01
4.549800000000000182e+03,8.323974609375000000e+01,3.290000000000000036e+00,1.549000000000000021e+01,1.550062500000000121e+01
4.549899999999999636e+03,8.322143554687500000e+01,3.250000000000000000e+00,1.558000000000000007e+01,1.543171874999999993e+01
4.550000000000000000e+03,8.470458984375000000e+01,3.307500000000000107e+00,1.558999999999999986e+01,1.541585937500000014e+01
4.550100000000000364e+03,8.529052734375000000e+01,3.297499999999999876e+00,1.567999999999999972e+01,1.545960937500000121e+01
4.550199999999999818e+03,8.485107421875000000e+01,3.322499999999999787e+00,1.557000000000000028e+01,1.542406250000000156e+01
4.550300000000000182e+03,8.523559570312500000e+01,3.317499999999999893e+00,1.526999999999999957e+01,1.543718750000000028e+01
4.550399999999999636e+03,8.637084960937500000e+01,3.310000000000000053e+00,1.539000000000000057e+01,1.545085937500000028e+01
4.550500000000000000e+03,8.681030273437500000e+01,3.305000000000000160e+00,1.552999999999999936e+01,1.547164062500000092e+01
4.550600000000000364e+03,8.726806640625000000e+01,3.325000000000000178e+00,1.542750000000000021e+01,1.547546875000000099e+01
4.550699999999999818e+03,8.677368164062500000e+01,3.359999999999999876e+00,1.541000000000000014e+01,1.546726562500000135e+01
4.550800000000000182e+03,8.715820312500000000e+01,3.342500000000000249e+00,1.550000000000000000e+01,1.547054687500000014e+01
4.550899999999999636e+03,8.882446289062500000e+01,3.330000000000000071e+00,1.556000000000000050e+01,1.547054687500000014e+01
4.551000000000000000e+03,8.860473632812500000e+01,3.375000000000000000e+00,1.560999999999999943e+01,1.547273437499999993e+01
4.551100000000000364e+03,8.904418945312500000e+01,3.367500000000000160e+00,1.532000000000000028e+01,1.541148437500000057e+01
4.551199999999999818e+03,8.851318359375000000e+01,3.379999999999999893e+00,1.525000000000000000e+01,1.545632812500000064e+01
4.551300000000000182e+03,9.036254882812500000e+01,3.347500000000000142e+00,1.547000000000000064e+01,1.543281250000000071e+01
4.551399999999999636e+03,9.069213867187500000e+01,3.345000000000000195e+00,1.550999999999999979e+01,1.550062500000000121e+01
4.551500000000000000e+03,9.039916992187500000e+01,3.405000000000000249e+00,1.539000000000000057e+01,1.549625000000000163e+01
4.551600000000000364e+03,9.087524414062500000e+01,3.352500000000000036e+00,1.551999999999999957e+01,1.540601562500000021e+01
4.551699999999999818e+03,9.091186523437500000e+01,3.407500000000000195e+00,1.547000000000000064e+01,1.543117187500000043e+01
4.551800000000000182e+03,9.252319335937500000e+01,3.379999999999999893e+00,1.518999999999999950e+01,1.549460937500000135e+01
4.551899999999999636e+03,9.255981445312500000e+01,3.387500000000000178e+00,1.548000000000000043e+01,1.550226562500000149e+01
4.552000000000000000e+03,9.224853515625000000e+01,3.419999999999999929e+00,1.545999999999999908e+01,1.548421875000000014e+01
4.552100000000000364e+03,9.268798828125000000e+01,3.399999999999999911e+00,1.531000000000000050e+01,1.546945312500000114e+01
4.552199999999999818e+03,9.367675781250000000e+01,3.455000000000000071e+00,1.549000000000000021e+01,1.543664062500000078e+01
4.552300000000000182e+03,9.426269531250000000e+01,3.424999999999999822e+00,1.564000000000000057e+01,1.545687500000000014e+01
4.552399999999999636e+03,9.424438476562500000e+01,3.435000000000000053e+00,1.543999999999999950e+01,1.547601562500000050e+01
4.552500000000000000e+03,9.395141601562500000e+01,3.452500000000000124e+00,1.541000000000000014e+01,1.541367187500000036e+01
4.552600000000000364e+03,9.543457031250000000e+01,3.487499999999999822e+00,1.537999999999999901e+01,1.546726562500000135e+01
4.552699999999999818e+03,9.552612304687500000e+01,3.479999999999999982e+00,1.549000000000000021e+01,1.545851562500000043e+01
4.552800000000000182e+03,9.598388671875000000e+01,3.502499999999999947e+00,1.542999999999999972e+01,1.545960937500000121e+01
4.552899999999999636e+03,9.592895507812500000e+01,3.452500000000000124e+00,1.540000000000000036e+01,1.541367187500000036e+01
4.553000000000000000e+03,9.569091796875000000e+01,3.509999999999999787e+00,1.541999999999999993e+01,1.548312500000000114e+01
4.553100000000000364e+03,9.772338867187500000e+01,3.512500000000000178e+00,1.541999999999999993e+01,1.547765625000000078e+01
4.553199999999999818e+03,9.724731445312500000e+01,3.500000000000000000e+00,1.547000000000000064e+01,1.548640624999999993e+01
4.553300000000000182e+03,9.768676757812500000e+01,3.477500000000000036e+00,1.523000000000000043e+01,1.546125000000000149e+01
4.553399999999999636e+03,9.765014648437500000e+01,3.535000000000000142e+00,1.565000000000000036e+01,1.545851562500000043e+01
4.553500000000000000e+03,9.863891601562500000e+01,3.507500000000000284e+00,1.545999999999999908e+01,1.548039062500000007e+01
4.553600000000000364e+03,9.938964843750000000e+01,3.530000000000000249e+00,1.541999999999999993e+01,1.545031250000000078e+01
4.553699999999999818e+03,9.880371093750000000e+01,3.520000000000000018e+00,1.566999999999999993e+01,1.546945312500000114e+01
4.553800000000000182e+03,9.927978515625000000e+01,3.564999999999999947e+00,1.552999999999999936e+01,1.550773437500000007e+01
4.553899999999999636e+03,9.981079101562500000e+01,3.522499999999999964e+00,1.551999999999999957e+01,1.548257812500000163e+01
4.554000000000000000e+03,1.004882812500000000e+02,3.522499999999999964e+00,1.545999999999999908e+01,1.546015625000000071e+01
4.554100000000000364e+03,1.009826660156250000e+02,3.517500000000000071e+00,1.526999999999999957e+01,1.550609375000000156e+01
4.554199999999999818e+03,1.004516601562500000e+02,3.627499999999999947e+00,1.551999999999999957e+01,1.546945312500000114e+01
4.554300000000000182e+03,1.008911132812500000e+02,3.580000000000000071e+00,1.558000000000000007e+01,1.549132812500000078e+01
4.554399999999999636e+03,1.023559570312500000e+02,3.580000000000000071e+00,1.534750000000000014e+01,1.547601562500000050e+01
4.554500000000000000e+03,1.022094726562500000e+02,3.564999999999999947e+00,1.541750000000000043e+01,1.553343750000000156e+01
4.554600000000000364e+03,1.026855468750000000e+02,3.594999999999999751e+00,1.527999999999999936e+01,1.547601562500000050e+01
4.554699999999999818e+03,1.021362304687500000e+02,3.592500000000000249e+00,1.550000000000000000e+01,1.546398437500000078e+01
4.554800000000000182e+03,1.036376953125000000e+02,3.564999999999999947e+00,1.550000000000000000e+01,1.551156250000000014e+01
4.554899999999999636e+03,1.041137695312500000e+02,3.642500000000000071e+00,1.572000000000000064e+01,1.547875000000000156e+01
4.555000000000000000e+03,1.038574218750000000e+02,3.602500000000000036e+00,1.554999999999999893e+01,1.550882812500000085e+01
4.555100000000000364e+03,1.043151855468750000e+02,3.642500000000000071e+00,1.534999999999999964e+01,1.547984375000000057e+01
4.555199999999999818e+03,1.038024902343750000e+02,3.629999999999999893e+00,1.561999999999999922e+01,1.547656250000000000e+01
4.555300000000000182e+03,1.057434082031250000e+02,3.640000000000000124e+00,1.515750000000000064e+01,1.541476562500000114e+01
4.555399999999999636e+03,1.057434082031250000e+02,3.617500000000000160e+00,1.534999999999999964e+01,1.539835937500000007e+01
4.555500000000000000e+03,1.054504394531250000e+02,3.647499999999999964e+00,1.557000000000000028e+01,1.547054687500000014e+01
4.555600000000000364e+03,1.059265136718750000e+02,3.657499999999999751e+00,1.558999999999999986e+01,1.543718750000000028e+01
4.555699999999999818e+03,1.066589355468750000e+02,3.652499999999999858e+00,1.557000000000000028e+01,1.541695312500000092e+01
4.555800000000000182e+03,1.073730468750000000e+02,3.634999999999999787e+00,1.548000000000000043e+01,1.546343750000000128e+01
4.555899999999999636e+03,1.073364257812500000e+02,3.695000000000000284e+00,1.541999999999999993e+01,1.547820312500000028e+01
4.556000000000000000e+03,1.070434570312500000e+02,3.674999999999999822e+00,1.547000000000000064e+01,1.553179687500000128e+01
4.556100000000000364e+03,1.082885742187500000e+02,3.702500000000000124e+00,1.539000000000000057e+01,1.547929687500000107e+01
4.556199999999999818e+03,1.085083007812500000e+02,3.722500000000000142e+00,1.541999999999999993e+01,1.548367187500000064e+01
4.556300000000000182e+03,1.090209960937500000e+02,3.727500000000000036e+00,1.550999999999999979e+01,1.545085937500000028e+01
4.556399999999999636e+03,1.089477539062500000e+02,3.747500000000000053e+00,1.542999999999999972e+01,1.546726562500000135e+01
4.556500000000000000e+03,1.086730957031250000e+02,3.734999999999999876e+00,1.551999999999999957e+01,1.548093750000000135e+01
4.556600000000000364e+03,1.106140136718750000e+02,3.752499999999999947e+00,1.535999999999999943e+01,1.550171875000000021e+01
4.556699999999999818e+03,1.100830078125000000e+02,3.757500000000000284e+00,1.556000000000000050e+01,1.545796875000000092e+01
4.556800000000000182e+03,1.106689453125000000e+02,3.774999999999999911e+00,1.547749999999999915e+01,1.546179687500000099e+01
4.556899999999999636e+03,1.105224609375000000e+02,3.777499999999999858e+00,1.533999999999999986e+01,1.543937500000000007e+01
4.557000000000000000e+03,1.116027832031250000e+02,3.782499999999999751e+00,1.541999999999999993e+01,1.551867187500000078e+01
4.557100000000000364e+03,1.124084472656250000e+02,3.817499999999999893e+00,1.544999999999999929e+01,1.544648437500000071e+01
4.557199999999999818e+03,1.118041992187500000e+02,3.820000000000000284e+00,1.550999999999999979e+01,1.547273437499999993e+01
4.557300000000000182e+03,1.123168945312500000e+02,3.842500000000000249e+00,1.542999999999999972e+01,1.547710937500000128e+01
4.557399999999999636e+03,1.125366210937500000e+02,3.810000000000000053e+00,1.548000000000000043e+01,1.549515625000000085e+01
4.557500000000000000e+03,1.134887695312500000e+02,3.865000000000000213e+00,1.544999999999999929e+01,1.547382812500000071e+01
4.557600000000000364e+03,1.140380859375000000e+02,3.872500000000000053e+00,1.544999999999999929e+01,1.544156250000000163e+01
4.557699999999999818e+03,1.133972167968750000e+02,3.872500000000000053e+00,1.544999999999999929e+01,1.552359375000000163e+01
4.557800000000000182e+03,1.139282226562500000e+02,3.899999999999999911e+00,1.554999999999999893e+01,1.547984375000000057e+01
4.557899999999999636e+03,1.153015136718750000e+02,3.932500000000000107e+00,1.543999999999999950e+01,1.545851562500000043e+01
4.558000000000000000e+03,1.153198242187500000e+02,3.939999999999999947e+00,1.536999999999999922e+01,1.551429687500000121e+01
4.558100000000000364e+03,1.157226562500000000e+02,3.959999999999999964e+00,1.536999999999999922e+01,1.550992187500000163e+01
4.558199999999999818e+03,1.151000976562500000e+02,3.945000000000000284e+00,1.544999999999999929e+01,1.549296875000000107e+01
4.558300000000000182e+03,1.165832519531250000e+02,3.967500000000000249e+00,1.561749999999999972e+01,1.544539062499999993e+01
4.558399999999999636e+03,1.171875000000000000e+02,3.945000000000000284e+00,1.561999999999999922e+01,1.542570312500000007e+01
4.558500000000000000e+03,1.169677734375000000e+02,3.979999999999999982e+00,1.567999999999999972e+01,1.546453125000000028e+01
4.558600000000000364e+03,1.174255371093750000e+02,4.002499999999999503e+00,1.547000000000000064e+01,1.550007812499999993e+01
4.558699999999999818e+03,1.168212890625000000e+02,4.047500000000000320e+00,1.533999999999999986e+01,1.545796875000000092e+01
4.558800000000000182e+03,1.190368652343750000e+02,4.025000000000000355e+00,1.552999999999999936e+01,1.549953125000000043e+01
4.558899999999999636e+03,1.189819335937500000e+02,4.060000000000000497e+00,1.565000000000000036e+01,1.548203125000000036e+01
4.559000000000000000e+03,1.188354492187500000e+02,4.062500000000000000e+00,1.528999999999999915e+01,1.546398437500000078e+01
4.559100000000000364e+03,1.192382812500000000e+02,4.060000000000000497e+00,1.550999999999999979e+01,1.544921875000000000e+01
4.559199999999999818e+03,1.198242187500000000e+02,4.094999999999999751e+00,1.549000000000000021e+01,1.553398437500000107e+01
4.559300000000000182e+03,1.207031250000000000e+02,4.105000000000000426e+00,1.550999999999999979e+01,1.547492187500000149e+01
4.559399999999999636e+03,1.205017089843750000e+02,4.094999999999999751e+00,1.560999999999999943e+01,1.547656250000000000e+01
4.559500000000000000e+03,1.203186035156250000e+02,4.140000000000000568e+00,1.567999999999999972e+01,1.548968750000000050e+01
4.559600000000000364e+03,1.207763671875000000e+02,4.177500000000000213e+00,1.544999999999999929e+01,1.545468750000000036e+01
4.559699999999999818e+03,1.200988769531250000e+02,4.142500000000000071e+00,1.543999999999999950e+01,1.546015625000000071e+01
4.559800000000000182e+03,1.206665039062500000e+02,4.192499999999999893e+00,1.573000000000000043e+01,1.548859375000000149e+01
4.559899999999999636e+03,1.205017089843750000e+02,4.172500000000000320e+00,1.539749999999999908e+01,1.552031250000000107e+01
4.560000000000000000e+03,1.203186035156250000e+02,4.214999999999999858e+00,1.553999999999999915e+01,1.546070312500000021e+01
4.560100000000000364e+03,1.207397460937500000e+02,4.214999999999999858e+00,1.542999999999999972e+01,1.552031250000000107e+01
4.560199999999999818e+03,1.201171875000000000e+02,4.242499999999999716e+00,1.531000000000000050e+01,1.548257812500000163e+01
4.560300000000000182e+03,1.206481933593750000e+02,2.562499999999978684e-02,1.528999999999999915e+01,-1.640625000000284217e-03
4.560399999999999636e+03,1.204650878906250000e+02,7.562500000000005329e-02,1.533000000000000007e+01,-4.046875000000049738e-02
4.560500000000000000e+03,1.199707031250000000e+02,6.812499999999976907e-02,1.558000000000000007e+01,-7.273437500000046185e-02
4.560600000000000364e+03,1.202270507812500000e+02,4.562499999999980460e-02,1.556000000000000050e+01,-5.414062500000049738e-02
4.560699999999999818e+03,1.196228027343750000e+02,5.562500000000003553e-02,1.551999999999999957e+01,-5.632812500000028422e-02
4.560800000000000182e+03,1.201904296875000000e+02,3.062500000000012434e-02,1.560999999999999943e+01,-4.593750000000085265e-02
4.560899999999999636e+03,1.198791503906250000e+02,6.562499999999982236e-02,1.557000000000000028e+01,4.374999999999573674e-03
4.561000000000000000e+03,1.179931640625000000e+02,5.562500000000003553e-02,1.531749999999999901e+01,-7.109375000000106581e-02
4.561100000000000364e+03,1.183959960937500000e+02,3.312500000000007105e-02,1.550999999999999979e+01,-4.812500000000063949e-02
4.561199999999999818e+03,1.177185058593750000e+02,4.062499999999991118e-02,1.531000000000000050e+01,-3.281250000000035527e-02
4.561300000000000182e+03,1.182495117187500000e+02,5.562500000000003553e-02,1.565000000000000036e+01,-2.515625000000110134e-02
4.561399999999999636e+03,1.152282714843750000e+02,7.312500000000010658e-02,1.550999999999999979e+01,-4.976562500000092371e-02
4.561500000000000000e+03,1.145507812500000000e+02,6.249999999998756550e-04,1.561999999999999922e+01,-3.281250000000035527e-02
4.561600000000000364e+03,1.149719238281250000e+02,1.562500000000000000e-02,1.545999999999999908e+01,-9.296875000000426326e-03
4.561699999999999818e+03,1.143310546875000000e+02,2.312499999999984013e-02,1.559999999999999964e+01,9.843749999999040767e-03
4.561800000000000182e+03,1.130676269531250000e+02,3.812499999999996447e-02,1.532000000000000028e+01,-2.460937500000071054e-02
4.561899999999999636e+03,1.105957031250000000e+02,5.562500000000003553e-02,1.556000000000000050e+01,3.281249999999680256e-03
4.562000000000000000e+03,1.102844238281250000e+02,6.062499999999992895e-02,1.516999999999999993e+01,-9.843750000000106581e-02
4.562100000000000364e+03,1.106872558593750000e+02,4.062499999999991118e-02,1.551750000000000007e+01,-2.734375000000088818e-02
4.562199999999999818e+03,1.101562500000000000e+02,6.562499999999982236e-02,1.522000000000000064e+01,-6.453125000000081712e-02
4.562300000000000182e+03,1.073913574218750000e+02,3.562500000000001776e-02,1.550999999999999979e+01,1.421874999999950262e-02
4.562399999999999636e+03,1.069885253906250000e+02,2.812499999999973355e-02,1.552999999999999936e+01,-5.250000000000110134e-02
4.562500000000000000e+03,1.067871093750000000e+02,4.062499999999991118e-02,1.558999999999999986e+01,-4.867187500000103029e-02
4.562600000000000364e+03,1.072265625000000000e+02,6.249999999998756550e-04,1.527999999999999936e+01,-1.640625000000106581e-02
4.562699999999999818e+03,1.046264648437500000e+02,6.562499999999982236e-02,1.521749999999999936e+01,-2.953125000000067502e-02
4.562800000000000182e+03,1.042602539062500000e+02,5.312500000000008882e-02,1.531000000000000050e+01,-3.828125000000071054e-02
4.562899999999999636e+03,1.040771484375000000e+02,3.312500000000007105e-02,1.539000000000000057e+01,-1.695312500000056843e-02
4.563000000000000000e+03,1.038757324218750000e+02,2.562499999999978684e-02,1.541000000000000014e+01,-1.093750000000071054e-02
4.563100000000000364e+03,1.040771484375000000e+02,5.312500000000008882e-02,1.541999999999999993e+01,-6.890625000000039080e-02
4.563199999999999818e+03,1.012573242187500000e+02,2.562499999999978684e-02,1.544999999999999929e+01,-4.320312500000067502e-02
4.563300000000000182e+03,1.016235351562500000e+02,7.312500000000010658e-02,1.536999999999999922e+01,-6.671875000000060396e-02
4.563399999999999636e+03,1.015136718750000000e+02,5.312500000000008882e-02,1.531000000000000050e+01,-2.843750000000078160e-02
4.563500000000000000e+03,1.012207031250000000e+02,4.812499999999975131e-02,1.520999999999999908e+01,-7.164062500000056843e-02
4.563600000000000364e+03,9.986572265625000000e+01,4.562499999999980460e-02,1.554999999999999893e+01,-7.765625000000042633e-02
4.563699999999999818e+03,9.889526367187500000e+01,4.062499999999991118e-02,1.560749999999999993e+01,-5.304687500000060396e-02
4.563800000000000182e+03,9.944458007812500000e+01,1.312500000000005329e-02,1.556000000000000050e+01,-2.132812500000103029e-02
4.563899999999999636e+03,9.933471679687500000e+01,3.062500000000012434e-02,1.535999999999999943e+01,-2.351562500000081712e-02
4.564000000000000000e+03,9.812622070312500000e+01,3.562500000000001776e-02,1.527999999999999936e+01,-4.265625000000028422e-02
4.564100000000000364e+03,9.744873046875000000e+01,4.562499999999980460e-02,1.549000000000000021e+01,3.445312499999975131e-02
4.564199999999999818e+03,9.682617187500000000e+01,3.062500000000012434e-02,1.545999999999999908e+01,2.351562499999904077e-02
4.564300000000000182e+03,9.728393554687500000e+01,-2.687499999999998224e-02,1.524000000000000021e+01,-9.843750000000817124e-03
4.564399999999999636e+03,9.722900390625000000e+01,3.062500000000012434e-02,1.575000000000000000e+01,-9.843750000000817124e-03
4.564500000000000000e+03,9.517822265625000000e+01,2.312499999999984013e-02,1.564000000000000057e+01,-4.976562500000092371e-02
4.564600000000000364e+03,9.548950195312500000e+01,3.812499999999996447e-02,1.527999999999999936e+01,-3.445312500000063949e-02
4.564699999999999818e+03,9.490356445312500000e+01,5.312500000000008882e-02,1.549000000000000021e+01,-4.046875000000049738e-02
4.564800000000000182e+03,9.537963867187500000e+01,5.312500000000008882e-02,1.536999999999999922e+01,-5.632812500000028422e-02
4.564899999999999636e+03,9.411621093750000000e+01,6.812499999999976907e-02,1.551999999999999957e+01,-2.187500000000675016e-03
4.565000000000000000e+03,9.336547851562500000e+01,2.812499999999973355e-02,1.552999999999999936e+01,-2.406250000000031974e-02
4.565100000000000364e+03,9.382324218750000000e+01,4.812499999999975131e-02,1.567750000000000021e+01,-9.296875000000426326e-03
4.565199999999999818e+03,9.329223632812500000e+01,4.812499999999975131e-02,1.541999999999999993e+01,-2.898437500000028422e-02
4.565300000000000182e+03,9.351196289062500000e+01,2.312499999999984013e-02,1.569999999999999929e+01,9.296874999999538147e-03
4.565399999999999636e+03,9.201049804687500000e+01,5.562500000000003553e-02,1.553999999999999915e+01,-1.421875000000039080e-02
4.565500000000000000e+03,9.162597656250000000e+01,6.812499999999976907e-02,1.544999999999999929e+01,-1.093750000000071054e-02
4.565600000000000364e+03,9.212036132812500000e+01,3.562500000000001776e-02,1.558000000000000007e+01,-2.078125000000063949e-02
4.565699999999999818e+03,9.153442382812500000e+01,5.062500000000014211e-02,1.541999999999999993e+01,-1.804687500000046185e-02
4.565800000000000182e+03,9.067382812500000000e+01,6.812499999999976907e-02,1.537999999999999901e+01,7.656249999999253930e-03
4.565899999999999636e+03,9.041748046875000000e+01,4.312499999999985789e-02,1.550999999999999979e+01,-6.398437500000042633e-02
4.566000000000000000e+03,9.012451171875000000e+01,8.562499999999984013e-02,1.559999999999999964e+01,-4.210937500000078160e-02
4.566100000000000364e+03,9.056396484375000000e+01,4.312499999999985789e-02,1.529999999999999893e+01,-1.203125000000060396e-02
4.566199999999999818e+03,8.933715820312500000e+01,3.562500000000001776e-02,1.541000000000000014e+01,-2.132812500000103029e-02
4.566300000000000182e+03,8.898925781250000000e+01,6.562499999999982236e-02,1.545999999999999908e+01,-1.476562500000078160e-02
4.566399999999999636e+03,8.893432617187500000e+01,3.062500000000012434e-02,1.551999999999999957e+01,-5.796875000000056843e-02
4.566500000000000000e+03,8.860473632812500000e+01,4.562499999999980460e-02,1.568999999999999950e+01,-3.937500000000060396e-02
4.566600000000000364e+03,8.906250000000000000e+01,7.062500000000015987e-02,1.545999999999999908e+01,2.460937499999893419e-02
4.566699999999999818e+03,8.726806640625000000e+01,6.062499999999992895e-02,1.565000000000000036e+01,6.562499999999360512e-03
4.566800000000000182e+03,8.754272460937500000e+01,6.812499999999976907e-02,1.537999999999999901e+01,-6.562500000000248690e-03
4.566899999999999636e+03,8.746948242187500000e+01,6.812499999999976907e-02,1.564000000000000057e+01,-6.562500000000071054e-02
4.567000000000000000e+03,8.723144531250000000e+01,3.062500000000012434e-02,1.564000000000000057e+01,-7.164062500000056843e-02
4.567100000000000364e+03,8.662719726562500000e+01,3.124999999999822364e-03,1.573000000000000043e+01,-1.750000000000095923e-02
4.567199999999999818e+03,8.578491210937500000e+01,4.062499999999991118e-02,1.547000000000000064e+01,-2.406250000000031974e-02
4.567300000000000182e+03,8.616943359375000000e+01,4.812499999999975131e-02,1.537999999999999901e+01,-6.945312500000078160e-02
4.567399999999999636e+03,8.611450195312500000e+01,5.562500000000003553e-02,1.545999999999999908e+01,-4.320312500000067502e-02
4.567500000000000000e+03,8.576660156250000000e+01,5.312500000000008882e-02,1.545999999999999908e+01,-2.625000000000099476e-02
4.567600000000000364e+03,8.494262695312500000e+01,4.312499999999985789e-02,1.548000000000000043e+01,-4.320312500000067502e-02
4.567699999999999818e+03,8.439331054687500000e+01,4.812499999999975131e-02,1.544749999999999979e+01,-1.476562500000078160e-02
4.567800000000000182e+03,8.470458984375000000e+01,2.062499999999989342e-02,1.562999999999999901e+01,-7.328125000000085265e-02
4.567899999999999636e+03,8.475952148437500000e+01,2.062499999999989342e-02,1.540000000000000036e+01,-3.937500000000060396e-02
4.568000000000000000e+03,8.331298828125000000e+01,4.062499999999991118e-02,1.554999999999999893e+01,-1.476562500000078160e-02
4.568100000000000364e+03,8.356933593750000000e+01,2.562499999999978684e-02,1.534999999999999964e+01,1.804687499999957367e-02
4.568199999999999818e+03,8.307495117187500000e+01,6.562499999999982236e-02,1.533000000000000007e+01,2.734374999999911182e-02
4.568300000000000182e+03,8.345947265625000000e+01,6.312499999999987566e-02,1.556000000000000050e+01,-4.320312500000067502e-02
4.568399999999999636e+03,8.289184570312500000e+01,5.312500000000008882e-02,1.565000000000000036e+01,-3.828125000000959233e-03
4.568500000000000000e+03,8.186645507812500000e+01,2.062499999999989342e-02,1.550000000000000000e+01,-2.023437500000024869e-02
4.568600000000000364e+03,8.226928710937500000e+01,2.312499999999984013e-02,1.544999999999999929e+01,1.421874999999950262e-02
4.568699999999999818e+03,8.175659179687500000e+01,6.562499999999982236e-02,1.549000000000000021e+01,-4.484375000000095923e-02
4.568800000000000182e+03,8.210449218750000000e+01,3.312500000000007105e-02,1.556749999999999901e+01,-6.453125000000081712e-02
4.568899999999999636e+03,8.098754882812500000e+01,5.624999999999769074e-03,1.550000000000000000e+01,-4.976562500000092371e-02
4.569000000000000000e+03,8.060302734375000000e+01,2.562499999999978684e-02,1.544999999999999929e+01,-3.281250000000035527e-02
4.569100000000000364e+03,8.106079101562500000e+01,5.312500000000008882e-02,1.539000000000000057e+01,-7.273437500000046185e-02
4.569199999999999818e+03,8.060302734375000000e+01,5.312500000000008882e-02,1.557000000000000028e+01,-2.953125000000067502e-02
4.569300000000000182e+03,8.003540039062500000e+01,9.999999999999786837e-03,1.537999999999999901e+01,-3.828125000000071054e-02
4.569399999999999636e+03,7.968750000000000000e+01,8.625000000000015987e-02,1.531000000000000050e+01,-3.882812500000110134e-02
4.569500000000000000e+03,7.935791015625000000e+01,1.562500000000000000e-02,1.544999999999999929e+01,-8.881784197001252323e-16
4.569600000000000364e+03,7.976074218750000000e+01,-1.437500000000024869e-02,1.553999999999999915e+01,-6.125000000000024869e-02
4.569699999999999818e+03,7.928466796875000000e+01,4.312499999999985789e-02,1.552999999999999936e+01,-4.375000000000461853e-03
4.569800000000000182e+03,7.855224609375000000e+01,5.312500000000008882e-02,1.549000000000000021e+01,-2.023437500000024869e-02
4.569899999999999636e+03,7.844238281250000000e+01,2.562499999999978684e-02,1.548000000000000043e+01,-5.250000000000110134e-02
4.570000000000000000e+03,7.811279296875000000e+01,5.062500000000014211e-02,1.564000000000000057e+01,5.085937499999904077e-02
4.570100000000000364e+03,7.855224609375000000e+01,7.062500000000015987e-02,1.539000000000000057e+01,-2.679687500000049738e-02
4.570199999999999818e+03,7.717895507812500000e+01,5.812499999999998224e-02,1.541000000000000014e+01,-3.773437500000031974e-02
4.570300000000000182e+03,7.732543945312500000e+01,3.812499999999996447e-02,1.545999999999999908e+01,-3.281250000000035527e-02
4.570399999999999636e+03,7.730712890625000000e+01,5.062500000000014211e-02,1.558000000000000007e+01,-3.554687500000053291e-02
4.570500000000000000e+03,7.699584960937500000e+01,9.499999999999975131e-02,1.539000000000000057e+01,9.296874999999538147e-03
4.570600000000000364e+03,7.699584960937500000e+01,4.062499999999991118e-02,1.542999999999999972e+01,-3.171875000000046185e-02
4.570699999999999818e+03,7.584228515625000000e+01,4.812499999999975131e-02,1.566999999999999993e+01,3.117187499999918288e-02
4.570800000000000182e+03,7.611694335937500000e+01,4.562499999999980460e-02,1.548000000000000043e+01,-3.664062500000042633e-02
4.570899999999999636e+03,7.613525390625000000e+01,5.812499999999998224e-02,1.551999999999999957e+01,-6.179687500000063949e-02
4.571000000000000000e+03,7.580566406250000000e+01,5.562500000000003553e-02,1.537999999999999901e+01,-2.515625000000110134e-02
4.571100000000000364e+03,7.521972656250000000e+01,3.812499999999996447e-02,1.545999999999999908e+01,-8.203125000000088818e-02
4.571199999999999818e+03,7.470703125000000000e+01,3.812499999999996447e-02,1.550000000000000000e+01,-4.375000000000106581e-02
4.571300000000000182e+03,7.503662109375000000e+01,2.562499999999978684e-02,1.545999999999999908e+01,3.281249999999680256e-03
4.571399999999999636e+03,7.501831054687500000e+01,9.437499999999987566e-02,1.542999999999999972e+01,-3.992187500000099476e-02
4.571500000000000000e+03,7.408447265625000000e+01,3.812499999999996447e-02,1.552999999999999936e+01,-8.257812500000039080e-02
4.571600000000000364e+03,7.402954101562500000e+01,8.625000000000015987e-02,1.551999999999999957e+01,-6.562500000000248690e-03
4.571699999999999818e+03,7.360839843750000000e+01,6.062499999999992895e-02,1.548000000000000043e+01,-7.218750000000095923e-02
4.571800000000000182e+03,7.391967773437500000e+01,5.562500000000003553e-02,1.561999999999999922e+01,-5.195312500000071054e-02
4.571899999999999636e+03,7.393798828125000000e+01,5.562500000000003553e-02,1.550999999999999979e+01,-1.968750000000074607e-02
4.572000000000000000e+03,7.267456054687500000e+01,4.562499999999980460e-02,1.550000000000000000e+01,-3.390625000000024869e-02
4.572100000000000364e+03,7.304077148437500000e+01,1.062500000000010658e-02,1.542999999999999972e+01,-1.367187500000088818e-02
4.572199999999999818e+03,7.260131835937500000e+01,5.062500000000014211e-02,1.541999999999999993e+01,-3.773437500000031974e-02
4.572300000000000182e+03,7.293090820312500000e+01,4.562499999999980460e-02,1.558000000000000007e+01,-2.132812500000103029e-02
4.572399999999999636e+03,7.212524414062500000e+01,5.812499999999998224e-02,1.534999999999999964e+01,-5.031250000000042633e-02
4.572500000000000000e+03,7.159423828125000000e+01,5.062500000000014211e-02,1.529749999999999943e+01,-4.703125000000074607e-02
4.572600000000000364e+03,7.197875976562500000e+01,3.312500000000007105e-02,1.561999999999999922e+01,-3.335937500000074607e-02
4.572699999999999818e+03,7.159423828125000000e+01,4.812499999999975131e-02,1.558000000000000007e+01,-2.296875000000042633e-02
4.572800000000000182e+03,7.161254882812500000e+01,3.812499999999996447e-02,1.559999999999999964e+01,2.734374999999289457e-03
4.572899999999999636e+03,7.095336914062500000e+01,1.312500000000005329e-02,1.566999999999999993e+01,-4.429687500000056843e-02
4.573000000000000000e+03,7.060546875000000000e+01,8.124999999999715783e-03,1.545999999999999908e+01,-2.460937500000071054e-02
4.573100000000000364e+03,7.098999023437500000e+01,2.562499999999978684e-02,1.547000000000000064e+01,-5.578125000000078160e-02
4.573199999999999818e+03,7.060546875000000000e+01,2.562499999999978684e-02,1.567999999999999972e+01,-1.585937500000067502e-02
4.573300000000000182e+03,7.001953125000000000e+01,5.562500000000003553e-02,1.565000000000000036e+01,-4.976562500000092371e-02
4.573399999999999636e+03,6.992797851562500000e+01,3.062500000000012434e-02,1.571749999999999936e+01,-9.898437500000056843e-02
4.573500000000000000e+03,6.958007812500000000e+01,4.562499999999980460e-02,1.531000000000000050e+01,-5.632812500000028422e-02
4.573600000000000364e+03,6.996459960937500000e+01,4.562499999999980460e-02,1.543999999999999950e+01,2.460937499999893419e-02
4.573699999999999818e+03,6.915893554687500000e+01,3.562500000000001776e-02,1.543999999999999950e+01,-2.953125000000067502e-02
4.573800000000000182e+03,6.899414062500000000e+01,6.562499999999982236e-02,1.533000000000000007e+01,-1.531250000000028422e-02
4.573899999999999636e+03,6.903076171875000000e+01,4.562499999999980460e-02,1.545999999999999908e+01,-4.812500000000063949e-02
4.574000000000000000e+03,6.871948242187500000e+01,7.562500000000005329e-02,1.572000000000000064e+01,-4.648437500000035527e-02
4.574100000000000364e+03,6.908569335937500000e+01,1.562500000000000000e-02,1.544749999999999979e+01,-3.828125000000071054e-02
4.574199999999999818e+03,6.778564453125000000e+01,7.062500000000015987e-02,1.575000000000000000e+01,2.023437499999936051e-02
4.574300000000000182e+03,6.795043945312500000e+01,3.812499999999996447e-02,1.560999999999999943e+01,-7.164062500000056843e-02
4.574399999999999636e+03,6.800537109375000000e+01,5.312500000000008882e-02,1.527999999999999936e+01,-1.312500000000049738e-02
4.574500000000000000e+03,6.773071289062500000e+01,4.312499999999985789e-02,1.544999999999999929e+01,8.749999999999147349e-03
4.574600000000000364e+03,6.745605468750000000e+01,5.562500000000003553e-02,1.541999999999999993e+01,7.656249999999253930e-03
4.574699999999999818e+03,6.685180664062500000e+01,3.812499999999996447e-02,1.562999999999999901e+01,-1.640625000000106581e-02
4.574800000000000182e+03,6.703491210937500000e+01,4.812499999999975131e-02,1.540000000000000036e+01,-2.515625000000110134e-02
4.574899999999999636e+03,6.712646484375000000e+01,6.562499999999982236e-02,1.558999999999999986e+01,-2.187500000000053291e-02
4.575000000000000000e+03,6.670532226562500000e+01,8.062499999999994671e-02,1.558000000000000007e+01,1.859374999999907629e-02
4.575100000000000364e+03,6.630249023437500000e+01,6.812499999999976907e-02,1.560999999999999943e+01,-1.476562500000078160e-02
4.575199999999999818e+03,6.595458984375000000e+01,6.562499999999982236e-02,1.536999999999999922e+01,-2.570312500000060396e-02
4.575300000000000182e+03,6.617431640625000000e+01,5.562500000000003553e-02,1.561999999999999922e+01,-7.656250000000053291e-02
4.575399999999999636e+03,6.621093750000000000e+01,1.562500000000000000e-02,1.534999999999999964e+01,-1.421875000000039080e-02
4.575500000000000000e+03,6.524047851562500000e+01,4.312499999999985789e-02,1.558000000000000007e+01,1.640624999999396039e-03
4.575600000000000364e+03,6.547851562500000000e+01,7.562500000000005329e-02,1.541000000000000014e+01,-7.984375000000110134e-02
4.575699999999999818e+03,6.513061523437500000e+01,6.312499999999987566e-02,1.529999999999999893e+01,-5.632812500000028422e-02
4.575800000000000182e+03,6.538696289062500000e+01,5.812499999999998224e-02,1.570999999999999908e+01,-3.992187500000099476e-02
4.575899999999999636e+03,6.498413085937500000e+01,4.312499999999985789e-02,1.549750000000000050e+01,-4.593750000000085265e-02
4.576000000000000000e+03,6.423339843750000000e+01,1.812499999999994671e-02,1.550000000000000000e+01,-4.593750000000085265e-02
4.576100000000000364e+03,6.458129882812500000e+01,1.312500000000005329e-02,1.533999999999999986e+01,-4.210937500000078160e-02
4.576199999999999818e+03,6.427001953125000000e+01,7.562500000000005329e-02,1.543999999999999950e+01,-2.515625000000110134e-02
4.576300000000000182e+03,6.447143554687500000e+01,4.812499999999975131e-02,1.548000000000000043e+01,-1.367187500000088818e-02
4.576399999999999636e+03,6.377563476562500000e+01,2.812499999999973355e-02,1.539000000000000057e+01,-3.828125000000959233e-03
4.576500000000000000e+03,6.340942382812500000e+01,3.562500000000001776e-02,1.550999999999999979e+01,-1.695312500000056843e-02
4.576600000000000364e+03,6.381225585937500000e+01,5.312500000000008882e-02,1.539000000000000057e+01,-2.187500000000053291e-02
4.576699999999999818e+03,6.346435546875000000e+01,2.312499999999984013e-02,1.547000000000000064e+01,-8.914062500000063949e-02
4.576800000000000182e+03,6.309814453125000000e+01,5.624999999999769074e-03,1.554999999999999893e+01,-6.125000000000024869e-02
4.576899999999999636e+03,6.291503906250000000e+01,4.062499999999991118e-02,1.549000000000000021e+01,-2.625000000000099476e-02
4.577000000000000000e+03,6.258544921875000000e+01,2.062499999999989342e-02,1.525999999999999979e+01,-1.203125000000060396e-02
4.577100000000000364e+03,6.296997070312500000e+01,6.312499999999987566e-02,1.541000000000000014e+01,-4.429687500000056843e-02
4.577199999999999818e+03,6.265869140625000000e+01,3.312500000000007105e-02,1.549000000000000021e+01,-5.031250000000042633e-02
4.577300000000000182e+03,6.207275390625000000e+01,6.312499999999987566e-02,1.549000000000000021e+01,-8.257812500000039080e-02
4.577399999999999636e+03,6.209106445312500000e+01,3.062500000000012434e-02,1.532000000000000028e+01,-7.875000000000031974e-02
4.577500000000000000e+03,6.181640625000000000e+01,4.562499999999980460e-02,1.548000000000000043e+01,9.296874999999538147e-03
4.577600000000000364e+03,6.210937500000000000e+01,2.812499999999973355e-02,1.569999999999999929e+01,1.749999999999918288e-02
4.577699999999999818e+03,6.126708984375000000e+01,6.062499999999992895e-02,1.536999999999999922e+01,-4.210937500000078160e-02
4.577800000000000182e+03,6.135864257812500000e+01,5.562500000000003553e-02,1.541999999999999993e+01,-3.718750000000081712e-02
4.577899999999999636e+03,6.139526367187500000e+01,5.312500000000008882e-02,1.534999999999999964e+01,-1.257812500000099476e-02
4.578000000000000000e+03,6.106567382812500000e+01,4.562499999999980460e-02,1.552999999999999936e+01,-4.757812500000024869e-02
4.578100000000000364e+03,6.119384765625000000e+01,3.812499999999996447e-02,1.548000000000000043e+01,-3.937500000000060396e-02
4.578199999999999818e+03,6.035156250000000000e+01,3.812499999999996447e-02,1.537999999999999901e+01,-3.445312500000063949e-02
4.578300000000000182e+03,6.055297851562500000e+01,4.062499999999991118e-02,1.525999999999999979e+01,-6.015625000000035527e-02
4.578399999999999636e+03,6.058959960937500000e+01,5.812499999999998224e-02,1.541999999999999993e+01,-8.257812500000039080e-02
4.578500000000000000e+03,6.027832031250000000e+01,4.312499999999985789e-02,1.559999999999999964e+01,-7.875000000000031974e-02
4.578600000000000364e+03,6.004028320312500000e+01,5.562500000000003553e-02,1.556000000000000050e+01,-2.515625000000110134e-02
4.578699999999999818e+03,5.965576171875000000e+01,3.312500000000007105e-02,1.535999999999999943e+01,-9.296875000000426326e-03
4.578800000000000182e+03,5.983886718750000000e+01,6.062499999999992895e-02,1.535999999999999943e+01,-7.273437500000046185e-02
4.578899999999999636e+03,5.989379882812500000e+01,4.562499999999980460e-02,1.534999999999999964e+01,-4.921875000000852651e-03
4.579000000000000000e+03,5.919799804687500000e+01,2.062499999999989342e-02,1.550000000000000000e+01,-3.937500000000060396e-02
4.579100000000000364e+03,5.928955078125000000e+01,3.812499999999996447e-02,1.575000000000000000e+01,-7.656250000001030287e-03
4.579199999999999818e+03,5.899658203125000000e+01,4.062499999999991118e-02,1.550999999999999979e+01,-1.312500000000049738e-02
4.579300000000000182e+03,5.916137695312500000e+01,4.312499999999985789e-02,1.550000000000000000e+01,-4.703125000000074607e-02
4.579399999999999636e+03,5.917968750000000000e+01,3.562500000000001776e-02,1.549000000000000021e+01,-6.398437500000042633e-02
4.579500000000000000e+03,5.826416015625000000e+01,7.062500000000015987e-02,1.552999999999999936e+01,-6.562500000000248690e-03
4.579600000000000364e+03,5.855712890625000000e+01,6.562499999999982236e-02,1.568999999999999950e+01,-5.578125000000078160e-02
4.579699999999999818e+03,5.824584960937500000e+01,6.562499999999982236e-02,1.550000000000000000e+01,-1.421875000000039080e-02
4.579800000000000182e+03,5.842895507812500000e+01,4.562499999999980460e-02,1.544999999999999929e+01,-4.375000000000106581e-02
4.579899999999999636e+03,5.797119140625000000e+01,6.062499999999992895e-02,1.550000000000000000e+01,-1.257812500000099476e-02
4.580000000000000000e+03,5.749511718750000000e+01,6.562499999999982236e-02,1.541999999999999993e+01,-3.281250000000035527e-02
4.580100000000000364e+03,5.782470703125000000e+01,3.562500000000001776e-02,1.541000000000000014e+01,-2.406250000000031974e-02
4.580199999999999818e+03,5.755004882812500000e+01,4.312499999999985789e-02,1.527999999999999936e+01,-1.093750000000781597e-03
4.580300000000000182e+03,5.760498046875000000e+01,4.312499999999985789e-02,1.548000000000000043e+01,-2.242187500000092371e-02
4.580399999999999636e+03,5.711059570312500000e+01,2.562499999999978684e-02,1.548000000000000043e+01,-3.445312500000063949e-02
4.580500000000000000e+03,5.679931640625000000e+01,5.062500000000014211e-02,1.525000000000000000e+01,2.351562499999904077e-02
4.580600000000000364e+03,5.718383789062500000e+01,6.062499999999992895e-02,1.534999999999999964e+01,-6.507812500000031974e-02
4.580699999999999818e+03,5.687255859375000000e+01,7.062500000000015987e-02,1.562999999999999901e+01,-6.890625000000039080e-02
4.580800000000000182e+03,5.654296875000000000e+01,4.062499999999991118e-02,1.562999999999999901e+01,-3.117187500000095923e-02
4.580899999999999636e+03,5.648803710937500000e+01,3.312500000000007105e-02,1.531000000000000050e+01,2.187499999998898659e-03
4.581000000000000000e+03,5.621337890625000000e+01,6.562499999999982236e-02,1.577999999999999936e+01,1.804687499999957367e-02
4.581100000000000364e+03,5.656127929687500000e+01,2.312499999999984013e-02,1.567999999999999972e+01,-2.953125000000067502e-02
4.581199999999999818e+03,5.593872070312500000e+01,3.062500000000012434e-02,1.559750000000000014e+01,-2.078125000000063949e-02
4.581300000000000182e+03,5.577392578125000000e+01,5.562500000000003553e-02,1.553999999999999915e+01,1.148437499999932498e-02
4.581399999999999636e+03,5.575561523437500000e+01,4.812499999999975131e-02,1.543999999999999950e+01,-3.226562500000085265e-02
4.581500000000000000e+03,5.548095703125000000e+01,2.031250000000000000e-01,1.564000000000000057e+01,-4.867187500000103029e-02
4.581600000000000364e+03,5.584716796875000000e+01,3.812499999999996447e-02,1.557000000000000028e+01,-7.000000000000028422e-02
4.581699999999999818e+03,5.502319335937500000e+01,5.062500000000014211e-02,1.551999999999999957e+01,-5.250000000000110134e-02
4.581800000000000182e+03,5.515136718750000000e+01,2.312499999999984013e-02,1.531000000000000050e+01,-4.976562500000092371e-02
4.581899999999999636e+03,5.520629882812500000e+01,4.562499999999980460e-02,1.559999999999999964e+01,-1.859375000000085265e-02
4.582000000000000000e+03,5.491333007812500000e+01,4.312499999999985789e-02,1.548000000000000043e+01,3.117187499999918288e-02
4.582100000000000364e+03,5.482177734375000000e+01,3.312500000000007105e-02,1.556000000000000050e+01,-3.171875000000046185e-02
4.582199999999999818e+03,5.438232421875000000e+01,2.562499999999978684e-02,1.544999999999999929e+01,-4.101562500000088818e-02
4.582300000000000182e+03,5.456542968750000000e+01,5.562500000000003553e-02,1.548000000000000043e+01,1.039062499999943157e-02
4.582399999999999636e+03,5.460205078125000000e+01,3.124999999999822364e-03,1.551999999999999957e+01,-2.023437500000024869e-02
4.582500000000000000e+03,5.429077148437500000e+01,4.062499999999991118e-02,1.550000000000000000e+01,-6.343750000000092371e-02
4.582600000000000364e+03,5.407104492187500000e+01,4.812499999999975131e-02,1.550999999999999979e+01,-1.203125000000060396e-02
4.582699999999999818e+03,5.379638671875000000e+01,1.812499999999994671e-02,1.528999999999999915e+01,-3.828125000000071054e-02
4.582800000000000182e+03,5.396118164062500000e+01,2.062499999999989342e-02,1.540000000000000036e+01,-3.718750000000081712e-02
4.582899999999999636e+03,5.399780273437500000e+01,2.812499999999973355e-02,1.556000000000000050e+01,-3.937500000000060396e-02
4.583000000000000000e+03,5.321044921875000000e+01,1.562500000000000000e-02,1.553999999999999915e+01,-9.296875000000426326e-03
4.583100000000000364e+03,5.344848632812500000e+01,3.562500000000001776e-02,1.557000000000000028e+01,-8.585937500000095923e-02
4.583199999999999818e+03,5.321044921875000000e+01,1.562500000000000000e-02,1.537749999999999950e+01,-4.375000000000461853e-03
4.583300000000000182e+03,5.333862304687500000e+01,2.312499999999984013e-02,1.541999999999999993e+01,-8.203125000000532907e-03
4.583399999999999636e+03,5.321044921875000000e+01,4.562499999999980460e-02,1.531000000000000050e+01,-3.609375000000092371e-02
4.583500000000000000e+03,5.251464843750000000e+01,3.812499999999996447e-02,1.567750000000000021e+01,1.367187499999911182e-02
4.583600000000000364e+03,5.284423828125000000e+01,2.062499999999989342e-02,1.552999999999999936e+01,8.749999999999147349e-03
4.583699999999999818e+03,5.255126953125000000e+01,6.562499999999982236e-02,1.568999999999999950e+01,-2.843750000000078160e-02
4.583800000000000182e+03,5.271606445312500000e+01,5.062500000000014211e-02,1.542999999999999972e+01,-6.398437500000042633e-02
4.583899999999999636e+03,5.233154296875000000e+01,4.812499999999975131e-02,1.553999999999999915e+01,-4.593750000000085265e-02
4.584000000000000000e+03,5.203857421875000000e+01,1.562500000000000000e-02,1.569999999999999929e+01,1.367187499999911182e-02
4.584100000000000364e+03,5.236816406250000000e+01,2.062499999999989342e-02,1.558000000000000007e+01,-5.632812500000028422e-02
4.584199999999999818e+03,5.209350585937500000e+01,6.062499999999992895e-02,1.537999999999999901e+01,-5.468750000003907985e-04
4.584300000000000182e+03,5.225830078125000000e+01,2.562499999999978684e-02,1.557000000000000028e+01,-8.203125000000532907e-03
4.584399999999999636e+03,5.231323242187500000e+01,1.312500000000005329e-02,1.544999999999999929e+01,2.734374999999911182e-02
4.584500000000000000e+03,5.202026367187500000e+01,2.062499999999989342e-02,1.566999999999999993e+01,-5.742187500000106581e-02
4.584600000000000364e+03,5.234985351562500000e+01,3.062500000000012434e-02,1.539000000000000057e+01,-8.203125000000532907e-03
4.584699999999999818e+03,5.209350585937500000e+01,6.312499999999987566e-02,1.514000000000000057e+01,-1.093750000000781597e-03
4.584800000000000182e+03,5.229492187500000000e+01,6.062499999999992895e-02,1.542999999999999972e+01,-6.398437500000042633e-02
4.584899999999999636e+03,5.229492187500000000e+01,2.312499999999984013e-02,1.531749999999999901e+01,-8.914062500000063949e-02
4.585000000000000000e+03,5.203857421875000000e+01,5.812499999999998224e-02,1.552999999999999936e+01,-6.562500000000248690e-03
4.585100000000000364e+03,5.234985351562500000e+01,6.062499999999992895e-02,1.534999999999999964e+01,-5.468750000003907985e-04
4.585199999999999818e+03,5.286254882812500000e+01,7.312500000000010658e-02,1.559999999999999964e+01,-1.968750000000074607e-02
4.585300000000000182e+03,5.319213867187500000e+01,2.917499999999999982e+00,1.558000000000000007e+01,1.550609375000000156e+01
4.585399999999999636e+03,5.328369140625000000e+01,2.927500000000000213e+00,1.542999999999999972e+01,1.550445312500000128e+01
4.585500000000000000e+03,5.300903320312500000e+01,2.939999999999999947e+00,1.551999999999999957e+01,1.550007812499999993e+01
4.585600000000000364e+03,5.396118164062500000e+01,2.959999999999999964e+00,1.542999999999999972e+01,1.547382812500000071e+01
4.585699999999999818e+03,5.542602539062500000e+01,2.962499999999999911e+00,1.550000000000000000e+01,1.546562500000000107e+01
4.585800000000000182e+03,5.562744140625000000e+01,2.992500000000000160e+00,1.551999999999999957e+01,1.545140625000000156e+01
4.585899999999999636e+03,5.568237304687500000e+01,3.000000000000000000e+00,1.549000000000000021e+01,1.542296875000000078e+01
4.586000000000000000e+03,5.540771484375000000e+01,3.009999999999999787e+00,1.557000000000000028e+01,1.541531250000000064e+01
4.586100000000000364e+03,5.877685546875000000e+01,3.015000000000000124e+00,1.561999999999999922e+01,1.548476562500000142e+01
4.586199999999999818e+03,5.885009765625000000e+01,3.035000000000000142e+00,1.541000000000000014e+01,1.546234375000000050e+01
4.586300000000000182e+03,5.905151367187500000e+01,3.022499999999999964e+00,1.547000000000000064e+01,1.545742187500000142e+01
4.586399999999999636e+03,5.906982421875000000e+01,3.042499999999999982e+00,1.526750000000000007e+01,1.548476562500000142e+01
4.586500000000000000e+03,6.115722656250000000e+01,3.049999999999999822e+00,1.543999999999999950e+01,1.541421875000000163e+01
4.586600000000000364e+03,6.357421875000000000e+01,3.055000000000000160e+00,1.514000000000000057e+01,1.546726562500000135e+01
4.586699999999999818e+03,6.331787109375000000e+01,3.052500000000000213e+00,1.542999999999999972e+01,1.544539062499999993e+01
4.586800000000000182e+03,6.355590820312500000e+01,3.075000000000000178e+00,1.523000000000000043e+01,1.546179687500000099e+01
4.586899999999999636e+03,6.361083984375000000e+01,3.082500000000000018e+00,1.553999999999999915e+01,1.542023437500000149e+01
4.587000000000000000e+03,6.683349609375000000e+01,3.080000000000000071e+00,1.550000000000000000e+01,1.548312500000000114e+01
4.587100000000000364e+03,6.747436523437500000e+01,3.077500000000000124e+00,1.558999999999999986e+01,1.546617187500000057e+01
4.587199999999999818e+03,6.707153320312500000e+01,3.077500000000000124e+00,1.547000000000000064e+01,1.546562500000000107e+01
4.587300000000000182e+03,6.736450195312500000e+01,3.125000000000000000e+00,1.550999999999999979e+01,1.544921875000000000e+01
4.587399999999999636e+03,6.981811523437500000e+01,3.107499999999999929e+00,1.559999999999999964e+01,1.550664062500000107e+01
4.587500000000000000e+03,7.027587890625000000e+01,3.112499999999999822e+00,1.549000000000000021e+01,1.548585937500000043e+01
4.587600000000000364e+03,7.069702148437500000e+01,3.132499999999999840e+00,1.557000000000000028e+01,1.548257812500000163e+01
4.587699999999999818e+03,7.031250000000000000e+01,3.134999999999999787e+00,1.551999999999999957e+01,1.544976562500000128e+01
4.587800000000000182e+03,7.109985351562500000e+01,3.132499999999999840e+00,1.548000000000000043e+01,1.544976562500000128e+01
4.587899999999999636e+03,7.329711914062500000e+01,3.117500000000000160e+00,1.558999999999999986e+01,1.547437500000000021e+01
4.588000000000000000e+03,7.309570312500000000e+01,3.165000000000000036e+00,1.547000000000000064e+01,1.543554687500000000e+01
4.588100000000000364e+03,7.349853515625000000e+01,3.120000000000000107e+00,1.553999999999999915e+01,1.546070312500000021e+01
4.588199999999999818e+03,7.307739257812500000e+01,3.197499999999999787e+00,1.534999999999999964e+01,1.546015625000000071e+01
4.588300000000000182e+03,7.565917968750000000e+01,3.154999999999999805e+00,1.548000000000000043e+01,1.547984375000000057e+01
4.588399999999999636e+03,7.598876953125000000e+01,3.162500000000000089e+00,1.541999999999999993e+01,1.546070312500000021e+01
4.588500000000000000e+03,7.569580078125000000e+01,3.174999999999999822e+00,1.559999999999999964e+01,1.546671875000000007e+01
4.588600000000000364e+03,7.611694335937500000e+01,3.185000000000000053e+00,1.551999999999999957e+01,1.540875000000000128e+01
4.588699999999999818e+03,7.690429687500000000e+01,3.214999999999999858e+00,1.533000000000000007e+01,1.546289062500000000e+01
4.588800000000000182e+03,7.829589843750000000e+01,3.247500000000000053e+00,1.549000000000000021e+01,1.545414062500000085e+01
4.588899999999999636e+03,7.831420898437500000e+01,3.245000000000000107e+00,1.529999999999999893e+01,1.543882812500000057e+01
4.589000000000000000e+03,7.802124023437500000e+01,3.222500000000000142e+00,1.584500000000000064e+01,1.553781250000000114e+01
4.589100000000000364e+03,7.842407226562500000e+01,3.212499999999999911e+00,1.536999999999999922e+01,1.551976562500000156e+01
4.589199999999999818e+03,8.010864257812500000e+01,3.227500000000000036e+00,1.570999999999999908e+01,1.543554687500000000e+01
4.589300000000000182e+03,8.060302734375000000e+01,3.259999999999999787e+00,1.526999999999999957e+01,1.549078125000000128e+01
4.589399999999999636e+03,8.062133789062500000e+01,3.225000000000000089e+00,1.525750000000000028e+01,1.542898437500000064e+01
4.589500000000000000e+03,8.031005859375000000e+01,3.245000000000000107e+00,1.545999999999999908e+01,1.545140625000000156e+01
4.589600000000000364e+03,8.230590820312500000e+01,3.227500000000000036e+00,1.556000000000000050e+01,1.546507812500000156e+01
4.589699999999999818e+03,8.237915039062500000e+01,3.250000000000000000e+00,1.558999999999999986e+01,1.545632812500000064e+01
4.589800000000000182e+03,8.272705078125000000e+01,3.277499999999999858e+00,1.565000000000000036e+01,1.543281250000000071e+01
4.589899999999999636e+03,8.270874023437500000e+01,3.250000000000000000e+00,1.532000000000000028e+01,1.546234375000000050e+01
4.590000000000000000e+03,8.267211914062500000e+01,3.274999999999999911e+00,1.554999999999999893e+01,1.546234375000000050e+01
4.590100000000000364e+03,8.466796875000000000e+01,3.317499999999999893e+00,1.550999999999999979e+01,1.547710937500000128e+01
4.590199999999999818e+03,8.426513671875000000e+01,3.274999999999999911e+00,1.534999999999999964e+01,1.550171875000000021e+01
4.590300000000000182e+03,8.464965820312500000e+01,3.325000000000000178e+00,1.545999999999999908e+01,1.549296875000000107e+01
4.590399999999999636e+03,8.461303710937500000e+01,3.292499999999999982e+00,1.549750000000000050e+01,1.542843750000000114e+01
4.590500000000000000e+03,8.602294921875000000e+01,3.322499999999999787e+00,1.528999999999999915e+01,1.547601562500000050e+01
4.590600000000000364e+03,8.670043945312500000e+01,3.322499999999999787e+00,1.566999999999999993e+01,1.544046875000000085e+01
4.590699999999999818e+03,8.624267578125000000e+01,3.312500000000000000e+00,1.531000000000000050e+01,1.547328125000000121e+01
4.590800000000000182e+03,8.664550781250000000e+01,3.339999999999999858e+00,1.527999999999999936e+01,1.550937500000000036e+01
4.590899999999999636e+03,8.748779296875000000e+01,3.327500000000000124e+00,1.556000000000000050e+01,1.543992187500000135e+01
4.591000000000000000e+03,8.811035156250000000e+01,3.339999999999999858e+00,1.548000000000000043e+01,1.539835937500000007e+01
4.591100000000000364e+03,8.853149414062500000e+01,3.357499999999999929e+00,1.552999999999999936e+01,1.544976562500000128e+01
4.591199999999999818e+03,8.803710937500000000e+01,3.362499999999999822e+00,1.566750000000000043e+01,1.548750000000000071e+01
4.591300000000000182e+03,8.843994140625000000e+01,3.367500000000000160e+00,1.557000000000000028e+01,1.543281250000000071e+01
4.591399999999999636e+03,9.003295898437500000e+01,3.367500000000000160e+00,1.539000000000000057e+01,1.547820312500000028e+01
4.591500000000000000e+03,8.990478515625000000e+01,3.365000000000000213e+00,1.564000000000000057e+01,1.544539062499999993e+01
4.591600000000000364e+03,9.034423828125000000e+01,3.337499999999999911e+00,1.552999999999999936e+01,1.544757812500000149e+01
4.591699999999999818e+03,8.983154296875000000e+01,3.384999999999999787e+00,1.543999999999999950e+01,1.544867187500000050e+01
4.591800000000000182e+03,9.164428710937500000e+01,3.372500000000000053e+00,1.542999999999999972e+01,1.544757812500000149e+01
4.591899999999999636e+03,9.201049804687500000e+01,3.402499999999999858e+00,1.558000000000000007e+01,1.551210937500000142e+01
4.592000000000000000e+03,9.173583984375000000e+01,3.410000000000000142e+00,1.556000000000000050e+01,1.544210937500000114e+01
4.592100000000000364e+03,9.219360351562500000e+01,3.424999999999999822e+00,1.547000000000000064e+01,1.541968750000000021e+01
4.592199999999999818e+03,9.202880859375000000e+01,3.412500000000000089e+00,1.556000000000000050e+01,1.540382812500000043e+01
4.592300000000000182e+03,9.378662109375000000e+01,3.415000000000000036e+00,1.549000000000000021e+01,1.547820312500000028e+01
4.592399999999999636e+03,9.382324218750000000e+01,3.450000000000000178e+00,1.531000000000000050e+01,1.546835937500000036e+01
4.592500000000000000e+03,9.353027343750000000e+01,3.439999999999999947e+00,1.543999999999999950e+01,1.543992187500000135e+01
4.592600000000000364e+03,9.398803710937500000e+01,3.450000000000000178e+00,1.544999999999999929e+01,1.546179687500000099e+01
4.592699999999999818e+03,9.490356445312500000e+01,3.479999999999999982e+00,1.526999999999999957e+01,1.542406250000000156e+01
4.592800000000000182e+03,9.558105468750000000e+01,3.439999999999999947e+00,1.549000000000000021e+01,1.555257812500000014e+01
4.592899999999999636e+03,9.556274414062500000e+01,3.495000000000000107e+00,1.542999999999999972e+01,1.543335937500000021e+01
4.593000000000000000e+03,9.526977539062500000e+01,3.472500000000000142e+00,1.531000000000000050e+01,1.548203125000000036e+01
4.593100000000000364e+03,9.664306640625000000e+01,3.487499999999999822e+00,1.557000000000000028e+01,1.546398437500000078e+01
4.593199999999999818e+03,9.677124023437500000e+01,3.472500000000000142e+00,1.578999999999999915e+01,1.547656250000000000e+01
4.593300000000000182e+03,9.730224609375000000e+01,3.495000000000000107e+00,1.558999999999999986e+01,1.550281250000000099e+01
4.593399999999999636e+03,9.721069335937500000e+01,3.490000000000000213e+00,1.562999999999999901e+01,1.546179687500000099e+01
4.593500000000000000e+03,9.695434570312500000e+01,3.500000000000000000e+00,1.537749999999999950e+01,1.545250000000000057e+01
4.593600000000000364e+03,9.887695312500000000e+01,3.524999999999999911e+00,1.535999999999999943e+01,1.545304687500000007e+01
4.593699999999999818e+03,9.841918945312500000e+01,3.517500000000000071e+00,1.554999999999999893e+01,1.544648437500000071e+01
4.593800000000000182e+03,9.889526367187500000e+01,3.527499999999999858e+00,1.551999999999999957e+01,1.543664062500000078e+01
4.593899999999999636e+03,9.882202148437500000e+01,3.535000000000000142e+00,1.550000000000000000e+01,1.545687500000000014e+01
4.594000000000000000e+03,9.992065429687500000e+01,3.535000000000000142e+00,1.547000000000000064e+01,1.549625000000000163e+01
4.594100000000000364e+03,1.006713867187500000e+02,3.540000000000000036e+00,1.558750000000000036e+01,1.552468750000000064e+01
4.594199999999999818e+03,1.001220703125000000e+02,3.560000000000000053e+00,1.553999999999999915e+01,1.546343750000000128e+01
4.594300000000000182e+03,1.005981445312500000e+02,3.552500000000000213e+00,1.556749999999999901e+01,1.547328125000000121e+01
4.594399999999999636e+03,1.010192871093750000e+02,3.549999999999999822e+00,1.537999999999999901e+01,1.546234375000000050e+01
4.594500000000000000e+03,1.018066406250000000e+02,3.572499999999999787e+00,1.561999999999999922e+01,1.544921875000000000e+01
4.594600000000000364e+03,1.023193359375000000e+02,3.589999999999999858e+00,1.544999999999999929e+01,1.543609375000000128e+01
4.594699999999999818e+03,1.017333984375000000e+02,3.584999999999999964e+00,1.572000000000000064e+01,1.550609375000000156e+01
4.594800000000000182e+03,1.022094726562500000e+02,3.612499999999999822e+00,1.556000000000000050e+01,1.549734375000000064e+01
4.594899999999999636e+03,1.035461425781250000e+02,3.640000000000000124e+00,1.533000000000000007e+01,1.541640625000000142e+01
4.595000000000000000e+03,1.034912109375000000e+02,3.604999999999999982e+00,1.550999999999999979e+01,1.548585937500000043e+01
4.595100000000000364e+03,1.038574218750000000e+02,3.629999999999999893e+00,1.539000000000000057e+01,1.545304687500000007e+01
4.595199999999999818e+03,1.033081054687500000e+02,3.609999999999999876e+00,1.540000000000000036e+01,1.548695312500000121e+01
4.595300000000000182e+03,1.047912597656250000e+02,3.615000000000000213e+00,1.556000000000000050e+01,1.553617187500000085e+01
4.595399999999999636e+03,1.052673339843750000e+02,3.655000000000000249e+00,1.553999999999999915e+01,1.547164062500000092e+01
4.595500000000000000e+03,1.050292968750000000e+02,3.612499999999999822e+00,1.537999999999999901e+01,1.549078125000000128e+01
4.595600000000000364e+03,1.054870605468750000e+02,3.687500000000000000e+00,1.533999999999999986e+01,1.545414062500000085e+01
4.595699999999999818e+03,1.049194335937500000e+02,3.672499999999999876e+00,1.566999999999999993e+01,1.550718750000000057e+01
4.595800000000000182e+03,1.070068359375000000e+02,3.689999999999999947e+00,1.533999999999999986e+01,1.547656250000000000e+01
4.595899999999999636e+03,1.069885253906250000e+02,3.667499999999999982e+00,1.541000000000000014e+01,1.545523437500000163e+01
4.596000000000000000e+03,1.067687988281250000e+02,3.702500000000000124e+00,1.549000000000000021e+01,1.545960937500000121e+01
4.596100000000000364e+03,1.072265625000000000e+02,3.687500000000000000e+00,1.549000000000000021e+01,1.545632812500000064e+01
4.596199999999999818e+03,1.079040527343750000e+02,3.707500000000000018e+00,1.535999999999999943e+01,1.547000000000000064e+01
4.596300000000000182e+03,1.087280273437500000e+02,3.709999999999999964e+00,1.554749999999999943e+01,1.551429687500000121e+01
4.596399999999999636e+03,1.085815429687500000e+02,3.734999999999999876e+00,1.559999999999999964e+01,1.554710937500000156e+01
4.596500000000000000e+03,1.083801269531250000e+02,3.757500000000000284e+00,1.542999999999999972e+01,1.541367187500000036e+01
4.596600000000000364e+03,1.094787597656250000e+02,3.754999999999999893e+00,1.554999999999999893e+01,1.546343750000000128e+01
4.596699999999999818e+03,1.097717285156250000e+02,3.807500000000000107e+00,1.568999999999999950e+01,1.547164062500000092e+01
4.596800000000000182e+03,1.103210449218750000e+02,3.740000000000000213e+00,1.550999999999999979e+01,1.549187500000000028e+01
4.596899999999999636e+03,1.102111816406250000e+02,3.785000000000000142e+00,1.539000000000000057e+01,1.544648437500000071e+01
4.597000000000000000e+03,1.100097656250000000e+02,3.780000000000000249e+00,1.550999999999999979e+01,1.549132812500000078e+01
4.597100000000000364e+03,1.119689941406250000e+02,3.820000000000000284e+00,1.549000000000000021e+01,1.546671875000000007e+01
4.597199999999999818e+03,1.114746093750000000e+02,3.807500000000000107e+00,1.541999999999999993e+01,1.544429687500000092e+01
4.597300000000000182e+03,1.120422363281250000e+02,3.810000000000000053e+00,1.549000000000000021e+01,1.542242187500000128e+01
4.597399999999999636e+03,1.119140625000000000e+02,3.812500000000000000e+00,1.554749999999999943e+01,1.551429687500000121e+01
4.597500000000000000e+03,1.127746582031250000e+02,3.839999999999999858e+00,1.550999999999999979e+01,1.540656250000000149e+01
4.597600000000000364e+03,1.136901855468750000e+02,3.854999999999999982e+00,1.565000000000000036e+01,1.546343750000000128e+01
4.597699999999999818e+03,1.130859375000000000e+02,4.172500000000000320e+00,1.532000000000000028e+01,1.540437499999999993e+01
4.597800000000000182e+03,1.136352539062500000e+02,3.875000000000000000e+00,1.565000000000000036e+01,1.544265625000000064e+01
4.597899999999999636e+03,1.135803222656250000e+02,3.884999999999999787e+00,1.550999999999999979e+01,1.544046875000000085e+01
4.598000000000000000e+03,1.149353027343750000e+02,3.892500000000000071e+00,1.541000000000000014e+01,1.548367187500000064e+01
4.598100000000000364e+03,1.154296875000000000e+02,3.917499999999999982e+00,1.544999999999999929e+01,1.542242187500000128e+01
4.598199999999999818e+03,1.148071289062500000e+02,3.897499999999999964e+00,1.543999999999999950e+01,1.548312500000000114e+01
4.598300000000000182e+03,1.153564453125000000e+02,3.957500000000000018e+00,1.541999999999999993e+01,1.546617187500000057e+01
4.598399999999999636e+03,1.165832519531250000e+02,3.984999999999999876e+00,1.541999999999999993e+01,1.546671875000000007e+01
4.598500000000000000e+03,1.166564941406250000e+02,3.984999999999999876e+00,1.542999999999999972e+01,1.545140625000000156e+01
4.598600000000000364e+03,1.171691894531250000e+02,3.982499999999999929e+00,1.543999999999999950e+01,1.546343750000000128e+01
4.598699999999999818e+03,1.164916992187500000e+02,4.002499999999999503e+00,1.556000000000000050e+01,1.554273437500000021e+01
4.598800000000000182e+03,1.179565429687500000e+02,4.030000000000000249e+00,1.560999999999999943e+01,1.550500000000000078e+01
4.598899999999999636e+03,1.186340332031250000e+02,4.012500000000000178e+00,1.528999999999999915e+01,1.547328125000000121e+01
4.599000000000000000e+03,1.184692382812500000e+02,4.057500000000000107e+00,1.554999999999999893e+01,1.543281250000000071e+01
4.599100000000000364e+03,1.189086914062500000e+02,4.062500000000000000e+00,1.550999999999999979e+01,1.547109375000000142e+01
4.599199999999999818e+03,1.183227539062500000e+02,4.075000000000000178e+00,1.533000000000000007e+01,1.549296875000000107e+01
4.599300000000000182e+03,1.205566406250000000e+02,4.057500000000000107e+00,1.543999999999999950e+01,1.552906250000000021e+01
4.599399999999999636e+03,1.204650878906250000e+02,4.087500000000000355e+00,1.540000000000000036e+01,1.551429687500000121e+01
4.599500000000000000e+03,1.203552246093750000e+02,4.120000000000000107e+00,1.541999999999999993e+01,1.552578125000000142e+01
4.599600000000000364e+03,1.207214355468750000e+02,4.107499999999999929e+00,1.540000000000000036e+01,1.545031250000000078e+01
4.599699999999999818e+03,1.201904296875000000e+02,4.127499999999999503e+00,1.560999999999999943e+01,1.545304687500000007e+01
4.599800000000000182e+03,1.207763671875000000e+02,4.165000000000000036e+00,1.534999999999999964e+01,1.550335937500000050e+01
4.599899999999999636e+03,1.205932617187500000e+02,4.172500000000000320e+00,1.550000000000000000e+01,1.544101562500000036e+01
4.600000000000000000e+03,1.204101562500000000e+02,4.205000000000000071e+00,1.549000000000000021e+01,1.546617187500000057e+01
4.600100000000000364e+03,1.208496093750000000e+02,4.235000000000000320e+00,1.542999999999999972e+01,1.543390625000000149e+01
4.600199999999999818e+03,1.202087402343750000e+02,4.205000000000000071e+00,1.550000000000000000e+01,1.548585937500000043e+01
4.600300000000000182e+03,1.207946777343750000e+02,4.245000000000000107e+00,1.570999999999999908e+01,1.551593750000000149e+01
4.600399999999999636e+03,1.205749511718750000e+02,4.205000000000000071e+00,1.562999999999999901e+01,1.546671875000000007e+01
4.600500000000000000e+03,1.203918457031250000e+02,7.312500000000010658e-02,1.518999999999999950e+01,-4.320312500000067502e-02
4.600600000000000364e+03,1.208312988281250000e+02,5.062500000000014211e-02,1.540000000000000036e+01,-5.031250000000042633e-02
4.600699999999999818e+03,1.202087402343750000e+02,2.312499999999984013e-02,1.562999999999999901e+01,-2.406250000000031974e-02
4.600800000000000182e+03,1.207763671875000000e+02,-6.874999999999964473e-03,1.551999999999999957e+01,-5.468750000000355271e-03
4.600899999999999636e+03,1.205932617187500000e+02,8.062499999999994671e-02,1.549000000000000021e+01,-1.531250000000028422e-02
4.601000000000000000e+03,1.195129394531250000e+02,4.062499999999991118e-02,1.550999999999999979e+01,-3.828125000000071054e-02
4.601100000000000364e+03,1.192565917968750000e+02,6.812499999999976907e-02,1.545999999999999908e+01,-8.203125000000532907e-03
4.601199999999999818e+03,1.185791015625000000e+02,5.312500000000008882e-02,1.541999999999999993e+01,1.257812499999921840e-02
4.601300000000000182e+03,1.191833496093750000e+02,3.312500000000007105e-02,1.558000000000000007e+01,-4.156250000000039080e-02
4.601399999999999636e+03,1.189819335937500000e+02,5.312500000000008882e-02,1.552999999999999936e+01,-1.914062500000035527e-02
4.601500000000000000e+03,1.160156250000000000e+02,1.049999999999999822e-01,1.541000000000000014e+01,-8.203125000000532907e-03
4.601600000000000364e+03,1.163818359375000000e+02,6.312499999999987566e-02,1.557000000000000028e+01,-1.148437500000110134e-02
4.601699999999999818e+03,1.157043457031250000e+02,5.562500000000003553e-02,1.532000000000000028e+01,-3.226562500000085265e-02
4.601800000000000182e+03,1.162902832031250000e+02,6.562499999999982236e-02,1.558999999999999986e+01,2.296874999999953815e-02
4.601899999999999636e+03,1.128295898437500000e+02,1.062500000000010658e-02,1.558999999999999986e+01,3.499999999999925393e-02
4.602000000000000000e+03,1.117492675781250000e+02,1.062500000000010658e-02,1.540750000000000064e+01,-3.609375000000092371e-02
4.602100000000000364e+03,1.121337890625000000e+02,3.812499999999996447e-02,1.558499999999999908e+01,-2.570312500000060396e-02
4.602199999999999818e+03,1.114746093750000000e+02,3.062500000000012434e-02,1.540000000000000036e+01,-5.468750000000355271e-03
4.602300000000000182e+03,1.110717773437500000e+02,4.812499999999975131e-02,1.553999999999999915e+01,-2.242187500000092371e-02
4.602399999999999636e+03,1.083435058593750000e+02,6.062499999999992895e-02,1.544999999999999929e+01,1.203124999999971578e-02
4.602500000000000000e+03,1.079589843750000000e+02,4.312499999999985789e-02,1.566000000000000014e+01,-5.851562500000095923e-02
4.602600000000000364e+03,1.084167480468750000e+02,5.062500000000014211e-02,1.548749999999999893e+01,-4.101562500000088818e-02
4.602699999999999818e+03,1.078491210937500000e+02,4.562499999999980460e-02,1.511999999999999922e+01,-2.953125000000067502e-02
4.602800000000000182e+03,1.056152343750000000e+02,2.062499999999989342e-02,1.536999999999999922e+01,-6.343750000000092371e-02
4.602899999999999636e+03,1.051391601562500000e+02,6.062499999999992895e-02,1.556000000000000050e+01,2.132812499999925393e-02
4.603000000000000000e+03,1.049560546875000000e+02,6.812499999999976907e-02,1.532000000000000028e+01,2.351562499999904077e-02
4.603100000000000364e+03,1.053955078125000000e+02,4.062499999999991118e-02,1.543999999999999950e+01,-6.617187500000110134e-02
4.603199999999999818e+03,1.032165527343750000e+02,4.062499999999991118e-02,1.541999999999999993e+01,-4.156250000000039080e-02
4.603300000000000182e+03,1.026489257812500000e+02,4.812499999999975131e-02,1.532000000000000028e+01,-2.406250000000031974e-02
4.603399999999999636e+03,1.025207519531250000e+02,4.062499999999991118e-02,1.533999999999999986e+01,1.804687499999957367e-02
4.603500000000000000e+03,1.022644042968750000e+02,2.562499999999978684e-02,1.550999999999999979e+01,-3.445312500000063949e-02
4.603600000000000364e+03,1.026855468750000000e+02,5.812499999999998224e-02,1.536999999999999922e+01,2.187499999998898659e-03
4.603699999999999818e+03,9.995727539062500000e+01,4.312499999999985789e-02,1.551999999999999957e+01,-6.562500000000248690e-03
4.603800000000000182e+03,1.002868652343750000e+02,1.812499999999994671e-02,1.550999999999999979e+01,-3.554687500000053291e-02
4.603899999999999636e+03,1.002685546875000000e+02,-4.787500000000002309e-01,1.544999999999999929e+01,-1.203125000000060396e-02
4.604000000000000000e+03,9.995727539062500000e+01,5.812499999999998224e-02,1.558000000000000007e+01,-3.281250000000035527e-02
4.604100000000000364e+03,9.874877929687500000e+01,1.562500000000000000e-02,1.536999999999999922e+01,-2.187500000000053291e-02
4.604199999999999818e+03,9.768676757812500000e+01,7.312500000000010658e-02,1.567999999999999972e+01,-1.257812500000099476e-02
4.604300000000000182e+03,9.819946289062500000e+01,5.812499999999998224e-02,1.547000000000000064e+01,-7.382812500000035527e-02
4.604399999999999636e+03,9.810791015625000000e+01,4.062499999999991118e-02,1.558000000000000007e+01,-7.929687500000071054e-02
4.604500000000000000e+03,9.726562500000000000e+01,1.062500000000010658e-02,1.544999999999999929e+01,5.140624999999943157e-02
4.604600000000000364e+03,9.633178710937500000e+01,5.624999999999769074e-03,1.554999999999999893e+01,-6.015625000000035527e-02
4.604699999999999818e+03,9.574584960937500000e+01,5.562500000000003553e-02,1.561999999999999922e+01,-4.046875000000049738e-02
4.604800000000000182e+03,9.618530273437500000e+01,6.312499999999987566e-02,1.550999999999999979e+01,-7.273437500000046185e-02
4.604899999999999636e+03,9.609375000000000000e+01,1.074999999999999289e-01,1.522000000000000064e+01,-9.296875000000426326e-03
4.605000000000000000e+03,9.429931640625000000e+01,4.812499999999975131e-02,1.540000000000000036e+01,2.023437499999936051e-02
4.605100000000000364e+03,9.451904296875000000e+01,5.812499999999998224e-02,1.532000000000000028e+01,-3.828125000000071054e-02
4.605199999999999818e+03,9.396972656250000000e+01,3.812499999999996447e-02,1.561999999999999922e+01,-2.734375000000088818e-02
4.605300000000000182e+03,9.442749023437500000e+01,2.062499999999989342e-02,1.543999999999999950e+01,-4.648437500000035527e-02
4.605399999999999636e+03,9.338378906250000000e+01,5.062500000000014211e-02,1.527999999999999936e+01,-5.468750000000355271e-03
4.605500000000000000e+03,9.248657226562500000e+01,1.750000000000007105e-02,1.541000000000000014e+01,-1.750000000000095923e-02
4.605600000000000364e+03,9.290771484375000000e+01,2.812499999999973355e-02,1.515000000000000036e+01,-3.609375000000092371e-02
4.605699999999999818e+03,9.234008789062500000e+01,4.062499999999991118e-02,1.533000000000000007e+01,-1.914062500000035527e-02
4.605800000000000182e+03,9.277954101562500000e+01,6.312499999999987566e-02,1.540000000000000036e+01,-9.789062500000067502e-02
4.605899999999999636e+03,9.118652343750000000e+01,-1.875000000000071054e-03,1.542999999999999972e+01,-9.843750000000817124e-03
4.606000000000000000e+03,9.083862304687500000e+01,6.062499999999992895e-02,1.533000000000000007e+01,-5.468750000000088818e-02
4.606100000000000364e+03,9.127807617187500000e+01,1.562500000000000000e-02,1.549750000000000050e+01,-5.468750000000355271e-03
4.606199999999999818e+03,9.069213867187500000e+01,2.312499999999984013e-02,1.567999999999999972e+01,-5.468750000000088818e-02
4.606300000000000182e+03,8.994140625000000000e+01,3.812499999999996447e-02,1.542750000000000021e+01,-3.992187500000099476e-02
4.606399999999999636e+03,8.957519531250000000e+01,4.062499999999991118e-02,1.532000000000000028e+01,-2.406250000000031974e-02
4.606500000000000000e+03,8.933715820312500000e+01,5.062500000000014211e-02,1.540750000000000064e+01,-2.734375000001065814e-03
4.606600000000000364e+03,8.973999023437500000e+01,8.124999999999715783e-03,1.545999999999999908e+01,-2.625000000000099476e-02
4.606699999999999818e+03,8.878784179687500000e+01,5.812499999999998224e-02,1.545999999999999908e+01,-5.468750000000355271e-03
4.606800000000000182e+03,8.820190429687500000e+01,3.562500000000001776e-02,1.558999999999999986e+01,-1.968750000000074607e-02
4.606899999999999636e+03,8.812866210937500000e+01,5.562500000000003553e-02,1.551999999999999957e+01,-4.156250000000039080e-02
4.607000000000000000e+03,8.783569335937500000e+01,2.562499999999978684e-02,1.549000000000000021e+01,-3.828125000000959233e-03
4.607100000000000364e+03,8.827514648437500000e+01,4.812499999999975131e-02,1.547000000000000064e+01,-4.429687500000056843e-02
4.607199999999999818e+03,8.649902343750000000e+01,4.062499999999991118e-02,1.558999999999999986e+01,-1.750000000000095923e-02
4.607300000000000182e+03,8.677368164062500000e+01,5.812499999999998224e-02,1.564000000000000057e+01,-2.023437500000024869e-02
4.607399999999999636e+03,8.670043945312500000e+01,5.312500000000008882e-02,1.548000000000000043e+01,-4.757812500000024869e-02
4.607500000000000000e+03,8.646240234375000000e+01,3.812499999999996447e-02,1.536999999999999922e+01,-6.289062500000053291e-02
4.607600000000000364e+03,8.600463867187500000e+01,2.312499999999984013e-02,1.549000000000000021e+01,-6.398437500000042633e-02
4.607699999999999818e+03,8.499755859375000000e+01,4.812499999999975131e-02,1.554749999999999943e+01,6.015624999998969713e-03
4.607800000000000182e+03,8.536376953125000000e+01,1.812499999999994671e-02,1.568999999999999950e+01,-6.289062500000053291e-02
4.607899999999999636e+03,8.530883789062500000e+01,7.812500000000000000e-02,1.541999999999999993e+01,-2.898437500000028422e-02
4.608000000000000000e+03,8.505249023437500000e+01,3.812499999999996447e-02,1.543999999999999950e+01,-5.851562500000095923e-02
4.608100000000000364e+03,8.421020507812500000e+01,6.249999999998756550e-04,1.556000000000000050e+01,-4.867187500000103029e-02
4.608199999999999818e+03,8.366088867187500000e+01,4.562499999999980460e-02,1.545999999999999908e+01,-5.742187500000106581e-02
4.608300000000000182e+03,8.402709960937500000e+01,4.312499999999985789e-02,1.543999999999999950e+01,-3.609375000000092371e-02
4.608399999999999636e+03,8.400878906250000000e+01,3.312500000000007105e-02,1.540000000000000036e+01,-5.468750000000355271e-03
4.608500000000000000e+03,8.269042968750000000e+01,3.812499999999996447e-02,1.541000000000000014e+01,-2.351562500000081712e-02
4.608600000000000364e+03,8.285522460937500000e+01,5.812499999999998224e-02,1.564000000000000057e+01,-6.562500000000248690e-03
4.608699999999999818e+03,8.236083984375000000e+01,6.062499999999992895e-02,1.547000000000000064e+01,1.914062499999946709e-02
4.608800000000000182e+03,8.270874023437500000e+01,4.562499999999980460e-02,1.550999999999999979e+01,-1.203125000000060396e-02
4.608899999999999636e+03,8.243408203125000000e+01,4.812499999999975131e-02,1.537999999999999901e+01,-1.126562500000005684e-01
4.609000000000000000e+03,8.120727539062500000e+01,3.062500000000012434e-02,1.538749999999999929e+01,-1.312500000000049738e-02
4.609100000000000364e+03,8.153686523437500000e+01,5.312500000000008882e-02,1.537999999999999901e+01,-8.257812500000039080e-02
4.609199999999999818e+03,8.107910156250000000e+01,4.562499999999980460e-02,1.545999999999999908e+01,-3.062500000000056843e-02
4.609300000000000182e+03,8.146362304687500000e+01,2.562499999999978684e-02,1.565000000000000036e+01,-1.476562500000078160e-02
4.609399999999999636e+03,8.027343750000000000e+01,5.812499999999998224e-02,1.554749999999999943e+01,-7.109375000000639488e-03
4.609500000000000000e+03,7.983398437500000000e+01,1.562500000000000000e-02,1.550000000000000000e+01,-2.789062500000039080e-02
4.609600000000000364e+03,8.023681640625000000e+01,4.812499999999975131e-02,1.550000000000000000e+01,-6.015625000000035527e-02
4.609699999999999818e+03,7.977905273437500000e+01,3.312500000000007105e-02,1.541000000000000014e+01,-5.851562500000095923e-02
4.609800000000000182e+03,7.946777343750000000e+01,3.812499999999996447e-02,1.559999999999999964e+01,-5.031250000000042633e-02
4.609899999999999636e+03,7.895507812500000000e+01,8.124999999999715783e-03,1.556000000000000050e+01,1.312499999999960920e-02
4.610000000000000000e+03,7.862548828125000000e+01,4.562499999999980460e-02,1.552999999999999936e+01,-2.679687500000049738e-02
4.610100000000000364e+03,7.902832031250000000e+01,5.062500000000014211e-02,1.545999999999999908e+01,2.460937499999893419e-02
4.610199999999999818e+03,7.857055664062500000e+01,5.312500000000008882e-02,1.541999999999999993e+01,-3.335937500000074607e-02
4.610300000000000182e+03,7.791137695312500000e+01,2.062499999999989342e-02,1.528999999999999915e+01,-2.898437500000028422e-02
4.610399999999999636e+03,7.783813476562500000e+01,6.249999999998756550e-04,1.533000000000000007e+01,-3.390625000000024869e-02
4.610500000000000000e+03,7.749023437500000000e+01,3.062500000000012434e-02,1.553999999999999915e+01,-6.945312500000078160e-02
4.610600000000000364e+03,7.794799804687500000e+01,3.312500000000007105e-02,1.534999999999999964e+01,-7.601562500000103029e-02
4.610699999999999818e+03,7.659301757812500000e+01,3.562500000000001776e-02,1.556000000000000050e+01,-2.406250000000031974e-02
4.610800000000000182e+03,7.662963867187500000e+01,5.812499999999998224e-02,1.544999999999999929e+01,-7.273437500000046185e-02
4.610899999999999636e+03,7.661132812500000000e+01,1.812499999999994671e-02,1.562749999999999950e+01,1.367187499999911182e-02
4.611000000000000000e+03,7.631835937500000000e+01,2.062499999999989342e-02,1.545999999999999908e+01,1.203124999999971578e-02
4.611100000000000364e+03,7.653808593750000000e+01,5.812499999999998224e-02,1.560999999999999943e+01,-2.515625000000110134e-02
4.611199999999999818e+03,7.521972656250000000e+01,6.562499999999982236e-02,1.543999999999999950e+01,-4.484375000000095923e-02
4.611300000000000182e+03,7.549438476562500000e+01,5.312500000000008882e-02,1.562999999999999901e+01,-5.851562500000095923e-02
4.611399999999999636e+03,7.551269531250000000e+01,4.562499999999980460e-02,1.548000000000000043e+01,-3.390625000000024869e-02
4.611500000000000000e+03,7.520141601562500000e+01,4.812499999999975131e-02,1.551500000000000057e+01,5.468749999999467093e-03
4.611600000000000364e+03,7.468872070312500000e+01,3.062500000000012434e-02,1.548000000000000043e+01,-9.843750000000817124e-03
4.611699999999999818e+03,7.406616210937500000e+01,4.562499999999980460e-02,1.536999999999999922e+01,-1.859375000000085265e-02
4.611800000000000182e+03,7.441406250000000000e+01,1.062500000000010658e-02,1.556749999999999901e+01,-6.015625000000746070e-03
4.611899999999999636e+03,7.439575195312500000e+01,7.312500000000010658e-02,1.569999999999999929e+01,-1.804687500000046185e-02
4.612000000000000000e+03,7.360839843750000000e+01,5.062500000000014211e-02,1.522000000000000064e+01,-1.312500000000049738e-02
4.612100000000000364e+03,7.351684570312500000e+01,6.562499999999982236e-02,1.548000000000000043e+01,-1.640625000000284217e-03
4.612199999999999818e+03,7.309570312500000000e+01,4.062499999999991118e-02,1.557000000000000028e+01,-6.890625000000039080e-02
4.612300000000000182e+03,7.338867187500000000e+01,3.812499999999996447e-02,1.543999999999999950e+01,-1.367187500000088818e-02
4.612399999999999636e+03,7.340698242187500000e+01,1.562500000000000000e-02,1.558000000000000007e+01,-8.750000000000923706e-03
4.612500000000000000e+03,7.208862304687500000e+01,7.062500000000015987e-02,1.549000000000000021e+01,-2.515625000000110134e-02
4.612600000000000364e+03,7.238159179687500000e+01,3.312500000000007105e-02,1.541000000000000014e+01,-4.921875000000053291e-02
4.612699999999999818e+03,7.197875976562500000e+01,3.562500000000001776e-02,1.545999999999999908e+01,-7.109375000000106581e-02
4.612800000000000182e+03,7.227172851562500000e+01,5.812499999999998224e-02,1.525000000000000000e+01,-2.734375000000088818e-02
4.612899999999999636e+03,7.163085937500000000e+01,7.562500000000005329e-02,1.517999999999999972e+01,-5.414062500000049738e-02
4.613000000000000000e+03,7.102661132812500000e+01,-1.875000000000071054e-03,1.533999999999999986e+01,-5.960937500000085265e-02
4.613100000000000364e+03,7.139282226562500000e+01,5.812499999999998224e-02,1.540000000000000036e+01,-4.812500000000063949e-02
4.613199999999999818e+03,7.100830078125000000e+01,3.312500000000007105e-02,1.550000000000000000e+01,-3.281250000000568434e-03
4.613300000000000182e+03,7.119140625000000000e+01,5.312500000000008882e-02,1.542999999999999972e+01,-3.882812500000110134e-02
4.613399999999999636e+03,7.034912109375000000e+01,2.812499999999973355e-02,1.543750000000000000e+01,1.585937499999889866e-02
4.613500000000000000e+03,7.003784179687500000e+01,4.562499999999980460e-02,1.551999999999999957e+01,-7.328125000000085265e-02
4.613600000000000364e+03,7.040405273437500000e+01,6.812499999999976907e-02,1.539749999999999908e+01,2.351562499999904077e-02
4.613699999999999818e+03,7.001953125000000000e+01,7.312500000000010658e-02,1.560999999999999943e+01,3.554687499999964473e-02
4.613800000000000182e+03,6.947021484375000000e+01,1.812499999999994671e-02,1.556000000000000050e+01,-8.881784197001252323e-16
4.613899999999999636e+03,6.932373046875000000e+01,3.312500000000007105e-02,1.567999999999999972e+01,-3.554687500000053291e-02
4.614000000000000000e+03,6.901245117187500000e+01,4.062499999999991118e-02,1.545999999999999908e+01,-2.351562500000081712e-02
4.614100000000000364e+03,6.937866210937500000e+01,3.562500000000001776e-02,1.551999999999999957e+01,-5.468750000000088818e-02
4.614199999999999818e+03,6.866455078125000000e+01,6.062499999999992895e-02,1.572749999999999915e+01,-8.257812500000039080e-02
4.614300000000000182e+03,6.838989257812500000e+01,6.312499999999987566e-02,1.562999999999999901e+01,-6.398437500000042633e-02
4.614399999999999636e+03,6.844482421875000000e+01,5.812499999999998224e-02,1.539000000000000057e+01,-2.460937500000071054e-02
4.614500000000000000e+03,6.815185546875000000e+01,1.312500000000005329e-02,1.554999999999999893e+01,-3.171875000000046185e-02
4.614600000000000364e+03,6.851806640625000000e+01,1.812499999999994671e-02,1.529999999999999893e+01,-3.828125000000071054e-02
4.614699999999999818e+03,6.729125976562500000e+01,5.312500000000008882e-02,1.552999999999999936e+01,8.749999999999147349e-03
4.614800000000000182e+03,6.751098632812500000e+01,6.312499999999987566e-02,1.552999999999999936e+01,-1.750000000000095923e-02
4.614899999999999636e+03,6.751098632812500000e+01,7.062500000000015987e-02,1.556749999999999901e+01,9.843749999999040767e-03
4.615000000000000000e+03,6.723632812500000000e+01,2.812499999999973355e-02,1.541999999999999993e+01,2.132812499999925393e-02
4.615100000000000364e+03,6.696166992187500000e+01,4.312499999999985789e-02,1.537999999999999901e+01,-6.289062500000053291e-02
4.615199999999999818e+03,6.635742187500000000e+01,5.812499999999998224e-02,1.561999999999999922e+01,-4.101562500000088818e-02
4.615300000000000182e+03,6.657714843750000000e+01,6.312499999999987566e-02,1.558000000000000007e+01,-3.007812500000106581e-02
4.615399999999999636e+03,6.661376953125000000e+01,4.312499999999985789e-02,1.556000000000000050e+01,-1.039062500000031974e-02
4.615500000000000000e+03,6.630249023437500000e+01,5.312500000000008882e-02,1.547000000000000064e+01,-3.937500000000060396e-02
4.615600000000000364e+03,6.593627929687500000e+01,1.625000000000000888e-01,1.537999999999999901e+01,-6.015625000000746070e-03
4.615699999999999818e+03,6.551513671875000000e+01,6.249999999998756550e-04,1.528999999999999915e+01,-7.273437500000046185e-02
4.615800000000000182e+03,6.577148437500000000e+01,6.062499999999992895e-02,1.566999999999999993e+01,-2.843750000000078160e-02
4.615899999999999636e+03,6.580810546875000000e+01,6.062499999999992895e-02,1.554999999999999893e+01,-1.033593750000010303e-01
4.616000000000000000e+03,6.481933593750000000e+01,2.312499999999984013e-02,1.557000000000000028e+01,-3.335937500000074607e-02
4.616100000000000364e+03,6.498413085937500000e+01,1.812499999999994671e-02,1.551750000000000007e+01,3.007812499999928946e-02
4.616199999999999818e+03,6.463623046875000000e+01,3.562500000000001776e-02,1.552999999999999936e+01,-7.710937500000092371e-02
4.616300000000000182e+03,6.489257812500000000e+01,7.812500000000000000e-02,1.559999999999999964e+01,-3.664062500000042633e-02
4.616399999999999636e+03,6.465454101562500000e+01,6.062499999999992895e-02,1.561999999999999922e+01,-1.531250000000028422e-02
4.616500000000000000e+03,6.384887695312500000e+01,6.562499999999982236e-02,1.533999999999999986e+01,-8.750000000000923706e-03
4.616600000000000364e+03,6.419677734375000000e+01,5.812499999999998224e-02,1.526999999999999957e+01,4.374999999999573674e-03
4.616699999999999818e+03,6.383056640625000000e+01,2.312499999999984013e-02,1.542999999999999972e+01,5.468749999995026201e-04
4.616800000000000182e+03,6.408691406250000000e+01,6.625000000000014211e-02,1.568999999999999950e+01,-3.390625000000024869e-02
4.616899999999999636e+03,6.337280273437500000e+01,1.812499999999994671e-02,1.549750000000000050e+01,-4.539062500000046185e-02
4.617000000000000000e+03,6.300659179687500000e+01,7.562500000000005329e-02,1.531000000000000050e+01,3.281249999999680256e-03
4.617100000000000364e+03,6.337280273437500000e+01,2.562499999999978684e-02,1.544999999999999929e+01,-1.750000000000095923e-02
4.617199999999999818e+03,6.298828125000000000e+01,2.562499999999978684e-02,1.560999999999999943e+01,-6.070312500000074607e-02
4.617300000000000182e+03,6.278686523437500000e+01,4.812499999999975131e-02,1.533999999999999986e+01,3.828124999999182876e-03
4.617399999999999636e+03,6.253051757812500000e+01,2.062499999999989342e-02,1.567999999999999972e+01,-2.515625000000110134e-02
4.617500000000000000e+03,6.221923828125000000e+01,7.312500000000010658e-02,1.557000000000000028e+01,-5.140625000000031974e-02
4.617600000000000364e+03,6.254882812500000000e+01,4.062499999999991118e-02,1.536999999999999922e+01,-1.148437500000110134e-02
4.617699999999999818e+03,6.223754882812500000e+01,8.812499999999978684e-02,1.544999999999999929e+01,-7.382812500000035527e-02
4.617800000000000182e+03,6.168823242187500000e+01,2.562499999999978684e-02,1.548000000000000043e+01,-5.250000000000110134e-02
4.617899999999999636e+03,6.165161132812500000e+01,5.312500000000008882e-02,1.551999999999999957e+01,-9.679687500000078160e-02
4.618000000000000000e+03,6.139526367187500000e+01,6.812499999999976907e-02,1.550000000000000000e+01,-3.773437500000031974e-02
4.618100000000000364e+03,6.177978515625000000e+01,8.312499999999989342e-02,1.546749999999999936e+01,-1.750000000000095923e-02
4.618199999999999818e+03,6.082763671875000000e+01,3.812499999999996447e-02,1.552999999999999936e+01,-2.570312500000060396e-02
4.618300000000000182e+03,6.088256835937500000e+01,6.062499999999992895e-02,1.560999999999999943e+01,-5.578125000000078160e-02
4.618399999999999636e+03,6.090087890625000000e+01,5.562500000000003553e-02,1.575000000000000000e+01,-3.992187500000099476e-02
4.618500000000000000e+03,6.060791015625000000e+01,5.062500000000014211e-02,1.566249999999999964e+01,-3.937500000000060396e-02
4.618600000000000364e+03,6.084594726562500000e+01,5.062500000000014211e-02,1.534999999999999964e+01,-3.664062500000042633e-02
4.618699999999999818e+03,5.993041992187500000e+01,6.062499999999992895e-02,1.562999999999999901e+01,-1.148437500000110134e-02
4.618800000000000182e+03,6.015014648437500000e+01,5.562500000000003553e-02,1.556749999999999901e+01,-9.296875000000426326e-03
4.618899999999999636e+03,6.018676757812500000e+01,3.812499999999996447e-02,1.558999999999999986e+01,-6.179687500000063949e-02
4.619000000000000000e+03,5.991210937500000000e+01,4.812499999999975131e-02,1.550999999999999979e+01,-5.687500000000067502e-02
4.619100000000000364e+03,5.965576171875000000e+01,1.562500000000000000e-02,1.560749999999999993e+01,-1.640625000000284217e-03
4.619199999999999818e+03,5.923461914062500000e+01,8.562499999999984013e-02,1.553999999999999915e+01,-3.062500000000056843e-02
4.619300000000000182e+03,5.947265625000000000e+01,5.812499999999998224e-02,1.551999999999999957e+01,2.078124999999975131e-02
4.619399999999999636e+03,5.952758789062500000e+01,4.062499999999991118e-02,1.549000000000000021e+01,-3.554687500000053291e-02
4.619500000000000000e+03,5.883178710937500000e+01,5.562500000000003553e-02,1.540000000000000036e+01,-4.210937500000078160e-02
4.619600000000000364e+03,5.875854492187500000e+01,5.812499999999998224e-02,1.551999999999999957e+01,-1.531250000000028422e-02
4.619699999999999818e+03,5.844726562500000000e+01,7.312500000000010658e-02,1.540000000000000036e+01,-3.281250000000035527e-02
4.619800000000000182e+03,5.863037109375000000e+01,5.312500000000008882e-02,1.542750000000000021e+01,-3.992187500000099476e-02
4.619899999999999636e+03,5.864868164062500000e+01,2.562499999999978684e-02,1.556000000000000050e+01,-8.881784197001252323e-16
4.620000000000000000e+03,5.786132812500000000e+01,6.062499999999992895e-02,1.525999999999999979e+01,3.828124999999182876e-03
4.620100000000000364e+03,5.817260742187500000e+01,7.062500000000015987e-02,1.533000000000000007e+01,-4.976562500000092371e-02
4.620199999999999818e+03,5.784301757812500000e+01,2.312499999999984013e-02,1.589749999999999908e+01,-5.960937500000085265e-02
4.620300000000000182e+03,5.802612304687500000e+01,2.562499999999978684e-02,1.540000000000000036e+01,-5.468750000000088818e-02
4.620399999999999636e+03,5.760498046875000000e+01,3.312500000000007105e-02,1.551999999999999957e+01,-8.203125000000532907e-03
4.620500000000000000e+03,5.712890625000000000e+01,1.312500000000005329e-02,1.540000000000000036e+01,-1.640625000000284217e-03
4.620600000000000364e+03,5.749511718750000000e+01,2.562499999999978684e-02,1.557000000000000028e+01,-6.781250000000049738e-02
4.620699999999999818e+03,5.714721679687500000e+01,3.562500000000001776e-02,1.570999999999999908e+01,-4.046875000000049738e-02
4.620800000000000182e+03,5.733032226562500000e+01,3.062500000000012434e-02,1.543999999999999950e+01,-5.250000000000110134e-02
4.620899999999999636e+03,5.674438476562500000e+01,4.062499999999991118e-02,1.554999999999999893e+01,1.203124999999971578e-02
4.621000000000000000e+03,5.639648437500000000e+01,6.249999999998756550e-04,1.569999999999999929e+01,-3.992187500000099476e-02
4.621100000000000364e+03,5.674438476562500000e+01,4.562499999999980460e-02,1.559999999999999964e+01,-6.125000000000024869e-02
4.621199999999999818e+03,5.648803710937500000e+01,5.312500000000008882e-02,1.565000000000000036e+01,-4.648437500000035527e-02
4.621300000000000182e+03,5.617675781250000000e+01,6.562499999999982236e-02,1.565750000000000064e+01,-2.460937500000071054e-02
4.621399999999999636e+03,5.610351562500000000e+01,4.062499999999991118e-02,1.573000000000000043e+01,-1.804687500000046185e-02
4.621500000000000000e+03,5.579223632812500000e+01,3.812499999999996447e-02,1.544999999999999929e+01,-4.210937500000078160e-02
4.621600000000000364e+03,5.612182617187500000e+01,5.062500000000014211e-02,1.560749999999999993e+01,-6.070312500000074607e-02
4.621699999999999818e+03,5.566406250000000000e+01,5.562500000000003553e-02,1.527749999999999986e+01,-5.796875000000056843e-02
4.621800000000000182e+03,5.546264648437500000e+01,2.812499999999973355e-02,1.533000000000000007e+01,-6.562500000000071054e-02
4.621899999999999636e+03,5.549926757812500000e+01,3.562500000000001776e-02,1.557000000000000028e+01,-4.703125000000074607e-02
4.622000000000000000e+03,5.522460937500000000e+01,4.562499999999980460e-02,1.544999999999999929e+01,-4.976562500000092371e-02
4.622100000000000364e+03,5.557250976562500000e+01,3.812499999999996447e-02,1.545999999999999908e+01,-4.320312500000067502e-02
4.622199999999999818e+03,5.462036132812500000e+01,2.562499999999978684e-02,1.560749999999999993e+01,-3.828125000000071054e-02
4.622300000000000182e+03,5.473022460937500000e+01,7.062500000000015987e-02,1.536749999999999972e+01,-4.593750000000085265e-02
4.622399999999999636e+03,5.478515625000000000e+01,7.062500000000015987e-02,1.535999999999999943e+01,-3.335937500000074607e-02
4.622500000000000000e+03,5.452880859375000000e+01,3.312500000000007105e-02,1.545999999999999908e+01,-5.414062500000049738e-02
4.622600000000000364e+03,5.449218750000000000e+01,7.562500000000005329e-02,1.540750000000000064e+01,-1.640625000000106581e-02
4.622699999999999818e+03,5.396118164062500000e+01,1.812499999999994671e-02,1.547000000000000064e+01,-3.226562500000085265e-02
4.622800000000000182e+03,5.414428710937500000e+01,5.812499999999998224e-02,1.540000000000000036e+01,6.562499999999360512e-03
4.622899999999999636e+03,5.419921875000000000e+01,6.062499999999992895e-02,1.529999999999999893e+01,-3.007812500000106581e-02
4.623000000000000000e+03,5.390625000000000000e+01,1.062500000000010658e-02,1.533999999999999986e+01,-4.703125000000074607e-02
4.623100000000000364e+03,5.375976562500000000e+01,7.812500000000000000e-02,1.553999999999999915e+01,6.562499999999360512e-03
4.623199999999999818e+03,5.346679687500000000e+01,-1.875000000000071054e-03,1.563749999999999929e+01,-5.085937500000081712e-02
4.623300000000000182e+03,5.361328125000000000e+01,6.812499999999976907e-02,1.544999999999999929e+01,-4.265625000000028422e-02
4.623399999999999636e+03,5.368652343750000000e+01,6.062499999999992895e-02,1.562999999999999901e+01,-2.679687500000049738e-02
4.623500000000000000e+03,5.297241210937500000e+01,5.312500000000008882e-02,1.541999999999999993e+01,-6.945312500000078160e-02
4.623600000000000364e+03,5.315551757812500000e+01,1.812499999999994671e-02,1.535999999999999943e+01,-9.296875000000426326e-03
4.623699999999999818e+03,5.288085937500000000e+01,7.562500000000005329e-02,1.568999999999999950e+01,-5.632812500000028422e-02
4.623800000000000182e+03,5.304565429687500000e+01,-2.406250000000000888e-01,1.561999999999999922e+01,-1.077343750000006040e-01
4.623899999999999636e+03,5.300903320312500000e+01,4.812499999999975131e-02,1.562999999999999901e+01,-7.437500000000074607e-02
4.624000000000000000e+03,5.222167968750000000e+01,3.062500000000012434e-02,1.554999999999999893e+01,-7.382812500000035527e-02
4.624100000000000364e+03,5.256958007812500000e+01,7.562500000000005329e-02,1.566000000000000014e+01,-3.828125000000071054e-02
4.624199999999999818e+03,5.227661132812500000e+01,5.312500000000008882e-02,1.549000000000000021e+01,-3.226562500000085265e-02
4.624300000000000182e+03,5.244140625000000000e+01,6.562499999999982236e-02,1.543999999999999950e+01,-8.257812500000039080e-02
4.624399999999999636e+03,5.249633789062500000e+01,7.562500000000005329e-02,1.556000000000000050e+01,7.109374999999751310e-03
4.624500000000000000e+03,5.223999023437500000e+01,3.812499999999996447e-02,1.548000000000000043e+01,-4.484375000000095923e-02
4.624600000000000364e+03,5.251464843750000000e+01,4.312499999999985789e-02,1.548000000000000043e+01,-8.093750000000099476e-02
4.624699999999999818e+03,5.229492187500000000e+01,5.312500000000008882e-02,1.552999999999999936e+01,-2.023437500000024869e-02
4.624800000000000182e+03,5.245971679687500000e+01,7.062500000000015987e-02,1.562999999999999901e+01,-7.546875000000063949e-02
4.624899999999999636e+03,5.249633789062500000e+01,2.062499999999989342e-02,1.541999999999999993e+01,-4.210937500000078160e-02
4.625000000000000000e+03,5.222167968750000000e+01,-2.937499999999992895e-02,1.554999999999999893e+01,-4.812500000000063949e-02
4.625100000000000364e+03,5.251464843750000000e+01,5.062500000000014211e-02,1.558999999999999986e+01,-2.023437500000024869e-02
4.625199999999999818e+03,5.229492187500000000e+01,7.562500000000005329e-02,1.540000000000000036e+01,1.640624999999396039e-03
4.625300000000000182e+03,5.288085937500000000e+01,5.812499999999998224e-02,1.552999999999999936e+01,1.804687499999957367e-02
4.625399999999999636e+03,5.297241210937500000e+01,4.312499999999985789e-02,1.566000000000000014e+01,-6.343750000000092371e-02
4.625500000000000000e+03,5.273437500000000000e+01,2.927500000000000213e+00,1.545999999999999908e+01,1.548804687500000021e+01
4.625600000000000364e+03,5.302734375000000000e+01,2.939999999999999947e+00,1.550999999999999979e+01,1.548148437500000085e+01
4.625699999999999818e+03,5.414428710937500000e+01,2.939999999999999947e+00,1.537999999999999901e+01,1.545632812500000064e+01
4.625800000000000182e+03,5.491333007812500000e+01,2.935000000000000053e+00,1.551999999999999957e+01,1.550500000000000078e+01
4.625899999999999636e+03,5.500488281250000000e+01,2.957500000000000018e+00,1.562999999999999901e+01,1.544484375000000043e+01
4.626000000000000000e+03,5.474853515625000000e+01,2.970000000000000195e+00,1.546749999999999936e+01,1.549132812500000078e+01
4.626100000000000364e+03,5.531616210937500000e+01,2.955000000000000071e+00,1.531000000000000050e+01,1.549296875000000107e+01
4.626199999999999818e+03,5.778808593750000000e+01,2.990000000000000213e+00,1.544999999999999929e+01,1.550281250000000099e+01
4.626300000000000182e+03,5.815429687500000000e+01,3.004999999999999893e+00,1.570999999999999908e+01,1.549898437500000092e+01
4.626399999999999636e+03,5.815429687500000000e+01,3.007499999999999840e+00,1.549000000000000021e+01,1.554054687500000043e+01
4.626500000000000000e+03,5.789794921875000000e+01,3.022499999999999964e+00,1.553999999999999915e+01,1.547765625000000078e+01
4.626600000000000364e+03,6.183471679687500000e+01,3.004999999999999893e+00,1.554999999999999893e+01,1.546781250000000085e+01
4.626699999999999818e+03,6.209106445312500000e+01,3.027499999999999858e+00,1.536749999999999972e+01,1.553289062500000028e+01
4.626800000000000182e+03,6.236572265625000000e+01,3.044999999999999929e+00,1.565000000000000036e+01,1.539945312500000085e+01
4.626899999999999636e+03,6.236572265625000000e+01,3.037500000000000089e+00,1.541000000000000014e+01,1.544648437500000071e+01
4.627000000000000000e+03,6.392211914062500000e+01,3.047499999999999876e+00,1.550000000000000000e+01,1.548531250000000092e+01
4.627100000000000364e+03,6.641235351562500000e+01,3.069999999999999840e+00,1.547000000000000064e+01,1.549515625000000085e+01
4.627199999999999818e+03,6.611938476562500000e+01,3.087499999999999911e+00,1.543999999999999950e+01,1.551210937500000142e+01
4.627300000000000182e+03,6.639404296875000000e+01,3.082500000000000018e+00,1.539000000000000057e+01,1.550937500000000036e+01
4.627399999999999636e+03,6.641235351562500000e+01,3.087499999999999911e+00,1.566000000000000014e+01,1.547492187500000149e+01
4.627500000000000000e+03,6.919555664062500000e+01,3.097500000000000142e+00,1.533000000000000007e+01,1.550390625000000000e+01
4.627600000000000364e+03,6.987304687500000000e+01,3.087499999999999911e+00,1.551999999999999957e+01,1.548914062500000099e+01
4.627699999999999818e+03,6.948852539062500000e+01,3.140000000000000124e+00,1.544999999999999929e+01,1.553015625000000099e+01
4.627800000000000182e+03,6.978149414062500000e+01,3.140000000000000124e+00,1.540000000000000036e+01,1.544539062499999993e+01
4.627899999999999636e+03,7.170410156250000000e+01,3.169999999999999929e+00,1.552999999999999936e+01,1.550281250000000099e+01
4.628000000000000000e+03,7.239990234375000000e+01,3.127499999999999947e+00,1.558000000000000007e+01,1.554109374999999993e+01
4.628100000000000364e+03,7.282104492187500000e+01,3.125000000000000000e+00,1.522000000000000064e+01,1.548804687500000021e+01
4.628199999999999818e+03,7.238159179687500000e+01,3.134999999999999787e+00,1.561999999999999922e+01,1.545796875000000092e+01
4.628300000000000182e+03,7.278442382812500000e+01,2.812500000000000000e+00,1.508999999999999986e+01,1.548968750000000050e+01
4.628399999999999636e+03,7.520141601562500000e+01,3.137500000000000178e+00,1.564000000000000057e+01,1.547929687500000107e+01
4.628500000000000000e+03,7.501831054687500000e+01,3.160000000000000142e+00,1.544999999999999929e+01,1.545906249999999993e+01
4.628600000000000364e+03,7.540283203125000000e+01,3.160000000000000142e+00,1.560999999999999943e+01,1.547656250000000000e+01
4.628699999999999818e+03,7.500000000000000000e+01,3.234999999999999876e+00,1.558000000000000007e+01,1.545304687500000007e+01
4.628800000000000182e+03,7.727050781250000000e+01,3.187500000000000000e+00,1.529999999999999893e+01,1.548203125000000036e+01
4.628899999999999636e+03,7.769165039062500000e+01,3.225000000000000089e+00,1.541000000000000014e+01,1.544265625000000064e+01
4.629000000000000000e+03,7.739868164062500000e+01,3.189999999999999947e+00,1.560999999999999943e+01,1.546289062500000000e+01
4.629100000000000364e+03,7.781982421875000000e+01,3.222500000000000142e+00,1.568999999999999950e+01,1.550992187500000163e+01
4.629199999999999818e+03,7.827758789062500000e+01,3.250000000000000000e+00,1.528999999999999915e+01,1.551976562500000156e+01
4.629300000000000182e+03,7.998046875000000000e+01,3.237499999999999822e+00,1.551999999999999957e+01,1.544484375000000043e+01
4.629399999999999636e+03,8.001708984375000000e+01,3.202500000000000124e+00,1.552999999999999936e+01,1.547382812500000071e+01
4.629500000000000000e+03,7.974243164062500000e+01,3.247500000000000053e+00,1.525999999999999979e+01,1.546179687500000099e+01
4.629600000000000364e+03,8.016357421875000000e+01,3.240000000000000213e+00,1.552999999999999936e+01,1.548914062500000099e+01
4.629699999999999818e+03,8.155517578125000000e+01,3.237499999999999822e+00,1.577999999999999936e+01,1.550773437500000007e+01
4.629800000000000182e+03,8.212280273437500000e+01,3.274999999999999911e+00,1.552999999999999936e+01,1.550335937500000050e+01
4.629899999999999636e+03,8.210449218750000000e+01,3.274999999999999911e+00,1.549000000000000021e+01,1.556515625000000114e+01
4.630000000000000000e+03,8.184814453125000000e+01,3.234999999999999876e+00,1.528999999999999915e+01,1.547164062500000092e+01
4.630100000000000364e+03,8.364257812500000000e+01,3.272499999999999964e+00,1.531000000000000050e+01,1.552359375000000163e+01
4.630199999999999818e+03,8.380737304687500000e+01,3.265000000000000124e+00,1.532000000000000028e+01,1.546015625000000071e+01
4.630300000000000182e+03,8.426513671875000000e+01,3.282500000000000195e+00,1.531000000000000050e+01,1.542679687500000085e+01
4.630399999999999636e+03,8.421020507812500000e+01,3.305000000000000160e+00,1.519999999999999929e+01,1.549570312500000036e+01
4.630500000000000000e+03,8.400878906250000000e+01,3.310000000000000053e+00,1.529999999999999893e+01,1.549296875000000107e+01
4.630600000000000364e+03,8.616943359375000000e+01,3.312500000000000000e+00,1.549000000000000021e+01,1.546781250000000085e+01
4.630699999999999818e+03,8.569335937500000000e+01,3.307500000000000107e+00,1.516999999999999993e+01,1.552195312500000135e+01
4.630800000000000182e+03,8.611450195312500000e+01,3.362499999999999822e+00,1.561999999999999922e+01,1.551921875000000028e+01
4.630899999999999636e+03,8.607788085937500000e+01,3.305000000000000160e+00,1.539000000000000057e+01,1.548312500000000114e+01
4.631000000000000000e+03,8.741455078125000000e+01,3.350000000000000089e+00,1.567999999999999972e+01,1.553179687500000128e+01
4.631100000000000364e+03,8.812866210937500000e+01,3.352500000000000036e+00,1.529999999999999893e+01,1.555531250000000121e+01
4.631199999999999818e+03,8.761596679687500000e+01,3.345000000000000195e+00,1.528999999999999915e+01,1.548257812500000163e+01
4.631300000000000182e+03,8.805541992187500000e+01,3.342500000000000249e+00,1.560999999999999943e+01,1.547875000000000156e+01
4.631399999999999636e+03,8.875122070312500000e+01,3.354999999999999982e+00,1.567999999999999972e+01,1.545031250000000078e+01
4.631500000000000000e+03,8.957519531250000000e+01,3.370000000000000107e+00,1.558000000000000007e+01,1.540984375000000028e+01
4.631600000000000364e+03,8.999633789062500000e+01,3.354999999999999982e+00,1.554999999999999893e+01,1.545359375000000135e+01
4.631699999999999818e+03,8.952026367187500000e+01,3.362499999999999822e+00,1.573000000000000043e+01,1.549296875000000107e+01
4.631800000000000182e+03,8.994140625000000000e+01,3.382499999999999840e+00,1.547000000000000064e+01,1.544375000000000142e+01
4.631899999999999636e+03,9.144287109375000000e+01,3.377499999999999947e+00,1.561999999999999922e+01,1.544703125000000021e+01
4.632000000000000000e+03,9.135131835937500000e+01,3.402499999999999858e+00,1.559999999999999964e+01,1.547984375000000057e+01
4.632100000000000364e+03,9.177246093750000000e+01,3.402499999999999858e+00,1.537999999999999901e+01,1.552906250000000021e+01
4.632199999999999818e+03,9.122314453125000000e+01,3.417499999999999982e+00,1.556000000000000050e+01,1.545632812500000064e+01
4.632300000000000182e+03,9.288940429687500000e+01,3.412500000000000089e+00,1.558000000000000007e+01,1.542187500000000000e+01
4.632399999999999636e+03,9.338378906250000000e+01,3.464999999999999858e+00,1.526999999999999957e+01,1.548585937500000043e+01
4.632500000000000000e+03,9.309082031250000000e+01,3.370000000000000107e+00,1.559999999999999964e+01,1.553125000000000000e+01
4.632600000000000364e+03,9.358520507812500000e+01,3.457500000000000018e+00,1.545999999999999908e+01,1.548968750000000050e+01
4.632699999999999818e+03,9.309082031250000000e+01,3.467500000000000249e+00,1.552999999999999936e+01,1.550117187500000071e+01
4.632800000000000182e+03,9.508666992187500000e+01,3.477500000000000036e+00,1.556749999999999901e+01,1.548531250000000092e+01
4.632899999999999636e+03,9.510498046875000000e+01,3.444999999999999840e+00,1.556000000000000050e+01,1.545687500000000014e+01
4.633000000000000000e+03,9.484863281250000000e+01,3.482499999999999929e+00,1.540000000000000036e+01,1.548312500000000114e+01
4.633100000000000364e+03,9.534301757812500000e+01,3.464999999999999858e+00,1.528999999999999915e+01,1.546507812500000156e+01
4.633199999999999818e+03,9.614868164062500000e+01,3.450000000000000178e+00,1.550999999999999979e+01,1.544320312500000014e+01
4.633300000000000182e+03,9.688110351562500000e+01,3.457500000000000018e+00,1.535999999999999943e+01,1.544484375000000043e+01
4.633399999999999636e+03,9.680786132812500000e+01,3.462499999999999911e+00,1.524750000000000050e+01,1.545632812500000064e+01
4.633500000000000000e+03,9.655151367187500000e+01,3.497500000000000053e+00,1.549000000000000021e+01,1.544703125000000021e+01
4.633600000000000364e+03,9.772338867187500000e+01,3.497500000000000053e+00,1.542999999999999972e+01,1.543828125000000107e+01
4.633699999999999818e+03,9.808959960937500000e+01,3.500000000000000000e+00,1.567999999999999972e+01,1.547273437499999993e+01
4.633800000000000182e+03,9.858398437500000000e+01,3.507500000000000284e+00,1.549000000000000021e+01,1.549789062500000014e+01
4.633899999999999636e+03,9.851074218750000000e+01,3.512500000000000178e+00,1.544999999999999929e+01,1.543609375000000128e+01
4.634000000000000000e+03,9.829101562500000000e+01,3.509999999999999787e+00,1.558000000000000007e+01,1.543554687500000000e+01
4.634100000000000364e+03,1.001586914062500000e+02,3.547499999999999876e+00,1.533000000000000007e+01,1.547929687500000107e+01
4.634199999999999818e+03,9.968261718750000000e+01,3.549999999999999822e+00,1.534999999999999964e+01,1.547765625000000078e+01
4.634300000000000182e+03,1.002136230468750000e+02,3.544999999999999929e+00,1.529999999999999893e+01,1.545906249999999993e+01
4.634399999999999636e+03,1.000854492187500000e+02,3.555000000000000160e+00,1.559999999999999964e+01,1.542515625000000057e+01
4.634500000000000000e+03,1.011291503906250000e+02,3.589999999999999858e+00,1.536999999999999922e+01,1.545578125000000114e+01
4.634600000000000364e+03,1.019714355468750000e+02,3.490000000000000213e+00,1.536999999999999922e+01,1.547765625000000078e+01
4.634699999999999818e+03,1.013854980468750000e+02,3.567499999999999893e+00,1.550000000000000000e+01,1.542679687500000085e+01
4.634800000000000182e+03,1.019531250000000000e+02,3.615000000000000213e+00,1.531749999999999901e+01,1.548203125000000036e+01
4.634899999999999636e+03,1.020263671875000000e+02,3.589999999999999858e+00,1.568999999999999950e+01,1.550226562500000149e+01
4.635000000000000000e+03,1.031066894531250000e+02,3.575000000000000178e+00,1.556000000000000050e+01,1.548968750000000050e+01
4.635100000000000364e+03,1.035827636718750000e+02,3.612499999999999822e+00,1.542750000000000021e+01,1.548421875000000014e+01
4.635199999999999818e+03,1.029785156250000000e+02,3.602500000000000036e+00,1.545999999999999908e+01,1.549132812500000078e+01
4.635300000000000182e+03,1.034912109375000000e+02,3.637500000000000178e+00,1.539000000000000057e+01,1.551156250000000014e+01
4.635399999999999636e+03,1.047363281250000000e+02,3.617500000000000160e+00,1.541000000000000014e+01,1.543882812500000057e+01
4.635500000000000000e+03,1.047729492187500000e+02,3.629999999999999893e+00,1.541999999999999993e+01,1.549078125000000128e+01
4.635600000000000364e+03,1.051940917968750000e+02,3.660000000000000142e+00,1.537749999999999950e+01,1.550718750000000057e+01
4.635699999999999818e+03,1.045898437500000000e+02,3.647499999999999964e+00,1.549750000000000050e+01,1.546289062500000000e+01
4.635800000000000182e+03,1.059814453125000000e+02,3.625000000000000000e+00,1.566000000000000014e+01,1.548148437500000085e+01
4.635899999999999636e+03,1.066589355468750000e+02,3.652499999999999858e+00,1.556000000000000050e+01,1.545085937500000028e+01
4.636000000000000000e+03,1.064941406250000000e+02,3.700000000000000178e+00,1.534999999999999964e+01,1.548148437500000085e+01
4.636100000000000364e+03,1.069335937500000000e+02,3.692499999999999893e+00,1.541999999999999993e+01,1.546617187500000057e+01
4.636199999999999818e+03,1.063293457031250000e+02,3.700000000000000178e+00,1.573000000000000043e+01,1.546398437500000078e+01
4.636300000000000182e+03,1.083435058593750000e+02,3.702500000000000124e+00,1.550000000000000000e+01,1.547875000000000156e+01
4.636399999999999636e+03,1.082885742187500000e+02,3.712499999999999911e+00,1.550999999999999979e+01,1.544921875000000000e+01
4.636500000000000000e+03,1.081054687500000000e+02,3.685000000000000053e+00,1.553999999999999915e+01,1.549898437500000092e+01
4.636600000000000364e+03,1.085266113281250000e+02,3.705000000000000071e+00,1.569749999999999979e+01,1.546617187500000057e+01
4.636699999999999818e+03,1.090942382812500000e+02,3.747500000000000053e+00,1.564000000000000057e+01,1.549953125000000043e+01
4.636800000000000182e+03,1.099914550781250000e+02,3.750000000000000000e+00,1.560999999999999943e+01,1.547765625000000078e+01
4.636899999999999636e+03,1.098632812500000000e+02,3.777499999999999858e+00,1.541000000000000014e+01,1.545906249999999993e+01
4.637000000000000000e+03,1.096984863281250000e+02,3.777499999999999858e+00,1.557000000000000028e+01,1.545359375000000135e+01
4.637100000000000364e+03,1.105041503906250000e+02,3.757500000000000284e+00,1.566000000000000014e+01,1.546398437500000078e+01
4.637199999999999818e+03,1.110351562500000000e+02,3.807500000000000107e+00,1.545999999999999908e+01,1.547164062500000092e+01
4.637300000000000182e+03,1.116943359375000000e+02,3.797499999999999876e+00,1.568999999999999950e+01,1.547984375000000057e+01
4.637399999999999636e+03,1.114746093750000000e+02,3.774999999999999911e+00,1.545999999999999908e+01,1.547710937500000128e+01
4.637500000000000000e+03,1.112915039062500000e+02,3.834999999999999964e+00,1.532000000000000028e+01,1.547656250000000000e+01
4.637600000000000364e+03,1.132141113281250000e+02,3.842500000000000249e+00,1.536500000000000021e+01,1.549515625000000085e+01
4.637699999999999818e+03,1.127563476562500000e+02,3.820000000000000284e+00,1.541000000000000014e+01,1.547273437499999993e+01
4.637800000000000182e+03,1.133605957031250000e+02,3.875000000000000000e+00,1.549000000000000021e+01,1.546015625000000071e+01
4.637899999999999636e+03,1.131591796875000000e+02,3.895000000000000018e+00,1.558999999999999986e+01,1.548203125000000036e+01
4.638000000000000000e+03,1.139831542968750000e+02,3.890000000000000124e+00,1.559999999999999964e+01,1.550554687500000028e+01
4.638100000000000364e+03,1.150817871093750000e+02,3.875000000000000000e+00,1.559999999999999964e+01,1.548148437500000085e+01
4.638199999999999818e+03,1.144958496093750000e+02,3.907499999999999751e+00,1.543999999999999950e+01,1.552578125000000142e+01
4.638300000000000182e+03,1.150817871093750000e+02,3.932500000000000107e+00,1.542999999999999972e+01,1.547656250000000000e+01
4.638399999999999636e+03,1.148437500000000000e+02,3.937500000000000000e+00,1.565000000000000036e+01,1.547164062500000092e+01
4.638500000000000000e+03,1.162719726562500000e+02,3.964999999999999858e+00,1.544999999999999929e+01,1.548203125000000036e+01
4.638600000000000364e+03,1.168212890625000000e+02,3.969999999999999751e+00,1.549000000000000021e+01,1.546070312500000021e+01
4.638699999999999818e+03,1.161987304687500000e+02,3.979999999999999982e+00,1.540000000000000036e+01,1.544593750000000121e+01
4.638800000000000182e+03,1.167480468750000000e+02,3.967500000000000249e+00,1.548000000000000043e+01,1.545906249999999993e+01
4.638899999999999636e+03,1.180114746093750000e+02,3.990000000000000213e+00,1.557000000000000028e+01,1.548640624999999993e+01
4.639000000000000000e+03,1.181945800781250000e+02,4.030000000000000249e+00,1.558999999999999986e+01,1.544703125000000021e+01
4.639100000000000364e+03,1.186340332031250000e+02,4.007500000000000284e+00,1.564000000000000057e+01,1.546781250000000085e+01
4.639199999999999818e+03,1.179931640625000000e+02,4.032499999999999751e+00,1.550000000000000000e+01,1.543335937500000021e+01
4.639300000000000182e+03,1.191833496093750000e+02,4.067499999999999893e+00,1.557750000000000057e+01,1.548640624999999993e+01
4.639399999999999636e+03,1.201171875000000000e+02,4.485000000000000320e+00,1.541000000000000014e+01,1.544757812500000149e+01
4.639500000000000000e+03,1.200439453125000000e+02,4.107499999999999929e+00,1.552999999999999936e+01,1.547109375000000142e+01
4.639600000000000364e+03,1.204467773437500000e+02,4.132500000000000284e+00,1.556749999999999901e+01,1.550828125000000135e+01
4.639699999999999818e+03,1.197692871093750000e+02,4.122500000000000497e+00,1.550999999999999979e+01,1.547710937500000128e+01
4.639800000000000182e+03,1.210327148437500000e+02,4.144999999999999574e+00,1.535999999999999943e+01,1.547984375000000057e+01
4.639899999999999636e+03,1.207946777343750000e+02,4.120000000000000107e+00,1.530749999999999922e+01,1.551374999999999993e+01
4.640000000000000000e+03,1.207397460937500000e+02,4.177500000000000213e+00,1.561999999999999922e+01,1.540984375000000028e+01
4.640100000000000364e+03,1.211425781250000000e+02,4.169999999999999929e+00,1.517999999999999972e+01,1.550609375000000156e+01
4.640199999999999818e+03,1.205200195312500000e+02,4.232499999999999929e+00,1.557000000000000028e+01,1.548531250000000092e+01
4.640300000000000182e+03,1.211059570312500000e+02,4.227500000000000036e+00,1.541000000000000014e+01,1.545578125000000114e+01
4.640399999999999636e+03,1.209045410156250000e+02,4.222500000000000142e+00,1.535999999999999943e+01,1.546945312500000114e+01
4.640500000000000000e+03,1.207214355468750000e+02,4.264375000000000249e+00,1.525000000000000000e+01,1.549351562500000057e+01
4.640600000000000364e+03,1.211791992187500000e+02,4.287499999999999645e+00,1.547000000000000064e+01,1.546070312500000021e+01
4.640699999999999818e+03,1.205200195312500000e+02,3.062500000000012434e-02,1.557000000000000028e+01,-2.679687500000049738e-02
4.640800000000000182e+03,1.210693359375000000e+02,3.812499999999996447e-02,1.552999999999999936e+01,-2.898437500000028422e-02
4.640899999999999636e+03,1.208496093750000000e+02,5.312500000000008882e-02,1.551999999999999957e+01,1.148437499999932498e-02
4.641000000000000000e+03,1.207397460937500000e+02,3.562500000000001776e-02,1.562749999999999950e+01,-1.531250000000028422e-02
4.641100000000000364e+03,1.202087402343750000e+02,2.562499999999978684e-02,1.550000000000000000e+01,-2.296875000000042633e-02
4.641199999999999818e+03,1.193847656250000000e+02,4.312499999999985789e-02,1.540000000000000036e+01,-1.203125000000060396e-02
4.641300000000000182e+03,1.200256347656250000e+02,3.562500000000001776e-02,1.562999999999999901e+01,-4.156250000000039080e-02
4.641399999999999636e+03,1.196960449218750000e+02,5.062500000000014211e-02,1.565000000000000036e+01,6.015624999998969713e-03
4.641500000000000000e+03,1.184509277343750000e+02,2.812499999999973355e-02,1.548000000000000043e+01,-7.382812500000035527e-02
4.641600000000000364e+03,1.174804687500000000e+02,6.312499999999987566e-02,1.556000000000000050e+01,1.312499999999960920e-02
4.641699999999999818e+03,1.167663574218750000e+02,6.312499999999987566e-02,1.548000000000000043e+01,-1.640625000000284217e-03
4.641800000000000182e+03,1.173156738281250000e+02,1.062500000000010658e-02,1.566000000000000014e+01,-5.578125000000078160e-02
4.641899999999999636e+03,1.171142578125000000e+02,8.812499999999978684e-02,1.553999999999999915e+01,-6.562500000000248690e-03
4.642000000000000000e+03,1.134338378906250000e+02,3.312500000000007105e-02,1.547000000000000064e+01,-5.906250000000046185e-02
4.642100000000000364e+03,1.135437011718750000e+02,8.124999999999715783e-03,1.547000000000000064e+01,4.484374999999918288e-02
4.642199999999999818e+03,1.129211425781250000e+02,3.562500000000001776e-02,1.547000000000000064e+01,3.335937499999896971e-02
4.642300000000000182e+03,1.135070800781250000e+02,6.312499999999987566e-02,1.541999999999999993e+01,-4.046875000000049738e-02
4.642399999999999636e+03,1.105407714843750000e+02,6.812499999999976907e-02,1.537999999999999901e+01,5.468749999999467093e-03
4.642500000000000000e+03,1.092590332031250000e+02,2.812499999999973355e-02,1.561999999999999922e+01,-5.468750000003907985e-04
4.642600000000000364e+03,1.096069335937500000e+02,3.562500000000001776e-02,1.543999999999999950e+01,-3.226562500000085265e-02
4.642699999999999818e+03,1.090393066406250000e+02,6.812499999999976907e-02,1.536999999999999922e+01,-2.132812500000103029e-02
4.642800000000000182e+03,1.092224121093750000e+02,4.312499999999985789e-02,1.541000000000000014e+01,-3.500000000000103029e-02
4.642899999999999636e+03,1.062927246093750000e+02,3.812499999999996447e-02,1.540000000000000036e+01,-7.492187500000024869e-02
4.643000000000000000e+03,1.059997558593750000e+02,2.562499999999978684e-02,1.541999999999999993e+01,-4.593750000000085265e-02
4.643100000000000364e+03,1.063293457031250000e+02,1.049999999999999822e-01,1.561999999999999922e+01,-6.945312500000078160e-02
4.643199999999999818e+03,1.056701660156250000e+02,5.812499999999998224e-02,1.550999999999999979e+01,2.570312499999971578e-02
4.643300000000000182e+03,1.039306640625000000e+02,2.312499999999984013e-02,1.522000000000000064e+01,-3.828125000000071054e-02
4.643399999999999636e+03,1.033447265625000000e+02,1.562500000000000000e-02,1.566000000000000014e+01,-7.656250000000053291e-02
4.643500000000000000e+03,1.031616210937500000e+02,5.062500000000014211e-02,1.541000000000000014e+01,8.203124999999644729e-03
4.643600000000000364e+03,1.035644531250000000e+02,2.812499999999973355e-02,1.539000000000000057e+01,-3.062500000000056843e-02
4.643699999999999818e+03,1.018615722656250000e+02,5.062500000000014211e-02,1.556000000000000050e+01,-3.664062500000042633e-02
4.643800000000000182e+03,1.010559082031250000e+02,4.812499999999975131e-02,1.557000000000000028e+01,-4.429687500000056843e-02
4.643899999999999636e+03,1.008728027343750000e+02,3.062500000000012434e-02,1.543999999999999950e+01,-6.781250000000049738e-02
4.644000000000000000e+03,1.007080078125000000e+02,2.312499999999984013e-02,1.531749999999999901e+01,-6.945312500000078160e-02
4.644100000000000364e+03,1.011474609375000000e+02,2.812499999999973355e-02,1.541999999999999993e+01,2.296874999999953815e-02
4.644199999999999818e+03,9.847412109375000000e+01,3.062500000000012434e-02,1.569999999999999929e+01,-3.882812500000110134e-02
4.644300000000000182e+03,9.884033203125000000e+01,8.062499999999994671e-02,1.569999999999999929e+01,-1.640625000000106581e-02
4.644399999999999636e+03,9.869384765625000000e+01,2.312499999999984013e-02,1.531749999999999901e+01,-2.679687500000049738e-02
4.644500000000000000e+03,9.849243164062500000e+01,4.812499999999975131e-02,1.551999999999999957e+01,-4.867187500000103029e-02
4.644600000000000364e+03,9.743041992187500000e+01,3.062500000000012434e-02,1.562999999999999901e+01,-2.734375000000088818e-02
4.644699999999999818e+03,9.633178710937500000e+01,2.812499999999973355e-02,1.531000000000000050e+01,-6.781250000000049738e-02
4.644800000000000182e+03,9.682617187500000000e+01,1.312500000000005329e-02,1.570250000000000057e+01,-4.375000000000461853e-03
4.644899999999999636e+03,9.669799804687500000e+01,6.062499999999992895e-02,1.543999999999999950e+01,-1.968750000000074607e-02
4.645000000000000000e+03,9.627685546875000000e+01,2.812499999999973355e-02,1.544999999999999929e+01,-3.828125000000071054e-02
4.645100000000000364e+03,9.515991210937500000e+01,4.812499999999975131e-02,1.561999999999999922e+01,-6.835937500000088818e-02
4.645199999999999818e+03,9.453735351562500000e+01,4.812499999999975131e-02,1.549000000000000021e+01,1.367187499999911182e-02
4.645300000000000182e+03,9.501342773437500000e+01,4.062499999999991118e-02,1.558999999999999986e+01,-2.242187500000092371e-02
4.645399999999999636e+03,9.490356445312500000e+01,6.249999999998756550e-04,1.542999999999999972e+01,-7.546875000000063949e-02
4.645500000000000000e+03,9.321899414062500000e+01,3.562500000000001776e-02,1.561749999999999972e+01,-5.140625000000031974e-02
4.645600000000000364e+03,9.340209960937500000e+01,1.062500000000010658e-02,1.569999999999999929e+01,-8.148437500000049738e-02
4.645699999999999818e+03,9.283447265625000000e+01,5.312500000000008882e-02,1.547000000000000064e+01,2.187499999998898659e-03
4.645800000000000182e+03,9.329223632812500000e+01,8.062499999999994671e-02,1.566000000000000014e+01,-6.507812500000031974e-02
4.645899999999999636e+03,9.243164062500000000e+01,3.312500000000007105e-02,1.542999999999999972e+01,-5.250000000000110134e-02
4.646000000000000000e+03,9.138793945312500000e+01,1.562500000000000000e-02,1.539749999999999908e+01,2.734374999999289457e-03
4.646100000000000364e+03,9.179077148437500000e+01,6.562499999999982236e-02,1.556000000000000050e+01,-1.968750000000074607e-02
4.646199999999999818e+03,9.120483398437500000e+01,2.062499999999989342e-02,1.554999999999999893e+01,-2.242187500000092371e-02
4.646300000000000182e+03,9.171752929687500000e+01,6.562499999999982236e-02,1.554999999999999893e+01,-3.390625000000024869e-02
4.646399999999999636e+03,9.012451171875000000e+01,2.062499999999989342e-02,1.552999999999999936e+01,3.828124999999182876e-03
4.646500000000000000e+03,8.977661132812500000e+01,1.812499999999994671e-02,1.553999999999999915e+01,-5.195312500000071054e-02
4.646600000000000364e+03,9.017944335937500000e+01,1.562500000000000000e-02,1.544999999999999929e+01,-1.421875000000039080e-02
4.646699999999999818e+03,8.963012695312500000e+01,4.562499999999980460e-02,1.550000000000000000e+01,-2.570312500000060396e-02
4.646800000000000182e+03,8.906250000000000000e+01,6.312499999999987566e-02,1.559999999999999964e+01,-4.375000000000106581e-02
4.646899999999999636e+03,8.865966796875000000e+01,8.124999999999715783e-03,1.576999999999999957e+01,-8.859375000000024869e-02
4.647000000000000000e+03,8.838500976562500000e+01,3.562500000000001776e-02,1.566999999999999993e+01,-6.617187500000110134e-02
4.647100000000000364e+03,8.880615234375000000e+01,4.812499999999975131e-02,1.553999999999999915e+01,-3.773437500000031974e-02
4.647199999999999818e+03,8.807373046875000000e+01,1.062500000000010658e-02,1.554999999999999893e+01,-4.210937500000078160e-02
4.647300000000000182e+03,8.721313476562500000e+01,2.812499999999973355e-02,1.541999999999999993e+01,-6.726562500000099476e-02
4.647399999999999636e+03,8.710327148437500000e+01,6.312499999999987566e-02,1.539000000000000057e+01,-8.093750000000099476e-02
4.647500000000000000e+03,8.684692382812500000e+01,3.062500000000012434e-02,1.562749999999999950e+01,-6.617187500000110134e-02
4.647600000000000364e+03,8.726806640625000000e+01,3.562500000000001776e-02,1.539000000000000057e+01,-9.242187500000031974e-02
4.647699999999999818e+03,8.554687500000000000e+01,2.562499999999978684e-02,1.545999999999999908e+01,-2.789062500000039080e-02
4.647800000000000182e+03,8.576660156250000000e+01,4.062499999999991118e-02,1.537999999999999901e+01,-2.843750000000078160e-02
4.647899999999999636e+03,8.569335937500000000e+01,1.562500000000000000e-02,1.529749999999999943e+01,-1.859375000000085265e-02
4.648000000000000000e+03,8.545532226562500000e+01,4.562499999999980460e-02,1.573000000000000043e+01,-1.859375000000085265e-02
4.648100000000000364e+03,8.521728515625000000e+01,5.624999999999769074e-03,1.545999999999999908e+01,-3.390625000000024869e-02
4.648199999999999818e+03,8.410034179687500000e+01,5.562500000000003553e-02,1.550999999999999979e+01,-1.039062500000031974e-02
4.648300000000000182e+03,8.450317382812500000e+01,5.312500000000008882e-02,1.552749999999999986e+01,-3.335937500000074607e-02
4.648399999999999636e+03,8.441162109375000000e+01,3.062500000000012434e-02,1.570999999999999908e+01,-2.023437500000024869e-02
4.648500000000000000e+03,8.415527343750000000e+01,3.812499999999996447e-02,1.550999999999999979e+01,-2.843750000000078160e-02
4.648600000000000364e+03,8.336791992187500000e+01,5.812499999999998224e-02,1.537999999999999901e+01,-5.085937500000081712e-02
4.648699999999999818e+03,8.274536132812500000e+01,4.062499999999991118e-02,1.542999999999999972e+01,-1.914062500000035527e-02
4.648800000000000182e+03,8.318481445312500000e+01,6.812499999999976907e-02,1.547000000000000064e+01,3.828124999999182876e-03
4.648899999999999636e+03,8.311157226562500000e+01,1.062500000000010658e-02,1.550000000000000000e+01,-6.671875000000060396e-02
4.649000000000000000e+03,8.195800781250000000e+01,5.312500000000008882e-02,1.564000000000000057e+01,-6.562500000000071054e-02
4.649100000000000364e+03,8.197631835937500000e+01,4.062499999999991118e-02,1.541000000000000014e+01,3.554687499999964473e-02
4.649199999999999818e+03,8.146362304687500000e+01,4.312499999999985789e-02,1.562999999999999901e+01,9.296874999999538147e-03
4.649300000000000182e+03,8.186645507812500000e+01,5.312500000000008882e-02,1.539000000000000057e+01,-2.460937500000071054e-02
4.649399999999999636e+03,8.173828125000000000e+01,3.312500000000007105e-02,1.541000000000000014e+01,-3.828125000000071054e-02
4.649500000000000000e+03,8.040161132812500000e+01,3.312500000000007105e-02,1.549000000000000021e+01,-1.695312500000056843e-02
4.649600000000000364e+03,8.071289062500000000e+01,4.312499999999985789e-02,1.546749999999999936e+01,-5.632812500000028422e-02
4.649699999999999818e+03,8.025512695312500000e+01,6.812499999999976907e-02,1.545999999999999908e+01,-8.750000000000923706e-03
4.649800000000000182e+03,8.065795898437500000e+01,3.812499999999996447e-02,1.525999999999999979e+01,-1.257812500000099476e-02
4.649899999999999636e+03,7.959594726562500000e+01,7.312500000000010658e-02,1.548749999999999893e+01,-6.070312500000074607e-02
4.650000000000000000e+03,7.913818359375000000e+01,2.312499999999984013e-02,1.561999999999999922e+01,-4.703125000000074607e-02
4.650100000000000364e+03,7.955932617187500000e+01,3.812499999999996447e-02,1.553999999999999915e+01,-4.593750000000085265e-02
4.650199999999999818e+03,7.904663085937500000e+01,2.312499999999984013e-02,1.539000000000000057e+01,-4.757812500000024869e-02
4.650300000000000182e+03,7.893676757812500000e+01,3.812499999999996447e-02,1.531000000000000050e+01,-3.882812500000110134e-02
4.650399999999999636e+03,7.822265625000000000e+01,6.562499999999982236e-02,1.548000000000000043e+01,-8.881784197001252323e-16
4.650500000000000000e+03,7.792968750000000000e+01,5.812499999999998224e-02,1.547000000000000064e+01,-5.031250000000042633e-02
4.650600000000000364e+03,7.833251953125000000e+01,6.062499999999992895e-02,1.553999999999999915e+01,-4.812500000000063949e-02
4.650699999999999818e+03,7.789306640625000000e+01,2.062499999999989342e-02,1.549000000000000021e+01,-4.429687500000056843e-02
4.650800000000000182e+03,7.714233398437500000e+01,3.812499999999996447e-02,1.548000000000000043e+01,-1.312500000000049738e-02
4.650899999999999636e+03,7.699584960937500000e+01,5.562500000000003553e-02,1.558000000000000007e+01,-3.609375000000092371e-02
4.651000000000000000e+03,7.670288085937500000e+01,6.812499999999976907e-02,1.550000000000000000e+01,-7.164062500000056843e-02
4.651100000000000364e+03,7.712402343750000000e+01,4.312499999999985789e-02,1.554999999999999893e+01,-1.750000000000095923e-02
4.651199999999999818e+03,7.593383789062500000e+01,6.062499999999992895e-02,1.550999999999999979e+01,-3.007812500000106581e-02
4.651300000000000182e+03,7.597045898437500000e+01,7.062500000000015987e-02,1.539000000000000057e+01,-2.351562500000081712e-02
4.651399999999999636e+03,7.589721679687500000e+01,9.187499999999992895e-02,1.543999999999999950e+01,-4.976562500000092371e-02
4.651500000000000000e+03,7.564086914062500000e+01,6.312499999999987566e-02,1.550000000000000000e+01,-5.359375000000099476e-02
4.651600000000000364e+03,7.598876953125000000e+01,2.812499999999973355e-02,1.544999999999999929e+01,4.921874999999076294e-03
4.651699999999999818e+03,7.452392578125000000e+01,4.062499999999991118e-02,1.542999999999999972e+01,-7.054687500000067502e-02
4.651800000000000182e+03,7.483520507812500000e+01,6.312499999999987566e-02,1.550000000000000000e+01,-5.851562500000095923e-02
4.651899999999999636e+03,7.479858398437500000e+01,4.812499999999975131e-02,1.555499999999999972e+01,-3.445312500000063949e-02
4.652000000000000000e+03,7.452392578125000000e+01,3.812499999999996447e-02,1.551999999999999957e+01,1.968749999999896971e-02
4.652100000000000364e+03,7.399291992187500000e+01,6.562499999999982236e-02,1.560999999999999943e+01,-7.656250000000053291e-02
4.652199999999999818e+03,7.337036132812500000e+01,3.312500000000007105e-02,1.541999999999999993e+01,-2.078125000000063949e-02
4.652300000000000182e+03,7.371826171875000000e+01,1.274999999999999467e-01,1.540750000000000064e+01,-2.898437500000028422e-02
4.652399999999999636e+03,7.371826171875000000e+01,3.062500000000012434e-02,1.544999999999999929e+01,-2.132812500000103029e-02
4.652500000000000000e+03,7.318725585937500000e+01,3.062500000000012434e-02,1.548749999999999893e+01,-7.546875000000063949e-02
4.652600000000000364e+03,7.283935546875000000e+01,5.312500000000008882e-02,1.550000000000000000e+01,-5.414062500000049738e-02
4.652699999999999818e+03,7.236328125000000000e+01,4.812499999999975131e-02,1.557000000000000028e+01,-4.921875000000053291e-02
4.652800000000000182e+03,7.269287109375000000e+01,3.562500000000001776e-02,1.511999999999999922e+01,-6.015625000000035527e-02
4.652899999999999636e+03,7.272949218750000000e+01,2.062499999999989342e-02,1.551999999999999957e+01,1.421874999999950262e-02
4.653000000000000000e+03,7.153930664062500000e+01,4.062499999999991118e-02,1.560999999999999943e+01,-3.281250000000568434e-03
4.653100000000000364e+03,7.179565429687500000e+01,2.062499999999989342e-02,1.535999999999999943e+01,-1.148437500000110134e-02
4.653199999999999818e+03,7.139282226562500000e+01,3.812499999999996447e-02,1.568999999999999950e+01,-6.234375000000103029e-02
4.653300000000000182e+03,7.168579101562500000e+01,2.312499999999984013e-02,1.531000000000000050e+01,-7.656250000001030287e-03
4.653399999999999636e+03,7.115478515625000000e+01,2.062499999999989342e-02,1.528999999999999915e+01,-4.648437500000035527e-02
4.653500000000000000e+03,7.055053710937500000e+01,3.312500000000007105e-02,1.537999999999999901e+01,6.015624999998969713e-03
4.653600000000000364e+03,7.089843750000000000e+01,6.312499999999987566e-02,1.551999999999999957e+01,-4.210937500000078160e-02
4.653699999999999818e+03,7.045898437500000000e+01,5.312500000000008882e-02,1.538749999999999929e+01,-9.460937500000099476e-02
4.653800000000000182e+03,7.078857421875000000e+01,2.562499999999978684e-02,1.552999999999999936e+01,-1.750000000000095923e-02
4.653899999999999636e+03,6.985473632812500000e+01,3.812499999999996447e-02,1.537999999999999901e+01,1.367187499999911182e-02
4.654000000000000000e+03,6.954345703125000000e+01,2.812499999999973355e-02,1.551999999999999957e+01,-7.054687500000067502e-02
4.654100000000000364e+03,6.990966796875000000e+01,3.562500000000001776e-02,1.551999999999999957e+01,-1.968750000000074607e-02
4.654199999999999818e+03,6.948852539062500000e+01,5.812499999999998224e-02,1.562999999999999901e+01,-9.734375000000028422e-02
4.654300000000000182e+03,6.903076171875000000e+01,3.062500000000012434e-02,1.525000000000000000e+01,-1.640625000000284217e-03
4.654399999999999636e+03,6.881103515625000000e+01,7.562500000000005329e-02,1.565000000000000036e+01,-2.242187500000092371e-02
4.654500000000000000e+03,6.855468750000000000e+01,5.562500000000003553e-02,1.550000000000000000e+01,-2.351562500000081712e-02
4.654600000000000364e+03,6.890258789062500000e+01,4.062499999999991118e-02,1.566999999999999993e+01,-3.828125000000071054e-02
4.654699999999999818e+03,6.829833984375000000e+01,2.062499999999989342e-02,1.551999999999999957e+01,1.804687499999957367e-02
4.654800000000000182e+03,6.795043945312500000e+01,3.312500000000007105e-02,1.541999999999999993e+01,-4.046875000000049738e-02
4.654899999999999636e+03,6.791381835937500000e+01,1.812499999999994671e-02,1.538749999999999929e+01,-1.859375000000085265e-02
4.655000000000000000e+03,6.763916015625000000e+01,3.562500000000001776e-02,1.569749999999999979e+01,-4.046875000000049738e-02
4.655100000000000364e+03,6.798706054687500000e+01,2.812499999999973355e-02,1.550000000000000000e+01,-5.468750000000088818e-02
4.655199999999999818e+03,6.683349609375000000e+01,6.062499999999992895e-02,1.550999999999999979e+01,-5.304687500000060396e-02
4.655300000000000182e+03,6.701660156250000000e+01,4.312499999999985789e-02,1.528999999999999915e+01,-5.031250000000042633e-02
4.655399999999999636e+03,6.701660156250000000e+01,6.562499999999982236e-02,1.543999999999999950e+01,-1.585937500000067502e-02
4.655500000000000000e+03,6.676025390625000000e+01,4.562499999999980460e-02,1.554999999999999893e+01,-6.781250000000049738e-02
4.655600000000000364e+03,6.666870117187500000e+01,5.062500000000014211e-02,1.541000000000000014e+01,-5.960937500000085265e-02
4.655699999999999818e+03,6.586303710937500000e+01,3.562500000000001776e-02,1.556000000000000050e+01,-2.515625000000110134e-02
4.655800000000000182e+03,6.608276367187500000e+01,5.312500000000008882e-02,1.517999999999999972e+01,-4.210937500000078160e-02
4.655899999999999636e+03,6.611938476562500000e+01,4.312499999999985789e-02,1.550999999999999979e+01,-5.195312500000071054e-02
4.656000000000000000e+03,6.584472656250000000e+01,5.312500000000008882e-02,1.556000000000000050e+01,-5.085937500000081712e-02
4.656100000000000364e+03,6.535034179687500000e+01,7.062500000000015987e-02,1.559999999999999964e+01,8.749999999999147349e-03
4.656199999999999818e+03,6.491088867187500000e+01,3.562500000000001776e-02,1.545999999999999908e+01,-4.156250000000039080e-02
4.656300000000000182e+03,6.516723632812500000e+01,4.562499999999980460e-02,1.542750000000000021e+01,-6.562500000000071054e-02
4.656399999999999636e+03,6.520385742187500000e+01,7.562500000000005329e-02,1.554999999999999893e+01,-5.632812500000028422e-02
4.656500000000000000e+03,6.439819335937500000e+01,5.812499999999998224e-02,1.539000000000000057e+01,-5.578125000000078160e-02
4.656600000000000364e+03,6.448974609375000000e+01,3.812499999999996447e-02,1.542999999999999972e+01,-3.062500000000056843e-02
4.656699999999999818e+03,6.412353515625000000e+01,4.062499999999991118e-02,1.542999999999999972e+01,-8.695312500000085265e-02
4.656800000000000182e+03,6.439819335937500000e+01,1.812499999999994671e-02,1.537999999999999901e+01,-2.843750000000078160e-02
4.656899999999999636e+03,6.434326171875000000e+01,5.562500000000003553e-02,1.533000000000000007e+01,-4.703125000000074607e-02
4.657000000000000000e+03,6.335449218750000000e+01,5.624999999999769074e-03,1.529999999999999893e+01,-6.562500000000071054e-02
4.657100000000000364e+03,6.370239257812500000e+01,6.562499999999982236e-02,1.551999999999999957e+01,-5.140625000000031974e-02
4.657199999999999818e+03,6.328125000000000000e+01,5.312500000000008882e-02,1.545999999999999908e+01,-5.195312500000071054e-02
4.657300000000000182e+03,6.361083984375000000e+01,5.812499999999998224e-02,1.543999999999999950e+01,-1.257812500000099476e-02
4.657399999999999636e+03,6.289672851562500000e+01,4.562499999999980460e-02,1.537999999999999901e+01,-3.445312500000063949e-02
4.657500000000000000e+03,6.251220703125000000e+01,8.562499999999984013e-02,1.543999999999999950e+01,-8.203125000000532907e-03
4.657600000000000364e+03,6.284179687500000000e+01,4.562499999999980460e-02,1.545999999999999908e+01,-3.773437500000031974e-02
4.657699999999999818e+03,6.249389648437500000e+01,4.812499999999975131e-02,1.535999999999999943e+01,-6.835937500000088818e-02
4.657800000000000182e+03,6.249389648437500000e+01,3.562500000000001776e-02,1.545999999999999908e+01,-7.054687500000067502e-02
4.657899999999999636e+03,6.198120117187500000e+01,3.812499999999996447e-02,1.556000000000000050e+01,-4.757812500000024869e-02
4.658000000000000000e+03,6.168823242187500000e+01,6.812499999999976907e-02,1.541000000000000014e+01,-7.984375000000110134e-02
4.658100000000000364e+03,6.207275390625000000e+01,1.312500000000005329e-02,1.539000000000000057e+01,-4.320312500000067502e-02
4.658199999999999818e+03,6.170654296875000000e+01,2.062499999999989342e-02,1.554999999999999893e+01,-6.398437500000042633e-02
4.658300000000000182e+03,6.121215820312500000e+01,2.562499999999978684e-02,1.525999999999999979e+01,-8.750000000000923706e-03
4.658399999999999636e+03,6.117553710937500000e+01,6.312499999999987566e-02,1.549000000000000021e+01,-1.203125000000060396e-02
4.658500000000000000e+03,6.093750000000000000e+01,6.812499999999976907e-02,1.533999999999999986e+01,7.656249999999253930e-03
4.658600000000000364e+03,6.124877929687500000e+01,7.562500000000005329e-02,1.562999999999999901e+01,-7.875000000000031974e-02
4.658699999999999818e+03,6.046142578125000000e+01,1.062500000000010658e-02,1.559999999999999964e+01,-1.093750000000071054e-02
4.658800000000000182e+03,6.047973632812500000e+01,3.062500000000012434e-02,1.566999999999999993e+01,-6.125000000000024869e-02
4.658899999999999636e+03,6.049804687500000000e+01,4.562499999999980460e-02,1.552999999999999936e+01,-4.375000000000106581e-02
4.659000000000000000e+03,6.018676757812500000e+01,6.812499999999976907e-02,1.545999999999999908e+01,-1.055468750000008171e-01
4.659100000000000364e+03,6.055297851562500000e+01,5.562500000000003553e-02,1.545999999999999908e+01,-4.046875000000049738e-02
4.659199999999999818e+03,5.956420898437500000e+01,3.562500000000001776e-02,1.537999999999999901e+01,-4.046875000000049738e-02
4.659300000000000182e+03,5.978393554687500000e+01,5.374999999999996447e-02,1.540000000000000036e+01,-4.320312500000067502e-02
4.659399999999999636e+03,5.980224609375000000e+01,6.312499999999987566e-02,1.519999999999999929e+01,-1.093750000000071054e-02
4.659500000000000000e+03,5.954589843750000000e+01,2.312499999999984013e-02,1.549000000000000021e+01,-4.156250000000039080e-02
4.659600000000000364e+03,5.932617187500000000e+01,2.812499999999973355e-02,1.543999999999999950e+01,-4.539062500000046185e-02
4.659699999999999818e+03,5.883178710937500000e+01,4.812499999999975131e-02,1.552999999999999936e+01,-8.750000000000923706e-03
4.659800000000000182e+03,5.905151367187500000e+01,1.312500000000005329e-02,1.538749999999999929e+01,-2.187500000000053291e-02
4.659899999999999636e+03,5.910644531250000000e+01,6.812499999999976907e-02,1.533000000000000007e+01,-2.242187500000092371e-02
4.660000000000000000e+03,5.868530273437500000e+01,3.812499999999996447e-02,1.537500000000000000e+01,1.093749999999005240e-03
4.660100000000000364e+03,5.848388671875000000e+01,6.562499999999982236e-02,1.557000000000000028e+01,-6.289062500000053291e-02
4.660199999999999818e+03,5.811767578125000000e+01,7.062500000000015987e-02,1.545749999999999957e+01,-4.593750000000085265e-02
4.660300000000000182e+03,5.839233398437500000e+01,6.812499999999976907e-02,1.550999999999999979e+01,-2.679687500000049738e-02
4.660399999999999636e+03,5.837402343750000000e+01,2.562499999999978684e-02,1.531749999999999901e+01,-1.039062500000031974e-02
4.660500000000000000e+03,5.751342773437500000e+01,3.124999999999822364e-03,1.533000000000000007e+01,-7.000000000000028422e-02
4.660600000000000364e+03,5.776977539062500000e+01,1.312500000000005329e-02,1.572000000000000064e+01,-1.750000000000095923e-02
4.660699999999999818e+03,5.745849609375000000e+01,1.562500000000000000e-02,1.541999999999999993e+01,-5.468750000000088818e-02
4.660800000000000182e+03,5.765991210937500000e+01,1.812499999999994671e-02,1.534999999999999964e+01,-5.687500000000067502e-02
4.660899999999999636e+03,5.729370117187500000e+01,4.312499999999985789e-02,1.586749999999999972e+01,-5.304687500000060396e-02
4.661000000000000000e+03,5.672607421875000000e+01,3.812499999999996447e-02,1.552999999999999936e+01,-3.007812500000106581e-02
4.661100000000000364e+03,5.703735351562500000e+01,2.562499999999978684e-02,1.541000000000000014e+01,-2.242187500000092371e-02
4.661199999999999818e+03,5.674438476562500000e+01,5.562500000000003553e-02,1.545999999999999908e+01,-4.375000000000106581e-02
4.661300000000000182e+03,5.696411132812500000e+01,5.562500000000003553e-02,1.527999999999999936e+01,-2.734375000000088818e-02
4.661399999999999636e+03,5.639648437500000000e+01,2.812499999999973355e-02,1.544999999999999929e+01,-5.632812500000028422e-02
4.661500000000000000e+03,5.612182617187500000e+01,4.562499999999980460e-02,1.558999999999999986e+01,-9.296875000000426326e-03
4.661600000000000364e+03,5.643310546875000000e+01,5.062500000000014211e-02,1.554999999999999893e+01,-5.468750000000355271e-03
4.661699999999999818e+03,5.615844726562500000e+01,4.062499999999991118e-02,1.553999999999999915e+01,-6.289062500000053291e-02
4.661800000000000182e+03,5.588378906250000000e+01,-9.624999999999994671e-02,1.568999999999999950e+01,-4.593750000000085265e-02
4.661899999999999636e+03,5.575561523437500000e+01,6.562499999999982236e-02,1.533999999999999986e+01,-6.781250000000049738e-02
4.662000000000000000e+03,5.551757812500000000e+01,3.562500000000001776e-02,1.564000000000000057e+01,-9.296875000000426326e-03
4.662100000000000364e+03,5.582885742187500000e+01,6.312499999999987566e-02,1.557000000000000028e+01,-4.156250000000039080e-02
4.662199999999999818e+03,5.549926757812500000e+01,3.312500000000007105e-02,1.566999999999999993e+01,-6.234375000000103029e-02
4.662300000000000182e+03,5.507812500000000000e+01,6.562499999999982236e-02,1.550000000000000000e+01,-4.757812500000024869e-02
4.662399999999999636e+03,5.505981445312500000e+01,3.124999999999822364e-03,1.536999999999999922e+01,2.187499999998898659e-03
4.662500000000000000e+03,5.482177734375000000e+01,4.062499999999991118e-02,1.556000000000000050e+01,-3.554687500000053291e-02
4.662600000000000364e+03,5.515136718750000000e+01,3.562500000000001776e-02,1.558000000000000007e+01,-7.710937500000092371e-02
4.662699999999999818e+03,5.432739257812500000e+01,4.062499999999991118e-02,1.550999999999999979e+01,-1.750000000000095923e-02
4.662800000000000182e+03,5.443725585937500000e+01,5.062500000000014211e-02,1.548000000000000043e+01,-8.148437500000049738e-02
4.662899999999999636e+03,5.447387695312500000e+01,4.312499999999985789e-02,1.551999999999999957e+01,-5.085937500000081712e-02
4.663000000000000000e+03,5.425415039062500000e+01,4.812499999999975131e-02,1.536749999999999972e+01,-5.851562500000095923e-02
4.663100000000000364e+03,5.427246093750000000e+01,4.062499999999991118e-02,1.568999999999999950e+01,-4.046875000000049738e-02
4.663199999999999818e+03,5.368652343750000000e+01,8.062499999999994671e-02,1.542999999999999972e+01,-1.859375000000085265e-02
4.663300000000000182e+03,5.383300781250000000e+01,2.812499999999973355e-02,1.558999999999999986e+01,-4.429687500000056843e-02
4.663399999999999636e+03,5.388793945312500000e+01,6.875000000000008882e-02,1.551999999999999957e+01,-3.171875000000046185e-02
4.663500000000000000e+03,5.363159179687500000e+01,3.062500000000012434e-02,1.564000000000000057e+01,-7.328125000000085265e-02
4.663600000000000364e+03,5.337524414062500000e+01,3.562500000000001776e-02,1.557750000000000057e+01,-1.695312500000056843e-02
4.663699999999999818e+03,5.306396484375000000e+01,5.062500000000014211e-02,1.557000000000000028e+01,-6.671875000000060396e-02
4.663800000000000182e+03,5.324707031250000000e+01,6.249999999998756550e-04,1.538749999999999929e+01,-5.195312500000071054e-02
4.663899999999999636e+03,5.326538085937500000e+01,4.062499999999991118e-02,1.567999999999999972e+01,-2.898437500000028422e-02
4.664000000000000000e+03,5.269775390625000000e+01,3.312500000000007105e-02,1.557000000000000028e+01,-2.570312500000060396e-02
4.664100000000000364e+03,5.284423828125000000e+01,5.312500000000008882e-02,1.561999999999999922e+01,5.468749999995026201e-04
4.664199999999999818e+03,5.255126953125000000e+01,4.312499999999985789e-02,1.542999999999999972e+01,8.749999999999147349e-03
4.664300000000000182e+03,5.271606445312500000e+01,7.062500000000015987e-02,1.547000000000000064e+01,-2.898437500000028422e-02
4.664399999999999636e+03,5.278930664062500000e+01,5.562500000000003553e-02,1.540000000000000036e+01,-6.507812500000031974e-02
4.664500000000000000e+03,5.242309570312500000e+01,3.562500000000001776e-02,1.556000000000000050e+01,1.039062499999943157e-02
4.664600000000000364e+03,5.275268554687500000e+01,7.312500000000010658e-02,1.543999999999999950e+01,-1.011718750000003553e-01
4.664699999999999818e+03,5.245971679687500000e+01,3.312500000000007105e-02,1.556000000000000050e+01,-6.398437500000042633e-02
4.664800000000000182e+03,5.264282226562500000e+01,2.062499999999989342e-02,1.566000000000000014e+01,-2.351562500000081712e-02
4.664899999999999636e+03,5.266113281250000000e+01,4.562499999999980460e-02,1.551999999999999957e+01,-3.062500000000056843e-02
4.665000000000000000e+03,5.247802734375000000e+01,3.062500000000012434e-02,1.549000000000000021e+01,-6.070312500000074607e-02
4.665100000000000364e+03,5.269775390625000000e+01,4.312499999999985789e-02,1.534750000000000014e+01,-3.500000000000103029e-02
4.665199999999999818e+03,5.242309570312500000e+01,6.062499999999992895e-02,1.550999999999999979e+01,-6.453125000000081712e-02
4.665300000000000182e+03,5.262451171875000000e+01,4.562499999999980460e-02,1.556000000000000050e+01,2.023437499999936051e-02
4.665399999999999636e+03,5.266113281250000000e+01,2.062499999999989342e-02,1.549000000000000021e+01,-3.828125000000071054e-02
4.665500000000000000e+03,5.242309570312500000e+01,4.812499999999975131e-02,1.539000000000000057e+01,-4.320312500000067502e-02
4.665600000000000364e+03,5.275268554687500000e+01,1.062500000000010658e-02,1.561999999999999922e+01,-3.117187500000095923e-02
4.665699999999999818e+03,5.245971679687500000e+01,3.107499999999999929e+00,1.550999999999999979e+01,1.550828125000000135e+01
4.665800000000000182e+03,5.410766601562500000e+01,2.944999999999999840e+00,1.561999999999999922e+01,1.548148437500000085e+01
4.665899999999999636e+03,5.429077148437500000e+01,2.957500000000000018e+00,1.536999999999999922e+01,1.544265625000000064e+01
4.666000000000000000e+03,5.399780273437500000e+01,2.984999999999999876e+00,1.565000000000000036e+01,1.549734375000000064e+01
4.666100000000000364e+03,5.434570312500000000e+01,2.955000000000000071e+00,1.554999999999999893e+01,1.546617187500000057e+01
4.666199999999999818e+03,5.581054687500000000e+01,2.987499999999999822e+00,1.564000000000000057e+01,1.547984375000000057e+01
4.666300000000000182e+03,5.711059570312500000e+01,2.995000000000000107e+00,1.539000000000000057e+01,1.547382812500000071e+01
4.666399999999999636e+03,5.716552734375000000e+01,3.004999999999999893e+00,1.537999999999999901e+01,1.556570312500000064e+01
4.666500000000000000e+03,5.692749023437500000e+01,2.990000000000000213e+00,1.536999999999999922e+01,1.548531250000000092e+01
4.666600000000000364e+03,5.723876953125000000e+01,3.004999999999999893e+00,1.565000000000000036e+01,1.547328125000000121e+01
4.666699999999999818e+03,6.055297851562500000e+01,3.037500000000000089e+00,1.547000000000000064e+01,1.548804687500000021e+01
4.666800000000000182e+03,6.104736328125000000e+01,3.022499999999999964e+00,1.550000000000000000e+01,1.549460937500000135e+01
4.666899999999999636e+03,6.104736328125000000e+01,3.049999999999999822e+00,1.528999999999999915e+01,1.547984375000000057e+01
4.667000000000000000e+03,6.080932617187500000e+01,3.052500000000000213e+00,1.567999999999999972e+01,1.546781250000000085e+01
4.667100000000000364e+03,6.443481445312500000e+01,3.082500000000000018e+00,1.549000000000000021e+01,1.550773437500000007e+01
4.667199999999999818e+03,6.505737304687500000e+01,3.055000000000000160e+00,1.540000000000000036e+01,1.551156250000000014e+01
4.667300000000000182e+03,6.535034179687500000e+01,3.084999999999999964e+00,1.556000000000000050e+01,1.550390625000000000e+01
4.667399999999999636e+03,6.538696289062500000e+01,3.060000000000000053e+00,1.560999999999999943e+01,1.545085937500000028e+01
4.667500000000000000e+03,6.584472656250000000e+01,3.107499999999999929e+00,1.556000000000000050e+01,1.548312500000000114e+01
4.667600000000000364e+03,6.892089843750000000e+01,3.080000000000000071e+00,1.531000000000000050e+01,1.550609375000000156e+01
4.667699999999999818e+03,6.871948242187500000e+01,3.092499999999999805e+00,1.533000000000000007e+01,1.549406250000000007e+01
4.667800000000000182e+03,6.897583007812500000e+01,3.092499999999999805e+00,1.554999999999999893e+01,1.545578125000000114e+01
4.667899999999999636e+03,6.899414062500000000e+01,3.125000000000000000e+00,1.553749999999999964e+01,1.543937500000000007e+01
4.668000000000000000e+03,7.135620117187500000e+01,3.154999999999999805e+00,1.559999999999999964e+01,1.553125000000000000e+01
4.668100000000000364e+03,7.210693359375000000e+01,3.129999999999999893e+00,1.553999999999999915e+01,1.548093750000000135e+01
4.668199999999999818e+03,7.163085937500000000e+01,3.132499999999999840e+00,1.539000000000000057e+01,1.549351562500000057e+01
4.668300000000000182e+03,7.201538085937500000e+01,3.160000000000000142e+00,1.534999999999999964e+01,1.546234375000000050e+01
4.668399999999999636e+03,7.346191406250000000e+01,3.154999999999999805e+00,1.547000000000000064e+01,1.550554687500000028e+01
4.668500000000000000e+03,7.439575195312500000e+01,3.142500000000000071e+00,1.541999999999999993e+01,1.545632812500000064e+01
4.668600000000000364e+03,7.479858398437500000e+01,3.182500000000000107e+00,1.548000000000000043e+01,1.551484375000000071e+01
4.668699999999999818e+03,7.435913085937500000e+01,3.185000000000000053e+00,1.579250000000000043e+01,1.550609375000000156e+01
4.668800000000000182e+03,7.474365234375000000e+01,3.197499999999999787e+00,1.533999999999999986e+01,1.543992187500000135e+01
4.668899999999999636e+03,7.701416015625000000e+01,3.194999999999999840e+00,1.536749999999999972e+01,1.546179687500000099e+01
4.669000000000000000e+03,7.695922851562500000e+01,3.169999999999999929e+00,1.529999999999999893e+01,1.549625000000000163e+01
4.669100000000000364e+03,7.730712890625000000e+01,3.015000000000000124e+00,1.535999999999999943e+01,1.548585937500000043e+01
4.669199999999999818e+03,7.683105468750000000e+01,3.180000000000000160e+00,1.526750000000000007e+01,1.545523437500000163e+01
4.669300000000000182e+03,7.897338867187500000e+01,3.192499999999999893e+00,1.566000000000000014e+01,1.540109375000000114e+01
4.669399999999999636e+03,7.948608398437500000e+01,3.202500000000000124e+00,1.516000000000000014e+01,1.543554687500000000e+01
4.669500000000000000e+03,7.924804687500000000e+01,3.200000000000000178e+00,1.564000000000000057e+01,1.548859375000000149e+01
4.669600000000000364e+03,7.959594726562500000e+01,3.202500000000000124e+00,1.542999999999999972e+01,1.547984375000000057e+01
4.669699999999999818e+03,7.957763671875000000e+01,3.227500000000000036e+00,1.533000000000000007e+01,1.548804687500000021e+01
4.669800000000000182e+03,8.168334960937500000e+01,3.267500000000000071e+00,1.523000000000000043e+01,1.543171874999999993e+01
4.669899999999999636e+03,8.171997070312500000e+01,3.259999999999999787e+00,1.558000000000000007e+01,1.547601562500000050e+01
4.670000000000000000e+03,8.146362304687500000e+01,3.254999999999999893e+00,1.556000000000000050e+01,1.548312500000000114e+01
4.670100000000000364e+03,8.182983398437500000e+01,3.277499999999999858e+00,1.565000000000000036e+01,1.546453125000000028e+01
4.670199999999999818e+03,8.320312500000000000e+01,3.254999999999999893e+00,1.515000000000000036e+01,1.551539062500000021e+01
4.670300000000000182e+03,8.384399414062500000e+01,3.262500000000000178e+00,1.553999999999999915e+01,1.544375000000000142e+01
4.670399999999999636e+03,8.380737304687500000e+01,3.302500000000000213e+00,1.565000000000000036e+01,1.546289062500000000e+01
4.670500000000000000e+03,8.355102539062500000e+01,3.290000000000000036e+00,1.541999999999999993e+01,1.540437499999999993e+01
4.670600000000000364e+03,8.496093750000000000e+01,3.267500000000000071e+00,1.578999999999999915e+01,1.545687500000000014e+01
4.670699999999999818e+03,8.530883789062500000e+01,3.305000000000000160e+00,1.542750000000000021e+01,1.547164062500000092e+01
4.670800000000000182e+03,8.572998046875000000e+01,3.312500000000000000e+00,1.556000000000000050e+01,1.543718750000000028e+01
4.670899999999999636e+03,8.567504882812500000e+01,3.302500000000000213e+00,1.551999999999999957e+01,1.550226562500000149e+01
4.671000000000000000e+03,8.545532226562500000e+01,3.314999999999999947e+00,1.545999999999999908e+01,1.552468750000000064e+01
4.671100000000000364e+03,8.759765625000000000e+01,3.317499999999999893e+00,1.550999999999999979e+01,1.545960937500000121e+01
4.671199999999999818e+03,8.719482421875000000e+01,3.314999999999999947e+00,1.536999999999999922e+01,1.544539062499999993e+01
4.671300000000000182e+03,8.765258789062500000e+01,3.370000000000000107e+00,1.549000000000000021e+01,1.547765625000000078e+01
4.671399999999999636e+03,8.756103515625000000e+01,3.330000000000000071e+00,1.536999999999999922e+01,1.542789062500000163e+01
4.671500000000000000e+03,8.878784179687500000e+01,3.830000000000000071e+00,1.567999999999999972e+01,1.545632812500000064e+01
4.671600000000000364e+03,8.964843750000000000e+01,3.354999999999999982e+00,1.558000000000000007e+01,1.543992187500000135e+01
4.671699999999999818e+03,8.908081054687500000e+01,3.359999999999999876e+00,1.526999999999999957e+01,1.548203125000000036e+01
4.671800000000000182e+03,8.953857421875000000e+01,3.332500000000000018e+00,1.535999999999999943e+01,1.545031250000000078e+01
4.671899999999999636e+03,8.988647460937500000e+01,3.372500000000000053e+00,1.554749999999999943e+01,1.549351562500000057e+01
4.672000000000000000e+03,9.100341796875000000e+01,3.407500000000000195e+00,1.534999999999999964e+01,1.547382812500000071e+01
4.672100000000000364e+03,9.146118164062500000e+01,3.402499999999999858e+00,1.548000000000000043e+01,1.544210937500000114e+01
4.672199999999999818e+03,9.091186523437500000e+01,3.447499999999999787e+00,1.518750000000000000e+01,1.549406250000000007e+01
4.672300000000000182e+03,9.136962890625000000e+01,3.415000000000000036e+00,1.554999999999999893e+01,1.546945312500000114e+01
4.672399999999999636e+03,9.279785156250000000e+01,3.392500000000000071e+00,1.551750000000000007e+01,1.546070312500000021e+01
4.672500000000000000e+03,9.276123046875000000e+01,3.422499999999999876e+00,1.523000000000000043e+01,1.547875000000000156e+01
4.672600000000000364e+03,9.320068359375000000e+01,3.410000000000000142e+00,1.568750000000000000e+01,1.548859375000000149e+01
4.672699999999999818e+03,9.261474609375000000e+01,3.447499999999999787e+00,1.548000000000000043e+01,1.549132812500000078e+01
4.672800000000000182e+03,9.413452148437500000e+01,3.472500000000000142e+00,1.559999999999999964e+01,1.550992187500000163e+01
4.672899999999999636e+03,9.472045898437500000e+01,3.457500000000000018e+00,1.572000000000000064e+01,1.549132812500000078e+01
4.673000000000000000e+03,9.457397460937500000e+01,3.417499999999999982e+00,1.536999999999999922e+01,1.547000000000000064e+01
4.673100000000000364e+03,9.499511718750000000e+01,3.457500000000000018e+00,1.540000000000000036e+01,1.545359375000000135e+01
4.673199999999999818e+03,9.439086914062500000e+01,3.457500000000000018e+00,1.556000000000000050e+01,1.542406250000000156e+01
4.673300000000000182e+03,9.649658203125000000e+01,3.462499999999999911e+00,1.542999999999999972e+01,1.549242187500000156e+01
4.673399999999999636e+03,9.649658203125000000e+01,3.482499999999999929e+00,1.549000000000000021e+01,1.546179687500000099e+01
4.673500000000000000e+03,9.625854492187500000e+01,3.477500000000000036e+00,1.554999999999999893e+01,1.548531250000000092e+01
4.673600000000000364e+03,9.666137695312500000e+01,3.484999999999999876e+00,1.550999999999999979e+01,1.549843750000000142e+01
4.673699999999999818e+03,9.733886718750000000e+01,3.482499999999999929e+00,1.544999999999999929e+01,1.545468750000000036e+01
4.673800000000000182e+03,9.818115234375000000e+01,3.502499999999999947e+00,1.550999999999999979e+01,1.544101562500000036e+01
4.673899999999999636e+03,9.808959960937500000e+01,3.522499999999999964e+00,1.550000000000000000e+01,1.553398437500000107e+01
4.674000000000000000e+03,9.786987304687500000e+01,3.532499999999999751e+00,1.551750000000000007e+01,1.546125000000000149e+01
4.674100000000000364e+03,9.865722656250000000e+01,3.642500000000000071e+00,1.527999999999999936e+01,1.542023437500000149e+01
4.674199999999999818e+03,9.933471679687500000e+01,3.520000000000000018e+00,1.567999999999999972e+01,1.545195312500000107e+01
4.674300000000000182e+03,9.992065429687500000e+01,3.544999999999999929e+00,1.565000000000000036e+01,1.552304687500000036e+01
4.674399999999999636e+03,9.979248046875000000e+01,3.562500000000000000e+00,1.541000000000000014e+01,1.545687500000000014e+01
4.674500000000000000e+03,9.959106445312500000e+01,3.634999999999999787e+00,1.549000000000000021e+01,1.547710937500000128e+01
4.674600000000000364e+03,1.014770507812500000e+02,3.584999999999999964e+00,1.532000000000000028e+01,1.546890625000000163e+01
4.674699999999999818e+03,1.010559082031250000e+02,3.530000000000000249e+00,1.541999999999999993e+01,1.543828125000000107e+01
4.674800000000000182e+03,1.016235351562500000e+02,3.582500000000000018e+00,1.545999999999999908e+01,1.547437500000000021e+01
4.674899999999999636e+03,1.014770507812500000e+02,3.587499999999999911e+00,1.552999999999999936e+01,1.547492187500000149e+01
4.675000000000000000e+03,1.022094726562500000e+02,3.577500000000000124e+00,1.533999999999999986e+01,1.548914062500000099e+01
4.675100000000000364e+03,1.032714843750000000e+02,3.592500000000000249e+00,1.545999999999999908e+01,1.549460937500000135e+01
4.675199999999999818e+03,1.027221679687500000e+02,3.597500000000000142e+00,1.537749999999999950e+01,1.551539062500000021e+01
4.675300000000000182e+03,1.031982421875000000e+02,3.625000000000000000e+00,1.552999999999999936e+01,1.544812500000000099e+01
4.675399999999999636e+03,1.030700683593750000e+02,3.597500000000000142e+00,1.536749999999999972e+01,1.549625000000000163e+01
4.675500000000000000e+03,1.044067382812500000e+02,3.617500000000000160e+00,1.538749999999999929e+01,1.541585937500000014e+01
4.675600000000000364e+03,1.048645019531250000e+02,3.640000000000000124e+00,1.553999999999999915e+01,1.547218750000000043e+01
4.675699999999999818e+03,1.042785644531250000e+02,3.652499999999999858e+00,1.537999999999999901e+01,1.545523437500000163e+01
4.675800000000000182e+03,1.048278808593750000e+02,3.677500000000000213e+00,1.543999999999999950e+01,1.550117187500000071e+01
4.675899999999999636e+03,1.059814453125000000e+02,3.652499999999999858e+00,1.562999999999999901e+01,1.546343750000000128e+01
4.676000000000000000e+03,1.061279296875000000e+02,3.680000000000000160e+00,1.556499999999999950e+01,1.551265625000000092e+01
4.676100000000000364e+03,1.064941406250000000e+02,3.674999999999999822e+00,1.541999999999999993e+01,1.546289062500000000e+01
4.676199999999999818e+03,1.059082031250000000e+02,3.697499999999999787e+00,1.543999999999999950e+01,1.547765625000000078e+01
4.676300000000000182e+03,1.070434570312500000e+02,3.709999999999999964e+00,1.550750000000000028e+01,1.545195312500000107e+01
4.676399999999999636e+03,1.079223632812500000e+02,3.692499999999999893e+00,1.545999999999999908e+01,1.541750000000000043e+01
4.676500000000000000e+03,1.078491210937500000e+02,3.717500000000000249e+00,1.523000000000000043e+01,1.542460937500000107e+01
4.676600000000000364e+03,1.081970214843750000e+02,3.702500000000000124e+00,1.542999999999999972e+01,1.542789062500000163e+01
4.676699999999999818e+03,1.075744628906250000e+02,3.719999999999999751e+00,1.535999999999999943e+01,1.545687500000000014e+01
4.676800000000000182e+03,1.095886230468750000e+02,3.737499999999999822e+00,1.551999999999999957e+01,1.550609375000000156e+01
4.676899999999999636e+03,1.095703125000000000e+02,3.747500000000000053e+00,1.554999999999999893e+01,1.549296875000000107e+01
4.677000000000000000e+03,1.094604492187500000e+02,3.772499999999999964e+00,1.549000000000000021e+01,1.550664062500000107e+01
4.677100000000000364e+03,1.098449707031250000e+02,3.722500000000000142e+00,1.560999999999999943e+01,1.544976562500000128e+01
4.677199999999999818e+03,1.103027343750000000e+02,3.780000000000000249e+00,1.566999999999999993e+01,1.544210937500000114e+01
4.677300000000000182e+03,1.114196777343750000e+02,3.745000000000000107e+00,1.535999999999999943e+01,1.543335937500000021e+01
4.677399999999999636e+03,1.112365722656250000e+02,3.834999999999999964e+00,1.535999999999999943e+01,1.541968750000000021e+01
4.677500000000000000e+03,1.111083984375000000e+02,3.802500000000000213e+00,1.523000000000000043e+01,1.545632812500000064e+01
4.677600000000000364e+03,1.116577148437500000e+02,3.812500000000000000e+00,1.539000000000000057e+01,1.550554687500000028e+01
4.677699999999999818e+03,1.124084472656250000e+02,3.827500000000000124e+00,1.554999999999999893e+01,1.545578125000000114e+01
4.677800000000000182e+03,1.130493164062500000e+02,3.820000000000000284e+00,1.565000000000000036e+01,1.547273437499999993e+01
4.677899999999999636e+03,1.128295898437500000e+02,3.854999999999999982e+00,1.570999999999999908e+01,1.543609375000000128e+01
4.678000000000000000e+03,1.127197265625000000e+02,3.834999999999999964e+00,1.540000000000000036e+01,1.549460937500000135e+01
4.678100000000000364e+03,1.145324707031250000e+02,3.859999999999999876e+00,1.566999999999999993e+01,1.542843750000000114e+01
4.678199999999999818e+03,1.141845703125000000e+02,3.865000000000000213e+00,1.548000000000000043e+01,1.548640624999999993e+01
4.678300000000000182e+03,1.147521972656250000e+02,3.887500000000000178e+00,1.548000000000000043e+01,1.546835937500000036e+01
4.678399999999999636e+03,1.145324707031250000e+02,3.882500000000000284e+00,1.539749999999999908e+01,1.547820312500000028e+01
4.678500000000000000e+03,1.151916503906250000e+02,3.950000000000000178e+00,1.547000000000000064e+01,1.547546875000000099e+01
4.678600000000000364e+03,1.164916992187500000e+02,3.977500000000000036e+00,1.562999999999999901e+01,1.544156250000000163e+01
4.678699999999999818e+03,1.158691406250000000e+02,3.945000000000000284e+00,1.562999999999999901e+01,1.544156250000000163e+01
4.678800000000000182e+03,1.164916992187500000e+02,3.964999999999999858e+00,1.552999999999999936e+01,1.547546875000000099e+01
4.678899999999999636e+03,1.161987304687500000e+02,3.972500000000000142e+00,1.559999999999999964e+01,1.548640624999999993e+01
4.679000000000000000e+03,1.177917480468750000e+02,3.997500000000000053e+00,1.543750000000000000e+01,1.546671875000000007e+01
4.679100000000000364e+03,1.183044433593750000e+02,4.030000000000000249e+00,1.550999999999999979e+01,1.543718750000000028e+01
4.679199999999999818e+03,1.176818847656250000e+02,3.995000000000000107e+00,1.544999999999999929e+01,1.545031250000000078e+01
4.679300000000000182e+03,1.183044433593750000e+02,4.044999999999999929e+00,1.540000000000000036e+01,1.544812500000000099e+01
4.679399999999999636e+03,1.192565917968750000e+02,4.027499999999999858e+00,1.550999999999999979e+01,1.547328125000000121e+01
4.679500000000000000e+03,1.196228027343750000e+02,4.072499999999999787e+00,1.561999999999999922e+01,1.542625000000000135e+01
4.679600000000000364e+03,1.200622558593750000e+02,4.080000000000000071e+00,1.575750000000000028e+01,1.542078125000000099e+01
4.679699999999999818e+03,1.193847656250000000e+02,4.097500000000000142e+00,1.532000000000000028e+01,1.541476562500000114e+01
4.679800000000000182e+03,1.202270507812500000e+02,4.122500000000000497e+00,1.550000000000000000e+01,1.547164062500000092e+01
4.679899999999999636e+03,1.209960937500000000e+02,4.097500000000000142e+00,1.551999999999999957e+01,1.547218750000000043e+01
4.680000000000000000e+03,1.209411621093750000e+02,4.122500000000000497e+00,1.543999999999999950e+01,1.547164062500000092e+01
4.680100000000000364e+03,1.213256835937500000e+02,4.155000000000000249e+00,1.539000000000000057e+01,1.544375000000000142e+01
4.680199999999999818e+03,1.206665039062500000e+02,4.162499999999999645e+00,1.573000000000000043e+01,1.542843750000000114e+01
4.680300000000000182e+03,1.213073730468750000e+02,4.179999999999999716e+00,1.566000000000000014e+01,1.550773437500000007e+01
4.680399999999999636e+03,1.209960937500000000e+02,4.237499999999999822e+00,1.549000000000000021e+01,1.552140625000000007e+01
4.680500000000000000e+03,1.209594726562500000e+02,4.219999999999999751e+00,1.564000000000000057e+01,1.553179687500000128e+01
4.680600000000000364e+03,1.213439941406250000e+02,4.227500000000000036e+00,1.534999999999999964e+01,1.546343750000000128e+01
4.680699999999999818e+03,1.207031250000000000e+02,4.259375000000000355e+00,1.558000000000000007e+01,1.545468750000000036e+01
4.680800000000000182e+03,1.213439941406250000e+02,4.250000000000000000e+00,1.527999999999999936e+01,1.546070312500000021e+01
4.680899999999999636e+03,1.210327148437500000e+02,1.312500000000005329e-02,1.537999999999999901e+01,-7.054687500000067502e-02
4.681000000000000000e+03,1.209777832031250000e+02,5.562500000000003553e-02,1.526999999999999957e+01,-1.421875000000039080e-02
4.681100000000000364e+03,1.213439941406250000e+02,7.312500000000010658e-02,1.543999999999999950e+01,-2.406250000000031974e-02
4.681199999999999818e+03,1.200622558593750000e+02,7.062500000000015987e-02,1.543999999999999950e+01,-5.195312500000071054e-02
4.681300000000000182e+03,1.206298828125000000e+02,3.312500000000007105e-02,1.554999999999999893e+01,-4.976562500000092371e-02
4.681399999999999636e+03,1.203002929687500000e+02,2.062499999999989342e-02,1.534999999999999964e+01,-1.093750000000071054e-02
4.681500000000000000e+03,1.202819824218750000e+02,3.562500000000001776e-02,1.548000000000000043e+01,-6.343750000000092371e-02
4.681600000000000364e+03,1.189270019531250000e+02,5.312500000000008882e-02,1.526999999999999957e+01,-3.554687500000053291e-02
4.681699999999999818e+03,1.177917480468750000e+02,3.312500000000007105e-02,1.547000000000000064e+01,2.187499999998898659e-03
4.681800000000000182e+03,1.184143066406250000e+02,4.062499999999991118e-02,1.565000000000000036e+01,-5.851562500000095923e-02
4.681899999999999636e+03,1.181213378906250000e+02,8.124999999999715783e-03,1.519999999999999929e+01,-7.765625000000042633e-02
4.682000000000000000e+03,1.170593261718750000e+02,5.062500000000014211e-02,1.566000000000000014e+01,-5.195312500000071054e-02
4.682100000000000364e+03,1.150268554687500000e+02,1.312500000000005329e-02,1.525999999999999979e+01,-5.796875000000056843e-02
4.682199999999999818e+03,1.143127441406250000e+02,5.562500000000003553e-02,1.531000000000000050e+01,-4.703125000000074607e-02
4.682300000000000182e+03,1.148437500000000000e+02,6.062499999999992895e-02,1.544999999999999929e+01,-1.804687500000046185e-02
4.682399999999999636e+03,1.146606445312500000e+02,4.312499999999985789e-02,1.558999999999999986e+01,-4.320312500000067502e-02
4.682500000000000000e+03,1.107788085937500000e+02,4.812499999999975131e-02,1.543999999999999950e+01,-2.351562500000081712e-02
4.682600000000000364e+03,1.107421875000000000e+02,3.812499999999996447e-02,1.547000000000000064e+01,-3.117187500000095923e-02
4.682699999999999818e+03,1.100646972656250000e+02,6.312499999999987566e-02,1.550999999999999979e+01,-6.070312500000074607e-02
4.682800000000000182e+03,1.106689453125000000e+02,2.062499999999989342e-02,1.545999999999999908e+01,-1.121093750000010658e-01
4.682899999999999636e+03,1.084899902343750000e+02,5.562500000000003553e-02,1.558000000000000007e+01,-2.734375000001065814e-03
4.683000000000000000e+03,1.069519042968750000e+02,5.812499999999998224e-02,1.545999999999999908e+01,-1.914062500000035527e-02
4.683100000000000364e+03,1.073181152343750000e+02,3.562500000000001776e-02,1.547000000000000064e+01,-5.960937500000085265e-02
4.683199999999999818e+03,1.067321777343750000e+02,4.812499999999975131e-02,1.557000000000000028e+01,-1.421875000000039080e-02
4.683300000000000182e+03,1.072448730468750000e+02,2.562499999999978684e-02,1.548000000000000043e+01,-2.734375000000088818e-02
4.683399999999999636e+03,1.043334960937500000e+02,6.062499999999992895e-02,1.537999999999999901e+01,1.640624999999396039e-03
4.683500000000000000e+03,1.040039062500000000e+02,4.312499999999985789e-02,1.553999999999999915e+01,-6.562500000000248690e-03
4.683600000000000364e+03,1.043884277343750000e+02,5.812499999999998224e-02,1.534999999999999964e+01,-3.390625000000024869e-02
4.683699999999999818e+03,1.037841796875000000e+02,5.062500000000014211e-02,1.540000000000000036e+01,-5.578125000000078160e-02
4.683800000000000182e+03,1.023193359375000000e+02,4.812499999999975131e-02,1.557000000000000028e+01,-3.937500000000060396e-02
4.683899999999999636e+03,1.016967773437500000e+02,4.312499999999985789e-02,1.551999999999999957e+01,-5.742187500000106581e-02
4.684000000000000000e+03,1.015502929687500000e+02,2.062499999999989342e-02,1.553749999999999964e+01,-5.851562500000095923e-02
4.684100000000000364e+03,1.019165039062500000e+02,4.812499999999975131e-02,1.592750000000000021e+01,-6.507812500000031974e-02
4.684199999999999818e+03,1.006530761718750000e+02,1.124999999999998224e-01,1.533000000000000007e+01,-5.742187500000106581e-02
4.684300000000000182e+03,9.959106445312500000e+01,1.562500000000000000e-02,1.545749999999999957e+01,-3.554687500000053291e-02
4.684399999999999636e+03,9.938964843750000000e+01,4.812499999999975131e-02,1.559999999999999964e+01,-4.265625000000028422e-02
4.684500000000000000e+03,9.913330078125000000e+01,2.062499999999989342e-02,1.550999999999999979e+01,-4.101562500000088818e-02
4.684600000000000364e+03,9.959106445312500000e+01,3.312500000000007105e-02,1.545999999999999908e+01,-9.187500000000081712e-02
4.684699999999999818e+03,9.721069335937500000e+01,3.812499999999996447e-02,1.560999999999999943e+01,-1.750000000000095923e-02
4.684800000000000182e+03,9.752197265625000000e+01,7.312500000000010658e-02,1.528999999999999915e+01,-4.921875000000852651e-03
4.684899999999999636e+03,9.739379882812500000e+01,5.562500000000003553e-02,1.541000000000000014e+01,-7.109375000000106581e-02
4.685000000000000000e+03,9.722900390625000000e+01,4.812499999999975131e-02,1.554999999999999893e+01,-5.304687500000060396e-02
4.685100000000000364e+03,9.642333984375000000e+01,3.312500000000007105e-02,1.566999999999999993e+01,-8.695312500000085265e-02
4.685199999999999818e+03,9.515991210937500000e+01,4.812499999999975131e-02,1.566000000000000014e+01,-5.468750000000355271e-03
4.685300000000000182e+03,9.558105468750000000e+01,6.062499999999992895e-02,1.549750000000000050e+01,-4.921875000000852651e-03
4.685399999999999636e+03,9.548950195312500000e+01,8.124999999999715783e-03,1.561999999999999922e+01,-2.460937500000071054e-02
4.685500000000000000e+03,9.530639648437500000e+01,5.562500000000003553e-02,1.567999999999999972e+01,-3.937500000000060396e-02
4.685600000000000364e+03,9.404296875000000000e+01,5.062500000000014211e-02,1.545999999999999908e+01,-3.664062500000042633e-02
4.685699999999999818e+03,9.343872070312500000e+01,8.062499999999994671e-02,1.558999999999999986e+01,-6.562500000000071054e-02
4.685800000000000182e+03,9.384155273437500000e+01,5.812499999999998224e-02,1.548000000000000043e+01,6.015624999998969713e-03
4.685899999999999636e+03,9.375000000000000000e+01,6.062499999999992895e-02,1.554999999999999893e+01,-6.015625000000746070e-03
4.686000000000000000e+03,9.223022460937500000e+01,5.562500000000003553e-02,1.560999999999999943e+01,-1.421875000000039080e-02
4.686100000000000364e+03,9.226684570312500000e+01,5.062500000000014211e-02,1.545999999999999908e+01,-1.914062500000035527e-02
4.686199999999999818e+03,9.169921875000000000e+01,2.062499999999989342e-02,1.542999999999999972e+01,-6.562500000000071054e-02
4.686300000000000182e+03,9.219360351562500000e+01,6.062499999999992895e-02,1.573000000000000043e+01,-4.429687500000056843e-02
4.686399999999999636e+03,9.162597656250000000e+01,4.562499999999980460e-02,1.556749999999999901e+01,-6.015625000000035527e-02
4.686500000000000000e+03,9.030761718750000000e+01,3.312500000000007105e-02,1.556000000000000050e+01,-4.921875000000852651e-03
4.686600000000000364e+03,9.065551757812500000e+01,3.812499999999996447e-02,1.541000000000000014e+01,9.296874999999538147e-03
4.686699999999999818e+03,9.010620117187500000e+01,5.562500000000003553e-02,1.552999999999999936e+01,-1.257812500000099476e-02
4.686800000000000182e+03,9.056396484375000000e+01,5.062500000000014211e-02,1.539000000000000057e+01,-3.171875000000046185e-02
4.686899999999999636e+03,8.922729492187500000e+01,2.312499999999984013e-02,1.551999999999999957e+01,-6.015625000000746070e-03
4.687000000000000000e+03,8.887939453125000000e+01,8.374999999999976907e-02,1.556000000000000050e+01,-6.781250000000049738e-02
4.687100000000000364e+03,8.922729492187500000e+01,4.062499999999991118e-02,1.545999999999999908e+01,-5.359375000000099476e-02
4.687199999999999818e+03,8.873291015625000000e+01,3.062500000000012434e-02,1.557000000000000028e+01,-2.187500000000675016e-03
4.687300000000000182e+03,8.825683593750000000e+01,5.812499999999998224e-02,1.562999999999999901e+01,-1.110156250000002842e-01
4.687399999999999636e+03,8.761596679687500000e+01,5.812499999999998224e-02,1.553999999999999915e+01,-3.664062500000042633e-02
4.687500000000000000e+03,8.737792968750000000e+01,2.562499999999978684e-02,1.567999999999999972e+01,-7.164062500000056843e-02
4.687600000000000364e+03,8.776245117187500000e+01,5.312500000000008882e-02,1.541999999999999993e+01,-2.187500000000053291e-02
4.687699999999999818e+03,8.723144531250000000e+01,3.812499999999996447e-02,1.545999999999999908e+01,-4.757812500000024869e-02
4.687800000000000182e+03,8.633422851562500000e+01,3.812499999999996447e-02,1.550999999999999979e+01,-3.390625000000024869e-02
4.687899999999999636e+03,8.620605468750000000e+01,5.312500000000008882e-02,1.543999999999999950e+01,-7.109375000000639488e-03
4.688000000000000000e+03,8.600463867187500000e+01,2.812499999999973355e-02,1.547000000000000064e+01,-1.695312500000056843e-02
4.688100000000000364e+03,8.638916015625000000e+01,4.812499999999975131e-02,1.539749999999999908e+01,-3.062500000000056843e-02
4.688199999999999818e+03,8.483276367187500000e+01,5.062500000000014211e-02,1.544999999999999929e+01,-6.453125000000081712e-02
4.688300000000000182e+03,8.497924804687500000e+01,4.812499999999975131e-02,1.550000000000000000e+01,-6.398437500000042633e-02
4.688399999999999636e+03,8.486938476562500000e+01,3.062500000000012434e-02,1.537999999999999901e+01,-1.367187500000088818e-02
4.688500000000000000e+03,8.463134765625000000e+01,5.062500000000014211e-02,1.533000000000000007e+01,-1.640625000000106581e-02
4.688600000000000364e+03,8.470458984375000000e+01,3.062500000000012434e-02,1.549000000000000021e+01,-3.882812500000110134e-02
4.688699999999999818e+03,8.329467773437500000e+01,5.062500000000014211e-02,1.541999999999999993e+01,-8.881784197001252323e-16
4.688800000000000182e+03,8.367919921875000000e+01,1.312500000000005329e-02,1.533000000000000007e+01,1.640624999999928946e-02
4.688899999999999636e+03,8.358764648437500000e+01,4.812499999999975131e-02,1.528749999999999964e+01,-5.195312500000071054e-02
4.689000000000000000e+03,8.334960937500000000e+01,4.312499999999985789e-02,1.528749999999999964e+01,-1.312500000000049738e-02
4.689100000000000364e+03,8.258056640625000000e+01,3.812499999999996447e-02,1.558000000000000007e+01,-4.921875000000053291e-02
4.689199999999999818e+03,8.197631835937500000e+01,4.312499999999985789e-02,1.569999999999999929e+01,-2.187500000000675016e-03
4.689300000000000182e+03,8.236083984375000000e+01,1.368749999999998579e-01,1.550000000000000000e+01,-7.437500000000074607e-02
4.689399999999999636e+03,8.230590820312500000e+01,4.812499999999975131e-02,1.539000000000000057e+01,-3.500000000000103029e-02
4.689500000000000000e+03,8.129882812500000000e+01,2.312499999999984013e-02,1.543750000000000000e+01,6.289062499999964473e-02
4.689600000000000364e+03,8.113403320312500000e+01,4.312499999999985789e-02,1.559999999999999964e+01,-3.062500000000056843e-02
4.689699999999999818e+03,8.065795898437500000e+01,4.312499999999985789e-02,1.553999999999999915e+01,-5.906250000000046185e-02
4.689800000000000182e+03,8.104248046875000000e+01,1.812499999999994671e-02,1.541000000000000014e+01,-2.242187500000092371e-02
4.689899999999999636e+03,8.100585937500000000e+01,2.562499999999978684e-02,1.544999999999999929e+01,-2.406250000000031974e-02
4.690000000000000000e+03,7.966918945312500000e+01,3.062500000000012434e-02,1.550000000000000000e+01,-6.015625000000746070e-03
4.690100000000000364e+03,7.994384765625000000e+01,5.562500000000003553e-02,1.541000000000000014e+01,-8.914062500000063949e-02
4.690199999999999818e+03,7.944946289062500000e+01,1.312500000000005329e-02,1.525000000000000000e+01,-3.335937500000074607e-02
4.690300000000000182e+03,7.987060546875000000e+01,1.812499999999994671e-02,1.541750000000000043e+01,-5.468750000000088818e-02
4.690399999999999636e+03,7.886352539062500000e+01,3.312500000000007105e-02,1.548499999999999943e+01,-4.210937500000078160e-02
4.690500000000000000e+03,7.836914062500000000e+01,6.812499999999976907e-02,1.545999999999999908e+01,-3.335937500000074607e-02
4.690600000000000364e+03,7.873535156250000000e+01,4.312499999999985789e-02,1.535999999999999943e+01,-5.851562500000095923e-02
4.690699999999999818e+03,7.825927734375000000e+01,5.062500000000014211e-02,1.533750000000000036e+01,-6.125000000000024869e-02
4.690800000000000182e+03,7.842407226562500000e+01,4.062499999999991118e-02,1.558000000000000007e+01,-2.460937500000071054e-02
4.690899999999999636e+03,7.743530273437500000e+01,4.562499999999980460e-02,1.554999999999999893e+01,-3.171875000000046185e-02
4.691000000000000000e+03,7.714233398437500000e+01,5.062500000000014211e-02,1.528999999999999915e+01,-7.875000000000031974e-02
4.691100000000000364e+03,7.750854492187500000e+01,2.062499999999989342e-02,1.533000000000000007e+01,-1.640625000000106581e-02
4.691199999999999818e+03,7.703247070312500000e+01,6.812499999999976907e-02,1.539000000000000057e+01,-1.312500000000049738e-02
4.691300000000000182e+03,7.648315429687500000e+01,1.312500000000005329e-02,1.562999999999999901e+01,-1.585937500000067502e-02
4.691399999999999636e+03,7.630004882812500000e+01,3.812499999999996447e-02,1.541999999999999993e+01,-3.773437500000031974e-02
4.691500000000000000e+03,7.604370117187500000e+01,2.812499999999973355e-02,1.586500000000000021e+01,1.695312499999968026e-02
4.691600000000000364e+03,7.640991210937500000e+01,5.562500000000003553e-02,1.548000000000000043e+01,-3.609375000000092371e-02
4.691699999999999818e+03,7.536621093750000000e+01,6.812499999999976907e-02,1.577999999999999936e+01,-8.750000000000035527e-02
4.691800000000000182e+03,7.523803710937500000e+01,5.562500000000003553e-02,1.540000000000000036e+01,-6.945312500000078160e-02
4.691899999999999636e+03,7.521972656250000000e+01,5.312500000000008882e-02,1.557000000000000028e+01,-8.039062500000060396e-02
4.692000000000000000e+03,7.496337890625000000e+01,5.624999999999769074e-03,1.537999999999999901e+01,-1.640625000000284217e-03
4.692100000000000364e+03,7.527465820312500000e+01,5.312500000000008882e-02,1.556000000000000050e+01,-1.804687500000046185e-02
4.692199999999999818e+03,7.382812500000000000e+01,4.062499999999991118e-02,1.551999999999999957e+01,-7.164062500000056843e-02
4.692300000000000182e+03,7.408447265625000000e+01,6.062499999999992895e-02,1.555749999999999922e+01,-1.804687500000046185e-02
4.692399999999999636e+03,7.408447265625000000e+01,7.562500000000005329e-02,1.558999999999999986e+01,-4.593750000000085265e-02
4.692500000000000000e+03,7.384643554687500000e+01,2.812499999999973355e-02,1.520999999999999908e+01,-4.976562500000092371e-02
4.692600000000000364e+03,7.335205078125000000e+01,5.812499999999998224e-02,1.550999999999999979e+01,-9.023437500000053291e-02
4.692699999999999818e+03,7.265625000000000000e+01,-1.437500000000024869e-02,1.552999999999999936e+01,-2.242187500000092371e-02
4.692800000000000182e+03,7.302246093750000000e+01,7.562500000000005329e-02,1.545999999999999908e+01,-3.882812500000110134e-02
4.692899999999999636e+03,7.296752929687500000e+01,2.812499999999973355e-02,1.558000000000000007e+01,-3.007812500000106581e-02
4.693000000000000000e+03,7.265625000000000000e+01,4.312499999999985789e-02,1.545999999999999908e+01,4.921874999999076294e-03
4.693100000000000364e+03,7.214355468750000000e+01,5.062500000000014211e-02,1.554999999999999893e+01,2.078124999999975131e-02
4.693199999999999818e+03,7.172241210937500000e+01,3.312500000000007105e-02,1.565000000000000036e+01,-7.328125000000085265e-02
4.693300000000000182e+03,7.199707031250000000e+01,3.062500000000012434e-02,1.557000000000000028e+01,-4.812500000000063949e-02
4.693399999999999636e+03,7.201538085937500000e+01,3.562500000000001776e-02,1.552999999999999936e+01,-8.804687500000074607e-02
4.693500000000000000e+03,7.091674804687500000e+01,4.562499999999980460e-02,1.539000000000000057e+01,-3.335937500000074607e-02
4.693600000000000364e+03,7.109985351562500000e+01,1.062500000000010658e-02,1.565000000000000036e+01,-8.859375000000024869e-02
4.693699999999999818e+03,7.067871093750000000e+01,2.812499999999973355e-02,1.557000000000000028e+01,-5.085937500000081712e-02
4.693800000000000182e+03,7.102661132812500000e+01,6.562499999999982236e-02,1.553999999999999915e+01,-3.718750000000081712e-02
4.693899999999999636e+03,7.053222656250000000e+01,5.062500000000014211e-02,1.553999999999999915e+01,-2.132812500000103029e-02
4.694000000000000000e+03,6.978149414062500000e+01,5.062500000000014211e-02,1.556000000000000050e+01,-2.351562500000081712e-02
4.694100000000000364e+03,7.009277343750000000e+01,2.812499999999973355e-02,1.536999999999999922e+01,1.093749999999005240e-03
4.694199999999999818e+03,6.967163085937500000e+01,2.562499999999978684e-02,1.544999999999999929e+01,-3.937500000000060396e-02
4.694300000000000182e+03,7.001953125000000000e+01,5.312500000000008882e-02,1.537999999999999901e+01,3.828124999999182876e-03
4.694399999999999636e+03,6.914062500000000000e+01,3.562500000000001776e-02,1.543999999999999950e+01,-3.828125000000071054e-02
4.694500000000000000e+03,6.886596679687500000e+01,5.312500000000008882e-02,1.551999999999999957e+01,-1.968750000000074607e-02
4.694600000000000364e+03,6.919555664062500000e+01,5.312500000000008882e-02,1.559999999999999964e+01,-1.859375000000085265e-02
4.694699999999999818e+03,6.877441406250000000e+01,4.062499999999991118e-02,1.552999999999999936e+01,-3.882812500000110134e-02
4.694800000000000182e+03,6.840820312500000000e+01,3.312500000000007105e-02,1.545999999999999908e+01,1.476562499999900524e-02
4.694899999999999636e+03,6.811523437500000000e+01,6.062499999999992895e-02,1.548000000000000043e+01,-5.742187500000106581e-02
4.695000000000000000e+03,6.787719726562500000e+01,6.562499999999982236e-02,1.552999999999999936e+01,1.257812499999921840e-02
4.695100000000000364e+03,6.820678710937500000e+01,4.562499999999980460e-02,1.552999999999999936e+01,-5.960937500000085265e-02
4.695199999999999818e+03,6.773071289062500000e+01,2.062499999999989342e-02,1.540000000000000036e+01,-1.093750000000781597e-03
4.695300000000000182e+03,6.721801757812500000e+01,2.312499999999984013e-02,1.542999999999999972e+01,-2.734375000000088818e-02
4.695399999999999636e+03,6.719970703125000000e+01,5.562500000000003553e-02,1.550750000000000028e+01,-5.468750000000088818e-02
4.695500000000000000e+03,6.694335937500000000e+01,3.562500000000001776e-02,1.548749999999999893e+01,-4.921875000000053291e-02
4.695600000000000364e+03,6.729125976562500000e+01,5.812499999999998224e-02,1.553999999999999915e+01,1.640624999999928946e-02
4.695699999999999818e+03,6.615600585937500000e+01,4.562499999999980460e-02,1.549000000000000021e+01,-2.023437500000024869e-02
4.695800000000000182e+03,6.630249023437500000e+01,5.624999999999769074e-03,1.547000000000000064e+01,-2.734375000000088818e-02
4.695899999999999636e+03,6.628417968750000000e+01,4.062499999999991118e-02,1.550000000000000000e+01,-9.296875000000426326e-03
4.696000000000000000e+03,6.606445312500000000e+01,5.062500000000014211e-02,1.550999999999999979e+01,-6.234375000000103029e-02
4.696100000000000364e+03,6.611938476562500000e+01,5.312500000000008882e-02,1.551999999999999957e+01,-1.296093750000002487e-01
4.696199999999999818e+03,6.524047851562500000e+01,4.812499999999975131e-02,1.558000000000000007e+01,-4.976562500000092371e-02
4.696300000000000182e+03,6.551513671875000000e+01,3.562500000000001776e-02,1.539749999999999908e+01,-3.335937500000074607e-02
4.696399999999999636e+03,6.547851562500000000e+01,5.312500000000008882e-02,1.541750000000000043e+01,-5.304687500000060396e-02
4.696500000000000000e+03,6.529541015625000000e+01,5.562500000000003553e-02,1.550750000000000028e+01,-3.445312500000063949e-02
4.696600000000000364e+03,6.474609375000000000e+01,5.812499999999998224e-02,1.549000000000000021e+01,6.015624999998969713e-03
4.696699999999999818e+03,6.432495117187500000e+01,4.562499999999980460e-02,1.556000000000000050e+01,-8.750000000000035527e-02
4.696800000000000182e+03,6.459960937500000000e+01,1.312500000000005329e-02,1.538499999999999979e+01,-4.265625000000028422e-02
4.696899999999999636e+03,6.458129882812500000e+01,3.812499999999996447e-02,1.533000000000000007e+01,-2.625000000000099476e-02
4.697000000000000000e+03,6.383056640625000000e+01,5.812499999999998224e-02,1.544999999999999929e+01,-4.429687500000056843e-02
4.697100000000000364e+03,6.388549804687500000e+01,6.562499999999982236e-02,1.552999999999999936e+01,3.828124999999182876e-03
4.697199999999999818e+03,6.351928710937500000e+01,2.812499999999973355e-02,1.562500000000000000e+01,-6.453125000000081712e-02
4.697300000000000182e+03,6.381225585937500000e+01,4.562499999999980460e-02,1.542999999999999972e+01,-2.625000000000099476e-02
4.697399999999999636e+03,6.381225585937500000e+01,5.062500000000014211e-02,1.558999999999999986e+01,-1.421875000000039080e-02
4.697500000000000000e+03,6.276855468750000000e+01,3.562500000000001776e-02,1.554999999999999893e+01,-5.960937500000085265e-02
4.697600000000000364e+03,6.304321289062500000e+01,3.812499999999996447e-02,1.540000000000000036e+01,-1.421875000000039080e-02
4.697699999999999818e+03,6.267700195312500000e+01,3.062500000000012434e-02,1.566999999999999993e+01,-3.609375000000092371e-02
4.697800000000000182e+03,6.295166015625000000e+01,7.062500000000015987e-02,1.536999999999999922e+01,9.296874999999538147e-03
4.697899999999999636e+03,6.232910156250000000e+01,4.812499999999975131e-02,1.558000000000000007e+01,-3.117187500000095923e-02
4.698000000000000000e+03,6.194458007812500000e+01,5.562500000000003553e-02,1.537999999999999901e+01,-2.734375000000088818e-02
4.698100000000000364e+03,6.227416992187500000e+01,4.562499999999980460e-02,1.559999999999999964e+01,-5.085937500000081712e-02
4.698199999999999818e+03,6.188964843750000000e+01,3.562500000000001776e-02,1.566000000000000014e+01,-9.351562500000110134e-02
4.698300000000000182e+03,6.203613281250000000e+01,3.562500000000001776e-02,1.548749999999999893e+01,-3.390625000000024869e-02
4.698399999999999636e+03,6.152343750000000000e+01,2.562499999999978684e-02,1.550999999999999979e+01,-4.757812500000024869e-02
4.698500000000000000e+03,6.123046875000000000e+01,5.312500000000008882e-02,1.558000000000000007e+01,-1.968750000000074607e-02
4.698600000000000364e+03,6.156005859375000000e+01,3.562500000000001776e-02,1.541499999999999915e+01,-5.468750000000088818e-02
4.698699999999999818e+03,6.117553710937500000e+01,5.062500000000014211e-02,1.544999999999999929e+01,-6.781250000000049738e-02
4.698800000000000182e+03,6.077270507812500000e+01,4.562499999999980460e-02,1.533000000000000007e+01,-3.882812500000110134e-02
4.698899999999999636e+03,6.068115234375000000e+01,2.812499999999973355e-02,1.539000000000000057e+01,-4.539062500000046185e-02
4.699000000000000000e+03,6.044311523437500000e+01,4.312499999999985789e-02,1.534999999999999964e+01,-4.429687500000056843e-02
4.699100000000000364e+03,6.073608398437500000e+01,4.562499999999980460e-02,1.558750000000000036e+01,-5.140625000000031974e-02
4.699199999999999818e+03,6.007690429687500000e+01,3.812499999999996447e-02,1.550000000000000000e+01,-4.101562500000088818e-02
4.699300000000000182e+03,5.994873046875000000e+01,6.062499999999992895e-02,1.554999999999999893e+01,-1.421875000000039080e-02
4.699399999999999636e+03,5.996704101562500000e+01,2.312499999999984013e-02,1.566000000000000014e+01,2.406249999999943157e-02
4.699500000000000000e+03,5.969238281250000000e+01,3.312500000000007105e-02,1.540000000000000036e+01,9.843749999999040767e-03
4.699600000000000364e+03,6.005859375000000000e+01,3.062500000000012434e-02,1.541999999999999993e+01,-3.171875000000046185e-02
4.699699999999999818e+03,5.905151367187500000e+01,2.562499999999978684e-02,1.550999999999999979e+01,3.828124999999182876e-03
4.699800000000000182e+03,5.923461914062500000e+01,3.312500000000007105e-02,1.553999999999999915e+01,-4.539062500000046185e-02
4.699899999999999636e+03,5.928955078125000000e+01,4.312499999999985789e-02,1.534999999999999964e+01,-5.250000000000110134e-02
4.700000000000000000e+03,5.903320312500000000e+01,5.812499999999998224e-02,1.552999999999999936e+01,1.312499999999960920e-02
4.700100000000000364e+03,5.877685546875000000e+01,3.062500000000012434e-02,1.556000000000000050e+01,-2.953125000000067502e-02
4.700199999999999818e+03,5.822753906250000000e+01,3.312500000000007105e-02,1.535999999999999943e+01,-3.117187500000095923e-02
4.700300000000000182e+03,5.844726562500000000e+01,4.062499999999991118e-02,1.548000000000000043e+01,-2.132812500000103029e-02
4.700399999999999636e+03,5.846557617187500000e+01,7.812500000000000000e-02,1.558000000000000007e+01,-8.093750000000099476e-02
4.700500000000000000e+03,5.813598632812500000e+01,4.312499999999985789e-02,1.525999999999999979e+01,-4.320312500000067502e-02
4.700600000000000364e+03,5.797119140625000000e+01,5.562500000000003553e-02,1.567999999999999972e+01,-2.734375000000088818e-02
4.700699999999999818e+03,5.760498046875000000e+01,4.562499999999980460e-02,1.549000000000000021e+01,-3.007812500000106581e-02
4.700800000000000182e+03,5.786132812500000000e+01,4.562499999999980460e-02,1.550000000000000000e+01,-4.539062500000046185e-02
4.700899999999999636e+03,5.786132812500000000e+01,3.562500000000001776e-02,1.552999999999999936e+01,-6.781250000000049738e-02
4.701000000000000000e+03,5.707397460937500000e+01,4.312499999999985789e-02,1.541000000000000014e+01,-7.109375000000639488e-03
4.701100000000000364e+03,5.725708007812500000e+01,3.312500000000007105e-02,1.557000000000000028e+01,-1.421875000000039080e-02
4.701199999999999818e+03,5.692749023437500000e+01,4.062499999999991118e-02,1.561999999999999922e+01,-1.968750000000074607e-02
4.701300000000000182e+03,5.716552734375000000e+01,5.062500000000014211e-02,1.566000000000000014e+01,-5.632812500000028422e-02
4.701399999999999636e+03,5.687255859375000000e+01,7.562500000000005329e-02,1.543999999999999950e+01,-8.367187500000028422e-02
4.701500000000000000e+03,5.626831054687500000e+01,7.312500000000010658e-02,1.566000000000000014e+01,-2.187500000000053291e-02
4.701600000000000364e+03,5.652465820312500000e+01,5.562500000000003553e-02,1.529999999999999893e+01,-1.531250000000028422e-02
4.701699999999999818e+03,5.623168945312500000e+01,6.062499999999992895e-02,1.540000000000000036e+01,-8.421875000000067502e-02
4.701800000000000182e+03,5.646972656250000000e+01,4.062499999999991118e-02,1.535749999999999993e+01,2.570312499999971578e-02
4.701899999999999636e+03,5.592041015625000000e+01,4.312499999999985789e-02,1.542999999999999972e+01,-3.554687500000053291e-02
4.702000000000000000e+03,5.560913085937500000e+01,3.312500000000007105e-02,1.559999999999999964e+01,8.203124999999644729e-03
4.702100000000000364e+03,5.593872070312500000e+01,5.562500000000003553e-02,1.558000000000000007e+01,1.093749999999005240e-03
4.702199999999999818e+03,5.568237304687500000e+01,6.562499999999982236e-02,1.557000000000000028e+01,-4.375000000000106581e-02
4.702300000000000182e+03,5.548095703125000000e+01,5.812499999999998224e-02,1.533750000000000036e+01,-5.304687500000060396e-02
4.702399999999999636e+03,5.531616210937500000e+01,3.312500000000007105e-02,1.533999999999999986e+01,-5.250000000000110134e-02
4.702500000000000000e+03,5.504150390625000000e+01,6.312499999999987566e-02,1.550000000000000000e+01,-7.765625000000042633e-02
4.702600000000000364e+03,5.535278320312500000e+01,3.562500000000001776e-02,1.553999999999999915e+01,-6.835937500000088818e-02
4.702699999999999818e+03,5.505981445312500000e+01,5.812499999999998224e-02,1.554999999999999893e+01,-3.828125000000959233e-03
4.702800000000000182e+03,5.467529296875000000e+01,1.312500000000005329e-02,1.565000000000000036e+01,5.468749999995026201e-04
4.702899999999999636e+03,5.465698242187500000e+01,4.562499999999980460e-02,1.544999999999999929e+01,-4.812500000000063949e-02
4.703000000000000000e+03,5.441894531250000000e+01,3.812499999999996447e-02,1.542999999999999972e+01,-5.031250000000042633e-02
4.703100000000000364e+03,5.473022460937500000e+01,5.312500000000008882e-02,1.570999999999999908e+01,-3.117187500000095923e-02
4.703199999999999818e+03,5.397949218750000000e+01,4.062499999999991118e-02,1.554999999999999893e+01,1.312499999999960920e-02
4.703300000000000182e+03,5.403442382812500000e+01,5.812499999999998224e-02,1.542999999999999972e+01,-1.421875000000039080e-02
4.703399999999999636e+03,5.405273437500000000e+01,3.812499999999996447e-02,1.540000000000000036e+01,-1.640625000000106581e-02
4.703500000000000000e+03,5.383300781250000000e+01,1.812499999999994671e-02,1.554999999999999893e+01,-3.171875000000046185e-02
4.703600000000000364e+03,5.397949218750000000e+01,3.812499999999996447e-02,1.540000000000000036e+01,-2.132812500000103029e-02
4.703699999999999818e+03,5.330200195312500000e+01,3.812499999999996447e-02,1.573000000000000043e+01,-4.210937500000078160e-02
4.703800000000000182e+03,5.341186523437500000e+01,2.562499999999978684e-02,1.548000000000000043e+01,-5.523437500000039080e-02
4.703899999999999636e+03,5.348510742187500000e+01,2.812499999999973355e-02,1.547000000000000064e+01,-4.265625000000028422e-02
4.704000000000000000e+03,5.322875976562500000e+01,5.062500000000014211e-02,1.550999999999999979e+01,-5.632812500000028422e-02
4.704100000000000364e+03,5.300903320312500000e+01,5.062500000000014211e-02,1.552999999999999936e+01,-3.828125000000959233e-03
4.704199999999999818e+03,5.264282226562500000e+01,5.312500000000008882e-02,1.560999999999999943e+01,-1.093750000000071054e-02
4.704300000000000182e+03,5.286254882812500000e+01,4.562499999999980460e-02,1.547749999999999915e+01,-8.257812500000039080e-02
4.704399999999999636e+03,5.288085937500000000e+01,2.562499999999978684e-02,1.550999999999999979e+01,-9.187500000000081712e-02
4.704500000000000000e+03,5.236816406250000000e+01,3.562500000000001776e-02,1.550999999999999979e+01,-3.554687500000053291e-02
4.704600000000000364e+03,5.245971679687500000e+01,5.062500000000014211e-02,1.545999999999999908e+01,-5.906250000000046185e-02
4.704699999999999818e+03,5.214843750000000000e+01,3.812499999999996447e-02,1.549000000000000021e+01,-8.148437500000049738e-02
4.704800000000000182e+03,5.233154296875000000e+01,2.562499999999978684e-02,1.532000000000000028e+01,-1.585937500000067502e-02
4.704899999999999636e+03,5.233154296875000000e+01,4.562499999999980460e-02,1.543999999999999950e+01,-5.468750000000355271e-03
4.705000000000000000e+03,5.169067382812500000e+01,6.312499999999987566e-02,1.532750000000000057e+01,-2.242187500000092371e-02
4.705100000000000364e+03,5.194702148437500000e+01,2.562499999999978684e-02,1.526999999999999957e+01,-6.398437500000042633e-02
4.705199999999999818e+03,5.167236328125000000e+01,6.312499999999987566e-02,1.573000000000000043e+01,-5.796875000000056843e-02
4.705300000000000182e+03,5.187377929687500000e+01,4.562499999999980460e-02,1.541000000000000014e+01,-1.750000000000095923e-02
