time,temperature,ch1,ch3,ch5
5.139300000000000182e+03,4.568481445312500000e+01,6.812499999999976907e-02,1.566999999999999993e+01,-2.515625000000110134e-02
5.139399999999999636e+03,4.559326171875000000e+01,8.562499999999984013e-02,1.551999999999999957e+01,-2.515625000000110134e-02
5.139500000000000000e+03,4.553833007812500000e+01,6.562499999999982236e-02,1.554999999999999893e+01,-1.148437500000110134e-02
5.139600000000000364e+03,4.572143554687500000e+01,2.779999999999999805e+00,1.564000000000000057e+01,1.552796875000000121e+01
5.139699999999999818e+03,4.544677734375000000e+01,2.794999999999999929e+00,1.536999999999999922e+01,1.550335937500000050e+01
5.139800000000000182e+03,4.586791992187500000e+01,2.877499999999999947e+00,1.562999999999999901e+01,1.546343750000000128e+01
5.139899999999999636e+03,4.577636718750000000e+01,2.830000000000000071e+00,1.525000000000000000e+01,1.547820312500000028e+01
5.140000000000000000e+03,4.570312500000000000e+01,2.842499999999999805e+00,1.535749999999999993e+01,1.546945312500000114e+01
5.140100000000000364e+03,4.586791992187500000e+01,2.839999999999999858e+00,1.572000000000000064e+01,1.547109375000000142e+01
5.140199999999999818e+03,4.724121093750000000e+01,2.834999999999999964e+00,1.537999999999999901e+01,1.548640624999999993e+01
5.140300000000000182e+03,4.768066406250000000e+01,2.892500000000000071e+00,1.565000000000000036e+01,1.549789062500000014e+01
5.140399999999999636e+03,4.757080078125000000e+01,2.902499999999999858e+00,1.566000000000000014e+01,1.550828125000000135e+01
5.140500000000000000e+03,4.749755859375000000e+01,2.935000000000000053e+00,1.541000000000000014e+01,1.550609375000000156e+01
5.140600000000000364e+03,5.011596679687500000e+01,2.907500000000000195e+00,1.542999999999999972e+01,1.550281250000000099e+01
5.140699999999999818e+03,5.031738281250000000e+01,2.904999999999999805e+00,1.550999999999999979e+01,1.545250000000000057e+01
5.140800000000000182e+03,5.072021484375000000e+01,2.932500000000000107e+00,1.565000000000000036e+01,1.549625000000000163e+01
5.140899999999999636e+03,5.061035156250000000e+01,2.935000000000000053e+00,1.558999999999999986e+01,1.548531250000000092e+01
5.141000000000000000e+03,5.132446289062500000e+01,2.939999999999999947e+00,1.527999999999999936e+01,1.551921875000000028e+01
5.141100000000000364e+03,5.469360351562500000e+01,2.987499999999999822e+00,1.547000000000000064e+01,1.546179687500000099e+01
5.141199999999999818e+03,5.441894531250000000e+01,2.950000000000000178e+00,1.562749999999999950e+01,1.552250000000000085e+01
5.141300000000000182e+03,5.478515625000000000e+01,2.959999999999999964e+00,1.577249999999999908e+01,1.554984375000000085e+01
5.141399999999999636e+03,5.465698242187500000e+01,2.995000000000000107e+00,1.561999999999999922e+01,1.548093750000000135e+01
5.141500000000000000e+03,5.874023437500000000e+01,3.009999999999999787e+00,1.541000000000000014e+01,1.546125000000000149e+01
5.141600000000000364e+03,5.949096679687500000e+01,2.997500000000000053e+00,1.583499999999999908e+01,1.548968750000000050e+01
5.141699999999999818e+03,5.908813476562500000e+01,3.022499999999999964e+00,1.528999999999999915e+01,1.544429687500000092e+01
5.141800000000000182e+03,5.952758789062500000e+01,3.040000000000000036e+00,1.532000000000000028e+01,1.553070312500000050e+01
5.141899999999999636e+03,6.143188476562500000e+01,3.024999999999999911e+00,1.543999999999999950e+01,1.549515625000000085e+01
5.142000000000000000e+03,6.306152343750000000e+01,3.057500000000000107e+00,1.541999999999999993e+01,1.551429687500000121e+01
5.142100000000000364e+03,6.329956054687500000e+01,3.037500000000000089e+00,1.572000000000000064e+01,1.543554687500000000e+01
5.142199999999999818e+03,6.291503906250000000e+01,3.027499999999999858e+00,1.570999999999999908e+01,1.547164062500000092e+01
5.142300000000000182e+03,6.329956054687500000e+01,3.062500000000000000e+00,1.573000000000000043e+01,1.550390625000000000e+01
5.142399999999999636e+03,6.615600585937500000e+01,3.052500000000000213e+00,1.558000000000000007e+01,1.553179687500000128e+01
5.142500000000000000e+03,6.632080078125000000e+01,3.089999999999999858e+00,1.532000000000000028e+01,1.548750000000000071e+01
5.142600000000000364e+03,6.654052734375000000e+01,3.062500000000000000e+00,1.557000000000000028e+01,1.543062500000000092e+01
5.142699999999999818e+03,6.604614257812500000e+01,3.100000000000000089e+00,1.542999999999999972e+01,1.546890625000000163e+01
5.142800000000000182e+03,6.866455078125000000e+01,3.084999999999999964e+00,1.558000000000000007e+01,1.551156250000000014e+01
5.142899999999999636e+03,6.919555664062500000e+01,3.109999999999999876e+00,1.560999999999999943e+01,1.549515625000000085e+01
5.143000000000000000e+03,6.926879882812500000e+01,3.069999999999999840e+00,1.522749999999999915e+01,1.546726562500000135e+01
5.143100000000000364e+03,6.945190429687500000e+01,3.117500000000000160e+00,1.541000000000000014e+01,1.552085937500000057e+01
5.143199999999999818e+03,6.932373046875000000e+01,3.129999999999999893e+00,1.546749999999999936e+01,1.545250000000000057e+01
5.143300000000000182e+03,7.196044921875000000e+01,3.129999999999999893e+00,1.565000000000000036e+01,1.547820312500000028e+01
5.143399999999999636e+03,7.185058593750000000e+01,3.154999999999999805e+00,1.533000000000000007e+01,1.551593750000000149e+01
5.143500000000000000e+03,7.188720703125000000e+01,3.120000000000000107e+00,1.539000000000000057e+01,1.549406250000000007e+01
5.143600000000000364e+03,7.205200195312500000e+01,3.169999999999999929e+00,1.556000000000000050e+01,1.548640624999999993e+01
5.143699999999999818e+03,7.368164062500000000e+01,3.172499999999999876e+00,1.553999999999999915e+01,1.550445312500000128e+01
5.143800000000000182e+03,7.445068359375000000e+01,3.185000000000000053e+00,1.573000000000000043e+01,1.547984375000000057e+01
5.143899999999999636e+03,7.426757812500000000e+01,3.180000000000000160e+00,1.566999999999999993e+01,1.547875000000000156e+01
5.144000000000000000e+03,7.426757812500000000e+01,3.194999999999999840e+00,1.562999999999999901e+01,1.548750000000000071e+01
5.144100000000000364e+03,7.558593750000000000e+01,3.189999999999999947e+00,1.557000000000000028e+01,1.548148437500000085e+01
5.144199999999999818e+03,7.622680664062500000e+01,3.200000000000000178e+00,1.539000000000000057e+01,1.547328125000000121e+01
5.144300000000000182e+03,7.677612304687500000e+01,3.200000000000000178e+00,1.559999999999999964e+01,1.545796875000000092e+01
5.144399999999999636e+03,7.651977539062500000e+01,3.217499999999999805e+00,1.535999999999999943e+01,1.547765625000000078e+01
5.144500000000000000e+03,7.661132812500000000e+01,3.205000000000000071e+00,1.556000000000000050e+01,1.547109375000000142e+01
5.144600000000000364e+03,7.873535156250000000e+01,3.234999999999999876e+00,1.541000000000000014e+01,1.542570312500000007e+01
5.144699999999999818e+03,7.840576171875000000e+01,3.229999999999999982e+00,1.547000000000000064e+01,1.552195312500000135e+01
5.144800000000000182e+03,7.890014648437500000e+01,3.245000000000000107e+00,1.549000000000000021e+01,1.548312500000000114e+01
5.144899999999999636e+03,7.864379882812500000e+01,3.237499999999999822e+00,1.558000000000000007e+01,1.544101562500000036e+01
5.145000000000000000e+03,8.018188476562500000e+01,3.207500000000000018e+00,1.552999999999999936e+01,1.552085937500000057e+01
5.145100000000000364e+03,8.085937500000000000e+01,3.140000000000000124e+00,1.545999999999999908e+01,1.549406250000000007e+01
5.145199999999999818e+03,8.041992187500000000e+01,3.265000000000000124e+00,1.539000000000000057e+01,1.550117187500000071e+01
5.145300000000000182e+03,8.091430664062500000e+01,3.227500000000000036e+00,1.569999999999999929e+01,1.546015625000000071e+01
5.145399999999999636e+03,8.087768554687500000e+01,3.259999999999999787e+00,1.569999999999999929e+01,1.555148437500000114e+01
5.145500000000000000e+03,8.267211914062500000e+01,3.245000000000000107e+00,1.554749999999999943e+01,1.550007812499999993e+01
5.145600000000000364e+03,8.291015625000000000e+01,3.280000000000000249e+00,1.528999999999999915e+01,1.547710937500000128e+01
5.145699999999999818e+03,8.243408203125000000e+01,3.254999999999999893e+00,1.553999999999999915e+01,1.554492187500000000e+01
5.145800000000000182e+03,8.292846679687500000e+01,3.287500000000000089e+00,1.542999999999999972e+01,1.546617187500000057e+01
5.145899999999999636e+03,8.413696289062500000e+01,3.282500000000000195e+00,1.525000000000000000e+01,1.547875000000000156e+01
5.146000000000000000e+03,8.448486328125000000e+01,3.265000000000000124e+00,1.534999999999999964e+01,1.543609375000000128e+01
5.146100000000000364e+03,8.472290039062500000e+01,3.272499999999999964e+00,1.537999999999999901e+01,1.547820312500000028e+01
5.146199999999999818e+03,8.421020507812500000e+01,3.280000000000000249e+00,1.534750000000000014e+01,1.551320312500000043e+01
5.146300000000000182e+03,8.567504882812500000e+01,3.305000000000000160e+00,1.542999999999999972e+01,1.552687500000000043e+01
5.146399999999999636e+03,8.624267578125000000e+01,3.312500000000000000e+00,1.550000000000000000e+01,1.546015625000000071e+01
5.146500000000000000e+03,8.642578125000000000e+01,3.354999999999999982e+00,1.533000000000000007e+01,1.547875000000000156e+01
5.146600000000000364e+03,8.660888671875000000e+01,3.365000000000000213e+00,1.529999999999999893e+01,1.544921875000000000e+01
5.146699999999999818e+03,8.611450195312500000e+01,3.330000000000000071e+00,1.552999999999999936e+01,1.545523437500000163e+01
5.146800000000000182e+03,8.825683593750000000e+01,3.339999999999999858e+00,1.567999999999999972e+01,1.546343750000000128e+01
5.146899999999999636e+03,8.809204101562500000e+01,3.352500000000000036e+00,1.531000000000000050e+01,1.550500000000000078e+01
5.147000000000000000e+03,8.825683593750000000e+01,3.415000000000000036e+00,1.551999999999999957e+01,1.549679687500000114e+01
5.147100000000000364e+03,8.842163085937500000e+01,3.277499999999999858e+00,1.545999999999999908e+01,1.546781250000000085e+01
5.147199999999999818e+03,8.915405273437500000e+01,3.337499999999999911e+00,1.562999999999999901e+01,1.545414062500000085e+01
5.147300000000000182e+03,9.010620117187500000e+01,3.402499999999999858e+00,1.539000000000000057e+01,1.547710937500000128e+01
5.147399999999999636e+03,8.977661132812500000e+01,3.405000000000000249e+00,1.557000000000000028e+01,1.543554687500000000e+01
5.147500000000000000e+03,8.994140625000000000e+01,3.412500000000000089e+00,1.568999999999999950e+01,1.549953125000000043e+01
5.147600000000000364e+03,9.034423828125000000e+01,3.424999999999999822e+00,1.543999999999999950e+01,1.544265625000000064e+01
5.147699999999999818e+03,9.120483398437500000e+01,3.450000000000000178e+00,1.533000000000000007e+01,1.544921875000000000e+01
5.147800000000000182e+03,9.184570312500000000e+01,3.397499999999999964e+00,1.545999999999999908e+01,1.547000000000000064e+01
5.147899999999999636e+03,9.147949218750000000e+01,3.415000000000000036e+00,1.562999999999999901e+01,1.546671875000000007e+01
5.148000000000000000e+03,9.166259765625000000e+01,3.459999999999999964e+00,1.532750000000000057e+01,1.549679687500000114e+01
5.148100000000000364e+03,9.320068359375000000e+01,3.412500000000000089e+00,1.560999999999999943e+01,1.548476562500000142e+01
5.148199999999999818e+03,9.288940429687500000e+01,3.432500000000000107e+00,1.536999999999999922e+01,1.545250000000000057e+01
5.148300000000000182e+03,9.343872070312500000e+01,3.470000000000000195e+00,1.549000000000000021e+01,1.548203125000000036e+01
5.148399999999999636e+03,9.309082031250000000e+01,3.464999999999999858e+00,1.549000000000000021e+01,1.547820312500000028e+01
5.148500000000000000e+03,9.407958984375000000e+01,3.475000000000000089e+00,1.548000000000000043e+01,1.546453125000000028e+01
5.148600000000000364e+03,9.506835937500000000e+01,3.492500000000000160e+00,1.557000000000000028e+01,1.550007812499999993e+01
5.148699999999999818e+03,9.457397460937500000e+01,3.497500000000000053e+00,1.550000000000000000e+01,1.547492187500000149e+01
5.148800000000000182e+03,9.512329101562500000e+01,3.470000000000000195e+00,1.569999999999999929e+01,1.547382812500000071e+01
5.148899999999999636e+03,9.477539062500000000e+01,3.482499999999999929e+00,1.533999999999999986e+01,1.546562500000000107e+01
5.149000000000000000e+03,9.653320312500000000e+01,3.497500000000000053e+00,1.564250000000000007e+01,1.547710937500000128e+01
5.149100000000000364e+03,9.680786132812500000e+01,3.637500000000000178e+00,1.550999999999999979e+01,1.553562500000000135e+01
5.149199999999999818e+03,9.629516601562500000e+01,3.520000000000000018e+00,1.539000000000000057e+01,1.548859375000000149e+01
5.149300000000000182e+03,9.684448242187500000e+01,3.455000000000000071e+00,1.553999999999999915e+01,1.544320312500000014e+01
5.149399999999999636e+03,9.765014648437500000e+01,3.522499999999999964e+00,1.536999999999999922e+01,1.549843750000000142e+01
5.149500000000000000e+03,9.827270507812500000e+01,3.537500000000000089e+00,1.534999999999999964e+01,1.548421875000000014e+01
5.149600000000000364e+03,9.838256835937500000e+01,3.540000000000000036e+00,1.557000000000000028e+01,1.545140625000000156e+01
5.149699999999999818e+03,9.788818359375000000e+01,3.560000000000000053e+00,1.537500000000000000e+01,1.543554687500000000e+01
5.149800000000000182e+03,9.891357421875000000e+01,3.567499999999999893e+00,1.566999999999999993e+01,1.546507812500000156e+01
5.149899999999999636e+03,9.959106445312500000e+01,3.572499999999999787e+00,1.545999999999999908e+01,1.551320312500000043e+01
5.150000000000000000e+03,9.984741210937500000e+01,3.555000000000000160e+00,1.541999999999999993e+01,1.546125000000000149e+01
5.150100000000000364e+03,9.999389648437500000e+01,3.560000000000000053e+00,1.539000000000000057e+01,1.545851562500000043e+01
5.150199999999999818e+03,9.949951171875000000e+01,3.555000000000000160e+00,1.547000000000000064e+01,1.548750000000000071e+01
5.150300000000000182e+03,1.014953613281250000e+02,4.027499999999999858e+00,1.553999999999999915e+01,1.550445312500000128e+01
5.150399999999999636e+03,1.012390136718750000e+02,3.612499999999999822e+00,1.540750000000000064e+01,1.547109375000000142e+01
5.150500000000000000e+03,1.014770507812500000e+02,3.642500000000000071e+00,1.545999999999999908e+01,1.553343750000000156e+01
5.150600000000000364e+03,1.016052246093750000e+02,3.604999999999999982e+00,1.561999999999999922e+01,1.548421875000000014e+01
5.150699999999999818e+03,1.020446777343750000e+02,3.632500000000000284e+00,1.549000000000000021e+01,1.551101562500000064e+01
5.150800000000000182e+03,1.032531738281250000e+02,3.629999999999999893e+00,1.545749999999999957e+01,1.543773437500000156e+01
5.150899999999999636e+03,1.028137207031250000e+02,3.629999999999999893e+00,1.542750000000000021e+01,1.548257812500000163e+01
5.151000000000000000e+03,1.030700683593750000e+02,3.642500000000000071e+00,1.536749999999999972e+01,1.545687500000000014e+01
5.151100000000000364e+03,1.032165527343750000e+02,3.655000000000000249e+00,1.561999999999999922e+01,1.544046875000000085e+01
5.151199999999999818e+03,1.042053222656250000e+02,3.687500000000000000e+00,1.557750000000000057e+01,1.543390625000000149e+01
5.151300000000000182e+03,1.048828125000000000e+02,3.667499999999999982e+00,1.558999999999999986e+01,1.548640624999999993e+01
5.151399999999999636e+03,1.044616699218750000e+02,3.669999999999999929e+00,1.547000000000000064e+01,1.543390625000000149e+01
5.151500000000000000e+03,1.046813964843750000e+02,3.707500000000000018e+00,1.547000000000000064e+01,1.549296875000000107e+01
5.151600000000000364e+03,1.060729980468750000e+02,3.697499999999999787e+00,1.551999999999999957e+01,1.552632812500000092e+01
5.151699999999999818e+03,1.058715820312500000e+02,3.705000000000000071e+00,1.551999999999999957e+01,1.546835937500000036e+01
5.151800000000000182e+03,1.064941406250000000e+02,3.719999999999999751e+00,1.525999999999999979e+01,1.550117187500000071e+01
5.151899999999999636e+03,1.060729980468750000e+02,3.712499999999999911e+00,1.529999999999999893e+01,1.541914062500000071e+01
5.152000000000000000e+03,1.068786621093750000e+02,3.747500000000000053e+00,1.544999999999999929e+01,1.548804687500000021e+01
5.152100000000000364e+03,1.079772949218750000e+02,3.714999999999999858e+00,1.560999999999999943e+01,1.547765625000000078e+01
5.152199999999999818e+03,1.075012207031250000e+02,3.737499999999999822e+00,1.541999999999999993e+01,1.552304687500000036e+01
5.152300000000000182e+03,1.081054687500000000e+02,3.762500000000000178e+00,1.567999999999999972e+01,1.541859375000000121e+01
5.152399999999999636e+03,1.076110839843750000e+02,3.762500000000000178e+00,1.555749999999999922e+01,1.544320312500000014e+01
5.152500000000000000e+03,1.093688964843750000e+02,3.774999999999999911e+00,1.563749999999999929e+01,1.551210937500000142e+01
5.152600000000000364e+03,1.096252441406250000e+02,3.787500000000000089e+00,1.549750000000000050e+01,1.553289062500000028e+01
5.152699999999999818e+03,1.090942382812500000e+02,3.814999999999999947e+00,1.541999999999999993e+01,1.548476562500000142e+01
5.152800000000000182e+03,1.097351074218750000e+02,3.799999999999999822e+00,1.558999999999999986e+01,1.547000000000000064e+01
5.152899999999999636e+03,1.102844238281250000e+02,3.862499999999999822e+00,1.551750000000000007e+01,1.540820312500000000e+01
5.153000000000000000e+03,1.111083984375000000e+02,3.797499999999999876e+00,1.551999999999999957e+01,1.552523437500000014e+01
5.153100000000000364e+03,1.111999511718750000e+02,3.852500000000000036e+00,1.558999999999999986e+01,1.544375000000000142e+01
5.153199999999999818e+03,1.106872558593750000e+02,3.892500000000000071e+00,1.560999999999999943e+01,1.548695312500000121e+01
5.153300000000000182e+03,1.113647460937500000e+02,3.984999999999999876e+00,1.569999999999999929e+01,1.550062500000000121e+01
5.153399999999999636e+03,1.124267578125000000e+02,3.875000000000000000e+00,1.548000000000000043e+01,1.543664062500000078e+01
5.153500000000000000e+03,1.128295898437500000e+02,3.892500000000000071e+00,1.546749999999999936e+01,1.543335937500000021e+01
5.153600000000000364e+03,1.129211425781250000e+02,3.892500000000000071e+00,1.560999999999999943e+01,1.546125000000000149e+01
5.153699999999999818e+03,1.123718261718750000e+02,3.905000000000000249e+00,1.553999999999999915e+01,1.546343750000000128e+01
5.153800000000000182e+03,1.143493652343750000e+02,3.950000000000000178e+00,1.558999999999999986e+01,1.547820312500000028e+01
5.153899999999999636e+03,1.140747070312500000e+02,3.969999999999999751e+00,1.560999999999999943e+01,1.549625000000000163e+01
5.154000000000000000e+03,1.144226074218750000e+02,3.979999999999999982e+00,1.565000000000000036e+01,1.545796875000000092e+01
5.154100000000000364e+03,1.145141601562500000e+02,3.992500000000000160e+00,1.559999999999999964e+01,1.546179687500000099e+01
5.154199999999999818e+03,1.148071289062500000e+02,4.070000000000000284e+00,1.539000000000000057e+01,1.542078125000000099e+01
5.154300000000000182e+03,1.162902832031250000e+02,4.057500000000000107e+00,1.553999999999999915e+01,1.544429687500000092e+01
5.154399999999999636e+03,1.157958984375000000e+02,4.047500000000000320e+00,1.550750000000000028e+01,1.549515625000000085e+01
5.154500000000000000e+03,1.161254882812500000e+02,4.082499999999999574e+00,1.574000000000000021e+01,1.546125000000000149e+01
5.154600000000000364e+03,1.162170410156250000e+02,4.032499999999999751e+00,1.537999999999999901e+01,1.545796875000000092e+01
5.154699999999999818e+03,1.156860351562500000e+02,4.060000000000000497e+00,1.558000000000000007e+01,1.543500000000000050e+01
5.154800000000000182e+03,1.163452148437500000e+02,3.812499999999996447e-02,1.553749999999999964e+01,-3.062500000000056843e-02
5.154899999999999636e+03,1.157958984375000000e+02,3.812499999999996447e-02,1.558999999999999986e+01,-1.203125000000060396e-02
5.155000000000000000e+03,1.161254882812500000e+02,3.562500000000001776e-02,1.543750000000000000e+01,-1.585937500000067502e-02
5.155100000000000364e+03,1.162353515625000000e+02,2.312499999999984013e-02,1.540000000000000036e+01,-6.835937500000088818e-02
5.155199999999999818e+03,1.157409667968750000e+02,2.062499999999989342e-02,1.558000000000000007e+01,-3.281250000000568434e-03
5.155300000000000182e+03,1.163269042968750000e+02,1.562500000000000000e-02,1.550999999999999979e+01,-3.281250000000568434e-03
5.155399999999999636e+03,1.157775878906250000e+02,2.562499999999978684e-02,1.568999999999999950e+01,1.203124999999971578e-02
5.155500000000000000e+03,1.160705566406250000e+02,4.562499999999980460e-02,1.556000000000000050e+01,-4.429687500000056843e-02
5.155600000000000364e+03,1.159240722656250000e+02,6.812499999999976907e-02,1.556000000000000050e+01,-2.953125000000067502e-02
5.155699999999999818e+03,1.154113769531250000e+02,4.812499999999975131e-02,1.541999999999999993e+01,-2.625000000000099476e-02
5.155800000000000182e+03,1.160339355468750000e+02,5.312500000000008882e-02,1.547000000000000064e+01,-9.351562500000110134e-02
5.155899999999999636e+03,1.155029296875000000e+02,5.312500000000008882e-02,1.567999999999999972e+01,-4.375000000000461853e-03
5.156000000000000000e+03,1.142944335937500000e+02,4.312499999999985789e-02,1.550999999999999979e+01,-2.460937500000071054e-02
5.156100000000000364e+03,1.141113281250000000e+02,6.812499999999976907e-02,1.541999999999999993e+01,-1.148437500000110134e-02
5.156199999999999818e+03,1.135803222656250000e+02,4.812499999999975131e-02,1.562999999999999901e+01,-1.476562500000078160e-02
5.156300000000000182e+03,1.142395019531250000e+02,6.562499999999982236e-02,1.531749999999999901e+01,-6.179687500000063949e-02
5.156399999999999636e+03,1.119689941406250000e+02,8.562499999999984013e-02,1.561999999999999922e+01,-7.437500000000074607e-02
5.156500000000000000e+03,1.108520507812500000e+02,5.312500000000008882e-02,1.542750000000000021e+01,-8.203125000000532907e-03
5.156600000000000364e+03,1.109619140625000000e+02,5.562500000000003553e-02,1.554999999999999893e+01,-8.750000000000923706e-03
5.156699999999999818e+03,1.103759765625000000e+02,4.312499999999985789e-02,1.557750000000000057e+01,-6.398437500000042633e-02
5.156800000000000182e+03,1.110717773437500000e+02,6.812499999999976907e-02,1.553999999999999915e+01,-3.609375000000092371e-02
5.156899999999999636e+03,1.065673828125000000e+02,5.562500000000003553e-02,1.574000000000000021e+01,-1.476562500000078160e-02
5.157000000000000000e+03,1.064941406250000000e+02,1.812499999999994671e-02,1.545999999999999908e+01,-6.179687500000063949e-02
5.157100000000000364e+03,1.066772460937500000e+02,-3.875000000000028422e-02,1.553999999999999915e+01,-4.375000000000461853e-03
5.157199999999999818e+03,1.061462402343750000e+02,2.312499999999984013e-02,1.527999999999999936e+01,-3.390625000000024869e-02
5.157300000000000182e+03,1.041687011718750000e+02,1.312500000000005329e-02,1.564000000000000057e+01,-8.203125000000532907e-03
5.157399999999999636e+03,1.027221679687500000e+02,1.312500000000005329e-02,1.541999999999999993e+01,-4.046875000000049738e-02
5.157500000000000000e+03,1.029968261718750000e+02,3.062500000000012434e-02,1.540750000000000064e+01,-5.250000000000110134e-02
5.157600000000000364e+03,1.030700683593750000e+02,1.562500000000000000e-02,1.537749999999999950e+01,-1.804687500000046185e-02
5.157699999999999818e+03,1.022644042968750000e+02,3.562500000000001776e-02,1.556000000000000050e+01,5.468749999995026201e-04
5.157800000000000182e+03,1.003784179687500000e+02,3.812499999999996447e-02,1.533999999999999986e+01,-1.203125000000060396e-02
5.157899999999999636e+03,9.981079101562500000e+01,4.312499999999985789e-02,1.545999999999999908e+01,-2.351562500000081712e-02
5.158000000000000000e+03,1.000305175781250000e+02,3.562500000000001776e-02,1.575999999999999979e+01,-3.937500000000060396e-02
5.158100000000000364e+03,1.002502441406250000e+02,3.062500000000012434e-02,1.567999999999999972e+01,-8.881784197001252323e-16
5.158199999999999818e+03,9.757690429687500000e+01,4.562499999999980460e-02,1.545999999999999908e+01,-9.843750000000817124e-03
5.158300000000000182e+03,9.779663085937500000e+01,3.312500000000007105e-02,1.547000000000000064e+01,-5.250000000000110134e-02
5.158399999999999636e+03,9.739379882812500000e+01,2.812499999999973355e-02,1.543750000000000000e+01,-8.148437500000049738e-02
5.158500000000000000e+03,9.759521484375000000e+01,3.812499999999996447e-02,1.549000000000000021e+01,-4.046875000000049738e-02
5.158600000000000364e+03,9.667968750000000000e+01,6.312499999999987566e-02,1.552999999999999936e+01,-3.609375000000092371e-02
5.158699999999999818e+03,9.508666992187500000e+01,5.312500000000008882e-02,1.570999999999999908e+01,3.007812499999928946e-02
5.158800000000000182e+03,9.558105468750000000e+01,1.718750000000000000e-01,1.568999999999999950e+01,-8.203125000000532907e-03
5.158899999999999636e+03,9.515991210937500000e+01,1.312500000000005329e-02,1.559999999999999964e+01,-8.421875000000067502e-02
5.159000000000000000e+03,9.537963867187500000e+01,5.312500000000008882e-02,1.534999999999999964e+01,-8.640625000000046185e-02
5.159100000000000364e+03,9.367675781250000000e+01,5.562500000000003553e-02,1.550999999999999979e+01,-9.187500000000081712e-02
5.159199999999999818e+03,9.303588867187500000e+01,5.812499999999998224e-02,1.550999999999999979e+01,1.531249999999939604e-02
5.159300000000000182e+03,9.358520507812500000e+01,3.812499999999996447e-02,1.543999999999999950e+01,-3.007812500000106581e-02
5.159399999999999636e+03,9.320068359375000000e+01,6.562499999999982236e-02,1.553999999999999915e+01,-8.476562500000106581e-02
5.159500000000000000e+03,9.206542968750000000e+01,4.312499999999985789e-02,1.545999999999999908e+01,-2.187500000000675016e-03
5.159600000000000364e+03,9.173583984375000000e+01,4.312499999999985789e-02,1.560999999999999943e+01,-5.796875000000056843e-02
5.159699999999999818e+03,9.118652343750000000e+01,1.812499999999994671e-02,1.558000000000000007e+01,-6.398437500000042633e-02
5.159800000000000182e+03,9.177246093750000000e+01,4.562499999999980460e-02,1.533000000000000007e+01,4.921874999999964473e-02
5.159899999999999636e+03,9.118652343750000000e+01,5.812499999999998224e-02,1.550000000000000000e+01,-1.914062500000035527e-02
5.160000000000000000e+03,8.986816406250000000e+01,4.812499999999975131e-02,1.558000000000000007e+01,6.562499999999360512e-03
5.160100000000000364e+03,9.001464843750000000e+01,1.062500000000010658e-02,1.558000000000000007e+01,-3.718750000000081712e-02
5.160199999999999818e+03,8.955688476562500000e+01,5.312500000000008882e-02,1.534999999999999964e+01,-6.070312500000074607e-02
5.160300000000000182e+03,9.003295898437500000e+01,7.312500000000010658e-02,1.570999999999999908e+01,-6.562500000000248690e-03
5.160399999999999636e+03,8.834838867187500000e+01,6.062499999999992895e-02,1.546749999999999936e+01,-2.843750000000078160e-02
5.160500000000000000e+03,8.825683593750000000e+01,4.812499999999975131e-02,1.551999999999999957e+01,-4.320312500000067502e-02
5.160600000000000364e+03,8.842163085937500000e+01,5.062500000000014211e-02,1.559999999999999964e+01,-2.843750000000078160e-02
5.160699999999999818e+03,8.792724609375000000e+01,7.812500000000000000e-02,1.562999999999999901e+01,-4.921875000000852651e-03
5.160800000000000182e+03,8.772583007812500000e+01,6.812499999999976907e-02,1.536999999999999922e+01,-2.460937500000071054e-02
5.160899999999999636e+03,8.668212890625000000e+01,5.062500000000014211e-02,1.566999999999999993e+01,-9.242187500000031974e-02
5.161000000000000000e+03,8.671875000000000000e+01,2.562499999999978684e-02,1.549000000000000021e+01,-8.039062500000060396e-02
5.161100000000000364e+03,8.690185546875000000e+01,5.812499999999998224e-02,1.550999999999999979e+01,-4.265625000000028422e-02
5.161199999999999818e+03,8.644409179687500000e+01,2.562499999999978684e-02,1.565000000000000036e+01,-5.687500000000067502e-02
5.161300000000000182e+03,8.562011718750000000e+01,7.312500000000010658e-02,1.556000000000000050e+01,-1.093750000000781597e-03
5.161399999999999636e+03,8.523559570312500000e+01,6.062499999999992895e-02,1.547000000000000064e+01,8.203124999999644729e-03
5.161500000000000000e+03,8.532714843750000000e+01,7.312500000000010658e-02,1.545749999999999957e+01,-5.523437500000039080e-02
5.161600000000000364e+03,8.549194335937500000e+01,5.812499999999998224e-02,1.572000000000000064e+01,-1.640625000000106581e-02
5.161699999999999818e+03,8.404541015625000000e+01,8.562499999999984013e-02,1.547000000000000064e+01,-2.843750000000078160e-02
5.161800000000000182e+03,8.424682617187500000e+01,9.187499999999992895e-02,1.532750000000000057e+01,-6.562500000000248690e-03
5.161899999999999636e+03,8.391723632812500000e+01,6.562499999999982236e-02,1.542999999999999972e+01,-2.843750000000078160e-02
5.162000000000000000e+03,8.402709960937500000e+01,6.562499999999982236e-02,1.544999999999999929e+01,-5.140625000000031974e-02
5.162100000000000364e+03,8.400878906250000000e+01,-1.687500000000019540e-02,1.541999999999999993e+01,-7.109375000000106581e-02
5.162199999999999818e+03,8.236083984375000000e+01,4.562499999999980460e-02,1.539000000000000057e+01,-5.140625000000031974e-02
5.162300000000000182e+03,8.283691406250000000e+01,1.062500000000010658e-02,1.558999999999999986e+01,-1.804687500000046185e-02
5.162399999999999636e+03,8.254394531250000000e+01,3.812499999999996447e-02,1.554999999999999893e+01,-1.148437500000110134e-02
5.162500000000000000e+03,8.259887695312500000e+01,3.062500000000012434e-02,1.542999999999999972e+01,-2.023437500000024869e-02
5.162600000000000364e+03,8.177490234375000000e+01,3.812499999999996447e-02,1.541999999999999993e+01,-7.109375000000639488e-03
5.162699999999999818e+03,8.111572265625000000e+01,2.062499999999989342e-02,1.529749999999999943e+01,-2.460937500000071054e-02
5.162800000000000182e+03,8.164672851562500000e+01,4.062499999999991118e-02,1.566000000000000014e+01,-7.437500000000074607e-02
5.162899999999999636e+03,8.133544921875000000e+01,3.562500000000001776e-02,1.557000000000000028e+01,-1.640625000000284217e-03
5.163000000000000000e+03,8.085937500000000000e+01,7.062500000000015987e-02,1.569999999999999929e+01,-3.390625000000024869e-02
5.163100000000000364e+03,8.034667968750000000e+01,1.368749999999998579e-01,1.540000000000000036e+01,-3.882812500000110134e-02
5.163199999999999818e+03,7.983398437500000000e+01,5.312500000000008882e-02,1.535999999999999943e+01,-5.140625000000031974e-02
5.163300000000000182e+03,8.032836914062500000e+01,5.562500000000003553e-02,1.551999999999999957e+01,2.734374999999911182e-02
5.163399999999999636e+03,8.005371093750000000e+01,6.062499999999992895e-02,1.559999999999999964e+01,-2.187500000000675016e-03
5.163500000000000000e+03,7.902832031250000000e+01,4.562499999999980460e-02,1.521749999999999936e+01,-2.789062500000039080e-02
5.163600000000000364e+03,7.911987304687500000e+01,7.312500000000010658e-02,1.526999999999999957e+01,-6.070312500000074607e-02
5.163699999999999818e+03,7.860717773437500000e+01,1.812499999999994671e-02,1.542999999999999972e+01,-3.445312500000063949e-02
5.163800000000000182e+03,7.911987304687500000e+01,2.062499999999989342e-02,1.559999999999999964e+01,-2.679687500000049738e-02
5.163899999999999636e+03,7.800292968750000000e+01,2.062499999999989342e-02,1.551999999999999957e+01,-5.468750000000355271e-03
5.164000000000000000e+03,7.774658203125000000e+01,3.562500000000001776e-02,1.537749999999999950e+01,-2.023437500000024869e-02
5.164100000000000364e+03,7.787475585937500000e+01,6.062499999999992895e-02,1.551999999999999957e+01,-4.593750000000085265e-02
5.164199999999999818e+03,7.739868164062500000e+01,6.562499999999982236e-02,1.529999999999999893e+01,-3.773437500000031974e-02
5.164300000000000182e+03,7.780151367187500000e+01,3.812499999999996447e-02,1.535999999999999943e+01,-3.773437500000031974e-02
5.164399999999999636e+03,7.651977539062500000e+01,3.312500000000007105e-02,1.547000000000000064e+01,-5.414062500000049738e-02
5.164500000000000000e+03,7.651977539062500000e+01,8.124999999999715783e-03,1.543999999999999950e+01,-8.750000000000035527e-02
5.164600000000000364e+03,7.666625976562500000e+01,5.562500000000003553e-02,1.558750000000000036e+01,-6.179687500000063949e-02
5.164699999999999818e+03,7.622680664062500000e+01,6.062499999999992895e-02,1.554999999999999893e+01,-2.679687500000049738e-02
5.164800000000000182e+03,7.573242187500000000e+01,4.062499999999991118e-02,1.548000000000000043e+01,1.093749999999005240e-03
5.164899999999999636e+03,7.534790039062500000e+01,4.562499999999980460e-02,1.541000000000000014e+01,-7.328125000000085265e-02
5.165000000000000000e+03,7.540283203125000000e+01,1.000000000000000888e-01,1.536999999999999922e+01,-3.445312500000063949e-02
5.165100000000000364e+03,7.554931640625000000e+01,2.812499999999973355e-02,1.541000000000000014e+01,-2.351562500000081712e-02
5.165199999999999818e+03,7.468872070312500000e+01,2.562499999999978684e-02,1.549000000000000021e+01,-3.281250000000568434e-03
5.165300000000000182e+03,7.452392578125000000e+01,4.812499999999975131e-02,1.570999999999999908e+01,-1.914062500000035527e-02
5.165399999999999636e+03,7.423095703125000000e+01,4.062499999999991118e-02,1.542999999999999972e+01,2.296874999999953815e-02
5.165500000000000000e+03,7.430419921875000000e+01,2.812499999999973355e-02,1.554999999999999893e+01,3.335937499999896971e-02
5.165600000000000364e+03,7.448730468750000000e+01,3.562500000000001776e-02,1.558999999999999986e+01,-5.195312500000071054e-02
5.165699999999999818e+03,7.300415039062500000e+01,6.062499999999992895e-02,1.551750000000000007e+01,-4.921875000000053291e-02
5.165800000000000182e+03,7.342529296875000000e+01,6.312499999999987566e-02,1.539000000000000057e+01,-4.156250000000039080e-02
5.165899999999999636e+03,7.315063476562500000e+01,6.062499999999992895e-02,1.553999999999999915e+01,-2.078125000000063949e-02
5.166000000000000000e+03,7.320556640625000000e+01,6.062499999999992895e-02,1.550999999999999979e+01,2.078124999999975131e-02
5.166100000000000364e+03,7.271118164062500000e+01,5.562500000000003553e-02,1.549000000000000021e+01,4.320312499999889866e-02
5.166199999999999818e+03,7.190551757812500000e+01,4.062499999999991118e-02,1.557000000000000028e+01,-1.914062500000035527e-02
5.166300000000000182e+03,7.236328125000000000e+01,6.812499999999976907e-02,1.578999999999999915e+01,-6.507812500000031974e-02
5.166399999999999636e+03,7.216186523437500000e+01,3.062500000000012434e-02,1.565000000000000036e+01,-4.429687500000056843e-02
5.166500000000000000e+03,7.218017578125000000e+01,4.312499999999985789e-02,1.548000000000000043e+01,-3.062500000000056843e-02
5.166600000000000364e+03,7.141113281250000000e+01,6.812499999999976907e-02,1.550000000000000000e+01,-2.406250000000031974e-02
5.166699999999999818e+03,7.093505859375000000e+01,3.562500000000001776e-02,1.566999999999999993e+01,-4.539062500000046185e-02
5.166800000000000182e+03,7.135620117187500000e+01,4.062499999999991118e-02,1.564000000000000057e+01,-1.640625000000284217e-03
5.166899999999999636e+03,7.115478515625000000e+01,2.812499999999973355e-02,1.545999999999999908e+01,-3.281250000000035527e-02
5.167000000000000000e+03,7.040405273437500000e+01,1.062500000000010658e-02,1.552999999999999936e+01,-4.867187500000103029e-02
5.167100000000000364e+03,7.038574218750000000e+01,5.562500000000003553e-02,1.536999999999999922e+01,-2.132812500000103029e-02
5.167199999999999818e+03,6.992797851562500000e+01,4.562499999999980460e-02,1.539000000000000057e+01,-5.031250000000042633e-02
5.167300000000000182e+03,7.034912109375000000e+01,6.562499999999982236e-02,1.542750000000000021e+01,-4.976562500000092371e-02
5.167399999999999636e+03,6.987304687500000000e+01,4.062499999999991118e-02,1.549000000000000021e+01,-1.804687500000046185e-02
5.167500000000000000e+03,6.930541992187500000e+01,3.812499999999996447e-02,1.547000000000000064e+01,-3.171875000000046185e-02
5.167600000000000364e+03,6.945190429687500000e+01,4.062499999999991118e-02,1.551999999999999957e+01,-7.437500000000074607e-02
5.167699999999999818e+03,6.903076171875000000e+01,5.312500000000008882e-02,1.565750000000000064e+01,-4.812500000000063949e-02
5.167800000000000182e+03,6.945190429687500000e+01,3.312500000000007105e-02,1.545749999999999957e+01,2.023437499999936051e-02
5.167899999999999636e+03,6.835327148437500000e+01,5.312500000000008882e-02,1.558000000000000007e+01,-4.046875000000049738e-02
5.168000000000000000e+03,6.828002929687500000e+01,2.562499999999978684e-02,1.560999999999999943e+01,-2.023437500000024869e-02
5.168100000000000364e+03,6.848144531250000000e+01,5.562500000000003553e-02,1.552999999999999936e+01,-8.881784197001252323e-16
5.168199999999999818e+03,6.802368164062500000e+01,4.062499999999991118e-02,1.556000000000000050e+01,-2.187500000000053291e-02
5.168300000000000182e+03,6.796875000000000000e+01,2.812499999999973355e-02,1.526999999999999957e+01,-3.718750000000081712e-02
5.168399999999999636e+03,6.738281250000000000e+01,5.562500000000003553e-02,1.550000000000000000e+01,6.015624999998969713e-03
5.168500000000000000e+03,6.740112304687500000e+01,5.312500000000008882e-02,1.553999999999999915e+01,-3.773437500000031974e-02
5.168600000000000364e+03,6.756591796875000000e+01,3.562500000000001776e-02,1.544999999999999929e+01,-2.406250000000031974e-02
5.168699999999999818e+03,6.710815429687500000e+01,5.562500000000003553e-02,1.558999999999999986e+01,-2.132812500000103029e-02
5.168800000000000182e+03,6.672363281250000000e+01,2.312499999999984013e-02,1.534999999999999964e+01,-9.023437500000053291e-02
5.168899999999999636e+03,6.644897460937500000e+01,3.312500000000007105e-02,1.541000000000000014e+01,-3.718750000000081712e-02
5.169000000000000000e+03,6.644897460937500000e+01,4.812499999999975131e-02,1.540000000000000036e+01,6.015624999998969713e-03
5.169100000000000364e+03,6.666870117187500000e+01,4.562499999999980460e-02,1.567999999999999972e+01,-5.359375000000099476e-02
5.169199999999999818e+03,6.553344726562500000e+01,2.312499999999984013e-02,1.564000000000000057e+01,-1.695312500000056843e-02
5.169300000000000182e+03,6.575317382812500000e+01,2.812499999999973355e-02,1.550000000000000000e+01,-4.867187500000103029e-02
5.169399999999999636e+03,6.557006835937500000e+01,3.812499999999996447e-02,1.542750000000000021e+01,-3.664062500000042633e-02
5.169500000000000000e+03,6.558837890625000000e+01,6.562499999999982236e-02,1.559750000000000014e+01,1.968749999999896971e-02
5.169600000000000364e+03,6.555175781250000000e+01,5.312500000000008882e-02,1.551750000000000007e+01,-1.476562500000078160e-02
5.169699999999999818e+03,6.454467773437500000e+01,4.312499999999985789e-02,1.558000000000000007e+01,-6.890625000000039080e-02
5.169800000000000182e+03,6.494750976562500000e+01,2.562499999999978684e-02,1.550000000000000000e+01,-1.750000000000095923e-02
5.169899999999999636e+03,6.480102539062500000e+01,9.249999999999980460e-02,1.548000000000000043e+01,-4.265625000000028422e-02
5.170000000000000000e+03,6.478271484375000000e+01,6.562499999999982236e-02,1.549000000000000021e+01,-2.187500000000053291e-02
5.170100000000000364e+03,6.421508789062500000e+01,-1.875000000000071054e-03,1.554999999999999893e+01,-4.429687500000056843e-02
5.170199999999999818e+03,6.364746093750000000e+01,5.624999999999769074e-03,1.550999999999999979e+01,-4.429687500000056843e-02
5.170300000000000182e+03,6.406860351562500000e+01,6.312499999999987566e-02,1.552999999999999936e+01,-8.039062500000060396e-02
5.170399999999999636e+03,6.386718750000000000e+01,3.062500000000012434e-02,1.552999999999999936e+01,-2.734375000000088818e-02
5.170500000000000000e+03,6.346435546875000000e+01,4.062499999999991118e-02,1.558000000000000007e+01,-4.484375000000095923e-02
5.170600000000000364e+03,6.326293945312500000e+01,1.562500000000000000e-02,1.543750000000000000e+01,-2.679687500000049738e-02
5.170699999999999818e+03,6.280517578125000000e+01,5.312500000000008882e-02,1.528999999999999915e+01,-3.171875000000046185e-02
5.170800000000000182e+03,6.322631835937500000e+01,4.812499999999975131e-02,1.550000000000000000e+01,3.117187499999918288e-02
5.170899999999999636e+03,6.304321289062500000e+01,5.812499999999998224e-02,1.565000000000000036e+01,-4.484375000000095923e-02
5.171000000000000000e+03,6.236572265625000000e+01,6.562499999999982236e-02,1.547000000000000064e+01,5.468749999995026201e-04
5.171100000000000364e+03,6.243896484375000000e+01,3.312500000000007105e-02,1.554999999999999893e+01,-3.007812500000106581e-02
5.171199999999999818e+03,6.201782226562500000e+01,4.812499999999975131e-02,1.572000000000000064e+01,-9.843750000000817124e-03
5.171300000000000182e+03,6.242065429687500000e+01,4.312499999999985789e-02,1.550000000000000000e+01,-3.664062500000042633e-02
5.171399999999999636e+03,6.165161132812500000e+01,5.062500000000014211e-02,1.560749999999999993e+01,2.789062499999950262e-02
5.171500000000000000e+03,6.145019531250000000e+01,7.312500000000010658e-02,1.541999999999999993e+01,-2.187500000000675016e-03
5.171600000000000364e+03,6.163330078125000000e+01,3.812499999999996447e-02,1.540750000000000064e+01,-6.562500000000071054e-02
5.171699999999999818e+03,6.121215820312500000e+01,3.812499999999996447e-02,1.549000000000000021e+01,-3.171875000000046185e-02
5.171800000000000182e+03,6.156005859375000000e+01,4.312499999999985789e-02,1.554999999999999893e+01,-2.515625000000110134e-02
5.171899999999999636e+03,6.069946289062500000e+01,7.062500000000015987e-02,1.533999999999999986e+01,4.921874999999076294e-03
5.172000000000000000e+03,6.064453125000000000e+01,6.312499999999987566e-02,1.515000000000000036e+01,-2.625000000000099476e-02
5.172100000000000364e+03,6.084594726562500000e+01,2.062499999999989342e-02,1.540000000000000036e+01,-2.296875000000042633e-02
5.172199999999999818e+03,6.038818359375000000e+01,4.312499999999985789e-02,1.556000000000000050e+01,-2.843750000000078160e-02
5.172300000000000182e+03,6.024169921875000000e+01,3.312500000000007105e-02,1.543999999999999950e+01,-1.367187500000088818e-02
5.172399999999999636e+03,6.000366210937500000e+01,1.062500000000010658e-02,1.533999999999999986e+01,-2.023437500000024869e-02
5.172500000000000000e+03,5.994873046875000000e+01,5.812499999999998224e-02,1.519999999999999929e+01,-3.937500000000060396e-02
5.172600000000000364e+03,6.013183593750000000e+01,3.812499999999996447e-02,1.545999999999999908e+01,-1.750000000000095923e-02
5.172699999999999818e+03,5.945434570312500000e+01,5.812499999999998224e-02,1.545999999999999908e+01,-8.914062500000063949e-02
5.172800000000000182e+03,5.945434570312500000e+01,4.562499999999980460e-02,1.573000000000000043e+01,-3.882812500000110134e-02
5.172899999999999636e+03,5.927124023437500000e+01,5.562500000000003553e-02,1.556000000000000050e+01,-3.226562500000085265e-02
5.173000000000000000e+03,5.923461914062500000e+01,3.312500000000007105e-02,1.543999999999999950e+01,1.039062499999943157e-02
5.173100000000000364e+03,5.943603515625000000e+01,2.812499999999973355e-02,1.547000000000000064e+01,-3.445312500000063949e-02
5.173199999999999818e+03,5.837402343750000000e+01,5.312500000000008882e-02,1.554999999999999893e+01,1.039062499999943157e-02
5.173300000000000182e+03,5.872192382812500000e+01,2.312499999999984013e-02,1.554999999999999893e+01,-3.718750000000081712e-02
5.173399999999999636e+03,5.855712890625000000e+01,1.062500000000010658e-02,1.559999999999999964e+01,-5.250000000000110134e-02
5.173500000000000000e+03,5.859375000000000000e+01,7.562500000000005329e-02,1.547000000000000064e+01,3.117187499999918288e-02
5.173600000000000364e+03,5.828247070312500000e+01,4.312499999999985789e-02,1.547749999999999915e+01,-1.039062500000031974e-02
5.173699999999999818e+03,5.762329101562500000e+01,2.312499999999984013e-02,1.533999999999999986e+01,-4.375000000000106581e-02
5.173800000000000182e+03,5.802612304687500000e+01,6.312499999999987566e-02,1.539749999999999908e+01,-3.390625000000024869e-02
5.173899999999999636e+03,5.789794921875000000e+01,1.562500000000000000e-02,1.559750000000000014e+01,-4.156250000000039080e-02
5.174000000000000000e+03,5.786132812500000000e+01,5.312500000000008882e-02,1.556000000000000050e+01,-2.515625000000110134e-02
5.174100000000000364e+03,5.738525390625000000e+01,3.062500000000012434e-02,1.556000000000000050e+01,-5.195312500000071054e-02
5.174199999999999818e+03,5.690917968750000000e+01,6.062499999999992895e-02,1.565000000000000036e+01,-9.296875000000426326e-03
5.174300000000000182e+03,5.731201171875000000e+01,1.312500000000005329e-02,1.542999999999999972e+01,-4.265625000000028422e-02
5.174399999999999636e+03,5.716552734375000000e+01,7.812500000000000000e-02,1.554999999999999893e+01,-4.320312500000067502e-02
5.174500000000000000e+03,5.670776367187500000e+01,1.312500000000005329e-02,1.551999999999999957e+01,-9.843750000000817124e-03
5.174600000000000364e+03,5.672607421875000000e+01,3.562500000000001776e-02,1.564749999999999908e+01,-5.195312500000071054e-02
5.174699999999999818e+03,5.634155273437500000e+01,3.062500000000012434e-02,1.551999999999999957e+01,-2.570312500000060396e-02
5.174800000000000182e+03,5.668945312500000000e+01,6.812499999999976907e-02,1.553999999999999915e+01,9.843749999999040767e-03
5.174899999999999636e+03,5.639648437500000000e+01,6.062499999999992895e-02,1.523000000000000043e+01,-3.554687500000053291e-02
5.175000000000000000e+03,5.584716796875000000e+01,2.562499999999978684e-02,1.543999999999999950e+01,-3.007812500000106581e-02
5.175100000000000364e+03,5.604858398437500000e+01,4.312499999999985789e-02,1.549000000000000021e+01,-7.492187500000024869e-02
5.175199999999999818e+03,5.562744140625000000e+01,3.062500000000012434e-02,1.550999999999999979e+01,-2.406250000000031974e-02
5.175300000000000182e+03,5.599365234375000000e+01,5.312500000000008882e-02,1.558000000000000007e+01,-6.015625000000035527e-02
5.175399999999999636e+03,5.537109375000000000e+01,3.562500000000001776e-02,1.548000000000000043e+01,-3.062500000000056843e-02
5.175500000000000000e+03,5.527954101562500000e+01,4.562499999999980460e-02,1.550750000000000028e+01,-1.859375000000085265e-02
5.175600000000000364e+03,5.542602539062500000e+01,2.562499999999978684e-02,1.541999999999999993e+01,3.281249999999680256e-03
5.175699999999999818e+03,5.500488281250000000e+01,5.062500000000014211e-02,1.558000000000000007e+01,-3.882812500000110134e-02
5.175800000000000182e+03,5.507812500000000000e+01,2.062499999999989342e-02,1.553999999999999915e+01,-6.015625000000746070e-03
5.175899999999999636e+03,5.469360351562500000e+01,4.312499999999985789e-02,1.529749999999999943e+01,-7.765625000000042633e-02
5.176000000000000000e+03,5.465698242187500000e+01,5.562500000000003553e-02,1.535999999999999943e+01,-3.226562500000085265e-02
5.176100000000000364e+03,5.484008789062500000e+01,5.812499999999998224e-02,1.545999999999999908e+01,-3.281250000000035527e-02
5.176199999999999818e+03,5.445556640625000000e+01,8.062499999999994671e-02,1.566000000000000014e+01,-3.609375000000092371e-02
5.176300000000000182e+03,5.425415039062500000e+01,2.562499999999978684e-02,1.578250000000000064e+01,-4.210937500000078160e-02
5.176399999999999636e+03,5.407104492187500000e+01,2.312499999999984013e-02,1.551999999999999957e+01,-7.273437500000046185e-02
5.176500000000000000e+03,5.405273437500000000e+01,2.312499999999984013e-02,1.539000000000000057e+01,-9.625000000000039080e-02
5.176600000000000364e+03,5.421752929687500000e+01,6.249999999998756550e-04,1.539000000000000057e+01,-6.671875000000060396e-02
5.176699999999999818e+03,5.343017578125000000e+01,2.812499999999973355e-02,1.550000000000000000e+01,-6.343750000000092371e-02
5.176800000000000182e+03,5.363159179687500000e+01,4.812499999999975131e-02,1.550999999999999979e+01,-5.468750000003907985e-04
5.176899999999999636e+03,5.343017578125000000e+01,3.562500000000001776e-02,1.545999999999999908e+01,-2.734375000000088818e-02
5.177000000000000000e+03,5.343017578125000000e+01,2.562499999999978684e-02,1.558999999999999986e+01,-5.851562500000095923e-02
5.177100000000000364e+03,5.359497070312500000e+01,2.062499999999989342e-02,1.544999999999999929e+01,-3.062500000000056843e-02
5.177199999999999818e+03,5.267944335937500000e+01,3.312500000000007105e-02,1.540000000000000036e+01,-6.234375000000103029e-02
5.177300000000000182e+03,5.299072265625000000e+01,6.312499999999987566e-02,1.557000000000000028e+01,-4.210937500000078160e-02
5.177399999999999636e+03,5.286254882812500000e+01,4.562499999999980460e-02,1.550999999999999979e+01,-2.625000000000099476e-02
5.177500000000000000e+03,5.284423828125000000e+01,5.062500000000014211e-02,1.547000000000000064e+01,-4.867187500000103029e-02
5.177600000000000364e+03,5.251464843750000000e+01,2.312499999999984013e-02,1.533000000000000007e+01,-1.859375000000085265e-02
5.177699999999999818e+03,5.203857421875000000e+01,4.562499999999980460e-02,1.561999999999999922e+01,-3.226562500000085265e-02
5.177800000000000182e+03,5.236816406250000000e+01,4.812499999999975131e-02,1.566000000000000014e+01,-3.007812500000106581e-02
5.177899999999999636e+03,5.225830078125000000e+01,3.312500000000007105e-02,1.549000000000000021e+01,-4.375000000000461853e-03
5.178000000000000000e+03,5.205688476562500000e+01,4.562499999999980460e-02,1.545999999999999908e+01,-6.234375000000103029e-02
5.178100000000000364e+03,5.194702148437500000e+01,4.062499999999991118e-02,1.537999999999999901e+01,9.843749999999040767e-03
5.178199999999999818e+03,5.154418945312500000e+01,5.062500000000014211e-02,1.539000000000000057e+01,-3.773437500000031974e-02
5.178300000000000182e+03,5.189208984375000000e+01,2.562499999999978684e-02,1.557000000000000028e+01,-3.664062500000042633e-02
5.178399999999999636e+03,5.178222656250000000e+01,1.812499999999994671e-02,1.554999999999999893e+01,3.390624999999936051e-02
5.178500000000000000e+03,5.119628906250000000e+01,4.312499999999985789e-02,1.566000000000000014e+01,-2.898437500000028422e-02
5.178600000000000364e+03,5.132446289062500000e+01,3.812499999999996447e-02,1.533999999999999986e+01,-6.234375000000103029e-02
5.178699999999999818e+03,5.095825195312500000e+01,3.812499999999996447e-02,1.566999999999999993e+01,-4.265625000000028422e-02
5.178800000000000182e+03,5.132446289062500000e+01,6.562499999999982236e-02,1.540000000000000036e+01,-3.609375000000092371e-02
5.178899999999999636e+03,5.086669921875000000e+01,2.562499999999978684e-02,1.554999999999999893e+01,8.203124999999644729e-03
5.179000000000000000e+03,5.066528320312500000e+01,7.062500000000015987e-02,1.553999999999999915e+01,-2.242187500000092371e-02
5.179100000000000364e+03,5.081176757812500000e+01,2.312499999999984013e-02,1.553999999999999915e+01,-2.625000000000099476e-02
5.179199999999999818e+03,5.046386718750000000e+01,7.874999999999987566e-02,1.536999999999999922e+01,-7.656250000000053291e-02
5.179300000000000182e+03,5.083007812500000000e+01,7.062500000000015987e-02,1.560999999999999943e+01,-4.101562500000088818e-02
5.179399999999999636e+03,5.070190429687500000e+01,-6.874999999999964473e-03,1.545999999999999908e+01,-4.101562500000088818e-02
5.179500000000000000e+03,5.064697265625000000e+01,3.062500000000012434e-02,1.537749999999999950e+01,-1.039062500000031974e-02
5.179600000000000364e+03,5.079345703125000000e+01,2.562499999999978684e-02,1.560999999999999943e+01,-7.218750000000095923e-02
5.179699999999999818e+03,5.046386718750000000e+01,5.562500000000003553e-02,1.560999999999999943e+01,-2.242187500000092371e-02
5.179800000000000182e+03,5.081176757812500000e+01,2.917499999999999982e+00,1.550000000000000000e+01,1.546070312500000021e+01
5.179899999999999636e+03,5.068359375000000000e+01,2.922499999999999876e+00,1.528999999999999915e+01,1.550828125000000135e+01
5.180000000000000000e+03,5.068359375000000000e+01,2.964999999999999858e+00,1.533999999999999986e+01,1.547054687500000014e+01
5.180100000000000364e+03,5.081176757812500000e+01,2.964999999999999858e+00,1.534999999999999964e+01,1.545468750000000036e+01
5.180199999999999818e+03,5.061035156250000000e+01,2.967499999999999805e+00,1.532000000000000028e+01,1.546671875000000007e+01
5.180300000000000182e+03,5.154418945312500000e+01,2.972500000000000142e+00,1.565750000000000064e+01,1.549132812500000078e+01
5.180399999999999636e+03,5.147094726562500000e+01,2.947499999999999787e+00,1.576999999999999957e+01,1.550117187500000071e+01
5.180500000000000000e+03,5.145263671875000000e+01,3.040000000000000036e+00,1.535749999999999993e+01,1.552085937500000057e+01
5.180600000000000364e+03,5.161743164062500000e+01,2.995000000000000107e+00,1.540000000000000036e+01,1.548804687500000021e+01
5.180699999999999818e+03,5.319213867187500000e+01,3.007499999999999840e+00,1.565000000000000036e+01,1.547765625000000078e+01
5.180800000000000182e+03,5.386962890625000000e+01,2.995000000000000107e+00,1.552999999999999936e+01,1.549078125000000128e+01
5.180899999999999636e+03,5.375976562500000000e+01,3.027499999999999858e+00,1.562999999999999901e+01,1.549898437500000092e+01
5.181000000000000000e+03,5.374145507812500000e+01,3.035000000000000142e+00,1.537999999999999901e+01,1.548312500000000114e+01
5.181100000000000364e+03,5.559082031250000000e+01,3.035000000000000142e+00,1.543999999999999950e+01,1.550226562500000149e+01
5.181199999999999818e+03,5.683593750000000000e+01,3.044999999999999929e+00,1.551999999999999957e+01,1.548914062500000099e+01
5.181300000000000182e+03,5.727539062500000000e+01,3.022499999999999964e+00,1.545999999999999908e+01,1.549953125000000043e+01
5.181399999999999636e+03,5.714721679687500000e+01,3.069999999999999840e+00,1.564000000000000057e+01,1.551812500000000128e+01
5.181500000000000000e+03,5.712890625000000000e+01,3.097500000000000142e+00,1.548000000000000043e+01,1.549515625000000085e+01
5.181600000000000364e+03,6.139526367187500000e+01,3.042499999999999982e+00,1.572000000000000064e+01,1.545578125000000114e+01
5.181699999999999818e+03,6.128540039062500000e+01,3.072499999999999787e+00,1.533000000000000007e+01,1.545304687500000007e+01
5.181800000000000182e+03,6.170654296875000000e+01,3.087499999999999911e+00,1.541000000000000014e+01,1.548968750000000050e+01
5.181899999999999636e+03,6.154174804687500000e+01,3.435000000000000053e+00,1.575499999999999901e+01,1.544757812500000149e+01
5.182000000000000000e+03,6.439819335937500000e+01,3.089999999999999858e+00,1.550999999999999979e+01,1.541476562500000114e+01
5.182100000000000364e+03,6.558837890625000000e+01,3.117500000000000160e+00,1.565000000000000036e+01,1.551539062500000021e+01
5.182199999999999818e+03,6.520385742187500000e+01,3.107499999999999929e+00,1.556000000000000050e+01,1.547820312500000028e+01
5.182300000000000182e+03,6.567993164062500000e+01,3.145000000000000018e+00,1.559999999999999964e+01,1.549078125000000128e+01
5.182399999999999636e+03,6.589965820312500000e+01,3.149999999999999911e+00,1.572000000000000064e+01,1.551757812500000000e+01
5.182500000000000000e+03,6.866455078125000000e+01,3.140000000000000124e+00,1.533999999999999986e+01,1.551484375000000071e+01
5.182600000000000364e+03,6.895751953125000000e+01,3.147499999999999964e+00,1.558999999999999986e+01,1.549898437500000092e+01
5.182699999999999818e+03,6.846313476562500000e+01,3.152499999999999858e+00,1.566000000000000014e+01,1.547273437499999993e+01
5.182800000000000182e+03,6.893920898437500000e+01,3.160000000000000142e+00,1.557499999999999929e+01,1.550062500000000121e+01
5.182899999999999636e+03,7.115478515625000000e+01,3.167499999999999982e+00,1.547000000000000064e+01,1.547437500000000021e+01
5.183000000000000000e+03,7.164916992187500000e+01,3.174999999999999822e+00,1.536999999999999922e+01,1.543882812500000057e+01
5.183100000000000364e+03,7.186889648437500000e+01,3.197499999999999787e+00,1.543999999999999950e+01,1.545851562500000043e+01
5.183199999999999818e+03,7.141113281250000000e+01,3.162500000000000089e+00,1.526999999999999957e+01,1.545468750000000036e+01
5.183300000000000182e+03,7.300415039062500000e+01,3.194999999999999840e+00,1.548000000000000043e+01,1.551156250000000014e+01
5.183399999999999636e+03,7.415771484375000000e+01,3.192499999999999893e+00,1.552999999999999936e+01,1.544210937500000114e+01
5.183500000000000000e+03,7.430419921875000000e+01,3.174999999999999822e+00,1.552999999999999936e+01,1.551210937500000142e+01
5.183600000000000364e+03,7.443237304687500000e+01,3.245000000000000107e+00,1.551500000000000057e+01,1.545742187500000142e+01
5.183699999999999818e+03,7.401123046875000000e+01,3.265000000000000124e+00,1.549750000000000050e+01,1.548531250000000092e+01
5.183800000000000182e+03,7.666625976562500000e+01,3.229999999999999982e+00,1.568999999999999950e+01,1.543062500000000092e+01
5.183899999999999636e+03,7.661132812500000000e+01,3.205000000000000071e+00,1.562999999999999901e+01,1.542898437500000064e+01
5.184000000000000000e+03,7.668457031250000000e+01,3.245000000000000107e+00,1.560999999999999943e+01,1.549296875000000107e+01
5.184100000000000364e+03,7.684936523437500000e+01,3.287500000000000089e+00,1.566000000000000014e+01,1.545960937500000121e+01
5.184199999999999818e+03,7.796630859375000000e+01,3.220000000000000195e+00,1.533999999999999986e+01,1.542406250000000156e+01
5.184300000000000182e+03,7.904663085937500000e+01,3.245000000000000107e+00,1.545999999999999908e+01,1.548750000000000071e+01
5.184399999999999636e+03,7.880859375000000000e+01,3.254999999999999893e+00,1.560749999999999993e+01,1.548148437500000085e+01
5.184500000000000000e+03,7.893676757812500000e+01,3.240000000000000213e+00,1.544999999999999929e+01,1.543718750000000028e+01
5.184600000000000364e+03,7.924804687500000000e+01,3.267500000000000071e+00,1.553749999999999964e+01,1.545687500000000014e+01
5.184699999999999818e+03,8.062133789062500000e+01,3.294999999999999929e+00,1.567999999999999972e+01,1.547765625000000078e+01
5.184800000000000182e+03,8.122558593750000000e+01,3.292499999999999982e+00,1.543999999999999950e+01,1.545523437500000163e+01
5.184899999999999636e+03,8.093261718750000000e+01,3.317499999999999893e+00,1.529999999999999893e+01,1.549625000000000163e+01
5.185000000000000000e+03,8.102416992187500000e+01,3.287500000000000089e+00,1.545999999999999908e+01,1.543718750000000028e+01
5.185100000000000364e+03,8.285522460937500000e+01,3.327500000000000124e+00,1.543999999999999950e+01,1.547820312500000028e+01
5.185199999999999818e+03,8.269042968750000000e+01,3.314999999999999947e+00,1.541000000000000014e+01,1.553234375000000078e+01
5.185300000000000182e+03,8.318481445312500000e+01,3.305000000000000160e+00,1.556000000000000050e+01,1.541859375000000121e+01
5.185399999999999636e+03,8.291015625000000000e+01,3.310000000000000053e+00,1.556000000000000050e+01,1.546234375000000050e+01
5.185500000000000000e+03,8.389892578125000000e+01,3.345000000000000195e+00,1.547000000000000064e+01,1.552250000000000085e+01
5.185600000000000364e+03,8.512573242187500000e+01,3.322499999999999787e+00,1.545999999999999908e+01,1.548531250000000092e+01
5.185699999999999818e+03,8.468627929687500000e+01,3.325000000000000178e+00,1.540000000000000036e+01,1.547437500000000021e+01
5.185800000000000182e+03,8.523559570312500000e+01,3.330000000000000071e+00,1.558999999999999986e+01,1.549789062500000014e+01
5.185899999999999636e+03,8.485107421875000000e+01,3.365000000000000213e+00,1.559999999999999964e+01,1.548039062500000007e+01
5.186000000000000000e+03,8.675537109375000000e+01,3.379999999999999893e+00,1.564000000000000057e+01,1.550500000000000078e+01
5.186100000000000364e+03,8.708496093750000000e+01,3.372500000000000053e+00,1.547749999999999915e+01,1.546945312500000114e+01
5.186199999999999818e+03,8.660888671875000000e+01,3.375000000000000000e+00,1.536999999999999922e+01,1.542515625000000057e+01
5.186300000000000182e+03,8.713989257812500000e+01,3.370000000000000107e+00,1.558000000000000007e+01,1.550937500000000036e+01
5.186399999999999636e+03,8.805541992187500000e+01,3.382499999999999840e+00,1.561999999999999922e+01,1.545468750000000036e+01
5.186500000000000000e+03,8.871459960937500000e+01,3.395000000000000018e+00,1.551750000000000007e+01,1.549296875000000107e+01
5.186600000000000364e+03,8.887939453125000000e+01,3.410000000000000142e+00,1.537999999999999901e+01,1.548421875000000014e+01
5.186699999999999818e+03,8.838500976562500000e+01,3.402499999999999858e+00,1.553999999999999915e+01,1.541695312500000092e+01
5.186800000000000182e+03,8.908081054687500000e+01,3.424999999999999822e+00,1.572000000000000064e+01,1.544046875000000085e+01
5.186899999999999636e+03,9.019775390625000000e+01,3.419999999999999929e+00,1.568999999999999950e+01,1.546453125000000028e+01
5.187000000000000000e+03,9.045410156250000000e+01,3.415000000000000036e+00,1.545999999999999908e+01,1.548914062500000099e+01
5.187100000000000364e+03,9.061889648437500000e+01,3.424999999999999822e+00,1.576750000000000007e+01,1.552851562500000071e+01
5.187199999999999818e+03,9.008789062500000000e+01,3.427500000000000213e+00,1.549750000000000050e+01,1.552796875000000121e+01
5.187300000000000182e+03,9.221191406250000000e+01,3.455000000000000071e+00,1.566000000000000014e+01,1.552578125000000142e+01
5.187399999999999636e+03,9.206542968750000000e+01,3.444999999999999840e+00,1.547000000000000064e+01,1.547929687500000107e+01
5.187500000000000000e+03,9.226684570312500000e+01,3.447499999999999787e+00,1.549750000000000050e+01,1.548640624999999993e+01
5.187600000000000364e+03,9.239501953125000000e+01,3.419999999999999929e+00,1.552999999999999936e+01,1.549679687500000114e+01
5.187699999999999818e+03,9.266967773437500000e+01,3.459999999999999964e+00,1.533000000000000007e+01,1.551374999999999993e+01
5.187800000000000182e+03,9.415283203125000000e+01,3.459999999999999964e+00,1.542999999999999972e+01,1.544921875000000000e+01
5.187899999999999636e+03,9.376831054687500000e+01,3.712499999999999911e+00,1.545999999999999908e+01,1.546835937500000036e+01
5.188000000000000000e+03,9.396972656250000000e+01,3.477500000000000036e+00,1.552999999999999936e+01,1.541039062500000156e+01
5.188100000000000364e+03,9.415283203125000000e+01,3.490000000000000213e+00,1.556000000000000050e+01,1.553398437500000107e+01
5.188199999999999818e+03,9.506835937500000000e+01,3.504999999999999893e+00,1.534750000000000014e+01,1.545195312500000107e+01
5.188300000000000182e+03,9.578247070312500000e+01,3.479999999999999982e+00,1.550999999999999979e+01,1.543609375000000128e+01
5.188399999999999636e+03,9.534301757812500000e+01,3.522499999999999964e+00,1.556749999999999901e+01,1.543773437500000156e+01
5.188500000000000000e+03,9.556274414062500000e+01,3.500000000000000000e+00,1.545999999999999908e+01,1.548312500000000114e+01
5.188600000000000364e+03,9.689941406250000000e+01,3.522499999999999964e+00,1.560999999999999943e+01,1.543992187500000135e+01
5.188699999999999818e+03,9.686279296875000000e+01,3.547499999999999876e+00,1.528999999999999915e+01,1.542515625000000057e+01
5.188800000000000182e+03,9.748535156250000000e+01,3.540000000000000036e+00,1.541000000000000014e+01,1.555039062500000036e+01
5.188899999999999636e+03,9.704589843750000000e+01,3.549999999999999822e+00,1.552999999999999936e+01,1.544867187500000050e+01
5.189000000000000000e+03,9.743041992187500000e+01,3.555000000000000160e+00,1.553999999999999915e+01,1.546617187500000057e+01
5.189100000000000364e+03,9.906005859375000000e+01,3.552500000000000213e+00,1.541000000000000014e+01,1.541421875000000163e+01
5.189199999999999818e+03,9.860229492187500000e+01,3.570000000000000284e+00,1.551999999999999957e+01,1.537976562500000099e+01
5.189300000000000182e+03,9.918823242187500000e+01,3.572499999999999787e+00,1.564000000000000057e+01,1.552632812500000092e+01
5.189399999999999636e+03,9.874877929687500000e+01,3.557500000000000107e+00,1.542999999999999972e+01,1.544484375000000043e+01
5.189500000000000000e+03,1.003417968750000000e+02,3.572499999999999787e+00,1.540000000000000036e+01,1.546015625000000071e+01
5.189600000000000364e+03,1.006896972656250000e+02,3.637500000000000178e+00,1.551999999999999957e+01,1.547546875000000099e+01
5.189699999999999818e+03,1.001953125000000000e+02,3.609999999999999876e+00,1.558999999999999986e+01,1.545578125000000114e+01
5.189800000000000182e+03,1.007995605468750000e+02,3.580000000000000071e+00,1.560999999999999943e+01,1.551429687500000121e+01
5.189899999999999636e+03,1.010925292968750000e+02,3.604999999999999982e+00,1.539000000000000057e+01,1.551921875000000028e+01
5.190000000000000000e+03,1.021362304687500000e+02,3.609999999999999876e+00,1.537999999999999901e+01,1.548367187500000064e+01
5.190100000000000364e+03,1.023010253906250000e+02,3.634999999999999787e+00,1.545999999999999908e+01,1.543335937500000021e+01
5.190199999999999818e+03,1.018066406250000000e+02,3.629999999999999893e+00,1.549000000000000021e+01,1.548421875000000014e+01
5.190300000000000182e+03,1.023925781250000000e+02,3.655000000000000249e+00,1.536999999999999922e+01,1.548968750000000050e+01
5.190399999999999636e+03,1.034179687500000000e+02,3.634999999999999787e+00,1.550999999999999979e+01,1.547382812500000071e+01
5.190500000000000000e+03,1.037841796875000000e+02,3.665000000000000036e+00,1.548000000000000043e+01,1.551757812500000000e+01
5.190600000000000364e+03,1.039123535156250000e+02,3.660000000000000142e+00,1.532000000000000028e+01,1.550664062500000107e+01
5.190699999999999818e+03,1.033996582031250000e+02,3.697499999999999787e+00,1.564000000000000057e+01,1.546343750000000128e+01
5.190800000000000182e+03,1.052124023437500000e+02,3.707500000000000018e+00,1.534999999999999964e+01,1.549953125000000043e+01
5.190899999999999636e+03,1.050842285156250000e+02,3.700000000000000178e+00,1.566999999999999993e+01,1.553179687500000128e+01
5.191000000000000000e+03,1.054321289062500000e+02,3.669999999999999929e+00,1.537999999999999901e+01,1.553179687500000128e+01
5.191100000000000364e+03,1.055236816406250000e+02,3.765000000000000124e+00,1.533999999999999986e+01,1.544265625000000064e+01
5.191199999999999818e+03,1.053588867187500000e+02,3.719999999999999751e+00,1.552999999999999936e+01,1.552906250000000021e+01
5.191300000000000182e+03,1.072998046875000000e+02,3.729999999999999982e+00,1.548749999999999893e+01,1.544703125000000021e+01
5.191399999999999636e+03,1.068237304687500000e+02,3.759999999999999787e+00,1.548000000000000043e+01,1.548914062500000099e+01
5.191500000000000000e+03,1.071166992187500000e+02,3.742500000000000160e+00,1.543999999999999950e+01,1.544812500000000099e+01
5.191600000000000364e+03,1.071899414062500000e+02,3.729999999999999982e+00,1.558000000000000007e+01,1.545906249999999993e+01
5.191699999999999818e+03,1.081420898437500000e+02,3.785000000000000142e+00,1.560999999999999943e+01,1.547984375000000057e+01
5.191800000000000182e+03,1.089294433593750000e+02,3.762500000000000178e+00,1.547749999999999915e+01,1.548257812500000163e+01
5.191899999999999636e+03,1.084350585937500000e+02,3.810000000000000053e+00,1.568999999999999950e+01,1.546070312500000021e+01
5.192000000000000000e+03,1.087280273437500000e+02,3.794999999999999929e+00,1.542999999999999972e+01,1.552796875000000121e+01
5.192100000000000364e+03,1.097900390625000000e+02,3.827500000000000124e+00,1.551500000000000057e+01,1.549078125000000128e+01
5.192199999999999818e+03,1.098999023437500000e+02,3.837499999999999911e+00,1.537749999999999950e+01,1.545140625000000156e+01
5.192300000000000182e+03,1.104858398437500000e+02,3.865000000000000213e+00,1.559999999999999964e+01,1.551320312500000043e+01
5.192399999999999636e+03,1.099731445312500000e+02,3.839999999999999858e+00,1.561999999999999922e+01,1.545195312500000107e+01
5.192500000000000000e+03,1.103210449218750000e+02,3.842500000000000249e+00,1.537999999999999901e+01,1.549242187500000156e+01
5.192600000000000364e+03,1.120422363281250000e+02,3.882500000000000284e+00,1.531000000000000050e+01,1.547164062500000092e+01
5.192699999999999818e+03,1.116210937500000000e+02,3.882500000000000284e+00,1.547000000000000064e+01,1.548367187500000064e+01
5.192800000000000182e+03,1.122253417968750000e+02,3.899999999999999911e+00,1.560999999999999943e+01,1.547984375000000057e+01
5.192899999999999636e+03,1.117126464843750000e+02,3.872500000000000053e+00,1.562999999999999901e+01,1.548585937500000043e+01
5.193000000000000000e+03,1.133239746093750000e+02,3.919999999999999929e+00,1.552999999999999936e+01,1.549679687500000114e+01
5.193100000000000364e+03,1.136901855468750000e+02,3.939999999999999947e+00,1.535999999999999943e+01,1.544867187500000050e+01
5.193199999999999818e+03,1.132141113281250000e+02,3.972500000000000142e+00,1.549750000000000050e+01,1.550335937500000050e+01
5.193300000000000182e+03,1.138549804687500000e+02,3.975000000000000089e+00,1.560999999999999943e+01,1.545140625000000156e+01
5.193399999999999636e+03,1.138000488281250000e+02,3.977500000000000036e+00,1.552999999999999936e+01,1.548476562500000142e+01
5.193500000000000000e+03,1.152648925781250000e+02,4.002499999999999503e+00,1.554999999999999893e+01,1.549351562500000057e+01
5.193600000000000364e+03,1.154113769531250000e+02,4.037499999999999645e+00,1.569749999999999979e+01,1.548312500000000114e+01
5.193699999999999818e+03,1.149536132812500000e+02,4.027499999999999858e+00,1.572000000000000064e+01,1.551210937500000142e+01
5.193800000000000182e+03,1.155395507812500000e+02,4.019999999999999574e+00,1.553999999999999915e+01,1.546562500000000107e+01
5.193899999999999636e+03,1.166015625000000000e+02,4.082499999999999574e+00,1.550000000000000000e+01,1.551374999999999993e+01
5.194000000000000000e+03,1.171325683593750000e+02,4.032499999999999751e+00,1.552999999999999936e+01,1.547382812500000071e+01
5.194100000000000364e+03,1.172058105468750000e+02,4.089999999999999858e+00,1.557000000000000028e+01,1.552195312500000135e+01
5.194199999999999818e+03,1.167480468750000000e+02,4.049999999999999822e+00,1.540499999999999936e+01,1.543718750000000028e+01
5.194300000000000182e+03,1.185058593750000000e+02,4.115000000000000213e+00,1.554749999999999943e+01,1.546453125000000028e+01
5.194399999999999636e+03,1.184326171875000000e+02,4.144999999999999574e+00,1.542999999999999972e+01,1.545523437500000163e+01
5.194500000000000000e+03,1.188903808593750000e+02,4.147499999999999964e+00,1.543999999999999950e+01,1.552851562500000071e+01
5.194600000000000364e+03,1.189270019531250000e+02,4.172500000000000320e+00,1.580499999999999972e+01,1.549789062500000014e+01
5.194699999999999818e+03,1.184326171875000000e+02,4.165000000000000036e+00,1.562749999999999950e+01,1.547164062500000092e+01
5.194800000000000182e+03,1.193115234375000000e+02,4.177500000000000213e+00,1.556000000000000050e+01,1.547546875000000099e+01
5.194899999999999636e+03,1.187622070312500000e+02,4.222500000000000142e+00,1.548000000000000043e+01,1.550773437500000007e+01
5.195000000000000000e+03,1.191650390625000000e+02,7.062500000000015987e-02,1.539000000000000057e+01,-4.593750000000085265e-02
5.195100000000000364e+03,1.191833496093750000e+02,4.312499999999985789e-02,1.550999999999999979e+01,-1.531250000000028422e-02
5.195199999999999818e+03,1.187255859375000000e+02,5.312500000000008882e-02,1.565000000000000036e+01,-2.023437500000024869e-02
5.195300000000000182e+03,1.193664550781250000e+02,5.562500000000003553e-02,1.548000000000000043e+01,1.148437499999932498e-02
5.195399999999999636e+03,1.187805175781250000e+02,-1.875000000000071054e-03,1.545999999999999908e+01,1.203124999999971578e-02
5.195500000000000000e+03,1.191467285156250000e+02,2.562499999999978684e-02,1.533999999999999986e+01,-8.257812500000039080e-02
5.195600000000000364e+03,1.192016601562500000e+02,6.812499999999976907e-02,1.554999999999999893e+01,-6.070312500000074607e-02
5.195699999999999818e+03,1.187255859375000000e+02,4.562499999999980460e-02,1.543999999999999950e+01,-1.968750000000074607e-02
5.195800000000000182e+03,1.193481445312500000e+02,8.062499999999994671e-02,1.540000000000000036e+01,-2.132812500000103029e-02
5.195899999999999636e+03,1.187622070312500000e+02,2.812499999999973355e-02,1.556000000000000050e+01,-5.687500000000067502e-02
5.196000000000000000e+03,1.191650390625000000e+02,3.562500000000001776e-02,1.550999999999999979e+01,-5.906250000000046185e-02
5.196100000000000364e+03,1.179382324218750000e+02,5.812499999999998224e-02,1.580499999999999972e+01,-5.085937500000081712e-02
5.196199999999999818e+03,1.173706054687500000e+02,5.312500000000008882e-02,1.550999999999999979e+01,-2.953125000000067502e-02
5.196300000000000182e+03,1.179565429687500000e+02,6.062499999999992895e-02,1.560999999999999943e+01,-8.093750000000099476e-02
5.196399999999999636e+03,1.173156738281250000e+02,5.312500000000008882e-02,1.535999999999999943e+01,-2.734375000000088818e-02
5.196500000000000000e+03,1.156494140625000000e+02,7.312500000000010658e-02,1.525000000000000000e+01,-4.101562500000088818e-02
5.196600000000000364e+03,1.148803710937500000e+02,6.812499999999976907e-02,1.537749999999999950e+01,-4.320312500000067502e-02
5.196699999999999818e+03,1.144592285156250000e+02,1.312500000000005329e-02,1.556000000000000050e+01,-9.843750000000817124e-03
5.196800000000000182e+03,1.149902343750000000e+02,4.562499999999980460e-02,1.551999999999999957e+01,-1.476562500000078160e-02
5.196899999999999636e+03,1.139831542968750000e+02,8.562499999999984013e-02,1.531000000000000050e+01,-4.539062500000046185e-02
5.197000000000000000e+03,1.107604980468750000e+02,5.812499999999998224e-02,1.541000000000000014e+01,-1.640625000000106581e-02
5.197100000000000364e+03,1.107238769531250000e+02,4.312499999999985789e-02,1.559999999999999964e+01,-2.953125000000067502e-02
5.197199999999999818e+03,1.102111816406250000e+02,6.312499999999987566e-02,1.539000000000000057e+01,-2.679687500000049738e-02
5.197300000000000182e+03,1.109069824218750000e+02,5.312500000000008882e-02,1.566000000000000014e+01,-3.828125000000959233e-03
5.197399999999999636e+03,1.071533203125000000e+02,3.062500000000012434e-02,1.554999999999999893e+01,-7.054687500000067502e-02
5.197500000000000000e+03,1.070068359375000000e+02,4.562499999999980460e-02,1.547000000000000064e+01,3.664062499999953815e-02
5.197600000000000364e+03,1.070617675781250000e+02,3.812499999999996447e-02,1.557000000000000028e+01,-6.179687500000063949e-02
5.197699999999999818e+03,1.065673828125000000e+02,5.312500000000008882e-02,1.575999999999999979e+01,-6.125000000000024869e-02
5.197800000000000182e+03,1.055603027343750000e+02,8.124999999999715783e-03,1.560749999999999993e+01,-8.750000000000923706e-03
5.197899999999999636e+03,1.035827636718750000e+02,3.812499999999996447e-02,1.559999999999999964e+01,4.921874999999076294e-03
5.198000000000000000e+03,1.038391113281250000e+02,6.312499999999987566e-02,1.543999999999999950e+01,-1.476562500000078160e-02
5.198100000000000364e+03,1.039306640625000000e+02,3.312500000000007105e-02,1.588499999999999979e+01,-1.750000000000095923e-02
5.198199999999999818e+03,1.034179687500000000e+02,2.043749999999997513e-01,1.540000000000000036e+01,-8.968750000000103029e-02
5.198300000000000182e+03,1.015502929687500000e+02,3.062500000000012434e-02,1.568750000000000000e+01,-1.531250000000028422e-02
5.198399999999999636e+03,1.009277343750000000e+02,5.062500000000014211e-02,1.561999999999999922e+01,-3.882812500000110134e-02
5.198500000000000000e+03,1.011108398437500000e+02,6.562499999999982236e-02,1.542999999999999972e+01,-8.859375000000024869e-02
5.198600000000000364e+03,1.012023925781250000e+02,5.562500000000003553e-02,1.544749999999999979e+01,-2.406250000000031974e-02
5.198699999999999818e+03,9.889526367187500000e+01,5.312500000000008882e-02,1.558999999999999986e+01,-2.187500000000053291e-02
5.198800000000000182e+03,9.885864257812500000e+01,5.312500000000008882e-02,1.568999999999999950e+01,-4.320312500000067502e-02
5.198899999999999636e+03,9.843750000000000000e+01,1.562500000000000000e-02,1.557750000000000057e+01,-3.609375000000092371e-02
5.199000000000000000e+03,9.869384765625000000e+01,5.812499999999998224e-02,1.573000000000000043e+01,-8.914062500000063949e-02
5.199100000000000364e+03,9.845581054687500000e+01,5.312500000000008882e-02,1.541000000000000014e+01,-2.078125000000063949e-02
5.199199999999999818e+03,9.631347656250000000e+01,5.312500000000008882e-02,1.580499999999999972e+01,-3.828125000000071054e-02
5.199300000000000182e+03,9.677124023437500000e+01,2.812499999999973355e-02,1.565000000000000036e+01,-1.055468750000008171e-01
5.199399999999999636e+03,9.635009765625000000e+01,3.812499999999996447e-02,1.543999999999999950e+01,-1.132031250000009592e-01
5.199500000000000000e+03,9.658813476562500000e+01,4.562499999999980460e-02,1.519999999999999929e+01,-6.671875000000060396e-02
5.199600000000000364e+03,9.503173828125000000e+01,6.312499999999987566e-02,1.551999999999999957e+01,-1.148437500000110134e-02
5.199699999999999818e+03,9.433593750000000000e+01,3.062500000000012434e-02,1.556000000000000050e+01,-2.625000000000099476e-02
5.199800000000000182e+03,9.488525390625000000e+01,5.562500000000003553e-02,1.554999999999999893e+01,1.531249999999939604e-02
5.199899999999999636e+03,9.442749023437500000e+01,5.562500000000003553e-02,1.552999999999999936e+01,-3.445312500000063949e-02
5.200000000000000000e+03,9.375000000000000000e+01,4.312499999999985789e-02,1.554999999999999893e+01,-8.750000000000923706e-03
5.200100000000000364e+03,9.305419921875000000e+01,4.062499999999991118e-02,1.569999999999999929e+01,-8.695312500000085265e-02
5.200199999999999818e+03,9.252319335937500000e+01,4.812499999999975131e-02,1.560749999999999993e+01,-5.742187500000106581e-02
5.200300000000000182e+03,9.303588867187500000e+01,3.812499999999996447e-02,1.542999999999999972e+01,-1.093750000000071054e-02
5.200399999999999636e+03,9.266967773437500000e+01,7.562500000000005329e-02,1.554999999999999893e+01,-4.757812500000024869e-02
5.200500000000000000e+03,9.138793945312500000e+01,5.062500000000014211e-02,1.534999999999999964e+01,-1.750000000000095923e-02
5.200600000000000364e+03,9.138793945312500000e+01,7.312500000000010658e-02,1.538749999999999929e+01,1.367187499999911182e-02
5.200699999999999818e+03,9.093017578125000000e+01,3.312500000000007105e-02,1.565000000000000036e+01,-3.117187500000095923e-02
5.200800000000000182e+03,9.142456054687500000e+01,1.312500000000005329e-02,1.535999999999999943e+01,-3.828125000000959233e-03
5.200899999999999636e+03,8.990478515625000000e+01,4.312499999999985789e-02,1.554999999999999893e+01,-3.828125000000071054e-02
5.201000000000000000e+03,8.966674804687500000e+01,6.312499999999987566e-02,1.545999999999999908e+01,-5.742187500000106581e-02
5.201100000000000364e+03,8.979492187500000000e+01,5.062500000000014211e-02,1.544999999999999929e+01,9.843749999999040767e-03
5.201199999999999818e+03,8.930053710937500000e+01,5.562500000000003553e-02,1.528749999999999964e+01,-3.171875000000046185e-02
5.201300000000000182e+03,8.972167968750000000e+01,5.312500000000008882e-02,1.551999999999999957e+01,-5.414062500000049738e-02
5.201399999999999636e+03,8.803710937500000000e+01,4.812499999999975131e-02,1.535999999999999943e+01,1.039062499999943157e-02
5.201500000000000000e+03,8.814697265625000000e+01,5.062500000000014211e-02,1.543999999999999950e+01,-2.351562500000081712e-02
5.201600000000000364e+03,8.831176757812500000e+01,3.812499999999996447e-02,1.551999999999999957e+01,-7.656250000001030287e-03
5.201699999999999818e+03,8.779907226562500000e+01,6.312499999999987566e-02,1.564000000000000057e+01,-5.687500000000067502e-02
5.201800000000000182e+03,8.713989257812500000e+01,6.312499999999987566e-02,1.559999999999999964e+01,-5.250000000000110134e-02
5.201899999999999636e+03,8.659057617187500000e+01,2.562499999999978684e-02,1.551999999999999957e+01,-2.132812500000103029e-02
5.202000000000000000e+03,8.675537109375000000e+01,6.812499999999976907e-02,1.548000000000000043e+01,-1.914062500000035527e-02
5.202100000000000364e+03,8.690185546875000000e+01,4.562499999999980460e-02,1.565000000000000036e+01,-5.906250000000046185e-02
5.202199999999999818e+03,8.578491210937500000e+01,3.812499999999996447e-02,1.556000000000000050e+01,-6.015625000000746070e-03
5.202300000000000182e+03,8.556518554687500000e+01,5.312500000000008882e-02,1.548000000000000043e+01,-7.437500000000074607e-02
5.202399999999999636e+03,8.519897460937500000e+01,4.562499999999980460e-02,1.548000000000000043e+01,-3.937500000000060396e-02
5.202500000000000000e+03,8.534545898437500000e+01,4.562499999999980460e-02,1.562999999999999901e+01,-5.960937500000085265e-02
5.202600000000000364e+03,8.549194335937500000e+01,4.312499999999985789e-02,1.535999999999999943e+01,-3.445312500000063949e-02
5.202699999999999818e+03,8.380737304687500000e+01,5.312500000000008882e-02,1.565000000000000036e+01,-3.609375000000092371e-02
5.202800000000000182e+03,8.426513671875000000e+01,4.062499999999991118e-02,1.555749999999999922e+01,-5.031250000000042633e-02
5.202899999999999636e+03,8.389892578125000000e+01,3.562500000000001776e-02,1.531000000000000050e+01,-3.554687500000053291e-02
5.203000000000000000e+03,8.404541015625000000e+01,4.312499999999985789e-02,1.561999999999999922e+01,-6.781250000000049738e-02
5.203100000000000364e+03,8.325805664062500000e+01,4.312499999999985789e-02,1.547000000000000064e+01,-2.734375000000088818e-02
5.203199999999999818e+03,8.245239257812500000e+01,1.312500000000005329e-02,1.558000000000000007e+01,2.460937499999893419e-02
5.203300000000000182e+03,8.296508789062500000e+01,-1.500000000000012434e-02,1.550000000000000000e+01,-7.820312500000081712e-02
5.203399999999999636e+03,8.259887695312500000e+01,3.312500000000007105e-02,1.550750000000000028e+01,-7.109375000000639488e-03
5.203500000000000000e+03,8.258056640625000000e+01,4.312499999999985789e-02,1.557750000000000057e+01,-1.148437500000110134e-02
5.203600000000000364e+03,8.164672851562500000e+01,5.312500000000008882e-02,1.581499999999999950e+01,-6.945312500000078160e-02
5.203699999999999818e+03,8.111572265625000000e+01,6.062499999999992895e-02,1.532000000000000028e+01,-2.679687500000049738e-02
5.203800000000000182e+03,8.162841796875000000e+01,1.812499999999994671e-02,1.559999999999999964e+01,-3.664062500000042633e-02
5.203899999999999636e+03,8.129882812500000000e+01,3.062500000000012434e-02,1.554999999999999893e+01,-9.132812500000042633e-02
5.204000000000000000e+03,8.036499023437500000e+01,6.562499999999982236e-02,1.533750000000000036e+01,-9.296875000000071054e-02
5.204100000000000364e+03,8.038330078125000000e+01,4.562499999999980460e-02,1.529999999999999893e+01,-4.921875000000053291e-02
5.204199999999999818e+03,7.990722656250000000e+01,5.312500000000008882e-02,1.558000000000000007e+01,2.734374999999289457e-03
5.204300000000000182e+03,8.040161132812500000e+01,5.812499999999998224e-02,1.576999999999999957e+01,-2.679687500000049738e-02
5.204399999999999636e+03,7.959594726562500000e+01,6.562499999999982236e-02,1.539000000000000057e+01,-5.250000000000110134e-02
5.204500000000000000e+03,7.899169921875000000e+01,6.812499999999976907e-02,1.543999999999999950e+01,-1.695312500000056843e-02
5.204600000000000364e+03,7.911987304687500000e+01,6.562499999999982236e-02,1.558999999999999986e+01,-3.609375000000092371e-02
5.204699999999999818e+03,7.860717773437500000e+01,2.562499999999978684e-02,1.550000000000000000e+01,-6.015625000000035527e-02
5.204800000000000182e+03,7.913818359375000000e+01,6.312499999999987566e-02,1.558999999999999986e+01,-5.632812500000028422e-02
5.204899999999999636e+03,7.780151367187500000e+01,6.062499999999992895e-02,1.578999999999999915e+01,-7.492187500000024869e-02
5.205000000000000000e+03,7.780151367187500000e+01,1.062500000000010658e-02,1.557000000000000028e+01,-3.828125000000071054e-02
5.205100000000000364e+03,7.803955078125000000e+01,1.343749999999999112e-01,1.568750000000000000e+01,6.562499999999360512e-03
5.205199999999999818e+03,7.749023437500000000e+01,4.312499999999985789e-02,1.545749999999999957e+01,-2.078125000000063949e-02
5.205300000000000182e+03,7.717895507812500000e+01,5.312500000000008882e-02,1.556000000000000050e+01,-4.265625000000028422e-02
5.205399999999999636e+03,7.651977539062500000e+01,1.562500000000000000e-02,1.550999999999999979e+01,-6.398437500000042633e-02
5.205500000000000000e+03,7.659301757812500000e+01,4.312499999999985789e-02,1.566999999999999993e+01,-3.171875000000046185e-02
5.205600000000000364e+03,7.673950195312500000e+01,6.812499999999976907e-02,1.543999999999999950e+01,1.257812499999921840e-02
5.205699999999999818e+03,7.628173828125000000e+01,2.812499999999973355e-02,1.550999999999999979e+01,-2.679687500000049738e-02
5.205800000000000182e+03,7.575073242187500000e+01,4.062499999999991118e-02,1.542999999999999972e+01,-5.632812500000028422e-02
5.205899999999999636e+03,7.543945312500000000e+01,3.312500000000007105e-02,1.552999999999999936e+01,-3.281250000000035527e-02
5.206000000000000000e+03,7.551269531250000000e+01,3.062500000000012434e-02,1.548000000000000043e+01,-4.156250000000039080e-02
5.206100000000000364e+03,7.567749023437500000e+01,4.312499999999985789e-02,1.554999999999999893e+01,-2.843750000000078160e-02
5.206199999999999818e+03,7.434082031250000000e+01,5.312500000000008882e-02,1.543999999999999950e+01,-4.976562500000092371e-02
5.206300000000000182e+03,7.461547851562500000e+01,3.312500000000007105e-02,1.554999999999999893e+01,-5.468750000000088818e-02
5.206399999999999636e+03,7.434082031250000000e+01,4.312499999999985789e-02,1.552999999999999936e+01,-2.351562500000081712e-02
5.206500000000000000e+03,7.441406250000000000e+01,7.812500000000000000e-02,1.557750000000000057e+01,-1.968750000000074607e-02
5.206600000000000364e+03,7.419433593750000000e+01,6.562499999999982236e-02,1.557000000000000028e+01,-1.203125000000060396e-02
5.206699999999999818e+03,7.300415039062500000e+01,3.562500000000001776e-02,1.549000000000000021e+01,-4.921875000000852651e-03
5.206800000000000182e+03,7.351684570312500000e+01,6.062499999999992895e-02,1.536999999999999922e+01,-5.578125000000078160e-02
5.206899999999999636e+03,7.320556640625000000e+01,2.062499999999989342e-02,1.541000000000000014e+01,-4.320312500000067502e-02
5.207000000000000000e+03,7.331542968750000000e+01,1.812499999999994671e-02,1.549000000000000021e+01,-4.265625000000028422e-02
5.207100000000000364e+03,7.256469726562500000e+01,4.812499999999975131e-02,1.568999999999999950e+01,-1.203125000000060396e-02
5.207199999999999818e+03,7.201538085937500000e+01,4.062499999999991118e-02,1.539000000000000057e+01,-2.132812500000103029e-02
5.207300000000000182e+03,7.249145507812500000e+01,5.062500000000014211e-02,1.555749999999999922e+01,1.914062499999946709e-02
5.207399999999999636e+03,7.223510742187500000e+01,-1.187499999999985789e-02,1.556000000000000050e+01,-4.867187500000103029e-02
5.207500000000000000e+03,7.159423828125000000e+01,7.562500000000005329e-02,1.558000000000000007e+01,7.546874999999975131e-02
5.207600000000000364e+03,7.135620117187500000e+01,6.062499999999992895e-02,1.557000000000000028e+01,1.421874999999950262e-02
5.207699999999999818e+03,7.088012695312500000e+01,2.312499999999984013e-02,1.550999999999999979e+01,-9.843750000000817124e-03
5.207800000000000182e+03,7.139282226562500000e+01,3.812499999999996447e-02,1.557000000000000028e+01,-4.210937500000078160e-02
5.207899999999999636e+03,7.113647460937500000e+01,3.312500000000007105e-02,1.539000000000000057e+01,-4.265625000000028422e-02
5.208000000000000000e+03,7.025756835937500000e+01,5.312500000000008882e-02,1.543999999999999950e+01,-5.250000000000110134e-02
5.208100000000000364e+03,7.036743164062500000e+01,5.812499999999998224e-02,1.528999999999999915e+01,1.093749999999893419e-02
5.208199999999999818e+03,6.992797851562500000e+01,5.812499999999998224e-02,1.562999999999999901e+01,-2.351562500000081712e-02
5.208300000000000182e+03,7.033081054687500000e+01,1.812499999999994671e-02,1.541999999999999993e+01,-1.093750000000071054e-02
5.208399999999999636e+03,6.943359375000000000e+01,4.062499999999991118e-02,1.531000000000000050e+01,-7.765625000000042633e-02
5.208500000000000000e+03,6.930541992187500000e+01,6.562499999999982236e-02,1.561749999999999972e+01,1.804687499999957367e-02
5.208600000000000364e+03,6.948852539062500000e+01,5.562500000000003553e-02,1.541000000000000014e+01,-2.515625000000110134e-02
5.208699999999999818e+03,6.901245117187500000e+01,4.812499999999975131e-02,1.535999999999999943e+01,-4.867187500000103029e-02
5.208800000000000182e+03,6.923217773437500000e+01,3.312500000000007105e-02,1.574000000000000021e+01,-1.093750000000781597e-03
5.208899999999999636e+03,6.828002929687500000e+01,6.062499999999992895e-02,1.556000000000000050e+01,-2.898437500000028422e-02
5.209000000000000000e+03,6.831665039062500000e+01,4.312499999999985789e-02,1.553999999999999915e+01,-8.367187500000028422e-02
5.209100000000000364e+03,6.844482421875000000e+01,8.062499999999994671e-02,1.556000000000000050e+01,-1.476562500000078160e-02
5.209199999999999818e+03,6.798706054687500000e+01,5.312500000000008882e-02,1.541000000000000014e+01,-4.921875000000852651e-03
5.209300000000000182e+03,6.769409179687500000e+01,3.812499999999996447e-02,1.543999999999999950e+01,9.843749999999040767e-03
5.209399999999999636e+03,6.730957031250000000e+01,6.562499999999982236e-02,1.552999999999999936e+01,-4.921875000000053291e-02
5.209500000000000000e+03,6.740112304687500000e+01,3.062500000000012434e-02,1.561999999999999922e+01,-4.375000000000106581e-02
5.209600000000000364e+03,6.754760742187500000e+01,4.562499999999980460e-02,1.558999999999999986e+01,-3.664062500000042633e-02
5.209699999999999818e+03,6.661376953125000000e+01,3.812499999999996447e-02,1.548749999999999893e+01,-1.148437500000110134e-02
5.209800000000000182e+03,6.663208007812500000e+01,4.812499999999975131e-02,1.533999999999999986e+01,-1.312500000000049738e-02
5.209899999999999636e+03,6.643066406250000000e+01,6.249999999998756550e-04,1.557000000000000028e+01,-5.140625000000031974e-02
5.210000000000000000e+03,6.646728515625000000e+01,5.062500000000014211e-02,1.576750000000000007e+01,-8.203125000000532907e-03
5.210100000000000364e+03,6.665039062500000000e+01,6.312499999999987566e-02,1.555749999999999922e+01,-5.468750000000088818e-02
5.210199999999999818e+03,6.551513671875000000e+01,2.562499999999978684e-02,1.558999999999999986e+01,-3.007812500000106581e-02
5.210300000000000182e+03,6.584472656250000000e+01,3.062500000000012434e-02,1.541999999999999993e+01,-4.320312500000067502e-02
5.210399999999999636e+03,6.566162109375000000e+01,7.562500000000005329e-02,1.541999999999999993e+01,-1.312500000000049738e-02
5.210500000000000000e+03,6.569824218750000000e+01,5.062500000000014211e-02,1.551999999999999957e+01,-1.531250000000028422e-02
5.210600000000000364e+03,6.520385742187500000e+01,4.312499999999985789e-02,1.547000000000000064e+01,-4.265625000000028422e-02
5.210699999999999818e+03,6.454467773437500000e+01,6.062499999999992895e-02,1.528999999999999915e+01,7.109374999999751310e-03
5.210800000000000182e+03,6.500244140625000000e+01,5.312500000000008882e-02,1.557750000000000057e+01,-6.398437500000042633e-02
5.210899999999999636e+03,6.478271484375000000e+01,2.312499999999984013e-02,1.577749999999999986e+01,-5.523437500000039080e-02
5.211000000000000000e+03,6.470947265625000000e+01,1.562500000000000000e-02,1.557000000000000028e+01,-5.031250000000042633e-02
5.211100000000000364e+03,6.416015625000000000e+01,3.062500000000012434e-02,1.561749999999999972e+01,-8.750000000000035527e-02
5.211199999999999818e+03,6.370239257812500000e+01,6.562499999999982236e-02,1.541999999999999993e+01,-8.750000000000923706e-03
5.211300000000000182e+03,6.416015625000000000e+01,3.312500000000007105e-02,1.549000000000000021e+01,-6.070312500000074607e-02
5.211399999999999636e+03,6.395874023437500000e+01,5.562500000000003553e-02,1.535999999999999943e+01,7.656249999999253930e-03
5.211500000000000000e+03,6.331787109375000000e+01,6.062499999999992895e-02,1.558999999999999986e+01,-1.257812500000099476e-02
5.211600000000000364e+03,6.331787109375000000e+01,4.562499999999980460e-02,1.539000000000000057e+01,-6.125000000000024869e-02
5.211699999999999818e+03,6.291503906250000000e+01,5.562500000000003553e-02,1.575999999999999979e+01,-2.734375000000088818e-02
5.211800000000000182e+03,6.335449218750000000e+01,5.812499999999998224e-02,1.552749999999999986e+01,-3.609375000000092371e-02
5.211899999999999636e+03,6.284179687500000000e+01,3.812499999999996447e-02,1.551999999999999957e+01,1.093749999999005240e-03
5.212000000000000000e+03,6.238403320312500000e+01,1.600000000000001421e-01,1.549000000000000021e+01,-2.187500000000053291e-02
5.212100000000000364e+03,6.256713867187500000e+01,4.312499999999985789e-02,1.563749999999999929e+01,-7.656250000001030287e-03
5.212199999999999818e+03,6.210937500000000000e+01,4.562499999999980460e-02,1.540000000000000036e+01,2.734374999999289457e-03
5.212300000000000182e+03,6.254882812500000000e+01,6.062499999999992895e-02,1.541000000000000014e+01,-3.226562500000085265e-02
5.212399999999999636e+03,6.161499023437500000e+01,4.312499999999985789e-02,1.553999999999999915e+01,-7.875000000000031974e-02
5.212500000000000000e+03,6.159667968750000000e+01,8.124999999999715783e-03,1.575000000000000000e+01,-7.601562500000103029e-02
5.212600000000000364e+03,6.170654296875000000e+01,1.562500000000000000e-02,1.548000000000000043e+01,-6.507812500000031974e-02
5.212699999999999818e+03,6.134033203125000000e+01,4.062499999999991118e-02,1.552999999999999936e+01,-6.671875000000060396e-02
5.212800000000000182e+03,6.121215820312500000e+01,2.312499999999984013e-02,1.559999999999999964e+01,-1.750000000000095923e-02
5.212899999999999636e+03,6.077270507812500000e+01,5.812499999999998224e-02,1.540750000000000064e+01,1.312499999999960920e-02
5.213000000000000000e+03,6.077270507812500000e+01,5.312500000000008882e-02,1.535999999999999943e+01,5.468749999999467093e-03
5.213100000000000364e+03,6.090087890625000000e+01,5.312500000000008882e-02,1.540000000000000036e+01,-2.679687500000049738e-02
5.213199999999999818e+03,6.051635742187500000e+01,2.062499999999989342e-02,1.564749999999999908e+01,-4.539062500000046185e-02
5.213300000000000182e+03,6.026000976562500000e+01,5.062500000000014211e-02,1.550999999999999979e+01,-5.250000000000110134e-02
5.213399999999999636e+03,6.004028320312500000e+01,6.312499999999987566e-02,1.556000000000000050e+01,-7.000000000000028422e-02
5.213500000000000000e+03,6.007690429687500000e+01,2.812499999999973355e-02,1.537999999999999901e+01,-1.093750000000071054e-02
5.213600000000000364e+03,6.020507812500000000e+01,2.812499999999973355e-02,1.570999999999999908e+01,-2.843750000000078160e-02
5.213699999999999818e+03,5.916137695312500000e+01,5.812499999999998224e-02,1.531000000000000050e+01,-1.093750000000781597e-03
5.213800000000000182e+03,5.943603515625000000e+01,4.312499999999985789e-02,1.549750000000000050e+01,-8.148437500000049738e-02
5.213899999999999636e+03,5.927124023437500000e+01,4.562499999999980460e-02,1.540000000000000036e+01,-5.031250000000042633e-02
5.214000000000000000e+03,5.925292968750000000e+01,3.812499999999996447e-02,1.569999999999999929e+01,-2.734375000000088818e-02
5.214100000000000364e+03,5.919799804687500000e+01,6.562499999999982236e-02,1.545999999999999908e+01,-7.109375000000639488e-03
5.214199999999999818e+03,5.835571289062500000e+01,4.812499999999975131e-02,1.570999999999999908e+01,-5.031250000000042633e-02
5.214300000000000182e+03,5.870361328125000000e+01,6.312499999999987566e-02,1.552999999999999936e+01,-1.093750000000781597e-03
5.214399999999999636e+03,5.855712890625000000e+01,5.562500000000003553e-02,1.541999999999999993e+01,-1.000781250000004619e-01
5.214500000000000000e+03,5.855712890625000000e+01,4.812499999999975131e-02,1.558000000000000007e+01,-4.210937500000078160e-02
5.214600000000000364e+03,5.806274414062500000e+01,5.312500000000008882e-02,1.520999999999999908e+01,-5.414062500000049738e-02
5.214699999999999818e+03,5.765991210937500000e+01,5.312500000000008882e-02,1.576999999999999957e+01,-2.242187500000092371e-02
5.214800000000000182e+03,5.802612304687500000e+01,2.812499999999973355e-02,1.575000000000000000e+01,-3.664062500000042633e-02
5.214899999999999636e+03,5.784301757812500000e+01,5.312500000000008882e-02,1.557000000000000028e+01,-1.077343750000006040e-01
5.215000000000000000e+03,5.751342773437500000e+01,5.062500000000014211e-02,1.560999999999999943e+01,-3.281250000000035527e-02
5.215100000000000364e+03,5.744018554687500000e+01,3.812499999999996447e-02,1.551999999999999957e+01,-8.695312500000085265e-02
5.215199999999999818e+03,5.701904296875000000e+01,4.812499999999975131e-02,1.541000000000000014e+01,-5.031250000000042633e-02
5.215300000000000182e+03,5.742187500000000000e+01,7.312500000000010658e-02,1.558999999999999986e+01,-7.984375000000110134e-02
5.215399999999999636e+03,5.725708007812500000e+01,2.312499999999984013e-02,1.554999999999999893e+01,1.859374999999907629e-02
5.215500000000000000e+03,5.659790039062500000e+01,5.562500000000003553e-02,1.542999999999999972e+01,1.749999999999918288e-02
5.215600000000000364e+03,5.672607421875000000e+01,8.124999999999982236e-02,1.545999999999999908e+01,-2.679687500000049738e-02
5.215699999999999818e+03,5.634155273437500000e+01,5.812499999999998224e-02,1.549750000000000050e+01,-6.015625000000746070e-03
5.215800000000000182e+03,5.670776367187500000e+01,6.562499999999982236e-02,1.547000000000000064e+01,-4.648437500000035527e-02
5.215899999999999636e+03,5.612182617187500000e+01,2.312499999999984013e-02,1.566999999999999993e+01,-2.953125000000067502e-02
5.216000000000000000e+03,5.597534179687500000e+01,3.312500000000007105e-02,1.549000000000000021e+01,6.562499999999360512e-03
5.216100000000000364e+03,5.615844726562500000e+01,4.062499999999991118e-02,1.549000000000000021e+01,-9.187500000000081712e-02
5.216199999999999818e+03,5.573730468750000000e+01,2.812499999999973355e-02,1.556000000000000050e+01,-3.773437500000031974e-02
5.216300000000000182e+03,5.597534179687500000e+01,7.312500000000010658e-02,1.567999999999999972e+01,-6.398437500000042633e-02
5.216399999999999636e+03,5.529785156250000000e+01,4.812499999999975131e-02,1.551999999999999957e+01,-8.148437500000049738e-02
5.216500000000000000e+03,5.527954101562500000e+01,4.312499999999985789e-02,1.550999999999999979e+01,-1.039062500000031974e-02
5.216600000000000364e+03,5.540771484375000000e+01,3.812499999999996447e-02,1.537999999999999901e+01,-5.250000000000110134e-02
5.216699999999999818e+03,5.500488281250000000e+01,2.875000000000005329e-02,1.557000000000000028e+01,-5.632812500000028422e-02
5.216800000000000182e+03,5.489501953125000000e+01,4.812499999999975131e-02,1.561999999999999922e+01,1.476562499999900524e-02
5.216899999999999636e+03,5.469360351562500000e+01,8.562499999999984013e-02,1.543500000000000050e+01,-5.632812500000028422e-02
5.217000000000000000e+03,5.469360351562500000e+01,-2.249999999999996447e-02,1.580499999999999972e+01,-3.281250000000568434e-03
5.217100000000000364e+03,5.482177734375000000e+01,5.062500000000014211e-02,1.556000000000000050e+01,3.828124999999182876e-03
5.217199999999999818e+03,5.414428710937500000e+01,3.312500000000007105e-02,1.545999999999999908e+01,5.468749999995026201e-04
5.217300000000000182e+03,5.421752929687500000e+01,3.062500000000012434e-02,1.542999999999999972e+01,-5.578125000000078160e-02
5.217399999999999636e+03,5.405273437500000000e+01,3.562500000000001776e-02,1.532000000000000028e+01,-4.265625000000028422e-02
5.217500000000000000e+03,5.407104492187500000e+01,3.562500000000001776e-02,1.550999999999999979e+01,-4.265625000000028422e-02
5.217600000000000364e+03,5.419921875000000000e+01,-3.312500000000007105e-02,1.548749999999999893e+01,-3.992187500000099476e-02
5.217699999999999818e+03,5.337524414062500000e+01,3.562500000000001776e-02,1.541750000000000043e+01,-4.375000000000106581e-02
5.217800000000000182e+03,5.370483398437500000e+01,3.062500000000012434e-02,1.532000000000000028e+01,-4.921875000000053291e-02
5.217899999999999636e+03,5.355834960937500000e+01,6.312499999999987566e-02,1.520999999999999908e+01,1.476562499999900524e-02
5.218000000000000000e+03,5.359497070312500000e+01,5.812499999999998224e-02,1.573000000000000043e+01,-3.117187500000095923e-02
5.218100000000000364e+03,5.330200195312500000e+01,3.062500000000012434e-02,1.567999999999999972e+01,-6.781250000000049738e-02
5.218199999999999818e+03,5.271606445312500000e+01,7.062500000000015987e-02,1.552999999999999936e+01,-8.039062500000060396e-02
5.218300000000000182e+03,5.310058593750000000e+01,6.312499999999987566e-02,1.559750000000000014e+01,-9.296875000000426326e-03
5.218399999999999636e+03,5.299072265625000000e+01,2.312499999999984013e-02,1.546749999999999936e+01,-4.101562500000088818e-02
5.218500000000000000e+03,5.297241210937500000e+01,4.062499999999991118e-02,1.552999999999999936e+01,5.468749999995026201e-04
5.218600000000000364e+03,5.253295898437500000e+01,3.312500000000007105e-02,1.552999999999999936e+01,-2.515625000000110134e-02
5.218699999999999818e+03,5.214843750000000000e+01,3.062500000000012434e-02,1.544999999999999929e+01,-2.023437500000024869e-02
5.218800000000000182e+03,5.255126953125000000e+01,6.812499999999976907e-02,1.556000000000000050e+01,-5.085937500000081712e-02
5.218899999999999636e+03,5.238647460937500000e+01,5.812499999999998224e-02,1.537999999999999901e+01,-2.296875000000042633e-02
5.219000000000000000e+03,5.194702148437500000e+01,7.062500000000015987e-02,1.541000000000000014e+01,-6.125000000000024869e-02
5.219100000000000364e+03,5.205688476562500000e+01,4.062499999999991118e-02,1.548000000000000043e+01,-5.851562500000095923e-02
5.219199999999999818e+03,5.165405273437500000e+01,4.562499999999980460e-02,1.551999999999999957e+01,-3.937500000000060396e-02
5.219300000000000182e+03,5.202026367187500000e+01,3.312500000000007105e-02,1.573000000000000043e+01,2.132812499999925393e-02
5.219399999999999636e+03,5.187377929687500000e+01,6.312499999999987566e-02,1.570999999999999908e+01,2.515624999999932498e-02
5.219500000000000000e+03,5.174560546875000000e+01,4.562499999999980460e-02,1.544999999999999929e+01,-3.390625000000024869e-02
5.219600000000000364e+03,5.191040039062500000e+01,8.875000000000010658e-02,1.551999999999999957e+01,-1.421875000000039080e-02
5.219699999999999818e+03,5.154418945312500000e+01,4.312499999999985789e-02,1.543999999999999950e+01,-5.468750000000088818e-02
5.219800000000000182e+03,5.189208984375000000e+01,6.562499999999982236e-02,1.550999999999999979e+01,-1.585937500000067502e-02
5.219899999999999636e+03,5.174560546875000000e+01,1.812499999999994671e-02,1.556000000000000050e+01,-9.625000000000039080e-02
5.220000000000000000e+03,5.174560546875000000e+01,2.930000000000000160e+00,1.571499999999999986e+01,1.549625000000000163e+01
5.220100000000000364e+03,5.189208984375000000e+01,2.970000000000000195e+00,1.537999999999999901e+01,1.558757812500000028e+01
5.220199999999999818e+03,5.156250000000000000e+01,2.984999999999999876e+00,1.545999999999999908e+01,1.546234375000000050e+01
5.220300000000000182e+03,5.213012695312500000e+01,2.952500000000000124e+00,1.552999999999999936e+01,1.544976562500000128e+01
5.220399999999999636e+03,5.222167968750000000e+01,3.004999999999999893e+00,1.548000000000000043e+01,1.544484375000000043e+01
5.220500000000000000e+03,5.216674804687500000e+01,2.959999999999999964e+00,1.575750000000000028e+01,1.547875000000000156e+01
5.220600000000000364e+03,5.233154296875000000e+01,3.004999999999999893e+00,1.542999999999999972e+01,1.546835937500000036e+01
5.220699999999999818e+03,5.196533203125000000e+01,2.962499999999999911e+00,1.548000000000000043e+01,1.546234375000000050e+01
5.220800000000000182e+03,5.399780273437500000e+01,3.027499999999999858e+00,1.565000000000000036e+01,1.555421875000000043e+01
5.220899999999999636e+03,5.394287109375000000e+01,3.024999999999999911e+00,1.562999999999999901e+01,1.547492187500000149e+01
5.221000000000000000e+03,5.394287109375000000e+01,3.017500000000000071e+00,1.541000000000000014e+01,1.546507812500000156e+01
5.221100000000000364e+03,5.410766601562500000e+01,3.027499999999999858e+00,1.547000000000000064e+01,1.550117187500000071e+01
5.221199999999999818e+03,5.614013671875000000e+01,3.022499999999999964e+00,1.566999999999999993e+01,1.548148437500000085e+01
5.221300000000000182e+03,5.718383789062500000e+01,3.060000000000000053e+00,1.552999999999999936e+01,1.542406250000000156e+01
5.221399999999999636e+03,5.703735351562500000e+01,3.044999999999999929e+00,1.557000000000000028e+01,1.543992187500000135e+01
5.221500000000000000e+03,5.705566406250000000e+01,3.092499999999999805e+00,1.544999999999999929e+01,1.546671875000000007e+01
5.221600000000000364e+03,5.826416015625000000e+01,3.057500000000000107e+00,1.561999999999999922e+01,1.547546875000000099e+01
5.221699999999999818e+03,6.080932617187500000e+01,3.062500000000000000e+00,1.550000000000000000e+01,1.545906249999999993e+01
5.221800000000000182e+03,6.132202148437500000e+01,3.089999999999999858e+00,1.562999999999999901e+01,1.548203125000000036e+01
5.221899999999999636e+03,6.115722656250000000e+01,3.097500000000000142e+00,1.567999999999999972e+01,1.545687500000000014e+01
5.222000000000000000e+03,6.117553710937500000e+01,3.082500000000000018e+00,1.543750000000000000e+01,1.542843750000000114e+01
5.222100000000000364e+03,6.500244140625000000e+01,3.092499999999999805e+00,1.553999999999999915e+01,1.548859375000000149e+01
5.222199999999999818e+03,6.507568359375000000e+01,3.109999999999999876e+00,1.559999999999999964e+01,1.544210937500000114e+01
5.222300000000000182e+03,6.555175781250000000e+01,3.132499999999999840e+00,1.576999999999999957e+01,1.547984375000000057e+01
5.222399999999999636e+03,6.535034179687500000e+01,3.147499999999999964e+00,1.565000000000000036e+01,1.548093750000000135e+01
5.222500000000000000e+03,6.714477539062500000e+01,3.134999999999999787e+00,1.548000000000000043e+01,1.551648437500000099e+01
5.222600000000000364e+03,6.884765625000000000e+01,3.122500000000000053e+00,1.531000000000000050e+01,1.551429687500000121e+01
5.222699999999999818e+03,6.849975585937500000e+01,3.122500000000000053e+00,1.537999999999999901e+01,1.546507812500000156e+01
5.222800000000000182e+03,6.897583007812500000e+01,3.152499999999999858e+00,1.549000000000000021e+01,1.549406250000000007e+01
5.222899999999999636e+03,6.873779296875000000e+01,3.152499999999999858e+00,1.541000000000000014e+01,1.542078125000000099e+01
5.223000000000000000e+03,7.157592773437500000e+01,3.205000000000000071e+00,1.558999999999999986e+01,1.550500000000000078e+01
5.223100000000000364e+03,7.194213867187500000e+01,3.182500000000000107e+00,1.551750000000000007e+01,1.545195312500000107e+01
5.223199999999999818e+03,7.146606445312500000e+01,3.182500000000000107e+00,1.550000000000000000e+01,1.544046875000000085e+01
5.223300000000000182e+03,7.196044921875000000e+01,3.200000000000000178e+00,1.553999999999999915e+01,1.548640624999999993e+01
5.223399999999999636e+03,7.373657226562500000e+01,3.217499999999999805e+00,1.577999999999999936e+01,1.545414062500000085e+01
5.223500000000000000e+03,7.446899414062500000e+01,3.214999999999999858e+00,1.556000000000000050e+01,1.540328125000000092e+01
5.223600000000000364e+03,7.465209960937500000e+01,3.197499999999999787e+00,1.541000000000000014e+01,1.547546875000000099e+01
5.223699999999999818e+03,7.419433593750000000e+01,3.197499999999999787e+00,1.540000000000000036e+01,1.550554687500000028e+01
5.223800000000000182e+03,7.507324218750000000e+01,3.250000000000000000e+00,1.547000000000000064e+01,1.546453125000000028e+01
5.223899999999999636e+03,7.668457031250000000e+01,3.180000000000000160e+00,1.554749999999999943e+01,1.544648437500000071e+01
5.224000000000000000e+03,7.684936523437500000e+01,3.254999999999999893e+00,1.531000000000000050e+01,1.551210937500000142e+01
5.224100000000000364e+03,7.705078125000000000e+01,3.202500000000000124e+00,1.548000000000000043e+01,1.548148437500000085e+01
5.224199999999999818e+03,7.659301757812500000e+01,3.237499999999999822e+00,1.546749999999999936e+01,1.545523437500000163e+01
5.224300000000000182e+03,7.913818359375000000e+01,3.282500000000000195e+00,1.552999999999999936e+01,1.554328125000000149e+01
5.224399999999999636e+03,7.908325195312500000e+01,3.245000000000000107e+00,1.554999999999999893e+01,1.547109375000000142e+01
5.224500000000000000e+03,7.924804687500000000e+01,3.245000000000000107e+00,1.541999999999999993e+01,1.555039062500000036e+01
5.224600000000000364e+03,7.935791015625000000e+01,3.272499999999999964e+00,1.558999999999999986e+01,1.551757812500000000e+01
5.224699999999999818e+03,8.009033203125000000e+01,3.325000000000000178e+00,1.552999999999999936e+01,1.547437500000000021e+01
5.224800000000000182e+03,8.157348632812500000e+01,3.272499999999999964e+00,1.557000000000000028e+01,1.545632812500000064e+01
5.224899999999999636e+03,8.131713867187500000e+01,3.290000000000000036e+00,1.549000000000000021e+01,1.545359375000000135e+01
5.225000000000000000e+03,8.142700195312500000e+01,3.330000000000000071e+00,1.559999999999999964e+01,1.551374999999999993e+01
5.225100000000000364e+03,8.155517578125000000e+01,3.319999999999999840e+00,1.539000000000000057e+01,1.549679687500000114e+01
5.225199999999999818e+03,8.305664062500000000e+01,3.294999999999999929e+00,1.556000000000000050e+01,1.549570312500000036e+01
5.225300000000000182e+03,8.369750976562500000e+01,3.325000000000000178e+00,1.532000000000000028e+01,1.547054687500000014e+01
5.225399999999999636e+03,8.338623046875000000e+01,3.305000000000000160e+00,1.535999999999999943e+01,1.544593750000000121e+01
5.225500000000000000e+03,8.355102539062500000e+01,3.359999999999999876e+00,1.560999999999999943e+01,1.547492187500000149e+01
5.225600000000000364e+03,8.510742187500000000e+01,3.297499999999999876e+00,1.558000000000000007e+01,1.548914062500000099e+01
5.225699999999999818e+03,8.507080078125000000e+01,3.327500000000000124e+00,1.574000000000000021e+01,1.548039062500000007e+01
5.225800000000000182e+03,8.562011718750000000e+01,3.367500000000000160e+00,1.544999999999999929e+01,1.549351562500000057e+01
5.225899999999999636e+03,8.525390625000000000e+01,3.342500000000000249e+00,1.543999999999999950e+01,1.543664062500000078e+01
5.226000000000000000e+03,8.583984375000000000e+01,3.345000000000000195e+00,1.560749999999999993e+01,1.540656250000000149e+01
5.226100000000000364e+03,8.739624023437500000e+01,3.327500000000000124e+00,1.550999999999999979e+01,1.546234375000000050e+01
5.226199999999999818e+03,8.703002929687500000e+01,3.345000000000000195e+00,1.537999999999999901e+01,1.547164062500000092e+01
5.226300000000000182e+03,8.752441406250000000e+01,3.405000000000000249e+00,1.542999999999999972e+01,1.541968750000000021e+01
5.226399999999999636e+03,8.715820312500000000e+01,3.357499999999999929e+00,1.545999999999999908e+01,1.550281250000000099e+01
5.226500000000000000e+03,8.900756835937500000e+01,3.377499999999999947e+00,1.565000000000000036e+01,1.547328125000000121e+01
5.226600000000000364e+03,8.937377929687500000e+01,3.412500000000000089e+00,1.519999999999999929e+01,1.548804687500000021e+01
5.226699999999999818e+03,8.889770507812500000e+01,3.424999999999999822e+00,1.554999999999999893e+01,1.543609375000000128e+01
5.226800000000000182e+03,8.946533203125000000e+01,3.439999999999999947e+00,1.533999999999999986e+01,1.544539062499999993e+01
5.226899999999999636e+03,9.001464843750000000e+01,3.427500000000000213e+00,1.547000000000000064e+01,1.551484375000000071e+01
5.227000000000000000e+03,9.100341796875000000e+01,3.407500000000000195e+00,1.582750000000000057e+01,1.541531250000000064e+01
5.227100000000000364e+03,9.114990234375000000e+01,3.455000000000000071e+00,1.535999999999999943e+01,1.546890625000000163e+01
5.227199999999999818e+03,9.071044921875000000e+01,3.419999999999999929e+00,1.564000000000000057e+01,1.548750000000000071e+01
5.227300000000000182e+03,9.124145507812500000e+01,3.464999999999999858e+00,1.547000000000000064e+01,1.545851562500000043e+01
5.227399999999999636e+03,9.243164062500000000e+01,3.444999999999999840e+00,1.533000000000000007e+01,1.550828125000000135e+01
5.227500000000000000e+03,9.277954101562500000e+01,3.470000000000000195e+00,1.560999999999999943e+01,1.548914062500000099e+01
5.227600000000000364e+03,9.292602539062500000e+01,3.437500000000000000e+00,1.561749999999999972e+01,1.544976562500000128e+01
5.227699999999999818e+03,9.243164062500000000e+01,3.470000000000000195e+00,1.549000000000000021e+01,1.545687500000000014e+01
5.227800000000000182e+03,9.426269531250000000e+01,3.457500000000000018e+00,1.530499999999999972e+01,1.544867187500000050e+01
5.227899999999999636e+03,9.422607421875000000e+01,3.500000000000000000e+00,1.548000000000000043e+01,1.545906249999999993e+01
5.228000000000000000e+03,9.448242187500000000e+01,3.492500000000000160e+00,1.533999999999999986e+01,1.541421875000000163e+01
5.228100000000000364e+03,9.459228515625000000e+01,3.512500000000000178e+00,1.548000000000000043e+01,1.544593750000000121e+01
5.228199999999999818e+03,9.442749023437500000e+01,3.509999999999999787e+00,1.564000000000000057e+01,1.547437500000000021e+01
5.228300000000000182e+03,9.627685546875000000e+01,3.515000000000000124e+00,1.543999999999999950e+01,1.543664062500000078e+01
5.228399999999999636e+03,9.594726562500000000e+01,3.509999999999999787e+00,1.552999999999999936e+01,1.546617187500000057e+01
5.228500000000000000e+03,9.618530273437500000e+01,3.515000000000000124e+00,1.544999999999999929e+01,1.545632812500000064e+01
5.228600000000000364e+03,9.629516601562500000e+01,3.532499999999999751e+00,1.553999999999999915e+01,1.543882812500000057e+01
5.228699999999999818e+03,9.730224609375000000e+01,3.512500000000000178e+00,1.559999999999999964e+01,1.541531250000000064e+01
5.228800000000000182e+03,9.808959960937500000e+01,3.527499999999999858e+00,1.537999999999999901e+01,1.543609375000000128e+01
5.228899999999999636e+03,9.765014648437500000e+01,3.560000000000000053e+00,1.557000000000000028e+01,1.545414062500000085e+01
5.229000000000000000e+03,9.788818359375000000e+01,3.560000000000000053e+00,1.569999999999999929e+01,1.547875000000000156e+01
5.229100000000000364e+03,9.893188476562500000e+01,3.580000000000000071e+00,1.550999999999999979e+01,1.545632812500000064e+01
5.229199999999999818e+03,9.918823242187500000e+01,3.620000000000000107e+00,1.527999999999999936e+01,1.549296875000000107e+01
5.229300000000000182e+03,9.981079101562500000e+01,3.582500000000000018e+00,1.552999999999999936e+01,1.544429687500000092e+01
5.229399999999999636e+03,9.933471679687500000e+01,3.570000000000000284e+00,1.544749999999999979e+01,1.548367187500000064e+01
5.229500000000000000e+03,9.960937500000000000e+01,3.602500000000000036e+00,1.556000000000000050e+01,1.542078125000000099e+01
5.229600000000000364e+03,1.012023925781250000e+02,3.592500000000000249e+00,1.539000000000000057e+01,1.544812500000000099e+01
5.229699999999999818e+03,1.008361816406250000e+02,3.597500000000000142e+00,1.541750000000000043e+01,1.548476562500000142e+01
5.229800000000000182e+03,1.014038085937500000e+02,3.592500000000000249e+00,1.542999999999999972e+01,1.549406250000000007e+01
5.229899999999999636e+03,1.009460449218750000e+02,3.629999999999999893e+00,1.547000000000000064e+01,1.548804687500000021e+01
5.230000000000000000e+03,1.024108886718750000e+02,3.604999999999999982e+00,1.529999999999999893e+01,1.543554687500000000e+01
5.230100000000000364e+03,1.028503417968750000e+02,3.652499999999999858e+00,1.547000000000000064e+01,1.545742187500000142e+01
5.230199999999999818e+03,1.023925781250000000e+02,3.680000000000000160e+00,1.561999999999999922e+01,1.546890625000000163e+01
5.230300000000000182e+03,1.030151367187500000e+02,3.657499999999999751e+00,1.544999999999999929e+01,1.544210937500000114e+01
5.230399999999999636e+03,1.028869628906250000e+02,3.682500000000000107e+00,1.564000000000000057e+01,1.553289062500000028e+01
5.230500000000000000e+03,1.044616699218750000e+02,3.687500000000000000e+00,1.541999999999999993e+01,1.552687500000000043e+01
5.230600000000000364e+03,1.046081542968750000e+02,3.674999999999999822e+00,1.541999999999999993e+01,1.545414062500000085e+01
5.230699999999999818e+03,1.041320800781250000e+02,3.649999999999999911e+00,1.567999999999999972e+01,1.551484375000000071e+01
5.230800000000000182e+03,1.047180175781250000e+02,3.705000000000000071e+00,1.548000000000000043e+01,1.548039062500000007e+01
5.230899999999999636e+03,1.056152343750000000e+02,3.719999999999999751e+00,1.535999999999999943e+01,1.543664062500000078e+01
5.231000000000000000e+03,1.061096191406250000e+02,3.767500000000000071e+00,1.550000000000000000e+01,1.543773437500000156e+01
5.231100000000000364e+03,1.061828613281250000e+02,3.729999999999999982e+00,1.551750000000000007e+01,1.539289062500000149e+01
5.231199999999999818e+03,1.057250976562500000e+02,3.737499999999999822e+00,1.528999999999999915e+01,1.544429687500000092e+01
5.231300000000000182e+03,1.073181152343750000e+02,3.737499999999999822e+00,1.553999999999999915e+01,1.548968750000000050e+01
5.231399999999999636e+03,1.073547363281250000e+02,3.754999999999999893e+00,1.533999999999999986e+01,1.548421875000000014e+01
5.231500000000000000e+03,1.077392578125000000e+02,3.785000000000000142e+00,1.554999999999999893e+01,1.545031250000000078e+01
5.231600000000000364e+03,1.078308105468750000e+02,3.752499999999999947e+00,1.551999999999999957e+01,1.552687500000000043e+01
5.231699999999999818e+03,1.073364257812500000e+02,3.810000000000000053e+00,1.549000000000000021e+01,1.543664062500000078e+01
5.231800000000000182e+03,1.095153808593750000e+02,3.774999999999999911e+00,1.565000000000000036e+01,1.544867187500000050e+01
5.231899999999999636e+03,1.090576171875000000e+02,3.825000000000000178e+00,1.551999999999999957e+01,1.552195312500000135e+01
5.232000000000000000e+03,1.094421386718750000e+02,3.872500000000000053e+00,1.553999999999999915e+01,1.547820312500000028e+01
5.232100000000000364e+03,1.094787597656250000e+02,3.797499999999999876e+00,1.524000000000000021e+01,1.544976562500000128e+01
5.232199999999999818e+03,1.104309082031250000e+02,3.822499999999999787e+00,1.557000000000000028e+01,1.547929687500000107e+01
5.232300000000000182e+03,1.112915039062500000e+02,3.865000000000000213e+00,1.560999999999999943e+01,1.551429687500000121e+01
5.232399999999999636e+03,1.107971191406250000e+02,3.887500000000000178e+00,1.558000000000000007e+01,1.546726562500000135e+01
5.232500000000000000e+03,1.111450195312500000e+02,3.857499999999999929e+00,1.565000000000000036e+01,1.547328125000000121e+01
5.232600000000000364e+03,1.118408203125000000e+02,3.897499999999999964e+00,1.551750000000000007e+01,1.546070312500000021e+01
5.232699999999999818e+03,1.123168945312500000e+02,3.890000000000000124e+00,1.547000000000000064e+01,1.547656250000000000e+01
5.232800000000000182e+03,1.129211425781250000e+02,3.915000000000000036e+00,1.525000000000000000e+01,1.547984375000000057e+01
5.232899999999999636e+03,1.124084472656250000e+02,3.937500000000000000e+00,1.560999999999999943e+01,1.547875000000000156e+01
5.233000000000000000e+03,1.127563476562500000e+02,3.924999999999999822e+00,1.545999999999999908e+01,1.547000000000000064e+01
5.233100000000000364e+03,1.143676757812500000e+02,3.952500000000000124e+00,1.541000000000000014e+01,1.552742187499999993e+01
5.233199999999999818e+03,1.140563964843750000e+02,3.987499999999999822e+00,1.545999999999999908e+01,1.552578125000000142e+01
5.233300000000000182e+03,1.146240234375000000e+02,4.012500000000000178e+00,1.551999999999999957e+01,1.547820312500000028e+01
5.233399999999999636e+03,1.140930175781250000e+02,4.022499999999999964e+00,1.550000000000000000e+01,1.549023437500000000e+01
5.233500000000000000e+03,1.156127929687500000e+02,4.027499999999999858e+00,1.540000000000000036e+01,1.549953125000000043e+01
5.233600000000000364e+03,1.161621093750000000e+02,4.037499999999999645e+00,1.525000000000000000e+01,1.548039062500000007e+01
5.233699999999999818e+03,1.157226562500000000e+02,4.012500000000000178e+00,1.564000000000000057e+01,1.545140625000000156e+01
5.233800000000000182e+03,1.163085937500000000e+02,4.060000000000000497e+00,1.541000000000000014e+01,1.547546875000000099e+01
5.233899999999999636e+03,1.158508300781250000e+02,4.084999999999999964e+00,1.539749999999999908e+01,1.547273437499999993e+01
5.234000000000000000e+03,1.178649902343750000e+02,4.012500000000000178e+00,1.550999999999999979e+01,1.551374999999999993e+01
5.234100000000000364e+03,1.180114746093750000e+02,4.112499999999999822e+00,1.545999999999999908e+01,1.549406250000000007e+01
5.234199999999999818e+03,1.175354003906250000e+02,4.122500000000000497e+00,1.557000000000000028e+01,1.550992187500000163e+01
5.234300000000000182e+03,1.181213378906250000e+02,4.125000000000000000e+00,1.569999999999999929e+01,1.544539062499999993e+01
5.234399999999999636e+03,1.190917968750000000e+02,4.182500000000000107e+00,1.527999999999999936e+01,1.547820312500000028e+01
5.234500000000000000e+03,1.197143554687500000e+02,4.140000000000000568e+00,1.527999999999999936e+01,1.548640624999999993e+01
5.234600000000000364e+03,1.197875976562500000e+02,4.224999999999999645e+00,1.524000000000000021e+01,1.545796875000000092e+01
5.234699999999999818e+03,1.193298339843750000e+02,4.165000000000000036e+00,1.545999999999999908e+01,1.549406250000000007e+01
5.234800000000000182e+03,1.203552246093750000e+02,4.227500000000000036e+00,1.545999999999999908e+01,1.543281250000000071e+01
5.234899999999999636e+03,1.201721191406250000e+02,4.192499999999999893e+00,1.554999999999999893e+01,1.544101562500000036e+01
5.235000000000000000e+03,1.205932617187500000e+02,4.269999999999999574e+00,1.536999999999999922e+01,1.546890625000000163e+01
5.235100000000000364e+03,1.205932617187500000e+02,4.235000000000000320e+00,1.541000000000000014e+01,1.549898437500000092e+01
5.235199999999999818e+03,1.201721191406250000e+02,5.562500000000003553e-02,1.558999999999999986e+01,-2.460937500000071054e-02
5.235300000000000182e+03,1.207763671875000000e+02,-3.875000000000028422e-02,1.550000000000000000e+01,-1.203125000000060396e-02
5.235399999999999636e+03,1.201538085937500000e+02,4.812499999999975131e-02,1.565000000000000036e+01,-5.960937500000085265e-02
5.235500000000000000e+03,1.205932617187500000e+02,3.312500000000007105e-02,1.545999999999999908e+01,-1.804687500000046185e-02
5.235600000000000364e+03,1.205566406250000000e+02,4.062499999999991118e-02,1.565000000000000036e+01,-2.132812500000103029e-02
5.235699999999999818e+03,1.201904296875000000e+02,4.312499999999985789e-02,1.557000000000000028e+01,-2.625000000000099476e-02
5.235800000000000182e+03,1.207580566406250000e+02,-1.875000000000071054e-03,1.557000000000000028e+01,2.570312499999971578e-02
5.235899999999999636e+03,1.201538085937500000e+02,2.312499999999984013e-02,1.551999999999999957e+01,-5.304687500000060396e-02
5.236000000000000000e+03,1.205749511718750000e+02,6.625000000000014211e-02,1.545999999999999908e+01,-7.054687500000067502e-02
5.236100000000000364e+03,1.203918457031250000e+02,7.062500000000015987e-02,1.537749999999999950e+01,1.148437499999932498e-02
5.236199999999999818e+03,1.191650390625000000e+02,4.312499999999985789e-02,1.528749999999999964e+01,-6.617187500000110134e-02
5.236300000000000182e+03,1.197509765625000000e+02,2.312499999999984013e-02,1.534999999999999964e+01,-5.468750000000355271e-03
5.236399999999999636e+03,1.191467285156250000e+02,3.812499999999996447e-02,1.559999999999999964e+01,-6.617187500000110134e-02
5.236500000000000000e+03,1.195495605468750000e+02,1.562500000000000000e-02,1.537999999999999901e+01,-2.843750000000078160e-02
5.236600000000000364e+03,1.174072265625000000e+02,2.312499999999984013e-02,1.541999999999999993e+01,-1.093750000000071054e-02
5.236699999999999818e+03,1.166748046875000000e+02,1.312500000000005329e-02,1.549000000000000021e+01,-1.257812500000099476e-02
5.236800000000000182e+03,1.172607421875000000e+02,5.062500000000014211e-02,1.550000000000000000e+01,-7.656250000001030287e-03
5.236899999999999636e+03,1.166564941406250000e+02,5.312500000000008882e-02,1.544999999999999929e+01,-6.289062500000053291e-02
5.237000000000000000e+03,1.148986816406250000e+02,3.562500000000001776e-02,1.513749999999999929e+01,-2.078125000000063949e-02
5.237100000000000364e+03,1.133422851562500000e+02,3.812499999999996447e-02,1.551999999999999957e+01,-1.640625000000106581e-02
5.237199999999999818e+03,1.128662109375000000e+02,7.312500000000010658e-02,1.551750000000000007e+01,-2.898437500000028422e-02
5.237300000000000182e+03,1.134155273437500000e+02,5.312500000000008882e-02,1.550999999999999979e+01,1.476562499999900524e-02
5.237399999999999636e+03,1.128845214843750000e+02,5.062500000000014211e-02,1.554999999999999893e+01,-1.914062500000035527e-02
5.237500000000000000e+03,1.094970703125000000e+02,5.562500000000003553e-02,1.556000000000000050e+01,-5.578125000000078160e-02
5.237600000000000364e+03,1.093139648437500000e+02,4.812499999999975131e-02,1.548000000000000043e+01,-5.414062500000049738e-02
5.237699999999999818e+03,1.088562011718750000e+02,3.562500000000001776e-02,1.557000000000000028e+01,-1.257812500000099476e-02
5.237800000000000182e+03,1.094604492187500000e+02,3.312500000000007105e-02,1.556000000000000050e+01,-7.382812500000035527e-02
5.237899999999999636e+03,1.062561035156250000e+02,4.062499999999991118e-02,1.545749999999999957e+01,6.562499999999360512e-03
5.238000000000000000e+03,1.058898925781250000e+02,2.062499999999989342e-02,1.564000000000000057e+01,-5.359375000000099476e-02
5.238100000000000364e+03,1.059265136718750000e+02,7.062500000000015987e-02,1.545999999999999908e+01,-1.257812500000099476e-02
5.238199999999999818e+03,1.054138183593750000e+02,3.062500000000012434e-02,1.542999999999999972e+01,1.093749999999005240e-03
5.238300000000000182e+03,1.053039550781250000e+02,6.062499999999992895e-02,1.559999999999999964e+01,-8.640625000000046185e-02
5.238399999999999636e+03,1.027770996093750000e+02,7.062500000000015987e-02,1.529749999999999943e+01,-1.859375000000085265e-02
5.238500000000000000e+03,1.030334472656250000e+02,5.062500000000014211e-02,1.562749999999999950e+01,-5.578125000000078160e-02
5.238600000000000364e+03,1.031066894531250000e+02,5.062500000000014211e-02,1.560999999999999943e+01,-5.359375000000099476e-02
5.238699999999999818e+03,1.026489257812500000e+02,5.812499999999998224e-02,1.549000000000000021e+01,-3.007812500000106581e-02
5.238800000000000182e+03,1.009643554687500000e+02,1.312500000000005329e-02,1.557000000000000028e+01,-1.257812500000099476e-02
5.238899999999999636e+03,1.002685546875000000e+02,6.062499999999992895e-02,1.543750000000000000e+01,5.796874999999968026e-02
5.239000000000000000e+03,1.004699707031250000e+02,5.812499999999998224e-02,1.557000000000000028e+01,2.843749999999900524e-02
5.239100000000000364e+03,1.005798339843750000e+02,4.812499999999975131e-02,1.547000000000000064e+01,3.226562499999907629e-02
5.239199999999999818e+03,9.878540039062500000e+01,4.062499999999991118e-02,1.541000000000000014e+01,8.203124999999644729e-03
5.239300000000000182e+03,9.852905273437500000e+01,5.562500000000003553e-02,1.551500000000000057e+01,-8.804687500000074607e-02
5.239399999999999636e+03,9.796142578125000000e+01,4.562499999999980460e-02,1.543999999999999950e+01,-2.734375000000088818e-02
5.239500000000000000e+03,9.834594726562500000e+01,4.062499999999991118e-02,1.556000000000000050e+01,-4.484375000000095923e-02
5.239600000000000364e+03,9.841918945312500000e+01,6.312499999999987566e-02,1.567999999999999972e+01,-1.367187500000088818e-02
5.239699999999999818e+03,9.605712890625000000e+01,2.562499999999978684e-02,1.578999999999999915e+01,8.203124999999644729e-03
5.239800000000000182e+03,9.645996093750000000e+01,6.249999999998756550e-04,1.550000000000000000e+01,-6.070312500000074607e-02
5.239899999999999636e+03,9.605712890625000000e+01,2.812499999999973355e-02,1.540750000000000064e+01,-1.585937500000067502e-02
5.240000000000000000e+03,9.629516601562500000e+01,6.062499999999992895e-02,1.550999999999999979e+01,-4.921875000000852651e-03
5.240100000000000364e+03,9.495849609375000000e+01,7.312500000000010658e-02,1.559999999999999964e+01,-6.015625000000746070e-03
5.240199999999999818e+03,9.418945312500000000e+01,2.062499999999989342e-02,1.541999999999999993e+01,-7.054687500000067502e-02
5.240300000000000182e+03,9.470214843750000000e+01,3.312500000000007105e-02,1.569749999999999979e+01,-8.421875000000067502e-02
5.240399999999999636e+03,9.426269531250000000e+01,1.812499999999994671e-02,1.540000000000000036e+01,-6.945312500000078160e-02
5.240500000000000000e+03,9.404296875000000000e+01,1.562500000000000000e-02,1.551999999999999957e+01,-6.234375000000103029e-02
5.240600000000000364e+03,9.290771484375000000e+01,3.562500000000001776e-02,1.529999999999999893e+01,-1.367187500000088818e-02
5.240699999999999818e+03,9.246826171875000000e+01,2.062499999999989342e-02,1.559999999999999964e+01,-6.398437500000042633e-02
5.240800000000000182e+03,9.301757812500000000e+01,5.062500000000014211e-02,1.544999999999999929e+01,-1.585937500000067502e-02
5.240899999999999636e+03,9.255981445312500000e+01,2.562499999999978684e-02,1.536999999999999922e+01,-1.968750000000074607e-02
5.241000000000000000e+03,9.125976562500000000e+01,3.562500000000001776e-02,1.548000000000000043e+01,-7.054687500000067502e-02
5.241100000000000364e+03,9.116821289062500000e+01,5.562500000000003553e-02,1.549000000000000021e+01,-2.078125000000063949e-02
5.241199999999999818e+03,9.072875976562500000e+01,4.562499999999980460e-02,1.543999999999999950e+01,-2.132812500000103029e-02
5.241300000000000182e+03,9.127807617187500000e+01,5.624999999999769074e-03,1.544999999999999929e+01,-1.367187500000088818e-02
5.241399999999999636e+03,8.994140625000000000e+01,3.562500000000001776e-02,1.542999999999999972e+01,-3.828125000000071054e-02
5.241500000000000000e+03,8.957519531250000000e+01,2.562499999999978684e-02,1.552999999999999936e+01,-3.171875000000046185e-02
5.241600000000000364e+03,8.966674804687500000e+01,2.812499999999973355e-02,1.575249999999999950e+01,-4.921875000000852651e-03
5.241699999999999818e+03,8.922729492187500000e+01,6.062499999999992895e-02,1.541000000000000014e+01,-3.554687500000053291e-02
5.241800000000000182e+03,8.975830078125000000e+01,4.312499999999985789e-02,1.529999999999999893e+01,-2.734375000000088818e-02
5.241899999999999636e+03,8.794555664062500000e+01,6.312499999999987566e-02,1.535999999999999943e+01,-4.210937500000078160e-02
5.242000000000000000e+03,8.803710937500000000e+01,4.812499999999975131e-02,1.550000000000000000e+01,2.843749999999900524e-02
5.242100000000000364e+03,8.818359375000000000e+01,4.562499999999980460e-02,1.548000000000000043e+01,-3.117187500000095923e-02
5.242199999999999818e+03,8.770751953125000000e+01,3.312500000000007105e-02,1.551999999999999957e+01,-4.046875000000049738e-02
5.242300000000000182e+03,8.721313476562500000e+01,2.062499999999989342e-02,1.528999999999999915e+01,-1.137500000000004619e-01
5.242399999999999636e+03,8.649902343750000000e+01,4.562499999999980460e-02,1.556749999999999901e+01,-4.976562500000092371e-02
5.242500000000000000e+03,8.666381835937500000e+01,2.812499999999973355e-02,1.537999999999999901e+01,-4.976562500000092371e-02
5.242600000000000364e+03,8.681030273437500000e+01,6.812499999999976907e-02,1.541999999999999993e+01,-2.679687500000049738e-02
5.242699999999999818e+03,8.604125976562500000e+01,5.312500000000008882e-02,1.559999999999999964e+01,-6.015625000000746070e-03
5.242800000000000182e+03,8.551025390625000000e+01,4.812499999999975131e-02,1.560999999999999943e+01,-3.335937500000074607e-02
5.242899999999999636e+03,8.508911132812500000e+01,1.812499999999994671e-02,1.565000000000000036e+01,-8.804687500000074607e-02
5.243000000000000000e+03,8.525390625000000000e+01,1.812499999999994671e-02,1.549000000000000021e+01,-6.015625000000746070e-03
5.243100000000000364e+03,8.540039062500000000e+01,1.812499999999994671e-02,1.552999999999999936e+01,-4.320312500000067502e-02
5.243199999999999818e+03,8.378906250000000000e+01,6.062499999999992895e-02,1.544999999999999929e+01,-5.359375000000099476e-02
5.243300000000000182e+03,8.410034179687500000e+01,3.812499999999996447e-02,1.557000000000000028e+01,-5.632812500000028422e-02
5.243399999999999636e+03,8.377075195312500000e+01,3.562500000000001776e-02,1.557000000000000028e+01,-4.976562500000092371e-02
5.243500000000000000e+03,8.395385742187500000e+01,3.312500000000007105e-02,1.536999999999999922e+01,4.921874999999076294e-03
5.243600000000000364e+03,8.334960937500000000e+01,4.562499999999980460e-02,1.570999999999999908e+01,-6.015625000000035527e-02
5.243699999999999818e+03,8.232421875000000000e+01,7.312500000000010658e-02,1.564749999999999908e+01,-7.546875000000063949e-02
5.243800000000000182e+03,8.285522460937500000e+01,4.312499999999985789e-02,1.573249999999999993e+01,-3.500000000000103029e-02
5.243899999999999636e+03,8.250732421875000000e+01,5.562500000000003553e-02,1.557000000000000028e+01,-3.773437500000031974e-02
5.244000000000000000e+03,8.267211914062500000e+01,5.312500000000008882e-02,1.560999999999999943e+01,-4.046875000000049738e-02
5.244100000000000364e+03,8.157348632812500000e+01,4.312499999999985789e-02,1.533999999999999986e+01,-1.914062500000035527e-02
5.244199999999999818e+03,8.102416992187500000e+01,7.125000000000003553e-02,1.545999999999999908e+01,-2.296875000000042633e-02
5.244300000000000182e+03,8.153686523437500000e+01,5.562500000000003553e-02,1.557000000000000028e+01,3.171874999999957367e-02
5.244399999999999636e+03,8.120727539062500000e+01,2.812499999999973355e-02,1.531749999999999901e+01,-1.640625000000106581e-02
5.244500000000000000e+03,8.047485351562500000e+01,5.562500000000003553e-02,1.554999999999999893e+01,-3.664062500000042633e-02
5.244600000000000364e+03,8.032836914062500000e+01,4.312499999999985789e-02,1.560999999999999943e+01,2.406249999999943157e-02
5.244699999999999818e+03,7.983398437500000000e+01,2.812499999999973355e-02,1.528999999999999915e+01,-9.679687500000078160e-02
5.244800000000000182e+03,8.034667968750000000e+01,7.812500000000000000e-02,1.548000000000000043e+01,-6.343750000000092371e-02
5.244899999999999636e+03,7.985229492187500000e+01,4.562499999999980460e-02,1.545999999999999908e+01,-6.015625000000035527e-02
5.245000000000000000e+03,7.899169921875000000e+01,5.562500000000003553e-02,1.549000000000000021e+01,-4.375000000000106581e-02
5.245100000000000364e+03,7.910156250000000000e+01,2.812499999999973355e-02,1.544999999999999929e+01,-4.320312500000067502e-02
5.245199999999999818e+03,7.858886718750000000e+01,2.812499999999973355e-02,1.533999999999999986e+01,-4.867187500000103029e-02
5.245300000000000182e+03,7.911987304687500000e+01,5.812499999999998224e-02,1.544999999999999929e+01,-2.734375000000088818e-02
5.245399999999999636e+03,7.780151367187500000e+01,2.562499999999978684e-02,1.556749999999999901e+01,-6.781250000000049738e-02
5.245500000000000000e+03,7.772827148437500000e+01,4.562499999999980460e-02,1.549000000000000021e+01,-3.226562500000085265e-02
5.245600000000000364e+03,7.791137695312500000e+01,3.562500000000001776e-02,1.566999999999999993e+01,-3.226562500000085265e-02
5.245699999999999818e+03,7.741699218750000000e+01,4.312499999999985789e-02,1.556000000000000050e+01,-6.179687500000063949e-02
5.245800000000000182e+03,7.734375000000000000e+01,7.374999999999998224e-02,1.566000000000000014e+01,-5.250000000000110134e-02
5.245899999999999636e+03,7.653808593750000000e+01,6.312499999999987566e-02,1.557000000000000028e+01,-4.320312500000067502e-02
5.246000000000000000e+03,7.661132812500000000e+01,5.812499999999998224e-02,1.558999999999999986e+01,-2.460937500000071054e-02
5.246100000000000364e+03,7.675781250000000000e+01,5.562500000000003553e-02,1.550999999999999979e+01,-5.195312500000071054e-02
5.246199999999999818e+03,7.630004882812500000e+01,6.562499999999982236e-02,1.549750000000000050e+01,-3.554687500000053291e-02
5.246300000000000182e+03,7.567749023437500000e+01,3.124999999999822364e-03,1.562999999999999901e+01,-5.140625000000031974e-02
5.246399999999999636e+03,7.532958984375000000e+01,6.062499999999992895e-02,1.570999999999999908e+01,8.203124999999644729e-03
5.246500000000000000e+03,7.538452148437500000e+01,4.562499999999980460e-02,1.547000000000000064e+01,-9.296875000000426326e-03
5.246600000000000364e+03,7.556762695312500000e+01,6.562499999999982236e-02,1.558999999999999986e+01,-1.055468750000008171e-01
5.246699999999999818e+03,7.432250976562500000e+01,5.562500000000003553e-02,1.559750000000000014e+01,-5.359375000000099476e-02
5.246800000000000182e+03,7.452392578125000000e+01,6.562499999999982236e-02,1.559999999999999964e+01,-8.148437500000049738e-02
5.246899999999999636e+03,7.421264648437500000e+01,4.812499999999975131e-02,1.545999999999999908e+01,-4.101562500000088818e-02
5.247000000000000000e+03,7.432250976562500000e+01,5.062500000000014211e-02,1.529999999999999893e+01,-3.773437500000031974e-02
5.247100000000000364e+03,7.437744140625000000e+01,8.562499999999984013e-02,1.583750000000000036e+01,-5.687500000000067502e-02
5.247199999999999818e+03,7.305908203125000000e+01,4.812499999999975131e-02,1.540000000000000036e+01,-1.585937500000067502e-02
5.247300000000000182e+03,7.348022460937500000e+01,5.312500000000008882e-02,1.550999999999999979e+01,-4.429687500000056843e-02
5.247399999999999636e+03,7.320556640625000000e+01,5.812499999999998224e-02,1.553999999999999915e+01,-3.609375000000092371e-02
5.247500000000000000e+03,7.327880859375000000e+01,3.562500000000001776e-02,1.539000000000000057e+01,-2.898437500000028422e-02
5.247600000000000364e+03,7.256469726562500000e+01,4.312499999999985789e-02,1.568999999999999950e+01,1.367187499999911182e-02
5.247699999999999818e+03,7.192382812500000000e+01,5.562500000000003553e-02,1.558750000000000036e+01,-4.156250000000039080e-02
5.247800000000000182e+03,7.238159179687500000e+01,2.562499999999978684e-02,1.543999999999999950e+01,-9.898437500000056843e-02
5.247899999999999636e+03,7.210693359375000000e+01,5.812499999999998224e-02,1.558000000000000007e+01,-4.867187500000103029e-02
5.248000000000000000e+03,7.177734375000000000e+01,6.312499999999987566e-02,1.558999999999999986e+01,-3.828125000000071054e-02
5.248100000000000364e+03,7.137451171875000000e+01,2.562499999999978684e-02,1.556000000000000050e+01,-7.218750000000095923e-02
5.248199999999999818e+03,7.091674804687500000e+01,2.562499999999978684e-02,1.543999999999999950e+01,1.476562499999900524e-02
5.248300000000000182e+03,7.139282226562500000e+01,2.812499999999973355e-02,1.575999999999999979e+01,-5.085937500000081712e-02
5.248399999999999636e+03,7.111816406250000000e+01,5.062500000000014211e-02,1.547000000000000064e+01,-4.921875000000852651e-03
5.248500000000000000e+03,7.033081054687500000e+01,6.062499999999992895e-02,1.572000000000000064e+01,-4.757812500000024869e-02
5.248600000000000364e+03,7.034912109375000000e+01,5.062500000000014211e-02,1.529999999999999893e+01,-3.828125000000071054e-02
5.248699999999999818e+03,6.992797851562500000e+01,2.312499999999984013e-02,1.562999999999999901e+01,-2.898437500000028422e-02
5.248800000000000182e+03,7.036743164062500000e+01,4.562499999999980460e-02,1.557000000000000028e+01,-6.015625000000035527e-02
5.248899999999999636e+03,6.956176757812500000e+01,3.562500000000001776e-02,1.550000000000000000e+01,1.257812499999921840e-02
5.249000000000000000e+03,6.932373046875000000e+01,4.562499999999980460e-02,1.535749999999999993e+01,-6.289062500000053291e-02
5.249100000000000364e+03,6.948852539062500000e+01,6.562499999999982236e-02,1.580499999999999972e+01,-4.210937500000078160e-02
5.249199999999999818e+03,6.903076171875000000e+01,7.062500000000015987e-02,1.540750000000000064e+01,-4.484375000000095923e-02
5.249300000000000182e+03,6.943359375000000000e+01,6.062499999999992895e-02,1.540000000000000036e+01,-2.625000000000099476e-02
5.249399999999999636e+03,6.828002929687500000e+01,-1.187499999999985789e-02,1.544999999999999929e+01,-3.664062500000042633e-02
5.249500000000000000e+03,6.833496093750000000e+01,3.312500000000007105e-02,1.562749999999999950e+01,2.734374999999289457e-03
5.249600000000000364e+03,6.844482421875000000e+01,5.062500000000014211e-02,1.536999999999999922e+01,-1.968750000000074607e-02
5.249699999999999818e+03,6.798706054687500000e+01,7.562500000000005329e-02,1.536999999999999922e+01,-9.296875000000426326e-03
5.249800000000000182e+03,6.774902343750000000e+01,5.562500000000003553e-02,1.548749999999999893e+01,-1.367187500000088818e-02
5.249899999999999636e+03,6.734619140625000000e+01,2.312499999999984013e-02,1.527749999999999986e+01,-4.812500000000063949e-02
5.250000000000000000e+03,6.738281250000000000e+01,5.812499999999998224e-02,1.560999999999999943e+01,-5.250000000000110134e-02
5.250100000000000364e+03,6.756591796875000000e+01,7.312500000000010658e-02,1.560999999999999943e+01,-9.187500000000081712e-02
5.250199999999999818e+03,6.681518554687500000e+01,6.062499999999992895e-02,1.527999999999999936e+01,-1.914062500000035527e-02
5.250300000000000182e+03,6.672363281250000000e+01,3.562500000000001776e-02,1.556000000000000050e+01,-2.406250000000031974e-02
5.250399999999999636e+03,6.646728515625000000e+01,1.562500000000000000e-02,1.533000000000000007e+01,-5.414062500000049738e-02
5.250500000000000000e+03,6.650390625000000000e+01,2.562499999999978684e-02,1.563749999999999929e+01,-3.007812500000106581e-02
5.250600000000000364e+03,6.665039062500000000e+01,3.812499999999996447e-02,1.551999999999999957e+01,4.374999999999573674e-03
5.250699999999999818e+03,6.553344726562500000e+01,2.812499999999973355e-02,1.565000000000000036e+01,-1.640625000000284217e-03
5.250800000000000182e+03,6.586303710937500000e+01,4.562499999999980460e-02,1.556000000000000050e+01,1.640624999999396039e-03
5.250899999999999636e+03,6.564331054687500000e+01,5.312500000000008882e-02,1.549000000000000021e+01,1.257812499999921840e-02
5.251000000000000000e+03,6.571655273437500000e+01,6.062499999999992895e-02,1.550000000000000000e+01,-8.531250000000056843e-02
5.251100000000000364e+03,6.535034179687500000e+01,4.062499999999991118e-02,1.546749999999999936e+01,1.476562499999900524e-02
5.251199999999999818e+03,6.454467773437500000e+01,5.812499999999998224e-02,1.561749999999999972e+01,-6.015625000000746070e-03
5.251300000000000182e+03,6.498413085937500000e+01,4.312499999999985789e-02,1.556749999999999901e+01,-3.390625000000024869e-02
5.251399999999999636e+03,6.476440429687500000e+01,6.562499999999982236e-02,1.558999999999999986e+01,-9.187500000000081712e-02
5.251500000000000000e+03,6.481933593750000000e+01,5.312500000000008882e-02,1.544999999999999929e+01,-1.312500000000049738e-02
5.251600000000000364e+03,6.421508789062500000e+01,4.562499999999980460e-02,1.550000000000000000e+01,-4.156250000000039080e-02
5.251699999999999818e+03,6.372070312500000000e+01,2.312499999999984013e-02,1.545999999999999908e+01,3.828124999999893419e-02
5.251800000000000182e+03,6.414184570312500000e+01,5.812499999999998224e-02,1.527999999999999936e+01,-6.015625000000035527e-02
5.251899999999999636e+03,6.395874023437500000e+01,4.062499999999991118e-02,1.557000000000000028e+01,8.749999999999147349e-03
5.252000000000000000e+03,6.335449218750000000e+01,3.312500000000007105e-02,1.548000000000000043e+01,-3.500000000000103029e-02
5.252100000000000364e+03,6.333618164062500000e+01,4.562499999999980460e-02,1.558750000000000036e+01,-5.031250000000042633e-02
5.252199999999999818e+03,6.291503906250000000e+01,5.562500000000003553e-02,1.537999999999999901e+01,-8.914062500000063949e-02
5.252300000000000182e+03,6.331787109375000000e+01,3.312500000000007105e-02,1.566000000000000014e+01,-8.367187500000028422e-02
5.252399999999999636e+03,6.302490234375000000e+01,3.062500000000012434e-02,1.561999999999999922e+01,-4.812500000000063949e-02
5.252500000000000000e+03,6.242065429687500000e+01,6.312499999999987566e-02,1.543999999999999950e+01,-5.742187500000106581e-02
5.252600000000000364e+03,6.254882812500000000e+01,4.562499999999980460e-02,1.541750000000000043e+01,-3.992187500000099476e-02
5.252699999999999818e+03,6.214599609375000000e+01,5.062500000000014211e-02,1.549000000000000021e+01,-8.203125000000532907e-03
5.252800000000000182e+03,6.253051757812500000e+01,5.062500000000014211e-02,1.553999999999999915e+01,-3.773437500000031974e-02
5.252899999999999636e+03,6.165161132812500000e+01,4.562499999999980460e-02,1.556749999999999901e+01,-3.390625000000024869e-02
5.253000000000000000e+03,6.156005859375000000e+01,3.312500000000007105e-02,1.551999999999999957e+01,-7.929687500000071054e-02
5.253100000000000364e+03,6.172485351562500000e+01,5.562500000000003553e-02,1.575999999999999979e+01,-3.554687500000053291e-02
5.253199999999999818e+03,6.132202148437500000e+01,3.812499999999996447e-02,1.547000000000000064e+01,-1.476562500000078160e-02
5.253300000000000182e+03,6.137695312500000000e+01,2.812499999999973355e-02,1.544999999999999929e+01,7.656249999999253930e-03
5.253399999999999636e+03,6.077270507812500000e+01,3.062500000000012434e-02,1.551999999999999957e+01,8.203124999999644729e-03
5.253500000000000000e+03,6.079101562500000000e+01,5.562500000000003553e-02,1.574750000000000050e+01,-4.320312500000067502e-02
5.253600000000000364e+03,6.091918945312500000e+01,3.062500000000012434e-02,1.549000000000000021e+01,-4.429687500000056843e-02
5.253699999999999818e+03,6.053466796875000000e+01,3.812499999999996447e-02,1.557000000000000028e+01,-5.742187500000106581e-02
5.253800000000000182e+03,6.027832031250000000e+01,2.562499999999978684e-02,1.547000000000000064e+01,-4.812500000000063949e-02
5.253899999999999636e+03,6.002197265625000000e+01,5.062500000000014211e-02,1.560999999999999943e+01,-8.881784197001252323e-16
5.254000000000000000e+03,6.007690429687500000e+01,5.312500000000008882e-02,1.548749999999999893e+01,-7.656250000001030287e-03
5.254100000000000364e+03,6.022338867187500000e+01,1.562500000000000000e-02,1.539000000000000057e+01,2.843749999999900524e-02
5.254199999999999818e+03,5.936279296875000000e+01,-1.087500000000001243e-01,1.551999999999999957e+01,-3.226562500000085265e-02
5.254300000000000182e+03,5.954589843750000000e+01,5.312500000000008882e-02,1.549000000000000021e+01,-6.507812500000031974e-02
5.254399999999999636e+03,5.936279296875000000e+01,-1.937500000000014211e-02,1.567499999999999893e+01,-1.093750000000071054e-02
5.254500000000000000e+03,5.938110351562500000e+01,4.312499999999985789e-02,1.533000000000000007e+01,-3.992187500000099476e-02
5.254600000000000364e+03,5.947265625000000000e+01,4.312499999999985789e-02,1.550999999999999979e+01,-4.484375000000095923e-02
5.254699999999999818e+03,5.844726562500000000e+01,5.062500000000014211e-02,1.539749999999999908e+01,-1.421875000000039080e-02
5.254800000000000182e+03,5.883178710937500000e+01,3.562500000000001776e-02,1.544999999999999929e+01,-4.648437500000035527e-02
5.254899999999999636e+03,5.864868164062500000e+01,1.812499999999994671e-02,1.529999999999999893e+01,8.203124999999644729e-03
5.255000000000000000e+03,5.864868164062500000e+01,4.812499999999975131e-02,1.550750000000000028e+01,-7.273437500000046185e-02
5.255100000000000364e+03,5.826416015625000000e+01,4.562499999999980460e-02,1.541999999999999993e+01,2.132812499999925393e-02
5.255199999999999818e+03,5.773315429687500000e+01,5.062500000000014211e-02,1.537749999999999950e+01,-9.843750000000817124e-03
5.255300000000000182e+03,5.813598632812500000e+01,5.562500000000003553e-02,1.552500000000000036e+01,-7.000000000000028422e-02
5.255399999999999636e+03,5.795288085937500000e+01,6.812499999999976907e-02,1.560999999999999943e+01,-3.828125000000959233e-03
5.255500000000000000e+03,5.771484375000000000e+01,5.562500000000003553e-02,1.548000000000000043e+01,2.242187499999914735e-02
5.255600000000000364e+03,5.744018554687500000e+01,7.312500000000010658e-02,1.580499999999999972e+01,2.515624999999932498e-02
5.255699999999999818e+03,5.703735351562500000e+01,1.812499999999994671e-02,1.548000000000000043e+01,-1.421875000000039080e-02
5.255800000000000182e+03,5.742187500000000000e+01,2.312499999999984013e-02,1.544999999999999929e+01,3.281249999999680256e-03
5.255899999999999636e+03,5.725708007812500000e+01,5.812499999999998224e-02,1.564000000000000057e+01,-3.718750000000081712e-02
5.256000000000000000e+03,5.663452148437500000e+01,4.312499999999985789e-02,1.567999999999999972e+01,-9.570312500000088818e-02
5.256100000000000364e+03,5.670776367187500000e+01,5.062500000000014211e-02,1.535999999999999943e+01,-5.687500000000067502e-02
5.256199999999999818e+03,5.632324218750000000e+01,4.312499999999985789e-02,1.559249999999999936e+01,1.531249999999939604e-02
5.256300000000000182e+03,5.674438476562500000e+01,2.062499999999989342e-02,1.564000000000000057e+01,-2.132812500000103029e-02
5.256399999999999636e+03,5.617675781250000000e+01,4.812499999999975131e-02,1.536999999999999922e+01,-4.210937500000078160e-02
5.256500000000000000e+03,5.597534179687500000e+01,-2.499999999999946709e-03,1.548000000000000043e+01,-4.757812500000024869e-02
5.256600000000000364e+03,5.608520507812500000e+01,-1.875000000000071054e-03,1.565000000000000036e+01,-3.281250000000035527e-02
5.256699999999999818e+03,5.573730468750000000e+01,4.562499999999980460e-02,1.547000000000000064e+01,-4.921875000000852651e-03
5.256800000000000182e+03,5.610351562500000000e+01,4.062499999999991118e-02,1.557750000000000057e+01,-3.609375000000092371e-02
5.256899999999999636e+03,5.540771484375000000e+01,6.312499999999987566e-02,1.550999999999999979e+01,-6.835937500000088818e-02
5.257000000000000000e+03,5.540771484375000000e+01,4.312499999999985789e-02,1.551999999999999957e+01,-3.554687500000053291e-02
5.257100000000000364e+03,5.551757812500000000e+01,5.562500000000003553e-02,1.562749999999999950e+01,-2.187500000000053291e-02
5.257199999999999818e+03,5.513305664062500000e+01,4.562499999999980460e-02,1.558999999999999986e+01,2.242187499999914735e-02
5.257300000000000182e+03,5.496826171875000000e+01,3.812499999999996447e-02,1.533999999999999986e+01,-3.718750000000081712e-02
5.257399999999999636e+03,5.467529296875000000e+01,4.062499999999991118e-02,1.549000000000000021e+01,-1.914062500000035527e-02
5.257500000000000000e+03,5.467529296875000000e+01,3.062500000000012434e-02,1.560999999999999943e+01,-5.250000000000110134e-02
5.257600000000000364e+03,5.482177734375000000e+01,4.312499999999985789e-02,1.547000000000000064e+01,-1.968750000000074607e-02
5.257699999999999818e+03,5.430908203125000000e+01,4.312499999999985789e-02,1.557750000000000057e+01,-1.914062500000035527e-02
5.257800000000000182e+03,5.425415039062500000e+01,3.062500000000012434e-02,1.539000000000000057e+01,-6.835937500000088818e-02
5.257899999999999636e+03,5.407104492187500000e+01,1.562500000000000000e-02,1.554999999999999893e+01,-3.281250000000035527e-02
5.258000000000000000e+03,5.407104492187500000e+01,6.812499999999976907e-02,1.542999999999999972e+01,-6.070312500000074607e-02
5.258100000000000364e+03,5.419921875000000000e+01,4.812499999999975131e-02,1.552999999999999936e+01,-7.875000000000031974e-02
5.258199999999999818e+03,5.333862304687500000e+01,5.062500000000014211e-02,1.558000000000000007e+01,-6.398437500000042633e-02
5.258300000000000182e+03,5.363159179687500000e+01,7.562500000000005329e-02,1.545999999999999908e+01,-1.257812500000099476e-02
5.258399999999999636e+03,5.343017578125000000e+01,7.312500000000010658e-02,1.545999999999999908e+01,-5.796875000000056843e-02
5.258500000000000000e+03,5.346679687500000000e+01,5.624999999999769074e-03,1.536749999999999972e+01,-8.804687500000074607e-02
5.258600000000000364e+03,5.335693359375000000e+01,4.312499999999985789e-02,1.559999999999999964e+01,-1.640625000000284217e-03
5.258699999999999818e+03,5.275268554687500000e+01,5.562500000000003553e-02,1.559999999999999964e+01,-6.507812500000031974e-02
5.258800000000000182e+03,5.308227539062500000e+01,1.812499999999994671e-02,1.553749999999999964e+01,-7.656250000000053291e-02
5.258899999999999636e+03,5.297241210937500000e+01,5.624999999999769074e-03,1.564749999999999908e+01,1.749999999999918288e-02
5.259000000000000000e+03,5.295410156250000000e+01,3.062500000000012434e-02,1.554999999999999893e+01,-5.468750000000088818e-02
5.259100000000000364e+03,5.256958007812500000e+01,1.312500000000005329e-02,1.540000000000000036e+01,-5.085937500000081712e-02
5.259199999999999818e+03,5.211181640625000000e+01,4.312499999999985789e-02,1.552999999999999936e+01,3.007812499999928946e-02
5.259300000000000182e+03,5.251464843750000000e+01,4.062499999999991118e-02,1.550750000000000028e+01,-3.609375000000092371e-02
5.259399999999999636e+03,5.236816406250000000e+01,2.062499999999989342e-02,1.550000000000000000e+01,-6.617187500000110134e-02
5.259500000000000000e+03,5.223999023437500000e+01,2.062499999999989342e-02,1.567999999999999972e+01,-4.320312500000067502e-02
5.259600000000000364e+03,5.233154296875000000e+01,3.562500000000001776e-02,1.550999999999999979e+01,-2.406250000000031974e-02
5.259699999999999818e+03,5.194702148437500000e+01,5.062500000000014211e-02,1.552999999999999936e+01,-3.664062500000042633e-02
5.259800000000000182e+03,5.231323242187500000e+01,2.562499999999978684e-02,1.560999999999999943e+01,-2.187500000000053291e-02
5.259899999999999636e+03,5.214843750000000000e+01,4.062499999999991118e-02,1.556000000000000050e+01,-3.281250000000568434e-03
5.260000000000000000e+03,5.218505859375000000e+01,1.562500000000000000e-02,1.558000000000000007e+01,-7.929687500000071054e-02
5.260100000000000364e+03,5.233154296875000000e+01,4.562499999999980460e-02,1.551999999999999957e+01,-3.007812500000106581e-02
5.260199999999999818e+03,5.196533203125000000e+01,2.944999999999999840e+00,1.545999999999999908e+01,1.549132812500000078e+01
5.260300000000000182e+03,5.231323242187500000e+01,2.932500000000000107e+00,1.556000000000000050e+01,1.547601562500000050e+01
5.260399999999999636e+03,5.214843750000000000e+01,2.957500000000000018e+00,1.544749999999999979e+01,1.547218750000000043e+01
5.260500000000000000e+03,5.218505859375000000e+01,2.972500000000000142e+00,1.529999999999999893e+01,1.553726562500000163e+01
5.260600000000000364e+03,5.231323242187500000e+01,2.952500000000000124e+00,1.550000000000000000e+01,1.548859375000000149e+01
5.260699999999999818e+03,5.196533203125000000e+01,2.995000000000000107e+00,1.554999999999999893e+01,1.550226562500000149e+01
5.260800000000000182e+03,5.280761718750000000e+01,3.002499999999999947e+00,1.558000000000000007e+01,1.549242187500000156e+01
5.260899999999999636e+03,5.352172851562500000e+01,3.002499999999999947e+00,1.565750000000000064e+01,1.547492187500000149e+01
5.261000000000000000e+03,5.357666015625000000e+01,3.000000000000000000e+00,1.557000000000000028e+01,1.547054687500000014e+01
5.261100000000000364e+03,5.370483398437500000e+01,3.035000000000000142e+00,1.545999999999999908e+01,1.545031250000000078e+01
5.261199999999999818e+03,5.335693359375000000e+01,3.017500000000000071e+00,1.552500000000000036e+01,1.544046875000000085e+01
5.261300000000000182e+03,5.626831054687500000e+01,3.092499999999999805e+00,1.551999999999999957e+01,1.549789062500000014e+01
5.261399999999999636e+03,5.634155273437500000e+01,3.027499999999999858e+00,1.556000000000000050e+01,1.550062500000000121e+01
5.261500000000000000e+03,5.639648437500000000e+01,3.024999999999999911e+00,1.557750000000000057e+01,1.542078125000000099e+01
5.261600000000000364e+03,5.650634765625000000e+01,3.040000000000000036e+00,1.558999999999999986e+01,1.545250000000000057e+01
5.261699999999999818e+03,5.859375000000000000e+01,3.072499999999999787e+00,1.548000000000000043e+01,1.544648437500000071e+01
5.261800000000000182e+03,6.026000976562500000e+01,3.064999999999999947e+00,1.550999999999999979e+01,1.544156250000000163e+01
5.261899999999999636e+03,6.013183593750000000e+01,3.089999999999999858e+00,1.550999999999999979e+01,1.550609375000000156e+01
5.262000000000000000e+03,6.016845703125000000e+01,3.092499999999999805e+00,1.541000000000000014e+01,1.549789062500000014e+01
5.262100000000000364e+03,6.035156250000000000e+01,3.115000000000000213e+00,1.552999999999999936e+01,1.546015625000000071e+01
5.262199999999999818e+03,6.417846679687500000e+01,3.104999999999999982e+00,1.562999999999999901e+01,1.550718750000000057e+01
5.262300000000000182e+03,6.483764648437500000e+01,3.125000000000000000e+00,1.553999999999999915e+01,1.547765625000000078e+01
5.262399999999999636e+03,6.463623046875000000e+01,3.104999999999999982e+00,1.556000000000000050e+01,1.546671875000000007e+01
5.262500000000000000e+03,6.469116210937500000e+01,3.137500000000000178e+00,1.556000000000000050e+01,1.543554687500000000e+01
5.262600000000000364e+03,6.767578125000000000e+01,3.162500000000000089e+00,1.564250000000000007e+01,1.540546875000000071e+01
5.262699999999999818e+03,6.798706054687500000e+01,3.129999999999999893e+00,1.552999999999999936e+01,1.544648437500000071e+01
5.262800000000000182e+03,6.848144531250000000e+01,3.132499999999999840e+00,1.566000000000000014e+01,1.544265625000000064e+01
5.262899999999999636e+03,6.824340820312500000e+01,3.169999999999999929e+00,1.553999999999999915e+01,1.546070312500000021e+01
5.263000000000000000e+03,6.915893554687500000e+01,3.169999999999999929e+00,1.544749999999999979e+01,1.548148437500000085e+01
5.263100000000000364e+03,7.144775390625000000e+01,3.129999999999999893e+00,1.552999999999999936e+01,1.547000000000000064e+01
5.263199999999999818e+03,7.109985351562500000e+01,3.165000000000000036e+00,1.558000000000000007e+01,1.546507812500000156e+01
5.263300000000000182e+03,7.157592773437500000e+01,3.182500000000000107e+00,1.562999999999999901e+01,1.553289062500000028e+01
5.263399999999999636e+03,7.133789062500000000e+01,3.290000000000000036e+00,1.550000000000000000e+01,1.544320312500000014e+01
5.263500000000000000e+03,7.382812500000000000e+01,3.205000000000000071e+00,1.551999999999999957e+01,1.550117187500000071e+01
5.263600000000000364e+03,7.423095703125000000e+01,3.177500000000000213e+00,1.539000000000000057e+01,1.550226562500000149e+01
5.263699999999999818e+03,7.382812500000000000e+01,3.185000000000000053e+00,1.547749999999999915e+01,1.545906249999999993e+01
5.263800000000000182e+03,7.430419921875000000e+01,3.222500000000000142e+00,1.540000000000000036e+01,1.547328125000000121e+01
5.263899999999999636e+03,7.549438476562500000e+01,3.227500000000000036e+00,1.549000000000000021e+01,1.548804687500000021e+01
5.264000000000000000e+03,7.655639648437500000e+01,3.225000000000000089e+00,1.532000000000000028e+01,1.541531250000000064e+01
5.264100000000000364e+03,7.673950195312500000e+01,3.234999999999999876e+00,1.559999999999999964e+01,1.549351562500000057e+01
5.264199999999999818e+03,7.631835937500000000e+01,3.250000000000000000e+00,1.547749999999999915e+01,1.547054687500000014e+01
5.264300000000000182e+03,7.679443359375000000e+01,3.254999999999999893e+00,1.549000000000000021e+01,1.551703125000000050e+01
5.264399999999999636e+03,7.875366210937500000e+01,3.229999999999999982e+00,1.559750000000000014e+01,1.546234375000000050e+01
5.264500000000000000e+03,7.902832031250000000e+01,3.280000000000000249e+00,1.553749999999999964e+01,1.546453125000000028e+01
5.264600000000000364e+03,7.915649414062500000e+01,3.267500000000000071e+00,1.562999999999999901e+01,1.544648437500000071e+01
5.264699999999999818e+03,7.871704101562500000e+01,3.290000000000000036e+00,1.550999999999999979e+01,1.547984375000000057e+01
5.264800000000000182e+03,8.084106445312500000e+01,3.292499999999999982e+00,1.558000000000000007e+01,1.548859375000000149e+01
5.264899999999999636e+03,8.095092773437500000e+01,3.294999999999999929e+00,1.525999999999999979e+01,1.546070312500000021e+01
5.265000000000000000e+03,8.115234375000000000e+01,3.294999999999999929e+00,1.557000000000000028e+01,1.546835937500000036e+01
5.265100000000000364e+03,8.124389648437500000e+01,3.287500000000000089e+00,1.560999999999999943e+01,1.539070312499999993e+01
5.265199999999999818e+03,8.144531250000000000e+01,3.314999999999999947e+00,1.557000000000000028e+01,1.549460937500000135e+01
5.265300000000000182e+03,8.336791992187500000e+01,3.305000000000000160e+00,1.559999999999999964e+01,1.547875000000000156e+01
5.265399999999999636e+03,8.305664062500000000e+01,3.307500000000000107e+00,1.559999999999999964e+01,1.550937500000000036e+01
5.265500000000000000e+03,8.325805664062500000e+01,3.532499999999999751e+00,1.560999999999999943e+01,1.551156250000000014e+01
5.265600000000000364e+03,8.334960937500000000e+01,3.314999999999999947e+00,1.567750000000000021e+01,1.548531250000000092e+01
5.265699999999999818e+03,8.477783203125000000e+01,3.339999999999999858e+00,1.558000000000000007e+01,1.541039062500000156e+01
5.265800000000000182e+03,8.556518554687500000e+01,3.292499999999999982e+00,1.552999999999999936e+01,1.544375000000000142e+01
5.265899999999999636e+03,8.514404296875000000e+01,3.395000000000000018e+00,1.543999999999999950e+01,1.549625000000000163e+01
5.266000000000000000e+03,8.538208007812500000e+01,3.357499999999999929e+00,1.556749999999999901e+01,1.549406250000000007e+01
5.266100000000000364e+03,8.666381835937500000e+01,3.367500000000000160e+00,1.550750000000000028e+01,1.550335937500000050e+01
5.266199999999999818e+03,8.690185546875000000e+01,3.354999999999999982e+00,1.558000000000000007e+01,1.553125000000000000e+01
5.266300000000000182e+03,8.745117187500000000e+01,3.377499999999999947e+00,1.550999999999999979e+01,1.547382812500000071e+01
5.266399999999999636e+03,8.703002929687500000e+01,3.382499999999999840e+00,1.560999999999999943e+01,1.545031250000000078e+01
5.266500000000000000e+03,8.724975585937500000e+01,3.387500000000000178e+00,1.565000000000000036e+01,1.550773437500000007e+01
5.266600000000000364e+03,8.911743164062500000e+01,3.397499999999999964e+00,1.533000000000000007e+01,1.551210937500000142e+01
5.266699999999999818e+03,8.869628906250000000e+01,3.382499999999999840e+00,1.552999999999999936e+01,1.542953125000000014e+01
5.266800000000000182e+03,8.922729492187500000e+01,3.419999999999999929e+00,1.552999999999999936e+01,1.547000000000000064e+01
5.266899999999999636e+03,8.886108398437500000e+01,3.424999999999999822e+00,1.529999999999999893e+01,1.548476562500000142e+01
5.267000000000000000e+03,9.060058593750000000e+01,3.395000000000000018e+00,1.550000000000000000e+01,1.543445312500000099e+01
5.267100000000000364e+03,9.104003906250000000e+01,3.427500000000000213e+00,1.553999999999999915e+01,1.548421875000000014e+01
5.267199999999999818e+03,9.060058593750000000e+01,3.397499999999999964e+00,1.537500000000000000e+01,1.545414062500000085e+01
5.267300000000000182e+03,9.116821289062500000e+01,3.484999999999999876e+00,1.553999999999999915e+01,1.555312500000000142e+01
5.267399999999999636e+03,9.124145507812500000e+01,3.475000000000000089e+00,1.537999999999999901e+01,1.549515625000000085e+01
5.267500000000000000e+03,9.265136718750000000e+01,3.427500000000000213e+00,1.538749999999999929e+01,1.550992187500000163e+01
5.267600000000000364e+03,9.281616210937500000e+01,3.470000000000000195e+00,1.552999999999999936e+01,1.547984375000000057e+01
5.267699999999999818e+03,9.230346679687500000e+01,3.452500000000000124e+00,1.553999999999999915e+01,1.547164062500000092e+01
5.267800000000000182e+03,9.287109375000000000e+01,3.507500000000000284e+00,1.544749999999999979e+01,1.548695312500000121e+01
5.267899999999999636e+03,9.396972656250000000e+01,3.452500000000000124e+00,1.554749999999999943e+01,1.546507812500000156e+01
5.268000000000000000e+03,9.439086914062500000e+01,3.524999999999999911e+00,1.528999999999999915e+01,1.542296875000000078e+01
5.268100000000000364e+03,9.446411132812500000e+01,3.504999999999999893e+00,1.556749999999999901e+01,1.548476562500000142e+01
5.268199999999999818e+03,9.404296875000000000e+01,3.527499999999999858e+00,1.558999999999999986e+01,1.552742187499999993e+01
5.268300000000000182e+03,9.569091796875000000e+01,3.517500000000000071e+00,1.564000000000000057e+01,1.545687500000000014e+01
5.268399999999999636e+03,9.591064453125000000e+01,3.520000000000000018e+00,1.535749999999999993e+01,1.546015625000000071e+01
5.268500000000000000e+03,9.620361328125000000e+01,3.542499999999999982e+00,1.547499999999999964e+01,1.545304687500000007e+01
5.268600000000000364e+03,9.625854492187500000e+01,3.524999999999999911e+00,1.547000000000000064e+01,1.548039062500000007e+01
5.268699999999999818e+03,9.581909179687500000e+01,3.532499999999999751e+00,1.541000000000000014e+01,1.547437500000000021e+01
5.268800000000000182e+03,9.797973632812500000e+01,3.555000000000000160e+00,1.551999999999999957e+01,1.542679687500000085e+01
5.268899999999999636e+03,9.761352539062500000e+01,3.547499999999999876e+00,1.564000000000000057e+01,1.545523437500000163e+01
5.269000000000000000e+03,9.792480468750000000e+01,3.577500000000000124e+00,1.552999999999999936e+01,1.547109375000000142e+01
5.269100000000000364e+03,9.799804687500000000e+01,3.555000000000000160e+00,1.559999999999999964e+01,1.549843750000000142e+01
5.269199999999999818e+03,9.878540039062500000e+01,3.575000000000000178e+00,1.549000000000000021e+01,1.552468750000000064e+01
5.269300000000000182e+03,9.966430664062500000e+01,3.570000000000000284e+00,1.551999999999999957e+01,1.547382812500000071e+01
5.269399999999999636e+03,9.924316406250000000e+01,3.587499999999999911e+00,1.544999999999999929e+01,1.549953125000000043e+01
5.269500000000000000e+03,9.949951171875000000e+01,3.625000000000000000e+00,1.580499999999999972e+01,1.543992187500000135e+01
5.269600000000000364e+03,1.001037597656250000e+02,3.597500000000000142e+00,1.550999999999999979e+01,1.549132812500000078e+01
5.269699999999999818e+03,1.007995605468750000e+02,3.607499999999999929e+00,1.567750000000000021e+01,1.545195312500000107e+01
5.269800000000000182e+03,1.014221191406250000e+02,3.600000000000000089e+00,1.533499999999999908e+01,1.542898437500000064e+01
5.269899999999999636e+03,1.009094238281250000e+02,3.627499999999999947e+00,1.550999999999999979e+01,1.547164062500000092e+01
5.270000000000000000e+03,1.012023925781250000e+02,3.627499999999999947e+00,1.550000000000000000e+01,1.547492187500000149e+01
5.270100000000000364e+03,1.027404785156250000e+02,3.640000000000000124e+00,1.561749999999999972e+01,1.554492187500000000e+01
5.270199999999999818e+03,1.024291992187500000e+02,3.642500000000000071e+00,1.588499999999999979e+01,1.545085937500000028e+01
5.270300000000000182e+03,1.029785156250000000e+02,3.662500000000000089e+00,1.558000000000000007e+01,1.555804687500000050e+01
5.270399999999999636e+03,1.025024414062500000e+02,3.685000000000000053e+00,1.556000000000000050e+01,1.545632812500000064e+01
5.270500000000000000e+03,1.038391113281250000e+02,3.674999999999999822e+00,1.550999999999999979e+01,1.550882812500000085e+01
5.270600000000000364e+03,1.044433593750000000e+02,3.642500000000000071e+00,1.565750000000000064e+01,1.540820312500000000e+01
5.270699999999999818e+03,1.040405273437500000e+02,3.712499999999999911e+00,1.560999999999999943e+01,1.545796875000000092e+01
5.270800000000000182e+03,1.046081542968750000e+02,3.687500000000000000e+00,1.556000000000000050e+01,1.549515625000000085e+01
5.270899999999999636e+03,1.041503906250000000e+02,3.700000000000000178e+00,1.575000000000000000e+01,1.547875000000000156e+01
5.271000000000000000e+03,1.060546875000000000e+02,3.732499999999999929e+00,1.545999999999999908e+01,1.550992187500000163e+01
5.271100000000000364e+03,1.061828613281250000e+02,3.754999999999999893e+00,1.556000000000000050e+01,1.550718750000000057e+01
5.271199999999999818e+03,1.057250976562500000e+02,3.737499999999999822e+00,1.540000000000000036e+01,1.549679687500000114e+01
5.271300000000000182e+03,1.063110351562500000e+02,3.782499999999999751e+00,1.550999999999999979e+01,1.541750000000000043e+01
5.271399999999999636e+03,1.072082519531250000e+02,3.722500000000000142e+00,1.534750000000000014e+01,1.543664062500000078e+01
5.271500000000000000e+03,1.078491210937500000e+02,3.747500000000000053e+00,1.550999999999999979e+01,1.545414062500000085e+01
5.271600000000000364e+03,1.079040527343750000e+02,3.772499999999999964e+00,1.556000000000000050e+01,1.547328125000000121e+01
5.271699999999999818e+03,1.074462890625000000e+02,3.799999999999999822e+00,1.544999999999999929e+01,1.547546875000000099e+01
5.271800000000000182e+03,1.087280273437500000e+02,3.780000000000000249e+00,1.531749999999999901e+01,1.541093750000000107e+01
5.271899999999999636e+03,1.091308593750000000e+02,3.782499999999999751e+00,1.543999999999999950e+01,1.544812500000000099e+01
5.272000000000000000e+03,1.095703125000000000e+02,3.799999999999999822e+00,1.541000000000000014e+01,1.545140625000000156e+01
5.272100000000000364e+03,1.095886230468750000e+02,3.825000000000000178e+00,1.554999999999999893e+01,1.544484375000000043e+01
5.272199999999999818e+03,1.091125488281250000e+02,3.839999999999999858e+00,1.525000000000000000e+01,1.547929687500000107e+01
5.272300000000000182e+03,1.112182617187500000e+02,3.837499999999999911e+00,1.564000000000000057e+01,1.548367187500000064e+01
5.272399999999999636e+03,1.107421875000000000e+02,3.867500000000000160e+00,1.549000000000000021e+01,1.547656250000000000e+01
5.272500000000000000e+03,1.111633300781250000e+02,3.867500000000000160e+00,1.573000000000000043e+01,1.551812500000000128e+01
5.272600000000000364e+03,1.111999511718750000e+02,3.859999999999999876e+00,1.569999999999999929e+01,1.546671875000000007e+01
5.272699999999999818e+03,1.118774414062500000e+02,3.924999999999999822e+00,1.567999999999999972e+01,1.550335937500000050e+01
5.272800000000000182e+03,1.130126953125000000e+02,3.884999999999999787e+00,1.567999999999999972e+01,1.550937500000000036e+01
5.272899999999999636e+03,1.124450683593750000e+02,3.892500000000000071e+00,1.550000000000000000e+01,1.546562500000000107e+01
5.273000000000000000e+03,1.128479003906250000e+02,3.915000000000000036e+00,1.535999999999999943e+01,1.550335937500000050e+01
5.273100000000000364e+03,1.131408691406250000e+02,3.972500000000000142e+00,1.541000000000000014e+01,1.545796875000000092e+01
5.273199999999999818e+03,1.140563964843750000e+02,3.947499999999999787e+00,1.547000000000000064e+01,1.550828125000000135e+01
5.273300000000000182e+03,1.147155761718750000e+02,3.967500000000000249e+00,1.537749999999999950e+01,1.553125000000000000e+01
5.273399999999999636e+03,1.141662597656250000e+02,4.009999999999999787e+00,1.559999999999999964e+01,1.542242187500000128e+01
5.273500000000000000e+03,1.145690917968750000e+02,4.004999999999999893e+00,1.551999999999999957e+01,1.541859375000000121e+01
5.273600000000000364e+03,1.160522460937500000e+02,4.025000000000000355e+00,1.565750000000000064e+01,1.545250000000000057e+01
5.273699999999999818e+03,1.158691406250000000e+02,4.077500000000000568e+00,1.536999999999999922e+01,1.544156250000000163e+01
5.273800000000000182e+03,1.164367675781250000e+02,4.067499999999999893e+00,1.543999999999999950e+01,1.547492187500000149e+01
5.273899999999999636e+03,1.158691406250000000e+02,4.054999999999999716e+00,1.551999999999999957e+01,1.546671875000000007e+01
5.274000000000000000e+03,1.171875000000000000e+02,4.060000000000000497e+00,1.558999999999999986e+01,1.549078125000000128e+01
5.274100000000000364e+03,1.180480957031250000e+02,4.112499999999999822e+00,1.558000000000000007e+01,1.546343750000000128e+01
5.274199999999999818e+03,1.176452636718750000e+02,4.089999999999999858e+00,1.568999999999999950e+01,1.545851562500000043e+01
5.274300000000000182e+03,1.182678222656250000e+02,4.117499999999999716e+00,1.558999999999999986e+01,1.544812500000000099e+01
5.274399999999999636e+03,1.176635742187500000e+02,4.129999999999999893e+00,1.571749999999999936e+01,1.542296875000000078e+01
5.274500000000000000e+03,1.197692871093750000e+02,4.187500000000000000e+00,1.557000000000000028e+01,1.551046875000000114e+01
5.274600000000000364e+03,1.198974609375000000e+02,4.142500000000000071e+00,1.558000000000000007e+01,1.544593750000000121e+01
5.274699999999999818e+03,1.194396972656250000e+02,4.185000000000000497e+00,1.551750000000000007e+01,1.542843750000000114e+01
5.274800000000000182e+03,1.200622558593750000e+02,4.202500000000000568e+00,1.556000000000000050e+01,1.547601562500000050e+01
5.274899999999999636e+03,1.206115722656250000e+02,4.237499999999999822e+00,1.566000000000000014e+01,1.546945312500000114e+01
5.275000000000000000e+03,1.214172363281250000e+02,4.237499999999999822e+00,1.543999999999999950e+01,1.542406250000000156e+01
5.275100000000000364e+03,1.213623046875000000e+02,4.262500000000000178e+00,1.564000000000000057e+01,1.545085937500000028e+01
5.275199999999999818e+03,1.209777832031250000e+02,4.250000000000000000e+00,1.564000000000000057e+01,1.545578125000000114e+01
5.275300000000000182e+03,1.215637207031250000e+02,4.254999999999999893e+00,1.557000000000000028e+01,1.544320312500000014e+01
5.275399999999999636e+03,1.209777832031250000e+02,4.562499999999980460e-02,1.547749999999999915e+01,-8.585937500000095923e-02
5.275500000000000000e+03,1.214172363281250000e+02,7.062500000000015987e-02,1.550999999999999979e+01,-1.640625000000284217e-03
5.275600000000000364e+03,1.213989257812500000e+02,5.062500000000014211e-02,1.567750000000000021e+01,-6.726562500000099476e-02
5.275699999999999818e+03,1.209960937500000000e+02,2.062499999999989342e-02,1.560999999999999943e+01,-7.382812500000035527e-02
5.275800000000000182e+03,1.215637207031250000e+02,4.812499999999975131e-02,1.562999999999999901e+01,-2.187500000000053291e-02
5.275899999999999636e+03,1.209594726562500000e+02,6.562499999999982236e-02,1.540000000000000036e+01,-5.742187500000106581e-02
5.276000000000000000e+03,1.214172363281250000e+02,2.562499999999978684e-02,1.553999999999999915e+01,-5.632812500000028422e-02
5.276100000000000364e+03,1.213989257812500000e+02,3.312500000000007105e-02,1.526999999999999957e+01,-5.468750000000355271e-03
5.276199999999999818e+03,1.207031250000000000e+02,1.562500000000000000e-02,1.554999999999999893e+01,-3.281250000000035527e-02
5.276300000000000182e+03,1.210693359375000000e+02,2.562499999999978684e-02,1.525000000000000000e+01,-2.515625000000110134e-02
5.276399999999999636e+03,1.204467773437500000e+02,1.443750000000001421e-01,1.545999999999999908e+01,-8.203125000000532907e-03
5.276500000000000000e+03,1.208862304687500000e+02,2.812499999999973355e-02,1.557000000000000028e+01,-6.289062500000053291e-02
5.276600000000000364e+03,1.208862304687500000e+02,7.812500000000000000e-02,1.544999999999999929e+01,-4.648437500000035527e-02
5.276699999999999818e+03,1.184875488281250000e+02,1.812499999999994671e-02,1.558999999999999986e+01,-1.914062500000035527e-02
5.276800000000000182e+03,1.189270019531250000e+02,1.562500000000000000e-02,1.567999999999999972e+01,-4.375000000000106581e-02
5.276899999999999636e+03,1.183593750000000000e+02,3.312500000000007105e-02,1.561749999999999972e+01,-4.539062500000046185e-02
5.277000000000000000e+03,1.187255859375000000e+02,4.562499999999980460e-02,1.584500000000000064e+01,-5.359375000000099476e-02
5.277100000000000364e+03,1.160156250000000000e+02,5.562500000000003553e-02,1.549000000000000021e+01,-2.406250000000031974e-02
5.277199999999999818e+03,1.150268554687500000e+02,5.562500000000003553e-02,1.541999999999999993e+01,-3.609375000000092371e-02
5.277300000000000182e+03,1.154846191406250000e+02,1.562500000000000000e-02,1.550999999999999979e+01,-5.742187500000106581e-02
5.277399999999999636e+03,1.149902343750000000e+02,4.562499999999980460e-02,1.548000000000000043e+01,-3.937500000000060396e-02
5.277500000000000000e+03,1.138732910156250000e+02,3.062500000000012434e-02,1.550000000000000000e+01,-7.382812500000035527e-02
5.277600000000000364e+03,1.112365722656250000e+02,2.562499999999978684e-02,1.558000000000000007e+01,-3.992187500000099476e-02
5.277699999999999818e+03,1.107055664062500000e+02,7.562500000000005329e-02,1.546749999999999936e+01,-6.617187500000110134e-02
5.277800000000000182e+03,1.112182617187500000e+02,4.062499999999991118e-02,1.534999999999999964e+01,-3.007812500000106581e-02
5.277899999999999636e+03,1.106506347656250000e+02,3.562500000000001776e-02,1.560999999999999943e+01,-2.351562500000081712e-02
5.278000000000000000e+03,1.077392578125000000e+02,3.062500000000012434e-02,1.528999999999999915e+01,-5.468750000000088818e-02
5.278100000000000364e+03,1.075561523437500000e+02,0.000000000000000000e+00,1.555749999999999922e+01,-3.718750000000081712e-02
5.278199999999999818e+03,1.070617675781250000e+02,3.562500000000001776e-02,1.556000000000000050e+01,-4.320312500000067502e-02
5.278300000000000182e+03,1.075927734375000000e+02,3.562500000000001776e-02,1.558750000000000036e+01,-4.867187500000103029e-02
5.278399999999999636e+03,1.051757812500000000e+02,8.312499999999989342e-02,1.547749999999999915e+01,-6.726562500000099476e-02
5.278500000000000000e+03,1.045715332031250000e+02,4.062499999999991118e-02,1.550999999999999979e+01,-5.687500000000067502e-02
5.278600000000000364e+03,1.045898437500000000e+02,2.312499999999984013e-02,1.545749999999999957e+01,-3.445312500000063949e-02
5.278699999999999818e+03,1.041137695312500000e+02,3.062500000000012434e-02,1.566249999999999964e+01,-8.257812500000039080e-02
5.278800000000000182e+03,1.046264648437500000e+02,4.312499999999985789e-02,1.550000000000000000e+01,-5.796875000000056843e-02
5.278899999999999636e+03,1.017150878906250000e+02,1.562500000000000000e-02,1.545999999999999908e+01,-8.531250000000056843e-02
5.279000000000000000e+03,1.019348144531250000e+02,5.812499999999998224e-02,1.531000000000000050e+01,-1.531250000000028422e-02
5.279100000000000364e+03,1.019897460937500000e+02,2.312499999999984013e-02,1.548000000000000043e+01,-3.390625000000024869e-02
5.279199999999999818e+03,1.015136718750000000e+02,5.562500000000003553e-02,1.550999999999999979e+01,-1.914062500000035527e-02
5.279300000000000182e+03,1.002136230468750000e+02,6.812499999999976907e-02,1.556000000000000050e+01,-4.210937500000078160e-02
5.279399999999999636e+03,9.931640625000000000e+01,5.812499999999998224e-02,1.550000000000000000e+01,-4.648437500000035527e-02
5.279500000000000000e+03,9.959106445312500000e+01,5.312500000000008882e-02,1.568999999999999950e+01,-3.226562500000085265e-02
5.279600000000000364e+03,9.970092773437500000e+01,3.312500000000007105e-02,1.550000000000000000e+01,-2.898437500000028422e-02
5.279699999999999818e+03,9.852905273437500000e+01,2.812499999999973355e-02,1.548000000000000043e+01,-5.085937500000081712e-02
5.279800000000000182e+03,9.790649414062500000e+01,3.062500000000012434e-02,1.553999999999999915e+01,-3.171875000000046185e-02
5.279899999999999636e+03,9.735717773437500000e+01,5.562500000000003553e-02,1.560749999999999993e+01,-3.828125000000071054e-02
5.280000000000000000e+03,9.757690429687500000e+01,6.312499999999987566e-02,1.544999999999999929e+01,-1.203125000000060396e-02
5.280100000000000364e+03,9.772338867187500000e+01,5.562500000000003553e-02,1.533999999999999986e+01,-5.250000000000110134e-02
5.280199999999999818e+03,9.552612304687500000e+01,8.062499999999994671e-02,1.576999999999999957e+01,-3.390625000000024869e-02
5.280300000000000182e+03,9.594726562500000000e+01,4.312499999999985789e-02,1.540000000000000036e+01,-1.968750000000074607e-02
5.280399999999999636e+03,9.541625976562500000e+01,2.312499999999984013e-02,1.534750000000000014e+01,-7.054687500000067502e-02
5.280500000000000000e+03,9.565429687500000000e+01,-5.312500000000008882e-02,1.534999999999999964e+01,-3.281250000000568434e-03
5.280600000000000364e+03,9.459228515625000000e+01,4.812499999999975131e-02,1.533999999999999986e+01,4.156249999999950262e-02
5.280699999999999818e+03,9.356689453125000000e+01,3.062500000000012434e-02,1.550999999999999979e+01,-3.335937500000074607e-02
5.280800000000000182e+03,9.409790039062500000e+01,1.562500000000000000e-02,1.562999999999999901e+01,-9.625000000000039080e-02
5.280899999999999636e+03,9.365844726562500000e+01,7.312500000000010658e-02,1.564000000000000057e+01,-5.632812500000028422e-02
5.281000000000000000e+03,9.384155273437500000e+01,2.312499999999984013e-02,1.559999999999999964e+01,-3.335937500000074607e-02
5.281100000000000364e+03,9.235839843750000000e+01,4.812499999999975131e-02,1.555749999999999922e+01,-4.484375000000095923e-02
5.281199999999999818e+03,9.184570312500000000e+01,4.312499999999985789e-02,1.568999999999999950e+01,-2.351562500000081712e-02
5.281300000000000182e+03,9.239501953125000000e+01,7.062500000000015987e-02,1.561749999999999972e+01,-9.406250000000060396e-02
5.281399999999999636e+03,9.195556640625000000e+01,4.062499999999991118e-02,1.547000000000000064e+01,-7.765625000000042633e-02
5.281500000000000000e+03,9.094848632812500000e+01,4.312499999999985789e-02,1.540000000000000036e+01,-1.695312500000056843e-02
5.281600000000000364e+03,9.078369140625000000e+01,9.437499999999987566e-02,1.542999999999999972e+01,-4.539062500000046185e-02
5.281699999999999818e+03,9.034423828125000000e+01,6.062499999999992895e-02,1.539749999999999908e+01,-3.335937500000074607e-02
5.281800000000000182e+03,9.089355468750000000e+01,4.562499999999980460e-02,1.552999999999999936e+01,-3.828125000000071054e-02
5.281899999999999636e+03,8.999633789062500000e+01,5.312500000000008882e-02,1.539000000000000057e+01,-4.757812500000024869e-02
5.282000000000000000e+03,8.924560546875000000e+01,3.812499999999996447e-02,1.564000000000000057e+01,-4.210937500000078160e-02
5.282100000000000364e+03,8.928222656250000000e+01,5.062500000000014211e-02,1.547000000000000064e+01,-9.515625000000049738e-02
5.282199999999999818e+03,8.878784179687500000e+01,5.562500000000003553e-02,1.564000000000000057e+01,-3.937500000000060396e-02
5.282300000000000182e+03,8.937377929687500000e+01,5.812499999999998224e-02,1.557000000000000028e+01,-4.921875000000852651e-03
5.282399999999999636e+03,8.759765625000000000e+01,4.562499999999980460e-02,1.547000000000000064e+01,-3.445312500000063949e-02
5.282500000000000000e+03,8.772583007812500000e+01,4.062499999999991118e-02,1.549000000000000021e+01,-9.679687500000078160e-02
5.282600000000000364e+03,8.779907226562500000e+01,4.312499999999985789e-02,1.537999999999999901e+01,-1.695312500000056843e-02
5.282699999999999818e+03,8.732299804687500000e+01,-1.187499999999985789e-02,1.548000000000000043e+01,-5.468750000000088818e-02
5.282800000000000182e+03,8.697509765625000000e+01,4.812499999999975131e-02,1.561999999999999922e+01,5.085937499999904077e-02
5.282899999999999636e+03,8.604125976562500000e+01,5.624999999999769074e-03,1.539749999999999908e+01,-2.406250000000031974e-02
5.283000000000000000e+03,8.626098632812500000e+01,4.812499999999975131e-02,1.531000000000000050e+01,-7.492187500000024869e-02
5.283100000000000364e+03,8.638916015625000000e+01,6.812499999999976907e-02,1.553999999999999915e+01,6.015624999998969713e-03
5.283199999999999818e+03,8.591308593750000000e+01,2.562499999999978684e-02,1.558999999999999986e+01,-5.250000000000110134e-02
5.283300000000000182e+03,8.519897460937500000e+01,4.312499999999985789e-02,1.541000000000000014e+01,-4.210937500000078160e-02
5.283399999999999636e+03,8.474121093750000000e+01,3.812499999999996447e-02,1.547000000000000064e+01,-3.335937500000074607e-02
5.283500000000000000e+03,8.496093750000000000e+01,3.562500000000001776e-02,1.575999999999999979e+01,-8.750000000000035527e-02
5.283600000000000364e+03,8.510742187500000000e+01,2.562499999999978684e-02,1.575000000000000000e+01,-3.390625000000024869e-02
5.283699999999999818e+03,8.349609375000000000e+01,6.312499999999987566e-02,1.538749999999999929e+01,-8.750000000000035527e-02
5.283800000000000182e+03,8.373413085937500000e+01,8.312499999999989342e-02,1.547000000000000064e+01,-4.757812500000024869e-02
5.283899999999999636e+03,8.338623046875000000e+01,1.562500000000000000e-02,1.549000000000000021e+01,-1.640625000000284217e-03
5.284000000000000000e+03,8.353271484375000000e+01,1.812499999999994671e-02,1.550000000000000000e+01,-6.289062500000053291e-02
5.284100000000000364e+03,8.327636718750000000e+01,2.812499999999973355e-02,1.547000000000000064e+01,-9.625000000000039080e-02
5.284199999999999818e+03,8.204956054687500000e+01,7.312500000000010658e-02,1.536999999999999922e+01,-4.375000000000106581e-02
5.284300000000000182e+03,8.252563476562500000e+01,8.625000000000015987e-02,1.539000000000000057e+01,-1.312500000000049738e-02
5.284399999999999636e+03,8.219604492187500000e+01,5.062500000000014211e-02,1.568999999999999950e+01,-1.750000000000095923e-02
5.284500000000000000e+03,8.236083984375000000e+01,5.562500000000003553e-02,1.533999999999999986e+01,-4.593750000000085265e-02
5.284600000000000364e+03,8.131713867187500000e+01,3.312500000000007105e-02,1.570999999999999908e+01,-6.726562500000099476e-02
5.284699999999999818e+03,8.074951171875000000e+01,4.812499999999975131e-02,1.543999999999999950e+01,-1.257812500000099476e-02
5.284800000000000182e+03,8.122558593750000000e+01,5.562500000000003553e-02,1.561999999999999922e+01,-4.648437500000035527e-02
5.284899999999999636e+03,8.089599609375000000e+01,-1.687500000000019540e-02,1.551750000000000007e+01,-1.695312500000056843e-02
5.285000000000000000e+03,8.038330078125000000e+01,5.312500000000008882e-02,1.571499999999999986e+01,-8.750000000000923706e-03
5.285100000000000364e+03,8.003540039062500000e+01,3.312500000000007105e-02,1.549000000000000021e+01,-3.828125000000071054e-02
5.285199999999999818e+03,7.952270507812500000e+01,4.062499999999991118e-02,1.550000000000000000e+01,2.187499999998898659e-03
5.285300000000000182e+03,8.005371093750000000e+01,2.812499999999973355e-02,1.552999999999999936e+01,-2.515625000000110134e-02
5.285399999999999636e+03,7.966918945312500000e+01,4.312499999999985789e-02,1.560999999999999943e+01,-2.570312500000060396e-02
5.285500000000000000e+03,7.873535156250000000e+01,7.374999999999998224e-02,1.541999999999999993e+01,-6.015625000000746070e-03
5.285600000000000364e+03,7.877197265625000000e+01,3.812499999999996447e-02,1.549000000000000021e+01,-5.359375000000099476e-02
5.285699999999999818e+03,7.831420898437500000e+01,1.312500000000005329e-02,1.543750000000000000e+01,-3.281250000000568434e-03
5.285800000000000182e+03,7.882690429687500000e+01,3.312500000000007105e-02,1.540000000000000036e+01,-6.070312500000074607e-02
5.285899999999999636e+03,7.760009765625000000e+01,6.812499999999976907e-02,1.567999999999999972e+01,-3.992187500000099476e-02
5.286000000000000000e+03,7.745361328125000000e+01,2.812499999999973355e-02,1.542999999999999972e+01,-9.515625000000049738e-02
5.286100000000000364e+03,7.756347656250000000e+01,4.312499999999985789e-02,1.547000000000000064e+01,-1.093750000000071054e-02
5.286199999999999818e+03,7.710571289062500000e+01,4.812499999999975131e-02,1.545749999999999957e+01,-1.968750000000074607e-02
5.286300000000000182e+03,7.736206054687500000e+01,2.812499999999973355e-02,1.560749999999999993e+01,-1.585937500000067502e-02
5.286399999999999636e+03,7.624511718750000000e+01,5.562500000000003553e-02,1.554999999999999893e+01,-1.968750000000074607e-02
5.286500000000000000e+03,7.631835937500000000e+01,2.812499999999973355e-02,1.552749999999999986e+01,-5.796875000000056843e-02
5.286600000000000364e+03,7.646484375000000000e+01,4.812499999999975131e-02,1.554999999999999893e+01,-3.062500000000056843e-02
5.286699999999999818e+03,7.598876953125000000e+01,3.062500000000012434e-02,1.553749999999999964e+01,-2.296875000000042633e-02
5.286800000000000182e+03,7.554931640625000000e+01,5.062500000000014211e-02,1.552999999999999936e+01,-7.164062500000056843e-02
5.286899999999999636e+03,7.510986328125000000e+01,5.062500000000014211e-02,1.561999999999999922e+01,-2.953125000000067502e-02
5.287000000000000000e+03,7.521972656250000000e+01,2.562499999999978684e-02,1.556000000000000050e+01,-3.554687500000053291e-02
5.287100000000000364e+03,7.536621093750000000e+01,3.562500000000001776e-02,1.549000000000000021e+01,-1.093750000000071054e-02
5.287199999999999818e+03,7.434082031250000000e+01,4.062499999999991118e-02,1.557750000000000057e+01,-6.289062500000053291e-02
5.287300000000000182e+03,7.428588867187500000e+01,2.312499999999984013e-02,1.564000000000000057e+01,-4.320312500000067502e-02
5.287399999999999636e+03,7.401123046875000000e+01,-2.000000000000001776e-02,1.550000000000000000e+01,-5.468750000003907985e-04
5.287500000000000000e+03,7.412109375000000000e+01,5.812499999999998224e-02,1.533999999999999986e+01,-6.070312500000074607e-02
5.287600000000000364e+03,7.426757812500000000e+01,5.562500000000003553e-02,1.550000000000000000e+01,-4.320312500000067502e-02
5.287699999999999818e+03,7.278442382812500000e+01,3.562500000000001776e-02,1.553999999999999915e+01,1.257812499999921840e-02
5.287800000000000182e+03,7.318725585937500000e+01,5.312500000000008882e-02,1.568999999999999950e+01,-2.953125000000067502e-02
5.287899999999999636e+03,7.289428710937500000e+01,6.812499999999976907e-02,1.525750000000000028e+01,-6.398437500000042633e-02
5.288000000000000000e+03,7.300415039062500000e+01,4.562499999999980460e-02,1.564000000000000057e+01,-2.843750000000078160e-02
5.288100000000000364e+03,7.239990234375000000e+01,2.062499999999989342e-02,1.558750000000000036e+01,-5.742187500000106581e-02
5.288199999999999818e+03,7.174072265625000000e+01,2.312499999999984013e-02,1.559999999999999964e+01,2.734374999999289457e-03
5.288300000000000182e+03,7.218017578125000000e+01,2.812499999999973355e-02,1.541999999999999993e+01,-3.828125000000071054e-02
5.288399999999999636e+03,7.190551757812500000e+01,2.812499999999973355e-02,1.551999999999999957e+01,-2.953125000000067502e-02
5.288500000000000000e+03,7.196044921875000000e+01,8.562499999999984013e-02,1.535999999999999943e+01,-6.835937500000088818e-02
5.288600000000000364e+03,7.117309570312500000e+01,4.062499999999991118e-02,1.566750000000000043e+01,-8.476562500000106581e-02
5.288699999999999818e+03,7.069702148437500000e+01,4.812499999999975131e-02,1.556499999999999950e+01,-5.414062500000049738e-02
5.288800000000000182e+03,7.117309570312500000e+01,2.812499999999973355e-02,1.553749999999999964e+01,2.296874999999953815e-02
5.288899999999999636e+03,7.091674804687500000e+01,5.562500000000003553e-02,1.570999999999999908e+01,-4.921875000000053291e-02
5.289000000000000000e+03,7.014770507812500000e+01,2.062499999999989342e-02,1.545999999999999908e+01,-3.828125000000071054e-02
5.289100000000000364e+03,7.014770507812500000e+01,7.312500000000010658e-02,1.549000000000000021e+01,-3.609375000000092371e-02
5.289199999999999818e+03,6.972656250000000000e+01,6.562499999999982236e-02,1.544999999999999929e+01,-3.062500000000056843e-02
5.289300000000000182e+03,7.016601562500000000e+01,1.225000000000000533e-01,1.560999999999999943e+01,-1.476562500000078160e-02
5.289399999999999636e+03,6.948852539062500000e+01,5.812499999999998224e-02,1.543999999999999950e+01,-2.296875000000042633e-02
5.289500000000000000e+03,6.912231445312500000e+01,-1.875000000000071054e-03,1.558000000000000007e+01,-9.296875000000426326e-03
5.289600000000000364e+03,6.926879882812500000e+01,4.562499999999980460e-02,1.558000000000000007e+01,-3.281250000000568434e-03
5.289699999999999818e+03,6.881103515625000000e+01,2.812499999999973355e-02,1.522000000000000064e+01,-6.945312500000078160e-02
5.289800000000000182e+03,6.926879882812500000e+01,4.812499999999975131e-02,1.540000000000000036e+01,-2.132812500000103029e-02
5.289899999999999636e+03,6.809692382812500000e+01,4.562499999999980460e-02,1.551999999999999957e+01,-3.335937500000074607e-02
5.290000000000000000e+03,6.813354492187500000e+01,3.312500000000007105e-02,1.566999999999999993e+01,-2.953125000000067502e-02
5.290100000000000364e+03,6.826171875000000000e+01,3.562500000000001776e-02,1.534750000000000014e+01,-1.039062500000031974e-02
5.290199999999999818e+03,6.782226562500000000e+01,6.312499999999987566e-02,1.558999999999999986e+01,-7.054687500000067502e-02
5.290300000000000182e+03,6.767578125000000000e+01,2.312499999999984013e-02,1.533999999999999986e+01,-1.859375000000085265e-02
5.290399999999999636e+03,6.716308593750000000e+01,2.812499999999973355e-02,1.542750000000000021e+01,1.585937499999889866e-02
5.290500000000000000e+03,6.723632812500000000e+01,4.562499999999980460e-02,1.539000000000000057e+01,-5.468750000000088818e-02
5.290600000000000364e+03,6.736450195312500000e+01,3.312500000000007105e-02,1.541000000000000014e+01,-3.445312500000063949e-02
5.290699999999999818e+03,6.690673828125000000e+01,4.062499999999991118e-02,1.547000000000000064e+01,-1.044531250000009237e-01
5.290800000000000182e+03,6.650390625000000000e+01,5.312500000000008882e-02,1.558750000000000036e+01,-3.992187500000099476e-02
5.290899999999999636e+03,6.624755859375000000e+01,4.312499999999985789e-02,1.548000000000000043e+01,-1.367187500000088818e-02
5.291000000000000000e+03,6.630249023437500000e+01,4.562499999999980460e-02,1.532000000000000028e+01,-1.071875000000011013e-01
5.291100000000000364e+03,6.646728515625000000e+01,4.812499999999975131e-02,1.548000000000000043e+01,-9.843750000000817124e-03
5.291199999999999818e+03,6.538696289062500000e+01,5.812499999999998224e-02,1.545999999999999908e+01,-5.468750000003907985e-04
5.291300000000000182e+03,6.564331054687500000e+01,1.562500000000000000e-02,1.537999999999999901e+01,-4.429687500000056843e-02
5.291399999999999636e+03,6.542358398437500000e+01,7.374999999999998224e-02,1.529999999999999893e+01,-2.460937500000071054e-02
5.291500000000000000e+03,6.547851562500000000e+01,7.312500000000010658e-02,1.542999999999999972e+01,-1.531250000000028422e-02
5.291600000000000364e+03,6.535034179687500000e+01,7.312500000000010658e-02,1.572250000000000014e+01,-1.312500000000049738e-02
5.291699999999999818e+03,6.437988281250000000e+01,6.062499999999992895e-02,1.548000000000000043e+01,-5.523437500000039080e-02
5.291800000000000182e+03,6.476440429687500000e+01,3.562500000000001776e-02,1.547749999999999915e+01,-4.757812500000024869e-02
5.291899999999999636e+03,6.452636718750000000e+01,6.062499999999992895e-02,1.560999999999999943e+01,-7.000000000000028422e-02
5.292000000000000000e+03,6.459960937500000000e+01,1.312500000000005329e-02,1.543750000000000000e+01,-3.992187500000099476e-02
5.292100000000000364e+03,6.403198242187500000e+01,5.624999999999769074e-03,1.557750000000000057e+01,-4.101562500000088818e-02
5.292199999999999818e+03,6.353759765625000000e+01,4.812499999999975131e-02,1.535999999999999943e+01,-1.804687500000046185e-02
5.292300000000000182e+03,6.394042968750000000e+01,2.062499999999989342e-02,1.582750000000000057e+01,-3.882812500000110134e-02
5.292399999999999636e+03,6.373901367187500000e+01,3.812499999999996447e-02,1.557000000000000028e+01,-5.304687500000060396e-02
5.292500000000000000e+03,6.331787109375000000e+01,3.062500000000012434e-02,1.540000000000000036e+01,-3.937500000000060396e-02
5.292600000000000364e+03,6.317138671875000000e+01,1.312500000000005329e-02,1.554999999999999893e+01,-6.562500000000071054e-02
5.292699999999999818e+03,6.275024414062500000e+01,1.562500000000000000e-02,1.548749999999999893e+01,-3.554687500000053291e-02
5.292800000000000182e+03,6.313476562500000000e+01,3.062500000000012434e-02,1.556749999999999901e+01,-3.500000000000103029e-02
5.292899999999999636e+03,6.289672851562500000e+01,5.562500000000003553e-02,1.541750000000000043e+01,-5.523437500000039080e-02
5.293000000000000000e+03,6.223754882812500000e+01,6.062499999999992895e-02,1.558999999999999986e+01,2.460937499999893419e-02
5.293100000000000364e+03,6.232910156250000000e+01,8.312499999999989342e-02,1.550000000000000000e+01,-4.265625000000028422e-02
5.293199999999999818e+03,6.190795898437500000e+01,3.312500000000007105e-02,1.548000000000000043e+01,-6.562500000000071054e-02
5.293300000000000182e+03,6.231079101562500000e+01,6.562499999999982236e-02,1.550999999999999979e+01,-6.562500000000071054e-02
5.293399999999999636e+03,6.150512695312500000e+01,2.562499999999978684e-02,1.550999999999999979e+01,-5.359375000000099476e-02
5.293500000000000000e+03,6.141357421875000000e+01,4.062499999999991118e-02,1.562999999999999901e+01,-1.148437500000110134e-02
5.293600000000000364e+03,6.154174804687500000e+01,3.312500000000007105e-02,1.556000000000000050e+01,-1.640625000000106581e-02
5.293699999999999818e+03,6.113891601562500000e+01,2.312499999999984013e-02,1.541999999999999993e+01,-1.071875000000011013e-01
5.293800000000000182e+03,6.143188476562500000e+01,7.062500000000015987e-02,1.561999999999999922e+01,-2.734375000000088818e-02
5.293899999999999636e+03,6.062622070312500000e+01,3.062500000000012434e-02,1.572749999999999915e+01,-5.031250000000042633e-02
5.294000000000000000e+03,6.069946289062500000e+01,6.062499999999992895e-02,1.561999999999999922e+01,-4.046875000000049738e-02
5.294100000000000364e+03,6.084594726562500000e+01,5.624999999999769074e-03,1.552749999999999986e+01,-6.726562500000099476e-02
5.294199999999999818e+03,6.042480468750000000e+01,4.062499999999991118e-02,1.569249999999999901e+01,-4.375000000000106581e-02
5.294300000000000182e+03,6.016845703125000000e+01,3.562500000000001776e-02,1.547749999999999915e+01,-3.281250000000035527e-02
5.294399999999999636e+03,5.983886718750000000e+01,1.812499999999994671e-02,1.565000000000000036e+01,-4.703125000000074607e-02
5.294500000000000000e+03,5.987548828125000000e+01,3.562500000000001776e-02,1.553999999999999915e+01,-3.937500000000060396e-02
5.294600000000000364e+03,6.002197265625000000e+01,5.312500000000008882e-02,1.548000000000000043e+01,-3.882812500000110134e-02
5.294699999999999818e+03,5.930786132812500000e+01,-1.875000000000071054e-03,1.553999999999999915e+01,2.515624999999932498e-02
5.294800000000000182e+03,5.936279296875000000e+01,3.812499999999996447e-02,1.559999999999999964e+01,-3.828125000000959233e-03
5.294899999999999636e+03,5.912475585937500000e+01,4.312499999999985789e-02,1.554999999999999893e+01,-1.367187500000088818e-02
5.295000000000000000e+03,5.917968750000000000e+01,2.062499999999989342e-02,1.533999999999999986e+01,-8.750000000000035527e-02
5.295100000000000364e+03,5.930786132812500000e+01,1.062500000000010658e-02,1.568999999999999950e+01,-6.015625000000035527e-02
5.295199999999999818e+03,5.828247070312500000e+01,4.812499999999975131e-02,1.567999999999999972e+01,-6.835937500000088818e-02
5.295300000000000182e+03,5.864868164062500000e+01,1.562500000000000000e-02,1.536999999999999922e+01,-4.375000000000461853e-03
5.295399999999999636e+03,5.846557617187500000e+01,3.312500000000007105e-02,1.539000000000000057e+01,-7.164062500000056843e-02
5.295500000000000000e+03,5.848388671875000000e+01,7.062500000000015987e-02,1.547000000000000064e+01,-7.437500000000074607e-02
5.295600000000000364e+03,5.817260742187500000e+01,3.562500000000001776e-02,1.573000000000000043e+01,-2.078125000000063949e-02
5.295699999999999818e+03,5.755004882812500000e+01,5.062500000000014211e-02,1.566000000000000014e+01,-9.296875000000426326e-03
5.295800000000000182e+03,5.791625976562500000e+01,5.812499999999998224e-02,1.541999999999999993e+01,-4.429687500000056843e-02
5.295899999999999636e+03,5.775146484375000000e+01,5.062500000000014211e-02,1.535749999999999993e+01,-3.937500000000060396e-02
5.296000000000000000e+03,5.773315429687500000e+01,4.062499999999991118e-02,1.564000000000000057e+01,-5.250000000000110134e-02
5.296100000000000364e+03,5.725708007812500000e+01,1.812499999999994671e-02,1.561999999999999922e+01,-2.625000000000099476e-02
5.296199999999999818e+03,5.679931640625000000e+01,4.312499999999985789e-02,1.558999999999999986e+01,-1.531250000000028422e-02
5.296300000000000182e+03,5.723876953125000000e+01,5.312500000000008882e-02,1.544749999999999979e+01,-3.062500000000056843e-02
5.296399999999999636e+03,5.705566406250000000e+01,6.562499999999982236e-02,1.543999999999999950e+01,-2.789062500000039080e-02
5.296500000000000000e+03,5.661621093750000000e+01,5.062500000000014211e-02,1.547000000000000064e+01,-6.398437500000042633e-02
5.296600000000000364e+03,5.659790039062500000e+01,3.562500000000001776e-02,1.554999999999999893e+01,-4.156250000000039080e-02
5.296699999999999818e+03,5.621337890625000000e+01,5.062500000000014211e-02,1.550999999999999979e+01,-7.164062500000056843e-02
5.296800000000000182e+03,5.663452148437500000e+01,1.562500000000000000e-02,1.549750000000000050e+01,-8.367187500000028422e-02
5.296899999999999636e+03,5.619506835937500000e+01,3.812499999999996447e-02,1.556000000000000050e+01,-6.179687500000063949e-02
5.297000000000000000e+03,5.579223632812500000e+01,1.562500000000000000e-02,1.560999999999999943e+01,-6.945312500000078160e-02
5.297100000000000364e+03,5.590209960937500000e+01,4.312499999999985789e-02,1.570749999999999957e+01,-3.117187500000095923e-02
5.297199999999999818e+03,5.557250976562500000e+01,2.562499999999978684e-02,1.565000000000000036e+01,-2.351562500000081712e-02
5.297300000000000182e+03,5.590209960937500000e+01,4.812499999999975131e-02,1.547000000000000064e+01,-5.140625000000031974e-02
5.297399999999999636e+03,5.522460937500000000e+01,3.812499999999996447e-02,1.565750000000000064e+01,3.390624999999936051e-02
5.297500000000000000e+03,5.515136718750000000e+01,4.312499999999985789e-02,1.552999999999999936e+01,-3.937500000000060396e-02
5.297600000000000364e+03,5.533447265625000000e+01,-4.918750000000002842e-01,1.559999999999999964e+01,-3.390625000000024869e-02
5.297699999999999818e+03,5.493164062500000000e+01,4.312499999999985789e-02,1.564000000000000057e+01,-8.203125000000532907e-03
5.297800000000000182e+03,5.496826171875000000e+01,6.062499999999992895e-02,1.558000000000000007e+01,4.921874999999076294e-03
5.297899999999999636e+03,5.454711914062500000e+01,8.124999999999715783e-03,1.565000000000000036e+01,-3.554687500000053291e-02
5.298000000000000000e+03,5.456542968750000000e+01,6.312499999999987566e-02,1.554749999999999943e+01,-2.789062500000039080e-02
5.298100000000000364e+03,5.473022460937500000e+01,5.312500000000008882e-02,1.547749999999999915e+01,-3.226562500000085265e-02
5.298199999999999818e+03,5.432739257812500000e+01,6.562499999999982236e-02,1.533999999999999986e+01,-6.617187500000110134e-02
5.298300000000000182e+03,5.418090820312500000e+01,6.062499999999992895e-02,1.553999999999999915e+01,-3.281250000000035527e-02
5.298399999999999636e+03,5.394287109375000000e+01,4.562499999999980460e-02,1.565000000000000036e+01,-4.812500000000063949e-02
5.298500000000000000e+03,5.397949218750000000e+01,3.562500000000001776e-02,1.523000000000000043e+01,-7.765625000000042633e-02
5.298600000000000364e+03,5.412597656250000000e+01,6.562499999999982236e-02,1.542750000000000021e+01,-3.445312500000063949e-02
5.298699999999999818e+03,5.326538085937500000e+01,4.562499999999980460e-02,1.562999999999999901e+01,-2.023437500000024869e-02
5.298800000000000182e+03,5.352172851562500000e+01,-1.875000000000071054e-03,1.543999999999999950e+01,-2.898437500000028422e-02
5.298899999999999636e+03,5.335693359375000000e+01,5.062500000000014211e-02,1.540000000000000036e+01,-9.296875000000071054e-02
5.299000000000000000e+03,5.341186523437500000e+01,4.562499999999980460e-02,1.548000000000000043e+01,-1.476562500000078160e-02
5.299100000000000364e+03,5.344848632812500000e+01,8.812499999999978684e-02,1.558999999999999986e+01,-7.328125000000085265e-02
5.299199999999999818e+03,5.266113281250000000e+01,6.062499999999992895e-02,1.566000000000000014e+01,-3.828125000000071054e-02
5.299300000000000182e+03,5.295410156250000000e+01,8.812499999999978684e-02,1.573000000000000043e+01,-7.492187500000024869e-02
5.299399999999999636e+03,5.284423828125000000e+01,5.062500000000014211e-02,1.553999999999999915e+01,-5.578125000000078160e-02
5.299500000000000000e+03,5.284423828125000000e+01,6.062499999999992895e-02,1.551500000000000057e+01,-5.851562500000095923e-02
5.299600000000000364e+03,5.247802734375000000e+01,3.062500000000012434e-02,1.548000000000000043e+01,-2.953125000000067502e-02
5.299699999999999818e+03,5.202026367187500000e+01,4.312499999999985789e-02,1.564000000000000057e+01,-4.210937500000078160e-02
5.299800000000000182e+03,5.240478515625000000e+01,3.312500000000007105e-02,1.547000000000000064e+01,-3.773437500000031974e-02
5.299899999999999636e+03,5.223999023437500000e+01,7.062500000000015987e-02,1.575000000000000000e+01,-7.875000000000031974e-02
5.300000000000000000e+03,5.225830078125000000e+01,3.812499999999996447e-02,1.562999999999999901e+01,-1.039062500000031974e-02
5.300100000000000364e+03,5.238647460937500000e+01,4.562499999999980460e-02,1.525999999999999979e+01,1.640624999999928946e-02
5.300199999999999818e+03,5.203857421875000000e+01,3.312500000000007105e-02,1.556000000000000050e+01,-9.843750000000106581e-02
5.300300000000000182e+03,5.240478515625000000e+01,6.812499999999976907e-02,1.542999999999999972e+01,-7.109375000000106581e-02
5.300399999999999636e+03,5.223999023437500000e+01,2.899999999999999911e+00,1.560999999999999943e+01,1.549078125000000128e+01
5.300500000000000000e+03,5.225830078125000000e+01,2.977500000000000036e+00,1.544749999999999979e+01,1.545414062500000085e+01
5.300600000000000364e+03,5.240478515625000000e+01,2.952500000000000124e+00,1.540000000000000036e+01,1.550664062500000107e+01
5.300699999999999818e+03,5.202026367187500000e+01,2.990000000000000213e+00,1.569999999999999929e+01,1.550226562500000149e+01
5.300800000000000182e+03,5.236816406250000000e+01,2.955000000000000071e+00,1.552999999999999936e+01,1.551210937500000142e+01
5.300899999999999636e+03,5.295410156250000000e+01,2.990000000000000213e+00,1.558000000000000007e+01,1.542953125000000014e+01
5.301000000000000000e+03,5.332031250000000000e+01,3.000000000000000000e+00,1.559999999999999964e+01,1.544976562500000128e+01
5.301100000000000364e+03,5.337524414062500000e+01,3.015000000000000124e+00,1.553999999999999915e+01,1.549515625000000085e+01
5.301199999999999818e+03,5.304565429687500000e+01,3.032500000000000195e+00,1.534999999999999964e+01,1.549953125000000043e+01
5.301300000000000182e+03,5.363159179687500000e+01,3.020000000000000018e+00,1.576750000000000007e+01,1.549679687500000114e+01
5.301399999999999636e+03,5.549926757812500000e+01,3.040000000000000036e+00,1.531000000000000050e+01,1.542406250000000156e+01
5.301500000000000000e+03,5.570068359375000000e+01,3.057500000000000107e+00,1.558999999999999986e+01,1.549242187500000156e+01
5.301600000000000364e+03,5.581054687500000000e+01,3.055000000000000160e+00,1.569249999999999901e+01,1.545960937500000121e+01
5.301699999999999818e+03,5.538940429687500000e+01,3.067499999999999893e+00,1.537999999999999901e+01,1.545960937500000121e+01
5.301800000000000182e+03,5.881347656250000000e+01,3.042499999999999982e+00,1.541999999999999993e+01,1.547218750000000043e+01
5.301899999999999636e+03,5.919799804687500000e+01,3.062500000000000000e+00,1.548000000000000043e+01,1.554710937500000156e+01
5.302000000000000000e+03,5.927124023437500000e+01,3.067499999999999893e+00,1.564749999999999908e+01,1.543718750000000028e+01
5.302100000000000364e+03,5.941772460937500000e+01,3.064999999999999947e+00,1.534999999999999964e+01,1.550664062500000107e+01
5.302199999999999818e+03,6.073608398437500000e+01,3.082500000000000018e+00,1.559999999999999964e+01,1.543937500000000007e+01
5.302300000000000182e+03,6.384887695312500000e+01,3.120000000000000107e+00,1.537999999999999901e+01,1.550500000000000078e+01
5.302399999999999636e+03,6.370239257812500000e+01,3.129999999999999893e+00,1.564000000000000057e+01,1.550171875000000021e+01
5.302500000000000000e+03,6.379394531250000000e+01,3.152499999999999858e+00,1.533999999999999986e+01,1.547546875000000099e+01
5.302600000000000364e+03,6.392211914062500000e+01,3.147499999999999964e+00,1.558750000000000036e+01,1.551101562500000064e+01
5.302699999999999818e+03,6.697998046875000000e+01,3.102500000000000036e+00,1.551999999999999957e+01,1.551976562500000156e+01
5.302800000000000182e+03,6.776733398437500000e+01,3.129999999999999893e+00,1.541999999999999993e+01,1.549570312500000036e+01
5.302899999999999636e+03,6.749267578125000000e+01,3.152499999999999858e+00,1.566999999999999993e+01,1.544210937500000114e+01
5.303000000000000000e+03,6.760253906250000000e+01,3.182500000000000107e+00,1.561999999999999922e+01,1.545359375000000135e+01
5.303100000000000364e+03,6.989135742187500000e+01,3.142500000000000071e+00,1.587500000000000000e+01,1.548531250000000092e+01
5.303199999999999818e+03,7.047729492187500000e+01,3.137500000000000178e+00,1.566999999999999993e+01,1.548804687500000021e+01
5.303300000000000182e+03,7.098999023437500000e+01,3.174999999999999822e+00,1.533000000000000007e+01,1.548531250000000092e+01
5.303399999999999636e+03,7.071533203125000000e+01,3.507500000000000284e+00,1.553999999999999915e+01,1.544976562500000128e+01
5.303500000000000000e+03,7.091674804687500000e+01,3.205000000000000071e+00,1.551999999999999957e+01,1.552359375000000163e+01
5.303600000000000364e+03,7.359008789062500000e+01,3.187500000000000000e+00,1.563749999999999929e+01,1.544429687500000092e+01
5.303699999999999818e+03,7.329711914062500000e+01,3.214999999999999858e+00,1.557000000000000028e+01,1.550828125000000135e+01
5.303800000000000182e+03,7.373657226562500000e+01,3.200000000000000178e+00,1.556749999999999901e+01,1.547437500000000021e+01
5.303899999999999636e+03,7.346191406250000000e+01,3.194999999999999840e+00,1.541000000000000014e+01,1.550609375000000156e+01
5.304000000000000000e+03,7.578735351562500000e+01,3.227500000000000036e+00,1.565000000000000036e+01,1.550226562500000149e+01
5.304100000000000364e+03,7.633666992187500000e+01,3.225000000000000089e+00,1.554999999999999893e+01,1.548804687500000021e+01
5.304199999999999818e+03,7.591552734375000000e+01,3.257499999999999840e+00,1.552749999999999986e+01,1.544867187500000050e+01
5.304300000000000182e+03,7.639160156250000000e+01,3.252499999999999947e+00,1.543999999999999950e+01,1.547437500000000021e+01
5.304399999999999636e+03,7.701416015625000000e+01,3.217499999999999805e+00,1.575000000000000000e+01,1.550171875000000021e+01
5.304500000000000000e+03,7.860717773437500000e+01,3.247500000000000053e+00,1.544999999999999929e+01,1.549296875000000107e+01
5.304600000000000364e+03,7.873535156250000000e+01,3.237499999999999822e+00,1.542999999999999972e+01,1.548585937500000043e+01
5.304699999999999818e+03,7.833251953125000000e+01,3.270000000000000018e+00,1.542999999999999972e+01,1.551812500000000128e+01
5.304800000000000182e+03,7.882690429687500000e+01,3.285000000000000142e+00,1.558000000000000007e+01,1.548476562500000142e+01
5.304899999999999636e+03,8.047485351562500000e+01,3.274999999999999911e+00,1.570999999999999908e+01,1.550609375000000156e+01
5.305000000000000000e+03,8.082275390625000000e+01,3.280000000000000249e+00,1.553999999999999915e+01,1.551320312500000043e+01
5.305100000000000364e+03,8.095092773437500000e+01,3.347500000000000142e+00,1.538749999999999929e+01,1.548531250000000092e+01
5.305199999999999818e+03,8.051147460937500000e+01,3.305000000000000160e+00,1.543999999999999950e+01,1.548421875000000014e+01
5.305300000000000182e+03,8.248901367187500000e+01,3.285000000000000142e+00,1.566499999999999915e+01,1.547656250000000000e+01
5.305399999999999636e+03,8.285522460937500000e+01,3.317499999999999893e+00,1.544749999999999979e+01,1.545851562500000043e+01
5.305500000000000000e+03,8.309326171875000000e+01,3.307500000000000107e+00,1.566000000000000014e+01,1.552140625000000007e+01
5.305600000000000364e+03,8.318481445312500000e+01,3.319999999999999840e+00,1.561999999999999922e+01,1.551484375000000071e+01
5.305699999999999818e+03,8.281860351562500000e+01,3.357499999999999929e+00,1.537999999999999901e+01,1.544757812500000149e+01
5.305800000000000182e+03,8.512573242187500000e+01,3.310000000000000053e+00,1.562999999999999901e+01,1.550390625000000000e+01
5.305899999999999636e+03,8.479614257812500000e+01,3.354999999999999982e+00,1.526999999999999957e+01,1.552085937500000057e+01
5.306000000000000000e+03,8.505249023437500000e+01,3.312500000000000000e+00,1.556000000000000050e+01,1.549843750000000142e+01
5.306100000000000364e+03,8.518066406250000000e+01,3.359999999999999876e+00,1.553999999999999915e+01,1.542351562500000028e+01
5.306199999999999818e+03,8.624267578125000000e+01,3.347500000000000142e+00,1.532000000000000028e+01,1.548640624999999993e+01
5.306300000000000182e+03,8.712158203125000000e+01,3.444999999999999840e+00,1.554749999999999943e+01,1.548968750000000050e+01
5.306399999999999636e+03,8.675537109375000000e+01,3.379999999999999893e+00,1.559750000000000014e+01,1.544648437500000071e+01
5.306500000000000000e+03,8.699340820312500000e+01,3.402499999999999858e+00,1.543999999999999950e+01,1.544921875000000000e+01
5.306600000000000364e+03,8.768920898437500000e+01,3.357499999999999929e+00,1.552999999999999936e+01,1.547656250000000000e+01
5.306699999999999818e+03,8.847656250000000000e+01,3.372500000000000053e+00,1.553999999999999915e+01,1.549023437500000000e+01
5.306800000000000182e+03,8.900756835937500000e+01,3.405000000000000249e+00,1.558999999999999986e+01,1.543609375000000128e+01
5.306899999999999636e+03,8.862304687500000000e+01,3.412500000000000089e+00,1.556000000000000050e+01,1.545742187500000142e+01
5.307000000000000000e+03,8.886108398437500000e+01,3.447499999999999787e+00,1.540499999999999936e+01,1.550007812499999993e+01
5.307100000000000364e+03,9.060058593750000000e+01,3.447499999999999787e+00,1.553999999999999915e+01,1.548531250000000092e+01
5.307199999999999818e+03,9.030761718750000000e+01,3.399999999999999911e+00,1.575000000000000000e+01,1.545468750000000036e+01
5.307300000000000182e+03,9.082031250000000000e+01,3.427500000000000213e+00,1.544999999999999929e+01,1.547765625000000078e+01
5.307399999999999636e+03,9.038085937500000000e+01,3.302500000000000213e+00,1.572000000000000064e+01,1.547000000000000064e+01
5.307500000000000000e+03,9.193725585937500000e+01,3.422499999999999876e+00,1.556000000000000050e+01,1.552250000000000085e+01
5.307600000000000364e+03,9.255981445312500000e+01,3.484999999999999876e+00,1.556000000000000050e+01,1.545742187500000142e+01
5.307699999999999818e+03,9.213867187500000000e+01,3.487499999999999822e+00,1.535999999999999943e+01,1.545851562500000043e+01
5.307800000000000182e+03,9.266967773437500000e+01,3.462499999999999911e+00,1.555749999999999922e+01,1.539234375000000021e+01
5.307899999999999636e+03,9.232177734375000000e+01,3.490000000000000213e+00,1.551999999999999957e+01,1.547601562500000050e+01
5.308000000000000000e+03,9.422607421875000000e+01,3.504999999999999893e+00,1.557000000000000028e+01,1.549734375000000064e+01
5.308100000000000364e+03,9.442749023437500000e+01,3.492500000000000160e+00,1.544999999999999929e+01,1.546562500000000107e+01
5.308199999999999818e+03,9.395141601562500000e+01,3.497500000000000053e+00,1.550000000000000000e+01,1.547546875000000099e+01
5.308300000000000182e+03,9.448242187500000000e+01,3.517500000000000071e+00,1.531000000000000050e+01,1.545578125000000114e+01
5.308399999999999636e+03,9.541625976562500000e+01,3.497500000000000053e+00,1.538749999999999929e+01,1.549898437500000092e+01
5.308500000000000000e+03,9.602050781250000000e+01,3.522499999999999964e+00,1.558000000000000007e+01,1.544156250000000163e+01
5.308600000000000364e+03,9.609375000000000000e+01,3.515000000000000124e+00,1.548000000000000043e+01,1.551484375000000071e+01
5.308699999999999818e+03,9.567260742187500000e+01,3.515000000000000124e+00,1.553999999999999915e+01,1.544429687500000092e+01
5.308800000000000182e+03,9.689941406250000000e+01,3.504999999999999893e+00,1.533999999999999986e+01,1.547273437499999993e+01
5.308899999999999636e+03,9.735717773437500000e+01,3.540000000000000036e+00,1.547000000000000064e+01,1.545742187500000142e+01
5.309000000000000000e+03,9.766845703125000000e+01,3.547499999999999876e+00,1.543999999999999950e+01,1.547437500000000021e+01
5.309100000000000364e+03,9.779663085937500000e+01,3.567499999999999893e+00,1.562999999999999901e+01,1.546179687500000099e+01
5.309199999999999818e+03,9.732055664062500000e+01,3.567499999999999893e+00,1.553999999999999915e+01,1.543937500000000007e+01
5.309300000000000182e+03,9.938964843750000000e+01,3.582500000000000018e+00,1.541999999999999993e+01,1.543882812500000057e+01
5.309399999999999636e+03,9.898681640625000000e+01,3.609999999999999876e+00,1.560999999999999943e+01,1.554656250000000028e+01
5.309500000000000000e+03,9.931640625000000000e+01,3.582500000000000018e+00,1.556000000000000050e+01,1.540273437500000142e+01
5.309600000000000364e+03,9.937133789062500000e+01,3.607499999999999929e+00,1.534999999999999964e+01,1.543554687500000000e+01
5.309699999999999818e+03,1.001037597656250000e+02,3.634999999999999787e+00,1.534750000000000014e+01,1.546945312500000114e+01
5.309800000000000182e+03,1.011657714843750000e+02,3.589999999999999858e+00,1.544999999999999929e+01,1.544484375000000043e+01
5.309899999999999636e+03,1.006713867187500000e+02,3.602500000000000036e+00,1.542999999999999972e+01,1.546179687500000099e+01
5.310000000000000000e+03,1.010009765625000000e+02,3.640000000000000124e+00,1.567999999999999972e+01,1.547984375000000057e+01
5.310100000000000364e+03,1.013122558593750000e+02,3.625000000000000000e+00,1.550999999999999979e+01,1.547710937500000128e+01
5.310199999999999818e+03,1.021728515625000000e+02,3.662500000000000089e+00,1.539000000000000057e+01,1.543390625000000149e+01
5.310300000000000182e+03,1.027954101562500000e+02,3.667499999999999982e+00,1.550999999999999979e+01,1.549679687500000114e+01
5.310399999999999636e+03,1.022644042968750000e+02,3.660000000000000142e+00,1.566999999999999993e+01,1.547218750000000043e+01
5.310500000000000000e+03,1.025756835937500000e+02,3.640000000000000124e+00,1.537999999999999901e+01,1.549187500000000028e+01
5.310600000000000364e+03,1.041687011718750000e+02,3.680000000000000160e+00,1.572000000000000064e+01,1.549843750000000142e+01
5.310699999999999818e+03,1.039306640625000000e+02,3.655000000000000249e+00,1.542750000000000021e+01,1.544046875000000085e+01
5.310800000000000182e+03,1.044799804687500000e+02,3.695000000000000284e+00,1.540000000000000036e+01,1.548476562500000142e+01
5.310899999999999636e+03,1.039672851562500000e+02,3.685000000000000053e+00,1.545749999999999957e+01,1.551101562500000064e+01
5.311000000000000000e+03,1.052124023437500000e+02,3.667499999999999982e+00,1.561999999999999922e+01,1.546398437500000078e+01
5.311100000000000364e+03,1.060729980468750000e+02,3.714999999999999858e+00,1.567999999999999972e+01,1.548859375000000149e+01
5.311199999999999818e+03,1.056152343750000000e+02,3.722500000000000142e+00,1.550999999999999979e+01,1.546453125000000028e+01
5.311300000000000182e+03,1.062011718750000000e+02,3.782499999999999751e+00,1.550000000000000000e+01,1.546945312500000114e+01
5.311399999999999636e+03,1.056701660156250000e+02,3.719999999999999751e+00,1.546499999999999986e+01,1.545578125000000114e+01
5.311500000000000000e+03,1.075195312500000000e+02,3.797499999999999876e+00,1.546749999999999936e+01,1.552031250000000107e+01
5.311600000000000364e+03,1.076477050781250000e+02,3.727500000000000036e+00,1.541000000000000014e+01,1.549953125000000043e+01
5.311699999999999818e+03,1.072631835937500000e+02,3.782499999999999751e+00,1.553999999999999915e+01,1.549515625000000085e+01
5.311800000000000182e+03,1.078125000000000000e+02,3.787500000000000089e+00,1.556000000000000050e+01,1.542406250000000156e+01
5.311899999999999636e+03,1.085632324218750000e+02,3.797499999999999876e+00,1.571250000000000036e+01,1.547054687500000014e+01
5.312000000000000000e+03,1.093322753906250000e+02,3.785000000000000142e+00,1.550000000000000000e+01,1.546343750000000128e+01
5.312100000000000364e+03,1.094055175781250000e+02,3.812500000000000000e+00,1.534999999999999964e+01,1.546453125000000028e+01
5.312199999999999818e+03,1.089660644531250000e+02,3.837499999999999911e+00,1.545749999999999957e+01,1.550062500000000121e+01
5.312300000000000182e+03,1.097900390625000000e+02,3.844999999999999751e+00,1.547000000000000064e+01,1.547328125000000121e+01
5.312399999999999636e+03,1.105041503906250000e+02,3.812500000000000000e+00,1.541000000000000014e+01,1.548750000000000071e+01
5.312500000000000000e+03,1.109802246093750000e+02,3.870000000000000107e+00,1.542999999999999972e+01,1.544484375000000043e+01
5.312600000000000364e+03,1.109436035156250000e+02,3.890000000000000124e+00,1.536999999999999922e+01,1.549953125000000043e+01
5.312699999999999818e+03,1.105590820312500000e+02,3.890000000000000124e+00,1.558000000000000007e+01,1.545304687500000007e+01
5.312800000000000182e+03,1.127197265625000000e+02,3.899999999999999911e+00,1.554999999999999893e+01,1.551374999999999993e+01
5.312899999999999636e+03,1.122070312500000000e+02,3.917499999999999982e+00,1.569249999999999901e+01,1.546726562500000135e+01
5.313000000000000000e+03,1.126281738281250000e+02,3.832500000000000018e+00,1.578999999999999915e+01,1.544976562500000128e+01
5.313100000000000364e+03,1.126647949218750000e+02,3.917499999999999982e+00,1.550999999999999979e+01,1.547054687500000014e+01
5.313199999999999818e+03,1.133239746093750000e+02,3.964999999999999858e+00,1.558000000000000007e+01,1.548203125000000036e+01
5.313300000000000182e+03,1.145141601562500000e+02,3.995000000000000107e+00,1.544999999999999929e+01,1.551046875000000114e+01
5.313399999999999636e+03,1.139099121093750000e+02,4.004999999999999893e+00,1.568999999999999950e+01,1.554437500000000050e+01
5.313500000000000000e+03,1.143493652343750000e+02,4.017500000000000071e+00,1.550499999999999901e+01,1.551648437500000099e+01
5.313600000000000364e+03,1.144775390625000000e+02,4.015000000000000568e+00,1.531749999999999901e+01,1.544921875000000000e+01
5.313699999999999818e+03,1.155578613281250000e+02,3.995000000000000107e+00,1.566000000000000014e+01,1.548148437500000085e+01
5.313800000000000182e+03,1.163452148437500000e+02,4.007500000000000284e+00,1.550000000000000000e+01,1.547382812500000071e+01
5.313899999999999636e+03,1.156311035156250000e+02,4.015000000000000568e+00,1.536999999999999922e+01,1.547875000000000156e+01
5.314000000000000000e+03,1.160705566406250000e+02,4.054999999999999716e+00,1.575999999999999979e+01,1.549187500000000028e+01
5.314100000000000364e+03,1.175354003906250000e+02,4.067499999999999893e+00,1.558000000000000007e+01,1.547054687500000014e+01
5.314199999999999818e+03,1.174255371093750000e+02,4.110000000000000320e+00,1.558999999999999986e+01,1.544429687500000092e+01
5.314300000000000182e+03,1.180114746093750000e+02,4.084999999999999964e+00,1.541000000000000014e+01,1.548968750000000050e+01
5.314399999999999636e+03,1.174438476562500000e+02,4.152499999999999858e+00,1.557000000000000028e+01,1.556296875000000135e+01
5.314500000000000000e+03,1.185058593750000000e+02,4.165000000000000036e+00,1.556000000000000050e+01,1.548914062500000099e+01
5.314600000000000364e+03,1.196228027343750000e+02,4.160000000000000142e+00,1.548000000000000043e+01,1.551921875000000028e+01
5.314699999999999818e+03,1.192382812500000000e+02,4.195000000000000284e+00,1.554999999999999893e+01,1.543171874999999993e+01
5.314800000000000182e+03,1.198242187500000000e+02,4.165000000000000036e+00,1.558000000000000007e+01,1.544210937500000114e+01
5.314899999999999636e+03,1.192199707031250000e+02,4.224999999999999645e+00,1.552999999999999936e+01,1.539234375000000021e+01
5.315000000000000000e+03,1.213256835937500000e+02,4.240000000000000213e+00,1.578749999999999964e+01,1.546726562500000135e+01
5.315100000000000364e+03,1.214904785156250000e+02,4.205000000000000071e+00,1.544999999999999929e+01,1.550445312500000128e+01
5.315199999999999818e+03,1.211059570312500000e+02,4.252499999999999503e+00,1.558999999999999986e+01,1.547382812500000071e+01
5.315300000000000182e+03,1.216735839843750000e+02,4.269375000000000142e+00,1.573000000000000043e+01,1.546726562500000135e+01
5.315399999999999636e+03,1.210876464843750000e+02,4.281250000000000000e+00,1.542999999999999972e+01,1.551046875000000114e+01
5.315500000000000000e+03,1.216186523437500000e+02,4.304375000000000284e+00,1.537999999999999901e+01,1.548367187500000064e+01
5.315600000000000364e+03,1.215270996093750000e+02,5.812499999999998224e-02,1.561749999999999972e+01,-4.375000000000461853e-03
5.315699999999999818e+03,1.211791992187500000e+02,3.062500000000012434e-02,1.545999999999999908e+01,4.156249999999950262e-02
5.315800000000000182e+03,1.217651367187500000e+02,3.562500000000001776e-02,1.556000000000000050e+01,-3.335937500000074607e-02
5.315899999999999636e+03,1.211608886718750000e+02,2.062499999999989342e-02,1.547000000000000064e+01,9.843749999999040767e-03
5.316000000000000000e+03,1.215820312500000000e+02,6.312499999999987566e-02,1.541999999999999993e+01,-8.968750000000103029e-02
5.316100000000000364e+03,1.215820312500000000e+02,6.562499999999982236e-02,1.558000000000000007e+01,-4.101562500000088818e-02
5.316199999999999818e+03,1.211608886718750000e+02,3.312500000000007105e-02,1.564000000000000057e+01,-1.640625000000106581e-02
5.316300000000000182e+03,1.217468261718750000e+02,7.812500000000000000e-02,1.566999999999999993e+01,-3.171875000000046185e-02
5.316399999999999636e+03,1.211059570312500000e+02,2.562499999999978684e-02,1.571749999999999936e+01,1.257812499999921840e-02
5.316500000000000000e+03,1.216186523437500000e+02,5.562500000000003553e-02,1.545999999999999908e+01,-7.382812500000035527e-02
5.316600000000000364e+03,1.215270996093750000e+02,4.812499999999975131e-02,1.558000000000000007e+01,-3.281250000000035527e-02
5.316699999999999818e+03,1.204467773437500000e+02,5.562500000000003553e-02,1.560999999999999943e+01,-2.953125000000067502e-02
5.316800000000000182e+03,1.200988769531250000e+02,1.812499999999994671e-02,1.541000000000000014e+01,-7.437500000000074607e-02
5.316899999999999636e+03,1.194213867187500000e+02,6.062499999999992895e-02,1.554999999999999893e+01,-8.804687500000074607e-02
5.317000000000000000e+03,1.199340820312500000e+02,4.312499999999985789e-02,1.573249999999999993e+01,-6.835937500000088818e-02
5.317100000000000364e+03,1.198974609375000000e+02,1.562500000000000000e-02,1.561749999999999972e+01,-4.046875000000049738e-02
5.317199999999999818e+03,1.166381835937500000e+02,3.312500000000007105e-02,1.543999999999999950e+01,-3.335937500000074607e-02
5.317300000000000182e+03,1.170043945312500000e+02,1.812499999999994671e-02,1.541999999999999993e+01,-4.703125000000074607e-02
5.317399999999999636e+03,1.163269042968750000e+02,2.062499999999989342e-02,1.540000000000000036e+01,-1.914062500000035527e-02
5.317500000000000000e+03,1.168029785156250000e+02,6.062499999999992895e-02,1.539000000000000057e+01,-5.031250000000042633e-02
5.317600000000000364e+03,1.137084960937500000e+02,6.062499999999992895e-02,1.543750000000000000e+01,3.226562499999907629e-02
5.317699999999999818e+03,1.120239257812500000e+02,5.812499999999998224e-02,1.548000000000000043e+01,-4.539062500000046185e-02
5.317800000000000182e+03,1.125000000000000000e+02,4.062499999999991118e-02,1.539000000000000057e+01,-1.476562500000078160e-02
5.317899999999999636e+03,1.119689941406250000e+02,2.312499999999984013e-02,1.547000000000000064e+01,-3.609375000000092371e-02
5.318000000000000000e+03,1.120422363281250000e+02,8.812499999999978684e-02,1.535749999999999993e+01,-4.539062500000046185e-02
5.318100000000000364e+03,1.088562011718750000e+02,1.062500000000010658e-02,1.566999999999999993e+01,-3.007812500000106581e-02
5.318199999999999818e+03,1.082702636718750000e+02,3.562500000000001776e-02,1.565000000000000036e+01,-4.921875000000852651e-03
5.318300000000000182e+03,1.088378906250000000e+02,6.062499999999992895e-02,1.554999999999999893e+01,-6.289062500000053291e-02
5.318399999999999636e+03,1.083251953125000000e+02,6.875000000000008882e-02,1.539749999999999908e+01,-7.164062500000056843e-02
5.318500000000000000e+03,1.059082031250000000e+02,2.812499999999973355e-02,1.559999999999999964e+01,3.828124999999182876e-03
5.318600000000000364e+03,1.054870605468750000e+02,5.562500000000003553e-02,1.554999999999999893e+01,-3.937500000000060396e-02
5.318699999999999818e+03,1.050476074218750000e+02,5.812499999999998224e-02,1.562500000000000000e+01,-1.039062500000031974e-02
5.318800000000000182e+03,1.055969238281250000e+02,-1.875000000000071054e-03,1.542999999999999972e+01,-4.375000000000106581e-02
5.318899999999999636e+03,1.038574218750000000e+02,1.812499999999994671e-02,1.548749999999999893e+01,-7.328125000000085265e-02
5.319000000000000000e+03,1.029052734375000000e+02,6.812499999999976907e-02,1.550000000000000000e+01,-3.937500000000060396e-02
5.319100000000000364e+03,1.028869628906250000e+02,5.312500000000008882e-02,1.558750000000000036e+01,-4.375000000000106581e-02
5.319199999999999818e+03,1.024475097656250000e+02,1.562500000000000000e-02,1.545999999999999908e+01,-2.023437500000024869e-02
5.319300000000000182e+03,1.029968261718750000e+02,4.562499999999980460e-02,1.558000000000000007e+01,-5.468750000000355271e-03
5.319399999999999636e+03,1.003051757812500000e+02,6.062499999999992895e-02,1.520749999999999957e+01,-5.085937500000081712e-02
5.319500000000000000e+03,1.004150390625000000e+02,4.812499999999975131e-02,1.571250000000000036e+01,-4.703125000000074607e-02
5.319600000000000364e+03,1.004516601562500000e+02,6.562499999999982236e-02,1.551750000000000007e+01,-4.375000000000461853e-03
5.319699999999999818e+03,1.000488281250000000e+02,3.312500000000007105e-02,1.558999999999999986e+01,-4.265625000000028422e-02
5.319800000000000182e+03,9.907836914062500000e+01,4.062499999999991118e-02,1.566000000000000014e+01,-1.367187500000088818e-02
5.319899999999999636e+03,9.803466796875000000e+01,2.562499999999978684e-02,1.568999999999999950e+01,-3.718750000000081712e-02
5.320000000000000000e+03,9.834594726562500000e+01,3.312500000000007105e-02,1.566000000000000014e+01,-6.617187500000110134e-02
5.320100000000000364e+03,9.838256835937500000e+01,5.062500000000014211e-02,1.562999999999999901e+01,-4.375000000000461853e-03
5.320199999999999818e+03,9.772338867187500000e+01,2.312499999999984013e-02,1.565750000000000064e+01,-9.734375000000028422e-02
5.320300000000000182e+03,9.655151367187500000e+01,3.812499999999996447e-02,1.558750000000000036e+01,-3.445312500000063949e-02
5.320399999999999636e+03,9.605712890625000000e+01,3.812499999999996447e-02,1.534750000000000014e+01,-4.375000000000461853e-03
5.320500000000000000e+03,9.633178710937500000e+01,5.562500000000003553e-02,1.575000000000000000e+01,7.109374999999751310e-03
5.320600000000000364e+03,9.642333984375000000e+01,5.312500000000008882e-02,1.547000000000000064e+01,2.187499999998898659e-03
5.320699999999999818e+03,9.439086914062500000e+01,5.062500000000014211e-02,1.564000000000000057e+01,-2.734375000000088818e-02
5.320800000000000182e+03,9.473876953125000000e+01,2.312499999999984013e-02,1.564749999999999908e+01,-2.460937500000071054e-02
5.320899999999999636e+03,9.420776367187500000e+01,2.812499999999973355e-02,1.568999999999999950e+01,-2.843750000000078160e-02
5.321000000000000000e+03,9.453735351562500000e+01,4.312499999999985789e-02,1.567999999999999972e+01,-3.390625000000024869e-02
5.321100000000000364e+03,9.378662109375000000e+01,1.562500000000000000e-02,1.551750000000000007e+01,-3.117187500000095923e-02
5.321199999999999818e+03,9.248657226562500000e+01,6.562499999999982236e-02,1.543750000000000000e+01,-1.640625000000284217e-03
5.321300000000000182e+03,9.298095703125000000e+01,3.812499999999996447e-02,1.557000000000000028e+01,-3.171875000000046185e-02
5.321399999999999636e+03,9.252319335937500000e+01,3.562500000000001776e-02,1.531000000000000050e+01,-3.117187500000095923e-02
5.321500000000000000e+03,9.281616210937500000e+01,2.312499999999984013e-02,1.526999999999999957e+01,-3.828125000000071054e-02
5.321600000000000364e+03,9.146118164062500000e+01,6.812499999999976907e-02,1.540000000000000036e+01,-2.734375000001065814e-03
5.321699999999999818e+03,9.093017578125000000e+01,6.562499999999982236e-02,1.575999999999999979e+01,-2.187500000000053291e-02
5.321800000000000182e+03,9.146118164062500000e+01,7.062500000000015987e-02,1.552749999999999986e+01,3.226562499999907629e-02
5.321899999999999636e+03,9.098510742187500000e+01,3.562500000000001776e-02,1.566999999999999993e+01,4.374999999999573674e-03
5.322000000000000000e+03,9.012451171875000000e+01,1.812499999999994671e-02,1.560999999999999943e+01,3.281249999999680256e-03
5.322100000000000364e+03,8.979492187500000000e+01,3.562500000000001776e-02,1.550000000000000000e+01,-5.578125000000078160e-02
5.322199999999999818e+03,8.937377929687500000e+01,3.062500000000012434e-02,1.551999999999999957e+01,-5.195312500000071054e-02
5.322300000000000182e+03,8.983154296875000000e+01,3.562500000000001776e-02,1.535999999999999943e+01,-5.742187500000106581e-02
5.322399999999999636e+03,8.922729492187500000e+01,3.562500000000001776e-02,1.565000000000000036e+01,-3.937500000000060396e-02
5.322500000000000000e+03,8.836669921875000000e+01,4.812499999999975131e-02,1.544749999999999979e+01,-2.953125000000067502e-02
5.322600000000000364e+03,8.838500976562500000e+01,6.062499999999992895e-02,1.541999999999999993e+01,-5.468750000000355271e-03
5.322699999999999818e+03,8.794555664062500000e+01,2.312499999999984013e-02,1.548000000000000043e+01,-5.742187500000106581e-02
5.322800000000000182e+03,8.847656250000000000e+01,3.812499999999996447e-02,1.565000000000000036e+01,-5.359375000000099476e-02
5.322899999999999636e+03,8.688354492187500000e+01,7.312500000000010658e-02,1.551999999999999957e+01,2.187499999998898659e-03
5.323000000000000000e+03,8.686523437500000000e+01,4.312499999999985789e-02,1.558999999999999986e+01,1.312499999999960920e-02
5.323100000000000364e+03,8.697509765625000000e+01,4.812499999999975131e-02,1.543999999999999950e+01,-2.351562500000081712e-02
5.323199999999999818e+03,8.651733398437500000e+01,5.562500000000003553e-02,1.562999999999999901e+01,-1.531250000000028422e-02
5.323300000000000182e+03,8.644409179687500000e+01,5.312500000000008882e-02,1.575000000000000000e+01,-3.828125000000959233e-03
5.323399999999999636e+03,8.527221679687500000e+01,5.562500000000003553e-02,1.544999999999999929e+01,2.023437499999936051e-02
5.323500000000000000e+03,8.549194335937500000e+01,4.812499999999975131e-02,1.535999999999999943e+01,-7.601562500000103029e-02
5.323600000000000364e+03,8.554687500000000000e+01,3.312500000000007105e-02,1.561999999999999922e+01,-8.203125000000532907e-03
5.323699999999999818e+03,8.510742187500000000e+01,5.062500000000014211e-02,1.559999999999999964e+01,-6.343750000000092371e-02
5.323800000000000182e+03,8.435668945312500000e+01,4.062499999999991118e-02,1.558999999999999986e+01,-5.523437500000039080e-02
5.323899999999999636e+03,8.384399414062500000e+01,2.312499999999984013e-02,1.545749999999999957e+01,-4.703125000000074607e-02
5.324000000000000000e+03,8.411865234375000000e+01,5.562500000000003553e-02,1.548000000000000043e+01,1.749999999999918288e-02
5.324100000000000364e+03,8.419189453125000000e+01,5.812499999999998224e-02,1.537999999999999901e+01,-4.757812500000024869e-02
5.324199999999999818e+03,8.285522460937500000e+01,3.312500000000007105e-02,1.544999999999999929e+01,-5.632812500000028422e-02
5.324300000000000182e+03,8.296508789062500000e+01,6.062499999999992895e-02,1.559999999999999964e+01,-2.515625000000110134e-02
5.324399999999999636e+03,8.256225585937500000e+01,3.562500000000001776e-02,1.556000000000000050e+01,-5.468750000000088818e-02
5.324500000000000000e+03,8.278198242187500000e+01,5.062500000000014211e-02,1.553999999999999915e+01,-6.179687500000063949e-02
5.324600000000000364e+03,8.276367187500000000e+01,1.812499999999994671e-02,1.535999999999999943e+01,-5.140625000000031974e-02
5.324699999999999818e+03,8.120727539062500000e+01,4.812499999999975131e-02,1.542999999999999972e+01,-8.421875000000067502e-02
5.324800000000000182e+03,8.164672851562500000e+01,5.562500000000003553e-02,1.541000000000000014e+01,-7.109375000000639488e-03
5.324899999999999636e+03,8.124389648437500000e+01,1.312500000000005329e-02,1.559999999999999964e+01,-2.953125000000067502e-02
5.325000000000000000e+03,8.148193359375000000e+01,3.562500000000001776e-02,1.573000000000000043e+01,-8.968750000000103029e-02
5.325100000000000364e+03,8.056640625000000000e+01,5.562500000000003553e-02,1.557000000000000028e+01,-1.039062500000031974e-02
5.325199999999999818e+03,7.992553710937500000e+01,5.812499999999998224e-02,1.551999999999999957e+01,-9.734375000000028422e-02
5.325300000000000182e+03,8.043823242187500000e+01,6.062499999999992895e-02,1.557000000000000028e+01,-4.812500000000063949e-02
5.325399999999999636e+03,8.005371093750000000e+01,3.062500000000012434e-02,1.549000000000000021e+01,-3.609375000000092371e-02
5.325500000000000000e+03,7.974243164062500000e+01,3.562500000000001776e-02,1.574000000000000021e+01,-5.468750000000088818e-02
5.325600000000000364e+03,7.919311523437500000e+01,3.562500000000001776e-02,1.564000000000000057e+01,-1.914062500000035527e-02
5.325699999999999818e+03,7.871704101562500000e+01,2.312499999999984013e-02,1.547000000000000064e+01,-7.710937500000092371e-02
5.325800000000000182e+03,7.921142578125000000e+01,3.312500000000007105e-02,1.549750000000000050e+01,-8.750000000000035527e-02
5.325899999999999636e+03,7.890014648437500000e+01,6.062499999999992895e-02,1.547000000000000064e+01,-1.968750000000074607e-02
5.326000000000000000e+03,7.796630859375000000e+01,5.062500000000014211e-02,1.551750000000000007e+01,-3.828125000000959233e-03
5.326100000000000364e+03,7.798461914062500000e+01,1.312500000000005329e-02,1.556000000000000050e+01,-2.242187500000092371e-02
5.326199999999999818e+03,7.754516601562500000e+01,5.562500000000003553e-02,1.541000000000000014e+01,-5.140625000000031974e-02
5.326300000000000182e+03,7.802124023437500000e+01,5.062500000000014211e-02,1.565000000000000036e+01,-4.539062500000046185e-02
5.326399999999999636e+03,7.688598632812500000e+01,3.812499999999996447e-02,1.565000000000000036e+01,-2.187500000000675016e-03
5.326500000000000000e+03,7.666625976562500000e+01,2.312499999999984013e-02,1.542999999999999972e+01,-2.023437500000024869e-02
5.326600000000000364e+03,7.672119140625000000e+01,3.312500000000007105e-02,1.548000000000000043e+01,-2.132812500000103029e-02
5.326699999999999818e+03,7.635498046875000000e+01,6.812499999999976907e-02,1.556000000000000050e+01,-2.296875000000042633e-02
5.326800000000000182e+03,7.679443359375000000e+01,4.812499999999975131e-02,1.572000000000000064e+01,-2.406250000000031974e-02
5.326899999999999636e+03,7.545776367187500000e+01,3.812499999999996447e-02,1.565750000000000064e+01,-1.859375000000085265e-02
5.327000000000000000e+03,7.554931640625000000e+01,6.312499999999987566e-02,1.524000000000000021e+01,-5.468750000000355271e-03
5.327100000000000364e+03,7.565917968750000000e+01,3.562500000000001776e-02,1.574000000000000021e+01,2.296874999999953815e-02
5.327199999999999818e+03,7.521972656250000000e+01,6.562499999999982236e-02,1.561999999999999922e+01,3.281249999999680256e-03
5.327300000000000182e+03,7.483520507812500000e+01,4.312499999999985789e-02,1.569749999999999979e+01,-3.335937500000074607e-02
5.327399999999999636e+03,7.428588867187500000e+01,3.062500000000012434e-02,1.544999999999999929e+01,2.296874999999953815e-02
5.327500000000000000e+03,7.445068359375000000e+01,6.062499999999992895e-02,1.542750000000000021e+01,-2.515625000000110134e-02
5.327600000000000364e+03,7.456054687500000000e+01,4.062499999999991118e-02,1.542999999999999972e+01,-9.843750000000817124e-03
5.327699999999999818e+03,7.384643554687500000e+01,2.312499999999984013e-02,1.523749999999999893e+01,-2.734375000000088818e-02
5.327800000000000182e+03,7.362670898437500000e+01,5.812499999999998224e-02,1.552999999999999936e+01,-2.570312500000060396e-02
5.327899999999999636e+03,7.327880859375000000e+01,1.062500000000010658e-02,1.567999999999999972e+01,-5.359375000000099476e-02
5.328000000000000000e+03,7.342529296875000000e+01,5.812499999999998224e-02,1.568999999999999950e+01,-2.734375000000088818e-02
5.328100000000000364e+03,7.353515625000000000e+01,5.312500000000008882e-02,1.565000000000000036e+01,8.749999999999147349e-03
5.328199999999999818e+03,7.214355468750000000e+01,4.562499999999980460e-02,1.539000000000000057e+01,-3.609375000000092371e-02
5.328300000000000182e+03,7.249145507812500000e+01,1.812499999999994671e-02,1.578999999999999915e+01,-1.203125000000060396e-02
5.328399999999999636e+03,7.221679687500000000e+01,7.562500000000005329e-02,1.557750000000000057e+01,-1.093750000000071054e-02
5.328500000000000000e+03,7.232666015625000000e+01,4.312499999999985789e-02,1.534999999999999964e+01,-2.078125000000063949e-02
5.328600000000000364e+03,7.183227539062500000e+01,5.312500000000008882e-02,1.552999999999999936e+01,-3.828125000000959233e-03
5.328699999999999818e+03,7.108154296875000000e+01,2.062499999999989342e-02,1.529749999999999943e+01,1.585937499999889866e-02
5.328800000000000182e+03,7.150268554687500000e+01,2.562499999999978684e-02,1.533999999999999986e+01,-8.881784197001252323e-16
5.328899999999999636e+03,7.120971679687500000e+01,3.562500000000001776e-02,1.559999999999999964e+01,-3.171875000000046185e-02
5.329000000000000000e+03,7.128295898437500000e+01,1.312500000000005329e-02,1.551999999999999957e+01,-3.882812500000110134e-02
5.329100000000000364e+03,7.049560546875000000e+01,3.812499999999996447e-02,1.553999999999999915e+01,-4.210937500000078160e-02
5.329199999999999818e+03,7.003784179687500000e+01,3.312500000000007105e-02,1.553999999999999915e+01,1.531249999999939604e-02
5.329300000000000182e+03,7.051391601562500000e+01,4.062499999999991118e-02,1.556749999999999901e+01,-4.375000000000461853e-03
5.329399999999999636e+03,7.020263671875000000e+01,5.312500000000008882e-02,1.536999999999999922e+01,-3.828125000000959233e-03
5.329500000000000000e+03,6.965332031250000000e+01,7.062500000000015987e-02,1.555749999999999922e+01,-2.460937500000071054e-02
5.329600000000000364e+03,6.954345703125000000e+01,4.562499999999980460e-02,1.529999999999999893e+01,-1.203125000000060396e-02
5.329699999999999818e+03,6.914062500000000000e+01,6.062499999999992895e-02,1.562999999999999901e+01,-3.007812500000106581e-02
5.329800000000000182e+03,6.958007812500000000e+01,5.062500000000014211e-02,1.548000000000000043e+01,-3.664062500000042633e-02
5.329899999999999636e+03,6.908569335937500000e+01,5.062500000000014211e-02,1.558000000000000007e+01,-1.804687500000046185e-02
5.330000000000000000e+03,6.846313476562500000e+01,3.812499999999996447e-02,1.558750000000000036e+01,7.109374999999751310e-03
5.330100000000000364e+03,6.855468750000000000e+01,3.562500000000001776e-02,1.569999999999999929e+01,-7.218750000000095923e-02
5.330199999999999818e+03,6.817016601562500000e+01,5.812499999999998224e-02,1.562999999999999901e+01,-4.867187500000103029e-02
5.330300000000000182e+03,6.860961914062500000e+01,6.312499999999987566e-02,1.567999999999999972e+01,-2.406250000000031974e-02
5.330399999999999636e+03,6.754760742187500000e+01,1.062500000000010658e-02,1.543999999999999950e+01,3.718749999999904077e-02
5.330500000000000000e+03,6.754760742187500000e+01,3.812499999999996447e-02,1.524000000000000021e+01,-5.468750000000355271e-03
5.330600000000000364e+03,6.763916015625000000e+01,6.312499999999987566e-02,1.535999999999999943e+01,-3.062500000000056843e-02
5.330699999999999818e+03,6.721801757812500000e+01,1.562500000000000000e-02,1.558999999999999986e+01,-2.515625000000110134e-02
5.330800000000000182e+03,6.716308593750000000e+01,3.562500000000001776e-02,1.551999999999999957e+01,-1.203125000000060396e-02
5.330899999999999636e+03,6.652221679687500000e+01,1.562500000000000000e-02,1.554999999999999893e+01,-8.093750000000099476e-02
5.331000000000000000e+03,6.663208007812500000e+01,7.062500000000015987e-02,1.534999999999999964e+01,-2.187500000000053291e-02
5.331100000000000364e+03,6.677856445312500000e+01,-5.625000000000213163e-03,1.536999999999999922e+01,-9.187500000000081712e-02
5.331199999999999818e+03,6.633911132812500000e+01,5.062500000000014211e-02,1.541000000000000014e+01,-4.320312500000067502e-02
5.331300000000000182e+03,6.602783203125000000e+01,5.062500000000014211e-02,1.557000000000000028e+01,-1.804687500000046185e-02
5.331399999999999636e+03,6.571655273437500000e+01,5.312500000000008882e-02,1.556000000000000050e+01,-6.125000000000024869e-02
5.331500000000000000e+03,6.578979492187500000e+01,5.624999999999769074e-03,1.535999999999999943e+01,-4.703125000000074607e-02
5.331600000000000364e+03,6.591796875000000000e+01,3.812499999999996447e-02,1.550000000000000000e+01,-1.203125000000060396e-02
5.331699999999999818e+03,6.485595703125000000e+01,6.062499999999992895e-02,1.566000000000000014e+01,-6.179687500000063949e-02
5.331800000000000182e+03,6.503906250000000000e+01,5.812499999999998224e-02,1.534999999999999964e+01,-4.046875000000049738e-02
5.331899999999999636e+03,6.481933593750000000e+01,2.812499999999973355e-02,1.562999999999999901e+01,-1.750000000000095923e-02
5.332000000000000000e+03,6.492919921875000000e+01,4.062499999999991118e-02,1.557000000000000028e+01,-1.039062500000031974e-02
5.332100000000000364e+03,6.494750976562500000e+01,7.062500000000015987e-02,1.550999999999999979e+01,-4.539062500000046185e-02
5.332199999999999818e+03,6.388549804687500000e+01,5.812499999999998224e-02,1.538749999999999929e+01,-4.648437500000035527e-02
5.332300000000000182e+03,6.425170898437500000e+01,3.812499999999996447e-02,1.519999999999999929e+01,-2.078125000000063949e-02
5.332399999999999636e+03,6.401367187500000000e+01,7.062500000000015987e-02,1.550999999999999979e+01,-3.773437500000031974e-02
5.332500000000000000e+03,6.410522460937500000e+01,3.812499999999996447e-02,1.550999999999999979e+01,-3.992187500000099476e-02
5.332600000000000364e+03,6.355590820312500000e+01,2.312499999999984013e-02,1.541999999999999993e+01,-2.570312500000060396e-02
5.332699999999999818e+03,6.302490234375000000e+01,3.812499999999996447e-02,1.554749999999999943e+01,-5.523437500000039080e-02
5.332800000000000182e+03,6.348266601562500000e+01,1.875000000000071054e-03,1.547000000000000064e+01,-3.500000000000103029e-02
5.332899999999999636e+03,6.322631835937500000e+01,3.562500000000001776e-02,1.566000000000000014e+01,-1.060937500000003197e-01
5.333000000000000000e+03,6.295166015625000000e+01,1.062500000000010658e-02,1.557000000000000028e+01,-5.140625000000031974e-02
5.333100000000000364e+03,6.265869140625000000e+01,3.312500000000007105e-02,1.558000000000000007e+01,-3.117187500000095923e-02
5.333199999999999818e+03,6.221923828125000000e+01,2.562499999999978684e-02,1.562999999999999901e+01,-3.609375000000092371e-02
5.333300000000000182e+03,6.264038085937500000e+01,5.562500000000003553e-02,1.547000000000000064e+01,4.593749999999907629e-02
5.333399999999999636e+03,6.240234375000000000e+01,8.312499999999989342e-02,1.552999999999999936e+01,-2.078125000000063949e-02
5.333500000000000000e+03,6.176147460937500000e+01,2.312499999999984013e-02,1.547000000000000064e+01,-7.164062500000056843e-02
5.333600000000000364e+03,6.181640625000000000e+01,3.562500000000001776e-02,1.560999999999999943e+01,2.734374999999911182e-02
5.333699999999999818e+03,6.145019531250000000e+01,3.062500000000012434e-02,1.564000000000000057e+01,-3.718750000000081712e-02
5.333800000000000182e+03,6.183471679687500000e+01,6.812499999999976907e-02,1.537999999999999901e+01,-4.375000000000461853e-03
5.333899999999999636e+03,6.110229492187500000e+01,5.812499999999998224e-02,1.548000000000000043e+01,-7.000000000000028422e-02
5.334000000000000000e+03,6.090087890625000000e+01,3.562500000000001776e-02,1.562500000000000000e+01,-6.289062500000053291e-02
5.334100000000000364e+03,6.099243164062500000e+01,6.062499999999992895e-02,1.537999999999999901e+01,-3.117187500000095923e-02
5.334199999999999818e+03,6.062622070312500000e+01,3.062500000000012434e-02,1.542750000000000021e+01,-3.500000000000103029e-02
5.334300000000000182e+03,6.104736328125000000e+01,4.062499999999991118e-02,1.553999999999999915e+01,-1.968750000000074607e-02
5.334399999999999636e+03,6.015014648437500000e+01,2.562499999999978684e-02,1.568999999999999950e+01,-3.062500000000056843e-02
5.334500000000000000e+03,6.016845703125000000e+01,6.312499999999987566e-02,1.557000000000000028e+01,-6.234375000000103029e-02
5.334600000000000364e+03,6.031494140625000000e+01,6.062499999999992895e-02,1.557000000000000028e+01,1.203124999999971578e-02
5.334699999999999818e+03,5.994873046875000000e+01,4.812499999999975131e-02,1.547000000000000064e+01,-4.593750000000085265e-02
5.334800000000000182e+03,5.976562500000000000e+01,5.624999999999769074e-03,1.556000000000000050e+01,5.468749999995026201e-04
5.334899999999999636e+03,5.943603515625000000e+01,1.562500000000000000e-02,1.558000000000000007e+01,-2.406250000000031974e-02
5.335000000000000000e+03,5.947265625000000000e+01,5.812499999999998224e-02,1.562999999999999901e+01,-1.695312500000056843e-02
5.335100000000000364e+03,5.960083007812500000e+01,4.812499999999975131e-02,1.559999999999999964e+01,-1.695312500000056843e-02
5.335199999999999818e+03,5.903320312500000000e+01,1.812499999999994671e-02,1.553999999999999915e+01,-4.593750000000085265e-02
5.335300000000000182e+03,5.894165039062500000e+01,5.312500000000008882e-02,1.551999999999999957e+01,-2.078125000000063949e-02
5.335399999999999636e+03,5.872192382812500000e+01,9.187499999999992895e-02,1.544999999999999929e+01,-5.304687500000060396e-02
5.335500000000000000e+03,5.879516601562500000e+01,5.312500000000008882e-02,1.564000000000000057e+01,-5.140625000000031974e-02
5.335600000000000364e+03,5.890502929687500000e+01,2.562499999999978684e-02,1.531000000000000050e+01,-2.515625000000110134e-02
5.335699999999999818e+03,5.791625976562500000e+01,5.812499999999998224e-02,1.552999999999999936e+01,-8.750000000000923706e-03
5.335800000000000182e+03,5.822753906250000000e+01,2.812499999999973355e-02,1.561749999999999972e+01,-4.156250000000039080e-02
5.335899999999999636e+03,5.806274414062500000e+01,5.062500000000014211e-02,1.529999999999999893e+01,-5.304687500000060396e-02
5.336000000000000000e+03,5.811767578125000000e+01,7.062500000000015987e-02,1.540750000000000064e+01,-2.843750000000078160e-02
5.336100000000000364e+03,5.778808593750000000e+01,5.812499999999998224e-02,1.564000000000000057e+01,2.734374999999289457e-03
5.336199999999999818e+03,5.716552734375000000e+01,4.562499999999980460e-02,1.548000000000000043e+01,-1.968750000000074607e-02
5.336300000000000182e+03,5.755004882812500000e+01,8.124999999999715783e-03,1.549000000000000021e+01,-2.789062500000039080e-02
5.336399999999999636e+03,5.729370117187500000e+01,2.062499999999989342e-02,1.557750000000000057e+01,1.312499999999960920e-02
5.336500000000000000e+03,5.740356445312500000e+01,4.312499999999985789e-02,1.539000000000000057e+01,1.039062499999943157e-02
5.336600000000000364e+03,5.683593750000000000e+01,5.812499999999998224e-02,1.552999999999999936e+01,-5.742187500000106581e-02
5.336699999999999818e+03,5.643310546875000000e+01,2.812499999999973355e-02,1.541000000000000014e+01,-4.757812500000024869e-02
5.336800000000000182e+03,5.681762695312500000e+01,5.624999999999769074e-03,1.550000000000000000e+01,-5.851562500000095923e-02
5.336899999999999636e+03,5.661621093750000000e+01,5.562500000000003553e-02,1.534999999999999964e+01,-1.750000000000095923e-02
5.337000000000000000e+03,5.626831054687500000e+01,2.312499999999984013e-02,1.558499999999999908e+01,-8.476562500000106581e-02
5.337100000000000364e+03,5.625000000000000000e+01,4.312499999999985789e-02,1.533999999999999986e+01,-5.468750000000355271e-03
5.337199999999999818e+03,5.584716796875000000e+01,4.812499999999975131e-02,1.539000000000000057e+01,-5.250000000000110134e-02
5.337300000000000182e+03,5.625000000000000000e+01,5.062500000000014211e-02,1.543999999999999950e+01,-9.843750000000817124e-03
5.337399999999999636e+03,5.593872070312500000e+01,3.812499999999996447e-02,1.540000000000000036e+01,-1.804687500000046185e-02
5.337500000000000000e+03,5.548095703125000000e+01,6.812499999999976907e-02,1.558999999999999986e+01,-4.867187500000103029e-02
5.337600000000000364e+03,5.560913085937500000e+01,1.562500000000000000e-02,1.544749999999999979e+01,-1.421875000000039080e-02
5.337699999999999818e+03,5.527954101562500000e+01,3.562500000000001776e-02,1.557000000000000028e+01,-6.726562500000099476e-02
5.337800000000000182e+03,5.562744140625000000e+01,4.562499999999980460e-02,1.556000000000000050e+01,-1.585937500000067502e-02
5.337899999999999636e+03,5.485839843750000000e+01,6.062499999999992895e-02,1.558999999999999986e+01,-5.632812500000028422e-02
5.338000000000000000e+03,5.482177734375000000e+01,4.062499999999991118e-02,1.533000000000000007e+01,-3.664062500000042633e-02
5.338100000000000364e+03,5.493164062500000000e+01,-1.875000000000071054e-03,1.560749999999999993e+01,-2.789062500000039080e-02
5.338199999999999818e+03,5.452880859375000000e+01,2.312499999999984013e-02,1.539000000000000057e+01,-5.250000000000110134e-02
5.338300000000000182e+03,5.467529296875000000e+01,2.199999999999997513e-01,1.543999999999999950e+01,-3.609375000000092371e-02
5.338399999999999636e+03,5.412597656250000000e+01,6.812499999999976907e-02,1.540000000000000036e+01,-7.601562500000103029e-02
5.338500000000000000e+03,5.418090820312500000e+01,5.312500000000008882e-02,1.545999999999999908e+01,-1.203125000000060396e-02
5.338600000000000364e+03,5.430908203125000000e+01,9.937499999999976907e-02,1.565000000000000036e+01,-2.789062500000039080e-02
5.338699999999999818e+03,5.394287109375000000e+01,3.812499999999996447e-02,1.541999999999999993e+01,-3.828125000000071054e-02
5.338800000000000182e+03,5.375976562500000000e+01,6.062499999999992895e-02,1.551999999999999957e+01,-2.023437500000024869e-02
5.338899999999999636e+03,5.354003906250000000e+01,2.812499999999973355e-02,1.549000000000000021e+01,-4.265625000000028422e-02
5.339000000000000000e+03,5.357666015625000000e+01,4.312499999999985789e-02,1.560999999999999943e+01,1.695312499999968026e-02
5.339100000000000364e+03,5.368652343750000000e+01,2.562499999999978684e-02,1.529999999999999893e+01,-7.765625000000042633e-02
5.339199999999999818e+03,5.297241210937500000e+01,4.812499999999975131e-02,1.564749999999999908e+01,-4.703125000000074607e-02
5.339300000000000182e+03,5.311889648437500000e+01,5.562500000000003553e-02,1.550999999999999979e+01,-1.750000000000095923e-02
5.339399999999999636e+03,5.295410156250000000e+01,5.312500000000008882e-02,1.575000000000000000e+01,-3.335937500000074607e-02
5.339500000000000000e+03,5.297241210937500000e+01,2.562499999999978684e-02,1.545999999999999908e+01,-6.398437500000042633e-02
5.339600000000000364e+03,5.310058593750000000e+01,6.062499999999992895e-02,1.558999999999999986e+01,-4.921875000000053291e-02
5.339699999999999818e+03,5.229492187500000000e+01,4.062499999999991118e-02,1.561999999999999922e+01,-2.460937500000071054e-02
5.339800000000000182e+03,5.262451171875000000e+01,4.562499999999980460e-02,1.554999999999999893e+01,-3.664062500000042633e-02
5.339899999999999636e+03,5.245971679687500000e+01,4.812499999999975131e-02,1.566000000000000014e+01,-4.812500000000063949e-02
5.340000000000000000e+03,5.249633789062500000e+01,4.562499999999980460e-02,1.562999999999999901e+01,-5.523437500000039080e-02
5.340100000000000364e+03,5.253295898437500000e+01,5.562500000000003553e-02,1.565000000000000036e+01,-2.789062500000039080e-02
5.340199999999999818e+03,5.220336914062500000e+01,-3.062500000000012434e-02,1.539000000000000057e+01,-2.679687500000049738e-02
5.340300000000000182e+03,5.249633789062500000e+01,4.062499999999991118e-02,1.551999999999999957e+01,-6.125000000000024869e-02
5.340399999999999636e+03,5.234985351562500000e+01,5.062500000000014211e-02,1.552749999999999986e+01,3.007812499999928946e-02
5.340500000000000000e+03,5.240478515625000000e+01,1.562500000000000000e-02,1.563749999999999929e+01,-5.250000000000110134e-02
5.340600000000000364e+03,5.260620117187500000e+01,2.947499999999999787e+00,1.561999999999999922e+01,1.547218750000000043e+01
5.340699999999999818e+03,5.214843750000000000e+01,2.937500000000000000e+00,1.540000000000000036e+01,1.545468750000000036e+01
5.340800000000000182e+03,5.247802734375000000e+01,2.955000000000000071e+00,1.551750000000000007e+01,1.549789062500000014e+01
5.340899999999999636e+03,5.233154296875000000e+01,2.959999999999999964e+00,1.557000000000000028e+01,1.547601562500000050e+01
5.341000000000000000e+03,5.295410156250000000e+01,3.115000000000000213e+00,1.543999999999999950e+01,1.547328125000000121e+01
5.341100000000000364e+03,5.306396484375000000e+01,2.982499999999999929e+00,1.550000000000000000e+01,1.546125000000000149e+01
5.341199999999999818e+03,5.273437500000000000e+01,3.000000000000000000e+00,1.545999999999999908e+01,1.547328125000000121e+01
5.341300000000000182e+03,5.311889648437500000e+01,3.000000000000000000e+00,1.553749999999999964e+01,1.546945312500000114e+01
5.341399999999999636e+03,5.399780273437500000e+01,3.022499999999999964e+00,1.540000000000000036e+01,1.544046875000000085e+01
5.341500000000000000e+03,5.496826171875000000e+01,3.042499999999999982e+00,1.561999999999999922e+01,1.546179687500000099e+01
5.341600000000000364e+03,5.507812500000000000e+01,2.992500000000000160e+00,1.548749999999999893e+01,1.543609375000000128e+01
5.341699999999999818e+03,5.476684570312500000e+01,3.015000000000000124e+00,1.557000000000000028e+01,1.546890625000000163e+01
5.341800000000000182e+03,5.516967773437500000e+01,3.044999999999999929e+00,1.556000000000000050e+01,1.544156250000000163e+01
5.341899999999999636e+03,5.797119140625000000e+01,3.029999999999999805e+00,1.547000000000000064e+01,1.549187500000000028e+01
5.342000000000000000e+03,5.830078125000000000e+01,3.057500000000000107e+00,1.554999999999999893e+01,1.542406250000000156e+01
5.342100000000000364e+03,5.839233398437500000e+01,3.075000000000000178e+00,1.544999999999999929e+01,1.545031250000000078e+01
5.342199999999999818e+03,5.802612304687500000e+01,3.104999999999999982e+00,1.539749999999999908e+01,1.546179687500000099e+01
5.342300000000000182e+03,6.166992187500000000e+01,3.084999999999999964e+00,1.565000000000000036e+01,1.543335937500000021e+01
5.342399999999999636e+03,6.234741210937500000e+01,3.097500000000000142e+00,1.560999999999999943e+01,1.548093750000000135e+01
5.342500000000000000e+03,6.251220703125000000e+01,3.082500000000000018e+00,1.537999999999999901e+01,1.548804687500000021e+01
5.342600000000000364e+03,6.262207031250000000e+01,3.109999999999999876e+00,1.539000000000000057e+01,1.544757812500000149e+01
5.342699999999999818e+03,6.302490234375000000e+01,3.147499999999999964e+00,1.564000000000000057e+01,1.551210937500000142e+01
5.342800000000000182e+03,6.652221679687500000e+01,3.107499999999999929e+00,1.539000000000000057e+01,1.549570312500000036e+01
5.342899999999999636e+03,6.641235351562500000e+01,3.154999999999999805e+00,1.535999999999999943e+01,1.548640624999999993e+01
5.343000000000000000e+03,6.657714843750000000e+01,3.109999999999999876e+00,1.534999999999999964e+01,1.540984375000000028e+01
5.343100000000000364e+03,6.663208007812500000e+01,3.129999999999999893e+00,1.568999999999999950e+01,1.544812500000000099e+01
5.343199999999999818e+03,6.923217773437500000e+01,3.177500000000000213e+00,1.557000000000000028e+01,1.545195312500000107e+01
5.343300000000000182e+03,7.003784179687500000e+01,3.145000000000000018e+00,1.561999999999999922e+01,1.546125000000000149e+01
5.343399999999999636e+03,6.978149414062500000e+01,3.165000000000000036e+00,1.549000000000000021e+01,1.545523437500000163e+01
5.343500000000000000e+03,6.994628906250000000e+01,3.177500000000000213e+00,1.577999999999999936e+01,1.545742187500000142e+01
5.343600000000000364e+03,7.163085937500000000e+01,3.185000000000000053e+00,1.526999999999999957e+01,1.545304687500000007e+01
5.343699999999999818e+03,7.247314453125000000e+01,3.212499999999999911e+00,1.544999999999999929e+01,1.549953125000000043e+01
5.343800000000000182e+03,7.296752929687500000e+01,3.194999999999999840e+00,1.557000000000000028e+01,1.545468750000000036e+01
5.343899999999999636e+03,7.265625000000000000e+01,3.154999999999999805e+00,1.551999999999999957e+01,1.544101562500000036e+01
5.344000000000000000e+03,7.276611328125000000e+01,3.259999999999999787e+00,1.558000000000000007e+01,1.547109375000000142e+01
5.344100000000000364e+03,7.542114257812500000e+01,3.237499999999999822e+00,1.567999999999999972e+01,1.548640624999999993e+01
5.344199999999999818e+03,7.520141601562500000e+01,3.212499999999999911e+00,1.541999999999999993e+01,1.550664062500000107e+01
5.344300000000000182e+03,7.573242187500000000e+01,3.250000000000000000e+00,1.547000000000000064e+01,1.546070312500000021e+01
5.344399999999999636e+03,7.538452148437500000e+01,3.247500000000000053e+00,1.528999999999999915e+01,1.544265625000000064e+01
5.344500000000000000e+03,7.728881835937500000e+01,3.227500000000000036e+00,1.566000000000000014e+01,1.549570312500000036e+01
5.344600000000000364e+03,7.802124023437500000e+01,3.267500000000000071e+00,1.554999999999999893e+01,1.543390625000000149e+01
5.344699999999999818e+03,7.763671875000000000e+01,3.262500000000000178e+00,1.551999999999999957e+01,1.547929687500000107e+01
5.344800000000000182e+03,7.809448242187500000e+01,3.270000000000000018e+00,1.550000000000000000e+01,1.547546875000000099e+01
5.344899999999999636e+03,7.803955078125000000e+01,3.305000000000000160e+00,1.564749999999999908e+01,1.546234375000000050e+01
5.345000000000000000e+03,8.014526367187500000e+01,3.280000000000000249e+00,1.564000000000000057e+01,1.550007812499999993e+01
5.345100000000000364e+03,8.034667968750000000e+01,3.319999999999999840e+00,1.544999999999999929e+01,1.549078125000000128e+01
5.345199999999999818e+03,7.994384765625000000e+01,3.270000000000000018e+00,1.550999999999999979e+01,1.551757812500000000e+01
5.345300000000000182e+03,8.043823242187500000e+01,3.274999999999999911e+00,1.561999999999999922e+01,1.544812500000000099e+01
5.345399999999999636e+03,8.193969726562500000e+01,3.310000000000000053e+00,1.572000000000000064e+01,1.552085937500000057e+01
5.345500000000000000e+03,8.245239257812500000e+01,3.285000000000000142e+00,1.544999999999999929e+01,1.548093750000000135e+01
5.345600000000000364e+03,8.256225585937500000e+01,3.347500000000000142e+00,1.518999999999999950e+01,1.545250000000000057e+01
5.345699999999999818e+03,8.214111328125000000e+01,3.312500000000000000e+00,1.573000000000000043e+01,1.554601562500000078e+01
5.345800000000000182e+03,8.364257812500000000e+01,3.294999999999999929e+00,1.547000000000000064e+01,1.551156250000000014e+01
5.345899999999999636e+03,8.419189453125000000e+01,3.297499999999999876e+00,1.556000000000000050e+01,1.546343750000000128e+01
5.346000000000000000e+03,8.450317382812500000e+01,3.314999999999999947e+00,1.548000000000000043e+01,1.551046875000000114e+01
5.346100000000000364e+03,8.457641601562500000e+01,3.312500000000000000e+00,1.557000000000000028e+01,1.550718750000000057e+01
5.346199999999999818e+03,8.413696289062500000e+01,3.357499999999999929e+00,1.552999999999999936e+01,1.550554687500000028e+01
5.346300000000000182e+03,8.651733398437500000e+01,3.342500000000000249e+00,1.552999999999999936e+01,1.551374999999999993e+01
5.346399999999999636e+03,8.618774414062500000e+01,3.397499999999999964e+00,1.528999999999999915e+01,1.544484375000000043e+01
5.346500000000000000e+03,8.649902343750000000e+01,3.342500000000000249e+00,1.554999999999999893e+01,1.544921875000000000e+01
5.346600000000000364e+03,8.659057617187500000e+01,3.370000000000000107e+00,1.529749999999999943e+01,1.545250000000000057e+01
5.346699999999999818e+03,8.754272460937500000e+01,3.362499999999999822e+00,1.553999999999999915e+01,1.546507812500000156e+01
5.346800000000000182e+03,8.854980468750000000e+01,3.377499999999999947e+00,1.533000000000000007e+01,1.550226562500000149e+01
5.346899999999999636e+03,8.809204101562500000e+01,3.390000000000000124e+00,1.539000000000000057e+01,1.552578125000000142e+01
5.347000000000000000e+03,8.834838867187500000e+01,3.392500000000000071e+00,1.543750000000000000e+01,1.548914062500000099e+01
5.347100000000000364e+03,8.871459960937500000e+01,3.422499999999999876e+00,1.554999999999999893e+01,1.550007812499999993e+01
5.347199999999999818e+03,8.977661132812500000e+01,3.422499999999999876e+00,1.543999999999999950e+01,1.544156250000000163e+01
5.347300000000000182e+03,9.034423828125000000e+01,3.435000000000000053e+00,1.561999999999999922e+01,1.539234375000000021e+01
5.347399999999999636e+03,8.990478515625000000e+01,3.417499999999999982e+00,1.540000000000000036e+01,1.549843750000000142e+01
5.347500000000000000e+03,9.017944335937500000e+01,3.430000000000000160e+00,1.558000000000000007e+01,1.550171875000000021e+01
5.347600000000000364e+03,9.180908203125000000e+01,3.437500000000000000e+00,1.560999999999999943e+01,1.544593750000000121e+01
5.347699999999999818e+03,9.166259765625000000e+01,3.470000000000000195e+00,1.569999999999999929e+01,1.547984375000000057e+01
5.347800000000000182e+03,9.215698242187500000e+01,3.457500000000000018e+00,1.549000000000000021e+01,1.547656250000000000e+01
5.347899999999999636e+03,9.166259765625000000e+01,3.457500000000000018e+00,1.557000000000000028e+01,1.547710937500000128e+01
5.348000000000000000e+03,9.305419921875000000e+01,3.484999999999999876e+00,1.556749999999999901e+01,1.548585937500000043e+01
5.348100000000000364e+03,9.387817382812500000e+01,3.479999999999999982e+00,1.556000000000000050e+01,1.541859375000000121e+01
5.348199999999999818e+03,9.342041015625000000e+01,3.487499999999999822e+00,1.523749999999999893e+01,1.549460937500000135e+01
5.348300000000000182e+03,9.396972656250000000e+01,3.509999999999999787e+00,1.564000000000000057e+01,1.549734375000000064e+01
5.348399999999999636e+03,9.347534179687500000e+01,3.520000000000000018e+00,1.544749999999999979e+01,1.550500000000000078e+01
5.348500000000000000e+03,9.543457031250000000e+01,3.544999999999999929e+00,1.541000000000000014e+01,1.548203125000000036e+01
5.348600000000000364e+03,9.559936523437500000e+01,3.544999999999999929e+00,1.516999999999999993e+01,1.549460937500000135e+01
5.348699999999999818e+03,9.515991210937500000e+01,3.507500000000000284e+00,1.545999999999999908e+01,1.548804687500000021e+01
5.348800000000000182e+03,9.569091796875000000e+01,3.562500000000000000e+00,1.564000000000000057e+01,1.548695312500000121e+01
5.348899999999999636e+03,9.651489257812500000e+01,3.482499999999999929e+00,1.544999999999999929e+01,1.547710937500000128e+01
5.349000000000000000e+03,9.719238281250000000e+01,3.532499999999999751e+00,1.550000000000000000e+01,1.545250000000000057e+01
5.349100000000000364e+03,9.728393554687500000e+01,3.560000000000000053e+00,1.533000000000000007e+01,1.547382812500000071e+01
5.349199999999999818e+03,9.684448242187500000e+01,3.575000000000000178e+00,1.549000000000000021e+01,1.550281250000000099e+01
5.349300000000000182e+03,9.781494140625000000e+01,3.562500000000000000e+00,1.541000000000000014e+01,1.548257812500000163e+01
5.349399999999999636e+03,9.852905273437500000e+01,3.567499999999999893e+00,1.561999999999999922e+01,1.542789062500000163e+01
5.349500000000000000e+03,9.891357421875000000e+01,3.562500000000000000e+00,1.534999999999999964e+01,1.546179687500000099e+01
5.349600000000000364e+03,9.893188476562500000e+01,3.602500000000000036e+00,1.566999999999999993e+01,1.547218750000000043e+01
5.349699999999999818e+03,9.854736328125000000e+01,3.587499999999999911e+00,1.540000000000000036e+01,1.550007812499999993e+01
5.349800000000000182e+03,1.005981445312500000e+02,3.627499999999999947e+00,1.565000000000000036e+01,1.541750000000000043e+01
5.349899999999999636e+03,1.002685546875000000e+02,3.597500000000000142e+00,1.577749999999999986e+01,1.548257812500000163e+01
5.350000000000000000e+03,1.006347656250000000e+02,3.582500000000000018e+00,1.558999999999999986e+01,1.543828125000000107e+01
5.350100000000000364e+03,1.006896972656250000e+02,3.612499999999999822e+00,1.551999999999999957e+01,1.548695312500000121e+01
5.350199999999999818e+03,1.011474609375000000e+02,3.622500000000000053e+00,1.565000000000000036e+01,1.554382812500000099e+01
5.350300000000000182e+03,1.023742675781250000e+02,3.622500000000000053e+00,1.533750000000000036e+01,1.551484375000000071e+01
5.350399999999999636e+03,1.018432617187500000e+02,3.640000000000000124e+00,1.557000000000000028e+01,1.544703125000000021e+01
5.350500000000000000e+03,1.022277832031250000e+02,3.647499999999999964e+00,1.533999999999999986e+01,1.544648437500000071e+01
5.350600000000000364e+03,1.022827148437500000e+02,3.649999999999999911e+00,1.531000000000000050e+01,1.551265625000000092e+01
5.350699999999999818e+03,1.034362792968750000e+02,3.655000000000000249e+00,1.533000000000000007e+01,1.542898437500000064e+01
5.350800000000000182e+03,1.040588378906250000e+02,3.709999999999999964e+00,1.559999999999999964e+01,1.547437500000000021e+01
5.350899999999999636e+03,1.035461425781250000e+02,3.665000000000000036e+00,1.546749999999999936e+01,1.553835937500000064e+01
5.351000000000000000e+03,1.039306640625000000e+02,3.814999999999999947e+00,1.568999999999999950e+01,1.545304687500000007e+01
5.351100000000000364e+03,1.053039550781250000e+02,3.700000000000000178e+00,1.549000000000000021e+01,1.547546875000000099e+01
5.351199999999999818e+03,1.052124023437500000e+02,3.700000000000000178e+00,1.561749999999999972e+01,1.549789062500000014e+01
5.351300000000000182e+03,1.057983398437500000e+02,3.705000000000000071e+00,1.557000000000000028e+01,1.543882812500000057e+01
5.351399999999999636e+03,1.052124023437500000e+02,3.714999999999999858e+00,1.552999999999999936e+01,1.543554687500000000e+01
5.351500000000000000e+03,1.062194824218750000e+02,3.732499999999999929e+00,1.539000000000000057e+01,1.548039062500000007e+01
5.351600000000000364e+03,1.072448730468750000e+02,3.792499999999999982e+00,1.560999999999999943e+01,1.549953125000000043e+01
5.351699999999999818e+03,1.068603515625000000e+02,3.762500000000000178e+00,1.547000000000000064e+01,1.547218750000000043e+01
5.351800000000000182e+03,1.074279785156250000e+02,3.777499999999999858e+00,1.559750000000000014e+01,1.549023437500000000e+01
5.351899999999999636e+03,1.068603515625000000e+02,3.759999999999999787e+00,1.569999999999999929e+01,1.543718750000000028e+01
5.352000000000000000e+03,1.087646484375000000e+02,3.774999999999999911e+00,1.552999999999999936e+01,1.546671875000000007e+01
5.352100000000000364e+03,1.089477539062500000e+02,3.822499999999999787e+00,1.540750000000000064e+01,1.544484375000000043e+01
5.352199999999999818e+03,1.085632324218750000e+02,3.837499999999999911e+00,1.550000000000000000e+01,1.546453125000000028e+01
5.352300000000000182e+03,1.091125488281250000e+02,3.825000000000000178e+00,1.560999999999999943e+01,1.544976562500000128e+01
5.352399999999999636e+03,1.095703125000000000e+02,3.825000000000000178e+00,1.547000000000000064e+01,1.546289062500000000e+01
5.352500000000000000e+03,1.105224609375000000e+02,3.844999999999999751e+00,1.525000000000000000e+01,1.545851562500000043e+01
5.352600000000000364e+03,1.105957031250000000e+02,3.859999999999999876e+00,1.549000000000000021e+01,1.546179687500000099e+01
5.352699999999999818e+03,1.101562500000000000e+02,3.839999999999999858e+00,1.550999999999999979e+01,1.548148437500000085e+01
5.352800000000000182e+03,1.108520507812500000e+02,3.867500000000000160e+00,1.533000000000000007e+01,1.547656250000000000e+01
5.352899999999999636e+03,1.117309570312500000e+02,3.887500000000000178e+00,1.536999999999999922e+01,1.544703125000000021e+01
5.353000000000000000e+03,1.122619628906250000e+02,3.902499999999999858e+00,1.525999999999999979e+01,1.549679687500000114e+01
5.353100000000000364e+03,1.122619628906250000e+02,3.870000000000000107e+00,1.536999999999999922e+01,1.541312500000000085e+01
5.353199999999999818e+03,1.118591308593750000e+02,3.910000000000000142e+00,1.569999999999999929e+01,1.548148437500000085e+01
5.353300000000000182e+03,1.138732910156250000e+02,3.910000000000000142e+00,1.539000000000000057e+01,1.548640624999999993e+01
5.353399999999999636e+03,1.135437011718750000e+02,3.975000000000000089e+00,1.557000000000000028e+01,1.542351562500000028e+01
5.353500000000000000e+03,1.139648437500000000e+02,4.019999999999999574e+00,1.556000000000000050e+01,1.543718750000000028e+01
5.353600000000000364e+03,1.139465332031250000e+02,3.962499999999999911e+00,1.553999999999999915e+01,1.552687500000000043e+01
5.353699999999999818e+03,1.143493652343750000e+02,4.015000000000000568e+00,1.542999999999999972e+01,1.547765625000000078e+01
5.353800000000000182e+03,1.157775878906250000e+02,4.032499999999999751e+00,1.552749999999999986e+01,1.547546875000000099e+01
5.353899999999999636e+03,1.152282714843750000e+02,4.052500000000000213e+00,1.541000000000000014e+01,1.546179687500000099e+01
5.354000000000000000e+03,1.156860351562500000e+02,4.025000000000000355e+00,1.518999999999999950e+01,1.549187500000000028e+01
5.354100000000000364e+03,1.156677246093750000e+02,4.062500000000000000e+00,1.549000000000000021e+01,1.550390625000000000e+01
5.354199999999999818e+03,1.169860839843750000e+02,4.067499999999999893e+00,1.557000000000000028e+01,1.544101562500000036e+01
5.354300000000000182e+03,1.176818847656250000e+02,4.094999999999999751e+00,1.574000000000000021e+01,1.547601562500000050e+01
5.354399999999999636e+03,1.170410156250000000e+02,4.110000000000000320e+00,1.557000000000000028e+01,1.544812500000000099e+01
5.354500000000000000e+03,1.174804687500000000e+02,4.115000000000000213e+00,1.550999999999999979e+01,1.550882812500000085e+01
5.354600000000000364e+03,1.186706542968750000e+02,4.129999999999999893e+00,1.567999999999999972e+01,1.547273437499999993e+01
5.354699999999999818e+03,1.187255859375000000e+02,4.160000000000000142e+00,1.549000000000000021e+01,1.547109375000000142e+01
5.354800000000000182e+03,1.193298339843750000e+02,4.182500000000000107e+00,1.549000000000000021e+01,1.547656250000000000e+01
5.354899999999999636e+03,1.187072753906250000e+02,4.212500000000000355e+00,1.536749999999999972e+01,1.547656250000000000e+01
5.355000000000000000e+03,1.194946289062500000e+02,4.205000000000000071e+00,1.539000000000000057e+01,1.549570312500000036e+01
5.355100000000000364e+03,1.208312988281250000e+02,4.219999999999999751e+00,1.547000000000000064e+01,1.547984375000000057e+01
5.355199999999999818e+03,1.206481933593750000e+02,4.207499999999999574e+00,1.552999999999999936e+01,1.547437500000000021e+01
5.355300000000000182e+03,1.211791992187500000e+02,4.269999999999999574e+00,1.554999999999999893e+01,1.544757812500000149e+01
5.355399999999999636e+03,1.205566406250000000e+02,4.237499999999999822e+00,1.557000000000000028e+01,1.547328125000000121e+01
5.355500000000000000e+03,1.216552734375000000e+02,4.291249999999999787e+00,1.542999999999999972e+01,1.550445312500000128e+01
5.355600000000000364e+03,1.216735839843750000e+02,4.269999999999999574e+00,1.544749999999999979e+01,1.552578125000000142e+01
5.355699999999999818e+03,1.213073730468750000e+02,4.293750000000000178e+00,1.540000000000000036e+01,1.548640624999999993e+01
5.355800000000000182e+03,1.218566894531250000e+02,7.812500000000000000e-02,1.563749999999999929e+01,-4.429687500000056843e-02
5.355899999999999636e+03,1.212341308593750000e+02,5.562500000000003553e-02,1.551999999999999957e+01,-2.023437500000024869e-02
5.356000000000000000e+03,1.217285156250000000e+02,4.562499999999980460e-02,1.533999999999999986e+01,-2.242187500000092371e-02
5.356100000000000364e+03,1.216552734375000000e+02,5.812499999999998224e-02,1.542999999999999972e+01,-4.921875000000852651e-03
5.356199999999999818e+03,1.212890625000000000e+02,6.562499999999982236e-02,1.559999999999999964e+01,-2.734375000001065814e-03
5.356300000000000182e+03,1.218017578125000000e+02,4.562499999999980460e-02,1.564000000000000057e+01,-5.687500000000067502e-02
5.356399999999999636e+03,1.212524414062500000e+02,6.062499999999992895e-02,1.548000000000000043e+01,-1.531250000000028422e-02
5.356500000000000000e+03,1.217468261718750000e+02,5.562500000000003553e-02,1.566000000000000014e+01,-3.117187500000095923e-02
5.356600000000000364e+03,1.217285156250000000e+02,6.812499999999976907e-02,1.549000000000000021e+01,-6.234375000000103029e-02
5.356699999999999818e+03,1.212890625000000000e+02,4.062499999999991118e-02,1.533750000000000036e+01,-2.734375000000088818e-02
5.356800000000000182e+03,1.208862304687500000e+02,5.624999999999769074e-03,1.562999999999999901e+01,-1.421875000000039080e-02
5.356899999999999636e+03,1.201171875000000000e+02,3.812499999999996447e-02,1.554999999999999893e+01,1.585937499999889866e-02
5.357000000000000000e+03,1.205383300781250000e+02,6.312499999999987566e-02,1.557000000000000028e+01,-4.812500000000063949e-02
5.357100000000000364e+03,1.204650878906250000e+02,4.562499999999980460e-02,1.542999999999999972e+01,-3.445312500000063949e-02
5.357199999999999818e+03,1.193115234375000000e+02,5.312500000000008882e-02,1.528999999999999915e+01,-4.593750000000085265e-02
5.357300000000000182e+03,1.180114746093750000e+02,3.668749999999998401e-01,1.539000000000000057e+01,-3.281250000000568434e-03
5.357399999999999636e+03,1.173339843750000000e+02,4.062499999999991118e-02,1.554999999999999893e+01,1.640624999999396039e-03
5.357500000000000000e+03,1.178100585937500000e+02,3.562500000000001776e-02,1.548000000000000043e+01,-4.757812500000024869e-02
5.357600000000000364e+03,1.177368164062500000e+02,4.812499999999975131e-02,1.538749999999999929e+01,2.734374999999911182e-02
5.357699999999999818e+03,1.139099121093750000e+02,3.812499999999996447e-02,1.558000000000000007e+01,1.859374999999907629e-02
5.357800000000000182e+03,1.140747070312500000e+02,3.312500000000007105e-02,1.543999999999999950e+01,-2.679687500000049738e-02
5.357899999999999636e+03,1.134521484375000000e+02,2.062499999999989342e-02,1.536999999999999922e+01,-5.851562500000095923e-02
5.358000000000000000e+03,1.138916015625000000e+02,5.562500000000003553e-02,1.539000000000000057e+01,-3.664062500000042633e-02
5.358100000000000364e+03,1.114562988281250000e+02,3.062500000000012434e-02,1.561999999999999922e+01,-5.578125000000078160e-02
5.358199999999999818e+03,1.095336914062500000e+02,4.812499999999975131e-02,1.529999999999999893e+01,-3.773437500000031974e-02
5.358300000000000182e+03,1.100280761718750000e+02,2.812499999999973355e-02,1.545999999999999908e+01,-5.851562500000095923e-02
5.358399999999999636e+03,1.094787597656250000e+02,3.812499999999996447e-02,1.545999999999999908e+01,-5.304687500000060396e-02
5.358500000000000000e+03,1.098632812500000000e+02,5.562500000000003553e-02,1.566999999999999993e+01,-8.203125000000532907e-03
5.358600000000000364e+03,1.067871093750000000e+02,6.562499999999982236e-02,1.549000000000000021e+01,-6.562500000000071054e-02
5.358699999999999818e+03,1.062561035156250000e+02,7.062500000000015987e-02,1.534999999999999964e+01,-1.859375000000085265e-02
5.358800000000000182e+03,1.067138671875000000e+02,4.562499999999980460e-02,1.552999999999999936e+01,3.828124999999182876e-03
5.358899999999999636e+03,1.061279296875000000e+02,5.312500000000008882e-02,1.534999999999999964e+01,2.734374999999289457e-03
5.359000000000000000e+03,1.043151855468750000e+02,4.812499999999975131e-02,1.525999999999999979e+01,-3.500000000000103029e-02
5.359100000000000364e+03,1.037841796875000000e+02,2.562499999999978684e-02,1.550000000000000000e+01,-5.195312500000071054e-02
5.359199999999999818e+03,1.033630371093750000e+02,1.562500000000000000e-02,1.572000000000000064e+01,-1.093750000000071054e-02
5.359300000000000182e+03,1.038757324218750000e+02,2.312499999999984013e-02,1.554999999999999893e+01,-5.906250000000046185e-02
5.359399999999999636e+03,1.026306152343750000e+02,4.062499999999991118e-02,1.556749999999999901e+01,-8.203125000000532907e-03
5.359500000000000000e+03,1.013671875000000000e+02,3.062500000000012434e-02,1.541750000000000043e+01,-6.070312500000074607e-02
5.359600000000000364e+03,1.012756347656250000e+02,6.062499999999992895e-02,1.557000000000000028e+01,-2.679687500000049738e-02
5.359699999999999818e+03,1.008911132812500000e+02,3.124999999999822364e-03,1.553999999999999915e+01,-7.656250000001030287e-03
5.359800000000000182e+03,1.014038085937500000e+02,5.312500000000008882e-02,1.551999999999999957e+01,-4.156250000000039080e-02
5.359899999999999636e+03,9.889526367187500000e+01,4.312499999999985789e-02,1.551750000000000007e+01,7.656249999999253930e-03
5.360000000000000000e+03,9.907836914062500000e+01,4.312499999999985789e-02,1.560999999999999943e+01,-2.023437500000024869e-02
5.360100000000000364e+03,9.902343750000000000e+01,3.312500000000007105e-02,1.557000000000000028e+01,-7.000000000000028422e-02
5.360199999999999818e+03,9.867553710937500000e+01,3.562500000000001776e-02,1.562999999999999901e+01,-5.687500000000067502e-02
5.360300000000000182e+03,9.790649414062500000e+01,4.062499999999991118e-02,1.551999999999999957e+01,-2.460937500000071054e-02
5.360399999999999636e+03,9.669799804687500000e+01,1.062500000000010658e-02,1.550999999999999979e+01,1.367187499999911182e-02
5.360500000000000000e+03,9.702758789062500000e+01,1.812499999999994671e-02,1.549000000000000021e+01,-7.000000000000028422e-02
5.360600000000000364e+03,9.708251953125000000e+01,4.062499999999991118e-02,1.544999999999999929e+01,4.921874999999076294e-03
5.360699999999999818e+03,9.662475585937500000e+01,6.062499999999992895e-02,1.569999999999999929e+01,-6.015625000000746070e-03
5.360800000000000182e+03,9.545288085937500000e+01,5.812499999999998224e-02,1.540000000000000036e+01,-3.937500000000060396e-02
5.360899999999999636e+03,9.488525390625000000e+01,3.312500000000007105e-02,1.548000000000000043e+01,-4.210937500000078160e-02
5.361000000000000000e+03,9.521484375000000000e+01,5.312500000000008882e-02,1.554999999999999893e+01,-9.242187500000031974e-02
5.361100000000000364e+03,9.530639648437500000e+01,5.062500000000014211e-02,1.539000000000000057e+01,-4.156250000000039080e-02
5.361199999999999818e+03,9.343872070312500000e+01,4.312499999999985789e-02,1.550000000000000000e+01,-4.210937500000078160e-02
5.361300000000000182e+03,9.360351562500000000e+01,1.812499999999994671e-02,1.555749999999999922e+01,-3.390625000000024869e-02
5.361399999999999636e+03,9.312744140625000000e+01,6.062499999999992895e-02,1.539000000000000057e+01,-4.210937500000078160e-02
5.361500000000000000e+03,9.345703125000000000e+01,2.812499999999973355e-02,1.534999999999999964e+01,1.367187499999911182e-02
5.361600000000000364e+03,9.296264648437500000e+01,3.812499999999996447e-02,1.550999999999999979e+01,-7.109375000000639488e-03
5.361699999999999818e+03,9.146118164062500000e+01,5.562500000000003553e-02,1.556000000000000050e+01,-2.843750000000078160e-02
5.361800000000000182e+03,9.199218750000000000e+01,5.312500000000008882e-02,1.548000000000000043e+01,-6.343750000000092371e-02
5.361899999999999636e+03,9.147949218750000000e+01,2.562499999999978684e-02,1.535999999999999943e+01,-1.093750000000781597e-03
5.362000000000000000e+03,9.180908203125000000e+01,3.562500000000001776e-02,1.528999999999999915e+01,-1.039062500000005329e-01
5.362100000000000364e+03,9.050903320312500000e+01,5.812499999999998224e-02,1.561999999999999922e+01,-6.015625000000746070e-03
5.362199999999999818e+03,8.995971679687500000e+01,1.812499999999994671e-02,1.556000000000000050e+01,-5.468750000000355271e-03
5.362300000000000182e+03,9.047241210937500000e+01,4.562499999999980460e-02,1.531749999999999901e+01,-2.187500000000675016e-03
5.362399999999999636e+03,8.999633789062500000e+01,5.312500000000008882e-02,1.540000000000000036e+01,-4.812500000000063949e-02
5.362500000000000000e+03,8.935546875000000000e+01,1.812499999999994671e-02,1.590750000000000064e+01,-1.859375000000085265e-02
5.362600000000000364e+03,8.889770507812500000e+01,6.562499999999982236e-02,1.551999999999999957e+01,-1.203125000000060396e-02
5.362699999999999818e+03,8.845825195312500000e+01,5.562500000000003553e-02,1.541000000000000014e+01,-8.203125000000532907e-03
5.362800000000000182e+03,8.895263671875000000e+01,1.062500000000010658e-02,1.562999999999999901e+01,-9.132812500000042633e-02
5.362899999999999636e+03,8.854980468750000000e+01,4.812499999999975131e-02,1.551999999999999957e+01,-5.250000000000110134e-02
5.363000000000000000e+03,8.748779296875000000e+01,3.312500000000007105e-02,1.561999999999999922e+01,-1.006250000000008527e-01
5.363100000000000364e+03,8.746948242187500000e+01,5.062500000000014211e-02,1.553999999999999915e+01,-1.531250000000028422e-02
5.363199999999999818e+03,8.704833984375000000e+01,6.062499999999992895e-02,1.550999999999999979e+01,-3.117187500000095923e-02
5.363300000000000182e+03,8.756103515625000000e+01,2.562499999999978684e-02,1.573000000000000043e+01,-1.312500000000049738e-02
5.363399999999999636e+03,8.602294921875000000e+01,2.062499999999989342e-02,1.544749999999999979e+01,-9.296875000000426326e-03
5.363500000000000000e+03,8.598632812500000000e+01,3.062500000000012434e-02,1.551999999999999957e+01,-5.031250000000042633e-02
5.363600000000000364e+03,8.604125976562500000e+01,5.812499999999998224e-02,1.549000000000000021e+01,-8.585937500000095923e-02
5.363699999999999818e+03,8.563842773437500000e+01,6.312499999999987566e-02,1.527999999999999936e+01,-6.070312500000074607e-02
5.363800000000000182e+03,8.580322265625000000e+01,4.062499999999991118e-02,1.539000000000000057e+01,-5.578125000000078160e-02
5.363899999999999636e+03,8.437500000000000000e+01,6.062499999999992895e-02,1.542999999999999972e+01,1.476562499999900524e-02
5.364000000000000000e+03,8.459472656250000000e+01,4.312499999999985789e-02,1.539000000000000057e+01,4.921874999999076294e-03
5.364100000000000364e+03,8.466796875000000000e+01,6.312499999999987566e-02,1.555749999999999922e+01,1.093749999999893419e-02
5.364199999999999818e+03,8.422851562500000000e+01,5.812499999999998224e-02,1.556749999999999901e+01,7.109374999999751310e-03
5.364300000000000182e+03,8.356933593750000000e+01,5.812499999999998224e-02,1.543999999999999950e+01,-9.843750000000106581e-02
5.364399999999999636e+03,8.307495117187500000e+01,7.062500000000015987e-02,1.554999999999999893e+01,1.804687499999957367e-02
5.364500000000000000e+03,8.329467773437500000e+01,2.562499999999978684e-02,1.551999999999999957e+01,-1.914062500000035527e-02
5.364600000000000364e+03,8.334960937500000000e+01,7.062500000000015987e-02,1.547000000000000064e+01,5.468749999995026201e-04
5.364699999999999818e+03,8.219604492187500000e+01,4.062499999999991118e-02,1.552999999999999936e+01,-8.203125000000088818e-02
5.364800000000000182e+03,8.215942382812500000e+01,4.312499999999985789e-02,1.576999999999999957e+01,-1.148437500000110134e-02
5.364899999999999636e+03,8.171997070312500000e+01,5.062500000000014211e-02,1.532000000000000028e+01,-9.843750000000817124e-03
5.365000000000000000e+03,8.197631835937500000e+01,3.062500000000012434e-02,1.548000000000000043e+01,7.109374999999751310e-03
5.365100000000000364e+03,8.204956054687500000e+01,4.312499999999985789e-02,1.553999999999999915e+01,-2.734375000001065814e-03
5.365199999999999818e+03,8.052978515625000000e+01,5.812499999999998224e-02,1.536999999999999922e+01,-2.132812500000103029e-02
5.365300000000000182e+03,8.091430664062500000e+01,2.562499999999978684e-02,1.528999999999999915e+01,-2.187500000000053291e-02
5.365399999999999636e+03,8.054809570312500000e+01,4.562499999999980460e-02,1.562999999999999901e+01,3.117187499999918288e-02
5.365500000000000000e+03,8.076782226562500000e+01,5.062500000000014211e-02,1.544999999999999929e+01,1.421874999999950262e-02
5.365600000000000364e+03,7.990722656250000000e+01,4.562499999999980460e-02,1.564250000000000007e+01,-2.187500000000675016e-03
5.365699999999999818e+03,7.926635742187500000e+01,4.062499999999991118e-02,1.566999999999999993e+01,1.585937499999889866e-02
5.365800000000000182e+03,7.974243164062500000e+01,3.562500000000001776e-02,1.551999999999999957e+01,-3.500000000000103029e-02
5.365899999999999636e+03,7.933959960937500000e+01,1.812499999999994671e-02,1.536999999999999922e+01,-5.960937500000085265e-02
5.366000000000000000e+03,7.926635742187500000e+01,5.312500000000008882e-02,1.533000000000000007e+01,-5.304687500000060396e-02
5.366100000000000364e+03,7.851562500000000000e+01,5.224999999999999645e-01,1.536999999999999922e+01,-6.617187500000110134e-02
5.366199999999999818e+03,7.807617187500000000e+01,6.562499999999982236e-02,1.545999999999999908e+01,2.296874999999953815e-02
5.366300000000000182e+03,7.851562500000000000e+01,4.562499999999980460e-02,1.564000000000000057e+01,-1.367187500000088818e-02
5.366399999999999636e+03,7.814941406250000000e+01,1.312500000000005329e-02,1.552999999999999936e+01,-1.476562500000078160e-02
5.366500000000000000e+03,7.730712890625000000e+01,7.062500000000015987e-02,1.547000000000000064e+01,-3.445312500000063949e-02
5.366600000000000364e+03,7.725219726562500000e+01,3.562500000000001776e-02,1.540000000000000036e+01,-6.507812500000031974e-02
5.366699999999999818e+03,7.686767578125000000e+01,6.562499999999982236e-02,1.535999999999999943e+01,-3.718750000000081712e-02
5.366800000000000182e+03,7.728881835937500000e+01,2.812499999999973355e-02,1.536999999999999922e+01,3.281249999999680256e-03
5.366899999999999636e+03,7.635498046875000000e+01,4.062499999999991118e-02,1.537999999999999901e+01,-4.757812500000024869e-02
5.367000000000000000e+03,7.604370117187500000e+01,4.312499999999985789e-02,1.566000000000000014e+01,-1.148437500000110134e-02
5.367100000000000364e+03,7.615356445312500000e+01,6.812499999999976907e-02,1.541000000000000014e+01,-1.257812500000099476e-02
5.367199999999999818e+03,7.573242187500000000e+01,5.312500000000008882e-02,1.565000000000000036e+01,-5.140625000000031974e-02
5.367300000000000182e+03,7.622680664062500000e+01,6.812499999999976907e-02,1.574000000000000021e+01,2.734374999999289457e-03
5.367399999999999636e+03,7.485351562500000000e+01,3.562500000000001776e-02,1.547000000000000064e+01,1.421874999999950262e-02
5.367500000000000000e+03,7.494506835937500000e+01,3.562500000000001776e-02,1.564749999999999908e+01,-2.187500000000053291e-02
5.367600000000000364e+03,7.501831054687500000e+01,6.312499999999987566e-02,1.543750000000000000e+01,-5.304687500000060396e-02
5.367699999999999818e+03,7.465209960937500000e+01,3.562500000000001776e-02,1.569999999999999929e+01,-5.414062500000049738e-02
5.367800000000000182e+03,7.430419921875000000e+01,7.562500000000005329e-02,1.548000000000000043e+01,-1.039062500000031974e-02
5.367899999999999636e+03,7.366333007812500000e+01,4.312499999999985789e-02,1.550000000000000000e+01,-3.718750000000081712e-02
5.368000000000000000e+03,7.386474609375000000e+01,2.062499999999989342e-02,1.567999999999999972e+01,-6.890625000000039080e-02
5.368100000000000364e+03,7.393798828125000000e+01,6.812499999999976907e-02,1.542999999999999972e+01,-4.046875000000049738e-02
5.368199999999999818e+03,7.338867187500000000e+01,4.562499999999980460e-02,1.558000000000000007e+01,-2.570312500000060396e-02
5.368300000000000182e+03,7.293090820312500000e+01,4.812499999999975131e-02,1.550000000000000000e+01,-5.140625000000031974e-02
5.368399999999999636e+03,7.256469726562500000e+01,2.562499999999978684e-02,1.532000000000000028e+01,-3.390625000000024869e-02
5.368500000000000000e+03,7.274780273437500000e+01,5.062500000000014211e-02,1.536999999999999922e+01,-6.453125000000081712e-02
5.368600000000000364e+03,7.285766601562500000e+01,5.562500000000003553e-02,1.554999999999999893e+01,-5.632812500000028422e-02
5.368699999999999818e+03,7.157592773437500000e+01,4.562499999999980460e-02,1.547000000000000064e+01,4.921874999999076294e-03
5.368800000000000182e+03,7.190551757812500000e+01,4.312499999999985789e-02,1.573000000000000043e+01,-3.281250000000568434e-03
5.368899999999999636e+03,7.157592773437500000e+01,3.562500000000001776e-02,1.548499999999999943e+01,2.023437499999936051e-02
5.369000000000000000e+03,7.174072265625000000e+01,3.062500000000012434e-02,1.566999999999999993e+01,-9.296875000000426326e-03
5.369100000000000364e+03,7.133789062500000000e+01,5.624999999999769074e-03,1.558000000000000007e+01,-3.828125000000959233e-03
5.369199999999999818e+03,7.047729492187500000e+01,4.812499999999975131e-02,1.560999999999999943e+01,-3.500000000000103029e-02
5.369300000000000182e+03,7.088012695312500000e+01,1.312500000000005329e-02,1.541000000000000014e+01,-1.695312500000056843e-02
5.369399999999999636e+03,7.056884765625000000e+01,4.562499999999980460e-02,1.553999999999999915e+01,-4.757812500000024869e-02
5.369500000000000000e+03,7.073364257812500000e+01,6.062499999999992895e-02,1.562999999999999901e+01,-2.406250000000031974e-02
5.369600000000000364e+03,6.994628906250000000e+01,1.312500000000005329e-02,1.537999999999999901e+01,-3.117187500000095923e-02
5.369699999999999818e+03,6.941528320312500000e+01,4.812499999999975131e-02,1.549000000000000021e+01,3.828124999999893419e-02
5.369800000000000182e+03,6.987304687500000000e+01,6.312499999999987566e-02,1.552999999999999936e+01,-7.492187500000024869e-02
5.369899999999999636e+03,6.959838867187500000e+01,6.062499999999992895e-02,1.566999999999999993e+01,-6.726562500000099476e-02
5.370000000000000000e+03,6.910400390625000000e+01,5.062500000000014211e-02,1.552749999999999986e+01,-5.031250000000042633e-02
5.370100000000000364e+03,6.897583007812500000e+01,3.062500000000012434e-02,1.533999999999999986e+01,-4.976562500000092371e-02
5.370199999999999818e+03,6.855468750000000000e+01,8.312499999999989342e-02,1.552999999999999936e+01,-1.859375000000085265e-02
5.370300000000000182e+03,6.897583007812500000e+01,3.062500000000012434e-02,1.543999999999999950e+01,-3.062500000000056843e-02
5.370399999999999636e+03,6.864624023437500000e+01,4.312499999999985789e-02,1.552999999999999936e+01,-1.148437500000110134e-02
5.370500000000000000e+03,6.796875000000000000e+01,5.562500000000003553e-02,1.553999999999999915e+01,-2.843750000000078160e-02
5.370600000000000364e+03,6.806030273437500000e+01,2.312499999999984013e-02,1.553999999999999915e+01,-4.101562500000088818e-02
5.370699999999999818e+03,6.763916015625000000e+01,8.625000000000015987e-02,1.547000000000000064e+01,-2.187500000000675016e-03
5.370800000000000182e+03,6.809692382812500000e+01,5.812499999999998224e-02,1.554999999999999893e+01,-7.546875000000063949e-02
5.370899999999999636e+03,6.699829101562500000e+01,3.312500000000007105e-02,1.530749999999999922e+01,-4.429687500000056843e-02
5.371000000000000000e+03,6.696166992187500000e+01,4.812499999999975131e-02,1.549750000000000050e+01,-2.023437500000024869e-02
5.371100000000000364e+03,6.705322265625000000e+01,4.812499999999975131e-02,1.539000000000000057e+01,-6.125000000000024869e-02
5.371199999999999818e+03,6.666870117187500000e+01,2.062499999999989342e-02,1.545999999999999908e+01,1.968749999999896971e-02
5.371300000000000182e+03,6.676025390625000000e+01,5.812499999999998224e-02,1.556000000000000050e+01,-6.835937500000088818e-02
5.371399999999999636e+03,6.600952148437500000e+01,3.812499999999996447e-02,1.556000000000000050e+01,-7.492187500000024869e-02
5.371500000000000000e+03,6.613769531250000000e+01,6.312499999999987566e-02,1.539749999999999908e+01,3.281249999999946709e-02
5.371600000000000364e+03,6.622924804687500000e+01,5.562500000000003553e-02,1.554999999999999893e+01,-1.093750000000781597e-03
5.371699999999999818e+03,6.586303710937500000e+01,5.062500000000014211e-02,1.548000000000000043e+01,-5.906250000000046185e-02
5.371800000000000182e+03,6.546020507812500000e+01,4.562499999999980460e-02,1.545999999999999908e+01,1.640624999999928946e-02
5.371899999999999636e+03,6.507568359375000000e+01,3.562500000000001776e-02,1.553999999999999915e+01,-9.296875000000426326e-03
5.372000000000000000e+03,6.520385742187500000e+01,5.062500000000014211e-02,1.542750000000000021e+01,-7.109375000000106581e-02
5.372100000000000364e+03,6.531372070312500000e+01,-4.118750000000002132e-01,1.558750000000000036e+01,-7.656250000001030287e-03
5.372199999999999818e+03,6.447143554687500000e+01,7.312500000000010658e-02,1.557000000000000028e+01,-2.898437500000028422e-02
5.372300000000000182e+03,6.456298828125000000e+01,5.562500000000003553e-02,1.548000000000000043e+01,-3.828125000000959233e-03
5.372399999999999636e+03,6.430664062500000000e+01,4.812499999999975131e-02,1.539000000000000057e+01,-6.671875000000060396e-02
5.372500000000000000e+03,6.445312500000000000e+01,4.812499999999975131e-02,1.558000000000000007e+01,4.320312499999889866e-02
5.372600000000000364e+03,6.452636718750000000e+01,8.124999999999715783e-03,1.557000000000000028e+01,-3.828125000000959233e-03
5.372699999999999818e+03,6.326293945312500000e+01,3.562500000000001776e-02,1.550000000000000000e+01,-2.953125000000067502e-02
5.372800000000000182e+03,6.368408203125000000e+01,-3.399999999999998579e-01,1.545749999999999957e+01,-4.156250000000039080e-02
5.372899999999999636e+03,6.339111328125000000e+01,4.562499999999980460e-02,1.533999999999999986e+01,1.695312499999968026e-02
5.373000000000000000e+03,6.351928710937500000e+01,6.312499999999987566e-02,1.563749999999999929e+01,-6.945312500000078160e-02
5.373100000000000364e+03,6.302490234375000000e+01,-2.687499999999998224e-02,1.568999999999999950e+01,-4.375000000000106581e-02
5.373199999999999818e+03,6.245727539062500000e+01,7.062500000000015987e-02,1.551999999999999957e+01,1.531249999999939604e-02
5.373300000000000182e+03,6.282348632812500000e+01,6.562499999999982236e-02,1.542999999999999972e+01,-3.171875000000046185e-02
5.373399999999999636e+03,6.256713867187500000e+01,2.562499999999978684e-02,1.563749999999999929e+01,4.320312499999889866e-02
5.373500000000000000e+03,6.256713867187500000e+01,4.062499999999991118e-02,1.548000000000000043e+01,-1.421875000000039080e-02
5.373600000000000364e+03,6.214599609375000000e+01,6.812499999999976907e-02,1.557000000000000028e+01,-6.507812500000031974e-02
5.373699999999999818e+03,6.172485351562500000e+01,1.312500000000005329e-02,1.550999999999999979e+01,-8.804687500000074607e-02
5.373800000000000182e+03,6.212768554687500000e+01,6.562499999999982236e-02,1.529999999999999893e+01,-3.226562500000085265e-02
5.373899999999999636e+03,6.190795898437500000e+01,6.062499999999992895e-02,1.549750000000000050e+01,-3.445312500000063949e-02
5.374000000000000000e+03,6.130371093750000000e+01,3.812499999999996447e-02,1.541999999999999993e+01,-2.625000000000099476e-02
5.374100000000000364e+03,6.130371093750000000e+01,5.062500000000014211e-02,1.548000000000000043e+01,-5.140625000000031974e-02
5.374199999999999818e+03,6.095581054687500000e+01,4.562499999999980460e-02,1.555749999999999922e+01,-6.234375000000103029e-02
5.374300000000000182e+03,6.132202148437500000e+01,4.562499999999980460e-02,1.550999999999999979e+01,-2.406250000000031974e-02
5.374399999999999636e+03,6.077270507812500000e+01,2.312499999999984013e-02,1.542999999999999972e+01,1.312499999999960920e-02
5.374500000000000000e+03,6.051635742187500000e+01,4.062499999999991118e-02,1.557000000000000028e+01,-5.140625000000031974e-02
5.374600000000000364e+03,6.062622070312500000e+01,5.812499999999998224e-02,1.561999999999999922e+01,-5.085937500000081712e-02
5.374699999999999818e+03,6.026000976562500000e+01,5.312500000000008882e-02,1.553999999999999915e+01,-3.882812500000110134e-02
5.374800000000000182e+03,6.066284179687500000e+01,4.062499999999991118e-02,1.569999999999999929e+01,-5.687500000000067502e-02
5.374899999999999636e+03,5.969238281250000000e+01,3.562500000000001776e-02,1.558000000000000007e+01,-2.734375000001065814e-03
5.375000000000000000e+03,5.971069335937500000e+01,4.312499999999985789e-02,1.541000000000000014e+01,-3.281250000000035527e-02
5.375100000000000364e+03,5.982055664062500000e+01,4.312499999999985789e-02,1.535999999999999943e+01,-4.320312500000067502e-02
5.375199999999999818e+03,5.945434570312500000e+01,3.062500000000012434e-02,1.554749999999999943e+01,-3.226562500000085265e-02
5.375300000000000182e+03,5.932617187500000000e+01,4.812499999999975131e-02,1.562999999999999901e+01,-2.734375000001065814e-03
5.375399999999999636e+03,5.892333984375000000e+01,9.187499999999992895e-02,1.564250000000000007e+01,-5.250000000000110134e-02
5.375500000000000000e+03,5.899658203125000000e+01,5.062500000000014211e-02,1.562749999999999950e+01,-4.101562500000088818e-02
5.375600000000000364e+03,5.912475585937500000e+01,2.062499999999989342e-02,1.557000000000000028e+01,-4.539062500000046185e-02
5.375699999999999818e+03,5.870361328125000000e+01,4.812499999999975131e-02,1.561749999999999972e+01,3.281249999999680256e-03
5.375800000000000182e+03,5.853881835937500000e+01,4.312499999999985789e-02,1.561999999999999922e+01,1.257812499999921840e-02
5.375899999999999636e+03,5.833740234375000000e+01,3.812499999999996447e-02,1.547000000000000064e+01,2.624999999999921840e-02
5.376000000000000000e+03,5.839233398437500000e+01,3.812499999999996447e-02,1.553749999999999964e+01,-7.109375000000639488e-03
5.376100000000000364e+03,5.852050781250000000e+01,6.562499999999982236e-02,1.532000000000000028e+01,-4.921875000000053291e-02
5.376199999999999818e+03,5.755004882812500000e+01,1.812499999999994671e-02,1.519999999999999929e+01,-2.734375000001065814e-03
5.376300000000000182e+03,5.782470703125000000e+01,7.499999999999840128e-03,1.534999999999999964e+01,-4.210937500000078160e-02
5.376399999999999636e+03,5.762329101562500000e+01,5.562500000000003553e-02,1.549000000000000021e+01,-8.203125000000532907e-03
5.376500000000000000e+03,5.767822265625000000e+01,4.562499999999980460e-02,1.561749999999999972e+01,-5.906250000000046185e-02
5.376600000000000364e+03,5.756835937500000000e+01,5.312500000000008882e-02,1.560749999999999993e+01,-7.109375000000106581e-02
5.376699999999999818e+03,5.678100585937500000e+01,3.124999999999822364e-03,1.514000000000000057e+01,-2.515625000000110134e-02
5.376800000000000182e+03,5.714721679687500000e+01,6.812499999999976907e-02,1.559999999999999964e+01,-6.890625000000039080e-02
5.376899999999999636e+03,5.692749023437500000e+01,2.812499999999973355e-02,1.525999999999999979e+01,-2.843750000000078160e-02
5.377000000000000000e+03,5.700073242187500000e+01,3.562500000000001776e-02,1.559999999999999964e+01,-9.843750000000817124e-03
5.377100000000000364e+03,5.659790039062500000e+01,2.812499999999973355e-02,1.540000000000000036e+01,-3.828125000000071054e-02
5.377199999999999818e+03,5.615844726562500000e+01,3.312500000000007105e-02,1.554749999999999943e+01,6.015624999998969713e-03
5.377300000000000182e+03,5.654296875000000000e+01,3.312500000000007105e-02,1.558000000000000007e+01,-1.750000000000095923e-02
5.377399999999999636e+03,5.632324218750000000e+01,3.562500000000001776e-02,1.561999999999999922e+01,-5.578125000000078160e-02
5.377500000000000000e+03,5.597534179687500000e+01,4.062499999999991118e-02,1.543999999999999950e+01,-5.742187500000106581e-02
5.377600000000000364e+03,5.582885742187500000e+01,5.062500000000014211e-02,1.575000000000000000e+01,1.531249999999939604e-02
5.377699999999999818e+03,5.544433593750000000e+01,4.562499999999980460e-02,1.562999999999999901e+01,-2.789062500000039080e-02
5.377800000000000182e+03,5.577392578125000000e+01,2.312499999999984013e-02,1.540750000000000064e+01,-1.367187500000088818e-02
5.377899999999999636e+03,5.562744140625000000e+01,5.062500000000014211e-02,1.548000000000000043e+01,1.148437499999932498e-02
5.378000000000000000e+03,5.515136718750000000e+01,6.312499999999987566e-02,1.542999999999999972e+01,-5.304687500000060396e-02
5.378100000000000364e+03,5.520629882812500000e+01,6.562499999999982236e-02,1.551999999999999957e+01,-1.421875000000039080e-02
5.378199999999999818e+03,5.485839843750000000e+01,5.812499999999998224e-02,1.540000000000000036e+01,-3.609375000000092371e-02
5.378300000000000182e+03,5.522460937500000000e+01,2.562499999999978684e-02,1.562749999999999950e+01,-9.843750000000817124e-03
5.378399999999999636e+03,5.454711914062500000e+01,3.812499999999996447e-02,1.554999999999999893e+01,-3.335937500000074607e-02
5.378500000000000000e+03,5.449218750000000000e+01,1.062500000000010658e-02,1.573000000000000043e+01,-6.234375000000103029e-02
5.378600000000000364e+03,5.460205078125000000e+01,6.312499999999987566e-02,1.556000000000000050e+01,-3.500000000000103029e-02
5.378699999999999818e+03,5.427246093750000000e+01,4.062499999999991118e-02,1.547749999999999915e+01,-3.609375000000092371e-02
5.378800000000000182e+03,5.451049804687500000e+01,5.812499999999998224e-02,1.550000000000000000e+01,-7.109375000000106581e-02
5.378899999999999636e+03,5.383300781250000000e+01,2.562499999999978684e-02,1.557750000000000057e+01,-4.867187500000103029e-02
5.379000000000000000e+03,5.385131835937500000e+01,4.562499999999980460e-02,1.558999999999999986e+01,-1.022656250000002487e-01
5.379100000000000364e+03,5.401611328125000000e+01,6.312499999999987566e-02,1.518999999999999950e+01,-2.625000000000099476e-02
5.379199999999999818e+03,5.366821289062500000e+01,6.312499999999987566e-02,1.542999999999999972e+01,1.312499999999960920e-02
5.379300000000000182e+03,5.350341796875000000e+01,2.562499999999978684e-02,1.550000000000000000e+01,2.570312499999971578e-02
5.379399999999999636e+03,5.322875976562500000e+01,6.812499999999976907e-02,1.550999999999999979e+01,8.203124999999644729e-03
5.379500000000000000e+03,5.330200195312500000e+01,5.312500000000008882e-02,1.553999999999999915e+01,-3.664062500000042633e-02
5.379600000000000364e+03,5.341186523437500000e+01,4.312499999999985789e-02,1.549000000000000021e+01,-8.881784197001252323e-16
5.379699999999999818e+03,5.275268554687500000e+01,1.674999999999999822e-01,1.538749999999999929e+01,-5.250000000000110134e-02
5.379800000000000182e+03,5.291748046875000000e+01,5.062500000000014211e-02,1.562999999999999901e+01,-9.078125000000092371e-02
5.379899999999999636e+03,5.271606445312500000e+01,3.062500000000012434e-02,1.543750000000000000e+01,-3.171875000000046185e-02
5.380000000000000000e+03,5.278930664062500000e+01,3.812499999999996447e-02,1.540000000000000036e+01,2.351562499999904077e-02
5.380100000000000364e+03,5.291748046875000000e+01,5.624999999999769074e-03,1.537749999999999950e+01,-2.187500000000675016e-03
5.380199999999999818e+03,5.258789062500000000e+01,4.812499999999975131e-02,1.570999999999999908e+01,5.468749999999467093e-03
5.380300000000000182e+03,5.295410156250000000e+01,6.562499999999982236e-02,1.548000000000000043e+01,-7.437500000000074607e-02
5.380399999999999636e+03,5.271606445312500000e+01,5.312500000000008882e-02,1.558000000000000007e+01,-2.187500000000053291e-02
5.380500000000000000e+03,5.277099609375000000e+01,2.062499999999989342e-02,1.549000000000000021e+01,-3.882812500000110134e-02
5.380600000000000364e+03,5.291748046875000000e+01,5.062500000000014211e-02,1.561749999999999972e+01,7.109374999999751310e-03
5.380699999999999818e+03,5.256958007812500000e+01,3.812499999999996447e-02,1.549000000000000021e+01,-2.242187500000092371e-02
5.380800000000000182e+03,5.295410156250000000e+01,2.935000000000000053e+00,1.566000000000000014e+01,1.554710937500000156e+01
5.380899999999999636e+03,5.273437500000000000e+01,2.977500000000000036e+00,1.539000000000000057e+01,1.550937500000000036e+01
5.381000000000000000e+03,5.277099609375000000e+01,3.009999999999999787e+00,1.553999999999999915e+01,1.552906250000000021e+01
5.381100000000000364e+03,5.291748046875000000e+01,2.959999999999999964e+00,1.539000000000000057e+01,1.554492187500000000e+01
5.381199999999999818e+03,5.251464843750000000e+01,3.007499999999999840e+00,1.533000000000000007e+01,1.551593750000000149e+01
5.381300000000000182e+03,5.291748046875000000e+01,2.997500000000000053e+00,1.558999999999999986e+01,1.549132812500000078e+01
5.381399999999999636e+03,5.273437500000000000e+01,2.992500000000000160e+00,1.558000000000000007e+01,1.549187500000000028e+01
5.381500000000000000e+03,5.412597656250000000e+01,2.979999999999999982e+00,1.548000000000000043e+01,1.552468750000000064e+01
5.381600000000000364e+03,5.451049804687500000e+01,3.017500000000000071e+00,1.550999999999999979e+01,1.548039062500000007e+01
5.381699999999999818e+03,5.414428710937500000e+01,3.017500000000000071e+00,1.541000000000000014e+01,1.549625000000000163e+01
5.381800000000000182e+03,5.451049804687500000e+01,3.029999999999999805e+00,1.549750000000000050e+01,1.547656250000000000e+01
5.381899999999999636e+03,5.548095703125000000e+01,3.035000000000000142e+00,1.553749999999999964e+01,1.548640624999999993e+01
5.382000000000000000e+03,5.723876953125000000e+01,3.049999999999999822e+00,1.561999999999999922e+01,1.553945312500000142e+01
5.382100000000000364e+03,5.738525390625000000e+01,3.080000000000000071e+00,1.541999999999999993e+01,1.547218750000000043e+01
5.382199999999999818e+03,5.703735351562500000e+01,3.077500000000000124e+00,1.556000000000000050e+01,1.554546875000000128e+01
5.382300000000000182e+03,5.742187500000000000e+01,3.029999999999999805e+00,1.545999999999999908e+01,1.551703125000000050e+01
5.382399999999999636e+03,6.088256835937500000e+01,3.080000000000000071e+00,1.545749999999999957e+01,1.543171874999999993e+01
5.382500000000000000e+03,6.128540039062500000e+01,3.102500000000000036e+00,1.570999999999999908e+01,1.546671875000000007e+01
5.382600000000000364e+03,6.135864257812500000e+01,3.115000000000000213e+00,1.534999999999999964e+01,1.547492187500000149e+01
5.382699999999999818e+03,6.102905273437500000e+01,3.082500000000000018e+00,1.539000000000000057e+01,1.550445312500000128e+01
5.382800000000000182e+03,6.437988281250000000e+01,3.112499999999999822e+00,1.534500000000000064e+01,1.544320312500000014e+01
5.382899999999999636e+03,6.546020507812500000e+01,3.109999999999999876e+00,1.542999999999999972e+01,1.549734375000000064e+01
5.383000000000000000e+03,6.562500000000000000e+01,3.125000000000000000e+00,1.539000000000000057e+01,1.552632812500000092e+01
5.383100000000000364e+03,6.571655273437500000e+01,3.149999999999999911e+00,1.550750000000000028e+01,1.554218750000000071e+01
5.383199999999999818e+03,6.549682617187500000e+01,3.149999999999999911e+00,1.540000000000000036e+01,1.541640625000000142e+01
5.383300000000000182e+03,6.910400390625000000e+01,3.154999999999999805e+00,1.553999999999999915e+01,1.549734375000000064e+01
5.383399999999999636e+03,6.897583007812500000e+01,3.140000000000000124e+00,1.520999999999999908e+01,1.551046875000000114e+01
5.383500000000000000e+03,6.912231445312500000e+01,3.162500000000000089e+00,1.532000000000000028e+01,1.547000000000000064e+01
5.383600000000000364e+03,6.923217773437500000e+01,3.160000000000000142e+00,1.534750000000000014e+01,1.554656250000000028e+01
5.383699999999999818e+03,7.139282226562500000e+01,3.182500000000000107e+00,1.561999999999999922e+01,1.549570312500000036e+01
5.383800000000000182e+03,7.232666015625000000e+01,3.147499999999999964e+00,1.539000000000000057e+01,1.549789062500000014e+01
5.383899999999999636e+03,7.205200195312500000e+01,3.205000000000000071e+00,1.544999999999999929e+01,1.546835937500000036e+01
5.384000000000000000e+03,7.225341796875000000e+01,3.200000000000000178e+00,1.533000000000000007e+01,1.547601562500000050e+01
5.384100000000000364e+03,7.342529296875000000e+01,3.167499999999999982e+00,1.559999999999999964e+01,1.551265625000000092e+01
5.384199999999999818e+03,7.457885742187500000e+01,3.229999999999999982e+00,1.535999999999999943e+01,1.544867187500000050e+01
5.384300000000000182e+03,7.507324218750000000e+01,3.217499999999999805e+00,1.550000000000000000e+01,1.546125000000000149e+01
5.384399999999999636e+03,7.478027343750000000e+01,3.247500000000000053e+00,1.561999999999999922e+01,1.547492187500000149e+01
5.384500000000000000e+03,7.494506835937500000e+01,3.225000000000000089e+00,1.548000000000000043e+01,1.548421875000000014e+01
5.384600000000000364e+03,7.732543945312500000e+01,3.214999999999999858e+00,1.554999999999999893e+01,1.551539062500000021e+01
5.384699999999999818e+03,7.712402343750000000e+01,3.220000000000000195e+00,1.533000000000000007e+01,1.553179687500000128e+01
5.384800000000000182e+03,7.758178710937500000e+01,3.267500000000000071e+00,1.561999999999999922e+01,1.550609375000000156e+01
5.384899999999999636e+03,7.725219726562500000e+01,3.247500000000000053e+00,1.549750000000000050e+01,1.543664062500000078e+01
5.385000000000000000e+03,7.904663085937500000e+01,3.257499999999999840e+00,1.542999999999999972e+01,1.544812500000000099e+01
5.385100000000000364e+03,7.979736328125000000e+01,3.290000000000000036e+00,1.547000000000000064e+01,1.551374999999999993e+01
5.385199999999999818e+03,7.943115234375000000e+01,3.282500000000000195e+00,1.557000000000000028e+01,1.548093750000000135e+01
5.385300000000000182e+03,7.992553710937500000e+01,3.297499999999999876e+00,1.549000000000000021e+01,1.551210937500000142e+01
5.385399999999999636e+03,7.966918945312500000e+01,3.307500000000000107e+00,1.561999999999999922e+01,1.544046875000000085e+01
5.385500000000000000e+03,8.188476562500000000e+01,3.305000000000000160e+00,1.534999999999999964e+01,1.539890625000000135e+01
5.385600000000000364e+03,8.201293945312500000e+01,3.332500000000000018e+00,1.545999999999999908e+01,1.542296875000000078e+01
5.385699999999999818e+03,8.162841796875000000e+01,3.307500000000000107e+00,1.531000000000000050e+01,1.548093750000000135e+01
5.385800000000000182e+03,8.210449218750000000e+01,3.319999999999999840e+00,1.557000000000000028e+01,1.545250000000000057e+01
5.385899999999999636e+03,8.351440429687500000e+01,3.312500000000000000e+00,1.557000000000000028e+01,1.545031250000000078e+01
5.386000000000000000e+03,8.408203125000000000e+01,3.365000000000000213e+00,1.553999999999999915e+01,1.547820312500000028e+01
5.386100000000000364e+03,8.413696289062500000e+01,3.365000000000000213e+00,1.528999999999999915e+01,1.547875000000000156e+01
5.386199999999999818e+03,8.371582031250000000e+01,3.325000000000000178e+00,1.554999999999999893e+01,1.546070312500000021e+01
5.386300000000000182e+03,8.505249023437500000e+01,3.345000000000000195e+00,1.558000000000000007e+01,1.545796875000000092e+01
5.386399999999999636e+03,8.569335937500000000e+01,3.347500000000000142e+00,1.556000000000000050e+01,1.553125000000000000e+01
5.386500000000000000e+03,8.609619140625000000e+01,3.399999999999999911e+00,1.524000000000000021e+01,1.548093750000000135e+01
5.386600000000000364e+03,8.615112304687500000e+01,3.365000000000000213e+00,1.545999999999999908e+01,1.543718750000000028e+01
5.386699999999999818e+03,8.574829101562500000e+01,3.350000000000000089e+00,1.514749999999999908e+01,1.546070312500000021e+01
5.386800000000000182e+03,8.796386718750000000e+01,3.354999999999999982e+00,1.539000000000000057e+01,1.544812500000000099e+01
5.386899999999999636e+03,8.770751953125000000e+01,3.379999999999999893e+00,1.564000000000000057e+01,1.547492187500000149e+01
5.387000000000000000e+03,8.807373046875000000e+01,3.384999999999999787e+00,1.551999999999999957e+01,1.547328125000000121e+01
5.387100000000000364e+03,8.809204101562500000e+01,3.407500000000000195e+00,1.550000000000000000e+01,1.540984375000000028e+01
5.387199999999999818e+03,8.893432617187500000e+01,3.377499999999999947e+00,1.547000000000000064e+01,1.543226562500000121e+01
5.387300000000000182e+03,8.999633789062500000e+01,3.457500000000000018e+00,1.559999999999999964e+01,1.554437500000000050e+01
5.387399999999999636e+03,8.955688476562500000e+01,3.437500000000000000e+00,1.549000000000000021e+01,1.549679687500000114e+01
5.387500000000000000e+03,8.986816406250000000e+01,3.450000000000000178e+00,1.540000000000000036e+01,1.546835937500000036e+01
5.387600000000000364e+03,9.003295898437500000e+01,3.439999999999999947e+00,1.547000000000000064e+01,1.547218750000000043e+01
5.387699999999999818e+03,9.125976562500000000e+01,3.450000000000000178e+00,1.528999999999999915e+01,1.544429687500000092e+01
5.387800000000000182e+03,9.193725585937500000e+01,3.129999999999999893e+00,1.539000000000000057e+01,1.547820312500000028e+01
5.387899999999999636e+03,9.136962890625000000e+01,3.455000000000000071e+00,1.550000000000000000e+01,1.548476562500000142e+01
5.388000000000000000e+03,9.162597656250000000e+01,3.437500000000000000e+00,1.559999999999999964e+01,1.547492187500000149e+01
5.388100000000000364e+03,9.320068359375000000e+01,3.462499999999999911e+00,1.557000000000000028e+01,1.546781250000000085e+01
5.388199999999999818e+03,9.309082031250000000e+01,3.459999999999999964e+00,1.557750000000000057e+01,1.548257812500000163e+01
5.388300000000000182e+03,9.358520507812500000e+01,3.464999999999999858e+00,1.550999999999999979e+01,1.546671875000000007e+01
5.388399999999999636e+03,9.318237304687500000e+01,3.497500000000000053e+00,1.561999999999999922e+01,1.549515625000000085e+01
5.388500000000000000e+03,9.417114257812500000e+01,3.530000000000000249e+00,1.559999999999999964e+01,1.551593750000000149e+01
5.388600000000000364e+03,9.521484375000000000e+01,3.520000000000000018e+00,1.562999999999999901e+01,1.547054687500000014e+01
5.388699999999999818e+03,9.477539062500000000e+01,3.512500000000000178e+00,1.561999999999999922e+01,1.546070312500000021e+01
5.388800000000000182e+03,9.523315429687500000e+01,3.517500000000000071e+00,1.545999999999999908e+01,1.545578125000000114e+01
5.388899999999999636e+03,9.475708007812500000e+01,3.517500000000000071e+00,1.550999999999999979e+01,1.543062500000000092e+01
5.389000000000000000e+03,9.688110351562500000e+01,3.535000000000000142e+00,1.550000000000000000e+01,1.546234375000000050e+01
5.389100000000000364e+03,9.695434570312500000e+01,3.542499999999999982e+00,1.541999999999999993e+01,1.547437500000000021e+01
5.389199999999999818e+03,9.662475585937500000e+01,3.557500000000000107e+00,1.550999999999999979e+01,1.550007812499999993e+01
5.389300000000000182e+03,9.706420898437500000e+01,3.560000000000000053e+00,1.561999999999999922e+01,1.544046875000000085e+01
5.389399999999999636e+03,9.776000976562500000e+01,3.602500000000000036e+00,1.544999999999999929e+01,1.547601562500000050e+01
5.389500000000000000e+03,9.862060546875000000e+01,3.555000000000000160e+00,1.566999999999999993e+01,1.545742187500000142e+01
5.389600000000000364e+03,9.856567382812500000e+01,3.560000000000000053e+00,1.550999999999999979e+01,1.545523437500000163e+01
5.389699999999999818e+03,9.823608398437500000e+01,3.582500000000000018e+00,1.544999999999999929e+01,1.548968750000000050e+01
5.389800000000000182e+03,9.887695312500000000e+01,3.580000000000000071e+00,1.570999999999999908e+01,1.549351562500000057e+01
5.389899999999999636e+03,9.977416992187500000e+01,3.577500000000000124e+00,1.547000000000000064e+01,1.547929687500000107e+01
5.390000000000000000e+03,1.003051757812500000e+02,3.597500000000000142e+00,1.558000000000000007e+01,1.545632812500000064e+01
5.390100000000000364e+03,1.002502441406250000e+02,3.609999999999999876e+00,1.544999999999999929e+01,1.546398437500000078e+01
5.390199999999999818e+03,9.982910156250000000e+01,3.640000000000000124e+00,1.545999999999999908e+01,1.553781250000000114e+01
5.390300000000000182e+03,1.018615722656250000e+02,3.622500000000000053e+00,1.534999999999999964e+01,1.552632812500000092e+01
5.390399999999999636e+03,1.016052246093750000e+02,3.617500000000000160e+00,1.552999999999999936e+01,1.546890625000000163e+01
5.390500000000000000e+03,1.019165039062500000e+02,3.657499999999999751e+00,1.558000000000000007e+01,1.542460937500000107e+01
5.390600000000000364e+03,1.019714355468750000e+02,3.660000000000000142e+00,1.566000000000000014e+01,1.552250000000000085e+01
5.390699999999999818e+03,1.024658203125000000e+02,3.677500000000000213e+00,1.565750000000000064e+01,1.547000000000000064e+01
5.390800000000000182e+03,1.037658691406250000e+02,3.680000000000000160e+00,1.554999999999999893e+01,1.544921875000000000e+01
5.390899999999999636e+03,1.032348632812500000e+02,3.682500000000000107e+00,1.558999999999999986e+01,1.551812500000000128e+01
5.391000000000000000e+03,1.036376953125000000e+02,3.667499999999999982e+00,1.545999999999999908e+01,1.551101562500000064e+01
5.391100000000000364e+03,1.036560058593750000e+02,3.700000000000000178e+00,1.551999999999999957e+01,1.546015625000000071e+01
5.391199999999999818e+03,1.047546386718750000e+02,3.697499999999999787e+00,1.539749999999999908e+01,1.549406250000000007e+01
5.391300000000000182e+03,1.054321289062500000e+02,3.722500000000000142e+00,1.543750000000000000e+01,1.546070312500000021e+01
5.391399999999999636e+03,1.048095703125000000e+02,3.707500000000000018e+00,1.538749999999999929e+01,1.551046875000000114e+01
5.391500000000000000e+03,1.052856445312500000e+02,3.737499999999999822e+00,1.557000000000000028e+01,1.544593750000000121e+01
5.391600000000000364e+03,1.065673828125000000e+02,3.719999999999999751e+00,1.541999999999999993e+01,1.547000000000000064e+01
5.391699999999999818e+03,1.065490722656250000e+02,3.740000000000000213e+00,1.550999999999999979e+01,1.550390625000000000e+01
5.391800000000000182e+03,1.071166992187500000e+02,3.767500000000000071e+00,1.544999999999999929e+01,1.549953125000000043e+01
5.391899999999999636e+03,1.065673828125000000e+02,3.757500000000000284e+00,1.559999999999999964e+01,1.551265625000000092e+01
5.392000000000000000e+03,1.074096679687500000e+02,3.750000000000000000e+00,1.526999999999999957e+01,1.546453125000000028e+01
5.392100000000000364e+03,1.084899902343750000e+02,3.867500000000000160e+00,1.568999999999999950e+01,1.542789062500000163e+01
5.392199999999999818e+03,1.081787109375000000e+02,3.817499999999999893e+00,1.548000000000000043e+01,1.548148437500000085e+01
5.392300000000000182e+03,1.086914062500000000e+02,3.787500000000000089e+00,1.542999999999999972e+01,1.548148437500000085e+01
5.392399999999999636e+03,1.081237792968750000e+02,3.814999999999999947e+00,1.539749999999999908e+01,1.543117187500000043e+01
5.392500000000000000e+03,1.100646972656250000e+02,3.842500000000000249e+00,1.561999999999999922e+01,1.546617187500000057e+01
5.392600000000000364e+03,1.101928710937500000e+02,3.837499999999999911e+00,1.558000000000000007e+01,1.548585937500000043e+01
5.392699999999999818e+03,1.098632812500000000e+02,3.837499999999999911e+00,1.537999999999999901e+01,1.546507812500000156e+01
5.392800000000000182e+03,1.104675292968750000e+02,3.859999999999999876e+00,1.552999999999999936e+01,1.548750000000000071e+01
5.392899999999999636e+03,1.107971191406250000e+02,3.890000000000000124e+00,1.531000000000000050e+01,1.546617187500000057e+01
5.393000000000000000e+03,1.118774414062500000e+02,3.905000000000000249e+00,1.566000000000000014e+01,1.550500000000000078e+01
5.393100000000000364e+03,1.118591308593750000e+02,3.930000000000000160e+00,1.567999999999999972e+01,1.543882812500000057e+01
5.393199999999999818e+03,1.114746093750000000e+02,3.932500000000000107e+00,1.554999999999999893e+01,1.549515625000000085e+01
5.393300000000000182e+03,1.120422363281250000e+02,3.932500000000000107e+00,1.524000000000000021e+01,1.547710937500000128e+01
5.393399999999999636e+03,1.130493164062500000e+02,3.905000000000000249e+00,1.569999999999999929e+01,1.542023437500000149e+01
5.393500000000000000e+03,1.135803222656250000e+02,3.964999999999999858e+00,1.531000000000000050e+01,1.541695312500000092e+01
5.393600000000000364e+03,1.135437011718750000e+02,3.972500000000000142e+00,1.575750000000000028e+01,1.546289062500000000e+01
5.393699999999999818e+03,1.132141113281250000e+02,3.992500000000000160e+00,1.545749999999999957e+01,1.546835937500000036e+01
5.393800000000000182e+03,1.151000976562500000e+02,3.977500000000000036e+00,1.552999999999999936e+01,1.545085937500000028e+01
5.393899999999999636e+03,1.147888183593750000e+02,3.964999999999999858e+00,1.560999999999999943e+01,1.547984375000000057e+01
5.394000000000000000e+03,1.153198242187500000e+02,4.007500000000000284e+00,1.559999999999999964e+01,1.547273437499999993e+01
5.394100000000000364e+03,1.152099609375000000e+02,4.035000000000000142e+00,1.548000000000000043e+01,1.548093750000000135e+01
5.394199999999999818e+03,1.155578613281250000e+02,4.040000000000000036e+00,1.544999999999999929e+01,1.542898437500000064e+01
5.394300000000000182e+03,1.171875000000000000e+02,4.067499999999999893e+00,1.541999999999999993e+01,1.545359375000000135e+01
5.394399999999999636e+03,1.166198730468750000e+02,4.155000000000000249e+00,1.558999999999999986e+01,1.545195312500000107e+01
5.394500000000000000e+03,1.171142578125000000e+02,4.094999999999999751e+00,1.543999999999999950e+01,1.554164062500000121e+01
5.394600000000000364e+03,1.170043945312500000e+02,4.105000000000000426e+00,1.560999999999999943e+01,1.545085937500000028e+01
5.394699999999999818e+03,1.183593750000000000e+02,4.122500000000000497e+00,1.561999999999999922e+01,1.547273437499999993e+01
5.394800000000000182e+03,1.190185546875000000e+02,4.129999999999999893e+00,1.542999999999999972e+01,1.549023437500000000e+01
5.394899999999999636e+03,1.183959960937500000e+02,4.155000000000000249e+00,1.565750000000000064e+01,1.552578125000000142e+01
5.395000000000000000e+03,1.189270019531250000e+02,4.187500000000000000e+00,1.552999999999999936e+01,1.550281250000000099e+01
5.395100000000000364e+03,1.200439453125000000e+02,4.189999999999999503e+00,1.558750000000000036e+01,1.547820312500000028e+01
5.395199999999999818e+03,1.203002929687500000e+02,4.174999999999999822e+00,1.548749999999999893e+01,1.541039062500000156e+01
5.395300000000000182e+03,1.208496093750000000e+02,4.214999999999999858e+00,1.561999999999999922e+01,1.550445312500000128e+01
5.395399999999999636e+03,1.202087402343750000e+02,4.230000000000000426e+00,1.550000000000000000e+01,1.549460937500000135e+01
5.395500000000000000e+03,1.208312988281250000e+02,4.271250000000000213e+00,1.523749999999999893e+01,1.544210937500000114e+01
5.395600000000000364e+03,1.217651367187500000e+02,4.246875000000000178e+00,1.568999999999999950e+01,1.555093750000000163e+01
5.395699999999999818e+03,1.214904785156250000e+02,4.279374999999999929e+00,1.561999999999999922e+01,1.547601562500000050e+01
5.395800000000000182e+03,1.220581054687500000e+02,4.286249999999999893e+00,1.528749999999999964e+01,1.547000000000000064e+01
5.395899999999999636e+03,1.214355468750000000e+02,4.322499999999999787e+00,1.566999999999999993e+01,1.545960937500000121e+01
5.396000000000000000e+03,1.220214843750000000e+02,3.062500000000012434e-02,1.553999999999999915e+01,-3.171875000000046185e-02
5.396100000000000364e+03,1.219665527343750000e+02,8.062499999999994671e-02,1.563749999999999929e+01,-4.867187500000103029e-02
5.396199999999999818e+03,1.216369628906250000e+02,2.812499999999973355e-02,1.547000000000000064e+01,-1.859375000000085265e-02
5.396300000000000182e+03,1.221862792968750000e+02,2.312499999999984013e-02,1.559999999999999964e+01,-9.296875000000426326e-03
5.396399999999999636e+03,1.215820312500000000e+02,4.062499999999991118e-02,1.526999999999999957e+01,-2.734375000000088818e-02
5.396500000000000000e+03,1.220581054687500000e+02,2.062499999999989342e-02,1.557000000000000028e+01,-2.460937500000071054e-02
5.396600000000000364e+03,1.219482421875000000e+02,2.812499999999973355e-02,1.559999999999999964e+01,-5.632812500000028422e-02
5.396699999999999818e+03,1.216186523437500000e+02,6.312499999999987566e-02,1.559999999999999964e+01,-1.148437500000110134e-02
5.396800000000000182e+03,1.221679687500000000e+02,5.562500000000003553e-02,1.569999999999999929e+01,-6.179687500000063949e-02
5.396899999999999636e+03,1.208679199218750000e+02,2.062499999999989342e-02,1.560999999999999943e+01,-4.757812500000024869e-02
5.397000000000000000e+03,1.213439941406250000e+02,5.312500000000008882e-02,1.549499999999999922e+01,4.374999999999573674e-03
5.397100000000000364e+03,1.212524414062500000e+02,6.562499999999982236e-02,1.550000000000000000e+01,-1.421875000000039080e-02
5.397199999999999818e+03,1.209411621093750000e+02,4.062499999999991118e-02,1.577749999999999986e+01,-5.468750000000088818e-02
5.397300000000000182e+03,1.197143554687500000e+02,1.062500000000010658e-02,1.559999999999999964e+01,9.296874999999538147e-03
5.397399999999999636e+03,1.185607910156250000e+02,8.124999999999715783e-03,1.539000000000000057e+01,-1.203125000000060396e-02
5.397500000000000000e+03,1.190002441406250000e+02,3.312500000000007105e-02,1.550999999999999979e+01,1.640624999999396039e-03
5.397600000000000364e+03,1.189636230468750000e+02,5.312500000000008882e-02,1.561999999999999922e+01,-5.195312500000071054e-02
5.397699999999999818e+03,1.179199218750000000e+02,2.812499999999973355e-02,1.548000000000000043e+01,-4.976562500000092371e-02
5.397800000000000182e+03,1.156311035156250000e+02,2.562499999999978684e-02,1.540000000000000036e+01,-3.281250000000568434e-03
5.397899999999999636e+03,1.149353027343750000e+02,3.312500000000007105e-02,1.554749999999999943e+01,-3.937500000000060396e-02
5.398000000000000000e+03,1.154479980468750000e+02,3.062500000000012434e-02,1.570999999999999908e+01,-5.851562500000095923e-02
5.398100000000000364e+03,1.153198242187500000e+02,6.812499999999976907e-02,1.532750000000000057e+01,-5.687500000000067502e-02
5.398199999999999818e+03,1.112915039062500000e+02,5.312500000000008882e-02,1.554999999999999893e+01,-1.585937500000067502e-02
5.398300000000000182e+03,1.113647460937500000e+02,5.062500000000014211e-02,1.522000000000000064e+01,-4.375000000000106581e-02
5.398399999999999636e+03,1.107604980468750000e+02,5.062500000000014211e-02,1.566000000000000014e+01,2.078124999999975131e-02
5.398500000000000000e+03,1.111999511718750000e+02,4.562499999999980460e-02,1.548000000000000043e+01,-1.421875000000039080e-02
5.398600000000000364e+03,1.092590332031250000e+02,3.062500000000012434e-02,1.534999999999999964e+01,-6.890625000000039080e-02
5.398699999999999818e+03,1.073181152343750000e+02,4.062499999999991118e-02,1.560749999999999993e+01,-5.687500000000067502e-02
5.398800000000000182e+03,1.078308105468750000e+02,3.312500000000007105e-02,1.554999999999999893e+01,-8.203125000000532907e-03
5.398899999999999636e+03,1.072814941406250000e+02,3.312500000000007105e-02,1.541000000000000014e+01,2.460937499999893419e-02
5.399000000000000000e+03,1.076660156250000000e+02,4.062499999999991118e-02,1.558000000000000007e+01,-5.414062500000049738e-02
5.399100000000000364e+03,1.049011230468750000e+02,5.312500000000008882e-02,1.548000000000000043e+01,-3.609375000000092371e-02
5.399199999999999818e+03,1.044067382812500000e+02,6.062499999999992895e-02,1.535999999999999943e+01,2.242187499999914735e-02
5.399300000000000182e+03,1.048828125000000000e+02,3.812499999999996447e-02,1.542999999999999972e+01,-1.093750000000071054e-02
5.399399999999999636e+03,1.043334960937500000e+02,4.812499999999975131e-02,1.577999999999999936e+01,-6.453125000000081712e-02
5.399500000000000000e+03,1.027404785156250000e+02,4.812499999999975131e-02,1.556000000000000050e+01,-4.210937500000078160e-02
5.399600000000000364e+03,1.021728515625000000e+02,4.812499999999975131e-02,1.561999999999999922e+01,2.132812499999925393e-02
5.399699999999999818e+03,1.018066406250000000e+02,4.062499999999991118e-02,1.525750000000000028e+01,8.203124999999644729e-03
5.399800000000000182e+03,1.022644042968750000e+02,6.812499999999976907e-02,1.520999999999999908e+01,4.374999999999573674e-03
5.399899999999999636e+03,1.012756347656250000e+02,1.812499999999994671e-02,1.564000000000000057e+01,-2.242187500000092371e-02
5.400000000000000000e+03,9.999389648437500000e+01,3.312500000000007105e-02,1.548000000000000043e+01,-1.257812500000099476e-02
5.400100000000000364e+03,9.992065429687500000e+01,1.562500000000000000e-02,1.547000000000000064e+01,-1.367187500000088818e-02
5.400199999999999818e+03,9.951782226562500000e+01,2.062499999999989342e-02,1.545999999999999908e+01,-4.484375000000095923e-02
5.400300000000000182e+03,9.997558593750000000e+01,5.062500000000014211e-02,1.554999999999999893e+01,-4.867187500000103029e-02
5.400399999999999636e+03,9.772338867187500000e+01,3.312500000000007105e-02,1.551999999999999957e+01,-7.656250000001030287e-03
5.400500000000000000e+03,9.786987304687500000e+01,4.312499999999985789e-02,1.564000000000000057e+01,-2.406250000000031974e-02
5.400600000000000364e+03,9.790649414062500000e+01,3.312500000000007105e-02,1.536999999999999922e+01,-5.140625000000031974e-02
5.400699999999999818e+03,9.744873046875000000e+01,3.062500000000012434e-02,1.542750000000000021e+01,-4.921875000000852651e-03
5.400800000000000182e+03,9.684448242187500000e+01,3.562500000000001776e-02,1.566999999999999993e+01,-3.445312500000063949e-02
5.400899999999999636e+03,9.547119140625000000e+01,5.562500000000003553e-02,1.542999999999999972e+01,-2.843750000000078160e-02
5.401000000000000000e+03,9.581909179687500000e+01,3.812499999999996447e-02,1.551999999999999957e+01,-3.171875000000046185e-02
5.401100000000000364e+03,9.587402343750000000e+01,3.812499999999996447e-02,1.553749999999999964e+01,-3.773437500000031974e-02
5.401199999999999818e+03,9.547119140625000000e+01,7.562500000000005329e-02,1.558000000000000007e+01,-6.562500000000071054e-02
5.401300000000000182e+03,9.439086914062500000e+01,3.562500000000001776e-02,1.550999999999999979e+01,-1.476562500000078160e-02
5.401399999999999636e+03,9.376831054687500000e+01,7.062500000000015987e-02,1.572000000000000064e+01,-7.875000000000031974e-02
5.401500000000000000e+03,9.411621093750000000e+01,5.812499999999998224e-02,1.571749999999999936e+01,-7.601562500000103029e-02
5.401600000000000364e+03,9.415283203125000000e+01,3.312500000000007105e-02,1.564000000000000057e+01,-5.742187500000106581e-02
5.401699999999999818e+03,9.250488281250000000e+01,5.812499999999998224e-02,1.557000000000000028e+01,-4.812500000000063949e-02
5.401800000000000182e+03,9.261474609375000000e+01,1.062500000000010658e-02,1.531000000000000050e+01,-2.351562500000081712e-02
5.401899999999999636e+03,9.208374023437500000e+01,2.312499999999984013e-02,1.570999999999999908e+01,-1.367187500000088818e-02
5.402000000000000000e+03,9.243164062500000000e+01,1.812499999999994671e-02,1.533000000000000007e+01,-8.203125000000532907e-03
5.402100000000000364e+03,9.224853515625000000e+01,1.062500000000010658e-02,1.554999999999999893e+01,-1.531250000000028422e-02
5.402199999999999818e+03,9.058227539062500000e+01,4.062499999999991118e-02,1.545999999999999908e+01,-4.265625000000028422e-02
5.402300000000000182e+03,9.105834960937500000e+01,2.312499999999984013e-02,1.549000000000000021e+01,-2.734375000000088818e-02
5.402399999999999636e+03,9.056396484375000000e+01,4.562499999999980460e-02,1.554999999999999893e+01,-3.718750000000081712e-02
5.402500000000000000e+03,9.091186523437500000e+01,8.562499999999984013e-02,1.548000000000000043e+01,-2.789062500000039080e-02
5.402600000000000364e+03,8.964843750000000000e+01,4.312499999999985789e-02,1.541000000000000014e+01,-6.507812500000031974e-02
5.402699999999999818e+03,8.906250000000000000e+01,2.312499999999984013e-02,1.561999999999999922e+01,-4.921875000000852651e-03
5.402800000000000182e+03,8.957519531250000000e+01,4.812499999999975131e-02,1.543999999999999950e+01,5.468749999995026201e-04
5.402899999999999636e+03,8.909912109375000000e+01,4.812499999999975131e-02,1.575999999999999979e+01,2.132812499999925393e-02
5.403000000000000000e+03,8.864135742187500000e+01,9.437499999999987566e-02,1.551999999999999957e+01,-6.015625000000035527e-02
5.403100000000000364e+03,8.798217773437500000e+01,1.812499999999994671e-02,1.541000000000000014e+01,-6.398437500000042633e-02
5.403199999999999818e+03,8.756103515625000000e+01,4.062499999999991118e-02,1.557000000000000028e+01,-7.109375000000639488e-03
5.403300000000000182e+03,8.803710937500000000e+01,3.062500000000012434e-02,1.552999999999999936e+01,-9.843750000000817124e-03
5.403399999999999636e+03,8.759765625000000000e+01,3.612500000000000711e-01,1.534750000000000014e+01,-2.351562500000081712e-02
5.403500000000000000e+03,8.662719726562500000e+01,3.562500000000001776e-02,1.553999999999999915e+01,-3.390625000000024869e-02
5.403600000000000364e+03,8.655395507812500000e+01,4.812499999999975131e-02,1.552999999999999936e+01,-7.109375000000106581e-02
5.403699999999999818e+03,8.616943359375000000e+01,3.062500000000012434e-02,1.562999999999999901e+01,-6.726562500000099476e-02
5.403800000000000182e+03,8.666381835937500000e+01,4.062499999999991118e-02,1.533999999999999986e+01,-3.117187500000095923e-02
5.403899999999999636e+03,8.519897460937500000e+01,3.312500000000007105e-02,1.574000000000000021e+01,-8.203125000000532907e-03
5.404000000000000000e+03,8.510742187500000000e+01,4.562499999999980460e-02,1.535999999999999943e+01,-4.046875000000049738e-02
5.404100000000000364e+03,8.514404296875000000e+01,3.812499999999996447e-02,1.537999999999999901e+01,-3.281250000000568434e-03
5.404199999999999818e+03,8.475952148437500000e+01,5.312500000000008882e-02,1.550000000000000000e+01,-3.609375000000092371e-02
5.404300000000000182e+03,8.499755859375000000e+01,2.312499999999984013e-02,1.550999999999999979e+01,-4.265625000000028422e-02
5.404399999999999636e+03,8.356933593750000000e+01,2.312499999999984013e-02,1.559750000000000014e+01,-8.421875000000067502e-02
5.404500000000000000e+03,8.378906250000000000e+01,6.062499999999992895e-02,1.541000000000000014e+01,-3.554687500000053291e-02
5.404600000000000364e+03,8.386230468750000000e+01,4.062499999999991118e-02,1.548000000000000043e+01,-1.695312500000056843e-02
5.404699999999999818e+03,8.349609375000000000e+01,5.812499999999998224e-02,1.548000000000000043e+01,-8.039062500000060396e-02
5.404800000000000182e+03,8.281860351562500000e+01,5.812499999999998224e-02,1.542999999999999972e+01,-5.414062500000049738e-02
5.404899999999999636e+03,8.221435546875000000e+01,2.062499999999989342e-02,1.562999999999999901e+01,-2.570312500000060396e-02
5.405000000000000000e+03,8.252563476562500000e+01,3.812499999999996447e-02,1.545999999999999908e+01,-2.187500000000053291e-02
5.405100000000000364e+03,8.254394531250000000e+01,4.312499999999985789e-02,1.566000000000000014e+01,-3.117187500000095923e-02
5.405199999999999818e+03,8.157348632812500000e+01,1.062500000000010658e-02,1.567999999999999972e+01,-5.468750000000355271e-03
5.405300000000000182e+03,8.135375976562500000e+01,5.312500000000008882e-02,1.544999999999999929e+01,-6.453125000000081712e-02
5.405399999999999636e+03,8.091430664062500000e+01,5.562500000000003553e-02,1.542999999999999972e+01,-8.804687500000074607e-02
5.405500000000000000e+03,8.118896484375000000e+01,2.062499999999989342e-02,1.543999999999999950e+01,-3.171875000000046185e-02
5.405600000000000364e+03,8.124389648437500000e+01,7.562500000000005329e-02,1.553999999999999915e+01,-4.484375000000095923e-02
5.405699999999999818e+03,7.976074218750000000e+01,6.062499999999992895e-02,1.537749999999999950e+01,-6.835937500000088818e-02
5.405800000000000182e+03,8.010864257812500000e+01,3.562500000000001776e-02,1.548000000000000043e+01,-2.843750000000078160e-02
5.405899999999999636e+03,7.972412109375000000e+01,5.062500000000014211e-02,1.559750000000000014e+01,-5.906250000000046185e-02
5.406000000000000000e+03,7.996215820312500000e+01,3.562500000000001776e-02,1.552999999999999936e+01,-5.359375000000099476e-02
5.406100000000000364e+03,7.921142578125000000e+01,-9.374999999999911182e-03,1.561999999999999922e+01,-1.476562500000078160e-02
5.406199999999999818e+03,7.847900390625000000e+01,1.312500000000005329e-02,1.574000000000000021e+01,-4.757812500000024869e-02
5.406300000000000182e+03,7.893676757812500000e+01,5.312500000000008882e-02,1.572000000000000064e+01,-4.210937500000078160e-02
5.406399999999999636e+03,7.855224609375000000e+01,4.312499999999985789e-02,1.547000000000000064e+01,-7.273437500000046185e-02
5.406500000000000000e+03,7.868041992187500000e+01,2.562499999999978684e-02,1.531000000000000050e+01,3.281249999999680256e-03
5.406600000000000364e+03,7.772827148437500000e+01,4.812499999999975131e-02,1.551999999999999957e+01,-5.468750000000088818e-02
5.406699999999999818e+03,7.727050781250000000e+01,-1.437500000000024869e-02,1.551999999999999957e+01,-7.109375000000106581e-02
5.406800000000000182e+03,7.772827148437500000e+01,3.562500000000001776e-02,1.557750000000000057e+01,-3.554687500000053291e-02
5.406899999999999636e+03,7.732543945312500000e+01,7.812500000000000000e-02,1.541999999999999993e+01,-5.523437500000039080e-02
5.407000000000000000e+03,7.662963867187500000e+01,2.812499999999973355e-02,1.564000000000000057e+01,-5.195312500000071054e-02
5.407100000000000364e+03,7.657470703125000000e+01,3.312500000000007105e-02,1.557000000000000028e+01,-2.734375000001065814e-03
5.407199999999999818e+03,7.615356445312500000e+01,3.062500000000012434e-02,1.560749999999999993e+01,-6.890625000000039080e-02
5.407300000000000182e+03,7.659301757812500000e+01,5.562500000000003553e-02,1.552999999999999936e+01,1.749999999999918288e-02
5.407399999999999636e+03,7.578735351562500000e+01,3.312500000000007105e-02,1.565499999999999936e+01,-2.242187500000092371e-02
5.407500000000000000e+03,7.540283203125000000e+01,2.062499999999989342e-02,1.558999999999999986e+01,-2.023437500000024869e-02
5.407600000000000364e+03,7.543945312500000000e+01,5.562500000000003553e-02,1.528999999999999915e+01,-1.804687500000046185e-02
5.407699999999999818e+03,7.503662109375000000e+01,1.312500000000005329e-02,1.562999999999999901e+01,-1.585937500000067502e-02
5.407800000000000182e+03,7.551269531250000000e+01,7.062500000000015987e-02,1.527749999999999986e+01,-2.570312500000060396e-02
5.407899999999999636e+03,7.413940429687500000e+01,7.874999999999987566e-02,1.545999999999999908e+01,-3.226562500000085265e-02
5.408000000000000000e+03,7.424926757812500000e+01,5.312500000000008882e-02,1.557000000000000028e+01,-6.289062500000053291e-02
5.408100000000000364e+03,7.432250976562500000e+01,6.312499999999987566e-02,1.547000000000000064e+01,-8.421875000000067502e-02
5.408199999999999818e+03,7.395629882812500000e+01,3.312500000000007105e-02,1.543999999999999950e+01,1.531249999999939604e-02
5.408300000000000182e+03,7.364501953125000000e+01,7.062500000000015987e-02,1.541000000000000014e+01,4.374999999999573674e-03
5.408399999999999636e+03,7.298583984375000000e+01,4.812499999999975131e-02,1.558999999999999986e+01,-3.773437500000031974e-02
5.408500000000000000e+03,7.316894531250000000e+01,4.312499999999985789e-02,1.575000000000000000e+01,-9.296875000000426326e-03
5.408600000000000364e+03,7.324218750000000000e+01,6.312499999999987566e-02,1.566000000000000014e+01,-2.132812500000103029e-02
5.408699999999999818e+03,7.285766601562500000e+01,6.062499999999992895e-02,1.540000000000000036e+01,-2.679687500000049738e-02
5.408800000000000182e+03,7.232666015625000000e+01,4.062499999999991118e-02,1.553999999999999915e+01,-3.281250000000035527e-02
5.408899999999999636e+03,7.196044921875000000e+01,6.062499999999992895e-02,1.553999999999999915e+01,-1.421875000000039080e-02
5.409000000000000000e+03,7.216186523437500000e+01,2.562499999999978684e-02,1.560999999999999943e+01,4.156249999999950262e-02
5.409100000000000364e+03,7.225341796875000000e+01,2.312499999999984013e-02,1.557750000000000057e+01,-7.656250000001030287e-03
5.409199999999999818e+03,7.097167968750000000e+01,3.812499999999996447e-02,1.547749999999999915e+01,2.515624999999932498e-02
5.409300000000000182e+03,7.120971679687500000e+01,4.062499999999991118e-02,1.558999999999999986e+01,-7.765625000000042633e-02
5.409399999999999636e+03,7.086181640625000000e+01,3.124999999999822364e-03,1.562999999999999901e+01,-5.687500000000067502e-02
5.409500000000000000e+03,7.104492187500000000e+01,4.562499999999980460e-02,1.535749999999999993e+01,-4.101562500000088818e-02
5.409600000000000364e+03,7.080688476562500000e+01,1.312500000000005329e-02,1.558750000000000036e+01,-7.710937500000092371e-02
5.409699999999999818e+03,6.978149414062500000e+01,5.312500000000008882e-02,1.552999999999999936e+01,-7.710937500000092371e-02
5.409800000000000182e+03,7.020263671875000000e+01,5.812499999999998224e-02,1.537999999999999901e+01,-1.257812500000099476e-02
5.409899999999999636e+03,6.990966796875000000e+01,3.812499999999996447e-02,1.556000000000000050e+01,2.734374999999911182e-02
5.410000000000000000e+03,7.000122070312500000e+01,2.312499999999984013e-02,1.550999999999999979e+01,-4.429687500000056843e-02
5.410100000000000364e+03,6.928710937500000000e+01,8.812499999999978684e-02,1.544999999999999929e+01,5.468749999999467093e-03
5.410199999999999818e+03,6.884765625000000000e+01,3.124999999999822364e-03,1.561999999999999922e+01,-4.429687500000056843e-02
5.410300000000000182e+03,6.932373046875000000e+01,-1.750000000000007105e-02,1.569999999999999929e+01,-6.289062500000053291e-02
5.410399999999999636e+03,6.899414062500000000e+01,6.062499999999992895e-02,1.536999999999999922e+01,-7.218750000000095923e-02
5.410500000000000000e+03,6.864624023437500000e+01,7.812500000000000000e-02,1.564000000000000057e+01,-7.273437500000046185e-02
5.410600000000000364e+03,6.833496093750000000e+01,6.562499999999982236e-02,1.557000000000000028e+01,-3.937500000000060396e-02
5.410699999999999818e+03,6.793212890625000000e+01,4.812499999999975131e-02,1.569999999999999929e+01,-2.625000000000099476e-02
5.410800000000000182e+03,6.838989257812500000e+01,1.812499999999994671e-02,1.569999999999999929e+01,-4.210937500000078160e-02
5.410899999999999636e+03,6.807861328125000000e+01,4.312499999999985789e-02,1.552749999999999986e+01,-3.937500000000060396e-02
5.411000000000000000e+03,6.738281250000000000e+01,1.312500000000005329e-02,1.558000000000000007e+01,-3.117187500000095923e-02
5.411100000000000364e+03,6.740112304687500000e+01,4.312499999999985789e-02,1.552999999999999936e+01,-3.718750000000081712e-02
5.411199999999999818e+03,6.705322265625000000e+01,1.812499999999994671e-02,1.544999999999999929e+01,1.695312499999968026e-02
5.411300000000000182e+03,6.749267578125000000e+01,3.062500000000012434e-02,1.542999999999999972e+01,-6.617187500000110134e-02
5.411399999999999636e+03,6.650390625000000000e+01,-4.375000000000017764e-03,1.576999999999999957e+01,-3.664062500000042633e-02
5.411500000000000000e+03,6.644897460937500000e+01,6.312499999999987566e-02,1.541000000000000014e+01,-5.523437500000039080e-02
5.411600000000000364e+03,6.652221679687500000e+01,2.312499999999984013e-02,1.558999999999999986e+01,-5.468750000000355271e-03
5.411699999999999818e+03,6.613769531250000000e+01,5.562500000000003553e-02,1.564000000000000057e+01,-4.375000000000106581e-02
5.411800000000000182e+03,6.639404296875000000e+01,3.812499999999996447e-02,1.544999999999999929e+01,-7.109375000000639488e-03
5.411899999999999636e+03,6.542358398437500000e+01,1.812499999999994671e-02,1.545999999999999908e+01,-7.273437500000046185e-02
5.412000000000000000e+03,6.553344726562500000e+01,3.562500000000001776e-02,1.559999999999999964e+01,-3.390625000000024869e-02
5.412100000000000364e+03,6.560668945312500000e+01,6.562499999999982236e-02,1.552749999999999986e+01,-2.187500000000053291e-02
5.412199999999999818e+03,6.524047851562500000e+01,6.062499999999992895e-02,1.545749999999999957e+01,-6.453125000000081712e-02
5.412300000000000182e+03,6.496582031250000000e+01,2.062499999999989342e-02,1.577999999999999936e+01,-8.093750000000099476e-02
5.412399999999999636e+03,6.458129882812500000e+01,2.812499999999973355e-02,1.549000000000000021e+01,-6.562500000000248690e-03
5.412500000000000000e+03,6.476440429687500000e+01,2.812499999999973355e-02,1.538749999999999929e+01,-2.078125000000063949e-02
5.412600000000000364e+03,6.483764648437500000e+01,5.562500000000003553e-02,1.549750000000000050e+01,-1.914062500000035527e-02
5.412699999999999818e+03,6.405029296875000000e+01,3.812499999999996447e-02,1.550999999999999979e+01,8.749999999999147349e-03
5.412800000000000182e+03,6.395874023437500000e+01,6.562499999999982236e-02,1.543999999999999950e+01,-1.859375000000085265e-02
5.412899999999999636e+03,6.372070312500000000e+01,5.562500000000003553e-02,1.582750000000000057e+01,-6.398437500000042633e-02
5.413000000000000000e+03,6.384887695312500000e+01,4.062499999999991118e-02,1.541000000000000014e+01,-5.359375000000099476e-02
5.413100000000000364e+03,6.394042968750000000e+01,3.562500000000001776e-02,1.550999999999999979e+01,-3.281250000000035527e-02
5.413199999999999818e+03,6.280517578125000000e+01,4.312499999999985789e-02,1.525000000000000000e+01,-1.695312500000056843e-02
5.413300000000000182e+03,6.313476562500000000e+01,3.812499999999996447e-02,1.541000000000000014e+01,-5.906250000000046185e-02
5.413399999999999636e+03,6.289672851562500000e+01,3.312500000000007105e-02,1.544999999999999929e+01,-3.171875000000046185e-02
5.413500000000000000e+03,6.302490234375000000e+01,3.562500000000001776e-02,1.545999999999999908e+01,-3.062500000000056843e-02
5.413600000000000364e+03,6.254882812500000000e+01,5.812499999999998224e-02,1.565000000000000036e+01,-2.953125000000067502e-02
5.413699999999999818e+03,6.192626953125000000e+01,3.562500000000001776e-02,1.562749999999999950e+01,-3.882812500000110134e-02
5.413800000000000182e+03,6.231079101562500000e+01,5.624999999999769074e-03,1.553999999999999915e+01,-3.226562500000085265e-02
5.413899999999999636e+03,6.209106445312500000e+01,5.562500000000003553e-02,1.535999999999999943e+01,-1.804687500000046185e-02
5.414000000000000000e+03,6.220092773437500000e+01,6.312499999999987566e-02,1.543750000000000000e+01,-9.296875000000426326e-03
5.414100000000000364e+03,6.166992187500000000e+01,6.812499999999976907e-02,1.547000000000000064e+01,-1.312500000000049738e-02
5.414199999999999818e+03,6.121215820312500000e+01,4.562499999999980460e-02,1.565000000000000036e+01,-8.039062500000060396e-02
5.414300000000000182e+03,6.163330078125000000e+01,5.562500000000003553e-02,1.554999999999999893e+01,-8.476562500000106581e-02
5.414399999999999636e+03,6.139526367187500000e+01,4.062499999999991118e-02,1.544999999999999929e+01,-5.960937500000085265e-02
5.414500000000000000e+03,6.086425781250000000e+01,4.062499999999991118e-02,1.558999999999999986e+01,-6.289062500000053291e-02
5.414600000000000364e+03,6.082763671875000000e+01,5.562500000000003553e-02,1.566999999999999993e+01,-2.242187500000092371e-02
5.414699999999999818e+03,6.047973632812500000e+01,-4.375000000000017764e-03,1.553999999999999915e+01,-5.960937500000085265e-02
5.414800000000000182e+03,6.082763671875000000e+01,3.062500000000012434e-02,1.547000000000000064e+01,-5.414062500000049738e-02
5.414899999999999636e+03,6.035156250000000000e+01,2.812499999999973355e-02,1.545999999999999908e+01,-4.156250000000039080e-02
5.415000000000000000e+03,6.005859375000000000e+01,5.312500000000008882e-02,1.551999999999999957e+01,-1.914062500000035527e-02
5.415100000000000364e+03,6.011352539062500000e+01,6.062499999999992895e-02,1.552999999999999936e+01,-2.460937500000071054e-02
5.415199999999999818e+03,5.976562500000000000e+01,-4.375000000000017764e-03,1.526750000000000007e+01,-5.468750000000355271e-03
5.415300000000000182e+03,6.015014648437500000e+01,6.562499999999982236e-02,1.549000000000000021e+01,-3.007812500000106581e-02
5.415399999999999636e+03,5.930786132812500000e+01,5.562500000000003553e-02,1.526999999999999957e+01,-8.257812500000039080e-02
5.415500000000000000e+03,5.930786132812500000e+01,3.562500000000001776e-02,1.566000000000000014e+01,-7.656250000000053291e-02
5.415600000000000364e+03,5.939941406250000000e+01,1.562500000000000000e-02,1.547000000000000064e+01,-2.187500000000053291e-02
5.415699999999999818e+03,5.905151367187500000e+01,4.562499999999980460e-02,1.541999999999999993e+01,-5.796875000000056843e-02
5.415800000000000182e+03,5.903320312500000000e+01,4.062499999999991118e-02,1.527999999999999936e+01,6.562499999999360512e-03
5.415899999999999636e+03,5.850219726562500000e+01,6.812499999999976907e-02,1.540000000000000036e+01,-4.265625000000028422e-02
5.416000000000000000e+03,5.861206054687500000e+01,1.562500000000000000e-02,1.544999999999999929e+01,-8.859375000000024869e-02
5.416100000000000364e+03,5.868530273437500000e+01,3.812499999999996447e-02,1.548000000000000043e+01,-5.468750000000355271e-03
5.416199999999999818e+03,5.835571289062500000e+01,4.562499999999980460e-02,1.549000000000000021e+01,-3.445312500000063949e-02
5.416300000000000182e+03,5.808105468750000000e+01,6.312499999999987566e-02,1.547000000000000064e+01,-4.867187500000103029e-02
5.416399999999999636e+03,5.782470703125000000e+01,1.312500000000005329e-02,1.523000000000000043e+01,-4.921875000000852651e-03
5.416500000000000000e+03,5.791625976562500000e+01,3.812499999999996447e-02,1.529749999999999943e+01,-4.648437500000035527e-02
5.416600000000000364e+03,5.802612304687500000e+01,4.312499999999985789e-02,1.559999999999999964e+01,-2.625000000000099476e-02
5.416699999999999818e+03,5.712890625000000000e+01,5.062500000000014211e-02,1.548000000000000043e+01,-7.218750000000095923e-02
5.416800000000000182e+03,5.734863281250000000e+01,2.812499999999973355e-02,1.558000000000000007e+01,-1.859375000000085265e-02
5.416899999999999636e+03,5.705566406250000000e+01,3.562500000000001776e-02,1.564000000000000057e+01,-4.265625000000028422e-02
5.417000000000000000e+03,5.718383789062500000e+01,5.062500000000014211e-02,1.566000000000000014e+01,-7.929687500000071054e-02
5.417100000000000364e+03,5.720214843750000000e+01,4.312499999999985789e-02,1.558000000000000007e+01,1.257812499999921840e-02
5.417199999999999818e+03,5.628662109375000000e+01,4.562499999999980460e-02,1.543750000000000000e+01,-6.617187500000110134e-02
5.417300000000000182e+03,5.665283203125000000e+01,3.062500000000012434e-02,1.548749999999999893e+01,1.968749999999896971e-02
5.417399999999999636e+03,5.645141601562500000e+01,4.812499999999975131e-02,1.552999999999999936e+01,-3.718750000000081712e-02
5.417500000000000000e+03,5.648803710937500000e+01,3.312500000000007105e-02,1.554999999999999893e+01,-5.140625000000031974e-02
5.417600000000000364e+03,5.606689453125000000e+01,7.312500000000010658e-02,1.558750000000000036e+01,-2.515625000000110134e-02
5.417699999999999818e+03,5.566406250000000000e+01,2.812499999999973355e-02,1.551999999999999957e+01,-2.679687500000049738e-02
5.417800000000000182e+03,5.604858398437500000e+01,4.812499999999975131e-02,1.551999999999999957e+01,1.148437499999932498e-02
5.417899999999999636e+03,5.579223632812500000e+01,4.312499999999985789e-02,1.545999999999999908e+01,-9.789062500000067502e-02
5.418000000000000000e+03,5.564575195312500000e+01,-1.068750000000000533e-01,1.557000000000000028e+01,1.531249999999939604e-02
5.418100000000000364e+03,5.540771484375000000e+01,1.062500000000010658e-02,1.541999999999999993e+01,-3.828125000000071054e-02
5.418199999999999818e+03,5.507812500000000000e+01,4.062499999999991118e-02,1.550000000000000000e+01,-3.281250000000035527e-02
5.418300000000000182e+03,5.542602539062500000e+01,5.062500000000014211e-02,1.548000000000000043e+01,-3.117187500000095923e-02
5.418399999999999636e+03,5.520629882812500000e+01,4.062499999999991118e-02,1.534750000000000014e+01,-4.921875000000053291e-02
5.418500000000000000e+03,5.473022460937500000e+01,4.562499999999980460e-02,1.545999999999999908e+01,-3.281250000000035527e-02
5.418600000000000364e+03,5.478515625000000000e+01,2.812499999999973355e-02,1.557000000000000028e+01,1.039062499999943157e-02
5.418699999999999818e+03,5.447387695312500000e+01,6.312499999999987566e-02,1.543999999999999950e+01,-4.210937500000078160e-02
5.418800000000000182e+03,5.482177734375000000e+01,6.249999999998756550e-04,1.557000000000000028e+01,-7.164062500000056843e-02
5.418899999999999636e+03,5.419921875000000000e+01,3.812499999999996447e-02,1.553999999999999915e+01,-2.187500000000053291e-02
5.419000000000000000e+03,5.412597656250000000e+01,4.062499999999991118e-02,1.557000000000000028e+01,-2.187500000000053291e-02
5.419100000000000364e+03,5.418090820312500000e+01,4.312499999999985789e-02,1.551999999999999957e+01,-4.539062500000046185e-02
5.419199999999999818e+03,5.386962890625000000e+01,4.562499999999980460e-02,1.548000000000000043e+01,5.468749999999467093e-03
5.419300000000000182e+03,5.419921875000000000e+01,3.562500000000001776e-02,1.568999999999999950e+01,-1.640625000000284217e-03
5.419399999999999636e+03,5.341186523437500000e+01,4.062499999999991118e-02,1.573000000000000043e+01,2.078124999999975131e-02
5.419500000000000000e+03,5.348510742187500000e+01,6.062499999999992895e-02,1.542999999999999972e+01,-5.304687500000060396e-02
5.419600000000000364e+03,5.363159179687500000e+01,4.312499999999985789e-02,1.560999999999999943e+01,-7.601562500000103029e-02
5.419699999999999818e+03,5.321044921875000000e+01,2.312499999999984013e-02,1.542999999999999972e+01,-6.125000000000024869e-02
5.419800000000000182e+03,5.313720703125000000e+01,3.812499999999996447e-02,1.568999999999999950e+01,-5.851562500000095923e-02
5.419899999999999636e+03,5.278930664062500000e+01,3.062500000000012434e-02,1.558999999999999986e+01,-1.859375000000085265e-02
5.420000000000000000e+03,5.286254882812500000e+01,4.062499999999991118e-02,1.552999999999999936e+01,-1.257812500000099476e-02
5.420100000000000364e+03,5.300903320312500000e+01,8.124999999999715783e-03,1.560749999999999993e+01,2.734374999999289457e-03
5.420199999999999818e+03,5.249633789062500000e+01,4.062499999999991118e-02,1.534999999999999964e+01,9.843749999999040767e-03
5.420300000000000182e+03,5.255126953125000000e+01,4.312499999999985789e-02,1.565000000000000036e+01,1.312499999999960920e-02
5.420399999999999636e+03,5.234985351562500000e+01,5.624999999999769074e-03,1.565000000000000036e+01,-1.148437500000110134e-02
5.420500000000000000e+03,5.240478515625000000e+01,5.062500000000014211e-02,1.548749999999999893e+01,-2.406250000000031974e-02
5.420600000000000364e+03,5.247802734375000000e+01,2.312499999999984013e-02,1.558999999999999986e+01,-6.234375000000103029e-02
5.420699999999999818e+03,5.203857421875000000e+01,4.562499999999980460e-02,1.549000000000000021e+01,-4.593750000000085265e-02
5.420800000000000182e+03,5.240478515625000000e+01,2.062499999999989342e-02,1.565000000000000036e+01,-1.476562500000078160e-02
5.420899999999999636e+03,5.220336914062500000e+01,5.812499999999998224e-02,1.550000000000000000e+01,-4.484375000000095923e-02
5.421000000000000000e+03,5.227661132812500000e+01,2.935000000000000053e+00,1.564000000000000057e+01,1.551156250000000014e+01
5.421100000000000364e+03,5.238647460937500000e+01,3.100000000000000089e+00,1.540000000000000036e+01,1.542460937500000107e+01
5.421199999999999818e+03,5.203857421875000000e+01,2.970000000000000195e+00,1.564000000000000057e+01,1.547929687500000107e+01
5.421300000000000182e+03,5.240478515625000000e+01,2.982499999999999929e+00,1.557000000000000028e+01,1.549843750000000142e+01
5.421399999999999636e+03,5.220336914062500000e+01,2.992500000000000160e+00,1.554999999999999893e+01,1.559523437500000043e+01
5.421500000000000000e+03,5.229492187500000000e+01,3.004999999999999893e+00,1.529999999999999893e+01,1.548859375000000149e+01
5.421600000000000364e+03,5.361328125000000000e+01,3.022499999999999964e+00,1.570999999999999908e+01,1.546398437500000078e+01
5.421699999999999818e+03,5.335693359375000000e+01,2.992500000000000160e+00,1.557000000000000028e+01,1.545742187500000142e+01
5.421800000000000182e+03,5.374145507812500000e+01,2.992500000000000160e+00,1.541000000000000014e+01,1.545687500000000014e+01
5.421899999999999636e+03,5.348510742187500000e+01,2.997500000000000053e+00,1.558000000000000007e+01,1.547656250000000000e+01
5.422000000000000000e+03,5.551757812500000000e+01,3.042499999999999982e+00,1.550999999999999979e+01,1.547054687500000014e+01
5.422100000000000364e+03,5.617675781250000000e+01,3.037500000000000089e+00,1.548749999999999893e+01,1.548367187500000064e+01
5.422199999999999818e+03,5.586547851562500000e+01,3.004999999999999893e+00,1.542999999999999972e+01,1.548585937500000043e+01
5.422300000000000182e+03,5.623168945312500000e+01,3.069999999999999840e+00,1.543999999999999950e+01,1.548312500000000114e+01
5.422399999999999636e+03,5.681762695312500000e+01,3.052500000000000213e+00,1.558999999999999986e+01,1.549187500000000028e+01
5.422500000000000000e+03,5.965576171875000000e+01,3.075000000000000178e+00,1.541999999999999993e+01,1.549460937500000135e+01
5.422600000000000364e+03,5.991210937500000000e+01,3.107499999999999929e+00,1.541000000000000014e+01,1.546617187500000057e+01
5.422699999999999818e+03,5.954589843750000000e+01,3.100000000000000089e+00,1.564749999999999908e+01,1.545960937500000121e+01
5.422800000000000182e+03,5.994873046875000000e+01,3.077500000000000124e+00,1.553999999999999915e+01,1.549023437500000000e+01
5.422899999999999636e+03,6.368408203125000000e+01,3.082500000000000018e+00,1.559999999999999964e+01,1.541039062500000156e+01
5.423000000000000000e+03,6.439819335937500000e+01,3.120000000000000107e+00,1.541999999999999993e+01,1.552140625000000007e+01
5.423100000000000364e+03,6.452636718750000000e+01,3.109999999999999876e+00,1.532000000000000028e+01,1.545687500000000014e+01
5.423199999999999818e+03,6.416015625000000000e+01,3.125000000000000000e+00,1.542999999999999972e+01,1.545085937500000028e+01
5.423300000000000182e+03,6.643066406250000000e+01,3.120000000000000107e+00,1.537999999999999901e+01,1.545359375000000135e+01
5.423399999999999636e+03,6.787719726562500000e+01,3.145000000000000018e+00,1.560999999999999943e+01,1.549242187500000156e+01
5.423500000000000000e+03,6.811523437500000000e+01,3.129999999999999893e+00,1.566000000000000014e+01,1.546453125000000028e+01
5.423600000000000364e+03,6.822509765625000000e+01,3.149999999999999911e+00,1.548000000000000043e+01,1.551265625000000092e+01
5.423699999999999818e+03,6.784057617187500000e+01,3.152499999999999858e+00,1.558000000000000007e+01,1.544101562500000036e+01
5.423800000000000182e+03,7.124633789062500000e+01,3.169999999999999929e+00,1.573000000000000043e+01,1.542625000000000135e+01
5.423899999999999636e+03,7.113647460937500000e+01,3.167499999999999982e+00,1.551999999999999957e+01,1.544867187500000050e+01
5.424000000000000000e+03,7.135620117187500000e+01,3.182500000000000107e+00,1.558999999999999986e+01,1.546617187500000057e+01
5.424100000000000364e+03,7.142944335937500000e+01,3.174999999999999822e+00,1.560999999999999943e+01,1.546125000000000149e+01
5.424199999999999818e+03,7.313232421875000000e+01,3.217499999999999805e+00,1.560999999999999943e+01,1.540164062500000064e+01
5.424300000000000182e+03,7.428588867187500000e+01,3.227500000000000036e+00,1.550750000000000028e+01,1.546945312500000114e+01
5.424399999999999636e+03,7.393798828125000000e+01,3.189999999999999947e+00,1.547000000000000064e+01,1.547218750000000043e+01
5.424500000000000000e+03,7.417602539062500000e+01,3.197499999999999787e+00,1.551750000000000007e+01,1.547328125000000121e+01
5.424600000000000364e+03,7.461547851562500000e+01,3.247500000000000053e+00,1.577999999999999936e+01,1.549898437500000092e+01
5.424699999999999818e+03,7.635498046875000000e+01,3.212499999999999911e+00,1.531000000000000050e+01,1.539125000000000121e+01
5.424800000000000182e+03,7.690429687500000000e+01,3.247500000000000053e+00,1.534999999999999964e+01,1.546179687500000099e+01
5.424899999999999636e+03,7.650146484375000000e+01,3.257499999999999840e+00,1.541000000000000014e+01,1.543390625000000149e+01
5.425000000000000000e+03,7.672119140625000000e+01,3.267500000000000071e+00,1.539000000000000057e+01,1.544757812500000149e+01
5.425100000000000364e+03,7.891845703125000000e+01,3.232499999999999929e+00,1.573749999999999893e+01,1.549570312500000036e+01
5.425199999999999818e+03,7.882690429687500000e+01,3.282500000000000195e+00,1.558999999999999986e+01,1.553070312500000050e+01
5.425300000000000182e+03,7.933959960937500000e+01,3.247500000000000053e+00,1.558999999999999986e+01,1.543062500000000092e+01
5.425399999999999636e+03,7.891845703125000000e+01,3.299999999999999822e+00,1.557000000000000028e+01,1.545578125000000114e+01
5.425500000000000000e+03,8.031005859375000000e+01,3.257499999999999840e+00,1.565000000000000036e+01,1.545414062500000085e+01
5.425600000000000364e+03,8.140869140625000000e+01,3.292499999999999982e+00,1.553999999999999915e+01,1.547765625000000078e+01
5.425699999999999818e+03,8.106079101562500000e+01,3.297499999999999876e+00,1.547000000000000064e+01,1.547765625000000078e+01
5.425800000000000182e+03,8.155517578125000000e+01,3.317499999999999893e+00,1.562999999999999901e+01,1.547656250000000000e+01
5.425899999999999636e+03,8.111572265625000000e+01,3.299999999999999822e+00,1.566000000000000014e+01,1.552140625000000007e+01
5.426000000000000000e+03,8.334960937500000000e+01,3.325000000000000178e+00,1.532750000000000057e+01,1.549679687500000114e+01
5.426100000000000364e+03,8.351440429687500000e+01,3.325000000000000178e+00,1.550999999999999979e+01,1.553289062500000028e+01
5.426199999999999818e+03,8.318481445312500000e+01,3.325000000000000178e+00,1.560999999999999943e+01,1.546726562500000135e+01
5.426300000000000182e+03,8.362426757812500000e+01,3.307500000000000107e+00,1.541750000000000043e+01,1.550609375000000156e+01
5.426399999999999636e+03,8.464965820312500000e+01,3.347500000000000142e+00,1.542499999999999893e+01,1.552578125000000142e+01
5.426500000000000000e+03,8.543701171875000000e+01,3.357499999999999929e+00,1.565750000000000064e+01,1.539179687500000071e+01
5.426600000000000364e+03,8.552856445312500000e+01,3.372500000000000053e+00,1.552999999999999936e+01,1.538851562500000014e+01
5.426699999999999818e+03,8.512573242187500000e+01,3.339999999999999858e+00,1.566999999999999993e+01,1.549460937500000135e+01
5.426800000000000182e+03,8.594970703125000000e+01,3.439999999999999947e+00,1.549750000000000050e+01,1.548093750000000135e+01
5.426899999999999636e+03,8.701171875000000000e+01,3.392500000000000071e+00,1.549000000000000021e+01,1.548312500000000114e+01
5.427000000000000000e+03,8.739624023437500000e+01,3.407500000000000195e+00,1.540000000000000036e+01,1.546398437500000078e+01
5.427100000000000364e+03,8.746948242187500000e+01,3.390000000000000124e+00,1.551999999999999957e+01,1.544156250000000163e+01
5.427199999999999818e+03,8.704833984375000000e+01,3.410000000000000142e+00,1.541000000000000014e+01,1.549132812500000078e+01
5.427300000000000182e+03,8.924560546875000000e+01,3.417499999999999982e+00,1.550000000000000000e+01,1.548148437500000085e+01
5.427399999999999636e+03,8.893432617187500000e+01,3.417499999999999982e+00,1.553999999999999915e+01,1.545523437500000163e+01
5.427500000000000000e+03,8.928222656250000000e+01,3.422499999999999876e+00,1.533999999999999986e+01,1.548531250000000092e+01
5.427600000000000364e+03,8.933715820312500000e+01,3.392500000000000071e+00,1.548000000000000043e+01,1.549679687500000114e+01
5.427699999999999818e+03,8.990478515625000000e+01,3.457500000000000018e+00,1.550999999999999979e+01,1.547656250000000000e+01
5.427800000000000182e+03,9.127807617187500000e+01,3.447499999999999787e+00,1.558000000000000007e+01,1.547656250000000000e+01
5.427899999999999636e+03,9.091186523437500000e+01,3.450000000000000178e+00,1.545749999999999957e+01,1.550882812500000085e+01
5.428000000000000000e+03,9.118652343750000000e+01,3.419999999999999929e+00,1.552749999999999986e+01,1.543335937500000021e+01
5.428100000000000364e+03,9.127807617187500000e+01,3.477500000000000036e+00,1.554999999999999893e+01,1.547218750000000043e+01
5.428199999999999818e+03,9.244995117187500000e+01,3.452500000000000124e+00,1.536999999999999922e+01,1.546453125000000028e+01
5.428300000000000182e+03,9.305419921875000000e+01,3.455000000000000071e+00,1.540000000000000036e+01,1.550992187500000163e+01
5.428399999999999636e+03,9.255981445312500000e+01,3.490000000000000213e+00,1.567999999999999972e+01,1.544539062499999993e+01
5.428500000000000000e+03,9.294433593750000000e+01,3.502499999999999947e+00,1.549750000000000050e+01,1.549898437500000092e+01
5.428600000000000364e+03,9.429931640625000000e+01,3.497500000000000053e+00,1.561999999999999922e+01,1.546289062500000000e+01
5.428699999999999818e+03,9.431762695312500000e+01,3.487499999999999822e+00,1.558000000000000007e+01,1.541203125000000007e+01
5.428800000000000182e+03,9.488525390625000000e+01,3.495000000000000107e+00,1.557000000000000028e+01,1.549187500000000028e+01
5.428899999999999636e+03,9.435424804687500000e+01,3.482499999999999929e+00,1.558999999999999986e+01,1.547328125000000121e+01
5.429000000000000000e+03,9.508666992187500000e+01,3.517500000000000071e+00,1.535749999999999993e+01,1.540437499999999993e+01
5.429100000000000364e+03,9.638671875000000000e+01,3.527499999999999858e+00,1.531000000000000050e+01,1.546234375000000050e+01
5.429199999999999818e+03,9.605712890625000000e+01,3.527499999999999858e+00,1.562999999999999901e+01,1.552140625000000007e+01
5.429300000000000182e+03,9.656982421875000000e+01,3.537500000000000089e+00,1.544999999999999929e+01,1.545468750000000036e+01
5.429399999999999636e+03,9.605712890625000000e+01,3.560000000000000053e+00,1.541999999999999993e+01,1.548257812500000163e+01
5.429500000000000000e+03,9.792480468750000000e+01,3.532499999999999751e+00,1.570749999999999957e+01,1.554000000000000092e+01
5.429600000000000364e+03,9.814453125000000000e+01,3.527499999999999858e+00,1.549000000000000021e+01,1.547929687500000107e+01
5.429699999999999818e+03,9.776000976562500000e+01,3.589999999999999858e+00,1.541750000000000043e+01,1.544429687500000092e+01
5.429800000000000182e+03,9.825439453125000000e+01,3.584999999999999964e+00,1.552999999999999936e+01,1.544648437500000071e+01
5.429899999999999636e+03,9.862060546875000000e+01,3.567499999999999893e+00,1.546749999999999936e+01,1.547164062500000092e+01
5.430000000000000000e+03,9.981079101562500000e+01,3.584999999999999964e+00,1.535999999999999943e+01,1.547382812500000071e+01
5.430100000000000364e+03,9.984741210937500000e+01,3.625000000000000000e+00,1.528999999999999915e+01,1.546453125000000028e+01
5.430199999999999818e+03,9.948120117187500000e+01,3.592500000000000249e+00,1.559999999999999964e+01,1.549625000000000163e+01
5.430300000000000182e+03,9.999389648437500000e+01,3.607499999999999929e+00,1.554999999999999893e+01,1.545960937500000121e+01
5.430399999999999636e+03,1.009460449218750000e+02,3.602500000000000036e+00,1.553999999999999915e+01,1.551374999999999993e+01
5.430500000000000000e+03,1.014221191406250000e+02,3.620000000000000107e+00,1.558999999999999986e+01,1.539179687500000071e+01
5.430600000000000364e+03,1.014404296875000000e+02,3.662500000000000089e+00,1.557000000000000028e+01,1.545906249999999993e+01
5.430699999999999818e+03,1.010925292968750000e+02,3.685000000000000053e+00,1.557000000000000028e+01,1.549515625000000085e+01
5.430800000000000182e+03,1.029418945312500000e+02,3.625000000000000000e+00,1.550750000000000028e+01,1.547820312500000028e+01
5.430899999999999636e+03,1.027404785156250000e+02,3.649999999999999911e+00,1.551999999999999957e+01,1.546453125000000028e+01
5.431000000000000000e+03,1.031433105468750000e+02,3.625000000000000000e+00,1.541000000000000014e+01,1.545195312500000107e+01
5.431100000000000364e+03,1.031066894531250000e+02,3.660000000000000142e+00,1.564749999999999908e+01,1.547109375000000142e+01
5.431199999999999818e+03,1.032348632812500000e+02,3.667499999999999982e+00,1.543999999999999950e+01,1.549132812500000078e+01
5.431300000000000182e+03,1.048645019531250000e+02,3.682500000000000107e+00,1.576999999999999957e+01,1.548859375000000149e+01
5.431399999999999636e+03,1.043151855468750000e+02,3.702500000000000124e+00,1.532000000000000028e+01,1.548421875000000014e+01
5.431500000000000000e+03,1.047363281250000000e+02,3.712499999999999911e+00,1.562999999999999901e+01,1.549187500000000028e+01
5.431600000000000364e+03,1.047729492187500000e+02,3.705000000000000071e+00,1.552749999999999986e+01,1.550718750000000057e+01
5.431699999999999818e+03,1.059448242187500000e+02,3.725000000000000089e+00,1.529999999999999893e+01,1.552304687500000036e+01
5.431800000000000182e+03,1.066040039062500000e+02,3.757500000000000284e+00,1.565000000000000036e+01,1.547164062500000092e+01
5.431899999999999636e+03,1.060363769531250000e+02,3.722500000000000142e+00,1.542999999999999972e+01,1.545796875000000092e+01
5.432000000000000000e+03,1.064758300781250000e+02,3.805000000000000160e+00,1.541999999999999993e+01,1.549296875000000107e+01
5.432100000000000364e+03,1.075012207031250000e+02,3.772499999999999964e+00,1.559999999999999964e+01,1.542843750000000114e+01
5.432199999999999818e+03,1.077575683593750000e+02,3.774999999999999911e+00,1.530749999999999922e+01,1.549679687500000114e+01
5.432300000000000182e+03,1.083251953125000000e+02,3.852500000000000036e+00,1.555749999999999922e+01,1.547656250000000000e+01
5.432399999999999636e+03,1.077209472656250000e+02,3.799999999999999822e+00,1.554749999999999943e+01,1.547875000000000156e+01
5.432500000000000000e+03,1.081970214843750000e+02,3.810000000000000053e+00,1.565000000000000036e+01,1.541914062500000071e+01
5.432600000000000364e+03,1.096618652343750000e+02,3.834999999999999964e+00,1.535749999999999993e+01,1.544429687500000092e+01
5.432699999999999818e+03,1.093872070312500000e+02,3.842500000000000249e+00,1.545999999999999908e+01,1.544484375000000043e+01
5.432800000000000182e+03,1.099365234375000000e+02,3.827500000000000124e+00,1.544999999999999929e+01,1.547437500000000021e+01
5.432899999999999636e+03,1.093505859375000000e+02,3.842500000000000249e+00,1.528999999999999915e+01,1.550062500000000121e+01
5.433000000000000000e+03,1.111999511718750000e+02,3.867500000000000160e+00,1.566000000000000014e+01,1.544101562500000036e+01
5.433100000000000364e+03,1.114562988281250000e+02,3.797499999999999876e+00,1.533999999999999986e+01,1.553398437500000107e+01
5.433199999999999818e+03,1.110900878906250000e+02,3.899999999999999911e+00,1.553749999999999964e+01,1.546343750000000128e+01
5.433300000000000182e+03,1.116210937500000000e+02,3.915000000000000036e+00,1.548000000000000043e+01,1.544101562500000036e+01
5.433399999999999636e+03,1.116394042968750000e+02,3.892500000000000071e+00,1.552999999999999936e+01,1.552468750000000064e+01
5.433500000000000000e+03,1.131408691406250000e+02,3.927500000000000213e+00,1.548000000000000043e+01,1.543609375000000128e+01
5.433600000000000364e+03,1.131225585937500000e+02,3.919999999999999929e+00,1.570999999999999908e+01,1.541750000000000043e+01
5.433699999999999818e+03,1.127563476562500000e+02,3.964999999999999858e+00,1.557000000000000028e+01,1.548585937500000043e+01
5.433800000000000182e+03,1.132873535156250000e+02,3.987499999999999822e+00,1.577999999999999936e+01,1.557445312500000156e+01
5.433899999999999636e+03,1.142578125000000000e+02,3.972500000000000142e+00,1.565750000000000064e+01,1.550062500000000121e+01
5.434000000000000000e+03,1.148803710937500000e+02,4.004999999999999893e+00,1.548000000000000043e+01,1.548093750000000135e+01
5.434100000000000364e+03,1.148071289062500000e+02,4.022499999999999964e+00,1.542750000000000021e+01,1.546343750000000128e+01
5.434199999999999818e+03,1.145324707031250000e+02,4.012500000000000178e+00,1.518999999999999950e+01,1.541585937500000014e+01
5.434300000000000182e+03,1.162353515625000000e+02,4.017500000000000071e+00,1.550000000000000000e+01,1.543828125000000107e+01
5.434399999999999636e+03,1.161987304687500000e+02,4.035000000000000142e+00,1.540000000000000036e+01,1.545195312500000107e+01
5.434500000000000000e+03,1.167114257812500000e+02,4.172500000000000320e+00,1.558000000000000007e+01,1.549078125000000128e+01
5.434600000000000364e+03,1.166015625000000000e+02,4.054999999999999716e+00,1.547000000000000064e+01,1.551374999999999993e+01
5.434699999999999818e+03,1.165100097656250000e+02,4.080000000000000071e+00,1.549000000000000021e+01,1.545085937500000028e+01
5.434800000000000182e+03,1.184692382812500000e+02,4.117499999999999716e+00,1.541000000000000014e+01,1.542843750000000114e+01
5.434899999999999636e+03,1.178833007812500000e+02,4.150000000000000355e+00,1.567999999999999972e+01,1.544867187500000050e+01
5.435000000000000000e+03,1.184143066406250000e+02,4.132500000000000284e+00,1.549000000000000021e+01,1.540875000000000128e+01
5.435100000000000364e+03,1.183593750000000000e+02,4.167500000000000426e+00,1.558000000000000007e+01,1.544156250000000163e+01
5.435199999999999818e+03,1.195678710937500000e+02,4.155000000000000249e+00,1.573000000000000043e+01,1.549625000000000163e+01
5.435300000000000182e+03,1.203369140625000000e+02,4.219999999999999751e+00,1.557000000000000028e+01,1.546179687500000099e+01
5.435399999999999636e+03,1.196960449218750000e+02,4.232499999999999929e+00,1.548000000000000043e+01,1.546617187500000057e+01
5.435500000000000000e+03,1.202636718750000000e+02,4.222500000000000142e+00,1.562999999999999901e+01,1.549570312500000036e+01
5.435600000000000364e+03,1.211608886718750000e+02,4.237499999999999822e+00,1.575000000000000000e+01,1.550609375000000156e+01
5.435699999999999818e+03,1.216918945312500000e+02,4.250000000000000000e+00,1.517999999999999972e+01,1.542679687500000085e+01
5.435800000000000182e+03,1.222229003906250000e+02,4.277499999999999858e+00,1.557000000000000028e+01,1.546070312500000021e+01
5.435899999999999636e+03,1.216186523437500000e+02,4.306250000000000355e+00,1.550000000000000000e+01,1.546289062500000000e+01
5.436000000000000000e+03,1.221496582031250000e+02,4.288750000000000284e+00,1.575000000000000000e+01,1.551101562500000064e+01
5.436100000000000364e+03,1.220031738281250000e+02,4.339999999999999858e+00,1.565000000000000036e+01,1.547164062500000092e+01
5.436199999999999818e+03,1.217468261718750000e+02,3.812499999999996447e-02,1.544999999999999929e+01,-3.992187500000099476e-02
5.436300000000000182e+03,1.222595214843750000e+02,4.312499999999985789e-02,1.561999999999999922e+01,-4.648437500000035527e-02
5.436399999999999636e+03,1.215820312500000000e+02,7.874999999999987566e-02,1.554749999999999943e+01,-2.953125000000067502e-02
5.436500000000000000e+03,1.221679687500000000e+02,5.699999999999998401e-01,1.550999999999999979e+01,-2.132812500000103029e-02
5.436600000000000364e+03,1.220214843750000000e+02,6.562499999999982236e-02,1.561999999999999922e+01,-5.195312500000071054e-02
5.436699999999999818e+03,1.217468261718750000e+02,6.062499999999992895e-02,1.545999999999999908e+01,-5.632812500000028422e-02
5.436800000000000182e+03,1.222412109375000000e+02,5.562500000000003553e-02,1.531000000000000050e+01,-1.968750000000074607e-02
5.436899999999999636e+03,1.215820312500000000e+02,5.624999999999769074e-03,1.549000000000000021e+01,-5.304687500000060396e-02
5.437000000000000000e+03,1.219116210937500000e+02,3.312500000000007105e-02,1.573000000000000043e+01,-5.359375000000099476e-02
5.437100000000000364e+03,1.218566894531250000e+02,7.062500000000015987e-02,1.547000000000000064e+01,-3.882812500000110134e-02
5.437199999999999818e+03,1.215454101562500000e+02,3.812499999999996447e-02,1.541999999999999993e+01,-6.453125000000081712e-02
5.437300000000000182e+03,1.220947265625000000e+02,6.812499999999976907e-02,1.558999999999999986e+01,-5.195312500000071054e-02
5.437399999999999636e+03,1.198242187500000000e+02,4.312499999999985789e-02,1.548000000000000043e+01,-2.132812500000103029e-02
5.437500000000000000e+03,1.201721191406250000e+02,4.562499999999980460e-02,1.558000000000000007e+01,-1.859375000000085265e-02
5.437600000000000364e+03,1.200073242187500000e+02,4.562499999999980460e-02,1.551999999999999957e+01,-4.921875000000053291e-02
5.437699999999999818e+03,1.197326660156250000e+02,3.062500000000012434e-02,1.549000000000000021e+01,-5.851562500000095923e-02
5.437800000000000182e+03,1.184692382812500000e+02,3.312500000000007105e-02,1.573749999999999893e+01,-1.367187500000088818e-02
5.437899999999999636e+03,1.164550781250000000e+02,5.312500000000008882e-02,1.550000000000000000e+01,-4.921875000000053291e-02
5.438000000000000000e+03,1.168579101562500000e+02,9.437499999999987566e-02,1.547000000000000064e+01,-9.515625000000049738e-02
5.438100000000000364e+03,1.168395996093750000e+02,4.312499999999985789e-02,1.543999999999999950e+01,-9.296875000000426326e-03
5.438199999999999818e+03,1.165466308593750000e+02,3.812499999999996447e-02,1.552999999999999936e+01,-1.585937500000067502e-02
5.438300000000000182e+03,1.128112792968750000e+02,3.312500000000007105e-02,1.534999999999999964e+01,-2.515625000000110134e-02
5.438399999999999636e+03,1.119873046875000000e+02,1.062500000000010658e-02,1.531000000000000050e+01,-2.242187500000092371e-02
5.438500000000000000e+03,1.124267578125000000e+02,3.312500000000007105e-02,1.558000000000000007e+01,-6.671875000000060396e-02
5.438600000000000364e+03,1.123901367187500000e+02,5.312500000000008882e-02,1.565000000000000036e+01,5.796874999999968026e-02
5.438699999999999818e+03,1.092224121093750000e+02,4.312499999999985789e-02,1.566000000000000014e+01,-7.273437500000046185e-02
5.438800000000000182e+03,1.088562011718750000e+02,7.062500000000015987e-02,1.541999999999999993e+01,-5.359375000000099476e-02
5.438899999999999636e+03,1.083068847656250000e+02,6.812499999999976907e-02,1.543999999999999950e+01,-3.226562500000085265e-02
5.439000000000000000e+03,1.087463378906250000e+02,4.062499999999991118e-02,1.557000000000000028e+01,-1.750000000000095923e-02
5.439100000000000364e+03,1.077026367187500000e+02,4.812499999999975131e-02,1.543750000000000000e+01,-5.031250000000042633e-02
5.439199999999999818e+03,1.052856445312500000e+02,2.562499999999978684e-02,1.552999999999999936e+01,-2.734375000001065814e-03
5.439300000000000182e+03,1.057250976562500000e+02,5.062500000000014211e-02,1.570999999999999908e+01,-2.953125000000067502e-02
5.439399999999999636e+03,1.051025390625000000e+02,2.062499999999989342e-02,1.556000000000000050e+01,-3.828125000000071054e-02
5.439500000000000000e+03,1.055969238281250000e+02,8.124999999999715783e-03,1.565000000000000036e+01,-4.210937500000078160e-02
5.439600000000000364e+03,1.032165527343750000e+02,6.312499999999987566e-02,1.548499999999999943e+01,-5.742187500000106581e-02
5.439699999999999818e+03,1.026123046875000000e+02,2.062499999999989342e-02,1.533000000000000007e+01,-7.875000000000031974e-02
5.439800000000000182e+03,1.030883789062500000e+02,4.812499999999975131e-02,1.557000000000000028e+01,-2.351562500000081712e-02
5.439899999999999636e+03,1.025573730468750000e+02,3.062500000000012434e-02,1.558999999999999986e+01,-7.218750000000095923e-02
5.440000000000000000e+03,1.014770507812500000e+02,4.812499999999975131e-02,1.550999999999999979e+01,-1.859375000000085265e-02
5.440100000000000364e+03,1.005798339843750000e+02,4.812499999999975131e-02,1.539000000000000057e+01,-5.140625000000031974e-02
5.440199999999999818e+03,1.001586914062500000e+02,3.562500000000001776e-02,1.534999999999999964e+01,-3.281250000000035527e-02
5.440300000000000182e+03,1.007080078125000000e+02,2.062499999999989342e-02,1.539000000000000057e+01,-5.140625000000031974e-02
5.440399999999999636e+03,1.001403808593750000e+02,1.062500000000010658e-02,1.549750000000000050e+01,-5.031250000000042633e-02
5.440500000000000000e+03,9.858398437500000000e+01,4.312499999999985789e-02,1.555749999999999922e+01,-5.960937500000085265e-02
5.440600000000000364e+03,9.847412109375000000e+01,3.812499999999996447e-02,1.575000000000000000e+01,-6.835937500000088818e-02
5.440699999999999818e+03,9.814453125000000000e+01,6.812499999999976907e-02,1.531749999999999901e+01,-2.898437500000028422e-02
5.440800000000000182e+03,9.860229492187500000e+01,5.812499999999998224e-02,1.528999999999999915e+01,-2.351562500000081712e-02
5.440899999999999636e+03,9.655151367187500000e+01,5.562500000000003553e-02,1.566999999999999993e+01,-7.492187500000024869e-02
5.441000000000000000e+03,9.658813476562500000e+01,4.812499999999975131e-02,1.549000000000000021e+01,-2.406250000000031974e-02
5.441100000000000364e+03,9.655151367187500000e+01,5.562500000000003553e-02,1.559999999999999964e+01,-4.867187500000103029e-02
5.441199999999999818e+03,9.618530273437500000e+01,3.062500000000012434e-02,1.534999999999999964e+01,-1.531250000000028422e-02
5.441300000000000182e+03,9.620361328125000000e+01,6.812499999999976907e-02,1.544999999999999929e+01,-2.023437500000024869e-02
5.441399999999999636e+03,9.437255859375000000e+01,3.312500000000007105e-02,1.543999999999999950e+01,-8.750000000000035527e-02
5.441500000000000000e+03,9.468383789062500000e+01,2.062499999999989342e-02,1.565000000000000036e+01,-2.789062500000039080e-02
5.441600000000000364e+03,9.464721679687500000e+01,3.812499999999996447e-02,1.545999999999999908e+01,-5.742187500000106581e-02
5.441699999999999818e+03,9.429931640625000000e+01,2.812499999999973355e-02,1.573000000000000043e+01,-6.671875000000060396e-02
5.441800000000000182e+03,9.329223632812500000e+01,3.812499999999996447e-02,1.572000000000000064e+01,-6.890625000000039080e-02
5.441899999999999636e+03,9.257812500000000000e+01,6.562499999999982236e-02,1.556749999999999901e+01,-7.109375000000639488e-03
5.442000000000000000e+03,9.294433593750000000e+01,5.812499999999998224e-02,1.535999999999999943e+01,-1.968750000000074607e-02
5.442100000000000364e+03,9.294433593750000000e+01,2.812499999999973355e-02,1.551999999999999957e+01,-5.140625000000031974e-02
5.442199999999999818e+03,9.166259765625000000e+01,4.812499999999975131e-02,1.559999999999999964e+01,-5.304687500000060396e-02
5.442300000000000182e+03,9.146118164062500000e+01,3.312500000000007105e-02,1.548000000000000043e+01,-5.960937500000085265e-02
5.442399999999999636e+03,9.100341796875000000e+01,2.812499999999973355e-02,1.540000000000000036e+01,-4.921875000000053291e-02
5.442500000000000000e+03,9.133300781250000000e+01,2.562499999999978684e-02,1.542999999999999972e+01,-1.914062500000035527e-02
5.442600000000000364e+03,9.135131835937500000e+01,6.312499999999987566e-02,1.566999999999999993e+01,-1.203125000000060396e-02
5.442699999999999818e+03,8.955688476562500000e+01,7.312500000000010658e-02,1.540000000000000036e+01,-1.148437500000110134e-02
5.442800000000000182e+03,8.997802734375000000e+01,3.812499999999996447e-02,1.525999999999999979e+01,-4.593750000000085265e-02
5.442899999999999636e+03,8.950195312500000000e+01,7.312500000000010658e-02,1.545999999999999908e+01,-1.093750000000071054e-02
5.443000000000000000e+03,8.986816406250000000e+01,6.062499999999992895e-02,1.542750000000000021e+01,-6.617187500000110134e-02
5.443100000000000364e+03,8.875122070312500000e+01,3.312500000000007105e-02,1.539000000000000057e+01,-7.437500000000074607e-02
5.443199999999999818e+03,8.805541992187500000e+01,3.812499999999996447e-02,1.524000000000000021e+01,-4.046875000000049738e-02
5.443300000000000182e+03,8.854980468750000000e+01,6.562499999999982236e-02,1.550000000000000000e+01,-4.320312500000067502e-02
5.443399999999999636e+03,8.807373046875000000e+01,4.812499999999975131e-02,1.549000000000000021e+01,-2.296875000000042633e-02
5.443500000000000000e+03,8.803710937500000000e+01,-5.624999999999991118e-02,1.566750000000000043e+01,-7.765625000000042633e-02
5.443600000000000364e+03,8.708496093750000000e+01,2.812499999999973355e-02,1.548000000000000043e+01,-1.257812500000099476e-02
5.443699999999999818e+03,8.670043945312500000e+01,2.562499999999978684e-02,1.553999999999999915e+01,-3.171875000000046185e-02
5.443800000000000182e+03,8.712158203125000000e+01,6.062499999999992895e-02,1.553999999999999915e+01,-3.281250000000568434e-03
5.443899999999999636e+03,8.668212890625000000e+01,2.312499999999984013e-02,1.567999999999999972e+01,-3.500000000000103029e-02
5.444000000000000000e+03,8.578491210937500000e+01,3.062500000000012434e-02,1.566000000000000014e+01,-7.054687500000067502e-02
5.444100000000000364e+03,8.565673828125000000e+01,6.812499999999976907e-02,1.536999999999999922e+01,-5.578125000000078160e-02
5.444199999999999818e+03,8.527221679687500000e+01,6.562499999999982236e-02,1.542999999999999972e+01,-3.171875000000046185e-02
5.444300000000000182e+03,8.572998046875000000e+01,1.812499999999994671e-02,1.568999999999999950e+01,-4.593750000000085265e-02
5.444399999999999636e+03,8.444824218750000000e+01,5.062500000000014211e-02,1.549000000000000021e+01,-7.875000000000031974e-02
5.444500000000000000e+03,8.422851562500000000e+01,3.312500000000007105e-02,1.562999999999999901e+01,-6.453125000000081712e-02
5.444600000000000364e+03,8.421020507812500000e+01,5.312500000000008882e-02,1.578999999999999915e+01,-6.453125000000081712e-02
5.444699999999999818e+03,8.386230468750000000e+01,3.812499999999996447e-02,1.541999999999999993e+01,-3.937500000000060396e-02
5.444800000000000182e+03,8.437500000000000000e+01,1.349999999999997868e-01,1.550999999999999979e+01,-3.718750000000081712e-02
5.444899999999999636e+03,8.272705078125000000e+01,1.562500000000000000e-02,1.553999999999999915e+01,9.843749999999040767e-03
5.445000000000000000e+03,8.289184570312500000e+01,7.062500000000015987e-02,1.558999999999999986e+01,-5.468750000000088818e-02
5.445100000000000364e+03,8.294677734375000000e+01,-9.374999999999911182e-03,1.566000000000000014e+01,1.093749999999005240e-03
5.445199999999999818e+03,8.252563476562500000e+01,2.812499999999973355e-02,1.529999999999999893e+01,-1.640625000000284217e-03
5.445300000000000182e+03,8.204956054687500000e+01,5.562500000000003553e-02,1.547000000000000064e+01,-8.203125000000088818e-02
5.445399999999999636e+03,8.133544921875000000e+01,7.312500000000010658e-02,1.572000000000000064e+01,5.468749999995026201e-04
5.445500000000000000e+03,8.159179687500000000e+01,4.062499999999991118e-02,1.557000000000000028e+01,-1.476562500000078160e-02
5.445600000000000364e+03,8.168334960937500000e+01,4.562499999999980460e-02,1.529999999999999893e+01,-5.031250000000042633e-02
5.445699999999999818e+03,8.104248046875000000e+01,3.562500000000001776e-02,1.541750000000000043e+01,-1.476562500000078160e-02
5.445800000000000182e+03,8.060302734375000000e+01,2.062499999999989342e-02,1.542999999999999972e+01,-4.375000000000106581e-02
5.445899999999999636e+03,8.012695312500000000e+01,4.312499999999985789e-02,1.568999999999999950e+01,-3.281250000000568434e-03
5.446000000000000000e+03,8.038330078125000000e+01,3.312500000000007105e-02,1.537999999999999901e+01,-4.265625000000028422e-02
5.446100000000000364e+03,8.045654296875000000e+01,5.062500000000014211e-02,1.553999999999999915e+01,-8.367187500000028422e-02
5.446199999999999818e+03,7.891845703125000000e+01,7.062500000000015987e-02,1.536999999999999922e+01,-5.742187500000106581e-02
5.446300000000000182e+03,7.922973632812500000e+01,3.062500000000012434e-02,1.551999999999999957e+01,-6.562500000000071054e-02
5.446399999999999636e+03,7.882690429687500000e+01,5.812499999999998224e-02,1.573000000000000043e+01,-3.609375000000092371e-02
5.446500000000000000e+03,7.904663085937500000e+01,4.062499999999991118e-02,1.556000000000000050e+01,-2.625000000000099476e-02
5.446600000000000364e+03,7.847900390625000000e+01,5.312500000000008882e-02,1.548749999999999893e+01,-4.320312500000067502e-02
5.446699999999999818e+03,7.758178710937500000e+01,6.312499999999987566e-02,1.556000000000000050e+01,-4.812500000000063949e-02
5.446800000000000182e+03,7.802124023437500000e+01,1.062500000000010658e-02,1.553749999999999964e+01,-1.640625000000106581e-02
5.446899999999999636e+03,7.763671875000000000e+01,2.562499999999978684e-02,1.561749999999999972e+01,-2.023437500000024869e-02
5.447000000000000000e+03,7.789306640625000000e+01,6.312499999999987566e-02,1.544999999999999929e+01,-2.679687500000049738e-02
5.447100000000000364e+03,7.690429687500000000e+01,1.562500000000000000e-02,1.545999999999999908e+01,3.281249999999680256e-03
5.447199999999999818e+03,7.644653320312500000e+01,2.562499999999978684e-02,1.551999999999999957e+01,3.609374999999914735e-02
5.447300000000000182e+03,7.692260742187500000e+01,5.812499999999998224e-02,1.549000000000000021e+01,-5.851562500000095923e-02
5.447399999999999636e+03,7.648315429687500000e+01,4.312499999999985789e-02,1.544500000000000028e+01,-5.523437500000039080e-02
5.447500000000000000e+03,7.595214843750000000e+01,2.312499999999984013e-02,1.537999999999999901e+01,-3.992187500000099476e-02
5.447600000000000364e+03,7.573242187500000000e+01,-2.618749999999998579e-01,1.537749999999999950e+01,-1.203125000000060396e-02
5.447699999999999818e+03,7.534790039062500000e+01,4.062499999999991118e-02,1.555749999999999922e+01,-4.320312500000067502e-02
5.447800000000000182e+03,7.580566406250000000e+01,5.312500000000008882e-02,1.548000000000000043e+01,-4.867187500000103029e-02
5.447899999999999636e+03,7.527465820312500000e+01,1.812499999999994671e-02,1.560999999999999943e+01,-4.812500000000063949e-02
5.448000000000000000e+03,7.461547851562500000e+01,1.562500000000000000e-02,1.548000000000000043e+01,-2.679687500000049738e-02
5.448100000000000364e+03,7.461547851562500000e+01,5.062500000000014211e-02,1.539000000000000057e+01,-3.281250000000035527e-02
5.448199999999999818e+03,7.424926757812500000e+01,3.562500000000001776e-02,1.537999999999999901e+01,-3.664062500000042633e-02
5.448300000000000182e+03,7.468872070312500000e+01,2.312499999999984013e-02,1.575750000000000028e+01,1.968749999999896971e-02
5.448399999999999636e+03,7.338867187500000000e+01,3.312500000000007105e-02,1.566000000000000014e+01,3.773437499999943157e-02
5.448500000000000000e+03,7.346191406250000000e+01,3.562500000000001776e-02,1.560999999999999943e+01,-1.695312500000056843e-02
5.448600000000000364e+03,7.351684570312500000e+01,4.562499999999980460e-02,1.552999999999999936e+01,-3.281250000000035527e-02
5.448699999999999818e+03,7.316894531250000000e+01,2.062499999999989342e-02,1.559999999999999964e+01,1.039062499999943157e-02
5.448800000000000182e+03,7.315063476562500000e+01,1.812499999999994671e-02,1.556000000000000050e+01,-5.468750000000088818e-02
5.448899999999999636e+03,7.223510742187500000e+01,8.812499999999978684e-02,1.545999999999999908e+01,-1.750000000000095923e-02
5.449000000000000000e+03,7.245483398437500000e+01,4.562499999999980460e-02,1.572000000000000064e+01,-3.992187500000099476e-02
5.449100000000000364e+03,7.254638671875000000e+01,2.812499999999973355e-02,1.557000000000000028e+01,-5.687500000000067502e-02
5.449199999999999818e+03,7.216186523437500000e+01,5.312500000000008882e-02,1.562999999999999901e+01,-3.882812500000110134e-02
5.449300000000000182e+03,7.170410156250000000e+01,6.312499999999987566e-02,1.552749999999999986e+01,-1.017187500000007461e-01
5.449399999999999636e+03,7.124633789062500000e+01,2.562499999999978684e-02,1.535999999999999943e+01,-4.976562500000092371e-02
5.449500000000000000e+03,7.142944335937500000e+01,2.812499999999973355e-02,1.530749999999999922e+01,-3.828125000000071054e-02
5.449600000000000364e+03,7.150268554687500000e+01,3.312500000000007105e-02,1.551999999999999957e+01,-5.140625000000031974e-02
5.449699999999999818e+03,7.044067382812500000e+01,4.062499999999991118e-02,1.557000000000000028e+01,-2.625000000000099476e-02
5.449800000000000182e+03,7.056884765625000000e+01,2.812499999999973355e-02,1.551750000000000007e+01,-3.828125000000071054e-02
5.449899999999999636e+03,7.025756835937500000e+01,6.312499999999987566e-02,1.539000000000000057e+01,-6.289062500000053291e-02
5.450000000000000000e+03,7.047729492187500000e+01,5.062500000000014211e-02,1.547000000000000064e+01,-1.914062500000035527e-02
5.450100000000000364e+03,7.045898437500000000e+01,7.062500000000015987e-02,1.564000000000000057e+01,-1.367187500000088818e-02
5.450199999999999818e+03,6.917724609375000000e+01,3.562500000000001776e-02,1.561999999999999922e+01,-8.881784197001252323e-16
5.450300000000000182e+03,6.959838867187500000e+01,6.625000000000014211e-02,1.565000000000000036e+01,-4.101562500000088818e-02
5.450399999999999636e+03,6.928710937500000000e+01,6.562499999999982236e-02,1.564000000000000057e+01,-1.421875000000039080e-02
5.450500000000000000e+03,6.947021484375000000e+01,9.249999999999980460e-02,1.570999999999999908e+01,-7.437500000000074607e-02
5.450600000000000364e+03,6.879272460937500000e+01,4.562499999999980460e-02,1.569249999999999901e+01,-2.023437500000024869e-02
5.450699999999999818e+03,6.828002929687500000e+01,4.312499999999985789e-02,1.534999999999999964e+01,-7.601562500000103029e-02
5.450800000000000182e+03,6.868286132812500000e+01,5.062500000000014211e-02,1.541750000000000043e+01,-6.507812500000031974e-02
5.450899999999999636e+03,6.838989257812500000e+01,5.562500000000003553e-02,1.552999999999999936e+01,-6.945312500000078160e-02
5.451000000000000000e+03,6.822509765625000000e+01,4.062499999999991118e-02,1.544749999999999979e+01,-6.781250000000049738e-02
5.451100000000000364e+03,6.774902343750000000e+01,2.062499999999989342e-02,1.533000000000000007e+01,-3.609375000000092371e-02
5.451199999999999818e+03,6.738281250000000000e+01,5.562500000000003553e-02,1.566000000000000014e+01,-4.921875000000053291e-02
5.451300000000000182e+03,6.776733398437500000e+01,5.062500000000014211e-02,1.541750000000000043e+01,-5.414062500000049738e-02
5.451399999999999636e+03,6.745605468750000000e+01,6.062499999999992895e-02,1.552749999999999986e+01,-1.640625000000106581e-02
5.451500000000000000e+03,6.679687500000000000e+01,3.312500000000007105e-02,1.553749999999999964e+01,-2.898437500000028422e-02
5.451600000000000364e+03,6.670532226562500000e+01,-7.624999999999992895e-02,1.541750000000000043e+01,-5.523437500000039080e-02
5.451699999999999818e+03,6.639404296875000000e+01,2.562499999999978684e-02,1.531000000000000050e+01,-1.312500000000049738e-02
5.451800000000000182e+03,6.679687500000000000e+01,4.062499999999991118e-02,1.537749999999999950e+01,-2.898437500000028422e-02
5.451899999999999636e+03,6.599121093750000000e+01,2.062499999999989342e-02,1.542999999999999972e+01,-3.828125000000071054e-02
5.452000000000000000e+03,6.584472656250000000e+01,5.562500000000003553e-02,1.569999999999999929e+01,-5.414062500000049738e-02
5.452100000000000364e+03,6.589965820312500000e+01,3.812499999999996447e-02,1.551999999999999957e+01,1.914062499999946709e-02
5.452199999999999818e+03,6.557006835937500000e+01,3.312500000000007105e-02,1.542999999999999972e+01,-3.445312500000063949e-02
5.452300000000000182e+03,6.593627929687500000e+01,4.312499999999985789e-02,1.528999999999999915e+01,-3.773437500000031974e-02
5.452399999999999636e+03,6.487426757812500000e+01,5.562500000000003553e-02,1.551999999999999957e+01,-3.828125000000959233e-03
5.452500000000000000e+03,6.496582031250000000e+01,3.562500000000001776e-02,1.569999999999999929e+01,-1.039062500000031974e-02
5.452600000000000364e+03,6.496582031250000000e+01,3.812499999999996447e-02,1.561999999999999922e+01,-9.460937500000099476e-02
5.452699999999999818e+03,6.461791992187500000e+01,4.312499999999985789e-02,1.549000000000000021e+01,-2.023437500000024869e-02
5.452800000000000182e+03,6.439819335937500000e+01,4.062499999999991118e-02,1.556749999999999901e+01,-6.562500000000248690e-03
5.452899999999999636e+03,6.399536132812500000e+01,5.312500000000008882e-02,1.570999999999999908e+01,4.374999999999573674e-03
5.453000000000000000e+03,6.416015625000000000e+01,4.062499999999991118e-02,1.560999999999999943e+01,-2.953125000000067502e-02
5.453100000000000364e+03,6.423339843750000000e+01,5.312500000000008882e-02,1.541999999999999993e+01,-4.867187500000103029e-02
5.453199999999999818e+03,6.370239257812500000e+01,4.312499999999985789e-02,1.553999999999999915e+01,-1.750000000000095923e-02
5.453300000000000182e+03,6.353759765625000000e+01,3.062500000000012434e-02,1.549000000000000021e+01,6.562499999999360512e-03
5.453399999999999636e+03,6.317138671875000000e+01,1.562500000000000000e-02,1.552999999999999936e+01,-3.828125000000071054e-02
5.453500000000000000e+03,6.335449218750000000e+01,2.562499999999978684e-02,1.550000000000000000e+01,-2.296875000000042633e-02
5.453600000000000364e+03,6.340942382812500000e+01,4.312499999999985789e-02,1.566000000000000014e+01,-1.093750000000071054e-02
5.453699999999999818e+03,6.236572265625000000e+01,4.562499999999980460e-02,1.566000000000000014e+01,7.656249999999253930e-03
5.453800000000000182e+03,6.260375976562500000e+01,4.562499999999980460e-02,1.567999999999999972e+01,-6.617187500000110134e-02
5.453899999999999636e+03,6.236572265625000000e+01,3.812499999999996447e-02,1.545749999999999957e+01,-3.281250000000035527e-02
5.454000000000000000e+03,6.254882812500000000e+01,4.812499999999975131e-02,1.550999999999999979e+01,-4.046875000000049738e-02
5.454100000000000364e+03,6.223754882812500000e+01,2.812499999999973355e-02,1.566000000000000014e+01,-3.281250000000568434e-03
5.454199999999999818e+03,6.150512695312500000e+01,6.562499999999982236e-02,1.556000000000000050e+01,-2.132812500000103029e-02
5.454300000000000182e+03,6.183471679687500000e+01,6.062499999999992895e-02,1.552999999999999936e+01,-1.367187500000088818e-02
5.454399999999999636e+03,6.159667968750000000e+01,1.562500000000000000e-02,1.572000000000000064e+01,2.406249999999943157e-02
5.454500000000000000e+03,6.172485351562500000e+01,5.562500000000003553e-02,1.558750000000000036e+01,-5.195312500000071054e-02
5.454600000000000364e+03,6.104736328125000000e+01,4.062499999999991118e-02,1.564749999999999908e+01,-2.789062500000039080e-02
5.454699999999999818e+03,6.064453125000000000e+01,5.562500000000003553e-02,1.548000000000000043e+01,-4.375000000000106581e-02
5.454800000000000182e+03,6.102905273437500000e+01,3.562500000000001776e-02,1.552999999999999936e+01,-2.078125000000063949e-02
5.454899999999999636e+03,6.077270507812500000e+01,2.062499999999989342e-02,1.575750000000000028e+01,-2.187500000000675016e-03
5.455000000000000000e+03,6.040649414062500000e+01,4.312499999999985789e-02,1.554999999999999893e+01,-3.281250000000568434e-03
5.455100000000000364e+03,6.027832031250000000e+01,3.562500000000001776e-02,1.564000000000000057e+01,-2.515625000000110134e-02
5.455199999999999818e+03,5.994873046875000000e+01,6.812499999999976907e-02,1.551999999999999957e+01,1.476562499999900524e-02
5.455300000000000182e+03,6.035156250000000000e+01,5.562500000000003553e-02,1.557000000000000028e+01,-4.921875000000053291e-02
5.455399999999999636e+03,6.002197265625000000e+01,6.062499999999992895e-02,1.562999999999999901e+01,-4.210937500000078160e-02
5.455500000000000000e+03,5.952758789062500000e+01,3.562500000000001776e-02,1.550750000000000028e+01,-1.750000000000095923e-02
5.455600000000000364e+03,5.960083007812500000e+01,4.312499999999985789e-02,1.548000000000000043e+01,-4.757812500000024869e-02
5.455699999999999818e+03,5.925292968750000000e+01,8.062499999999994671e-02,1.542999999999999972e+01,-7.437500000000074607e-02
5.455800000000000182e+03,5.961914062500000000e+01,8.562499999999984013e-02,1.541999999999999993e+01,-6.179687500000063949e-02
5.455899999999999636e+03,5.881347656250000000e+01,5.812499999999998224e-02,1.554999999999999893e+01,-4.757812500000024869e-02
5.456000000000000000e+03,5.881347656250000000e+01,4.562499999999980460e-02,1.541999999999999993e+01,-3.335937500000074607e-02
5.456100000000000364e+03,5.888671875000000000e+01,1.062500000000010658e-02,1.560999999999999943e+01,-3.335937500000074607e-02
5.456199999999999818e+03,5.859375000000000000e+01,1.312500000000005329e-02,1.539000000000000057e+01,-4.867187500000103029e-02
5.456300000000000182e+03,5.872192382812500000e+01,3.812499999999996447e-02,1.533000000000000007e+01,-2.406250000000031974e-02
5.456399999999999636e+03,5.798950195312500000e+01,3.312500000000007105e-02,1.547000000000000064e+01,-3.992187500000099476e-02
5.456500000000000000e+03,5.813598632812500000e+01,5.812499999999998224e-02,1.572000000000000064e+01,-3.335937500000074607e-02
5.456600000000000364e+03,5.819091796875000000e+01,3.062500000000012434e-02,1.554999999999999893e+01,-1.421875000000039080e-02
5.456699999999999818e+03,5.786132812500000000e+01,5.312500000000008882e-02,1.547000000000000064e+01,-2.679687500000049738e-02
5.456800000000000182e+03,5.760498046875000000e+01,5.062500000000014211e-02,1.550000000000000000e+01,-8.585937500000095923e-02
5.456899999999999636e+03,5.729370117187500000e+01,5.562500000000003553e-02,1.551999999999999957e+01,-2.789062500000039080e-02
5.457000000000000000e+03,5.742187500000000000e+01,2.562499999999978684e-02,1.545999999999999908e+01,-7.437500000000074607e-02
5.457100000000000364e+03,5.751342773437500000e+01,4.312499999999985789e-02,1.561999999999999922e+01,-3.226562500000085265e-02
5.457199999999999818e+03,5.672607421875000000e+01,4.224999999999998757e-01,1.571499999999999986e+01,1.640624999999928946e-02
5.457300000000000182e+03,5.685424804687500000e+01,5.062500000000014211e-02,1.574000000000000021e+01,-8.476562500000106581e-02
5.457399999999999636e+03,5.659790039062500000e+01,4.562499999999980460e-02,1.551999999999999957e+01,-2.734375000001065814e-03
5.457500000000000000e+03,5.674438476562500000e+01,4.812499999999975131e-02,1.547000000000000064e+01,2.296874999999953815e-02
5.457600000000000364e+03,5.679931640625000000e+01,6.312499999999987566e-02,1.552749999999999986e+01,-4.265625000000028422e-02
5.457699999999999818e+03,5.579223632812500000e+01,3.062500000000012434e-02,1.550999999999999979e+01,-2.953125000000067502e-02
5.457800000000000182e+03,5.612182617187500000e+01,5.312500000000008882e-02,1.531749999999999901e+01,-5.742187500000106581e-02
5.457899999999999636e+03,5.592041015625000000e+01,2.562499999999978684e-02,1.566999999999999993e+01,-4.703125000000074607e-02
5.458000000000000000e+03,5.599365234375000000e+01,6.312499999999987566e-02,1.542750000000000021e+01,-5.304687500000060396e-02
5.458100000000000364e+03,5.564575195312500000e+01,4.062499999999991118e-02,1.561749999999999972e+01,-7.164062500000056843e-02
5.458199999999999818e+03,5.516967773437500000e+01,2.812499999999973355e-02,1.561999999999999922e+01,-6.179687500000063949e-02
5.458300000000000182e+03,5.551757812500000000e+01,4.312499999999985789e-02,1.549000000000000021e+01,-1.640625000000284217e-03
5.458399999999999636e+03,5.531616210937500000e+01,3.062500000000012434e-02,1.574000000000000021e+01,-3.500000000000103029e-02
5.458500000000000000e+03,5.524291992187500000e+01,5.562500000000003553e-02,1.558000000000000007e+01,-4.484375000000095923e-02
5.458600000000000364e+03,5.494995117187500000e+01,4.312499999999985789e-02,1.552999999999999936e+01,-4.210937500000078160e-02
5.458699999999999818e+03,5.456542968750000000e+01,1.812499999999994671e-02,1.566000000000000014e+01,-8.093750000000099476e-02
5.458800000000000182e+03,5.487670898437500000e+01,5.312500000000008882e-02,1.557750000000000057e+01,4.374999999999573674e-03
5.458899999999999636e+03,5.469360351562500000e+01,3.812499999999996447e-02,1.544999999999999929e+01,-1.914062500000035527e-02
5.459000000000000000e+03,5.429077148437500000e+01,4.562499999999980460e-02,1.538749999999999929e+01,-2.406250000000031974e-02
5.459100000000000364e+03,5.429077148437500000e+01,5.562500000000003553e-02,1.532750000000000057e+01,-7.656250000000053291e-02
5.459199999999999818e+03,5.397949218750000000e+01,1.562500000000000000e-02,1.562999999999999901e+01,-6.890625000000039080e-02
5.459300000000000182e+03,5.432739257812500000e+01,6.062499999999992895e-02,1.554749999999999943e+01,-1.093750000000071054e-02
5.459399999999999636e+03,5.379638671875000000e+01,3.812499999999996447e-02,1.564000000000000057e+01,-4.101562500000088818e-02
5.459500000000000000e+03,5.361328125000000000e+01,3.812499999999996447e-02,1.568999999999999950e+01,-4.812500000000063949e-02
5.459600000000000364e+03,5.372314453125000000e+01,3.812499999999996447e-02,1.553749999999999964e+01,-6.562500000000248690e-03
5.459699999999999818e+03,5.337524414062500000e+01,1.812499999999994671e-02,1.534999999999999964e+01,8.749999999999147349e-03
5.459800000000000182e+03,5.374145507812500000e+01,1.812499999999994671e-02,1.541999999999999993e+01,-1.531250000000028422e-02
5.459899999999999636e+03,5.293579101562500000e+01,3.062500000000012434e-02,1.554999999999999893e+01,1.859374999999907629e-02
5.460000000000000000e+03,5.304565429687500000e+01,6.062499999999992895e-02,1.539000000000000057e+01,-4.265625000000028422e-02
5.460100000000000364e+03,5.310058593750000000e+01,6.812499999999976907e-02,1.546749999999999936e+01,-5.468750000000355271e-03
5.460199999999999818e+03,5.278930664062500000e+01,2.562499999999978684e-02,1.544999999999999929e+01,-6.398437500000042633e-02
5.460300000000000182e+03,5.275268554687500000e+01,4.562499999999980460e-02,1.548000000000000043e+01,-7.601562500000103029e-02
5.460399999999999636e+03,5.244140625000000000e+01,6.312499999999987566e-02,1.557000000000000028e+01,-5.414062500000049738e-02
5.460500000000000000e+03,5.251464843750000000e+01,2.062499999999989342e-02,1.589250000000000007e+01,-1.476562500000078160e-02
5.460600000000000364e+03,5.260620117187500000e+01,4.312499999999985789e-02,1.533999999999999986e+01,-6.562500000000071054e-02
5.460699999999999818e+03,5.225830078125000000e+01,5.562500000000003553e-02,1.553999999999999915e+01,-4.265625000000028422e-02
5.460800000000000182e+03,5.262451171875000000e+01,4.812499999999975131e-02,1.549750000000000050e+01,-4.703125000000074607e-02
5.460899999999999636e+03,5.242309570312500000e+01,5.812499999999998224e-02,1.547000000000000064e+01,-2.843750000000078160e-02
5.461000000000000000e+03,5.249633789062500000e+01,4.562499999999980460e-02,1.532000000000000028e+01,-2.078125000000063949e-02
5.461100000000000364e+03,5.256958007812500000e+01,5.312500000000008882e-02,1.544999999999999929e+01,-3.062500000000056843e-02
5.461199999999999818e+03,5.220336914062500000e+01,2.915000000000000036e+00,1.566999999999999993e+01,1.546726562500000135e+01
5.461300000000000182e+03,5.251464843750000000e+01,2.952500000000000124e+00,1.552999999999999936e+01,1.548312500000000114e+01
5.461399999999999636e+03,5.229492187500000000e+01,2.952500000000000124e+00,1.536999999999999922e+01,1.548203125000000036e+01
5.461500000000000000e+03,5.238647460937500000e+01,2.984999999999999876e+00,1.558000000000000007e+01,1.545031250000000078e+01
5.461600000000000364e+03,5.282592773437500000e+01,3.017500000000000071e+00,1.564000000000000057e+01,1.546015625000000071e+01
5.461699999999999818e+03,5.293579101562500000e+01,2.982499999999999929e+00,1.543999999999999950e+01,1.548859375000000149e+01
5.461800000000000182e+03,5.330200195312500000e+01,2.984999999999999876e+00,1.557000000000000028e+01,1.549406250000000007e+01
5.461899999999999636e+03,5.308227539062500000e+01,3.017500000000000071e+00,1.554499999999999993e+01,1.543554687500000000e+01
5.462000000000000000e+03,5.319213867187500000e+01,3.037500000000000089e+00,1.549000000000000021e+01,1.549406250000000007e+01
5.462100000000000364e+03,5.531616210937500000e+01,2.992500000000000160e+00,1.568999999999999950e+01,1.543609375000000128e+01
5.462199999999999818e+03,5.516967773437500000e+01,3.024999999999999911e+00,1.573000000000000043e+01,1.546726562500000135e+01
5.462300000000000182e+03,5.553588867187500000e+01,3.029999999999999805e+00,1.528999999999999915e+01,1.545796875000000092e+01
5.462399999999999636e+03,5.531616210937500000e+01,3.107499999999999929e+00,1.536999999999999922e+01,1.546617187500000057e+01
5.462500000000000000e+03,5.756835937500000000e+01,3.060000000000000053e+00,1.557000000000000028e+01,1.546890625000000163e+01
5.462600000000000364e+03,5.883178710937500000e+01,3.072499999999999787e+00,1.556000000000000050e+01,1.546617187500000057e+01
5.462699999999999818e+03,5.855712890625000000e+01,3.072499999999999787e+00,1.560999999999999943e+01,1.546562500000000107e+01
5.462800000000000182e+03,5.892333984375000000e+01,3.115000000000000213e+00,1.543999999999999950e+01,1.551374999999999993e+01
5.462899999999999636e+03,5.868530273437500000e+01,3.062500000000000000e+00,1.557000000000000028e+01,1.549953125000000043e+01
5.463000000000000000e+03,6.287841796875000000e+01,3.095000000000000195e+00,1.552999999999999936e+01,1.543773437500000156e+01
5.463100000000000364e+03,6.318969726562500000e+01,3.095000000000000195e+00,1.561999999999999922e+01,1.547765625000000078e+01
5.463199999999999818e+03,6.287841796875000000e+01,3.147499999999999964e+00,1.540000000000000036e+01,1.540875000000000128e+01
5.463300000000000182e+03,6.326293945312500000e+01,3.137500000000000178e+00,1.541999999999999993e+01,1.549078125000000128e+01
5.463399999999999636e+03,6.621093750000000000e+01,3.129999999999999893e+00,1.556749999999999901e+01,1.544812500000000099e+01
5.463500000000000000e+03,6.712646484375000000e+01,3.154999999999999805e+00,1.545999999999999908e+01,1.552796875000000121e+01
5.463600000000000364e+03,6.721801757812500000e+01,3.149999999999999911e+00,1.552999999999999936e+01,1.544156250000000163e+01
5.463699999999999818e+03,6.687011718750000000e+01,3.182500000000000107e+00,1.559999999999999964e+01,1.544757812500000149e+01
5.463800000000000182e+03,6.838989257812500000e+01,3.134999999999999787e+00,1.552999999999999936e+01,1.546015625000000071e+01
5.463899999999999636e+03,7.014770507812500000e+01,3.169999999999999929e+00,1.535999999999999943e+01,1.546015625000000071e+01
5.464000000000000000e+03,7.044067382812500000e+01,3.187500000000000000e+00,1.552749999999999986e+01,1.542953125000000014e+01
5.464100000000000364e+03,7.051391601562500000e+01,3.187500000000000000e+00,1.540000000000000036e+01,1.547273437499999993e+01
5.464199999999999818e+03,7.012939453125000000e+01,3.192499999999999893e+00,1.547000000000000064e+01,1.543773437500000156e+01
5.464300000000000182e+03,7.316894531250000000e+01,3.212499999999999911e+00,1.556000000000000050e+01,1.547054687500000014e+01
5.464399999999999636e+03,7.305908203125000000e+01,3.225000000000000089e+00,1.555749999999999922e+01,1.543554687500000000e+01
5.464500000000000000e+03,7.337036132812500000e+01,3.200000000000000178e+00,1.533750000000000036e+01,1.549843750000000142e+01
5.464600000000000364e+03,7.338867187500000000e+01,3.212499999999999911e+00,1.542999999999999972e+01,1.547273437499999993e+01
5.464699999999999818e+03,7.472534179687500000e+01,3.240000000000000213e+00,1.569999999999999929e+01,1.545085937500000028e+01
5.464800000000000182e+03,7.609863281250000000e+01,3.227500000000000036e+00,1.558000000000000007e+01,1.546289062500000000e+01
5.464899999999999636e+03,7.571411132812500000e+01,3.232499999999999929e+00,1.562999999999999901e+01,1.544156250000000163e+01
5.465000000000000000e+03,7.595214843750000000e+01,3.214999999999999858e+00,1.541000000000000014e+01,1.544320312500000014e+01
5.465100000000000364e+03,7.608032226562500000e+01,3.245000000000000107e+00,1.533000000000000007e+01,1.550992187500000163e+01
5.465199999999999818e+03,7.792968750000000000e+01,3.234999999999999876e+00,1.575999999999999979e+01,1.547546875000000099e+01
5.465300000000000182e+03,7.851562500000000000e+01,3.225000000000000089e+00,1.552999999999999936e+01,1.546671875000000007e+01
5.465399999999999636e+03,7.813110351562500000e+01,3.272499999999999964e+00,1.528999999999999915e+01,1.537484375000000014e+01
5.465500000000000000e+03,7.840576171875000000e+01,3.262500000000000178e+00,1.547000000000000064e+01,1.544429687500000092e+01
5.465600000000000364e+03,8.027343750000000000e+01,3.302500000000000213e+00,1.549000000000000021e+01,1.547710937500000128e+01
5.465699999999999818e+03,8.034667968750000000e+01,3.277499999999999858e+00,1.544749999999999979e+01,1.550773437500000007e+01
5.465800000000000182e+03,8.084106445312500000e+01,3.302500000000000213e+00,1.565000000000000036e+01,1.546398437500000078e+01
5.465899999999999636e+03,8.040161132812500000e+01,3.294999999999999929e+00,1.533750000000000036e+01,1.544593750000000121e+01
5.466000000000000000e+03,8.142700195312500000e+01,3.290000000000000036e+00,1.557000000000000028e+01,1.550882812500000085e+01
5.466100000000000364e+03,8.278198242187500000e+01,3.334999999999999964e+00,1.549000000000000021e+01,1.549351562500000057e+01
5.466199999999999818e+03,8.247070312500000000e+01,3.345000000000000195e+00,1.543999999999999950e+01,1.545796875000000092e+01
5.466300000000000182e+03,8.294677734375000000e+01,3.347500000000000142e+00,1.566999999999999993e+01,1.545796875000000092e+01
5.466399999999999636e+03,8.248901367187500000e+01,3.327500000000000124e+00,1.560999999999999943e+01,1.545960937500000121e+01
5.466500000000000000e+03,8.470458984375000000e+01,3.330000000000000071e+00,1.551999999999999957e+01,1.545687500000000014e+01
5.466600000000000364e+03,8.492431640625000000e+01,3.307500000000000107e+00,1.535999999999999943e+01,1.547437500000000021e+01
5.466699999999999818e+03,8.455810546875000000e+01,3.354999999999999982e+00,1.546749999999999936e+01,1.549460937500000135e+01
5.466800000000000182e+03,8.505249023437500000e+01,3.357499999999999929e+00,1.558000000000000007e+01,1.549078125000000128e+01
5.466899999999999636e+03,8.571166992187500000e+01,3.390000000000000124e+00,1.554999999999999893e+01,1.541750000000000043e+01
5.467000000000000000e+03,8.679199218750000000e+01,3.379999999999999893e+00,1.550999999999999979e+01,1.547000000000000064e+01
5.467100000000000364e+03,8.684692382812500000e+01,3.387500000000000178e+00,1.550999999999999979e+01,1.543664062500000078e+01
5.467199999999999818e+03,8.646240234375000000e+01,3.370000000000000107e+00,1.543999999999999950e+01,1.541695312500000092e+01
5.467300000000000182e+03,8.697509765625000000e+01,3.370000000000000107e+00,1.559999999999999964e+01,1.546507812500000156e+01
5.467399999999999636e+03,8.829345703125000000e+01,3.379999999999999893e+00,1.543999999999999950e+01,1.544757812500000149e+01
5.467500000000000000e+03,8.873291015625000000e+01,3.395000000000000018e+00,1.560999999999999943e+01,1.545304687500000007e+01
5.467600000000000364e+03,8.871459960937500000e+01,3.397499999999999964e+00,1.551999999999999957e+01,1.542406250000000156e+01
5.467699999999999818e+03,8.836669921875000000e+01,3.410000000000000142e+00,1.541000000000000014e+01,1.546617187500000057e+01
5.467800000000000182e+03,9.034423828125000000e+01,3.419999999999999929e+00,1.562999999999999901e+01,1.548148437500000085e+01
5.467899999999999636e+03,9.014282226562500000e+01,3.467500000000000249e+00,1.558999999999999986e+01,1.544812500000000099e+01
5.468000000000000000e+03,9.050903320312500000e+01,3.415000000000000036e+00,1.554749999999999943e+01,1.543554687500000000e+01
5.468100000000000364e+03,9.052734375000000000e+01,3.259999999999999787e+00,1.527999999999999936e+01,1.549570312500000036e+01
5.468199999999999818e+03,9.083862304687500000e+01,3.452500000000000124e+00,1.539000000000000057e+01,1.547273437499999993e+01
5.468300000000000182e+03,9.244995117187500000e+01,3.475000000000000089e+00,1.582750000000000057e+01,1.545960937500000121e+01
5.468399999999999636e+03,9.195556640625000000e+01,3.487499999999999822e+00,1.578999999999999915e+01,1.541695312500000092e+01
5.468500000000000000e+03,9.235839843750000000e+01,3.459999999999999964e+00,1.550000000000000000e+01,1.547109375000000142e+01
5.468600000000000364e+03,9.234008789062500000e+01,3.482499999999999929e+00,1.540000000000000036e+01,1.545960937500000121e+01
5.468699999999999818e+03,9.360351562500000000e+01,3.492500000000000160e+00,1.549750000000000050e+01,1.542734375000000036e+01
5.468800000000000182e+03,9.426269531250000000e+01,3.500000000000000000e+00,1.565000000000000036e+01,1.546890625000000163e+01
5.468899999999999636e+03,9.376831054687500000e+01,3.209999999999999964e+00,1.558000000000000007e+01,1.547929687500000107e+01
5.469000000000000000e+03,9.415283203125000000e+01,3.504999999999999893e+00,1.537999999999999901e+01,1.550992187500000163e+01
5.469100000000000364e+03,9.525146484375000000e+01,3.497500000000000053e+00,1.552999999999999936e+01,1.549679687500000114e+01
5.469199999999999818e+03,9.545288085937500000e+01,3.492500000000000160e+00,1.558000000000000007e+01,1.548312500000000114e+01
5.469300000000000182e+03,9.598388671875000000e+01,3.492500000000000160e+00,1.554999999999999893e+01,1.544375000000000142e+01
5.469399999999999636e+03,9.543457031250000000e+01,3.537500000000000089e+00,1.553999999999999915e+01,1.546125000000000149e+01
5.469500000000000000e+03,9.589233398437500000e+01,3.507500000000000284e+00,1.565000000000000036e+01,1.547984375000000057e+01
5.469600000000000364e+03,9.746704101562500000e+01,3.542499999999999982e+00,1.550000000000000000e+01,1.549734375000000064e+01
5.469699999999999818e+03,9.717407226562500000e+01,3.537500000000000089e+00,1.543999999999999950e+01,1.550554687500000028e+01
5.469800000000000182e+03,9.772338867187500000e+01,3.542499999999999982e+00,1.568999999999999950e+01,1.544101562500000036e+01
5.469899999999999636e+03,9.715576171875000000e+01,3.560000000000000053e+00,1.542999999999999972e+01,1.541531250000000064e+01
5.470000000000000000e+03,9.893188476562500000e+01,3.544999999999999929e+00,1.544749999999999979e+01,1.543773437500000156e+01
5.470100000000000364e+03,9.926147460937500000e+01,3.607499999999999929e+00,1.561999999999999922e+01,1.548968750000000050e+01
5.470199999999999818e+03,9.891357421875000000e+01,3.580000000000000071e+00,1.567999999999999972e+01,1.546125000000000149e+01
5.470300000000000182e+03,9.938964843750000000e+01,3.609999999999999876e+00,1.561999999999999922e+01,1.547601562500000050e+01
5.470399999999999636e+03,9.946289062500000000e+01,3.604999999999999982e+00,1.558999999999999986e+01,1.543773437500000156e+01
5.470500000000000000e+03,1.009094238281250000e+02,3.602500000000000036e+00,1.566000000000000014e+01,1.545359375000000135e+01
5.470600000000000364e+03,1.009643554687500000e+02,3.594999999999999751e+00,1.533750000000000036e+01,1.547929687500000107e+01
5.470699999999999818e+03,1.006164550781250000e+02,3.627499999999999947e+00,1.532750000000000057e+01,1.544867187500000050e+01
5.470800000000000182e+03,1.010742187500000000e+02,3.637500000000000178e+00,1.551999999999999957e+01,1.542789062500000163e+01
5.470899999999999636e+03,1.021179199218750000e+02,3.655000000000000249e+00,1.554749999999999943e+01,1.546726562500000135e+01
5.471000000000000000e+03,1.026306152343750000e+02,3.665000000000000036e+00,1.541750000000000043e+01,1.549898437500000092e+01
5.471100000000000364e+03,1.026123046875000000e+02,3.674999999999999822e+00,1.565000000000000036e+01,1.544484375000000043e+01
5.471199999999999818e+03,1.023376464843750000e+02,3.667499999999999982e+00,1.554749999999999943e+01,1.548312500000000114e+01
5.471300000000000182e+03,1.039489746093750000e+02,3.657499999999999751e+00,1.566999999999999993e+01,1.545796875000000092e+01
5.471399999999999636e+03,1.037475585937500000e+02,3.705000000000000071e+00,1.560749999999999993e+01,1.547929687500000107e+01
5.471500000000000000e+03,1.042968750000000000e+02,3.700000000000000178e+00,1.548000000000000043e+01,1.545851562500000043e+01
5.471600000000000364e+03,1.042236328125000000e+02,3.719999999999999751e+00,1.539000000000000057e+01,1.543992187500000135e+01
5.471699999999999818e+03,1.040954589843750000e+02,3.709999999999999964e+00,1.567750000000000021e+01,1.544156250000000163e+01
5.471800000000000182e+03,1.060363769531250000e+02,3.714999999999999858e+00,1.550999999999999979e+01,1.546015625000000071e+01
5.471899999999999636e+03,1.054870605468750000e+02,3.737499999999999822e+00,1.557750000000000057e+01,1.548859375000000149e+01
5.472000000000000000e+03,1.060180664062500000e+02,3.702500000000000124e+00,1.558999999999999986e+01,1.552031250000000107e+01
5.472100000000000364e+03,1.059448242187500000e+02,3.747500000000000053e+00,1.548000000000000043e+01,1.550937500000000036e+01
5.472199999999999818e+03,1.069519042968750000e+02,3.750000000000000000e+00,1.535999999999999943e+01,1.549242187500000156e+01
5.472300000000000182e+03,1.077026367187500000e+02,3.794999999999999929e+00,1.533999999999999986e+01,1.545523437500000163e+01
5.472399999999999636e+03,1.071350097656250000e+02,3.759999999999999787e+00,1.565000000000000036e+01,1.545085937500000028e+01
5.472500000000000000e+03,1.076293945312500000e+02,3.785000000000000142e+00,1.564000000000000057e+01,1.545304687500000007e+01
5.472600000000000364e+03,1.083435058593750000e+02,3.765000000000000124e+00,1.550000000000000000e+01,1.542406250000000156e+01
5.472699999999999818e+03,1.088928222656250000e+02,3.799999999999999822e+00,1.543999999999999950e+01,1.549679687500000114e+01
5.472800000000000182e+03,1.093872070312500000e+02,3.807500000000000107e+00,1.537999999999999901e+01,1.551976562500000156e+01
5.472899999999999636e+03,1.088012695312500000e+02,3.902499999999999858e+00,1.540000000000000036e+01,1.553781250000000114e+01
5.473000000000000000e+03,1.093139648437500000e+02,3.842500000000000249e+00,1.558999999999999986e+01,1.552468750000000064e+01
5.473100000000000364e+03,1.107238769531250000e+02,3.857499999999999929e+00,1.545999999999999908e+01,1.544156250000000163e+01
5.473199999999999818e+03,1.105224609375000000e+02,3.859999999999999876e+00,1.569999999999999929e+01,1.547382812500000071e+01
5.473300000000000182e+03,1.110168457031250000e+02,3.890000000000000124e+00,1.549000000000000021e+01,1.546070312500000021e+01
5.473399999999999636e+03,1.103576660156250000e+02,3.899999999999999911e+00,1.529999999999999893e+01,1.551101562500000064e+01
5.473500000000000000e+03,1.122070312500000000e+02,3.897499999999999964e+00,1.536999999999999922e+01,1.551210937500000142e+01
5.473600000000000364e+03,1.125000000000000000e+02,3.907499999999999751e+00,1.529999999999999893e+01,1.545796875000000092e+01
5.473699999999999818e+03,1.122070312500000000e+02,3.942499999999999893e+00,1.537999999999999901e+01,1.547929687500000107e+01
5.473800000000000182e+03,1.127563476562500000e+02,3.957500000000000018e+00,1.550000000000000000e+01,1.547273437499999993e+01
5.473899999999999636e+03,1.124633789062500000e+02,3.959999999999999964e+00,1.535999999999999943e+01,1.546726562500000135e+01
5.474000000000000000e+03,1.142578125000000000e+02,3.962499999999999911e+00,1.567999999999999972e+01,1.546289062500000000e+01
5.474100000000000364e+03,1.141662597656250000e+02,3.955000000000000071e+00,1.553999999999999915e+01,1.547656250000000000e+01
5.474199999999999818e+03,1.139282226562500000e+02,3.972500000000000142e+00,1.549000000000000021e+01,1.543664062500000078e+01
5.474300000000000182e+03,1.144226074218750000e+02,4.030000000000000249e+00,1.551999999999999957e+01,1.545195312500000107e+01
5.474399999999999636e+03,1.153198242187500000e+02,4.019999999999999574e+00,1.560999999999999943e+01,1.544375000000000142e+01
5.474500000000000000e+03,1.160522460937500000e+02,4.044999999999999929e+00,1.576999999999999957e+01,1.547875000000000156e+01
5.474600000000000364e+03,1.158874511718750000e+02,4.049999999999999822e+00,1.550000000000000000e+01,1.543992187500000135e+01
5.474699999999999818e+03,1.156494140625000000e+02,4.084999999999999964e+00,1.541000000000000014e+01,1.546671875000000007e+01
5.474800000000000182e+03,1.172424316406250000e+02,4.077500000000000568e+00,1.556000000000000050e+01,1.548257812500000163e+01
5.474899999999999636e+03,1.172607421875000000e+02,4.142500000000000071e+00,1.545749999999999957e+01,1.547382812500000071e+01
5.475000000000000000e+03,1.178283691406250000e+02,4.102500000000000036e+00,1.539000000000000057e+01,1.547328125000000121e+01
5.475100000000000364e+03,1.177185058593750000e+02,4.132500000000000284e+00,1.565000000000000036e+01,1.545250000000000057e+01
5.475199999999999818e+03,1.174438476562500000e+02,4.165000000000000036e+00,1.537999999999999901e+01,1.548585937500000043e+01
5.475300000000000182e+03,1.196411132812500000e+02,4.134999999999999787e+00,1.548000000000000043e+01,1.549242187500000156e+01
5.475399999999999636e+03,1.190551757812500000e+02,4.169999999999999929e+00,1.558999999999999986e+01,1.552906250000000021e+01
5.475500000000000000e+03,1.196411132812500000e+02,4.195000000000000284e+00,1.541999999999999993e+01,1.551265625000000092e+01
5.475600000000000364e+03,1.194763183593750000e+02,4.187500000000000000e+00,1.543999999999999950e+01,1.550226562500000149e+01
5.475699999999999818e+03,1.207031250000000000e+02,4.214999999999999858e+00,1.542999999999999972e+01,1.551320312500000043e+01
5.475800000000000182e+03,1.216552734375000000e+02,4.245000000000000107e+00,1.522000000000000064e+01,1.544539062499999993e+01
5.475899999999999636e+03,1.209960937500000000e+02,4.217500000000000249e+00,1.549750000000000050e+01,1.548148437500000085e+01
5.476000000000000000e+03,1.215637207031250000e+02,4.272499999999999964e+00,1.544999999999999929e+01,1.544757812500000149e+01
5.476100000000000364e+03,1.215270996093750000e+02,4.316250000000000142e+00,1.560999999999999943e+01,1.543773437500000156e+01
5.476199999999999818e+03,1.215270996093750000e+02,4.288750000000000284e+00,1.539000000000000057e+01,1.551648437500000099e+01
5.476300000000000182e+03,1.220397949218750000e+02,4.286249999999999893e+00,1.545749999999999957e+01,1.541640625000000142e+01
5.476399999999999636e+03,1.214172363281250000e+02,4.062499999999991118e-02,1.550000000000000000e+01,-7.820312500000081712e-02
5.476500000000000000e+03,1.219848632812500000e+02,7.312500000000010658e-02,1.562999999999999901e+01,-5.687500000000067502e-02
5.476600000000000364e+03,1.218017578125000000e+02,4.812499999999975131e-02,1.537999999999999901e+01,-4.812500000000063949e-02
5.476699999999999818e+03,1.215454101562500000e+02,2.812499999999973355e-02,1.553999999999999915e+01,-7.164062500000056843e-02
5.476800000000000182e+03,1.220214843750000000e+02,4.562499999999980460e-02,1.569999999999999929e+01,-6.726562500000099476e-02
5.476899999999999636e+03,1.213989257812500000e+02,1.562500000000000000e-02,1.559999999999999964e+01,-7.601562500000103029e-02
5.477000000000000000e+03,1.219299316406250000e+02,7.812500000000000000e-02,1.552999999999999936e+01,-4.156250000000039080e-02
5.477100000000000364e+03,1.218383789062500000e+02,2.562499999999978684e-02,1.533999999999999986e+01,-1.640625000000284217e-03
5.477199999999999818e+03,1.215820312500000000e+02,5.062500000000014211e-02,1.551999999999999957e+01,-3.281250000000035527e-02
5.477300000000000182e+03,1.220031738281250000e+02,8.124999999999715783e-03,1.558999999999999986e+01,-5.632812500000028422e-02
5.477399999999999636e+03,1.213439941406250000e+02,2.062499999999989342e-02,1.554999999999999893e+01,-4.210937500000078160e-02
5.477500000000000000e+03,1.206298828125000000e+02,6.312499999999987566e-02,1.547000000000000064e+01,-2.953125000000067502e-02
5.477600000000000364e+03,1.204101562500000000e+02,5.562500000000003553e-02,1.558000000000000007e+01,-4.484375000000095923e-02
5.477699999999999818e+03,1.201538085937500000e+02,3.812499999999996447e-02,1.568999999999999950e+01,-1.099218750000003908e-01
5.477800000000000182e+03,1.207031250000000000e+02,6.062499999999992895e-02,1.557000000000000028e+01,-7.710937500000092371e-02
5.477899999999999636e+03,1.177001953125000000e+02,3.562500000000001776e-02,1.544999999999999929e+01,-4.375000000000106581e-02
5.478000000000000000e+03,1.177917480468750000e+02,1.562500000000000000e-02,1.554749999999999943e+01,-8.695312500000085265e-02
5.478100000000000364e+03,1.176452636718750000e+02,3.312500000000007105e-02,1.547749999999999915e+01,-8.039062500000060396e-02
5.478199999999999818e+03,1.173156738281250000e+02,4.812499999999975131e-02,1.546749999999999936e+01,-5.687500000000067502e-02
5.478300000000000182e+03,1.160888671875000000e+02,2.812499999999973355e-02,1.547000000000000064e+01,-2.515625000000110134e-02
5.478399999999999636e+03,1.131042480468750000e+02,3.062500000000012434e-02,1.562999999999999901e+01,-3.664062500000042633e-02
5.478500000000000000e+03,1.135253906250000000e+02,6.062499999999992895e-02,1.553999999999999915e+01,-6.289062500000053291e-02
5.478600000000000364e+03,1.133972167968750000e+02,3.562500000000001776e-02,1.550000000000000000e+01,-6.671875000000060396e-02
5.478699999999999818e+03,1.131225585937500000e+02,4.812499999999975131e-02,1.523000000000000043e+01,-3.226562500000085265e-02
5.478800000000000182e+03,1.100097656250000000e+02,2.312499999999984013e-02,1.545999999999999908e+01,-7.109375000000639488e-03
5.478899999999999636e+03,1.091308593750000000e+02,3.812499999999996447e-02,1.541000000000000014e+01,-5.578125000000078160e-02
5.479000000000000000e+03,1.096435546875000000e+02,1.312500000000005329e-02,1.564000000000000057e+01,-3.718750000000081712e-02
5.479100000000000364e+03,1.095520019531250000e+02,4.062499999999991118e-02,1.565750000000000064e+01,-8.093750000000099476e-02
5.479199999999999818e+03,1.069152832031250000e+02,5.312500000000008882e-02,1.573000000000000043e+01,-8.804687500000074607e-02
5.479300000000000182e+03,1.066040039062500000e+02,5.312500000000008882e-02,1.533999999999999986e+01,-4.593750000000085265e-02
5.479399999999999636e+03,1.059265136718750000e+02,4.562499999999980460e-02,1.552999999999999936e+01,-9.242187500000031974e-02
5.479500000000000000e+03,1.063659667968750000e+02,7.874999999999987566e-02,1.548000000000000043e+01,-1.804687500000046185e-02
5.479600000000000364e+03,1.059814453125000000e+02,3.562500000000001776e-02,1.534999999999999964e+01,-8.039062500000060396e-02
5.479699999999999818e+03,1.033630371093750000e+02,1.149999999999997691e-01,1.567499999999999893e+01,8.203124999999644729e-03
5.479800000000000182e+03,1.037841796875000000e+02,5.312500000000008882e-02,1.541000000000000014e+01,-5.632812500000028422e-02
5.479899999999999636e+03,1.031982421875000000e+02,2.812499999999973355e-02,1.572000000000000064e+01,5.468749999995026201e-04
5.480000000000000000e+03,1.036743164062500000e+02,5.562500000000003553e-02,1.549000000000000021e+01,-6.070312500000074607e-02
5.480100000000000364e+03,1.014953613281250000e+02,5.062500000000014211e-02,1.531000000000000050e+01,1.421874999999950262e-02
5.480199999999999818e+03,1.008361816406250000e+02,2.312499999999984013e-02,1.548000000000000043e+01,-5.468750000000088818e-02
5.480300000000000182e+03,1.012939453125000000e+02,6.062499999999992895e-02,1.547000000000000064e+01,-6.398437500000042633e-02
5.480399999999999636e+03,1.007995605468750000e+02,1.312500000000005329e-02,1.551999999999999957e+01,-4.921875000000053291e-02
5.480500000000000000e+03,1.000488281250000000e+02,3.312500000000007105e-02,1.524750000000000050e+01,-3.937500000000060396e-02
5.480600000000000364e+03,9.895019531250000000e+01,3.312500000000007105e-02,1.558999999999999986e+01,-5.796875000000056843e-02
5.480699999999999818e+03,9.858398437500000000e+01,5.562500000000003553e-02,1.558000000000000007e+01,-1.421875000000039080e-02
5.480800000000000182e+03,9.907836914062500000e+01,4.562499999999980460e-02,1.552749999999999986e+01,-6.398437500000042633e-02
5.480899999999999636e+03,9.851074218750000000e+01,5.062500000000014211e-02,1.541999999999999993e+01,-2.351562500000081712e-02
5.481000000000000000e+03,9.713745117187500000e+01,4.312499999999985789e-02,1.559999999999999964e+01,2.734374999999289457e-03
5.481100000000000364e+03,9.693603515625000000e+01,3.312500000000007105e-02,1.559999999999999964e+01,-9.078125000000092371e-02
5.481199999999999818e+03,9.662475585937500000e+01,6.312499999999987566e-02,1.557000000000000028e+01,-6.289062500000053291e-02
5.481300000000000182e+03,9.706420898437500000e+01,6.062499999999992895e-02,1.544999999999999929e+01,-5.687500000000067502e-02
5.481399999999999636e+03,9.530639648437500000e+01,4.062499999999991118e-02,1.558999999999999986e+01,-3.500000000000103029e-02
5.481500000000000000e+03,9.517822265625000000e+01,2.312499999999984013e-02,1.574000000000000021e+01,-4.593750000000085265e-02
5.481600000000000364e+03,9.515991210937500000e+01,3.312500000000007105e-02,1.542999999999999972e+01,-3.281250000000568434e-03
5.481699999999999818e+03,9.483032226562500000e+01,2.312499999999984013e-02,1.538749999999999929e+01,-4.429687500000056843e-02
5.481800000000000182e+03,9.514160156250000000e+01,5.562500000000003553e-02,1.550999999999999979e+01,-8.039062500000060396e-02
5.481899999999999636e+03,9.314575195312500000e+01,6.562499999999982236e-02,1.533000000000000007e+01,-4.375000000000106581e-02
5.482000000000000000e+03,9.347534179687500000e+01,1.562500000000000000e-02,1.553999999999999915e+01,-5.250000000000110134e-02
5.482100000000000364e+03,9.345703125000000000e+01,5.312500000000008882e-02,1.560999999999999943e+01,-5.523437500000039080e-02
5.482199999999999818e+03,9.312744140625000000e+01,3.062500000000012434e-02,1.529999999999999893e+01,-4.101562500000088818e-02
5.482300000000000182e+03,9.215698242187500000e+01,4.562499999999980460e-02,1.557000000000000028e+01,-3.226562500000085265e-02
5.482399999999999636e+03,9.136962890625000000e+01,2.062499999999989342e-02,1.549000000000000021e+01,-5.304687500000060396e-02
5.482500000000000000e+03,9.175415039062500000e+01,4.812499999999975131e-02,1.560999999999999943e+01,2.953124999999889866e-02
5.482600000000000364e+03,9.177246093750000000e+01,5.062500000000014211e-02,1.560749999999999993e+01,-5.796875000000056843e-02
5.482699999999999818e+03,9.061889648437500000e+01,2.812499999999973355e-02,1.558000000000000007e+01,-3.828125000000071054e-02
5.482800000000000182e+03,9.038085937500000000e+01,2.562499999999978684e-02,1.567999999999999972e+01,-4.210937500000078160e-02
5.482899999999999636e+03,8.984985351562500000e+01,4.062499999999991118e-02,1.557000000000000028e+01,-7.164062500000056843e-02
5.483000000000000000e+03,9.021606445312500000e+01,6.812499999999976907e-02,1.544999999999999929e+01,-5.359375000000099476e-02
5.483100000000000364e+03,9.021606445312500000e+01,2.312499999999984013e-02,1.565000000000000036e+01,-5.195312500000071054e-02
5.483199999999999818e+03,8.849487304687500000e+01,4.812499999999975131e-02,1.567999999999999972e+01,-6.070312500000074607e-02
5.483300000000000182e+03,8.886108398437500000e+01,2.562499999999978684e-02,1.557000000000000028e+01,-2.132812500000103029e-02
5.483399999999999636e+03,8.838500976562500000e+01,4.062499999999991118e-02,1.566750000000000043e+01,-2.734375000000088818e-02
5.483500000000000000e+03,8.873291015625000000e+01,6.312499999999987566e-02,1.570999999999999908e+01,-8.695312500000085265e-02
5.483600000000000364e+03,8.768920898437500000e+01,4.812499999999975131e-02,1.552999999999999936e+01,-3.171875000000046185e-02
5.483699999999999818e+03,8.701171875000000000e+01,5.812499999999998224e-02,1.533999999999999986e+01,-2.078125000000063949e-02
5.483800000000000182e+03,8.743286132812500000e+01,5.312500000000008882e-02,1.558999999999999986e+01,-3.773437500000031974e-02
5.483899999999999636e+03,8.697509765625000000e+01,3.562500000000001776e-02,1.549000000000000021e+01,-7.546875000000063949e-02
5.484000000000000000e+03,8.721313476562500000e+01,5.562500000000003553e-02,1.536999999999999922e+01,-6.070312500000074607e-02
5.484100000000000364e+03,8.600463867187500000e+01,5.562500000000003553e-02,1.544999999999999929e+01,-6.562500000000071054e-02
5.484199999999999818e+03,8.562011718750000000e+01,2.562499999999978684e-02,1.531000000000000050e+01,-3.937500000000060396e-02
5.484300000000000182e+03,8.607788085937500000e+01,8.124999999999715783e-03,1.559999999999999964e+01,5.468749999995026201e-04
5.484399999999999636e+03,8.560180664062500000e+01,3.312500000000007105e-02,1.541999999999999993e+01,-6.726562500000099476e-02
5.484500000000000000e+03,8.479614257812500000e+01,1.812499999999994671e-02,1.540750000000000064e+01,-8.148437500000049738e-02
5.484600000000000364e+03,8.461303710937500000e+01,4.562499999999980460e-02,1.557750000000000057e+01,-7.054687500000067502e-02
5.484699999999999818e+03,8.430175781250000000e+01,6.062499999999992895e-02,1.552999999999999936e+01,-1.039062500000031974e-02
5.484800000000000182e+03,8.472290039062500000e+01,4.062499999999991118e-02,1.541000000000000014e+01,-2.625000000000099476e-02
5.484899999999999636e+03,8.366088867187500000e+01,3.562500000000001776e-02,1.551750000000000007e+01,-1.208593750000011013e-01
5.485000000000000000e+03,8.325805664062500000e+01,2.562499999999978684e-02,1.545999999999999908e+01,-8.367187500000028422e-02
5.485100000000000364e+03,8.323974609375000000e+01,3.312500000000007105e-02,1.525000000000000000e+01,-1.082812500000009948e-01
5.485199999999999818e+03,8.291015625000000000e+01,6.312499999999987566e-02,1.530749999999999922e+01,-7.875000000000031974e-02
5.485300000000000182e+03,8.334960937500000000e+01,7.062500000000015987e-02,1.558999999999999986e+01,-9.679687500000078160e-02
5.485399999999999636e+03,8.177490234375000000e+01,3.062500000000012434e-02,1.558000000000000007e+01,-4.320312500000067502e-02
5.485500000000000000e+03,8.204956054687500000e+01,4.062499999999991118e-02,1.557000000000000028e+01,-4.812500000000063949e-02
5.485600000000000364e+03,8.201293945312500000e+01,6.062499999999992895e-02,1.519999999999999929e+01,-5.468750000003907985e-04
5.485699999999999818e+03,8.168334960937500000e+01,3.812499999999996447e-02,1.537999999999999901e+01,-3.937500000000060396e-02
5.485800000000000182e+03,8.118896484375000000e+01,4.562499999999980460e-02,1.541999999999999993e+01,-2.242187500000092371e-02
5.485899999999999636e+03,8.038330078125000000e+01,3.062500000000012434e-02,1.550999999999999979e+01,-4.921875000000053291e-02
5.486000000000000000e+03,8.071289062500000000e+01,6.312499999999987566e-02,1.553999999999999915e+01,-4.484375000000095923e-02
5.486100000000000364e+03,8.073120117187500000e+01,5.812499999999998224e-02,1.558999999999999986e+01,-7.929687500000071054e-02
5.486199999999999818e+03,8.025512695312500000e+01,3.062500000000012434e-02,1.565000000000000036e+01,-1.914062500000035527e-02
5.486300000000000182e+03,7.968750000000000000e+01,5.312500000000008882e-02,1.539000000000000057e+01,-4.703125000000074607e-02
5.486399999999999636e+03,7.921142578125000000e+01,1.812499999999994671e-02,1.558999999999999986e+01,-5.523437500000039080e-02
5.486500000000000000e+03,7.950439453125000000e+01,5.562500000000003553e-02,1.533750000000000036e+01,-2.187500000000675016e-03
5.486600000000000364e+03,7.955932617187500000e+01,5.312500000000008882e-02,1.527999999999999936e+01,-1.421875000000039080e-02
5.486699999999999818e+03,7.816772460937500000e+01,6.562499999999982236e-02,1.547000000000000064e+01,-1.859375000000085265e-02
5.486800000000000182e+03,7.847900390625000000e+01,4.812499999999975131e-02,1.536999999999999922e+01,-4.156250000000039080e-02
5.486899999999999636e+03,7.807617187500000000e+01,2.562499999999978684e-02,1.568999999999999950e+01,-9.460937500000099476e-02
5.487000000000000000e+03,7.829589843750000000e+01,5.624999999999769074e-03,1.554999999999999893e+01,-4.757812500000024869e-02
5.487100000000000364e+03,7.787475585937500000e+01,7.062500000000015987e-02,1.526999999999999957e+01,-2.187500000000053291e-02
5.487199999999999818e+03,7.677612304687500000e+01,1.562500000000000000e-02,1.547000000000000064e+01,-8.531250000000056843e-02
5.487300000000000182e+03,7.717895507812500000e+01,4.062499999999991118e-02,1.533999999999999986e+01,-6.507812500000031974e-02
5.487399999999999636e+03,7.681274414062500000e+01,6.812499999999976907e-02,1.535999999999999943e+01,-4.375000000000106581e-02
5.487500000000000000e+03,7.706909179687500000e+01,1.562500000000000000e-02,1.559999999999999964e+01,-1.640625000000284217e-03
5.487600000000000364e+03,7.609863281250000000e+01,3.812499999999996447e-02,1.537999999999999901e+01,-4.265625000000028422e-02
5.487699999999999818e+03,7.567749023437500000e+01,4.562499999999980460e-02,1.554999999999999893e+01,-5.359375000000099476e-02
5.487800000000000182e+03,7.608032226562500000e+01,3.062500000000012434e-02,1.549000000000000021e+01,-5.468750000000088818e-02
5.487899999999999636e+03,7.569580078125000000e+01,9.249999999999980460e-02,1.540000000000000036e+01,-4.921875000000852651e-03
5.488000000000000000e+03,7.521972656250000000e+01,6.312499999999987566e-02,1.558999999999999986e+01,-5.742187500000106581e-02
5.488100000000000364e+03,7.492675781250000000e+01,3.062500000000012434e-02,1.541999999999999993e+01,-1.039062500000031974e-02
5.488199999999999818e+03,7.461547851562500000e+01,6.812499999999976907e-02,1.558000000000000007e+01,1.640624999999396039e-03
5.488300000000000182e+03,7.500000000000000000e+01,2.062499999999989342e-02,1.537999999999999901e+01,-2.187500000000053291e-02
5.488399999999999636e+03,7.456054687500000000e+01,5.562500000000003553e-02,1.554999999999999893e+01,-1.312500000000049738e-02
5.488500000000000000e+03,7.380981445312500000e+01,4.562499999999980460e-02,1.536999999999999922e+01,-4.156250000000039080e-02
5.488600000000000364e+03,7.379150390625000000e+01,3.812499999999996447e-02,1.564000000000000057e+01,-3.937500000000060396e-02
5.488699999999999818e+03,7.346191406250000000e+01,4.062499999999991118e-02,1.552749999999999986e+01,-4.375000000000106581e-02
5.488800000000000182e+03,7.390136718750000000e+01,3.812499999999996447e-02,1.545999999999999908e+01,-2.734375000001065814e-03
5.488899999999999636e+03,7.269287109375000000e+01,5.562500000000003553e-02,1.572000000000000064e+01,-2.187500000000675016e-03
5.489000000000000000e+03,7.276611328125000000e+01,-2.675000000000000711e-01,1.567999999999999972e+01,-5.742187500000106581e-02
5.489100000000000364e+03,7.282104492187500000e+01,5.812499999999998224e-02,1.558000000000000007e+01,-5.414062500000049738e-02
5.489199999999999818e+03,7.245483398437500000e+01,1.562500000000000000e-02,1.548000000000000043e+01,-2.296875000000042633e-02
5.489300000000000182e+03,7.252807617187500000e+01,5.812499999999998224e-02,1.558999999999999986e+01,-4.593750000000085265e-02
5.489399999999999636e+03,7.144775390625000000e+01,6.062499999999992895e-02,1.549000000000000021e+01,-7.492187500000024869e-02
5.489500000000000000e+03,7.166748046875000000e+01,5.062500000000014211e-02,1.558999999999999986e+01,-3.828125000000959233e-03
5.489600000000000364e+03,7.168579101562500000e+01,7.312500000000010658e-02,1.574000000000000021e+01,-6.453125000000081712e-02
5.489699999999999818e+03,7.137451171875000000e+01,4.493749999999998579e-01,1.514000000000000057e+01,-4.375000000000461853e-03
5.489800000000000182e+03,7.091674804687500000e+01,4.312499999999985789e-02,1.549000000000000021e+01,-2.625000000000099476e-02
5.489899999999999636e+03,7.042236328125000000e+01,3.812499999999996447e-02,1.544999999999999929e+01,-8.695312500000085265e-02
5.490000000000000000e+03,7.066040039062500000e+01,2.312499999999984013e-02,1.531000000000000050e+01,-2.351562500000081712e-02
5.490100000000000364e+03,7.073364257812500000e+01,4.562499999999980460e-02,1.552999999999999936e+01,-5.140625000000031974e-02
5.490199999999999818e+03,6.976318359375000000e+01,4.562499999999980460e-02,1.536999999999999922e+01,-8.312500000000078160e-02
5.490300000000000182e+03,6.979980468750000000e+01,8.124999999999715783e-03,1.531000000000000050e+01,3.281249999999680256e-03
5.490399999999999636e+03,6.945190429687500000e+01,4.768750000000001599e-01,1.549000000000000021e+01,-6.015625000000035527e-02
5.490500000000000000e+03,6.967163085937500000e+01,6.312499999999987566e-02,1.533999999999999986e+01,-5.085937500000081712e-02
5.490600000000000364e+03,6.968994140625000000e+01,7.062500000000015987e-02,1.553999999999999915e+01,-7.656250000000053291e-02
5.490699999999999818e+03,6.853637695312500000e+01,3.062500000000012434e-02,1.548000000000000043e+01,-9.625000000000039080e-02
5.490800000000000182e+03,6.888427734375000000e+01,6.312499999999987566e-02,1.558999999999999986e+01,-3.828125000000959233e-03
5.490899999999999636e+03,6.853637695312500000e+01,1.562500000000000000e-02,1.544999999999999929e+01,-9.023437500000053291e-02
5.491000000000000000e+03,6.877441406250000000e+01,4.312499999999985789e-02,1.530749999999999922e+01,-6.398437500000042633e-02
5.491100000000000364e+03,6.807861328125000000e+01,3.812499999999996447e-02,1.544999999999999929e+01,-5.359375000000099476e-02
5.491199999999999818e+03,6.756591796875000000e+01,2.812499999999973355e-02,1.522000000000000064e+01,-7.492187500000024869e-02
5.491300000000000182e+03,6.800537109375000000e+01,4.562499999999980460e-02,1.543999999999999950e+01,-1.804687500000046185e-02
5.491399999999999636e+03,6.763916015625000000e+01,7.374999999999998224e-02,1.566000000000000014e+01,-6.398437500000042633e-02
5.491500000000000000e+03,6.767578125000000000e+01,3.312500000000007105e-02,1.533999999999999986e+01,2.078124999999975131e-02
5.491600000000000364e+03,6.705322265625000000e+01,5.062500000000014211e-02,1.566000000000000014e+01,-4.593750000000085265e-02
5.491699999999999818e+03,6.670532226562500000e+01,2.812499999999973355e-02,1.557000000000000028e+01,-6.289062500000053291e-02
5.491800000000000182e+03,6.707153320312500000e+01,8.124999999999982236e-02,1.562749999999999950e+01,-3.390625000000024869e-02
5.491899999999999636e+03,6.674194335937500000e+01,5.062500000000014211e-02,1.564000000000000057e+01,-4.921875000000852651e-03
5.492000000000000000e+03,6.615600585937500000e+01,3.062500000000012434e-02,1.560999999999999943e+01,-5.523437500000039080e-02
5.492100000000000364e+03,6.613769531250000000e+01,1.312500000000005329e-02,1.566000000000000014e+01,-4.046875000000049738e-02
5.492199999999999818e+03,6.577148437500000000e+01,4.062499999999991118e-02,1.539000000000000057e+01,5.468749999995026201e-04
5.492300000000000182e+03,6.619262695312500000e+01,5.062500000000014211e-02,1.525000000000000000e+01,-7.656250000001030287e-03
5.492399999999999636e+03,6.538696289062500000e+01,6.562499999999982236e-02,1.558999999999999986e+01,-5.960937500000085265e-02
5.492500000000000000e+03,6.518554687500000000e+01,1.562500000000000000e-02,1.533999999999999986e+01,-3.390625000000024869e-02
5.492600000000000364e+03,6.525878906250000000e+01,4.062499999999991118e-02,1.541000000000000014e+01,-5.304687500000060396e-02
5.492699999999999818e+03,6.487426757812500000e+01,6.812499999999976907e-02,1.553999999999999915e+01,-1.148437500000110134e-02
5.492800000000000182e+03,6.527709960937500000e+01,7.062500000000015987e-02,1.534999999999999964e+01,-1.804687500000046185e-02
5.492899999999999636e+03,6.419677734375000000e+01,2.062499999999989342e-02,1.557000000000000028e+01,-3.335937500000074607e-02
5.493000000000000000e+03,6.436157226562500000e+01,7.062500000000015987e-02,1.557499999999999929e+01,-4.375000000000106581e-02
5.493100000000000364e+03,6.443481445312500000e+01,2.562499999999978684e-02,1.561999999999999922e+01,-5.906250000000046185e-02
5.493199999999999818e+03,6.405029296875000000e+01,4.312499999999985789e-02,1.561999999999999922e+01,-3.390625000000024869e-02
5.493300000000000182e+03,6.390380859375000000e+01,3.812499999999996447e-02,1.531749999999999901e+01,1.039062499999943157e-02
5.493399999999999636e+03,6.333618164062500000e+01,2.812499999999973355e-02,1.543999999999999950e+01,-2.460937500000071054e-02
5.493500000000000000e+03,6.355590820312500000e+01,3.812499999999996447e-02,1.553999999999999915e+01,-4.375000000000106581e-02
5.493600000000000364e+03,6.361083984375000000e+01,4.312499999999985789e-02,1.547000000000000064e+01,3.828124999999182876e-03
5.493699999999999818e+03,6.317138671875000000e+01,4.562499999999980460e-02,1.548000000000000043e+01,-9.570312500000088818e-02
5.493800000000000182e+03,6.287841796875000000e+01,5.312500000000008882e-02,1.542750000000000021e+01,-4.976562500000092371e-02
5.493899999999999636e+03,6.254882812500000000e+01,3.812499999999996447e-02,1.558999999999999986e+01,-5.468750000000088818e-02
5.494000000000000000e+03,6.273193359375000000e+01,3.562500000000001776e-02,1.553749999999999964e+01,-1.257812500000099476e-02
5.494100000000000364e+03,6.280517578125000000e+01,5.062500000000014211e-02,1.557000000000000028e+01,1.804687499999957367e-02
5.494199999999999818e+03,6.179809570312500000e+01,5.624999999999769074e-03,1.560999999999999943e+01,-2.734375000000088818e-02
5.494300000000000182e+03,6.205444335937500000e+01,3.312500000000007105e-02,1.548000000000000043e+01,-2.187500000000675016e-03
5.494399999999999636e+03,6.176147460937500000e+01,6.812499999999976907e-02,1.539000000000000057e+01,-4.210937500000078160e-02
5.494500000000000000e+03,6.190795898437500000e+01,3.562500000000001776e-02,1.560999999999999943e+01,-8.859375000000024869e-02
5.494600000000000364e+03,6.172485351562500000e+01,4.812499999999975131e-02,1.572000000000000064e+01,-7.054687500000067502e-02
5.494699999999999818e+03,6.101074218750000000e+01,2.312499999999984013e-02,1.573000000000000043e+01,-5.742187500000106581e-02
5.494800000000000182e+03,6.134033203125000000e+01,6.812499999999976907e-02,1.560749999999999993e+01,-6.671875000000060396e-02
5.494899999999999636e+03,6.108398437500000000e+01,5.562500000000003553e-02,1.576999999999999957e+01,-1.367187500000088818e-02
5.495000000000000000e+03,6.121215820312500000e+01,4.312499999999985789e-02,1.558999999999999986e+01,-3.281250000000568434e-03
5.495100000000000364e+03,6.057128906250000000e+01,5.062500000000014211e-02,1.550000000000000000e+01,-4.593750000000085265e-02
5.495199999999999818e+03,6.015014648437500000e+01,4.062499999999991118e-02,1.560999999999999943e+01,-5.031250000000042633e-02
5.495300000000000182e+03,6.053466796875000000e+01,5.812499999999998224e-02,1.527999999999999936e+01,5.140624999999943157e-02
5.495399999999999636e+03,6.027832031250000000e+01,1.812499999999994671e-02,1.558000000000000007e+01,-6.343750000000092371e-02
5.495500000000000000e+03,6.002197265625000000e+01,5.312500000000008882e-02,1.548000000000000043e+01,-4.812500000000063949e-02
5.495600000000000364e+03,5.982055664062500000e+01,3.812499999999996447e-02,1.550750000000000028e+01,-6.617187500000110134e-02
5.495699999999999818e+03,5.949096679687500000e+01,6.812499999999976907e-02,1.542999999999999972e+01,-4.593750000000085265e-02
5.495800000000000182e+03,5.987548828125000000e+01,5.062500000000014211e-02,1.548000000000000043e+01,-3.718750000000081712e-02
5.495899999999999636e+03,5.958251953125000000e+01,7.562500000000005329e-02,1.551999999999999957e+01,-1.640625000000106581e-02
5.496000000000000000e+03,5.906982421875000000e+01,3.062500000000012434e-02,1.533999999999999986e+01,3.007812499999928946e-02
5.496100000000000364e+03,5.910644531250000000e+01,4.312499999999985789e-02,1.566000000000000014e+01,1.257812499999921840e-02
5.496199999999999818e+03,5.881347656250000000e+01,7.812500000000000000e-02,1.518999999999999950e+01,-3.937500000000060396e-02
5.496300000000000182e+03,5.916137695312500000e+01,3.062500000000012434e-02,1.541750000000000043e+01,1.093749999999005240e-03
5.496399999999999636e+03,5.831909179687500000e+01,2.562499999999978684e-02,1.542999999999999972e+01,-7.875000000000031974e-02
5.496500000000000000e+03,5.833740234375000000e+01,1.312500000000005329e-02,1.551999999999999957e+01,-4.320312500000067502e-02
5.496600000000000364e+03,5.841064453125000000e+01,3.812499999999996447e-02,1.547000000000000064e+01,-4.265625000000028422e-02
5.496699999999999818e+03,5.806274414062500000e+01,7.312500000000010658e-02,1.554749999999999943e+01,-2.187500000000053291e-02
5.496800000000000182e+03,5.826416015625000000e+01,1.574999999999997513e-01,1.545999999999999908e+01,-3.335937500000074607e-02
5.496899999999999636e+03,5.751342773437500000e+01,1.524999999999998579e-01,1.561999999999999922e+01,2.187499999998898659e-03
5.497000000000000000e+03,5.762329101562500000e+01,1.074999999999999289e-01,1.541000000000000014e+01,-8.203125000000532907e-03
5.497100000000000364e+03,5.771484375000000000e+01,3.312500000000007105e-02,1.543999999999999950e+01,-5.523437500000039080e-02
5.497199999999999818e+03,5.736694335937500000e+01,4.312499999999985789e-02,1.558999999999999986e+01,-6.562500000000071054e-02
5.497300000000000182e+03,5.709228515625000000e+01,2.812499999999973355e-02,1.565000000000000036e+01,-7.546875000000063949e-02
5.497399999999999636e+03,5.676269531250000000e+01,7.812500000000000000e-02,1.549000000000000021e+01,-7.109375000000639488e-03
5.497500000000000000e+03,5.694580078125000000e+01,5.312500000000008882e-02,1.562999999999999901e+01,-6.179687500000063949e-02
5.497600000000000364e+03,5.698242187500000000e+01,4.812499999999975131e-02,1.560999999999999943e+01,-7.109375000000639488e-03
5.497699999999999818e+03,5.634155273437500000e+01,2.312499999999984013e-02,1.564749999999999908e+01,-2.078125000000063949e-02
5.497800000000000182e+03,5.643310546875000000e+01,4.562499999999980460e-02,1.550999999999999979e+01,-7.437500000000074607e-02
5.497899999999999636e+03,5.617675781250000000e+01,5.312500000000008882e-02,1.543999999999999950e+01,-3.281250000000035527e-02
5.498000000000000000e+03,5.630493164062500000e+01,5.562500000000003553e-02,1.568999999999999950e+01,-4.375000000000461853e-03
5.498100000000000364e+03,5.639648437500000000e+01,6.062499999999992895e-02,1.557000000000000028e+01,-5.632812500000028422e-02
5.498199999999999818e+03,5.544433593750000000e+01,4.812499999999975131e-02,1.541000000000000014e+01,-9.296875000000426326e-03
5.498300000000000182e+03,5.575561523437500000e+01,4.312499999999985789e-02,1.543999999999999950e+01,-4.757812500000024869e-02
5.498399999999999636e+03,5.548095703125000000e+01,3.812499999999996447e-02,1.566750000000000043e+01,-7.054687500000067502e-02
5.498500000000000000e+03,5.566406250000000000e+01,8.062499999999994671e-02,1.550999999999999979e+01,-5.085937500000081712e-02
5.498600000000000364e+03,5.524291992187500000e+01,6.312499999999987566e-02,1.568999999999999950e+01,-4.703125000000074607e-02
5.498699999999999818e+03,5.476684570312500000e+01,2.562499999999978684e-02,1.550000000000000000e+01,5.468749999999467093e-03
5.498800000000000182e+03,5.511474609375000000e+01,6.812499999999976907e-02,1.567999999999999972e+01,-6.562500000000248690e-03
5.498899999999999636e+03,5.487670898437500000e+01,3.312500000000007105e-02,1.535749999999999993e+01,-9.296875000000426326e-03
5.499000000000000000e+03,5.494995117187500000e+01,6.062499999999992895e-02,1.536999999999999922e+01,-5.468750000000088818e-02
5.499100000000000364e+03,5.452880859375000000e+01,7.062500000000015987e-02,1.533000000000000007e+01,-7.109375000000639488e-03
5.499199999999999818e+03,5.416259765625000000e+01,8.124999999999715783e-03,1.558000000000000007e+01,-3.335937500000074607e-02
5.499300000000000182e+03,5.452880859375000000e+01,3.312500000000007105e-02,1.550000000000000000e+01,-2.570312500000060396e-02
5.499399999999999636e+03,5.427246093750000000e+01,2.312499999999984013e-02,1.540000000000000036e+01,-7.546875000000063949e-02
5.499500000000000000e+03,5.388793945312500000e+01,8.062499999999994671e-02,1.562999999999999901e+01,1.093749999999005240e-03
5.499600000000000364e+03,5.388793945312500000e+01,4.312499999999985789e-02,1.536749999999999972e+01,-6.070312500000074607e-02
5.499699999999999818e+03,5.357666015625000000e+01,5.562500000000003553e-02,1.533999999999999986e+01,-4.648437500000035527e-02
5.499800000000000182e+03,5.392456054687500000e+01,6.062499999999992895e-02,1.558000000000000007e+01,-4.703125000000074607e-02
5.499899999999999636e+03,5.344848632812500000e+01,2.312499999999984013e-02,1.547000000000000064e+01,-4.429687500000056843e-02
5.500000000000000000e+03,5.319213867187500000e+01,5.812499999999998224e-02,1.533750000000000036e+01,-3.937500000000060396e-02
5.500100000000000364e+03,5.330200195312500000e+01,3.312500000000007105e-02,1.550000000000000000e+01,-4.320312500000067502e-02
5.500199999999999818e+03,5.299072265625000000e+01,5.312500000000008882e-02,1.549000000000000021e+01,-3.828125000000071054e-02
5.500300000000000182e+03,5.332031250000000000e+01,6.812499999999976907e-02,1.548749999999999893e+01,-2.679687500000049738e-02
5.500399999999999636e+03,5.264282226562500000e+01,6.062499999999992895e-02,1.546499999999999986e+01,-5.796875000000056843e-02
5.500500000000000000e+03,5.275268554687500000e+01,4.312499999999985789e-02,1.545999999999999908e+01,-3.171875000000046185e-02
5.500600000000000364e+03,5.278930664062500000e+01,5.312500000000008882e-02,1.550750000000000028e+01,-1.531250000000028422e-02
5.500699999999999818e+03,5.253295898437500000e+01,3.312500000000007105e-02,1.549000000000000021e+01,-7.492187500000024869e-02
5.500800000000000182e+03,5.277099609375000000e+01,4.812499999999975131e-02,1.565000000000000036e+01,1.257812499999921840e-02
5.500899999999999636e+03,5.247802734375000000e+01,1.812499999999994671e-02,1.557750000000000057e+01,-3.773437500000031974e-02
5.501000000000000000e+03,5.262451171875000000e+01,4.562499999999980460e-02,1.522749999999999915e+01,1.640624999999396039e-03
5.501100000000000364e+03,5.269775390625000000e+01,5.812499999999998224e-02,1.558000000000000007e+01,7.109374999999751310e-03
5.501199999999999818e+03,5.238647460937500000e+01,2.062499999999989342e-02,1.543999999999999950e+01,-2.515625000000110134e-02
5.501300000000000182e+03,5.267944335937500000e+01,2.500000000000000000e-01,1.560999999999999943e+01,-6.562500000000248690e-03
5.501399999999999636e+03,5.247802734375000000e+01,2.930000000000000160e+00,1.550999999999999979e+01,1.549625000000000163e+01
5.501500000000000000e+03,5.260620117187500000e+01,3.000000000000000000e+00,1.550000000000000000e+01,1.544265625000000064e+01
5.501600000000000364e+03,5.269775390625000000e+01,2.959999999999999964e+00,1.558750000000000036e+01,1.550937500000000036e+01
5.501699999999999818e+03,5.262451171875000000e+01,2.935000000000000053e+00,1.561999999999999922e+01,1.549023437500000000e+01
5.501800000000000182e+03,5.302734375000000000e+01,3.012500000000000178e+00,1.528749999999999964e+01,1.547164062500000092e+01
5.501899999999999636e+03,5.277099609375000000e+01,2.997500000000000053e+00,1.570999999999999908e+01,1.547328125000000121e+01
5.502000000000000000e+03,5.293579101562500000e+01,2.997500000000000053e+00,1.565000000000000036e+01,1.547984375000000057e+01
5.502100000000000364e+03,5.357666015625000000e+01,3.004999999999999893e+00,1.556000000000000050e+01,1.548421875000000014e+01
5.502199999999999818e+03,5.441894531250000000e+01,3.022499999999999964e+00,1.553999999999999915e+01,1.550226562500000149e+01
5.502300000000000182e+03,5.476684570312500000e+01,3.040000000000000036e+00,1.562999999999999901e+01,1.552523437500000014e+01
5.502399999999999636e+03,5.456542968750000000e+01,3.044999999999999929e+00,1.561749999999999972e+01,1.545140625000000156e+01
5.502500000000000000e+03,5.471191406250000000e+01,3.040000000000000036e+00,1.550999999999999979e+01,1.545960937500000121e+01
5.502600000000000364e+03,5.745849609375000000e+01,3.157500000000000195e+00,1.564749999999999908e+01,1.549460937500000135e+01
5.502699999999999818e+03,5.744018554687500000e+01,3.055000000000000160e+00,1.549000000000000021e+01,1.546507812500000156e+01
5.502800000000000182e+03,5.782470703125000000e+01,3.077500000000000124e+00,1.558000000000000007e+01,1.546945312500000114e+01
5.502899999999999636e+03,5.758666992187500000e+01,3.075000000000000178e+00,1.559999999999999964e+01,1.543117187500000043e+01
5.503000000000000000e+03,6.007690429687500000e+01,3.057500000000000107e+00,1.545999999999999908e+01,1.546398437500000078e+01
5.503100000000000364e+03,6.183471679687500000e+01,3.097500000000000142e+00,1.576999999999999957e+01,1.547820312500000028e+01
5.503199999999999818e+03,6.157836914062500000e+01,3.122500000000000053e+00,1.557750000000000057e+01,1.544320312500000014e+01
5.503300000000000182e+03,6.194458007812500000e+01,3.084999999999999964e+00,1.576249999999999929e+01,1.547875000000000156e+01
5.503399999999999636e+03,6.163330078125000000e+01,3.104999999999999982e+00,1.547749999999999915e+01,1.545414062500000085e+01
5.503500000000000000e+03,6.580810546875000000e+01,3.134999999999999787e+00,1.540000000000000036e+01,1.544812500000000099e+01
5.503600000000000364e+03,6.608276367187500000e+01,3.107499999999999929e+00,1.558750000000000036e+01,1.550007812499999993e+01
5.503699999999999818e+03,6.580810546875000000e+01,3.122500000000000053e+00,1.558999999999999986e+01,1.545687500000000014e+01
5.503800000000000182e+03,6.619262695312500000e+01,3.125000000000000000e+00,1.557750000000000057e+01,1.540710937500000099e+01
5.503899999999999636e+03,6.848144531250000000e+01,3.149999999999999911e+00,1.560749999999999993e+01,1.546453125000000028e+01
5.504000000000000000e+03,6.943359375000000000e+01,3.177500000000000213e+00,1.558999999999999986e+01,1.545195312500000107e+01
5.504100000000000364e+03,6.950683593750000000e+01,3.165000000000000036e+00,1.554999999999999893e+01,1.547656250000000000e+01
5.504199999999999818e+03,6.919555664062500000e+01,3.187500000000000000e+00,1.571499999999999986e+01,1.552687500000000043e+01
5.504300000000000182e+03,7.040405273437500000e+01,3.194999999999999840e+00,1.567999999999999972e+01,1.551265625000000092e+01
5.504399999999999636e+03,7.221679687500000000e+01,3.212499999999999911e+00,1.567999999999999972e+01,1.552140625000000007e+01
5.504500000000000000e+03,7.252807617187500000e+01,3.209999999999999964e+00,1.543999999999999950e+01,1.543664062500000078e+01
5.504600000000000364e+03,7.261962890625000000e+01,3.217499999999999805e+00,1.549000000000000021e+01,1.548914062500000099e+01
5.504699999999999818e+03,7.227172851562500000e+01,3.127499999999999947e+00,1.559750000000000014e+01,1.543281250000000071e+01
5.504800000000000182e+03,7.509155273437500000e+01,3.227500000000000036e+00,1.550999999999999979e+01,1.549460937500000135e+01
5.504899999999999636e+03,7.500000000000000000e+01,3.180000000000000160e+00,1.548000000000000043e+01,1.545906249999999993e+01
5.505000000000000000e+03,7.529296875000000000e+01,3.247500000000000053e+00,1.568999999999999950e+01,1.545960937500000121e+01
5.505100000000000364e+03,7.529296875000000000e+01,3.257499999999999840e+00,1.553749999999999964e+01,1.542296875000000078e+01
5.505199999999999818e+03,7.644653320312500000e+01,3.267500000000000071e+00,1.533750000000000036e+01,1.546781250000000085e+01
5.505300000000000182e+03,7.789306640625000000e+01,3.250000000000000000e+00,1.556749999999999901e+01,1.544921875000000000e+01
5.505399999999999636e+03,7.745361328125000000e+01,3.259999999999999787e+00,1.531000000000000050e+01,1.550281250000000099e+01
5.505500000000000000e+03,7.780151367187500000e+01,3.277499999999999858e+00,1.545999999999999908e+01,1.545632812500000064e+01
5.505600000000000364e+03,7.783813476562500000e+01,3.280000000000000249e+00,1.533999999999999986e+01,1.551101562500000064e+01
5.505699999999999818e+03,7.968750000000000000e+01,3.247500000000000053e+00,1.551999999999999957e+01,1.547000000000000064e+01
5.505800000000000182e+03,8.020019531250000000e+01,3.262500000000000178e+00,1.548000000000000043e+01,1.547710937500000128e+01
5.505899999999999636e+03,7.979736328125000000e+01,3.310000000000000053e+00,1.551999999999999957e+01,1.550554687500000028e+01
5.506000000000000000e+03,8.010864257812500000e+01,3.302500000000000213e+00,1.562999999999999901e+01,1.544320312500000014e+01
5.506100000000000364e+03,8.186645507812500000e+01,3.287500000000000089e+00,1.532750000000000057e+01,1.545031250000000078e+01
5.506199999999999818e+03,8.193969726562500000e+01,3.339999999999999858e+00,1.533000000000000007e+01,1.552960937500000149e+01
5.506300000000000182e+03,8.245239257812500000e+01,3.337499999999999911e+00,1.549000000000000021e+01,1.544320312500000014e+01
5.506399999999999636e+03,8.197631835937500000e+01,3.280000000000000249e+00,1.545999999999999908e+01,1.548585937500000043e+01
5.506500000000000000e+03,8.283691406250000000e+01,3.352500000000000036e+00,1.546749999999999936e+01,1.543609375000000128e+01
5.506600000000000364e+03,8.422851562500000000e+01,3.319999999999999840e+00,1.560999999999999943e+01,1.542296875000000078e+01
5.506699999999999818e+03,8.399047851562500000e+01,3.330000000000000071e+00,1.548000000000000043e+01,1.546945312500000114e+01
5.506800000000000182e+03,8.442993164062500000e+01,3.314999999999999947e+00,1.545999999999999908e+01,1.548421875000000014e+01
5.506899999999999636e+03,8.395385742187500000e+01,3.354999999999999982e+00,1.551999999999999957e+01,1.550445312500000128e+01
5.507000000000000000e+03,8.605957031250000000e+01,3.372500000000000053e+00,1.560999999999999943e+01,1.549953125000000043e+01
5.507100000000000364e+03,8.629760742187500000e+01,3.357499999999999929e+00,1.551999999999999957e+01,1.544812500000000099e+01
5.507199999999999818e+03,8.598632812500000000e+01,3.410000000000000142e+00,1.550999999999999979e+01,1.544265625000000064e+01
5.507300000000000182e+03,8.637084960937500000e+01,3.390000000000000124e+00,1.552749999999999986e+01,1.546179687500000099e+01
5.507399999999999636e+03,8.708496093750000000e+01,3.432500000000000107e+00,1.533999999999999986e+01,1.546726562500000135e+01
5.507500000000000000e+03,8.818359375000000000e+01,3.839999999999999858e+00,1.570749999999999957e+01,1.549843750000000142e+01
5.507600000000000364e+03,8.822021484375000000e+01,3.387500000000000178e+00,1.544999999999999929e+01,1.552304687500000036e+01
5.507699999999999818e+03,8.787231445312500000e+01,3.417499999999999982e+00,1.565000000000000036e+01,1.546835937500000036e+01
5.507800000000000182e+03,8.834838867187500000e+01,3.442499999999999893e+00,1.564000000000000057e+01,1.544593750000000121e+01
5.507899999999999636e+03,8.963012695312500000e+01,3.419999999999999929e+00,1.553999999999999915e+01,1.548531250000000092e+01
5.508000000000000000e+03,9.014282226562500000e+01,3.482499999999999929e+00,1.544999999999999929e+01,1.549953125000000043e+01
5.508100000000000364e+03,9.010620117187500000e+01,3.457500000000000018e+00,1.559999999999999964e+01,1.543390625000000149e+01
5.508199999999999818e+03,8.977661132812500000e+01,3.455000000000000071e+00,1.553999999999999915e+01,1.546617187500000057e+01
5.508300000000000182e+03,9.169921875000000000e+01,3.459999999999999964e+00,1.551999999999999957e+01,1.544812500000000099e+01
5.508399999999999636e+03,9.151611328125000000e+01,3.487499999999999822e+00,1.543750000000000000e+01,1.549679687500000114e+01
5.508500000000000000e+03,9.193725585937500000e+01,3.437500000000000000e+00,1.533000000000000007e+01,1.546835937500000036e+01
5.508600000000000364e+03,9.193725585937500000e+01,3.479999999999999982e+00,1.553999999999999915e+01,1.550281250000000099e+01
5.508699999999999818e+03,9.212036132812500000e+01,3.495000000000000107e+00,1.552999999999999936e+01,1.549734375000000064e+01
5.508800000000000182e+03,9.373168945312500000e+01,3.462499999999999911e+00,1.541000000000000014e+01,1.548531250000000092e+01
5.508899999999999636e+03,9.321899414062500000e+01,3.517500000000000071e+00,1.561999999999999922e+01,1.548148437500000085e+01
5.509000000000000000e+03,9.365844726562500000e+01,3.484999999999999876e+00,1.553999999999999915e+01,1.550226562500000149e+01
5.509100000000000364e+03,9.364013671875000000e+01,3.522499999999999964e+00,1.551999999999999957e+01,1.548476562500000142e+01
5.509199999999999818e+03,9.490356445312500000e+01,3.500000000000000000e+00,1.587500000000000000e+01,1.548585937500000043e+01
5.509300000000000182e+03,9.556274414062500000e+01,3.530000000000000249e+00,1.542499999999999893e+01,1.547218750000000043e+01
5.509399999999999636e+03,9.505004882812500000e+01,3.522499999999999964e+00,1.561999999999999922e+01,1.545578125000000114e+01
5.509500000000000000e+03,9.545288085937500000e+01,3.527499999999999858e+00,1.557000000000000028e+01,1.548695312500000121e+01
5.509600000000000364e+03,9.645996093750000000e+01,3.570000000000000284e+00,1.588499999999999979e+01,1.548367187500000064e+01
5.509699999999999818e+03,9.675292968750000000e+01,3.517500000000000071e+00,1.534999999999999964e+01,1.551593750000000149e+01
5.509800000000000182e+03,9.728393554687500000e+01,3.540000000000000036e+00,1.547000000000000064e+01,1.547109375000000142e+01
5.509899999999999636e+03,9.671630859375000000e+01,3.594999999999999751e+00,1.541000000000000014e+01,1.549953125000000043e+01
5.510000000000000000e+03,9.715576171875000000e+01,3.567499999999999893e+00,1.545999999999999908e+01,1.541695312500000092e+01
5.510100000000000364e+03,9.873046875000000000e+01,3.547499999999999876e+00,1.557000000000000028e+01,1.548804687500000021e+01
5.510199999999999818e+03,9.849243164062500000e+01,3.567499999999999893e+00,1.534750000000000014e+01,1.548804687500000021e+01
5.510300000000000182e+03,9.898681640625000000e+01,3.580000000000000071e+00,1.543999999999999950e+01,1.546671875000000007e+01
5.510399999999999636e+03,9.840087890625000000e+01,3.600000000000000089e+00,1.544999999999999929e+01,1.547546875000000099e+01
5.510500000000000000e+03,1.001403808593750000e+02,3.592500000000000249e+00,1.550999999999999979e+01,1.547164062500000092e+01
5.510600000000000364e+03,1.003784179687500000e+02,3.612499999999999822e+00,1.550999999999999979e+01,1.546289062500000000e+01
5.510699999999999818e+03,1.001220703125000000e+02,3.587499999999999911e+00,1.554999999999999893e+01,1.541914062500000071e+01
5.510800000000000182e+03,1.005798339843750000e+02,3.607499999999999929e+00,1.535999999999999943e+01,1.547437500000000021e+01
5.510899999999999636e+03,1.004882812500000000e+02,3.587499999999999911e+00,1.554999999999999893e+01,1.541968750000000021e+01
5.511000000000000000e+03,1.021545410156250000e+02,3.647499999999999964e+00,1.552749999999999986e+01,1.546453125000000028e+01
5.511100000000000364e+03,1.021179199218750000e+02,3.627499999999999947e+00,1.537749999999999950e+01,1.546507812500000156e+01
5.511199999999999818e+03,1.017883300781250000e+02,3.655000000000000249e+00,1.540000000000000036e+01,1.547273437499999993e+01
5.511300000000000182e+03,1.023193359375000000e+02,3.665000000000000036e+00,1.554999999999999893e+01,1.551867187500000078e+01
5.511399999999999636e+03,1.031616210937500000e+02,3.660000000000000142e+00,1.559750000000000014e+01,1.551703125000000050e+01
5.511500000000000000e+03,1.037658691406250000e+02,3.689999999999999947e+00,1.531000000000000050e+01,1.545195312500000107e+01
5.511600000000000364e+03,1.037109375000000000e+02,3.702500000000000124e+00,1.539000000000000057e+01,1.545359375000000135e+01
5.511699999999999818e+03,1.033996582031250000e+02,3.680000000000000160e+00,1.574000000000000021e+01,1.542679687500000085e+01
5.511800000000000182e+03,1.049560546875000000e+02,3.695000000000000284e+00,1.552999999999999936e+01,1.551429687500000121e+01
5.511899999999999636e+03,1.049743652343750000e+02,3.705000000000000071e+00,1.548000000000000043e+01,1.551703125000000050e+01
5.512000000000000000e+03,1.054687500000000000e+02,3.722500000000000142e+00,1.536999999999999922e+01,1.549679687500000114e+01
5.512100000000000364e+03,1.053771972656250000e+02,3.770000000000000018e+00,1.556000000000000050e+01,1.546289062500000000e+01
5.512199999999999818e+03,1.051940917968750000e+02,3.740000000000000213e+00,1.564000000000000057e+01,1.549898437500000092e+01
5.512300000000000182e+03,1.071350097656250000e+02,3.772499999999999964e+00,1.548749999999999893e+01,1.549843750000000142e+01
5.512399999999999636e+03,1.066040039062500000e+02,3.424999999999999822e+00,1.535999999999999943e+01,1.546781250000000085e+01
5.512500000000000000e+03,1.071166992187500000e+02,3.750000000000000000e+00,1.533000000000000007e+01,1.547984375000000057e+01
5.512600000000000364e+03,1.070068359375000000e+02,3.757500000000000284e+00,1.552999999999999936e+01,1.544757812500000149e+01
5.512699999999999818e+03,1.081237792968750000e+02,3.802500000000000213e+00,1.561999999999999922e+01,1.546234375000000050e+01
5.512800000000000182e+03,1.089294433593750000e+02,3.802500000000000213e+00,1.551999999999999957e+01,1.548585937500000043e+01
5.512899999999999636e+03,1.083435058593750000e+02,3.797499999999999876e+00,1.556000000000000050e+01,1.548859375000000149e+01
5.513000000000000000e+03,1.088378906250000000e+02,3.825000000000000178e+00,1.577999999999999936e+01,1.549351562500000057e+01
5.513100000000000364e+03,1.094055175781250000e+02,3.977500000000000036e+00,1.551999999999999957e+01,1.552031250000000107e+01
5.513199999999999818e+03,1.100830078125000000e+02,3.865000000000000213e+00,1.523000000000000043e+01,1.558429687500000149e+01
5.513300000000000182e+03,1.106506347656250000e+02,3.859999999999999876e+00,1.559999999999999964e+01,1.547710937500000128e+01
5.513399999999999636e+03,1.099914550781250000e+02,3.867500000000000160e+00,1.559999999999999964e+01,1.546562500000000107e+01
5.513500000000000000e+03,1.105224609375000000e+02,3.897499999999999964e+00,1.558000000000000007e+01,1.547382812500000071e+01
5.513600000000000364e+03,1.119140625000000000e+02,3.895000000000000018e+00,1.544999999999999929e+01,1.547984375000000057e+01
5.513699999999999818e+03,1.118408203125000000e+02,3.879999999999999893e+00,1.567999999999999972e+01,1.546890625000000163e+01
5.513800000000000182e+03,1.123168945312500000e+02,3.902499999999999858e+00,1.562999999999999901e+01,1.543718750000000028e+01
5.513899999999999636e+03,1.116943359375000000e+02,3.972500000000000142e+00,1.549000000000000021e+01,1.545359375000000135e+01
5.514000000000000000e+03,1.134521484375000000e+02,3.977500000000000036e+00,1.539000000000000057e+01,1.545796875000000092e+01
5.514100000000000364e+03,1.137817382812500000e+02,3.990000000000000213e+00,1.568999999999999950e+01,1.543117187500000043e+01
5.514199999999999818e+03,1.135620117187500000e+02,3.962499999999999911e+00,1.549000000000000021e+01,1.548421875000000014e+01
5.514300000000000182e+03,1.139282226562500000e+02,3.922499999999999876e+00,1.544999999999999929e+01,1.549187500000000028e+01
5.514399999999999636e+03,1.136169433593750000e+02,3.992500000000000160e+00,1.547000000000000064e+01,1.550609375000000156e+01
5.514500000000000000e+03,1.155761718750000000e+02,4.030000000000000249e+00,1.547000000000000064e+01,1.544210937500000114e+01
5.514600000000000364e+03,1.155029296875000000e+02,4.040000000000000036e+00,1.543750000000000000e+01,1.548039062500000007e+01
5.514699999999999818e+03,1.152465820312500000e+02,4.052500000000000213e+00,1.545999999999999908e+01,1.544703125000000021e+01
5.514800000000000182e+03,1.157775878906250000e+02,4.067499999999999893e+00,1.560999999999999943e+01,1.545796875000000092e+01
5.514899999999999636e+03,1.165100097656250000e+02,4.102500000000000036e+00,1.537999999999999901e+01,1.545796875000000092e+01
5.515000000000000000e+03,1.173522949218750000e+02,4.097500000000000142e+00,1.557000000000000028e+01,1.549515625000000085e+01
5.515100000000000364e+03,1.171508789062500000e+02,4.102500000000000036e+00,1.561999999999999922e+01,1.546507812500000156e+01
5.515199999999999818e+03,1.169494628906250000e+02,4.097500000000000142e+00,1.533999999999999986e+01,1.543554687500000000e+01
5.515300000000000182e+03,1.183959960937500000e+02,4.147499999999999964e+00,1.554999999999999893e+01,1.544375000000000142e+01
5.515399999999999636e+03,1.185424804687500000e+02,4.157499999999999751e+00,1.550999999999999979e+01,1.546507812500000156e+01
5.515500000000000000e+03,1.191650390625000000e+02,4.152499999999999858e+00,1.550999999999999979e+01,1.556734375000000092e+01
5.515600000000000364e+03,1.189636230468750000e+02,4.155000000000000249e+00,1.561999999999999922e+01,1.544046875000000085e+01
5.515699999999999818e+03,1.187438964843750000e+02,4.185000000000000497e+00,1.544999999999999929e+01,1.549625000000000163e+01
5.515800000000000182e+03,1.210144042968750000e+02,4.214999999999999858e+00,1.551999999999999957e+01,1.546617187500000057e+01
5.515899999999999636e+03,1.204833984375000000e+02,4.262500000000000178e+00,1.551999999999999957e+01,1.545031250000000078e+01
5.516000000000000000e+03,1.210693359375000000e+02,4.252499999999999503e+00,1.544749999999999979e+01,1.541476562500000114e+01
5.516100000000000364e+03,1.209045410156250000e+02,4.289374999999999716e+00,1.556000000000000050e+01,1.546507812500000156e+01
5.516199999999999818e+03,1.214538574218750000e+02,4.269375000000000142e+00,1.535749999999999993e+01,1.552687500000000043e+01
5.516300000000000182e+03,1.221313476562500000e+02,4.301874999999999893e+00,1.550999999999999979e+01,1.546617187500000057e+01
5.516399999999999636e+03,1.215087890625000000e+02,4.306874999999999787e+00,1.532000000000000028e+01,1.549898437500000092e+01
5.516500000000000000e+03,1.220764160156250000e+02,4.325000000000000178e+00,1.537999999999999901e+01,1.546453125000000028e+01
5.516600000000000364e+03,1.218933105468750000e+02,4.312499999999985789e-02,1.558999999999999986e+01,-7.000000000000028422e-02
5.516699999999999818e+03,1.216918945312500000e+02,3.124999999999822364e-03,1.560999999999999943e+01,-6.617187500000110134e-02
5.516800000000000182e+03,1.221496582031250000e+02,3.062500000000012434e-02,1.551999999999999957e+01,-2.515625000000110134e-02
5.516899999999999636e+03,1.215270996093750000e+02,5.562500000000003553e-02,1.550000000000000000e+01,-4.593750000000085265e-02
5.517000000000000000e+03,1.220397949218750000e+02,3.562500000000001776e-02,1.558000000000000007e+01,-3.937500000000060396e-02
5.517100000000000364e+03,1.219116210937500000e+02,3.062500000000012434e-02,1.556000000000000050e+01,-6.179687500000063949e-02
5.517199999999999818e+03,1.216552734375000000e+02,6.812499999999976907e-02,1.549000000000000021e+01,-4.375000000000106581e-02
5.517300000000000182e+03,1.221496582031250000e+02,5.812499999999998224e-02,1.544999999999999929e+01,-4.648437500000035527e-02
5.517399999999999636e+03,1.214721679687500000e+02,2.062499999999989342e-02,1.543999999999999950e+01,-4.703125000000074607e-02
5.517500000000000000e+03,1.215270996093750000e+02,2.312499999999984013e-02,1.573000000000000043e+01,-1.585937500000067502e-02
5.517600000000000364e+03,1.210327148437500000e+02,6.062499999999992895e-02,1.581499999999999950e+01,-5.414062500000049738e-02
5.517699999999999818e+03,1.207946777343750000e+02,3.812499999999996447e-02,1.550000000000000000e+01,-4.375000000000461853e-03
5.517800000000000182e+03,1.213073730468750000e+02,5.562500000000003553e-02,1.544999999999999929e+01,1.585937499999889866e-02
5.517899999999999636e+03,1.206115722656250000e+02,2.812499999999973355e-02,1.553999999999999915e+01,-2.734375000001065814e-03
5.518000000000000000e+03,1.188903808593750000e+02,6.312499999999987566e-02,1.539000000000000057e+01,-3.390625000000024869e-02
5.518100000000000364e+03,1.185791015625000000e+02,1.250000000000000000e-01,1.551999999999999957e+01,-5.687500000000067502e-02
5.518199999999999818e+03,1.183227539062500000e+02,6.312499999999987566e-02,1.551999999999999957e+01,-3.390625000000024869e-02
5.518300000000000182e+03,1.188537597656250000e+02,6.312499999999987566e-02,1.550999999999999979e+01,-3.117187500000095923e-02
5.518399999999999636e+03,1.152465820312500000e+02,5.562500000000003553e-02,1.552749999999999986e+01,-6.562500000000071054e-02
5.518500000000000000e+03,1.151000976562500000e+02,5.062500000000014211e-02,1.566999999999999993e+01,-4.265625000000028422e-02
5.518600000000000364e+03,1.149536132812500000e+02,2.562499999999978684e-02,1.568999999999999950e+01,3.281249999999680256e-03
5.518699999999999818e+03,1.146789550781250000e+02,4.312499999999985789e-02,1.549000000000000021e+01,-6.617187500000110134e-02
5.518800000000000182e+03,1.137817382812500000e+02,4.062499999999991118e-02,1.570999999999999908e+01,-4.265625000000028422e-02
5.518899999999999636e+03,1.104858398437500000e+02,4.812499999999975131e-02,1.566000000000000014e+01,1.367187499999911182e-02
5.519000000000000000e+03,1.107971191406250000e+02,1.812499999999994671e-02,1.553999999999999915e+01,-3.554687500000053291e-02
5.519100000000000364e+03,1.107238769531250000e+02,3.312500000000007105e-02,1.556749999999999901e+01,-6.617187500000110134e-02
5.519199999999999818e+03,1.103759765625000000e+02,6.312499999999987566e-02,1.540750000000000064e+01,-1.968750000000074607e-02
5.519300000000000182e+03,1.078491210937500000e+02,1.562500000000000000e-02,1.559999999999999964e+01,-3.609375000000092371e-02
5.519399999999999636e+03,1.069519042968750000e+02,6.312499999999987566e-02,1.528999999999999915e+01,-2.625000000000099476e-02
5.519500000000000000e+03,1.074279785156250000e+02,6.062499999999992895e-02,1.540000000000000036e+01,-3.445312500000063949e-02
5.519600000000000364e+03,1.073730468750000000e+02,5.500000000000015987e-02,1.558999999999999986e+01,-3.882812500000110134e-02
5.519699999999999818e+03,1.051391601562500000e+02,1.312500000000005329e-02,1.536999999999999922e+01,-1.039062500000031974e-02
5.519800000000000182e+03,1.046447753906250000e+02,4.562499999999980460e-02,1.558000000000000007e+01,1.312499999999960920e-02
5.519899999999999636e+03,1.040405273437500000e+02,3.062500000000012434e-02,1.559999999999999964e+01,-6.179687500000063949e-02
5.520000000000000000e+03,1.045532226562500000e+02,4.812499999999975131e-02,1.544999999999999929e+01,-9.296875000000426326e-03
5.520100000000000364e+03,1.044250488281250000e+02,4.312499999999985789e-02,1.564000000000000057e+01,-9.625000000000039080e-02
5.520199999999999818e+03,1.017517089843750000e+02,8.124999999999715783e-03,1.541000000000000014e+01,-5.195312500000071054e-02
5.520300000000000182e+03,1.020812988281250000e+02,4.562499999999980460e-02,1.537999999999999901e+01,-2.023437500000024869e-02
5.520399999999999636e+03,1.015136718750000000e+02,5.312500000000008882e-02,1.559999999999999964e+01,-4.101562500000088818e-02
5.520500000000000000e+03,1.019714355468750000e+02,6.812499999999976907e-02,1.541999999999999993e+01,-4.320312500000067502e-02
5.520600000000000364e+03,1.000122070312500000e+02,2.062499999999989342e-02,1.544999999999999929e+01,-4.429687500000056843e-02
5.520699999999999818e+03,9.931640625000000000e+01,4.343749999999997335e-01,1.585249999999999915e+01,-1.640625000000284217e-03
5.520800000000000182e+03,9.977416992187500000e+01,6.562499999999982236e-02,1.559999999999999964e+01,2.187499999998898659e-03
5.520899999999999636e+03,9.922485351562500000e+01,7.312500000000010658e-02,1.542999999999999972e+01,-5.796875000000056843e-02
5.521000000000000000e+03,9.896850585937500000e+01,6.062499999999992895e-02,1.565000000000000036e+01,3.281249999999680256e-03
5.521100000000000364e+03,9.765014648437500000e+01,2.562499999999978684e-02,1.537749999999999950e+01,-2.187500000000053291e-02
5.521199999999999818e+03,9.732055664062500000e+01,3.812499999999996447e-02,1.551750000000000007e+01,-9.296875000000071054e-02
5.521300000000000182e+03,9.783325195312500000e+01,4.125000000000000888e-01,1.551999999999999957e+01,-6.125000000000024869e-02
5.521399999999999636e+03,9.719238281250000000e+01,6.312499999999987566e-02,1.559750000000000014e+01,-3.718750000000081712e-02
5.521500000000000000e+03,9.603881835937500000e+01,2.562499999999978684e-02,1.568999999999999950e+01,-4.156250000000039080e-02
5.521600000000000364e+03,9.581909179687500000e+01,6.812499999999976907e-02,1.528999999999999915e+01,-1.640625000000106581e-02
5.521699999999999818e+03,9.550781250000000000e+01,2.562499999999978684e-02,1.549750000000000050e+01,-9.023437500000053291e-02
5.521800000000000182e+03,9.598388671875000000e+01,5.062500000000014211e-02,1.558000000000000007e+01,-9.843750000000817124e-03
5.521899999999999636e+03,9.424438476562500000e+01,3.312500000000007105e-02,1.560749999999999993e+01,-2.296875000000042633e-02
5.522000000000000000e+03,9.411621093750000000e+01,3.062500000000012434e-02,1.543750000000000000e+01,-8.914062500000063949e-02
5.522100000000000364e+03,9.404296875000000000e+01,6.812499999999976907e-02,1.573499999999999943e+01,-2.625000000000099476e-02
5.522199999999999818e+03,9.373168945312500000e+01,2.062499999999989342e-02,1.568750000000000000e+01,-5.578125000000078160e-02
5.522300000000000182e+03,9.417114257812500000e+01,3.562500000000001776e-02,1.525000000000000000e+01,-5.687500000000067502e-02
5.522399999999999636e+03,9.213867187500000000e+01,5.562500000000003553e-02,1.550000000000000000e+01,2.132812499999925393e-02
5.522500000000000000e+03,9.244995117187500000e+01,6.812499999999976907e-02,1.549000000000000021e+01,-1.640625000000106581e-02
5.522600000000000364e+03,9.241333007812500000e+01,4.562499999999980460e-02,1.548000000000000043e+01,-8.750000000000923706e-03
5.522699999999999818e+03,9.213867187500000000e+01,1.312500000000005329e-02,1.532000000000000028e+01,-4.867187500000103029e-02
5.522800000000000182e+03,9.122314453125000000e+01,4.062499999999991118e-02,1.550999999999999979e+01,-4.484375000000095923e-02
5.522899999999999636e+03,9.045410156250000000e+01,1.812499999999994671e-02,1.539749999999999908e+01,-3.007812500000106581e-02
5.523000000000000000e+03,9.085693359375000000e+01,6.562499999999982236e-02,1.533000000000000007e+01,-7.273437500000046185e-02
5.523100000000000364e+03,9.082031250000000000e+01,3.312500000000007105e-02,1.534999999999999964e+01,-1.203125000000060396e-02
5.523199999999999818e+03,8.994140625000000000e+01,4.062499999999991118e-02,1.531000000000000050e+01,-3.390625000000024869e-02
5.523300000000000182e+03,8.946533203125000000e+01,3.062500000000012434e-02,1.558999999999999986e+01,-4.375000000000461853e-03
5.523399999999999636e+03,8.895263671875000000e+01,5.562500000000003553e-02,1.556000000000000050e+01,3.281249999999680256e-03
5.523500000000000000e+03,8.933715820312500000e+01,4.562499999999980460e-02,1.536749999999999972e+01,-6.945312500000078160e-02
5.523600000000000364e+03,8.931884765625000000e+01,4.312499999999985789e-02,1.561999999999999922e+01,-1.203125000000060396e-02
5.523699999999999818e+03,8.774414062500000000e+01,4.562499999999980460e-02,1.525750000000000028e+01,-4.101562500000088818e-02
5.523800000000000182e+03,8.803710937500000000e+01,4.562499999999980460e-02,1.534999999999999964e+01,-1.039062500000031974e-02
5.523899999999999636e+03,8.754272460937500000e+01,3.062500000000012434e-02,1.545999999999999908e+01,3.281249999999680256e-03
5.524000000000000000e+03,8.792724609375000000e+01,4.812499999999975131e-02,1.531000000000000050e+01,-2.296875000000042633e-02
5.524100000000000364e+03,8.697509765625000000e+01,1.062500000000010658e-02,1.568999999999999950e+01,-2.515625000000110134e-02
5.524199999999999818e+03,8.620605468750000000e+01,6.312499999999987566e-02,1.558750000000000036e+01,-5.523437500000039080e-02
5.524300000000000182e+03,8.664550781250000000e+01,5.062500000000014211e-02,1.550999999999999979e+01,-1.859375000000085265e-02
5.524399999999999636e+03,8.616943359375000000e+01,3.312500000000007105e-02,1.544749999999999979e+01,2.734374999999289457e-03
5.524500000000000000e+03,8.649902343750000000e+01,3.062500000000012434e-02,1.558999999999999986e+01,-3.281250000000568434e-03
5.524600000000000364e+03,8.516235351562500000e+01,5.812499999999998224e-02,1.557000000000000028e+01,-3.390625000000024869e-02
5.524699999999999818e+03,8.479614257812500000e+01,1.562500000000000000e-02,1.553749999999999964e+01,-9.679687500000078160e-02
5.524800000000000182e+03,8.523559570312500000e+01,2.812499999999973355e-02,1.549000000000000021e+01,2.242187499999914735e-02
5.524899999999999636e+03,8.475952148437500000e+01,6.249999999998756550e-04,1.544749999999999979e+01,-3.500000000000103029e-02
5.525000000000000000e+03,8.408203125000000000e+01,2.312499999999984013e-02,1.541000000000000014e+01,-1.257812500000099476e-02
5.525100000000000364e+03,8.384399414062500000e+01,6.062499999999992895e-02,1.550999999999999979e+01,-6.234375000000103029e-02
5.525199999999999818e+03,8.351440429687500000e+01,1.562500000000000000e-02,1.558000000000000007e+01,-7.000000000000028422e-02
5.525300000000000182e+03,8.395385742187500000e+01,3.312500000000007105e-02,1.539000000000000057e+01,-6.562500000000248690e-03
5.525399999999999636e+03,8.305664062500000000e+01,7.062500000000015987e-02,1.570999999999999908e+01,-9.625000000000039080e-02
5.525500000000000000e+03,8.247070312500000000e+01,1.562500000000000000e-02,1.544999999999999929e+01,-4.539062500000046185e-02
5.525600000000000364e+03,8.239746093750000000e+01,3.062500000000012434e-02,1.545999999999999908e+01,-3.171875000000046185e-02
5.525699999999999818e+03,8.212280273437500000e+01,2.562499999999978684e-02,1.544999999999999929e+01,-1.257812500000099476e-02
5.525800000000000182e+03,8.252563476562500000e+01,5.312500000000008882e-02,1.553999999999999915e+01,-4.375000000000106581e-02
5.525899999999999636e+03,8.093261718750000000e+01,4.312499999999985789e-02,1.550999999999999979e+01,-7.437500000000074607e-02
5.526000000000000000e+03,8.115234375000000000e+01,4.562499999999980460e-02,1.554999999999999893e+01,-4.320312500000067502e-02
5.526100000000000364e+03,8.111572265625000000e+01,1.562500000000000000e-02,1.566000000000000014e+01,-6.398437500000042633e-02
5.526199999999999818e+03,8.082275390625000000e+01,3.812499999999996447e-02,1.529999999999999893e+01,-5.578125000000078160e-02
5.526300000000000182e+03,8.047485351562500000e+01,4.062499999999991118e-02,1.541000000000000014e+01,3.281249999999680256e-03
5.526399999999999636e+03,7.959594726562500000e+01,3.312500000000007105e-02,1.550999999999999979e+01,-3.062500000000056843e-02
5.526500000000000000e+03,7.990722656250000000e+01,6.312499999999987566e-02,1.551999999999999957e+01,2.187499999998898659e-03
5.526600000000000364e+03,7.994384765625000000e+01,4.062499999999991118e-02,1.536749999999999972e+01,-2.242187500000092371e-02
5.526699999999999818e+03,7.963256835937500000e+01,1.562500000000000000e-02,1.561749999999999972e+01,-2.242187500000092371e-02
5.526800000000000182e+03,7.888183593750000000e+01,2.812499999999973355e-02,1.557000000000000028e+01,-6.562500000000248690e-03
5.526899999999999636e+03,7.840576171875000000e+01,4.562499999999980460e-02,1.550999999999999979e+01,-7.273437500000046185e-02
5.527000000000000000e+03,7.871704101562500000e+01,-1.875000000000071054e-03,1.550999999999999979e+01,-5.578125000000078160e-02
5.527100000000000364e+03,7.873535156250000000e+01,1.562500000000000000e-02,1.553999999999999915e+01,-4.484375000000095923e-02
5.527199999999999818e+03,7.747192382812500000e+01,2.562499999999978684e-02,1.536999999999999922e+01,-7.984375000000110134e-02
5.527300000000000182e+03,7.761840820312500000e+01,3.562500000000001776e-02,1.550999999999999979e+01,3.007812499999928946e-02
5.527399999999999636e+03,7.716064453125000000e+01,5.312500000000008882e-02,1.549000000000000021e+01,-1.640625000000284217e-03
5.527500000000000000e+03,7.749023437500000000e+01,2.062499999999989342e-02,1.560999999999999943e+01,1.039062499999943157e-02
5.527600000000000364e+03,7.723388671875000000e+01,3.812499999999996447e-02,1.569999999999999929e+01,9.296874999999538147e-03
5.527699999999999818e+03,7.613525390625000000e+01,8.374999999999976907e-02,1.534999999999999964e+01,-2.679687500000049738e-02
5.527800000000000182e+03,7.653808593750000000e+01,5.812499999999998224e-02,1.557000000000000028e+01,-2.515625000000110134e-02
5.527899999999999636e+03,7.609863281250000000e+01,3.312500000000007105e-02,1.569500000000000028e+01,-1.203125000000060396e-02
5.528000000000000000e+03,7.639160156250000000e+01,5.812499999999998224e-02,1.536999999999999922e+01,-7.710937500000092371e-02
5.528100000000000364e+03,7.545776367187500000e+01,4.312499999999985789e-02,1.565000000000000036e+01,-4.593750000000085265e-02
5.528199999999999818e+03,7.500000000000000000e+01,2.312499999999984013e-02,1.564000000000000057e+01,-3.992187500000099476e-02
5.528300000000000182e+03,7.542114257812500000e+01,3.812499999999996447e-02,1.570749999999999957e+01,-6.398437500000042633e-02
5.528399999999999636e+03,7.498168945312500000e+01,6.312499999999987566e-02,1.547000000000000064e+01,-4.375000000000106581e-02
5.528500000000000000e+03,7.470703125000000000e+01,4.062499999999991118e-02,1.548000000000000043e+01,-3.007812500000106581e-02
5.528600000000000364e+03,7.423095703125000000e+01,3.062500000000012434e-02,1.558999999999999986e+01,-5.578125000000078160e-02
5.528699999999999818e+03,7.390136718750000000e+01,3.312500000000007105e-02,1.545999999999999908e+01,-7.109375000000106581e-02
5.528800000000000182e+03,7.428588867187500000e+01,4.312499999999985789e-02,1.541999999999999993e+01,3.828124999999182876e-03
5.528899999999999636e+03,7.390136718750000000e+01,3.062500000000012434e-02,1.557000000000000028e+01,-4.375000000000106581e-02
5.529000000000000000e+03,7.324218750000000000e+01,1.312500000000005329e-02,1.542999999999999972e+01,-4.265625000000028422e-02
5.529100000000000364e+03,7.318725585937500000e+01,8.312499999999989342e-02,1.556749999999999901e+01,-7.656250000001030287e-03
5.529199999999999818e+03,7.289428710937500000e+01,4.062499999999991118e-02,1.543999999999999950e+01,-7.273437500000046185e-02
5.529300000000000182e+03,7.329711914062500000e+01,2.062499999999989342e-02,1.574499999999999922e+01,-2.898437500000028422e-02
5.529399999999999636e+03,7.218017578125000000e+01,-9.374999999999911182e-03,1.543999999999999950e+01,-2.679687500000049738e-02
5.529500000000000000e+03,7.219848632812500000e+01,8.374999999999976907e-02,1.543999999999999950e+01,-4.757812500000024869e-02
5.529600000000000364e+03,7.221679687500000000e+01,2.562499999999978684e-02,1.562999999999999901e+01,-4.046875000000049738e-02
5.529699999999999818e+03,7.186889648437500000e+01,1.062500000000010658e-02,1.550499999999999901e+01,-1.804687500000046185e-02
5.529800000000000182e+03,7.214355468750000000e+01,2.062499999999989342e-02,1.569999999999999929e+01,-7.765625000000042633e-02
5.529899999999999636e+03,7.097167968750000000e+01,4.812499999999975131e-02,1.542750000000000021e+01,-5.468750000003907985e-04
5.530000000000000000e+03,7.119140625000000000e+01,7.624999999999992895e-02,1.547749999999999915e+01,5.468749999999467093e-03
5.530100000000000364e+03,7.122802734375000000e+01,1.812499999999994671e-02,1.536999999999999922e+01,-9.843750000000817124e-03
5.530199999999999818e+03,7.089843750000000000e+01,5.812499999999998224e-02,1.547000000000000064e+01,-6.945312500000078160e-02
5.530300000000000182e+03,7.044067382812500000e+01,4.312499999999985789e-02,1.550999999999999979e+01,-8.968750000000103029e-02
5.530399999999999636e+03,6.990966796875000000e+01,3.062500000000012434e-02,1.553999999999999915e+01,1.695312499999968026e-02
5.530500000000000000e+03,7.018432617187500000e+01,4.812499999999975131e-02,1.550999999999999979e+01,-2.132812500000103029e-02
5.530600000000000364e+03,7.018432617187500000e+01,4.812499999999975131e-02,1.552999999999999936e+01,-2.187500000000053291e-02
5.530699999999999818e+03,6.945190429687500000e+01,2.562499999999978684e-02,1.567999999999999972e+01,-5.687500000000067502e-02
5.530800000000000182e+03,6.928710937500000000e+01,4.062499999999991118e-02,1.529999999999999893e+01,-5.468750000003907985e-04
5.530899999999999636e+03,6.892089843750000000e+01,6.062499999999992895e-02,1.558000000000000007e+01,-1.257812500000099476e-02
5.531000000000000000e+03,6.914062500000000000e+01,3.812499999999996447e-02,1.547000000000000064e+01,-7.875000000000031974e-02
5.531100000000000364e+03,6.921386718750000000e+01,2.312499999999984013e-02,1.566000000000000014e+01,-3.117187500000095923e-02
5.531199999999999818e+03,6.804199218750000000e+01,6.312499999999987566e-02,1.558750000000000036e+01,-8.312500000000078160e-02
5.531300000000000182e+03,6.837158203125000000e+01,7.812500000000000000e-02,1.551999999999999957e+01,-3.882812500000110134e-02
5.531399999999999636e+03,6.802368164062500000e+01,4.062499999999991118e-02,1.550999999999999979e+01,-6.781250000000049738e-02
5.531500000000000000e+03,6.829833984375000000e+01,4.312499999999985789e-02,1.575000000000000000e+01,-2.023437500000024869e-02
5.531600000000000364e+03,6.773071289062500000e+01,4.062499999999991118e-02,1.531000000000000050e+01,-6.507812500000031974e-02
5.531699999999999818e+03,6.708984375000000000e+01,5.062500000000014211e-02,1.548499999999999943e+01,-6.835937500000088818e-02
5.531800000000000182e+03,6.745605468750000000e+01,2.812499999999973355e-02,1.557000000000000028e+01,-4.867187500000103029e-02
5.531899999999999636e+03,6.714477539062500000e+01,4.062499999999991118e-02,1.558999999999999986e+01,-5.851562500000095923e-02
5.532000000000000000e+03,6.732788085937500000e+01,2.062499999999989342e-02,1.549000000000000021e+01,-7.492187500000024869e-02
5.532100000000000364e+03,6.654052734375000000e+01,4.562499999999980460e-02,1.568750000000000000e+01,-2.734375000001065814e-03
5.532199999999999818e+03,6.619262695312500000e+01,8.062499999999994671e-02,1.572000000000000064e+01,-7.382812500000035527e-02
5.532300000000000182e+03,6.657714843750000000e+01,2.312499999999984013e-02,1.540750000000000064e+01,-3.390625000000024869e-02
5.532399999999999636e+03,6.622924804687500000e+01,2.062499999999989342e-02,1.564000000000000057e+01,-4.812500000000063949e-02
5.532500000000000000e+03,6.571655273437500000e+01,4.562499999999980460e-02,1.550999999999999979e+01,-1.968750000000074607e-02
5.532600000000000364e+03,6.560668945312500000e+01,5.312500000000008882e-02,1.550999999999999979e+01,-3.828125000000071054e-02
5.532699999999999818e+03,6.527709960937500000e+01,5.062500000000014211e-02,1.534999999999999964e+01,-8.750000000000035527e-02
5.532800000000000182e+03,6.567993164062500000e+01,4.312499999999985789e-02,1.566750000000000043e+01,-2.296875000000042633e-02
5.532899999999999636e+03,6.511230468750000000e+01,5.562500000000003553e-02,1.550000000000000000e+01,-7.382812500000035527e-02
5.533000000000000000e+03,6.476440429687500000e+01,3.062500000000012434e-02,1.541000000000000014e+01,-1.203125000000060396e-02
5.533100000000000364e+03,6.481933593750000000e+01,7.062500000000015987e-02,1.561999999999999922e+01,-6.562500000000248690e-03
5.533199999999999818e+03,6.450805664062500000e+01,5.812499999999998224e-02,1.552999999999999936e+01,-1.531250000000028422e-02
5.533300000000000182e+03,6.485595703125000000e+01,-1.687500000000019540e-02,1.554999999999999893e+01,7.656249999999253930e-03
5.533399999999999636e+03,6.377563476562500000e+01,5.562500000000003553e-02,1.549000000000000021e+01,-6.617187500000110134e-02
5.533500000000000000e+03,6.386718750000000000e+01,7.562500000000005329e-02,1.540000000000000036e+01,-6.070312500000074607e-02
5.533600000000000364e+03,6.392211914062500000e+01,4.812499999999975131e-02,1.575999999999999979e+01,-5.468750000003907985e-04
5.533699999999999818e+03,6.362915039062500000e+01,3.062500000000012434e-02,1.545999999999999908e+01,-2.570312500000060396e-02
5.533800000000000182e+03,6.351928710937500000e+01,3.124999999999822364e-03,1.557000000000000028e+01,1.367187499999911182e-02
5.533899999999999636e+03,6.286010742187500000e+01,6.562499999999982236e-02,1.532000000000000028e+01,-3.828125000000071054e-02
5.534000000000000000e+03,6.302490234375000000e+01,3.062500000000012434e-02,1.556000000000000050e+01,-2.515625000000110134e-02
5.534100000000000364e+03,6.309814453125000000e+01,5.062500000000014211e-02,1.549000000000000021e+01,-5.851562500000095923e-02
5.534199999999999818e+03,6.275024414062500000e+01,2.562499999999978684e-02,1.544999999999999929e+01,-5.687500000000067502e-02
5.534300000000000182e+03,6.240234375000000000e+01,5.312500000000008882e-02,1.543999999999999950e+01,2.351562499999904077e-02
5.534399999999999636e+03,6.201782226562500000e+01,3.562500000000001776e-02,1.539000000000000057e+01,9.296874999999538147e-03
5.534500000000000000e+03,6.223754882812500000e+01,4.562499999999980460e-02,1.535749999999999993e+01,-7.218750000000095923e-02
5.534600000000000364e+03,6.229248046875000000e+01,4.062499999999991118e-02,1.548000000000000043e+01,1.640624999999928946e-02
5.534699999999999818e+03,6.141357421875000000e+01,4.312499999999985789e-02,1.540000000000000036e+01,-2.898437500000028422e-02
5.534800000000000182e+03,6.165161132812500000e+01,3.812499999999996447e-02,1.541750000000000043e+01,-2.406250000000031974e-02
5.534899999999999636e+03,6.135864257812500000e+01,7.312500000000010658e-02,1.558999999999999986e+01,-5.031250000000042633e-02
5.535000000000000000e+03,6.156005859375000000e+01,6.062499999999992895e-02,1.548000000000000043e+01,-2.953125000000067502e-02
5.535100000000000364e+03,6.146850585937500000e+01,6.812499999999976907e-02,1.572000000000000064e+01,-3.992187500000099476e-02
5.535199999999999818e+03,6.049804687500000000e+01,7.374999999999998224e-02,1.553999999999999915e+01,-4.593750000000085265e-02
5.535300000000000182e+03,6.084594726562500000e+01,5.562500000000003553e-02,1.558000000000000007e+01,-6.562500000000071054e-02
5.535399999999999636e+03,6.053466796875000000e+01,4.312499999999985789e-02,1.527999999999999936e+01,-2.187500000000053291e-02
5.535500000000000000e+03,6.073608398437500000e+01,7.562500000000005329e-02,1.575000000000000000e+01,-3.007812500000106581e-02
5.535600000000000364e+03,6.018676757812500000e+01,3.812499999999996447e-02,1.550999999999999979e+01,-2.078125000000063949e-02
5.535699999999999818e+03,5.978393554687500000e+01,2.562499999999978684e-02,1.534999999999999964e+01,-5.851562500000095923e-02
5.535800000000000182e+03,6.013183593750000000e+01,-4.375000000000017764e-03,1.542999999999999972e+01,-5.250000000000110134e-02
5.535899999999999636e+03,5.985717773437500000e+01,5.562500000000003553e-02,1.539000000000000057e+01,6.015624999998969713e-03
5.536000000000000000e+03,5.971069335937500000e+01,5.312500000000008882e-02,1.548000000000000043e+01,-1.148437500000110134e-02
5.536100000000000364e+03,5.939941406250000000e+01,5.062500000000014211e-02,1.548000000000000043e+01,-6.726562500000099476e-02
5.536199999999999818e+03,5.905151367187500000e+01,2.812499999999973355e-02,1.551999999999999957e+01,-6.453125000000081712e-02
5.536300000000000182e+03,5.947265625000000000e+01,5.624999999999769074e-03,1.564000000000000057e+01,-3.281250000000035527e-02
5.536399999999999636e+03,5.914306640625000000e+01,6.062499999999992895e-02,1.534750000000000014e+01,-4.320312500000067502e-02
5.536500000000000000e+03,5.866699218750000000e+01,2.562499999999978684e-02,1.518999999999999950e+01,-3.773437500000031974e-02
5.536600000000000364e+03,5.870361328125000000e+01,5.062500000000014211e-02,1.548749999999999893e+01,-2.078125000000063949e-02
5.536699999999999818e+03,5.839233398437500000e+01,8.312499999999989342e-02,1.543999999999999950e+01,-6.343750000000092371e-02
5.536800000000000182e+03,5.872192382812500000e+01,6.312499999999987566e-02,1.561999999999999922e+01,-3.773437500000031974e-02
5.536899999999999636e+03,5.797119140625000000e+01,4.062499999999991118e-02,1.566000000000000014e+01,1.640624999999928946e-02
5.537000000000000000e+03,5.793457031250000000e+01,4.562499999999980460e-02,1.534750000000000014e+01,-1.585937500000067502e-02
5.537100000000000364e+03,5.800781250000000000e+01,6.062499999999992895e-02,1.551999999999999957e+01,-2.242187500000092371e-02
5.537199999999999818e+03,5.769653320312500000e+01,1.812499999999994671e-02,1.566999999999999993e+01,-3.500000000000103029e-02
5.537300000000000182e+03,5.802612304687500000e+01,4.312499999999985789e-02,1.532750000000000057e+01,-4.265625000000028422e-02
5.537399999999999636e+03,5.707397460937500000e+01,3.062500000000012434e-02,1.533000000000000007e+01,-4.210937500000078160e-02
5.537500000000000000e+03,5.720214843750000000e+01,1.312500000000005329e-02,1.539000000000000057e+01,1.148437499999932498e-02
5.537600000000000364e+03,5.729370117187500000e+01,8.124999999999715783e-03,1.566000000000000014e+01,-3.062500000000056843e-02
5.537699999999999818e+03,5.696411132812500000e+01,1.062500000000010658e-02,1.548000000000000043e+01,-5.742187500000106581e-02
5.537800000000000182e+03,5.685424804687500000e+01,2.062499999999989342e-02,1.567999999999999972e+01,-4.976562500000092371e-02
5.537899999999999636e+03,5.646972656250000000e+01,1.562500000000000000e-02,1.553999999999999915e+01,-2.625000000000099476e-02
5.538000000000000000e+03,5.659790039062500000e+01,3.062500000000012434e-02,1.536999999999999922e+01,-1.039062500000031974e-02
5.538100000000000364e+03,5.668945312500000000e+01,5.812499999999998224e-02,1.558999999999999986e+01,-4.976562500000092371e-02
5.538199999999999818e+03,5.617675781250000000e+01,3.562500000000001776e-02,1.539749999999999908e+01,-7.875000000000031974e-02
5.538300000000000182e+03,5.604858398437500000e+01,3.812499999999996447e-02,1.551999999999999957e+01,-2.296875000000042633e-02
5.538399999999999636e+03,5.575561523437500000e+01,5.062500000000014211e-02,1.566000000000000014e+01,-4.976562500000092371e-02
5.538500000000000000e+03,5.593872070312500000e+01,4.812499999999975131e-02,1.551999999999999957e+01,-2.023437500000024869e-02
5.538600000000000364e+03,5.599365234375000000e+01,3.062500000000012434e-02,1.526999999999999957e+01,-8.859375000000024869e-02
5.538699999999999818e+03,5.511474609375000000e+01,4.812499999999975131e-02,1.539000000000000057e+01,-5.250000000000110134e-02
5.538800000000000182e+03,5.540771484375000000e+01,4.062499999999991118e-02,1.532000000000000028e+01,-1.750000000000095923e-02
5.538899999999999636e+03,5.515136718750000000e+01,4.562499999999980460e-02,1.553999999999999915e+01,-5.468750000000355271e-03
5.539000000000000000e+03,5.531616210937500000e+01,4.812499999999975131e-02,1.545999999999999908e+01,-1.039062500000031974e-02
5.539100000000000364e+03,5.504150390625000000e+01,2.062499999999989342e-02,1.535999999999999943e+01,-3.882812500000110134e-02
5.539199999999999818e+03,5.449218750000000000e+01,4.812499999999975131e-02,1.547000000000000064e+01,-2.296875000000042633e-02
5.539300000000000182e+03,5.484008789062500000e+01,3.062500000000012434e-02,1.560999999999999943e+01,-6.015625000000035527e-02
5.539399999999999636e+03,5.460205078125000000e+01,3.124999999999822364e-03,1.543999999999999950e+01,-4.429687500000056843e-02
5.539500000000000000e+03,5.471191406250000000e+01,4.312499999999985789e-02,1.532000000000000028e+01,-4.210937500000078160e-02
5.539600000000000364e+03,5.419921875000000000e+01,5.312500000000008882e-02,1.569749999999999979e+01,-6.015625000000035527e-02
5.539699999999999818e+03,5.386962890625000000e+01,4.812499999999975131e-02,1.540750000000000064e+01,-6.617187500000110134e-02
5.539800000000000182e+03,5.419921875000000000e+01,5.812499999999998224e-02,1.554999999999999893e+01,-2.734375000001065814e-03
5.539899999999999636e+03,5.396118164062500000e+01,5.562500000000003553e-02,1.550000000000000000e+01,-6.343750000000092371e-02
5.540000000000000000e+03,5.368652343750000000e+01,1.312500000000005329e-02,1.536999999999999922e+01,-3.007812500000106581e-02
5.540100000000000364e+03,5.359497070312500000e+01,5.312500000000008882e-02,1.541750000000000043e+01,-1.246875000000002842e-01
5.540199999999999818e+03,5.328369140625000000e+01,3.562500000000001776e-02,1.530749999999999922e+01,-2.953125000000067502e-02
5.540300000000000182e+03,5.359497070312500000e+01,6.562499999999982236e-02,1.556000000000000050e+01,-3.937500000000060396e-02
5.540399999999999636e+03,5.328369140625000000e+01,4.062499999999991118e-02,1.561999999999999922e+01,-5.195312500000071054e-02
5.540500000000000000e+03,5.297241210937500000e+01,1.562500000000000000e-02,1.544999999999999929e+01,-5.031250000000042633e-02
5.540600000000000364e+03,5.297241210937500000e+01,6.562499999999982236e-02,1.547749999999999915e+01,-5.632812500000028422e-02
5.540699999999999818e+03,5.266113281250000000e+01,3.312500000000007105e-02,1.556749999999999901e+01,-5.085937500000081712e-02
5.540800000000000182e+03,5.302734375000000000e+01,5.062500000000014211e-02,1.565750000000000064e+01,-3.007812500000106581e-02
5.540899999999999636e+03,5.236816406250000000e+01,3.562500000000001776e-02,1.536999999999999922e+01,-5.085937500000081712e-02
5.541000000000000000e+03,5.242309570312500000e+01,6.812499999999976907e-02,1.539000000000000057e+01,-1.859375000000085265e-02
