time,temperature,ch1,ch3,ch5
2.215300000000000182e+03,4.713134765625000000e+01,8.124999999999715783e-03,1.543750000000000000e+01,2.351562499999904077e-02
2.215400000000000091e+03,4.709472656250000000e+01,5.562500000000003553e-02,1.584500000000000064e+01,3.117187499999918288e-02
2.215500000000000000e+03,4.696655273437500000e+01,4.062499999999991118e-02,1.566750000000000043e+01,1.093749999999005240e-03
2.215599999999999909e+03,4.747924804687500000e+01,4.279374999999999929e+00,1.565000000000000036e+01,2.076593749999999972e+01
2.215699999999999818e+03,4.716796875000000000e+01,2.774999999999999911e+00,1.572000000000000064e+01,1.547382812500000071e+01
2.215800000000000182e+03,4.746093750000000000e+01,2.802500000000000213e+00,1.564749999999999908e+01,1.545578125000000114e+01
2.215900000000000091e+03,4.738769531250000000e+01,2.872500000000000053e+00,1.563749999999999929e+01,1.549187500000000028e+01
2.216000000000000000e+03,4.887084960937500000e+01,2.830000000000000071e+00,1.566750000000000043e+01,1.546289062500000000e+01
2.216099999999999909e+03,4.953002929687500000e+01,2.912500000000000089e+00,1.575999999999999979e+01,1.548257812500000163e+01
2.216199999999999818e+03,4.914550781250000000e+01,2.817499999999999893e+00,1.556000000000000050e+01,1.543007812500000142e+01
2.216300000000000182e+03,4.947509765625000000e+01,2.837499999999999911e+00,1.550750000000000028e+01,1.542078125000000099e+01
2.216400000000000091e+03,5.042724609375000000e+01,2.867500000000000160e+00,1.564749999999999908e+01,1.551320312500000043e+01
2.216500000000000000e+03,5.242309570312500000e+01,2.910000000000000142e+00,1.560999999999999943e+01,1.547875000000000156e+01
2.216599999999999909e+03,5.267944335937500000e+01,2.910000000000000142e+00,1.541999999999999993e+01,1.551320312500000043e+01
2.216699999999999818e+03,5.238647460937500000e+01,2.902499999999999858e+00,1.569999999999999929e+01,1.543664062500000078e+01
2.216800000000000182e+03,5.266113281250000000e+01,2.904999999999999805e+00,1.547749999999999915e+01,1.541093750000000107e+01
2.216900000000000091e+03,5.641479492187500000e+01,2.937500000000000000e+00,1.565249999999999986e+01,1.544757812500000149e+01
2.217000000000000000e+03,5.668945312500000000e+01,2.910000000000000142e+00,1.547000000000000064e+01,1.548750000000000071e+01
2.217099999999999909e+03,5.694580078125000000e+01,2.944999999999999840e+00,1.562749999999999950e+01,1.545195312500000107e+01
2.217199999999999818e+03,5.654296875000000000e+01,2.939999999999999947e+00,1.565750000000000064e+01,1.541640625000000142e+01
2.217300000000000182e+03,5.960083007812500000e+01,2.964999999999999858e+00,1.549000000000000021e+01,1.548421875000000014e+01
2.217400000000000091e+03,6.141357421875000000e+01,2.972500000000000142e+00,1.564000000000000057e+01,1.548640624999999993e+01
2.217500000000000000e+03,6.137695312500000000e+01,2.964999999999999858e+00,1.554999999999999893e+01,1.550828125000000135e+01
2.217599999999999909e+03,6.163330078125000000e+01,2.992500000000000160e+00,1.567750000000000021e+01,1.546398437500000078e+01
2.217699999999999818e+03,6.123046875000000000e+01,3.004999999999999893e+00,1.549000000000000021e+01,1.546617187500000057e+01
2.217800000000000182e+03,6.518554687500000000e+01,3.015000000000000124e+00,1.567999999999999972e+01,1.543007812500000142e+01
2.217900000000000091e+03,6.529541015625000000e+01,3.017500000000000071e+00,1.581499999999999950e+01,1.553671875000000036e+01
2.218000000000000000e+03,6.520385742187500000e+01,3.012500000000000178e+00,1.545749999999999957e+01,1.544539062499999993e+01
2.218099999999999909e+03,6.546020507812500000e+01,3.049999999999999822e+00,1.556749999999999901e+01,1.545687500000000014e+01
2.218199999999999818e+03,6.758422851562500000e+01,3.027499999999999858e+00,1.542999999999999972e+01,1.547492187500000149e+01
2.218300000000000182e+03,6.870117187500000000e+01,2.845000000000000195e+00,1.541000000000000014e+01,1.552250000000000085e+01
2.218400000000000091e+03,6.859130859375000000e+01,3.055000000000000160e+00,1.566499999999999915e+01,1.549625000000000163e+01
2.218500000000000000e+03,6.853637695312500000e+01,3.077500000000000124e+00,1.568750000000000000e+01,1.548476562500000142e+01
2.218599999999999909e+03,6.950683593750000000e+01,3.035000000000000142e+00,1.562999999999999901e+01,1.546890625000000163e+01
2.218699999999999818e+03,7.106323242187500000e+01,3.412500000000000089e+00,1.559999999999999964e+01,1.548093750000000135e+01
2.218800000000000182e+03,7.164916992187500000e+01,3.077500000000000124e+00,1.553999999999999915e+01,1.548148437500000085e+01
2.218900000000000091e+03,7.150268554687500000e+01,3.062500000000000000e+00,1.559750000000000014e+01,1.546781250000000085e+01
2.219000000000000000e+03,7.142944335937500000e+01,3.095000000000000195e+00,1.576500000000000057e+01,1.543117187500000043e+01
2.219099999999999909e+03,7.399291992187500000e+01,3.102500000000000036e+00,1.552749999999999986e+01,1.542460937500000107e+01
2.219199999999999818e+03,7.377319335937500000e+01,3.132499999999999840e+00,1.538749999999999929e+01,1.551265625000000092e+01
2.219300000000000182e+03,7.424926757812500000e+01,3.134999999999999787e+00,1.566499999999999915e+01,1.546125000000000149e+01
2.219400000000000091e+03,7.412109375000000000e+01,3.134999999999999787e+00,1.553999999999999915e+01,1.546179687500000099e+01
2.219500000000000000e+03,7.553100585937500000e+01,3.177500000000000213e+00,1.550999999999999979e+01,1.546453125000000028e+01
2.219599999999999909e+03,7.672119140625000000e+01,3.129999999999999893e+00,1.564749999999999908e+01,1.542406250000000156e+01
2.219699999999999818e+03,7.624511718750000000e+01,3.192499999999999893e+00,1.557750000000000057e+01,1.542406250000000156e+01
2.219800000000000182e+03,7.672119140625000000e+01,3.129999999999999893e+00,1.581000000000000050e+01,1.548093750000000135e+01
2.219900000000000091e+03,7.657470703125000000e+01,3.142500000000000071e+00,1.556000000000000050e+01,1.545359375000000135e+01
2.220000000000000000e+03,7.871704101562500000e+01,3.129999999999999893e+00,1.555749999999999922e+01,1.548804687500000021e+01
2.220099999999999909e+03,7.911987304687500000e+01,3.147499999999999964e+00,1.571250000000000036e+01,1.552851562500000071e+01
2.220199999999999818e+03,7.858886718750000000e+01,3.152499999999999858e+00,1.570999999999999908e+01,1.548914062500000099e+01
2.220300000000000182e+03,7.908325195312500000e+01,3.180000000000000160e+00,1.570999999999999908e+01,1.547929687500000107e+01
2.220400000000000091e+03,8.051147460937500000e+01,3.220000000000000195e+00,1.547000000000000064e+01,1.544539062499999993e+01
2.220500000000000000e+03,8.102416992187500000e+01,3.212499999999999911e+00,1.556749999999999901e+01,1.544375000000000142e+01
2.220599999999999909e+03,8.131713867187500000e+01,3.189999999999999947e+00,1.555749999999999922e+01,1.545960937500000121e+01
2.220699999999999818e+03,8.076782226562500000e+01,3.225000000000000089e+00,1.566999999999999993e+01,1.547820312500000028e+01
2.220800000000000182e+03,8.164672851562500000e+01,3.220000000000000195e+00,1.558499999999999908e+01,1.551210937500000142e+01
2.220900000000000091e+03,8.300170898437500000e+01,3.217499999999999805e+00,1.578999999999999915e+01,1.553562500000000135e+01
2.221000000000000000e+03,8.305664062500000000e+01,3.237499999999999822e+00,1.590750000000000064e+01,1.546343750000000128e+01
2.221099999999999909e+03,8.331298828125000000e+01,3.247500000000000053e+00,1.566999999999999993e+01,1.543828125000000107e+01
2.221199999999999818e+03,8.276367187500000000e+01,3.270000000000000018e+00,1.573000000000000043e+01,1.545687500000000014e+01
2.221300000000000182e+03,8.503417968750000000e+01,3.245000000000000107e+00,1.552999999999999936e+01,1.543992187500000135e+01
2.221400000000000091e+03,8.507080078125000000e+01,3.262500000000000178e+00,1.558499999999999908e+01,1.545796875000000092e+01
2.221500000000000000e+03,8.508911132812500000e+01,3.262500000000000178e+00,1.558999999999999986e+01,1.547437500000000021e+01
2.221599999999999909e+03,8.530883789062500000e+01,3.287500000000000089e+00,1.584249999999999936e+01,1.545523437500000163e+01
2.221699999999999818e+03,8.585815429687500000e+01,3.262500000000000178e+00,1.569749999999999979e+01,1.542132812500000050e+01
2.221800000000000182e+03,8.726806640625000000e+01,3.270000000000000018e+00,1.557000000000000028e+01,1.545906249999999993e+01
2.221900000000000091e+03,8.704833984375000000e+01,3.262500000000000178e+00,1.570749999999999957e+01,1.549023437500000000e+01
2.222000000000000000e+03,8.706665039062500000e+01,3.314999999999999947e+00,1.583499999999999908e+01,1.544921875000000000e+01
2.222099999999999909e+03,8.728637695312500000e+01,3.257499999999999840e+00,1.567750000000000021e+01,1.549351562500000057e+01
2.222199999999999818e+03,8.843994140625000000e+01,3.312500000000000000e+00,1.580499999999999972e+01,1.549132812500000078e+01
2.222300000000000182e+03,8.909912109375000000e+01,3.285000000000000142e+00,1.544500000000000028e+01,1.547109375000000142e+01
2.222400000000000091e+03,8.887939453125000000e+01,3.317499999999999893e+00,1.557000000000000028e+01,1.544429687500000092e+01
2.222500000000000000e+03,8.887939453125000000e+01,3.317499999999999893e+00,1.592750000000000021e+01,1.544867187500000050e+01
2.222599999999999909e+03,9.054565429687500000e+01,3.322499999999999787e+00,1.568750000000000000e+01,1.544375000000000142e+01
2.222699999999999818e+03,9.045410156250000000e+01,3.334999999999999964e+00,1.534999999999999964e+01,1.548531250000000092e+01
2.222800000000000182e+03,9.100341796875000000e+01,3.354999999999999982e+00,1.565000000000000036e+01,1.545906249999999993e+01
2.222900000000000091e+03,9.078369140625000000e+01,3.372500000000000053e+00,1.547000000000000064e+01,1.541914062500000071e+01
2.223000000000000000e+03,9.111328125000000000e+01,3.345000000000000195e+00,1.548499999999999943e+01,1.546179687500000099e+01
2.223099999999999909e+03,9.276123046875000000e+01,3.372500000000000053e+00,1.567999999999999972e+01,1.546398437500000078e+01
2.223199999999999818e+03,9.226684570312500000e+01,3.365000000000000213e+00,1.559999999999999964e+01,1.543664062500000078e+01
2.223300000000000182e+03,9.285278320312500000e+01,3.357499999999999929e+00,1.552999999999999936e+01,1.546398437500000078e+01
2.223400000000000091e+03,9.252319335937500000e+01,3.375000000000000000e+00,1.569999999999999929e+01,1.551210937500000142e+01
2.223500000000000000e+03,9.407958984375000000e+01,3.390000000000000124e+00,1.554749999999999943e+01,1.547109375000000142e+01
2.223599999999999909e+03,9.453735351562500000e+01,3.405000000000000249e+00,1.577249999999999908e+01,1.545578125000000114e+01
2.223699999999999818e+03,9.398803710937500000e+01,3.417499999999999982e+00,1.558000000000000007e+01,1.545468750000000036e+01
2.223800000000000182e+03,9.453735351562500000e+01,3.437500000000000000e+00,1.566000000000000014e+01,1.544375000000000142e+01
2.223900000000000091e+03,9.521484375000000000e+01,3.407500000000000195e+00,1.548749999999999893e+01,1.548367187500000064e+01
2.224000000000000000e+03,9.607543945312500000e+01,3.405000000000000249e+00,1.597749999999999915e+01,1.549625000000000163e+01
2.224099999999999909e+03,9.633178710937500000e+01,3.450000000000000178e+00,1.540000000000000036e+01,1.549406250000000007e+01
2.224199999999999818e+03,9.576416015625000000e+01,3.442499999999999893e+00,1.561999999999999922e+01,1.544976562500000128e+01
2.224300000000000182e+03,9.633178710937500000e+01,3.457500000000000018e+00,1.575000000000000000e+01,1.544320312500000014e+01
2.224400000000000091e+03,9.763183593750000000e+01,3.437500000000000000e+00,1.559999999999999964e+01,1.543937500000000007e+01
2.224500000000000000e+03,9.779663085937500000e+01,3.450000000000000178e+00,1.560749999999999993e+01,1.544921875000000000e+01
2.224599999999999909e+03,9.803466796875000000e+01,3.482499999999999929e+00,1.550750000000000028e+01,1.548968750000000050e+01
2.224699999999999818e+03,9.750366210937500000e+01,3.495000000000000107e+00,1.558999999999999986e+01,1.546289062500000000e+01
2.224800000000000182e+03,9.938964843750000000e+01,3.457500000000000018e+00,1.566999999999999993e+01,1.552031250000000107e+01
2.224900000000000091e+03,9.942626953125000000e+01,3.472500000000000142e+00,1.557499999999999929e+01,1.544210937500000114e+01
2.225000000000000000e+03,9.949951171875000000e+01,3.464999999999999858e+00,1.569500000000000028e+01,1.545742187500000142e+01
2.225099999999999909e+03,9.975585937500000000e+01,3.487499999999999822e+00,1.541999999999999993e+01,1.543117187500000043e+01
2.225199999999999818e+03,9.968261718750000000e+01,3.507500000000000284e+00,1.556749999999999901e+01,1.549242187500000156e+01
2.225300000000000182e+03,1.014038085937500000e+02,3.520000000000000018e+00,1.556000000000000050e+01,1.541531250000000064e+01
2.225400000000000091e+03,1.011291503906250000e+02,3.520000000000000018e+00,1.573000000000000043e+01,1.545578125000000114e+01
2.225500000000000000e+03,1.011840820312500000e+02,3.520000000000000018e+00,1.559750000000000014e+01,1.550992187500000163e+01
2.225599999999999909e+03,1.014404296875000000e+02,3.540000000000000036e+00,1.571499999999999986e+01,1.547109375000000142e+01
2.225699999999999818e+03,1.023925781250000000e+02,3.549999999999999822e+00,1.573000000000000043e+01,1.549570312500000036e+01
2.225800000000000182e+03,1.031616210937500000e+02,3.567499999999999893e+00,1.550499999999999901e+01,1.547328125000000121e+01
2.225900000000000091e+03,1.028503417968750000e+02,3.544999999999999929e+00,1.559999999999999964e+01,1.541695312500000092e+01
2.226000000000000000e+03,1.029418945312500000e+02,3.552500000000000213e+00,1.562250000000000050e+01,1.551156250000000014e+01
2.226099999999999909e+03,1.042053222656250000e+02,3.555000000000000160e+00,1.570999999999999908e+01,1.544593750000000121e+01
2.226199999999999818e+03,1.042236328125000000e+02,3.584999999999999964e+00,1.550000000000000000e+01,1.551867187500000078e+01
2.226300000000000182e+03,1.049011230468750000e+02,3.552500000000000213e+00,1.555499999999999972e+01,1.544539062499999993e+01
2.226400000000000091e+03,1.044982910156250000e+02,3.592500000000000249e+00,1.553999999999999915e+01,1.548257812500000163e+01
2.226500000000000000e+03,1.046630859375000000e+02,3.629999999999999893e+00,1.560999999999999943e+01,1.549242187500000156e+01
2.226599999999999909e+03,1.063842773437500000e+02,3.057500000000000107e+00,1.590750000000000064e+01,1.548476562500000142e+01
2.226699999999999818e+03,1.058715820312500000e+02,3.575000000000000178e+00,1.557750000000000057e+01,1.547164062500000092e+01
2.226800000000000182e+03,1.065124511718750000e+02,3.629999999999999893e+00,1.565499999999999936e+01,1.546617187500000057e+01
2.226900000000000091e+03,1.061096191406250000e+02,3.615000000000000213e+00,1.565750000000000064e+01,1.543500000000000050e+01
2.227000000000000000e+03,1.076660156250000000e+02,3.634999999999999787e+00,1.567750000000000021e+01,1.545906249999999993e+01
2.227099999999999909e+03,1.081237792968750000e+02,3.634999999999999787e+00,1.562749999999999950e+01,1.546179687500000099e+01
2.227199999999999818e+03,1.075744628906250000e+02,3.642500000000000071e+00,1.554999999999999893e+01,1.549843750000000142e+01
2.227300000000000182e+03,1.081970214843750000e+02,3.642500000000000071e+00,1.583499999999999908e+01,1.543500000000000050e+01
2.227400000000000091e+03,1.084533691406250000e+02,3.680000000000000160e+00,1.561999999999999922e+01,1.549351562500000057e+01
2.227500000000000000e+03,1.095886230468750000e+02,3.669999999999999929e+00,1.574249999999999972e+01,1.545359375000000135e+01
2.227599999999999909e+03,1.098449707031250000e+02,3.669999999999999929e+00,1.531000000000000050e+01,1.547437500000000021e+01
2.227699999999999818e+03,1.092590332031250000e+02,3.669999999999999929e+00,1.538749999999999929e+01,1.544484375000000043e+01
2.227800000000000182e+03,1.098815917968750000e+02,3.689999999999999947e+00,1.581499999999999950e+01,1.548148437500000085e+01
2.227900000000000091e+03,1.110351562500000000e+02,3.702500000000000124e+00,1.592499999999999893e+01,1.546726562500000135e+01
2.228000000000000000e+03,1.113647460937500000e+02,3.709999999999999964e+00,1.541000000000000014e+01,1.552468750000000064e+01
2.228099999999999909e+03,1.115661621093750000e+02,3.712499999999999911e+00,1.554999999999999893e+01,1.547765625000000078e+01
2.228199999999999818e+03,1.109802246093750000e+02,3.752499999999999947e+00,1.562999999999999901e+01,1.546125000000000149e+01
2.228300000000000182e+03,1.127563476562500000e+02,3.734999999999999876e+00,1.567499999999999893e+01,1.551648437500000099e+01
2.228400000000000091e+03,1.128479003906250000e+02,3.782499999999999751e+00,1.555749999999999922e+01,1.540929687500000078e+01
2.228500000000000000e+03,1.130676269531250000e+02,3.770000000000000018e+00,1.561500000000000021e+01,1.548968750000000050e+01
2.228599999999999909e+03,1.132141113281250000e+02,3.780000000000000249e+00,1.558750000000000036e+01,1.548640624999999993e+01
2.228699999999999818e+03,1.127746582031250000e+02,3.832500000000000018e+00,1.573000000000000043e+01,1.544921875000000000e+01
2.228800000000000182e+03,1.149536132812500000e+02,3.830000000000000071e+00,1.570999999999999908e+01,1.549078125000000128e+01
2.228900000000000091e+03,1.145507812500000000e+02,3.802500000000000213e+00,1.574750000000000050e+01,1.542515625000000057e+01
2.229000000000000000e+03,1.147338867187500000e+02,3.825000000000000178e+00,1.574750000000000050e+01,1.544429687500000092e+01
2.229099999999999909e+03,1.149353027343750000e+02,3.844999999999999751e+00,1.547749999999999915e+01,1.541093750000000107e+01
2.229199999999999818e+03,1.158325195312500000e+02,3.862499999999999822e+00,1.548000000000000043e+01,1.542843750000000114e+01
2.229300000000000182e+03,1.167114257812500000e+02,3.895000000000000018e+00,1.548749999999999893e+01,1.546015625000000071e+01
2.229400000000000091e+03,1.162170410156250000e+02,3.899999999999999911e+00,1.558999999999999986e+01,1.546070312500000021e+01
2.229500000000000000e+03,1.164733886718750000e+02,3.922499999999999876e+00,1.550750000000000028e+01,1.543500000000000050e+01
2.229599999999999909e+03,1.175170898437500000e+02,3.905000000000000249e+00,1.554499999999999993e+01,1.544867187500000050e+01
2.229699999999999818e+03,1.178283691406250000e+02,3.950000000000000178e+00,1.558999999999999986e+01,1.550664062500000107e+01
2.229800000000000182e+03,1.185241699218750000e+02,3.922499999999999876e+00,1.551750000000000007e+01,1.544593750000000121e+01
2.229900000000000091e+03,1.180480957031250000e+02,3.969999999999999751e+00,1.568999999999999950e+01,1.550062500000000121e+01
2.230000000000000000e+03,1.182861328125000000e+02,3.957500000000000018e+00,1.559750000000000014e+01,1.546781250000000085e+01
2.230099999999999909e+03,1.199157714843750000e+02,3.962499999999999911e+00,1.575999999999999979e+01,1.547218750000000043e+01
2.230199999999999818e+03,1.194763183593750000e+02,3.975000000000000089e+00,1.580250000000000021e+01,1.546398437500000078e+01
2.230300000000000182e+03,1.201354980468750000e+02,4.000000000000000000e+00,1.537749999999999950e+01,1.545359375000000135e+01
2.230400000000000091e+03,1.196594238281250000e+02,4.040000000000000036e+00,1.556749999999999901e+01,1.550609375000000156e+01
2.230500000000000000e+03,1.199523925781250000e+02,4.032499999999999751e+00,1.572000000000000064e+01,1.548312500000000114e+01
2.230599999999999909e+03,1.201904296875000000e+02,4.042500000000000426e+00,1.559750000000000014e+01,1.552304687500000036e+01
2.230699999999999818e+03,1.196044921875000000e+02,4.094999999999999751e+00,1.565000000000000036e+01,1.548640624999999993e+01
2.230800000000000182e+03,1.202087402343750000e+02,3.562500000000001776e-02,1.572000000000000064e+01,-2.460937500000071054e-02
2.230900000000000091e+03,1.196960449218750000e+02,3.562500000000001776e-02,1.571749999999999936e+01,-6.945312500000078160e-02
2.231000000000000000e+03,1.199707031250000000e+02,7.312500000000010658e-02,1.533999999999999986e+01,-4.375000000000461853e-03
2.231099999999999909e+03,1.201721191406250000e+02,4.312499999999985789e-02,1.561999999999999922e+01,3.773437499999943157e-02
2.231199999999999818e+03,1.195861816406250000e+02,4.062499999999991118e-02,1.564749999999999908e+01,-5.250000000000110134e-02
2.231300000000000182e+03,1.202087402343750000e+02,8.124999999999715783e-03,1.590499999999999936e+01,-8.312500000000078160e-02
2.231400000000000091e+03,1.194030761718750000e+02,2.312499999999984013e-02,1.561749999999999972e+01,-8.585937500000095923e-02
2.231500000000000000e+03,1.195861816406250000e+02,6.562499999999982236e-02,1.551999999999999957e+01,-2.187500000000053291e-02
2.231599999999999909e+03,1.197692871093750000e+02,9.937499999999976907e-02,1.560999999999999943e+01,-9.296875000000426326e-03
2.231699999999999818e+03,1.191833496093750000e+02,4.562499999999980460e-02,1.547000000000000064e+01,-1.914062500000035527e-02
2.231800000000000182e+03,1.187622070312500000e+02,3.062500000000012434e-02,1.541750000000000043e+01,-2.625000000000099476e-02
2.231900000000000091e+03,1.175354003906250000e+02,3.312500000000007105e-02,1.560749999999999993e+01,-5.796875000000056843e-02
2.232000000000000000e+03,1.178100585937500000e+02,7.312500000000010658e-02,1.559750000000000014e+01,-4.703125000000074607e-02
2.232099999999999909e+03,1.179748535156250000e+02,5.062500000000014211e-02,1.565000000000000036e+01,-9.843750000000817124e-03
2.232199999999999818e+03,1.174072265625000000e+02,5.562500000000003553e-02,1.552749999999999986e+01,-1.804687500000046185e-02
2.232300000000000182e+03,1.149353027343750000e+02,4.562499999999980460e-02,1.554749999999999943e+01,1.093749999999005240e-03
2.232400000000000091e+03,1.142395019531250000e+02,7.062500000000015987e-02,1.569999999999999929e+01,-4.375000000000461853e-03
2.232500000000000000e+03,1.144409179687500000e+02,2.812499999999973355e-02,1.541750000000000043e+01,2.515624999999932498e-02
2.232599999999999909e+03,1.146972656250000000e+02,4.312499999999985789e-02,1.559999999999999964e+01,-8.750000000000923706e-03
2.232699999999999818e+03,1.108520507812500000e+02,6.312499999999987566e-02,1.575999999999999979e+01,-5.632812500000028422e-02
2.232800000000000182e+03,1.105590820312500000e+02,2.562499999999978684e-02,1.573499999999999943e+01,-6.453125000000081712e-02
2.232900000000000091e+03,1.100646972656250000e+02,2.562499999999978684e-02,1.558999999999999986e+01,-2.351562500000081712e-02
2.233000000000000000e+03,1.102294921875000000e+02,3.812499999999996447e-02,1.575999999999999979e+01,-1.804687500000046185e-02
2.233099999999999909e+03,1.095886230468750000e+02,4.812499999999975131e-02,1.570749999999999957e+01,-5.195312500000071054e-02
2.233199999999999818e+03,1.064941406250000000e+02,5.562500000000003553e-02,1.552749999999999986e+01,-1.312500000000049738e-02
2.233300000000000182e+03,1.070068359375000000e+02,2.562499999999978684e-02,1.557750000000000057e+01,-5.359375000000099476e-02
2.233400000000000091e+03,1.066589355468750000e+02,3.812499999999996447e-02,1.567999999999999972e+01,-3.335937500000074607e-02
2.233500000000000000e+03,1.067687988281250000e+02,5.062500000000014211e-02,1.587999999999999901e+01,-6.726562500000099476e-02
2.233599999999999909e+03,1.043884277343750000e+02,4.312499999999985789e-02,1.560500000000000043e+01,-7.218750000000095923e-02
2.233699999999999818e+03,1.035278320312500000e+02,4.562499999999980460e-02,1.553749999999999964e+01,-1.695312500000056843e-02
2.233800000000000182e+03,1.040771484375000000e+02,5.062500000000014211e-02,1.575750000000000028e+01,-5.468750000003907985e-04
2.233900000000000091e+03,1.037109375000000000e+02,5.812499999999998224e-02,1.550750000000000028e+01,-3.171875000000046185e-02
2.234000000000000000e+03,1.023193359375000000e+02,3.312500000000007105e-02,1.560999999999999943e+01,-2.789062500000039080e-02
2.234099999999999909e+03,1.014587402343750000e+02,5.562500000000003553e-02,1.558000000000000007e+01,-6.835937500000088818e-02
2.234199999999999818e+03,1.008728027343750000e+02,6.812499999999976907e-02,1.565000000000000036e+01,-5.414062500000049738e-02
2.234300000000000182e+03,1.014038085937500000e+02,4.312499999999985789e-02,1.577749999999999986e+01,-2.734375000000088818e-02
2.234400000000000091e+03,1.010925292968750000e+02,5.312500000000008882e-02,1.564499999999999957e+01,-5.523437500000039080e-02
2.234500000000000000e+03,9.907836914062500000e+01,5.312500000000008882e-02,1.578999999999999915e+01,2.570312499999971578e-02
2.234599999999999909e+03,9.911499023437500000e+01,6.312499999999987566e-02,1.589250000000000007e+01,-3.664062500000042633e-02
2.234699999999999818e+03,9.856567382812500000e+01,6.562499999999982236e-02,1.544999999999999929e+01,-3.664062500000042633e-02
2.234800000000000182e+03,9.915161132812500000e+01,3.812499999999996447e-02,1.569999999999999929e+01,-4.375000000000106581e-02
2.234900000000000091e+03,9.728393554687500000e+01,3.562500000000001776e-02,1.558499999999999908e+01,-3.062500000000056843e-02
2.235000000000000000e+03,9.693603515625000000e+01,5.562500000000003553e-02,1.574000000000000021e+01,-5.468750000003907985e-04
2.235099999999999909e+03,9.710083007812500000e+01,6.062499999999992895e-02,1.572250000000000014e+01,-2.898437500000028422e-02
2.235199999999999818e+03,9.656982421875000000e+01,2.562499999999978684e-02,1.582750000000000057e+01,-4.648437500000035527e-02
2.235300000000000182e+03,9.666137695312500000e+01,5.562500000000003553e-02,1.570749999999999957e+01,-2.023437500000024869e-02
2.235400000000000091e+03,9.501342773437500000e+01,2.062499999999989342e-02,1.573000000000000043e+01,-3.664062500000042633e-02
2.235500000000000000e+03,9.505004882812500000e+01,3.812499999999996447e-02,1.552500000000000036e+01,-3.609375000000092371e-02
2.235599999999999909e+03,9.525146484375000000e+01,2.343750000000000000e-01,1.592249999999999943e+01,-4.101562500000088818e-02
2.235699999999999818e+03,9.473876953125000000e+01,-1.812499999999994671e-02,1.553999999999999915e+01,-3.828125000000071054e-02
2.235800000000000182e+03,9.365844726562500000e+01,4.562499999999980460e-02,1.571749999999999936e+01,-5.796875000000056843e-02
2.235900000000000091e+03,9.314575195312500000e+01,3.812499999999996447e-02,1.563499999999999979e+01,-7.328125000000085265e-02
2.236000000000000000e+03,9.321899414062500000e+01,5.062500000000014211e-02,1.554499999999999993e+01,-4.101562500000088818e-02
2.236099999999999909e+03,9.342041015625000000e+01,1.312500000000005329e-02,1.560749999999999993e+01,-2.734375000001065814e-03
2.236199999999999818e+03,9.193725585937500000e+01,3.062500000000012434e-02,1.558000000000000007e+01,-2.242187500000092371e-02
2.236300000000000182e+03,9.188232421875000000e+01,4.812499999999975131e-02,1.568500000000000050e+01,-3.718750000000081712e-02
2.236400000000000091e+03,9.155273437500000000e+01,5.562500000000003553e-02,1.551750000000000007e+01,-3.335937500000074607e-02
2.236500000000000000e+03,9.157104492187500000e+01,1.312500000000005329e-02,1.562999999999999901e+01,2.515624999999932498e-02
2.236599999999999909e+03,9.184570312500000000e+01,3.062500000000012434e-02,1.561999999999999922e+01,-3.718750000000081712e-02
2.236699999999999818e+03,8.977661132812500000e+01,1.562500000000000000e-02,1.546499999999999986e+01,-1.066406250000007105e-01
2.236800000000000182e+03,9.021606445312500000e+01,5.062500000000014211e-02,1.558750000000000036e+01,-2.242187500000092371e-02
2.236900000000000091e+03,8.995971679687500000e+01,3.312500000000007105e-02,1.566000000000000014e+01,-4.539062500000046185e-02
2.237000000000000000e+03,8.999633789062500000e+01,3.312500000000007105e-02,1.582249999999999979e+01,7.656249999999253930e-03
2.237099999999999909e+03,8.904418945312500000e+01,7.312500000000010658e-02,1.552749999999999986e+01,-1.859375000000085265e-02
2.237199999999999818e+03,8.820190429687500000e+01,2.312499999999984013e-02,1.546749999999999936e+01,-8.750000000000923706e-03
2.237300000000000182e+03,8.873291015625000000e+01,-1.443750000000001421e-01,1.560749999999999993e+01,-2.460937500000071054e-02
2.237400000000000091e+03,8.849487304687500000e+01,1.562500000000000000e-02,1.556000000000000050e+01,-3.445312500000063949e-02
2.237500000000000000e+03,8.807373046875000000e+01,8.875000000000010658e-02,1.550999999999999979e+01,-1.421875000000039080e-02
2.237599999999999909e+03,8.732299804687500000e+01,4.812499999999975131e-02,1.540000000000000036e+01,-6.671875000000060396e-02
2.237699999999999818e+03,8.677368164062500000e+01,3.562500000000001776e-02,1.568999999999999950e+01,-6.289062500000053291e-02
2.237800000000000182e+03,8.732299804687500000e+01,4.562499999999980460e-02,1.569749999999999979e+01,-1.203125000000060396e-02
2.237900000000000091e+03,8.704833984375000000e+01,5.812499999999998224e-02,1.568999999999999950e+01,-3.992187500000099476e-02
2.238000000000000000e+03,8.583984375000000000e+01,4.562499999999980460e-02,1.577999999999999936e+01,-7.546875000000063949e-02
2.238099999999999909e+03,8.594970703125000000e+01,4.062499999999991118e-02,1.547749999999999915e+01,-6.617187500000110134e-02
2.238199999999999818e+03,8.540039062500000000e+01,4.062499999999991118e-02,1.558000000000000007e+01,-6.453125000000081712e-02
2.238300000000000182e+03,8.589477539062500000e+01,6.812499999999976907e-02,1.556749999999999901e+01,1.531249999999939604e-02
2.238400000000000091e+03,8.490600585937500000e+01,2.562499999999978684e-02,1.535999999999999943e+01,5.468749999999467093e-03
2.238500000000000000e+03,8.437500000000000000e+01,2.312499999999984013e-02,1.578250000000000064e+01,-1.421875000000039080e-02
2.238599999999999909e+03,8.461303710937500000e+01,3.562500000000001776e-02,1.561999999999999922e+01,-1.695312500000056843e-02
2.238699999999999818e+03,8.410034179687500000e+01,5.624999999999769074e-03,1.572000000000000064e+01,-9.296875000000426326e-03
2.238800000000000182e+03,8.461303710937500000e+01,4.812499999999975131e-02,1.559500000000000064e+01,-5.031250000000042633e-02
2.238900000000000091e+03,8.316650390625000000e+01,4.812499999999975131e-02,1.556000000000000050e+01,1.257812499999921840e-02
2.239000000000000000e+03,8.309326171875000000e+01,2.812499999999973355e-02,1.566750000000000043e+01,-4.156250000000039080e-02
2.239099999999999909e+03,8.333129882812500000e+01,1.062500000000010658e-02,1.562999999999999901e+01,-3.882812500000110134e-02
2.239199999999999818e+03,8.281860351562500000e+01,3.312500000000007105e-02,1.573000000000000043e+01,-3.718750000000081712e-02
2.239300000000000182e+03,8.232421875000000000e+01,5.312500000000008882e-02,1.586749999999999972e+01,-4.265625000000028422e-02
2.239400000000000091e+03,8.179321289062500000e+01,4.812499999999975131e-02,1.544500000000000028e+01,-8.148437500000049738e-02
2.239500000000000000e+03,8.175659179687500000e+01,4.562499999999980460e-02,1.575000000000000000e+01,-6.562500000000248690e-03
2.239599999999999909e+03,8.201293945312500000e+01,5.812499999999998224e-02,1.590249999999999986e+01,-5.632812500000028422e-02
2.239699999999999818e+03,8.126220703125000000e+01,6.062499999999992895e-02,1.556000000000000050e+01,-1.695312500000056843e-02
2.239800000000000182e+03,8.073120117187500000e+01,5.562500000000003553e-02,1.568750000000000000e+01,-2.953125000000067502e-02
2.239900000000000091e+03,8.047485351562500000e+01,2.812499999999973355e-02,1.568750000000000000e+01,-6.179687500000063949e-02
2.240000000000000000e+03,8.049316406250000000e+01,9.687499999999982236e-02,1.544500000000000028e+01,-4.046875000000049738e-02
2.240099999999999909e+03,8.073120117187500000e+01,4.562499999999980460e-02,1.560749999999999993e+01,-5.632812500000028422e-02
2.240199999999999818e+03,7.911987304687500000e+01,5.562500000000003553e-02,1.580499999999999972e+01,-3.007812500000106581e-02
2.240300000000000182e+03,7.946777343750000000e+01,4.562499999999980460e-02,1.573000000000000043e+01,-7.984375000000110134e-02
2.240400000000000091e+03,7.928466796875000000e+01,7.062500000000015987e-02,1.540750000000000064e+01,-3.828125000000071054e-02
2.240500000000000000e+03,7.924804687500000000e+01,3.562500000000001776e-02,1.544749999999999979e+01,-1.421875000000039080e-02
2.240599999999999909e+03,7.880859375000000000e+01,3.062500000000012434e-02,1.567999999999999972e+01,-2.187500000000675016e-03
2.240699999999999818e+03,7.780151367187500000e+01,2.062499999999989342e-02,1.554999999999999893e+01,-2.625000000000099476e-02
2.240800000000000182e+03,7.827758789062500000e+01,4.062499999999991118e-02,1.521749999999999936e+01,-8.750000000000923706e-03
2.240900000000000091e+03,7.807617187500000000e+01,1.062500000000010658e-02,1.560999999999999943e+01,-3.882812500000110134e-02
2.241000000000000000e+03,7.805786132812500000e+01,5.062500000000014211e-02,1.536749999999999972e+01,-3.117187500000095923e-02
2.241099999999999909e+03,7.717895507812500000e+01,1.312500000000005329e-02,1.569999999999999929e+01,-6.179687500000063949e-02
2.241199999999999818e+03,7.657470703125000000e+01,5.812499999999998224e-02,1.537999999999999901e+01,-1.181250000000009237e-01
2.241300000000000182e+03,7.706909179687500000e+01,4.312499999999985789e-02,1.561749999999999972e+01,-8.881784197001252323e-16
2.241400000000000091e+03,7.688598632812500000e+01,2.562499999999978684e-02,1.558000000000000007e+01,-1.367187500000088818e-02
2.241500000000000000e+03,7.602539062500000000e+01,2.062499999999989342e-02,1.564749999999999908e+01,-5.960937500000085265e-02
2.241599999999999909e+03,7.604370117187500000e+01,5.812499999999998224e-02,1.558000000000000007e+01,-2.843750000000078160e-02
2.241699999999999818e+03,7.551269531250000000e+01,4.062499999999991118e-02,1.568999999999999950e+01,-7.601562500000103029e-02
2.241800000000000182e+03,7.597045898437500000e+01,2.062499999999989342e-02,1.566249999999999964e+01,2.734374999999289457e-03
2.241900000000000091e+03,7.564086914062500000e+01,5.624999999999769074e-03,1.549000000000000021e+01,-5.359375000000099476e-02
2.242000000000000000e+03,7.467041015625000000e+01,-6.812500000000021316e-02,1.554999999999999893e+01,-4.812500000000063949e-02
2.242099999999999909e+03,7.487182617187500000e+01,4.312499999999985789e-02,1.549000000000000021e+01,-4.812500000000063949e-02
2.242199999999999818e+03,7.437744140625000000e+01,5.562500000000003553e-02,1.563749999999999929e+01,-4.484375000000095923e-02
2.242300000000000182e+03,7.485351562500000000e+01,4.312499999999985789e-02,1.559999999999999964e+01,-2.296875000000042633e-02
2.242400000000000091e+03,7.373657226562500000e+01,5.812499999999998224e-02,1.543750000000000000e+01,-4.320312500000067502e-02
2.242500000000000000e+03,7.353515625000000000e+01,4.812499999999975131e-02,1.573000000000000043e+01,-1.421875000000039080e-02
2.242599999999999909e+03,7.377319335937500000e+01,2.062499999999989342e-02,1.572000000000000064e+01,-1.082812500000009948e-01
2.242699999999999818e+03,7.327880859375000000e+01,5.562500000000003553e-02,1.590750000000000064e+01,-2.078125000000063949e-02
2.242800000000000182e+03,7.324218750000000000e+01,3.562500000000001776e-02,1.550750000000000028e+01,-2.296875000000042633e-02
2.242900000000000091e+03,7.260131835937500000e+01,5.000000000000000000e-01,1.572000000000000064e+01,-2.679687500000049738e-02
2.243000000000000000e+03,7.256469726562500000e+01,4.312499999999985789e-02,1.558999999999999986e+01,-7.218750000000095923e-02
2.243099999999999909e+03,7.280273437500000000e+01,6.312499999999987566e-02,1.548749999999999893e+01,-7.000000000000028422e-02
2.243199999999999818e+03,7.229003906250000000e+01,2.812499999999973355e-02,1.564000000000000057e+01,-5.304687500000060396e-02
2.243300000000000182e+03,7.172241210937500000e+01,2.062499999999989342e-02,1.580250000000000021e+01,-2.625000000000099476e-02
2.243400000000000091e+03,7.148437500000000000e+01,4.312499999999985789e-02,1.577749999999999986e+01,-7.000000000000028422e-02
2.243500000000000000e+03,7.144775390625000000e+01,-4.375000000000017764e-02,1.546749999999999936e+01,-1.148437500000110134e-02
2.243599999999999909e+03,7.164916992187500000e+01,3.312500000000007105e-02,1.558999999999999986e+01,-1.093750000000071054e-02
2.243699999999999818e+03,7.049560546875000000e+01,3.312500000000007105e-02,1.553999999999999915e+01,-3.335937500000074607e-02
2.243800000000000182e+03,7.066040039062500000e+01,6.062499999999992895e-02,1.554999999999999893e+01,-1.148437500000110134e-02
2.243900000000000091e+03,7.051391601562500000e+01,4.562499999999980460e-02,1.572749999999999915e+01,-5.140625000000031974e-02
2.244000000000000000e+03,7.044067382812500000e+01,5.812499999999998224e-02,1.561500000000000021e+01,-4.320312500000067502e-02
2.244099999999999909e+03,7.060546875000000000e+01,2.062499999999989342e-02,1.541999999999999993e+01,-7.328125000000085265e-02
2.244199999999999818e+03,6.921386718750000000e+01,4.562499999999980460e-02,1.564000000000000057e+01,-2.460937500000071054e-02
2.244300000000000182e+03,6.967163085937500000e+01,5.562500000000003553e-02,1.578749999999999964e+01,-6.890625000000039080e-02
2.244400000000000091e+03,6.950683593750000000e+01,4.312499999999985789e-02,1.571749999999999936e+01,-4.320312500000067502e-02
2.244500000000000000e+03,6.943359375000000000e+01,5.562500000000003553e-02,1.563499999999999979e+01,-3.882812500000110134e-02
2.244599999999999909e+03,6.893920898437500000e+01,3.562500000000001776e-02,1.556499999999999950e+01,-3.007812500000106581e-02
2.244699999999999818e+03,6.831665039062500000e+01,2.812499999999973355e-02,1.540750000000000064e+01,-3.335937500000074607e-02
2.244800000000000182e+03,6.875610351562500000e+01,4.312499999999985789e-02,1.560999999999999943e+01,-9.843750000000817124e-03
2.244900000000000091e+03,6.860961914062500000e+01,3.312500000000007105e-02,1.549000000000000021e+01,-3.007812500000106581e-02
2.245000000000000000e+03,6.822509765625000000e+01,5.562500000000003553e-02,1.556000000000000050e+01,-4.046875000000049738e-02
2.245099999999999909e+03,6.787719726562500000e+01,2.312499999999984013e-02,1.575000000000000000e+01,-2.187500000000053291e-02
2.245199999999999818e+03,6.740112304687500000e+01,6.562499999999982236e-02,1.566499999999999915e+01,-5.468750000000088818e-02
2.245300000000000182e+03,6.785888671875000000e+01,4.312499999999985789e-02,1.576999999999999957e+01,-2.296875000000042633e-02
2.245400000000000091e+03,6.771240234375000000e+01,3.812499999999996447e-02,1.559750000000000014e+01,-3.554687500000053291e-02
2.245500000000000000e+03,6.683349609375000000e+01,5.562500000000003553e-02,1.536749999999999972e+01,-5.851562500000095923e-02
2.245599999999999909e+03,6.699829101562500000e+01,6.062499999999992895e-02,1.550000000000000000e+01,1.093749999999893419e-02
2.245699999999999818e+03,6.650390625000000000e+01,3.562500000000001776e-02,1.575499999999999901e+01,-5.851562500000095923e-02
2.245800000000000182e+03,6.694335937500000000e+01,5.062500000000014211e-02,1.574000000000000021e+01,-1.859375000000085265e-02
2.245900000000000091e+03,6.619262695312500000e+01,1.312500000000005329e-02,1.550999999999999979e+01,-2.734375000000088818e-02
2.246000000000000000e+03,6.584472656250000000e+01,2.312499999999984013e-02,1.542999999999999972e+01,-3.609375000000092371e-02
2.246099999999999909e+03,6.608276367187500000e+01,6.562499999999982236e-02,1.550999999999999979e+01,-7.492187500000024869e-02
2.246199999999999818e+03,6.560668945312500000e+01,3.812499999999996447e-02,1.558999999999999986e+01,-4.593750000000085265e-02
2.246300000000000182e+03,6.604614257812500000e+01,3.062500000000012434e-02,1.568750000000000000e+01,-9.460937500000099476e-02
2.246400000000000091e+03,6.505737304687500000e+01,6.812499999999976907e-02,1.569999999999999929e+01,-5.960937500000085265e-02
2.246500000000000000e+03,6.491088867187500000e+01,1.812499999999994671e-02,1.555749999999999922e+01,-6.289062500000053291e-02
2.246599999999999909e+03,6.514892578125000000e+01,5.812499999999998224e-02,1.567999999999999972e+01,-4.921875000000852651e-03
2.246699999999999818e+03,6.476440429687500000e+01,5.312500000000008882e-02,1.559999999999999964e+01,-3.335937500000074607e-02
2.246800000000000182e+03,6.448974609375000000e+01,2.312499999999984013e-02,1.589250000000000007e+01,3.117187499999918288e-02
2.246900000000000091e+03,6.423339843750000000e+01,3.562500000000001776e-02,1.564000000000000057e+01,-2.625000000000099476e-02
2.247000000000000000e+03,6.414184570312500000e+01,6.562499999999982236e-02,1.558000000000000007e+01,7.109374999999751310e-03
2.247099999999999909e+03,6.434326171875000000e+01,5.062500000000014211e-02,1.533999999999999986e+01,-2.132812500000103029e-02
2.247199999999999818e+03,6.368408203125000000e+01,5.812499999999998224e-02,1.553749999999999964e+01,-6.835937500000088818e-02
2.247300000000000182e+03,6.353759765625000000e+01,6.312499999999987566e-02,1.568999999999999950e+01,-6.234375000000103029e-02
2.247400000000000091e+03,6.340942382812500000e+01,3.562500000000001776e-02,1.585249999999999915e+01,-4.210937500000078160e-02
2.247500000000000000e+03,6.333618164062500000e+01,4.312499999999985789e-02,1.532750000000000057e+01,-7.820312500000081712e-02
2.247599999999999909e+03,6.353759765625000000e+01,2.812499999999973355e-02,1.572749999999999915e+01,-2.898437500000028422e-02
2.247699999999999818e+03,6.240234375000000000e+01,4.312499999999985789e-02,1.545999999999999908e+01,-1.695312500000056843e-02
2.247800000000000182e+03,6.271362304687500000e+01,1.312500000000005329e-02,1.568500000000000050e+01,-5.304687500000060396e-02
2.247900000000000091e+03,6.258544921875000000e+01,1.562500000000000000e-02,1.566000000000000014e+01,-5.085937500000081712e-02
2.248000000000000000e+03,6.253051757812500000e+01,2.062499999999989342e-02,1.581499999999999950e+01,-9.953125000000095923e-02
2.248099999999999909e+03,6.227416992187500000e+01,1.562500000000000000e-02,1.580499999999999972e+01,-1.476562500000078160e-02
2.248199999999999818e+03,6.154174804687500000e+01,5.062500000000014211e-02,1.568999999999999950e+01,-1.585937500000067502e-02
2.248300000000000182e+03,6.194458007812500000e+01,4.562499999999980460e-02,1.560999999999999943e+01,-5.468750000000355271e-03
2.248400000000000091e+03,6.179809570312500000e+01,2.312499999999984013e-02,1.556000000000000050e+01,-1.093750000000071054e-02
2.248500000000000000e+03,6.172485351562500000e+01,4.562499999999980460e-02,1.565750000000000064e+01,-7.820312500000081712e-02
2.248599999999999909e+03,6.119384765625000000e+01,5.062500000000014211e-02,1.565000000000000036e+01,-1.804687500000046185e-02
2.248699999999999818e+03,6.071777343750000000e+01,5.562500000000003553e-02,1.544749999999999979e+01,-9.898437500000056843e-02
2.248800000000000182e+03,6.108398437500000000e+01,4.812499999999975131e-02,1.559750000000000014e+01,1.093749999999005240e-03
2.248900000000000091e+03,6.099243164062500000e+01,5.062500000000014211e-02,1.555749999999999922e+01,-3.226562500000085265e-02
2.249000000000000000e+03,6.042480468750000000e+01,4.062499999999991118e-02,1.558999999999999986e+01,-3.882812500000110134e-02
2.249099999999999909e+03,6.044311523437500000e+01,4.812499999999975131e-02,1.553999999999999915e+01,2.023437499999936051e-02
2.249199999999999818e+03,6.004028320312500000e+01,6.062499999999992895e-02,1.573749999999999893e+01,-1.028125000000006395e-01
2.249300000000000182e+03,6.040649414062500000e+01,4.312499999999985789e-02,1.544999999999999929e+01,-8.750000000000923706e-03
2.249400000000000091e+03,6.024169921875000000e+01,2.312499999999984013e-02,1.558750000000000036e+01,-3.828125000000071054e-02
2.249500000000000000e+03,5.943603515625000000e+01,4.312499999999985789e-02,1.556000000000000050e+01,-6.015625000000035527e-02
2.249599999999999909e+03,5.961914062500000000e+01,6.812499999999976907e-02,1.549499999999999922e+01,-2.789062500000039080e-02
2.249699999999999818e+03,5.919799804687500000e+01,1.312500000000005329e-02,1.574000000000000021e+01,-6.125000000000024869e-02
2.249800000000000182e+03,5.960083007812500000e+01,5.812499999999998224e-02,1.577999999999999936e+01,-4.703125000000074607e-02
2.249900000000000091e+03,5.894165039062500000e+01,1.562500000000000000e-02,1.545749999999999957e+01,-2.789062500000039080e-02
2.250000000000000000e+03,5.875854492187500000e+01,4.562499999999980460e-02,1.567750000000000021e+01,-8.881784197001252323e-16
2.250099999999999909e+03,5.886840820312500000e+01,5.312500000000008882e-02,1.544999999999999929e+01,3.828124999999182876e-03
2.250199999999999818e+03,5.852050781250000000e+01,5.125000000000001776e-02,1.551999999999999957e+01,-4.976562500000092371e-02
2.250300000000000182e+03,5.857543945312500000e+01,5.562500000000003553e-02,1.561500000000000021e+01,-3.117187500000095923e-02
2.250400000000000091e+03,5.809936523437500000e+01,5.062500000000014211e-02,1.546749999999999936e+01,-4.976562500000092371e-02
2.250500000000000000e+03,5.802612304687500000e+01,5.562500000000003553e-02,1.574750000000000050e+01,-1.859375000000085265e-02
2.250599999999999909e+03,5.822753906250000000e+01,3.812499999999996447e-02,1.567999999999999972e+01,-1.531250000000028422e-02
2.250699999999999818e+03,5.780639648437500000e+01,4.812499999999975131e-02,1.550999999999999979e+01,-7.656250000001030287e-03
2.250800000000000182e+03,5.755004882812500000e+01,6.812499999999976907e-02,1.566000000000000014e+01,-6.398437500000042633e-02
2.250900000000000091e+03,5.742187500000000000e+01,6.062499999999992895e-02,1.561999999999999922e+01,-3.554687500000053291e-02
2.251000000000000000e+03,5.733032226562500000e+01,3.312500000000007105e-02,1.576999999999999957e+01,-4.429687500000056843e-02
2.251099999999999909e+03,5.756835937500000000e+01,3.062500000000012434e-02,1.564749999999999908e+01,-3.171875000000046185e-02
2.251199999999999818e+03,5.674438476562500000e+01,2.312499999999984013e-02,1.560749999999999993e+01,-3.992187500000099476e-02
2.251300000000000182e+03,5.690917968750000000e+01,5.062500000000014211e-02,1.567750000000000021e+01,-1.039062500000031974e-02
2.251400000000000091e+03,5.679931640625000000e+01,3.312500000000007105e-02,1.556000000000000050e+01,-2.460937500000071054e-02
2.251500000000000000e+03,5.674438476562500000e+01,2.312499999999984013e-02,1.551750000000000007e+01,-5.632812500000028422e-02
2.251599999999999909e+03,5.690917968750000000e+01,2.812499999999973355e-02,1.567999999999999972e+01,-1.039062500000031974e-02
2.251699999999999818e+03,5.592041015625000000e+01,3.562500000000001776e-02,1.554749999999999943e+01,9.296874999999538147e-03
2.251800000000000182e+03,5.621337890625000000e+01,5.562500000000003553e-02,1.547000000000000064e+01,-8.421875000000067502e-02
2.251900000000000091e+03,5.612182617187500000e+01,4.062499999999991118e-02,1.577999999999999936e+01,-1.640625000000106581e-02
2.252000000000000000e+03,5.601196289062500000e+01,4.812499999999975131e-02,1.547000000000000064e+01,-1.476562500000078160e-02
2.252099999999999909e+03,5.573730468750000000e+01,6.562499999999982236e-02,1.568750000000000000e+01,-1.203125000000060396e-02
2.252199999999999818e+03,5.522460937500000000e+01,3.812499999999996447e-02,1.572250000000000014e+01,-1.804687500000046185e-02
2.252300000000000182e+03,5.560913085937500000e+01,4.812499999999975131e-02,1.573499999999999943e+01,-2.789062500000039080e-02
2.252400000000000091e+03,5.549926757812500000e+01,4.312499999999985789e-02,1.570999999999999908e+01,-6.289062500000053291e-02
2.252500000000000000e+03,5.526123046875000000e+01,5.562500000000003553e-02,1.556000000000000050e+01,-6.781250000000049738e-02
2.252599999999999909e+03,5.504150390625000000e+01,6.312499999999987566e-02,1.559500000000000064e+01,-4.648437500000035527e-02
2.252699999999999818e+03,5.462036132812500000e+01,6.062499999999992895e-02,1.557750000000000057e+01,-4.046875000000049738e-02
2.252800000000000182e+03,5.500488281250000000e+01,3.312500000000007105e-02,1.568750000000000000e+01,-3.281250000000035527e-02
2.252900000000000091e+03,5.491333007812500000e+01,2.562499999999978684e-02,1.564000000000000057e+01,-1.257812500000099476e-02
2.253000000000000000e+03,5.429077148437500000e+01,2.812499999999973355e-02,1.566000000000000014e+01,-4.429687500000056843e-02
2.253099999999999909e+03,5.443725585937500000e+01,5.312500000000008882e-02,1.560999999999999943e+01,-2.515625000000110134e-02
2.253199999999999818e+03,5.405273437500000000e+01,3.062500000000012434e-02,1.569500000000000028e+01,-3.390625000000024869e-02
2.253300000000000182e+03,5.438232421875000000e+01,4.812499999999975131e-02,1.559999999999999964e+01,-5.796875000000056843e-02
2.253400000000000091e+03,5.396118164062500000e+01,2.562499999999978684e-02,1.581499999999999950e+01,-3.281250000000568434e-03
2.253500000000000000e+03,5.363159179687500000e+01,2.562499999999978684e-02,1.560999999999999943e+01,-6.835937500000088818e-02
2.253599999999999909e+03,5.381469726562500000e+01,7.562500000000005329e-02,1.555749999999999922e+01,-8.750000000000923706e-03
2.253699999999999818e+03,5.343017578125000000e+01,3.062500000000012434e-02,1.552749999999999986e+01,-5.414062500000049738e-02
2.253800000000000182e+03,5.377807617187500000e+01,5.562500000000003553e-02,1.564000000000000057e+01,-3.390625000000024869e-02
2.253900000000000091e+03,5.317382812500000000e+01,1.312500000000005329e-02,1.566000000000000014e+01,2.406249999999943157e-02
2.254000000000000000e+03,5.302734375000000000e+01,4.562499999999980460e-02,1.551999999999999957e+01,-6.453125000000081712e-02
2.254099999999999909e+03,5.322875976562500000e+01,2.062499999999989342e-02,1.551500000000000057e+01,-2.406250000000031974e-02
2.254199999999999818e+03,5.286254882812500000e+01,5.312500000000008882e-02,1.556499999999999950e+01,-3.226562500000085265e-02
2.254300000000000182e+03,5.273437500000000000e+01,5.312500000000008882e-02,1.559999999999999964e+01,-9.296875000000071054e-02
2.254400000000000091e+03,5.251464843750000000e+01,6.812499999999976907e-02,1.561999999999999922e+01,-6.781250000000049738e-02
2.254500000000000000e+03,5.242309570312500000e+01,3.562500000000001776e-02,1.568999999999999950e+01,-1.859375000000085265e-02
2.254599999999999909e+03,5.258789062500000000e+01,-1.118749999999999467e-01,1.567750000000000021e+01,5.468749999999467093e-03
2.254699999999999818e+03,5.222167968750000000e+01,2.062499999999989342e-02,1.573000000000000043e+01,-5.523437500000039080e-02
2.254800000000000182e+03,5.200195312500000000e+01,1.499999999999999112e-01,1.523749999999999893e+01,-6.343750000000092371e-02
2.254900000000000091e+03,5.191040039062500000e+01,1.812499999999994671e-02,1.558750000000000036e+01,2.734374999999289457e-03
2.255000000000000000e+03,5.183715820312500000e+01,4.562499999999980460e-02,1.564000000000000057e+01,-7.109375000000639488e-03
2.255099999999999909e+03,5.202026367187500000e+01,5.562500000000003553e-02,1.582499999999999929e+01,-4.375000000000106581e-02
2.255199999999999818e+03,5.165405273437500000e+01,6.312499999999987566e-02,1.558999999999999986e+01,-1.750000000000095923e-02
2.255300000000000182e+03,5.198364257812500000e+01,-1.331250000000001599e-01,1.556749999999999901e+01,-6.179687500000063949e-02
2.255400000000000091e+03,5.191040039062500000e+01,6.312499999999987566e-02,1.572000000000000064e+01,-4.484375000000095923e-02
2.255500000000000000e+03,5.180053710937500000e+01,6.812499999999976907e-02,1.549750000000000050e+01,-2.625000000000099476e-02
2.255599999999999909e+03,5.207519531250000000e+01,4.312499999999985789e-02,1.562749999999999950e+01,1.421874999999950262e-02
2.255699999999999818e+03,5.165405273437500000e+01,6.812499999999976907e-02,1.565000000000000036e+01,-2.078125000000063949e-02
2.255800000000000182e+03,5.202026367187500000e+01,4.562500000000000000e+00,1.576500000000000057e+01,2.061992187500000284e+01
2.255900000000000091e+03,5.191040039062500000e+01,2.902499999999999858e+00,1.590249999999999986e+01,1.548640624999999993e+01
2.256000000000000000e+03,5.180053710937500000e+01,2.904999999999999805e+00,1.541750000000000043e+01,1.547929687500000107e+01
2.256099999999999909e+03,5.288085937500000000e+01,2.927500000000000213e+00,1.561999999999999922e+01,1.545031250000000078e+01
2.256199999999999818e+03,5.256958007812500000e+01,2.957500000000000018e+00,1.561999999999999922e+01,1.545140625000000156e+01
2.256300000000000182e+03,5.289916992187500000e+01,2.950000000000000178e+00,1.568750000000000000e+01,1.548859375000000149e+01
2.256400000000000091e+03,5.278930664062500000e+01,2.915000000000000036e+00,1.549000000000000021e+01,1.547875000000000156e+01
2.256500000000000000e+03,5.418090820312500000e+01,2.962499999999999911e+00,1.542499999999999893e+01,1.549843750000000142e+01
2.256599999999999909e+03,5.516967773437500000e+01,2.962499999999999911e+00,1.556000000000000050e+01,1.551101562500000064e+01
2.256699999999999818e+03,5.485839843750000000e+01,3.020000000000000018e+00,1.558000000000000007e+01,1.545195312500000107e+01
2.256800000000000182e+03,5.516967773437500000e+01,2.987499999999999822e+00,1.550750000000000028e+01,1.547656250000000000e+01
2.256900000000000091e+03,5.511474609375000000e+01,3.004999999999999893e+00,1.559999999999999964e+01,1.549296875000000107e+01
2.257000000000000000e+03,5.833740234375000000e+01,3.027499999999999858e+00,1.570250000000000057e+01,1.548093750000000135e+01
2.257099999999999909e+03,5.870361328125000000e+01,3.007499999999999840e+00,1.573749999999999893e+01,1.544593750000000121e+01
2.257199999999999818e+03,5.831909179687500000e+01,3.024999999999999911e+00,1.533750000000000036e+01,1.549296875000000107e+01
2.257300000000000182e+03,5.868530273437500000e+01,3.055000000000000160e+00,1.566750000000000043e+01,1.543554687500000000e+01
2.257400000000000091e+03,6.216430664062500000e+01,3.029999999999999805e+00,1.557750000000000057e+01,1.545632812500000064e+01
2.257500000000000000e+03,6.286010742187500000e+01,3.024999999999999911e+00,1.565000000000000036e+01,1.548531250000000092e+01
2.257599999999999909e+03,6.311645507812500000e+01,2.997500000000000053e+00,1.564499999999999957e+01,1.544484375000000043e+01
2.257699999999999818e+03,6.269531250000000000e+01,3.069999999999999840e+00,1.550750000000000028e+01,1.547820312500000028e+01
2.257800000000000182e+03,6.417846679687500000e+01,3.092499999999999805e+00,1.556749999999999901e+01,1.544648437500000071e+01
2.257900000000000091e+03,6.679687500000000000e+01,3.067499999999999893e+00,1.554749999999999943e+01,1.545687500000000014e+01
2.258000000000000000e+03,6.685180664062500000e+01,3.084999999999999964e+00,1.552999999999999936e+01,1.547000000000000064e+01
2.258099999999999909e+03,6.707153320312500000e+01,3.120000000000000107e+00,1.550750000000000028e+01,1.547601562500000050e+01
2.258199999999999818e+03,6.659545898437500000e+01,3.087499999999999911e+00,1.558999999999999986e+01,1.542843750000000114e+01
2.258300000000000182e+03,6.990966796875000000e+01,3.102500000000000036e+00,1.560749999999999993e+01,1.549843750000000142e+01
2.258400000000000091e+03,7.007446289062500000e+01,3.082500000000000018e+00,1.557750000000000057e+01,1.547492187500000149e+01
2.258500000000000000e+03,7.001953125000000000e+01,3.107499999999999929e+00,1.553749999999999964e+01,1.544484375000000043e+01
2.258599999999999909e+03,7.023925781250000000e+01,3.145000000000000018e+00,1.544999999999999929e+01,1.546070312500000021e+01
2.258699999999999818e+03,7.152099609375000000e+01,3.117500000000000160e+00,1.565750000000000064e+01,1.547601562500000050e+01
2.258800000000000182e+03,7.309570312500000000e+01,3.122500000000000053e+00,1.549750000000000050e+01,1.545960937500000121e+01
2.258900000000000091e+03,7.296752929687500000e+01,3.149999999999999911e+00,1.549750000000000050e+01,1.547875000000000156e+01
2.259000000000000000e+03,7.293090820312500000e+01,3.132499999999999840e+00,1.576999999999999957e+01,1.546945312500000114e+01
2.259099999999999909e+03,7.316894531250000000e+01,3.162500000000000089e+00,1.555749999999999922e+01,1.546835937500000036e+01
2.259199999999999818e+03,7.510986328125000000e+01,3.157500000000000195e+00,1.541000000000000014e+01,1.543828125000000107e+01
2.259300000000000182e+03,7.575073242187500000e+01,3.112499999999999822e+00,1.572000000000000064e+01,1.544375000000000142e+01
2.259400000000000091e+03,7.554931640625000000e+01,3.182500000000000107e+00,1.554749999999999943e+01,1.552523437500000014e+01
2.259500000000000000e+03,7.553100585937500000e+01,3.174999999999999822e+00,1.558750000000000036e+01,1.550664062500000107e+01
2.259599999999999909e+03,7.770996093750000000e+01,3.185000000000000053e+00,1.565750000000000064e+01,1.548695312500000121e+01
2.259699999999999818e+03,7.769165039062500000e+01,3.187500000000000000e+00,1.566750000000000043e+01,1.548531250000000092e+01
2.259800000000000182e+03,7.814941406250000000e+01,3.220000000000000195e+00,1.539000000000000057e+01,1.548585937500000043e+01
2.259900000000000091e+03,7.798461914062500000e+01,3.200000000000000178e+00,1.561749999999999972e+01,1.545632812500000064e+01
2.260000000000000000e+03,7.862548828125000000e+01,3.187500000000000000e+00,1.583499999999999908e+01,1.546726562500000135e+01
2.260099999999999909e+03,8.041992187500000000e+01,3.232499999999999929e+00,1.552749999999999986e+01,1.545632812500000064e+01
2.260199999999999818e+03,7.998046875000000000e+01,3.169999999999999929e+00,1.596749999999999936e+01,1.546507812500000156e+01
2.260300000000000182e+03,8.049316406250000000e+01,3.189999999999999947e+00,1.569999999999999929e+01,1.536062500000000064e+01
2.260400000000000091e+03,8.025512695312500000e+01,3.217499999999999805e+00,1.560999999999999943e+01,1.545632812500000064e+01
2.260500000000000000e+03,8.214111328125000000e+01,3.214999999999999858e+00,1.589499999999999957e+01,1.543117187500000043e+01
2.260599999999999909e+03,8.256225585937500000e+01,3.222500000000000142e+00,1.544749999999999979e+01,1.546015625000000071e+01
2.260699999999999818e+03,8.208618164062500000e+01,3.247500000000000053e+00,1.525999999999999979e+01,1.541640625000000142e+01
2.260800000000000182e+03,8.259887695312500000e+01,3.287500000000000089e+00,1.577999999999999936e+01,1.552359375000000163e+01
2.260900000000000091e+03,8.356933593750000000e+01,3.252499999999999947e+00,1.566000000000000014e+01,1.547000000000000064e+01
2.261000000000000000e+03,8.433837890625000000e+01,3.242500000000000160e+00,1.556000000000000050e+01,1.544976562500000128e+01
2.261099999999999909e+03,8.459472656250000000e+01,3.280000000000000249e+00,1.587749999999999950e+01,1.540765625000000050e+01
2.261199999999999818e+03,8.408203125000000000e+01,3.257499999999999840e+00,1.516000000000000014e+01,1.544539062499999993e+01
2.261300000000000182e+03,8.457641601562500000e+01,3.282500000000000195e+00,1.590750000000000064e+01,1.548148437500000085e+01
2.261400000000000091e+03,8.622436523437500000e+01,3.277499999999999858e+00,1.545999999999999908e+01,1.550281250000000099e+01
2.261500000000000000e+03,8.637084960937500000e+01,3.327500000000000124e+00,1.564749999999999908e+01,1.541804687499999993e+01
2.261599999999999909e+03,8.660888671875000000e+01,3.270000000000000018e+00,1.539000000000000057e+01,1.546562500000000107e+01
2.261699999999999818e+03,8.609619140625000000e+01,3.332500000000000018e+00,1.544999999999999929e+01,1.549789062500000014e+01
2.261800000000000182e+03,8.812866210937500000e+01,3.314999999999999947e+00,1.567999999999999972e+01,1.543609375000000128e+01
2.261900000000000091e+03,8.823852539062500000e+01,3.297499999999999876e+00,1.566000000000000014e+01,1.552578125000000142e+01
2.262000000000000000e+03,8.827514648437500000e+01,3.362499999999999822e+00,1.570999999999999908e+01,1.549843750000000142e+01
2.262099999999999909e+03,8.849487304687500000e+01,3.310000000000000053e+00,1.554749999999999943e+01,1.545523437500000163e+01
2.262199999999999818e+03,8.836669921875000000e+01,3.352500000000000036e+00,1.555499999999999972e+01,1.547328125000000121e+01
2.262300000000000182e+03,9.038085937500000000e+01,3.372500000000000053e+00,1.556000000000000050e+01,1.544484375000000043e+01
2.262400000000000091e+03,9.016113281250000000e+01,3.384999999999999787e+00,1.575000000000000000e+01,1.545796875000000092e+01
2.262500000000000000e+03,9.017944335937500000e+01,3.362499999999999822e+00,1.559999999999999964e+01,1.543007812500000142e+01
2.262599999999999909e+03,9.043579101562500000e+01,3.382499999999999840e+00,1.568750000000000000e+01,1.541203125000000007e+01
2.262699999999999818e+03,9.146118164062500000e+01,3.365000000000000213e+00,1.562749999999999950e+01,1.546398437500000078e+01
2.262800000000000182e+03,9.224853515625000000e+01,3.372500000000000053e+00,1.570749999999999957e+01,1.545906249999999993e+01
2.262900000000000091e+03,9.191894531250000000e+01,3.392500000000000071e+00,1.562749999999999950e+01,1.549296875000000107e+01
2.263000000000000000e+03,9.199218750000000000e+01,3.415000000000000036e+00,1.551750000000000007e+01,1.548421875000000014e+01
2.263099999999999909e+03,9.331054687500000000e+01,3.405000000000000249e+00,1.552749999999999986e+01,1.550882812500000085e+01
2.263199999999999818e+03,9.343872070312500000e+01,3.412500000000000089e+00,1.548749999999999893e+01,1.545359375000000135e+01
2.263300000000000182e+03,9.406127929687500000e+01,3.427500000000000213e+00,1.546749999999999936e+01,1.544648437500000071e+01
2.263400000000000091e+03,9.371337890625000000e+01,3.427500000000000213e+00,1.549000000000000021e+01,1.544812500000000099e+01
2.263500000000000000e+03,9.378662109375000000e+01,3.437500000000000000e+00,1.566999999999999993e+01,1.548257812500000163e+01
2.263599999999999909e+03,9.563598632812500000e+01,3.417499999999999982e+00,1.575999999999999979e+01,1.544265625000000064e+01
2.263699999999999818e+03,9.517822265625000000e+01,3.424999999999999822e+00,1.553999999999999915e+01,1.547054687500000014e+01
2.263800000000000182e+03,9.576416015625000000e+01,3.459999999999999964e+00,1.553999999999999915e+01,1.546125000000000149e+01
2.263900000000000091e+03,9.537963867187500000e+01,3.470000000000000195e+00,1.533750000000000036e+01,1.545085937500000028e+01
2.264000000000000000e+03,9.691772460937500000e+01,3.459999999999999964e+00,1.550750000000000028e+01,1.542679687500000085e+01
2.264099999999999909e+03,9.743041992187500000e+01,3.455000000000000071e+00,1.568999999999999950e+01,1.547984375000000057e+01
2.264199999999999818e+03,9.691772460937500000e+01,3.490000000000000213e+00,1.587250000000000050e+01,1.546507812500000156e+01
2.264300000000000182e+03,9.743041992187500000e+01,3.484999999999999876e+00,1.549750000000000050e+01,1.544210937500000114e+01
2.264400000000000091e+03,9.766845703125000000e+01,3.504999999999999893e+00,1.559500000000000064e+01,1.547820312500000028e+01
2.264500000000000000e+03,9.898681640625000000e+01,3.512500000000000178e+00,1.574000000000000021e+01,1.545851562500000043e+01
2.264599999999999909e+03,9.920654296875000000e+01,3.495000000000000107e+00,1.547749999999999915e+01,1.547492187500000149e+01
2.264699999999999818e+03,9.867553710937500000e+01,3.522499999999999964e+00,1.580499999999999972e+01,1.550335937500000050e+01
2.264800000000000182e+03,9.922485351562500000e+01,3.512500000000000178e+00,1.564000000000000057e+01,1.547984375000000057e+01
2.264900000000000091e+03,1.003417968750000000e+02,3.507500000000000284e+00,1.584500000000000064e+01,1.544429687500000092e+01
2.265000000000000000e+03,1.005981445312500000e+02,3.517500000000000071e+00,1.537999999999999901e+01,1.545250000000000057e+01
2.265099999999999909e+03,1.008178710937500000e+02,3.540000000000000036e+00,1.575000000000000000e+01,1.547109375000000142e+01
2.265199999999999818e+03,1.002685546875000000e+02,3.522499999999999964e+00,1.560999999999999943e+01,1.546289062500000000e+01
2.265300000000000182e+03,1.019531250000000000e+02,3.557500000000000107e+00,1.567999999999999972e+01,1.549078125000000128e+01
2.265400000000000091e+03,1.021179199218750000e+02,3.560000000000000053e+00,1.533999999999999986e+01,1.547820312500000028e+01
2.265500000000000000e+03,1.023193359375000000e+02,3.540000000000000036e+00,1.560500000000000043e+01,1.543554687500000000e+01
2.265599999999999909e+03,1.025390625000000000e+02,3.572499999999999787e+00,1.564749999999999908e+01,1.545796875000000092e+01
2.265699999999999818e+03,1.020080566406250000e+02,3.564999999999999947e+00,1.554749999999999943e+01,1.549296875000000107e+01
2.265800000000000182e+03,1.041687011718750000e+02,3.612499999999999822e+00,1.535999999999999943e+01,1.544593750000000121e+01
2.265900000000000091e+03,1.038757324218750000e+02,3.612499999999999822e+00,1.558999999999999986e+01,1.546398437500000078e+01
2.266000000000000000e+03,1.040588378906250000e+02,3.572499999999999787e+00,1.566000000000000014e+01,1.544320312500000014e+01
2.266099999999999909e+03,1.042602539062500000e+02,3.604999999999999982e+00,1.547000000000000064e+01,1.545960937500000121e+01
2.266199999999999818e+03,1.050292968750000000e+02,3.622500000000000053e+00,1.573749999999999893e+01,1.542679687500000085e+01
2.266300000000000182e+03,1.059631347656250000e+02,3.615000000000000213e+00,1.540000000000000036e+01,1.546781250000000085e+01
2.266400000000000091e+03,1.055969238281250000e+02,3.617500000000000160e+00,1.591000000000000014e+01,1.549242187500000156e+01
2.266500000000000000e+03,1.057800292968750000e+02,3.632500000000000284e+00,1.539749999999999908e+01,1.545085937500000028e+01
2.266599999999999909e+03,1.065856933593750000e+02,3.637500000000000178e+00,1.568999999999999950e+01,1.550445312500000128e+01
2.266699999999999818e+03,1.069152832031250000e+02,3.592500000000000249e+00,1.558999999999999986e+01,1.554875000000000007e+01
2.266800000000000182e+03,1.076293945312500000e+02,3.652499999999999858e+00,1.547749999999999915e+01,1.546617187500000057e+01
2.266900000000000091e+03,1.071716308593750000e+02,3.665000000000000036e+00,1.568500000000000050e+01,1.546890625000000163e+01
2.267000000000000000e+03,1.073547363281250000e+02,3.672499999999999876e+00,1.569500000000000028e+01,1.551539062500000021e+01
2.267099999999999909e+03,1.090942382812500000e+02,3.669999999999999929e+00,1.575999999999999979e+01,1.544429687500000092e+01
2.267199999999999818e+03,1.086914062500000000e+02,3.692499999999999893e+00,1.575000000000000000e+01,1.547820312500000028e+01
2.267300000000000182e+03,1.092590332031250000e+02,3.719999999999999751e+00,1.553749999999999964e+01,1.543500000000000050e+01
2.267400000000000091e+03,1.088745117187500000e+02,3.680000000000000160e+00,1.554749999999999943e+01,1.542460937500000107e+01
2.267500000000000000e+03,1.102111816406250000e+02,3.712499999999999911e+00,1.573000000000000043e+01,1.546398437500000078e+01
2.267599999999999909e+03,1.109069824218750000e+02,3.717500000000000249e+00,1.542999999999999972e+01,1.546070312500000021e+01
2.267699999999999818e+03,1.103759765625000000e+02,3.727500000000000036e+00,1.548749999999999893e+01,1.546015625000000071e+01
2.267800000000000182e+03,1.110168457031250000e+02,3.725000000000000089e+00,1.570999999999999908e+01,1.544593750000000121e+01
2.267900000000000091e+03,1.105773925781250000e+02,3.765000000000000124e+00,1.558999999999999986e+01,1.551484375000000071e+01
2.268000000000000000e+03,1.123535156250000000e+02,3.782499999999999751e+00,1.568999999999999950e+01,1.546781250000000085e+01
2.268099999999999909e+03,1.126464843750000000e+02,3.620000000000000107e+00,1.573000000000000043e+01,1.549187500000000028e+01
2.268199999999999818e+03,1.120422363281250000e+02,3.785000000000000142e+00,1.550999999999999979e+01,1.544921875000000000e+01
2.268300000000000182e+03,1.126831054687500000e+02,3.790000000000000036e+00,1.565000000000000036e+01,1.551703125000000050e+01
2.268400000000000091e+03,1.136718750000000000e+02,3.827500000000000124e+00,1.553999999999999915e+01,1.545960937500000121e+01
2.268500000000000000e+03,1.141479492187500000e+02,3.850000000000000089e+00,1.559750000000000014e+01,1.548367187500000064e+01
2.268599999999999909e+03,1.143676757812500000e+02,3.830000000000000071e+00,1.567750000000000021e+01,1.548257812500000163e+01
2.268699999999999818e+03,1.137634277343750000e+02,3.859999999999999876e+00,1.569999999999999929e+01,1.547000000000000064e+01
2.268800000000000182e+03,1.152282714843750000e+02,3.917499999999999982e+00,1.546749999999999936e+01,1.544429687500000092e+01
2.268900000000000091e+03,1.155944824218750000e+02,3.884999999999999787e+00,1.547499999999999964e+01,1.548585937500000043e+01
2.269000000000000000e+03,1.158874511718750000e+02,3.882500000000000284e+00,1.577999999999999936e+01,1.546070312500000021e+01
2.269099999999999909e+03,1.160705566406250000e+02,3.890000000000000124e+00,1.574499999999999922e+01,1.546343750000000128e+01
2.269199999999999818e+03,1.155029296875000000e+02,3.902499999999999858e+00,1.548749999999999893e+01,1.548203125000000036e+01
2.269300000000000182e+03,1.178100585937500000e+02,3.927500000000000213e+00,1.576999999999999957e+01,1.545578125000000114e+01
2.269400000000000091e+03,1.173889160156250000e+02,3.910000000000000142e+00,1.570749999999999957e+01,1.549132812500000078e+01
2.269500000000000000e+03,1.176635742187500000e+02,3.952500000000000124e+00,1.560500000000000043e+01,1.545523437500000163e+01
2.269599999999999909e+03,1.178466796875000000e+02,3.942499999999999893e+00,1.557000000000000028e+01,1.548640624999999993e+01
2.269699999999999818e+03,1.186889648437500000e+02,3.955000000000000071e+00,1.540000000000000036e+01,1.548695312500000121e+01
2.269800000000000182e+03,1.197143554687500000e+02,3.987499999999999822e+00,1.564749999999999908e+01,1.544484375000000043e+01
2.269900000000000091e+03,1.192199707031250000e+02,3.977500000000000036e+00,1.569749999999999979e+01,1.547109375000000142e+01
2.270000000000000000e+03,1.195129394531250000e+02,4.035000000000000142e+00,1.566750000000000043e+01,1.550445312500000128e+01
2.270099999999999909e+03,1.201171875000000000e+02,4.025000000000000355e+00,1.543999999999999950e+01,1.550007812499999993e+01
2.270199999999999818e+03,1.208496093750000000e+02,4.060000000000000497e+00,1.536999999999999922e+01,1.543718750000000028e+01
2.270300000000000182e+03,1.215454101562500000e+02,4.040000000000000036e+00,1.569749999999999979e+01,1.548312500000000114e+01
2.270400000000000091e+03,1.210144042968750000e+02,4.035000000000000142e+00,1.556000000000000050e+01,1.542843750000000114e+01
2.270500000000000000e+03,1.213256835937500000e+02,4.072499999999999787e+00,1.552749999999999986e+01,1.538250000000000028e+01
2.270599999999999909e+03,1.216186523437500000e+02,4.107499999999999929e+00,1.553749999999999964e+01,1.551757812500000000e+01
2.270699999999999818e+03,1.211059570312500000e+02,4.084999999999999964e+00,1.574000000000000021e+01,1.547546875000000099e+01
2.270800000000000182e+03,1.217468261718750000e+02,4.107499999999999929e+00,1.558999999999999986e+01,1.546507812500000156e+01
2.270900000000000091e+03,1.211975097656250000e+02,4.150000000000000355e+00,1.558999999999999986e+01,1.546125000000000149e+01
2.271000000000000000e+03,1.214904785156250000e+02,5.562500000000003553e-02,1.542999999999999972e+01,-2.351562500000081712e-02
2.271099999999999909e+03,1.216735839843750000e+02,1.812499999999994671e-02,1.577749999999999986e+01,-1.531250000000028422e-02
2.271199999999999818e+03,1.211059570312500000e+02,3.062500000000012434e-02,1.570999999999999908e+01,-1.968750000000074607e-02
2.271300000000000182e+03,1.217102050781250000e+02,5.624999999999769074e-03,1.534500000000000064e+01,-1.367187500000088818e-02
2.271400000000000091e+03,1.212158203125000000e+02,4.562499999999980460e-02,1.566999999999999993e+01,-3.445312500000063949e-02
2.271500000000000000e+03,1.215270996093750000e+02,5.062500000000014211e-02,1.572000000000000064e+01,-4.375000000000461853e-03
2.271599999999999909e+03,1.216369628906250000e+02,2.812499999999973355e-02,1.543999999999999950e+01,-6.890625000000039080e-02
2.271699999999999818e+03,1.211242675781250000e+02,1.562500000000000000e-02,1.553749999999999964e+01,-2.460937500000071054e-02
2.271800000000000182e+03,1.217468261718750000e+02,1.812499999999994671e-02,1.572499999999999964e+01,-4.375000000000461853e-03
2.271900000000000091e+03,1.200805664062500000e+02,8.312499999999989342e-02,1.541000000000000014e+01,-6.289062500000053291e-02
2.272000000000000000e+03,1.200805664062500000e+02,6.312499999999987566e-02,1.522749999999999915e+01,-4.648437500000035527e-02
2.272099999999999909e+03,1.202087402343750000e+02,3.562500000000001776e-02,1.545749999999999957e+01,-6.671875000000060396e-02
2.272199999999999818e+03,1.196960449218750000e+02,3.562500000000001776e-02,1.556000000000000050e+01,-7.109375000000639488e-03
2.272300000000000182e+03,1.193298339843750000e+02,3.312500000000007105e-02,1.565000000000000036e+01,-3.117187500000095923e-02
2.272400000000000091e+03,1.170043945312500000e+02,3.562500000000001776e-02,1.557000000000000028e+01,-6.070312500000074607e-02
2.272500000000000000e+03,1.171875000000000000e+02,1.812499999999994671e-02,1.554749999999999943e+01,-1.531250000000028422e-02
2.272599999999999909e+03,1.173339843750000000e+02,3.562500000000001776e-02,1.552999999999999936e+01,-4.210937500000078160e-02
2.272699999999999818e+03,1.167663574218750000e+02,-5.000000000000026645e-02,1.561999999999999922e+01,-2.625000000000099476e-02
2.272800000000000182e+03,1.135986328125000000e+02,6.562499999999982236e-02,1.571749999999999936e+01,-9.078125000000092371e-02
2.272900000000000091e+03,1.127563476562500000e+02,5.312500000000008882e-02,1.544999999999999929e+01,-3.117187500000095923e-02
2.273000000000000000e+03,1.129943847656250000e+02,3.562500000000001776e-02,1.547749999999999915e+01,8.203124999999644729e-03
2.273099999999999909e+03,1.131408691406250000e+02,4.062499999999991118e-02,1.583999999999999986e+01,-3.773437500000031974e-02
2.273199999999999818e+03,1.102111816406250000e+02,1.312500000000005329e-02,1.571250000000000036e+01,-3.390625000000024869e-02
2.273300000000000182e+03,1.095336914062500000e+02,1.312500000000005329e-02,1.574249999999999972e+01,-5.250000000000110134e-02
2.273400000000000091e+03,1.090942382812500000e+02,2.562499999999978684e-02,1.556749999999999901e+01,-3.390625000000024869e-02
2.273500000000000000e+03,1.092773437500000000e+02,2.562499999999978684e-02,1.551999999999999957e+01,-5.523437500000039080e-02
2.273599999999999909e+03,1.093688964843750000e+02,4.562499999999980460e-02,1.584500000000000064e+01,-4.429687500000056843e-02
2.273699999999999818e+03,1.059265136718750000e+02,4.312499999999985789e-02,1.547749999999999915e+01,-2.625000000000099476e-02
2.273800000000000182e+03,1.064025878906250000e+02,2.562499999999978684e-02,1.578999999999999915e+01,-5.250000000000110134e-02
2.273900000000000091e+03,1.059814453125000000e+02,3.812499999999996447e-02,1.568999999999999950e+01,-3.937500000000060396e-02
2.274000000000000000e+03,1.061645507812500000e+02,2.312499999999984013e-02,1.556000000000000050e+01,-7.000000000000028422e-02
2.274099999999999909e+03,1.041137695312500000e+02,2.812499999999973355e-02,1.580499999999999972e+01,-3.828125000000071054e-02
2.274199999999999818e+03,1.031433105468750000e+02,3.062500000000012434e-02,1.571499999999999986e+01,-5.468750000000088818e-02
2.274300000000000182e+03,1.036743164062500000e+02,5.062500000000014211e-02,1.564000000000000057e+01,-7.054687500000067502e-02
2.274400000000000091e+03,1.032897949218750000e+02,5.312500000000008882e-02,1.561500000000000021e+01,-7.656250000001030287e-03
2.274500000000000000e+03,1.025939941406250000e+02,1.562500000000000000e-02,1.570500000000000007e+01,1.531249999999939604e-02
2.274599999999999909e+03,1.013671875000000000e+02,3.812499999999996447e-02,1.550999999999999979e+01,4.921874999999076294e-03
2.274699999999999818e+03,1.006896972656250000e+02,6.062499999999992895e-02,1.544999999999999929e+01,-1.093750000000071054e-02
2.274800000000000182e+03,1.012390136718750000e+02,4.562499999999980460e-02,1.543750000000000000e+01,-2.187500000000053291e-02
2.274900000000000091e+03,1.008911132812500000e+02,5.312500000000008882e-02,1.548749999999999893e+01,-3.609375000000092371e-02
2.275000000000000000e+03,9.902343750000000000e+01,8.124999999999715783e-03,1.571499999999999986e+01,-4.812500000000063949e-02
2.275099999999999909e+03,9.904174804687500000e+01,2.312499999999984013e-02,1.533750000000000036e+01,-5.632812500000028422e-02
2.275199999999999818e+03,9.847412109375000000e+01,7.062500000000015987e-02,1.534999999999999964e+01,3.609374999999914735e-02
2.275300000000000182e+03,9.907836914062500000e+01,3.812499999999996447e-02,1.574000000000000021e+01,-2.187500000000675016e-03
2.275400000000000091e+03,9.737548828125000000e+01,2.312499999999984013e-02,1.558750000000000036e+01,-1.804687500000046185e-02
2.275500000000000000e+03,9.689941406250000000e+01,5.812499999999998224e-02,1.561500000000000021e+01,-4.757812500000024869e-02
2.275599999999999909e+03,9.706420898437500000e+01,8.312499999999989342e-02,1.556000000000000050e+01,-1.257812500000099476e-02
2.275699999999999818e+03,9.647827148437500000e+01,4.812499999999975131e-02,1.545500000000000007e+01,-2.570312500000060396e-02
2.275800000000000182e+03,9.706420898437500000e+01,1.812499999999994671e-02,1.556000000000000050e+01,1.749999999999918288e-02
2.275900000000000091e+03,9.512329101562500000e+01,3.124999999999822364e-03,1.575750000000000028e+01,-3.500000000000103029e-02
2.276000000000000000e+03,9.517822265625000000e+01,2.062499999999989342e-02,1.550999999999999979e+01,-5.304687500000060396e-02
2.276099999999999909e+03,9.537963867187500000e+01,2.312499999999984013e-02,1.566750000000000043e+01,-7.546875000000063949e-02
2.276199999999999818e+03,9.479370117187500000e+01,5.062500000000014211e-02,1.573000000000000043e+01,1.203124999999971578e-02
2.276300000000000182e+03,9.395141601562500000e+01,5.562500000000003553e-02,1.547000000000000064e+01,-4.648437500000035527e-02
2.276400000000000091e+03,9.336547851562500000e+01,1.312500000000005329e-02,1.569749999999999979e+01,-5.687500000000067502e-02
2.276500000000000000e+03,9.343872070312500000e+01,5.624999999999769074e-03,1.547749999999999915e+01,-5.031250000000042633e-02
2.276599999999999909e+03,9.362182617187500000e+01,3.062500000000012434e-02,1.556749999999999901e+01,1.039062499999943157e-02
2.276699999999999818e+03,9.239501953125000000e+01,3.062500000000012434e-02,1.566000000000000014e+01,-1.968750000000074607e-02
2.276800000000000182e+03,9.201049804687500000e+01,6.562499999999982236e-02,1.556000000000000050e+01,-1.750000000000095923e-02
2.276900000000000091e+03,9.164428710937500000e+01,3.062500000000012434e-02,1.556749999999999901e+01,-1.011718750000003553e-01
2.277000000000000000e+03,9.171752929687500000e+01,1.562500000000000000e-02,1.556749999999999901e+01,-1.039062500000031974e-02
2.277099999999999909e+03,9.190063476562500000e+01,4.562499999999980460e-02,1.540750000000000064e+01,-5.960937500000085265e-02
2.277199999999999818e+03,9.001464843750000000e+01,4.312499999999985789e-02,1.549000000000000021e+01,-2.515625000000110134e-02
2.277300000000000182e+03,9.043579101562500000e+01,5.312500000000008882e-02,1.549000000000000021e+01,-3.882812500000110134e-02
2.277400000000000091e+03,9.014282226562500000e+01,5.062500000000014211e-02,1.559500000000000064e+01,-1.585937500000067502e-02
2.277500000000000000e+03,9.023437500000000000e+01,3.062500000000012434e-02,1.561749999999999972e+01,-5.250000000000110134e-02
2.277599999999999909e+03,8.948364257812500000e+01,5.312500000000008882e-02,1.548749999999999893e+01,3.828124999999182876e-03
2.277699999999999818e+03,8.840332031250000000e+01,7.312500000000010658e-02,1.546749999999999936e+01,-3.390625000000024869e-02
2.277800000000000182e+03,8.891601562500000000e+01,4.812499999999975131e-02,1.556000000000000050e+01,-7.218750000000095923e-02
2.277900000000000091e+03,8.864135742187500000e+01,5.812499999999998224e-02,1.549000000000000021e+01,-3.335937500000074607e-02
2.278000000000000000e+03,8.873291015625000000e+01,6.062499999999992895e-02,1.563499999999999979e+01,-6.398437500000042633e-02
2.278099999999999909e+03,8.759765625000000000e+01,2.812499999999973355e-02,1.564000000000000057e+01,-5.140625000000031974e-02
2.278199999999999818e+03,8.699340820312500000e+01,4.812499999999975131e-02,1.569999999999999929e+01,-6.726562500000099476e-02
2.278300000000000182e+03,8.752441406250000000e+01,5.312500000000008882e-02,1.550999999999999979e+01,-6.234375000000103029e-02
2.278400000000000091e+03,8.724975585937500000e+01,6.562499999999982236e-02,1.558750000000000036e+01,-1.859375000000085265e-02
2.278500000000000000e+03,8.618774414062500000e+01,1.812499999999994671e-02,1.563749999999999929e+01,-5.195312500000071054e-02
2.278599999999999909e+03,8.611450195312500000e+01,4.312499999999985789e-02,1.561999999999999922e+01,-7.929687500000071054e-02
2.278699999999999818e+03,8.556518554687500000e+01,6.312499999999987566e-02,1.548499999999999943e+01,-2.187500000000053291e-02
2.278800000000000182e+03,8.607788085937500000e+01,2.312499999999984013e-02,1.539000000000000057e+01,-6.617187500000110134e-02
2.278900000000000091e+03,8.543701171875000000e+01,4.062499999999991118e-02,1.563749999999999929e+01,-3.062500000000056843e-02
2.279000000000000000e+03,8.464965820312500000e+01,5.062500000000014211e-02,1.560749999999999993e+01,1.640624999999928946e-02
2.279099999999999909e+03,8.483276367187500000e+01,2.812499999999973355e-02,1.561749999999999972e+01,-6.289062500000053291e-02
2.279199999999999818e+03,8.430175781250000000e+01,2.918750000000001066e-01,1.558750000000000036e+01,1.640624999999396039e-03
2.279300000000000182e+03,8.481445312500000000e+01,3.062500000000012434e-02,1.584750000000000014e+01,1.257812499999921840e-02
2.279400000000000091e+03,8.329467773437500000e+01,5.312500000000008882e-02,1.558999999999999986e+01,-1.257812500000099476e-02
2.279500000000000000e+03,8.318481445312500000e+01,2.062499999999989342e-02,1.552999999999999936e+01,-5.742187500000106581e-02
2.279599999999999909e+03,8.338623046875000000e+01,2.312499999999984013e-02,1.591499999999999915e+01,-8.750000000000923706e-03
2.279699999999999818e+03,8.287353515625000000e+01,3.312500000000007105e-02,1.547499999999999964e+01,-5.468750000003907985e-04
2.279800000000000182e+03,8.267211914062500000e+01,1.312500000000005329e-02,1.564749999999999908e+01,-3.117187500000095923e-02
2.279900000000000091e+03,8.199462890625000000e+01,4.062499999999991118e-02,1.564000000000000057e+01,-4.976562500000092371e-02
2.280000000000000000e+03,8.199462890625000000e+01,5.562500000000003553e-02,1.580499999999999972e+01,-6.562500000000071054e-02
2.280099999999999909e+03,8.219604492187500000e+01,6.062499999999992895e-02,1.544999999999999929e+01,-6.125000000000024869e-02
2.280199999999999818e+03,8.170166015625000000e+01,3.312500000000007105e-02,1.575750000000000028e+01,-4.265625000000028422e-02
2.280300000000000182e+03,8.098754882812500000e+01,5.624999999999769074e-03,1.541999999999999993e+01,-6.562500000000248690e-03
2.280400000000000091e+03,8.069458007812500000e+01,6.312499999999987566e-02,1.570749999999999957e+01,-1.088281250000004974e-01
2.280500000000000000e+03,8.067626953125000000e+01,7.125000000000003553e-02,1.566000000000000014e+01,-4.593750000000085265e-02
2.280599999999999909e+03,8.091430664062500000e+01,4.062499999999991118e-02,1.533999999999999986e+01,-6.617187500000110134e-02
2.280699999999999818e+03,7.943115234375000000e+01,4.312499999999985789e-02,1.553500000000000014e+01,-7.000000000000028422e-02
2.280800000000000182e+03,7.970581054687500000e+01,4.312499999999985789e-02,1.570749999999999957e+01,8.203124999999644729e-03
2.280900000000000091e+03,7.950439453125000000e+01,4.812499999999975131e-02,1.560749999999999993e+01,-5.468750000000355271e-03
2.281000000000000000e+03,7.948608398437500000e+01,6.062499999999992895e-02,1.541999999999999993e+01,-9.843750000000817124e-03
2.281099999999999909e+03,7.941284179687500000e+01,2.562499999999978684e-02,1.537749999999999950e+01,-2.023437500000024869e-02
2.281199999999999818e+03,7.807617187500000000e+01,4.562499999999980460e-02,1.552749999999999986e+01,-3.062500000000056843e-02
2.281300000000000182e+03,7.846069335937500000e+01,2.062499999999989342e-02,1.540000000000000036e+01,-4.210937500000078160e-02
2.281400000000000091e+03,7.831420898437500000e+01,3.062500000000012434e-02,1.543999999999999950e+01,-3.609375000000092371e-02
2.281500000000000000e+03,7.831420898437500000e+01,5.062500000000014211e-02,1.568500000000000050e+01,-5.414062500000049738e-02
2.281599999999999909e+03,7.750854492187500000e+01,5.562500000000003553e-02,1.568999999999999950e+01,2.296874999999953815e-02
2.281699999999999818e+03,7.688598632812500000e+01,2.812499999999973355e-02,1.566000000000000014e+01,-6.015625000000746070e-03
2.281800000000000182e+03,7.736206054687500000e+01,5.062500000000014211e-02,1.559750000000000014e+01,-8.203125000000532907e-03
2.281900000000000091e+03,7.716064453125000000e+01,4.312499999999985789e-02,1.570999999999999908e+01,1.640624999999396039e-03
2.282000000000000000e+03,7.646484375000000000e+01,-1.875000000000071054e-03,1.554749999999999943e+01,-5.031250000000042633e-02
2.282099999999999909e+03,7.620849609375000000e+01,6.312499999999987566e-02,1.585749999999999993e+01,-2.734375000001065814e-03
2.282199999999999818e+03,7.569580078125000000e+01,3.062500000000012434e-02,1.557750000000000057e+01,-3.281250000000035527e-02
2.282300000000000182e+03,7.617187500000000000e+01,1.812499999999994671e-02,1.540499999999999936e+01,-2.734375000001065814e-03
2.282400000000000091e+03,7.597045898437500000e+01,3.812499999999996447e-02,1.541999999999999993e+01,-4.812500000000063949e-02
2.282500000000000000e+03,7.489013671875000000e+01,4.062499999999991118e-02,1.569749999999999979e+01,-4.484375000000095923e-02
2.282599999999999909e+03,7.507324218750000000e+01,6.062499999999992895e-02,1.558750000000000036e+01,-2.078125000000063949e-02
2.282699999999999818e+03,7.459716796875000000e+01,4.812499999999975131e-02,1.550999999999999979e+01,-2.187500000000053291e-02
2.282800000000000182e+03,7.505493164062500000e+01,-1.875000000000071054e-03,1.541750000000000043e+01,-1.750000000000095923e-02
2.282900000000000091e+03,7.404785156250000000e+01,6.312499999999987566e-02,1.535749999999999993e+01,3.828124999999182876e-03
2.283000000000000000e+03,7.377319335937500000e+01,3.562500000000001776e-02,1.563250000000000028e+01,-3.828125000000959233e-03
2.283099999999999909e+03,7.399291992187500000e+01,4.562499999999980460e-02,1.541000000000000014e+01,-2.625000000000099476e-02
2.283199999999999818e+03,7.351684570312500000e+01,6.812499999999976907e-02,1.564749999999999908e+01,-6.398437500000042633e-02
2.283300000000000182e+03,7.380981445312500000e+01,3.312500000000007105e-02,1.558750000000000036e+01,-5.632812500000028422e-02
2.283400000000000091e+03,7.282104492187500000e+01,8.124999999999715783e-03,1.564749999999999908e+01,1.421874999999950262e-02
2.283500000000000000e+03,7.276611328125000000e+01,1.312500000000005329e-02,1.553999999999999915e+01,-6.890625000000039080e-02
2.283599999999999909e+03,7.300415039062500000e+01,6.562499999999982236e-02,1.564749999999999908e+01,-4.375000000000461853e-03
2.283699999999999818e+03,7.250976562500000000e+01,3.062500000000012434e-02,1.546749999999999936e+01,7.109374999999751310e-03
2.283800000000000182e+03,7.201538085937500000e+01,3.562500000000001776e-02,1.560999999999999943e+01,-6.945312500000078160e-02
2.283900000000000091e+03,7.168579101562500000e+01,6.812499999999976907e-02,1.564499999999999957e+01,-1.039062500000031974e-02
2.284000000000000000e+03,7.164916992187500000e+01,7.812500000000000000e-02,1.562999999999999901e+01,-7.984375000000110134e-02
2.284099999999999909e+03,7.185058593750000000e+01,1.562500000000000000e-02,1.568750000000000000e+01,-6.179687500000063949e-02
2.284199999999999818e+03,7.091674804687500000e+01,4.812499999999975131e-02,1.567499999999999893e+01,-3.828125000000071054e-02
2.284300000000000182e+03,7.088012695312500000e+01,7.062500000000015987e-02,1.575000000000000000e+01,-2.679687500000049738e-02
2.284400000000000091e+03,7.066040039062500000e+01,3.062500000000012434e-02,1.545999999999999908e+01,-7.656250000001030287e-03
2.284500000000000000e+03,7.067871093750000000e+01,4.062499999999991118e-02,1.541999999999999993e+01,-5.250000000000110134e-02
2.284599999999999909e+03,7.086181640625000000e+01,2.062499999999989342e-02,1.567999999999999972e+01,-3.882812500000110134e-02
2.284699999999999818e+03,6.954345703125000000e+01,2.812499999999973355e-02,1.551750000000000007e+01,-5.851562500000095923e-02
2.284800000000000182e+03,6.994628906250000000e+01,4.812499999999975131e-02,1.568999999999999950e+01,-3.335937500000074607e-02
2.284900000000000091e+03,6.978149414062500000e+01,6.062499999999992895e-02,1.549750000000000050e+01,-6.015625000000035527e-02
2.285000000000000000e+03,6.972656250000000000e+01,4.312499999999985789e-02,1.566999999999999993e+01,-4.429687500000056843e-02
2.285099999999999909e+03,6.923217773437500000e+01,3.312500000000007105e-02,1.556749999999999901e+01,-4.375000000000106581e-02
2.285199999999999818e+03,6.849975585937500000e+01,3.312500000000007105e-02,1.552999999999999936e+01,-3.664062500000042633e-02
2.285300000000000182e+03,6.893920898437500000e+01,4.062499999999991118e-02,1.560999999999999943e+01,-3.335937500000074607e-02
2.285400000000000091e+03,6.879272460937500000e+01,3.312500000000007105e-02,1.555749999999999922e+01,-1.640625000000284217e-03
2.285500000000000000e+03,6.871948242187500000e+01,2.312499999999984013e-02,1.574000000000000021e+01,-4.921875000000053291e-02
2.285599999999999909e+03,6.809692382812500000e+01,5.812499999999998224e-02,1.564000000000000057e+01,-8.881784197001252323e-16
2.285699999999999818e+03,6.762084960937500000e+01,5.812499999999998224e-02,1.580250000000000021e+01,-3.609375000000092371e-02
2.285800000000000182e+03,6.802368164062500000e+01,1.074999999999999289e-01,1.543750000000000000e+01,-3.335937500000074607e-02
2.285900000000000091e+03,6.785888671875000000e+01,7.062500000000015987e-02,1.560999999999999943e+01,-7.164062500000056843e-02
2.286000000000000000e+03,6.710815429687500000e+01,6.812499999999976907e-02,1.549750000000000050e+01,2.023437499999936051e-02
2.286099999999999909e+03,6.716308593750000000e+01,2.062499999999989342e-02,1.550000000000000000e+01,-4.484375000000095923e-02
2.286199999999999818e+03,6.672363281250000000e+01,3.562500000000001776e-02,1.558999999999999986e+01,-4.867187500000103029e-02
2.286300000000000182e+03,6.716308593750000000e+01,4.562499999999980460e-02,1.569749999999999979e+01,-3.500000000000103029e-02
2.286400000000000091e+03,6.674194335937500000e+01,3.562500000000001776e-02,1.551750000000000007e+01,-3.992187500000099476e-02
2.286500000000000000e+03,6.619262695312500000e+01,2.312499999999984013e-02,1.574000000000000021e+01,-3.664062500000042633e-02
2.286599999999999909e+03,6.639404296875000000e+01,6.249999999998756550e-04,1.569999999999999929e+01,-8.750000000000923706e-03
2.286699999999999818e+03,6.588134765625000000e+01,3.124999999999822364e-03,1.563749999999999929e+01,3.281249999999680256e-03
2.286800000000000182e+03,6.633911132812500000e+01,5.062500000000014211e-02,1.564749999999999908e+01,-7.492187500000024869e-02
2.286900000000000091e+03,6.536865234375000000e+01,3.062500000000012434e-02,1.554999999999999893e+01,-3.718750000000081712e-02
2.287000000000000000e+03,6.524047851562500000e+01,7.312500000000010658e-02,1.585500000000000043e+01,-4.648437500000035527e-02
2.287099999999999909e+03,6.546020507812500000e+01,1.062500000000010658e-02,1.557000000000000028e+01,-8.750000000000923706e-03
2.287199999999999818e+03,6.503906250000000000e+01,6.562499999999982236e-02,1.563749999999999929e+01,-3.664062500000042633e-02
2.287300000000000182e+03,6.496582031250000000e+01,5.062500000000014211e-02,1.549750000000000050e+01,-3.664062500000042633e-02
2.287400000000000091e+03,6.452636718750000000e+01,4.062499999999991118e-02,1.578999999999999915e+01,-3.609375000000092371e-02
2.287500000000000000e+03,6.447143554687500000e+01,3.312500000000007105e-02,1.573749999999999893e+01,2.843749999999900524e-02
2.287599999999999909e+03,6.467285156250000000e+01,6.562499999999982236e-02,1.574750000000000050e+01,-4.921875000000053291e-02
2.287699999999999818e+03,6.419677734375000000e+01,3.812499999999996447e-02,1.567499999999999893e+01,-2.679687500000049738e-02
2.287800000000000182e+03,6.379394531250000000e+01,6.062499999999992895e-02,1.574000000000000021e+01,-9.843750000000817124e-03
2.287900000000000091e+03,6.361083984375000000e+01,1.225000000000000533e-01,1.536749999999999972e+01,-2.679687500000049738e-02
2.288000000000000000e+03,6.355590820312500000e+01,5.624999999999769074e-03,1.561749999999999972e+01,-7.109375000000106581e-02
2.288099999999999909e+03,6.375732421875000000e+01,5.812499999999998224e-02,1.562999999999999901e+01,-1.367187500000088818e-02
2.288199999999999818e+03,6.267700195312500000e+01,2.562499999999978684e-02,1.549750000000000050e+01,-1.804687500000046185e-02
2.288300000000000182e+03,6.291503906250000000e+01,4.812499999999975131e-02,1.573499999999999943e+01,-4.757812500000024869e-02
2.288400000000000091e+03,6.276855468750000000e+01,3.312500000000007105e-02,1.585749999999999993e+01,-2.406250000000031974e-02
2.288500000000000000e+03,6.271362304687500000e+01,6.812499999999976907e-02,1.550750000000000028e+01,-7.710937500000092371e-02
2.288599999999999909e+03,6.275024414062500000e+01,3.562500000000001776e-02,1.564000000000000057e+01,-6.343750000000092371e-02
2.288699999999999818e+03,6.174316406250000000e+01,6.312499999999987566e-02,1.545999999999999908e+01,2.624999999999921840e-02
2.288800000000000182e+03,6.214599609375000000e+01,3.562500000000001776e-02,1.559750000000000014e+01,-6.125000000000024869e-02
2.288900000000000091e+03,6.199951171875000000e+01,3.562500000000001776e-02,1.552999999999999936e+01,-1.859375000000085265e-02
2.289000000000000000e+03,6.194458007812500000e+01,1.312500000000005329e-02,1.555499999999999972e+01,-3.609375000000092371e-02
2.289099999999999909e+03,6.150512695312500000e+01,2.312499999999984013e-02,1.561500000000000021e+01,-7.054687500000067502e-02
2.289199999999999818e+03,6.097412109375000000e+01,6.062499999999992895e-02,1.570999999999999908e+01,-3.554687500000053291e-02
2.289300000000000182e+03,6.137695312500000000e+01,4.812499999999975131e-02,1.573000000000000043e+01,-3.117187500000095923e-02
2.289400000000000091e+03,6.128540039062500000e+01,2.562499999999978684e-02,1.548749999999999893e+01,-5.468750000000088818e-02
2.289500000000000000e+03,6.080932617187500000e+01,6.562499999999982236e-02,1.560749999999999993e+01,-2.734375000001065814e-03
2.289599999999999909e+03,6.064453125000000000e+01,3.812499999999996447e-02,1.563749999999999929e+01,-8.203125000000088818e-02
2.289699999999999818e+03,6.022338867187500000e+01,3.312500000000007105e-02,1.561500000000000021e+01,5.468749999999467093e-03
2.289800000000000182e+03,6.060791015625000000e+01,-1.875000000000071054e-03,1.569999999999999929e+01,-8.257812500000039080e-02
2.289900000000000091e+03,6.049804687500000000e+01,-2.943750000000000533e-01,1.551999999999999957e+01,2.734374999999911182e-02
2.290000000000000000e+03,5.978393554687500000e+01,4.312499999999985789e-02,1.591750000000000043e+01,-6.890625000000039080e-02
2.290099999999999909e+03,5.993041992187500000e+01,2.812499999999973355e-02,1.563749999999999929e+01,-5.359375000000099476e-02
2.290199999999999818e+03,5.950927734375000000e+01,2.812499999999973355e-02,1.552999999999999936e+01,-1.367187500000088818e-02
2.290300000000000182e+03,5.989379882812500000e+01,4.312499999999985789e-02,1.567999999999999972e+01,-4.210937500000078160e-02
2.290400000000000091e+03,5.928955078125000000e+01,2.812499999999973355e-02,1.572250000000000014e+01,-2.734375000000088818e-02
2.290500000000000000e+03,5.905151367187500000e+01,5.312500000000008882e-02,1.582750000000000057e+01,-5.578125000000078160e-02
2.290599999999999909e+03,5.925292968750000000e+01,2.812499999999973355e-02,1.553749999999999964e+01,-1.203125000000060396e-02
2.290699999999999818e+03,5.885009765625000000e+01,4.062499999999991118e-02,1.561999999999999922e+01,-3.773437500000031974e-02
2.290800000000000182e+03,5.914306640625000000e+01,3.812499999999996447e-02,1.545999999999999908e+01,-4.156250000000039080e-02
2.290900000000000091e+03,5.841064453125000000e+01,2.562499999999978684e-02,1.558999999999999986e+01,2.242187499999914735e-02
2.291000000000000000e+03,5.831909179687500000e+01,6.562499999999982236e-02,1.569749999999999979e+01,-3.117187500000095923e-02
2.291099999999999909e+03,5.852050781250000000e+01,5.062500000000014211e-02,1.549499999999999922e+01,-5.632812500000028422e-02
2.291199999999999818e+03,5.811767578125000000e+01,3.812499999999996447e-02,1.555749999999999922e+01,-7.218750000000095923e-02
2.291300000000000182e+03,5.787963867187500000e+01,5.562500000000003553e-02,1.566000000000000014e+01,-3.937500000000060396e-02
2.291400000000000091e+03,5.769653320312500000e+01,6.312499999999987566e-02,1.585500000000000043e+01,-1.104687500000007816e-01
2.291500000000000000e+03,5.758666992187500000e+01,3.562500000000001776e-02,1.551750000000000007e+01,-2.679687500000049738e-02
2.291599999999999909e+03,5.778808593750000000e+01,1.812499999999994671e-02,1.566750000000000043e+01,-7.273437500000046185e-02
2.291699999999999818e+03,5.720214843750000000e+01,3.812499999999996447e-02,1.568750000000000000e+01,-3.007812500000106581e-02
2.291800000000000182e+03,5.723876953125000000e+01,7.312500000000010658e-02,1.556000000000000050e+01,-4.320312500000067502e-02
2.291900000000000091e+03,5.709228515625000000e+01,6.312499999999987566e-02,1.565000000000000036e+01,-3.007812500000106581e-02
2.292000000000000000e+03,5.701904296875000000e+01,3.812499999999996447e-02,1.565499999999999936e+01,-5.632812500000028422e-02
2.292099999999999909e+03,5.722045898437500000e+01,2.812499999999973355e-02,1.562999999999999901e+01,1.203124999999971578e-02
2.292199999999999818e+03,5.617675781250000000e+01,1.062500000000010658e-02,1.544749999999999979e+01,-7.656250000001030287e-03
2.292300000000000182e+03,5.652465820312500000e+01,2.312499999999984013e-02,1.575999999999999979e+01,8.749999999999147349e-03
2.292400000000000091e+03,5.639648437500000000e+01,4.062499999999991118e-02,1.543750000000000000e+01,-1.585937500000067502e-02
2.292500000000000000e+03,5.634155273437500000e+01,7.062500000000015987e-02,1.556749999999999901e+01,-3.062500000000056843e-02
2.292599999999999909e+03,5.606689453125000000e+01,6.062499999999992895e-02,1.560749999999999993e+01,-4.265625000000028422e-02
2.292699999999999818e+03,5.542602539062500000e+01,3.562500000000001776e-02,1.561999999999999922e+01,-3.882812500000110134e-02
2.292800000000000182e+03,5.579223632812500000e+01,1.062500000000010658e-02,1.566000000000000014e+01,-7.000000000000028422e-02
2.292900000000000091e+03,5.570068359375000000e+01,5.812499999999998224e-02,1.562749999999999950e+01,-3.609375000000092371e-02
2.293000000000000000e+03,5.560913085937500000e+01,2.062499999999989342e-02,1.544749999999999979e+01,-2.296875000000042633e-02
2.293099999999999909e+03,5.524291992187500000e+01,7.812500000000000000e-02,1.548749999999999893e+01,-7.601562500000103029e-02
2.293199999999999818e+03,5.484008789062500000e+01,5.312500000000008882e-02,1.553999999999999915e+01,-5.906250000000046185e-02
2.293300000000000182e+03,5.520629882812500000e+01,3.812499999999996447e-02,1.547749999999999915e+01,-2.679687500000049738e-02
2.293400000000000091e+03,5.511474609375000000e+01,3.812499999999996447e-02,1.566000000000000014e+01,-5.085937500000081712e-02
2.293500000000000000e+03,5.458374023437500000e+01,8.312499999999989342e-02,1.565750000000000064e+01,-8.312500000000078160e-02
2.293599999999999909e+03,5.465698242187500000e+01,4.312499999999985789e-02,1.551999999999999957e+01,-2.187500000000053291e-02
2.293699999999999818e+03,5.425415039062500000e+01,-1.875000000000071054e-03,1.544999999999999929e+01,-5.468750000000088818e-02
2.293800000000000182e+03,5.462036132812500000e+01,4.062499999999991118e-02,1.552999999999999936e+01,-2.898437500000028422e-02
2.293900000000000091e+03,5.434570312500000000e+01,5.062500000000014211e-02,1.560999999999999943e+01,-4.265625000000028422e-02
2.294000000000000000e+03,5.385131835937500000e+01,3.062500000000012434e-02,1.566000000000000014e+01,-4.757812500000024869e-02
2.294099999999999909e+03,5.399780273437500000e+01,8.374999999999976907e-02,1.565499999999999936e+01,-1.093750000000071054e-02
2.294199999999999818e+03,5.363159179687500000e+01,5.562500000000003553e-02,1.573499999999999943e+01,-6.070312500000074607e-02
2.294300000000000182e+03,5.401611328125000000e+01,3.562500000000001776e-02,1.576750000000000007e+01,7.656249999999253930e-03
2.294400000000000091e+03,5.337524414062500000e+01,5.562500000000003553e-02,1.557750000000000057e+01,-4.703125000000074607e-02
2.294500000000000000e+03,5.326538085937500000e+01,2.812499999999973355e-02,1.566000000000000014e+01,-1.750000000000095923e-02
2.294599999999999909e+03,5.343017578125000000e+01,4.062499999999991118e-02,1.581000000000000050e+01,-5.687500000000067502e-02
2.294699999999999818e+03,5.302734375000000000e+01,2.812499999999973355e-02,1.561749999999999972e+01,-5.304687500000060396e-02
2.294800000000000182e+03,5.302734375000000000e+01,4.812499999999975131e-02,1.552999999999999936e+01,2.406249999999943157e-02
2.294900000000000091e+03,5.264282226562500000e+01,4.812499999999975131e-02,1.555499999999999972e+01,-8.750000000000035527e-02
2.295000000000000000e+03,5.264282226562500000e+01,2.062499999999989342e-02,1.539749999999999908e+01,-6.234375000000103029e-02
2.295099999999999909e+03,5.282592773437500000e+01,7.562500000000005329e-02,1.555749999999999922e+01,6.562499999999360512e-03
2.295199999999999818e+03,5.244140625000000000e+01,6.062499999999992895e-02,1.567999999999999972e+01,-5.085937500000081712e-02
2.295300000000000182e+03,5.286254882812500000e+01,6.062499999999992895e-02,1.560500000000000043e+01,-1.148437500000003553e-01
2.295400000000000091e+03,5.269775390625000000e+01,7.812500000000000000e-02,1.557750000000000057e+01,-4.046875000000049738e-02
2.295500000000000000e+03,5.262451171875000000e+01,5.062500000000014211e-02,1.538749999999999929e+01,3.281249999999680256e-03
2.295599999999999909e+03,5.282592773437500000e+01,1.312500000000005329e-02,1.551500000000000057e+01,-3.062500000000056843e-02
2.295699999999999818e+03,5.247802734375000000e+01,6.312499999999987566e-02,1.568999999999999950e+01,-2.515625000000110134e-02
2.295800000000000182e+03,5.280761718750000000e+01,4.812499999999975131e-02,1.587500000000000000e+01,-4.265625000000028422e-02
2.295900000000000091e+03,5.269775390625000000e+01,5.624999999999769074e-03,1.562749999999999950e+01,-7.328125000000085265e-02
2.296000000000000000e+03,5.264282226562500000e+01,4.677500000000000213e+00,1.567999999999999972e+01,2.099070312500000313e+01
2.296099999999999909e+03,5.284423828125000000e+01,2.927500000000000213e+00,1.575999999999999979e+01,1.551539062500000021e+01
2.296199999999999818e+03,5.282592773437500000e+01,2.952500000000000124e+00,1.564000000000000057e+01,1.544375000000000142e+01
2.296300000000000182e+03,5.317382812500000000e+01,2.927500000000000213e+00,1.547000000000000064e+01,1.542023437500000149e+01
2.296400000000000091e+03,5.306396484375000000e+01,2.970000000000000195e+00,1.560749999999999993e+01,1.543773437500000156e+01
2.296500000000000000e+03,5.304565429687500000e+01,2.944999999999999840e+00,1.566999999999999993e+01,1.547765625000000078e+01
2.296599999999999909e+03,5.491333007812500000e+01,2.972500000000000142e+00,1.572749999999999915e+01,1.542023437500000149e+01
2.296699999999999818e+03,5.482177734375000000e+01,2.992500000000000160e+00,1.567999999999999972e+01,1.549953125000000043e+01
2.296800000000000182e+03,5.516967773437500000e+01,2.984999999999999876e+00,1.575999999999999979e+01,1.548859375000000149e+01
2.296900000000000091e+03,5.509643554687500000e+01,3.007499999999999840e+00,1.577999999999999936e+01,1.548367187500000064e+01
2.297000000000000000e+03,5.643310546875000000e+01,3.040000000000000036e+00,1.546749999999999936e+01,1.544703125000000021e+01
2.297099999999999909e+03,5.826416015625000000e+01,3.032500000000000195e+00,1.551500000000000057e+01,1.548039062500000007e+01
2.297199999999999818e+03,5.791625976562500000e+01,3.060000000000000053e+00,1.525000000000000000e+01,1.549132812500000078e+01
2.297300000000000182e+03,5.828247070312500000e+01,3.017500000000000071e+00,1.555749999999999922e+01,1.548148437500000085e+01
2.297400000000000091e+03,5.817260742187500000e+01,3.049999999999999822e+00,1.554999999999999893e+01,1.546835937500000036e+01
2.297500000000000000e+03,6.192626953125000000e+01,3.060000000000000053e+00,1.560749999999999993e+01,1.550335937500000050e+01
2.297599999999999909e+03,6.243896484375000000e+01,3.024999999999999911e+00,1.553749999999999964e+01,1.544156250000000163e+01
2.297699999999999818e+03,6.199951171875000000e+01,3.084999999999999964e+00,1.545999999999999908e+01,1.547656250000000000e+01
2.297800000000000182e+03,6.242065429687500000e+01,3.042499999999999982e+00,1.580499999999999972e+01,1.539890625000000135e+01
2.297900000000000091e+03,6.514892578125000000e+01,3.047499999999999876e+00,1.537749999999999950e+01,1.545140625000000156e+01
2.298000000000000000e+03,6.630249023437500000e+01,3.102500000000000036e+00,1.548000000000000043e+01,1.547218750000000043e+01
2.298099999999999909e+03,6.655883789062500000e+01,3.107499999999999929e+00,1.559999999999999964e+01,1.540546875000000071e+01
2.298199999999999818e+03,6.608276367187500000e+01,3.089999999999999858e+00,1.560749999999999993e+01,1.547820312500000028e+01
2.298300000000000182e+03,6.683349609375000000e+01,3.084999999999999964e+00,1.557000000000000028e+01,1.544484375000000043e+01
2.298400000000000091e+03,6.963500976562500000e+01,3.092499999999999805e+00,1.552999999999999936e+01,1.546070312500000021e+01
2.298500000000000000e+03,6.976318359375000000e+01,3.129999999999999893e+00,1.567999999999999972e+01,1.544757812500000149e+01
2.298599999999999909e+03,6.994628906250000000e+01,3.102500000000000036e+00,1.570999999999999908e+01,1.545851562500000043e+01
2.298699999999999818e+03,6.948852539062500000e+01,3.172499999999999876e+00,1.563749999999999929e+01,1.546398437500000078e+01
2.298800000000000182e+03,7.245483398437500000e+01,3.115000000000000213e+00,1.568750000000000000e+01,1.546234375000000050e+01
2.298900000000000091e+03,7.271118164062500000e+01,3.137500000000000178e+00,1.561749999999999972e+01,1.543882812500000057e+01
2.299000000000000000e+03,7.271118164062500000e+01,3.154999999999999805e+00,1.530749999999999922e+01,1.549570312500000036e+01
2.299099999999999909e+03,7.294921875000000000e+01,3.194999999999999840e+00,1.554749999999999943e+01,1.542242187500000128e+01
2.299199999999999818e+03,7.348022460937500000e+01,3.117500000000000160e+00,1.560749999999999993e+01,1.548750000000000071e+01
2.299300000000000182e+03,7.558593750000000000e+01,3.212499999999999911e+00,1.572000000000000064e+01,1.546507812500000156e+01
2.299400000000000091e+03,7.545776367187500000e+01,3.174999999999999822e+00,1.568750000000000000e+01,1.549789062500000014e+01
2.299500000000000000e+03,7.543945312500000000e+01,3.132499999999999840e+00,1.556499999999999950e+01,1.543937500000000007e+01
2.299599999999999909e+03,7.565917968750000000e+01,3.189999999999999947e+00,1.566999999999999993e+01,1.549953125000000043e+01
2.299699999999999818e+03,7.734375000000000000e+01,3.197499999999999787e+00,1.578999999999999915e+01,1.546453125000000028e+01
2.299800000000000182e+03,7.805786132812500000e+01,3.097500000000000142e+00,1.551750000000000007e+01,1.544921875000000000e+01
2.299900000000000091e+03,7.785644531250000000e+01,3.189999999999999947e+00,1.556499999999999950e+01,1.543828125000000107e+01
2.300000000000000000e+03,7.787475585937500000e+01,3.102500000000000036e+00,1.562749999999999950e+01,1.550007812499999993e+01
2.300099999999999909e+03,7.965087890625000000e+01,3.207500000000000018e+00,1.576999999999999957e+01,1.546070312500000021e+01
2.300199999999999818e+03,7.985229492187500000e+01,3.227500000000000036e+00,1.531000000000000050e+01,1.545140625000000156e+01
2.300300000000000182e+03,8.040161132812500000e+01,3.207500000000000018e+00,1.559750000000000014e+01,1.542078125000000099e+01
2.300400000000000091e+03,8.012695312500000000e+01,3.187500000000000000e+00,1.549499999999999922e+01,1.543335937500000021e+01
2.300500000000000000e+03,8.027343750000000000e+01,3.189999999999999947e+00,1.568999999999999950e+01,1.548257812500000163e+01
2.300599999999999909e+03,8.250732421875000000e+01,3.217499999999999805e+00,1.571749999999999936e+01,1.545414062500000085e+01
2.300699999999999818e+03,8.208618164062500000e+01,3.229999999999999982e+00,1.576249999999999929e+01,1.546726562500000135e+01
2.300800000000000182e+03,8.263549804687500000e+01,3.232499999999999929e+00,1.554999999999999893e+01,1.547765625000000078e+01
2.300900000000000091e+03,8.234252929687500000e+01,3.277499999999999858e+00,1.543999999999999950e+01,1.547820312500000028e+01
2.301000000000000000e+03,8.413696289062500000e+01,3.292499999999999982e+00,1.566999999999999993e+01,1.547656250000000000e+01
2.301099999999999909e+03,8.470458984375000000e+01,3.257499999999999840e+00,1.549000000000000021e+01,1.544867187500000050e+01
2.301199999999999818e+03,8.419189453125000000e+01,3.254999999999999893e+00,1.540750000000000064e+01,1.551757812500000000e+01
2.301300000000000182e+03,8.466796875000000000e+01,3.262500000000000178e+00,1.551999999999999957e+01,1.547929687500000107e+01
2.301400000000000091e+03,8.521728515625000000e+01,3.327500000000000124e+00,1.580499999999999972e+01,1.546343750000000128e+01
2.301500000000000000e+03,8.644409179687500000e+01,3.319999999999999840e+00,1.566000000000000014e+01,1.546726562500000135e+01
2.301599999999999909e+03,8.668212890625000000e+01,3.312500000000000000e+00,1.557000000000000028e+01,1.546125000000000149e+01
2.301699999999999818e+03,8.615112304687500000e+01,3.330000000000000071e+00,1.578999999999999915e+01,1.545523437500000163e+01
2.301800000000000182e+03,8.668212890625000000e+01,3.319999999999999840e+00,1.575750000000000028e+01,1.548312500000000114e+01
2.301900000000000091e+03,8.812866210937500000e+01,3.347500000000000142e+00,1.558999999999999986e+01,1.549406250000000007e+01
2.302000000000000000e+03,8.840332031250000000e+01,3.354999999999999982e+00,1.556000000000000050e+01,1.544320312500000014e+01
2.302099999999999909e+03,8.862304687500000000e+01,3.332500000000000018e+00,1.536999999999999922e+01,1.549351562500000057e+01
2.302199999999999818e+03,8.805541992187500000e+01,3.347500000000000142e+00,1.555749999999999922e+01,1.547929687500000107e+01
2.302300000000000182e+03,8.990478515625000000e+01,3.372500000000000053e+00,1.556749999999999901e+01,1.546453125000000028e+01
2.302400000000000091e+03,9.017944335937500000e+01,3.359999999999999876e+00,1.569749999999999979e+01,1.547492187500000149e+01
2.302500000000000000e+03,9.030761718750000000e+01,3.337499999999999911e+00,1.564250000000000007e+01,1.547601562500000050e+01
2.302599999999999909e+03,9.052734375000000000e+01,3.372500000000000053e+00,1.542999999999999972e+01,1.548257812500000163e+01
2.302699999999999818e+03,9.001464843750000000e+01,3.379999999999999893e+00,1.557000000000000028e+01,1.542078125000000099e+01
2.302800000000000182e+03,9.228515625000000000e+01,3.357499999999999929e+00,1.566750000000000043e+01,1.543335937500000021e+01
2.302900000000000091e+03,9.201049804687500000e+01,3.345000000000000195e+00,1.545749999999999957e+01,1.546835937500000036e+01
2.303000000000000000e+03,9.212036132812500000e+01,3.407500000000000195e+00,1.558000000000000007e+01,1.542570312500000007e+01
2.303099999999999909e+03,9.230346679687500000e+01,3.365000000000000213e+00,1.554999999999999893e+01,1.547875000000000156e+01
2.303199999999999818e+03,9.329223632812500000e+01,3.419999999999999929e+00,1.557000000000000028e+01,1.544484375000000043e+01
2.303300000000000182e+03,9.411621093750000000e+01,3.392500000000000071e+00,1.577999999999999936e+01,1.547328125000000121e+01
2.303400000000000091e+03,9.380493164062500000e+01,3.417499999999999982e+00,1.549000000000000021e+01,1.537593750000000092e+01
2.303500000000000000e+03,9.393310546875000000e+01,3.435000000000000053e+00,1.553999999999999915e+01,1.550007812499999993e+01
2.303599999999999909e+03,9.486694335937500000e+01,3.455000000000000071e+00,1.549750000000000050e+01,1.546726562500000135e+01
2.303699999999999818e+03,9.532470703125000000e+01,3.475000000000000089e+00,1.575999999999999979e+01,1.544375000000000142e+01
2.303800000000000182e+03,9.594726562500000000e+01,3.422499999999999876e+00,1.561500000000000021e+01,1.549132812500000078e+01
2.303900000000000091e+03,9.559936523437500000e+01,3.447499999999999787e+00,1.560749999999999993e+01,1.548367187500000064e+01
2.304000000000000000e+03,9.570922851562500000e+01,3.410000000000000142e+00,1.577999999999999936e+01,1.546453125000000028e+01
2.304099999999999909e+03,9.746704101562500000e+01,3.472500000000000142e+00,1.533999999999999986e+01,1.550062500000000121e+01
2.304199999999999818e+03,9.706420898437500000e+01,3.442499999999999893e+00,1.528999999999999915e+01,1.543335937500000021e+01
2.304300000000000182e+03,9.770507812500000000e+01,3.452500000000000124e+00,1.564000000000000057e+01,1.549023437500000000e+01
2.304400000000000091e+03,9.728393554687500000e+01,3.484999999999999876e+00,1.543999999999999950e+01,1.545742187500000142e+01
2.304500000000000000e+03,9.867553710937500000e+01,3.464999999999999858e+00,1.559999999999999964e+01,1.546671875000000007e+01
2.304599999999999909e+03,9.938964843750000000e+01,3.484999999999999876e+00,1.560999999999999943e+01,1.545414062500000085e+01
2.304699999999999818e+03,9.889526367187500000e+01,3.500000000000000000e+00,1.557000000000000028e+01,1.548476562500000142e+01
2.304800000000000182e+03,9.948120117187500000e+01,3.492500000000000160e+00,1.556749999999999901e+01,1.548203125000000036e+01
2.304900000000000091e+03,9.926147460937500000e+01,3.532499999999999751e+00,1.549000000000000021e+01,1.544812500000000099e+01
2.305000000000000000e+03,1.007812500000000000e+02,3.512500000000000178e+00,1.577749999999999986e+01,1.547328125000000121e+01
2.305099999999999909e+03,1.010009765625000000e+02,3.522499999999999964e+00,1.545999999999999908e+01,1.543718750000000028e+01
2.305199999999999818e+03,1.004699707031250000e+02,3.524999999999999911e+00,1.587500000000000000e+01,1.551046875000000114e+01
2.305300000000000182e+03,1.010925292968750000e+02,3.552500000000000213e+00,1.564000000000000057e+01,1.540000000000000036e+01
2.305400000000000091e+03,1.022460937500000000e+02,3.542499999999999982e+00,1.561749999999999972e+01,1.549406250000000007e+01
2.305500000000000000e+03,1.026489257812500000e+02,3.549999999999999822e+00,1.549499999999999922e+01,1.539015625000000043e+01
2.305599999999999909e+03,1.028137207031250000e+02,3.580000000000000071e+00,1.558000000000000007e+01,1.549132812500000078e+01
2.305699999999999818e+03,1.023010253906250000e+02,3.575000000000000178e+00,1.547749999999999915e+01,1.550937500000000036e+01
2.305800000000000182e+03,1.037292480468750000e+02,3.589999999999999858e+00,1.543750000000000000e+01,1.547546875000000099e+01
2.305900000000000091e+03,1.041320800781250000e+02,3.604999999999999982e+00,1.566999999999999993e+01,1.543718750000000028e+01
2.306000000000000000e+03,1.043334960937500000e+02,3.617500000000000160e+00,1.577749999999999986e+01,1.545468750000000036e+01
2.306099999999999909e+03,1.045349121093750000e+02,3.620000000000000107e+00,1.566999999999999993e+01,1.544593750000000121e+01
2.306199999999999818e+03,1.040039062500000000e+02,3.594999999999999751e+00,1.544749999999999979e+01,1.545578125000000114e+01
2.306300000000000182e+03,1.061096191406250000e+02,3.622500000000000053e+00,1.553749999999999964e+01,1.544375000000000142e+01
2.306400000000000091e+03,1.057617187500000000e+02,3.655000000000000249e+00,1.565750000000000064e+01,1.540273437500000142e+01
2.306500000000000000e+03,1.059448242187500000e+02,3.627499999999999947e+00,1.568750000000000000e+01,1.549296875000000107e+01
2.306599999999999909e+03,1.061279296875000000e+02,3.662500000000000089e+00,1.561749999999999972e+01,1.543171874999999993e+01
2.306699999999999818e+03,1.068237304687500000e+02,3.647499999999999964e+00,1.530749999999999922e+01,1.546507812500000156e+01
2.306800000000000182e+03,1.078857421875000000e+02,3.667499999999999982e+00,1.544999999999999929e+01,1.550007812499999993e+01
2.306900000000000091e+03,1.074279785156250000e+02,3.665000000000000036e+00,1.544500000000000028e+01,1.544101562500000036e+01
2.307000000000000000e+03,1.076843261718750000e+02,3.667499999999999982e+00,1.568999999999999950e+01,1.541367187500000036e+01
2.307099999999999909e+03,1.082153320312500000e+02,3.962499999999999911e+00,1.544749999999999979e+01,1.543937500000000007e+01
2.307199999999999818e+03,1.089111328125000000e+02,3.682500000000000107e+00,1.545749999999999957e+01,1.547984375000000057e+01
2.307300000000000182e+03,1.095520019531250000e+02,3.685000000000000053e+00,1.544749999999999979e+01,1.551757812500000000e+01
2.307400000000000091e+03,1.091125488281250000e+02,3.702500000000000124e+00,1.559500000000000064e+01,1.543882812500000057e+01
2.307500000000000000e+03,1.093688964843750000e+02,3.737499999999999822e+00,1.547749999999999915e+01,1.547984375000000057e+01
2.307599999999999909e+03,1.109985351562500000e+02,3.727500000000000036e+00,1.568999999999999950e+01,1.548695312500000121e+01
2.307699999999999818e+03,1.106689453125000000e+02,3.740000000000000213e+00,1.556499999999999950e+01,1.541093750000000107e+01
2.307800000000000182e+03,1.113281250000000000e+02,3.740000000000000213e+00,1.578999999999999915e+01,1.540929687500000078e+01
2.307900000000000091e+03,1.107971191406250000e+02,3.847500000000000142e+00,1.563749999999999929e+01,1.550062500000000121e+01
2.308000000000000000e+03,1.120788574218750000e+02,3.772499999999999964e+00,1.568750000000000000e+01,1.542679687500000085e+01
2.308099999999999909e+03,1.129394531250000000e+02,3.794999999999999929e+00,1.549750000000000050e+01,1.544046875000000085e+01
2.308199999999999818e+03,1.123901367187500000e+02,3.770000000000000018e+00,1.566750000000000043e+01,1.544429687500000092e+01
2.308300000000000182e+03,1.130493164062500000e+02,3.850000000000000089e+00,1.554749999999999943e+01,1.545250000000000057e+01
2.308400000000000091e+03,1.125183105468750000e+02,3.782499999999999751e+00,1.550999999999999979e+01,1.548531250000000092e+01
2.308500000000000000e+03,1.144775390625000000e+02,3.865000000000000213e+00,1.564000000000000057e+01,1.554273437500000021e+01
2.308599999999999909e+03,1.145874023437500000e+02,3.842500000000000249e+00,1.581250000000000000e+01,1.543828125000000107e+01
2.308699999999999818e+03,1.141662597656250000e+02,3.850000000000000089e+00,1.555499999999999972e+01,1.543828125000000107e+01
2.308800000000000182e+03,1.147338867187500000e+02,3.870000000000000107e+00,1.559750000000000014e+01,1.547437500000000021e+01
2.308900000000000091e+03,1.156494140625000000e+02,3.877499999999999947e+00,1.564749999999999908e+01,1.548421875000000014e+01
2.309000000000000000e+03,1.162719726562500000e+02,3.879999999999999893e+00,1.558750000000000036e+01,1.549734375000000064e+01
2.309099999999999909e+03,1.163635253906250000e+02,3.899999999999999911e+00,1.555749999999999922e+01,1.544648437500000071e+01
2.309199999999999818e+03,1.158874511718750000e+02,3.884999999999999787e+00,1.556000000000000050e+01,1.548367187500000064e+01
2.309300000000000182e+03,1.170410156250000000e+02,3.907499999999999751e+00,1.575499999999999901e+01,1.552578125000000142e+01
2.309400000000000091e+03,1.176452636718750000e+02,3.912500000000000089e+00,1.542750000000000021e+01,1.546562500000000107e+01
2.309500000000000000e+03,1.179931640625000000e+02,3.964999999999999858e+00,1.563499999999999979e+01,1.545578125000000114e+01
2.309599999999999909e+03,1.181213378906250000e+02,3.957500000000000018e+00,1.554999999999999893e+01,1.543828125000000107e+01
2.309699999999999818e+03,1.176086425781250000e+02,4.004999999999999893e+00,1.556000000000000050e+01,1.542296875000000078e+01
2.309800000000000182e+03,1.198791503906250000e+02,3.982499999999999929e+00,1.551999999999999957e+01,1.545851562500000043e+01
2.309900000000000091e+03,1.195312500000000000e+02,4.000000000000000000e+00,1.559999999999999964e+01,1.545632812500000064e+01
2.310000000000000000e+03,1.197875976562500000e+02,4.025000000000000355e+00,1.560749999999999993e+01,1.543718750000000028e+01
2.310099999999999909e+03,1.199523925781250000e+02,4.049999999999999822e+00,1.553999999999999915e+01,1.543554687500000000e+01
2.310199999999999818e+03,1.207397460937500000e+02,4.035000000000000142e+00,1.562749999999999950e+01,1.542460937500000107e+01
2.310300000000000182e+03,1.219116210937500000e+02,4.047500000000000320e+00,1.556000000000000050e+01,1.544156250000000163e+01
2.310400000000000091e+03,1.213623046875000000e+02,4.060000000000000497e+00,1.549000000000000021e+01,1.542351562500000028e+01
2.310500000000000000e+03,1.217468261718750000e+02,4.087500000000000355e+00,1.528749999999999964e+01,1.544429687500000092e+01
2.310599999999999909e+03,1.218933105468750000e+02,4.112499999999999822e+00,1.544999999999999929e+01,1.539070312499999993e+01
2.310699999999999818e+03,1.220764160156250000e+02,4.084999999999999964e+00,1.552999999999999936e+01,1.546617187500000057e+01
2.310800000000000182e+03,1.227539062500000000e+02,4.162499999999999645e+00,1.551999999999999957e+01,1.549187500000000028e+01
2.310900000000000091e+03,1.222045898437500000e+02,4.162499999999999645e+00,1.550750000000000028e+01,1.541968750000000021e+01
2.311000000000000000e+03,1.225708007812500000e+02,4.160000000000000142e+00,1.576999999999999957e+01,1.544046875000000085e+01
2.311099999999999909e+03,1.226623535156250000e+02,4.169999999999999929e+00,1.564000000000000057e+01,1.548804687500000021e+01
2.311199999999999818e+03,1.221679687500000000e+02,2.812499999999973355e-02,1.558999999999999986e+01,-7.273437500000046185e-02
2.311300000000000182e+03,1.227539062500000000e+02,4.812499999999975131e-02,1.543999999999999950e+01,1.367187499999911182e-02
2.311400000000000091e+03,1.222045898437500000e+02,4.812499999999975131e-02,1.573000000000000043e+01,-2.132812500000103029e-02
2.311500000000000000e+03,1.225524902343750000e+02,4.312499999999985789e-02,1.541000000000000014e+01,-4.320312500000067502e-02
2.311599999999999909e+03,1.226989746093750000e+02,2.312499999999984013e-02,1.562749999999999950e+01,-6.890625000000039080e-02
2.311699999999999818e+03,1.221679687500000000e+02,5.562500000000003553e-02,1.575000000000000000e+01,-6.671875000000060396e-02
2.311800000000000182e+03,1.227905273437500000e+02,4.812499999999975131e-02,1.559750000000000014e+01,-6.562500000000071054e-02
2.311900000000000091e+03,1.221862792968750000e+02,3.312500000000007105e-02,1.566750000000000043e+01,-5.085937500000081712e-02
2.312000000000000000e+03,1.216186523437500000e+02,6.062499999999992895e-02,1.551750000000000007e+01,8.203124999999644729e-03
2.312099999999999909e+03,1.216369628906250000e+02,5.062500000000014211e-02,1.580499999999999972e+01,-7.875000000000031974e-02
2.312199999999999818e+03,1.210876464843750000e+02,6.812499999999976907e-02,1.531749999999999901e+01,-4.703125000000074607e-02
2.312300000000000182e+03,1.217285156250000000e+02,5.812499999999998224e-02,1.562999999999999901e+01,-6.070312500000074607e-02
2.312400000000000091e+03,1.194580078125000000e+02,2.312499999999984013e-02,1.538499999999999979e+01,-8.695312500000085265e-02
2.312500000000000000e+03,1.190734863281250000e+02,7.312500000000010658e-02,1.551999999999999957e+01,-3.828125000000071054e-02
2.312599999999999909e+03,1.191284179687500000e+02,2.062499999999989342e-02,1.547000000000000064e+01,-1.859375000000085265e-02
2.312699999999999818e+03,1.185607910156250000e+02,6.062499999999992895e-02,1.566750000000000043e+01,-6.234375000000103029e-02
2.312800000000000182e+03,1.186157226562500000e+02,3.312500000000007105e-02,1.578749999999999964e+01,-5.796875000000056843e-02
2.312900000000000091e+03,1.150634765625000000e+02,3.312500000000007105e-02,1.559750000000000014e+01,-8.093750000000099476e-02
2.313000000000000000e+03,1.152465820312500000e+02,4.062499999999991118e-02,1.567999999999999972e+01,-4.812500000000063949e-02
2.313099999999999909e+03,1.153198242187500000e+02,4.312499999999985789e-02,1.566499999999999915e+01,-2.734375000000088818e-02
2.313199999999999818e+03,1.148071289062500000e+02,4.312499999999985789e-02,1.556749999999999901e+01,-1.257812500000099476e-02
2.313300000000000182e+03,1.119323730468750000e+02,6.312499999999987566e-02,1.561500000000000021e+01,-5.742187500000106581e-02
2.313400000000000091e+03,1.109802246093750000e+02,3.312500000000007105e-02,1.558750000000000036e+01,-4.976562500000092371e-02
2.313500000000000000e+03,1.112365722656250000e+02,4.562499999999980460e-02,1.555749999999999922e+01,-2.734375000001065814e-03
2.313599999999999909e+03,1.113647460937500000e+02,5.062500000000014211e-02,1.547499999999999964e+01,-5.960937500000085265e-02
2.313699999999999818e+03,1.090759277343750000e+02,4.312499999999985789e-02,1.547749999999999915e+01,-2.625000000000099476e-02
2.313800000000000182e+03,1.081420898437500000e+02,2.312499999999984013e-02,1.569749999999999979e+01,-6.179687500000063949e-02
2.313900000000000091e+03,1.076293945312500000e+02,4.812499999999975131e-02,1.578999999999999915e+01,-4.812500000000063949e-02
2.314000000000000000e+03,1.078857421875000000e+02,3.062500000000012434e-02,1.559999999999999964e+01,3.062499999999968026e-02
2.314099999999999909e+03,1.080688476562500000e+02,7.562500000000005329e-02,1.575999999999999979e+01,-9.187500000000081712e-02
2.314199999999999818e+03,1.048645019531250000e+02,2.312499999999984013e-02,1.562999999999999901e+01,-2.953125000000067502e-02
2.314300000000000182e+03,1.053588867187500000e+02,6.812499999999976907e-02,1.572000000000000064e+01,-5.085937500000081712e-02
2.314400000000000091e+03,1.048278808593750000e+02,5.312500000000008882e-02,1.573249999999999993e+01,-3.335937500000074607e-02
2.314500000000000000e+03,1.050659179687500000e+02,2.812499999999973355e-02,1.554749999999999943e+01,-9.296875000000426326e-03
2.314599999999999909e+03,1.032348632812500000e+02,3.562500000000001776e-02,1.549000000000000021e+01,-2.953125000000067502e-02
2.314699999999999818e+03,1.021179199218750000e+02,6.062499999999992895e-02,1.561999999999999922e+01,-3.500000000000103029e-02
2.314800000000000182e+03,1.026672363281250000e+02,4.312499999999985789e-02,1.552999999999999936e+01,-2.625000000000099476e-02
2.314900000000000091e+03,1.022644042968750000e+02,2.562499999999978684e-02,1.561999999999999922e+01,-4.703125000000074607e-02
2.315000000000000000e+03,1.020263671875000000e+02,5.312500000000008882e-02,1.550999999999999979e+01,-6.562500000000248690e-03
2.315099999999999909e+03,1.005249023437500000e+02,3.312500000000007105e-02,1.582499999999999929e+01,-7.601562500000103029e-02
2.315199999999999818e+03,9.990234375000000000e+01,-1.875000000000071054e-03,1.542999999999999972e+01,-4.921875000000053291e-02
2.315300000000000182e+03,1.004882812500000000e+02,-9.812500000000001776e-02,1.593750000000000000e+01,-4.320312500000067502e-02
2.315400000000000091e+03,1.000671386718750000e+02,2.812499999999973355e-02,1.586249999999999893e+01,8.203124999999644729e-03
2.315500000000000000e+03,9.852905273437500000e+01,1.812499999999994671e-02,1.551500000000000057e+01,-5.468750000003907985e-04
2.315599999999999909e+03,9.849243164062500000e+01,5.312500000000008882e-02,1.560749999999999993e+01,-8.203125000000532907e-03
2.315699999999999818e+03,9.786987304687500000e+01,3.124999999999822364e-03,1.564749999999999908e+01,-1.312500000000049738e-02
2.315800000000000182e+03,9.845581054687500000e+01,7.624999999999992895e-02,1.557000000000000028e+01,-4.046875000000049738e-02
2.315900000000000091e+03,9.706420898437500000e+01,2.062499999999989342e-02,1.566999999999999993e+01,-2.078125000000063949e-02
2.316000000000000000e+03,9.640502929687500000e+01,5.812499999999998224e-02,1.554749999999999943e+01,-6.015625000000035527e-02
2.316099999999999909e+03,9.658813476562500000e+01,2.062499999999989342e-02,1.545999999999999908e+01,-3.335937500000074607e-02
2.316199999999999818e+03,9.602050781250000000e+01,4.562499999999980460e-02,1.579999999999999893e+01,-5.085937500000081712e-02
2.316300000000000182e+03,9.656982421875000000e+01,4.312499999999985789e-02,1.560749999999999993e+01,-4.156250000000039080e-02
2.316400000000000091e+03,9.451904296875000000e+01,5.562500000000003553e-02,1.554999999999999893e+01,-2.898437500000028422e-02
2.316500000000000000e+03,9.457397460937500000e+01,4.562499999999980460e-02,1.568750000000000000e+01,-2.953125000000067502e-02
2.316599999999999909e+03,9.473876953125000000e+01,3.062500000000012434e-02,1.572000000000000064e+01,-4.976562500000092371e-02
2.316699999999999818e+03,9.420776367187500000e+01,2.562499999999978684e-02,1.556000000000000050e+01,-3.335937500000074607e-02
2.316800000000000182e+03,9.354858398437500000e+01,3.562500000000001776e-02,1.564749999999999908e+01,-4.976562500000092371e-02
2.316900000000000091e+03,9.283447265625000000e+01,3.562500000000001776e-02,1.582499999999999929e+01,-4.539062500000046185e-02
2.317000000000000000e+03,9.294433593750000000e+01,1.812499999999994671e-02,1.574000000000000021e+01,-5.414062500000049738e-02
2.317099999999999909e+03,9.310913085937500000e+01,5.062500000000014211e-02,1.551750000000000007e+01,-4.265625000000028422e-02
2.317199999999999818e+03,9.226684570312500000e+01,6.312499999999987566e-02,1.560749999999999993e+01,-4.101562500000088818e-02
2.317300000000000182e+03,9.157104492187500000e+01,3.812499999999996447e-02,1.528749999999999964e+01,-9.570312500000088818e-02
2.317400000000000091e+03,9.118652343750000000e+01,2.062499999999989342e-02,1.550750000000000028e+01,-2.570312500000060396e-02
2.317500000000000000e+03,9.131469726562500000e+01,4.562499999999980460e-02,1.581250000000000000e+01,-2.625000000000099476e-02
2.317599999999999909e+03,9.149780273437500000e+01,1.562500000000000000e-02,1.561999999999999922e+01,-2.679687500000049738e-02
2.317699999999999818e+03,8.968505859375000000e+01,1.062500000000010658e-02,1.556000000000000050e+01,-6.015625000000746070e-03
2.317800000000000182e+03,9.005126953125000000e+01,4.062499999999991118e-02,1.550000000000000000e+01,-1.257812500000099476e-02
2.317900000000000091e+03,8.968505859375000000e+01,6.062499999999992895e-02,1.562999999999999901e+01,1.093749999999893419e-02
2.318000000000000000e+03,8.979492187500000000e+01,-2.312500000000001776e-01,1.570500000000000007e+01,-4.156250000000039080e-02
2.318099999999999909e+03,8.924560546875000000e+01,2.562499999999978684e-02,1.567999999999999972e+01,-4.375000000000106581e-02
2.318199999999999818e+03,8.812866210937500000e+01,6.062499999999992895e-02,1.541499999999999915e+01,-9.843750000000817124e-03
2.318300000000000182e+03,8.865966796875000000e+01,6.062499999999992895e-02,1.559750000000000014e+01,-5.906250000000046185e-02
2.318400000000000091e+03,8.829345703125000000e+01,5.062500000000014211e-02,1.560999999999999943e+01,-2.953125000000067502e-02
2.318500000000000000e+03,8.840332031250000000e+01,5.562500000000003553e-02,1.556749999999999901e+01,-3.664062500000042633e-02
2.318599999999999909e+03,8.730468750000000000e+01,5.562500000000003553e-02,1.570999999999999908e+01,-6.562500000000071054e-02
2.318699999999999818e+03,8.670043945312500000e+01,6.062499999999992895e-02,1.554749999999999943e+01,-2.734375000000088818e-02
2.318800000000000182e+03,8.723144531250000000e+01,3.062500000000012434e-02,1.550750000000000028e+01,-2.679687500000049738e-02
2.318900000000000091e+03,8.693847656250000000e+01,2.562499999999978684e-02,1.588499999999999979e+01,9.843749999999040767e-03
2.319000000000000000e+03,8.596801757812500000e+01,7.312500000000010658e-02,1.560999999999999943e+01,-4.757812500000024869e-02
2.319099999999999909e+03,8.582153320312500000e+01,4.812499999999975131e-02,1.557000000000000028e+01,5.468749999995026201e-04
2.319199999999999818e+03,8.530883789062500000e+01,6.062499999999992895e-02,1.557750000000000057e+01,-2.078125000000063949e-02
2.319300000000000182e+03,8.580322265625000000e+01,6.062499999999992895e-02,1.557000000000000028e+01,-6.562500000000071054e-02
2.319400000000000091e+03,8.538208007812500000e+01,6.812499999999976907e-02,1.555749999999999922e+01,-8.585937500000095923e-02
2.319500000000000000e+03,8.435668945312500000e+01,5.562500000000003553e-02,1.566249999999999964e+01,-6.398437500000042633e-02
2.319599999999999909e+03,8.452148437500000000e+01,2.312499999999984013e-02,1.572000000000000064e+01,-8.968750000000103029e-02
2.319699999999999818e+03,8.400878906250000000e+01,7.312500000000010658e-02,1.580499999999999972e+01,-1.859375000000085265e-02
2.319800000000000182e+03,8.453979492187500000e+01,6.812499999999976907e-02,1.567750000000000021e+01,-4.703125000000074607e-02
2.319900000000000091e+03,8.303833007812500000e+01,4.062499999999991118e-02,1.541750000000000043e+01,-2.023437500000024869e-02
2.320000000000000000e+03,8.291015625000000000e+01,4.562499999999980460e-02,1.556000000000000050e+01,-6.617187500000110134e-02
2.320099999999999909e+03,8.309326171875000000e+01,2.312499999999984013e-02,1.561749999999999972e+01,-2.843750000000078160e-02
2.320199999999999818e+03,8.256225585937500000e+01,5.624999999999769074e-03,1.581499999999999950e+01,-2.679687500000049738e-02
2.320300000000000182e+03,8.252563476562500000e+01,6.062499999999992895e-02,1.549750000000000050e+01,-2.789062500000039080e-02
2.320400000000000091e+03,8.164672851562500000e+01,6.812499999999976907e-02,1.554749999999999943e+01,-3.335937500000074607e-02
2.320500000000000000e+03,8.170166015625000000e+01,4.312499999999985789e-02,1.582249999999999979e+01,-3.828125000000959233e-03
2.320599999999999909e+03,8.188476562500000000e+01,5.062500000000014211e-02,1.574000000000000021e+01,-2.296875000000042633e-02
2.320699999999999818e+03,8.139038085937500000e+01,1.812499999999994671e-02,1.564749999999999908e+01,-5.468750000000088818e-02
2.320800000000000182e+03,8.071289062500000000e+01,6.562499999999982236e-02,1.548499999999999943e+01,-9.296875000000426326e-03
2.320900000000000091e+03,8.036499023437500000e+01,6.312499999999987566e-02,1.551750000000000007e+01,5.468749999995026201e-04
2.321000000000000000e+03,8.043823242187500000e+01,3.812499999999996447e-02,1.575000000000000000e+01,-4.703125000000074607e-02
2.321099999999999909e+03,8.063964843750000000e+01,4.562499999999980460e-02,1.560999999999999943e+01,-1.531250000000028422e-02
2.321199999999999818e+03,7.921142578125000000e+01,3.312500000000007105e-02,1.554999999999999893e+01,-6.671875000000060396e-02
2.321300000000000182e+03,7.944946289062500000e+01,3.062500000000012434e-02,1.533499999999999908e+01,-9.296875000000426326e-03
2.321400000000000091e+03,7.915649414062500000e+01,5.562500000000003553e-02,1.558000000000000007e+01,-2.023437500000024869e-02
2.321500000000000000e+03,7.919311523437500000e+01,2.562499999999978684e-02,1.571499999999999986e+01,-2.843750000000078160e-02
2.321599999999999909e+03,7.932128906250000000e+01,5.312500000000008882e-02,1.530749999999999922e+01,-1.093750000000008882e-01
2.321699999999999818e+03,7.776489257812500000e+01,4.062499999999991118e-02,1.555749999999999922e+01,-4.539062500000046185e-02
2.321800000000000182e+03,7.820434570312500000e+01,5.312500000000008882e-02,1.565000000000000036e+01,-3.281250000000035527e-02
2.321900000000000091e+03,7.796630859375000000e+01,3.812499999999996447e-02,1.551999999999999957e+01,-2.789062500000039080e-02
2.322000000000000000e+03,7.796630859375000000e+01,4.312499999999985789e-02,1.581499999999999950e+01,-3.664062500000042633e-02
2.322099999999999909e+03,7.727050781250000000e+01,4.312499999999985789e-02,1.544749999999999979e+01,-5.742187500000106581e-02
2.322199999999999818e+03,7.664794921875000000e+01,8.875000000000010658e-02,1.583499999999999908e+01,-6.289062500000053291e-02
2.322300000000000182e+03,7.708740234375000000e+01,4.062499999999991118e-02,1.543999999999999950e+01,-7.109375000000639488e-03
2.322400000000000091e+03,7.686767578125000000e+01,-6.874999999999964473e-03,1.545749999999999957e+01,-3.281250000000035527e-02
2.322500000000000000e+03,7.635498046875000000e+01,4.812499999999975131e-02,1.591499999999999915e+01,-2.570312500000060396e-02
2.322599999999999909e+03,7.587890625000000000e+01,4.062499999999991118e-02,1.577749999999999986e+01,-6.671875000000060396e-02
2.322699999999999818e+03,7.538452148437500000e+01,4.562499999999980460e-02,1.552999999999999936e+01,6.015624999998969713e-03
2.322800000000000182e+03,7.587890625000000000e+01,2.562499999999978684e-02,1.581749999999999901e+01,7.656249999999253930e-03
2.322900000000000091e+03,7.565917968750000000e+01,1.312500000000005329e-02,1.562999999999999901e+01,-7.000000000000028422e-02
2.323000000000000000e+03,7.476196289062500000e+01,4.312499999999985789e-02,1.541999999999999993e+01,-6.015625000000746070e-03
2.323099999999999909e+03,7.489013671875000000e+01,4.062499999999991118e-02,1.566750000000000043e+01,-3.335937500000074607e-02
2.323199999999999818e+03,7.441406250000000000e+01,5.562500000000003553e-02,1.541750000000000043e+01,-5.960937500000085265e-02
2.323300000000000182e+03,7.487182617187500000e+01,7.062500000000015987e-02,1.554999999999999893e+01,6.015624999998969713e-03
2.323400000000000091e+03,7.391967773437500000e+01,4.312499999999985789e-02,1.568999999999999950e+01,-5.523437500000039080e-02
2.323500000000000000e+03,7.359008789062500000e+01,2.812499999999973355e-02,1.558000000000000007e+01,-3.062500000000056843e-02
2.323599999999999909e+03,7.377319335937500000e+01,5.312500000000008882e-02,1.541000000000000014e+01,-5.195312500000071054e-02
2.323699999999999818e+03,7.327880859375000000e+01,2.312499999999984013e-02,1.556499999999999950e+01,-1.367187500000088818e-02
2.323800000000000182e+03,7.373657226562500000e+01,2.062499999999989342e-02,1.557000000000000028e+01,-6.945312500000078160e-02
2.323900000000000091e+03,7.258300781250000000e+01,7.812500000000000000e-02,1.583750000000000036e+01,-1.367187500000088818e-02
2.324000000000000000e+03,7.261962890625000000e+01,4.062499999999991118e-02,1.569749999999999979e+01,-3.718750000000081712e-02
2.324099999999999909e+03,7.276611328125000000e+01,3.812499999999996447e-02,1.569500000000000028e+01,-5.578125000000078160e-02
2.324199999999999818e+03,7.229003906250000000e+01,5.062500000000014211e-02,1.563250000000000028e+01,-1.585937500000067502e-02
2.324300000000000182e+03,7.196044921875000000e+01,1.562500000000000000e-02,1.553500000000000014e+01,-5.031250000000042633e-02
2.324400000000000091e+03,7.155761718750000000e+01,-1.937500000000014211e-02,1.559750000000000014e+01,-1.148437500000110134e-02
2.324500000000000000e+03,7.155761718750000000e+01,5.312500000000008882e-02,1.571749999999999936e+01,2.679687499999960920e-02
2.324599999999999909e+03,7.179565429687500000e+01,4.312499999999985789e-02,1.554749999999999943e+01,-9.296875000000426326e-03
2.324699999999999818e+03,7.100830078125000000e+01,4.812499999999975131e-02,1.567499999999999893e+01,6.015624999998969713e-03
2.324800000000000182e+03,7.082519531250000000e+01,2.312499999999984013e-02,1.562749999999999950e+01,-3.062500000000056843e-02
2.324900000000000091e+03,7.055053710937500000e+01,2.562499999999978684e-02,1.585749999999999993e+01,-5.468750000000355271e-03
2.325000000000000000e+03,7.055053710937500000e+01,6.562499999999982236e-02,1.566750000000000043e+01,-5.195312500000071054e-02
2.325099999999999909e+03,7.073364257812500000e+01,4.312499999999985789e-02,1.541750000000000043e+01,-5.085937500000081712e-02
2.325199999999999818e+03,6.936035156250000000e+01,3.312500000000007105e-02,1.557000000000000028e+01,-4.539062500000046185e-02
2.325300000000000182e+03,6.976318359375000000e+01,3.312500000000007105e-02,1.559750000000000014e+01,-3.828125000000959233e-03
2.325400000000000091e+03,6.958007812500000000e+01,3.812499999999996447e-02,1.571749999999999936e+01,-2.515625000000110134e-02
2.325500000000000000e+03,6.959838867187500000e+01,4.312499999999985789e-02,1.549000000000000021e+01,-4.320312500000067502e-02
2.325599999999999909e+03,6.919555664062500000e+01,4.312499999999985789e-02,1.574000000000000021e+01,-8.203125000000088818e-02
2.325699999999999818e+03,6.842651367187500000e+01,5.812499999999998224e-02,1.550000000000000000e+01,-5.796875000000056843e-02
2.325800000000000182e+03,6.886596679687500000e+01,4.812499999999975131e-02,1.550499999999999901e+01,-3.445312500000063949e-02
2.325900000000000091e+03,6.866455078125000000e+01,4.062499999999991118e-02,1.533499999999999908e+01,-5.250000000000110134e-02
2.326000000000000000e+03,6.870117187500000000e+01,5.312500000000008882e-02,1.566999999999999993e+01,-4.539062500000046185e-02
2.326099999999999909e+03,6.806030273437500000e+01,6.062499999999992895e-02,1.561500000000000021e+01,-5.578125000000078160e-02
2.326199999999999818e+03,6.751098632812500000e+01,4.812499999999975131e-02,1.558750000000000036e+01,-6.289062500000053291e-02
2.326300000000000182e+03,6.798706054687500000e+01,5.812499999999998224e-02,1.576750000000000007e+01,-6.726562500000099476e-02
2.326400000000000091e+03,6.774902343750000000e+01,4.062499999999991118e-02,1.566499999999999915e+01,-7.875000000000031974e-02
2.326500000000000000e+03,6.710815429687500000e+01,3.062500000000012434e-02,1.560500000000000043e+01,-2.242187500000092371e-02
2.326599999999999909e+03,6.708984375000000000e+01,3.062500000000012434e-02,1.542750000000000021e+01,2.242187499999914735e-02
2.326699999999999818e+03,6.661376953125000000e+01,2.562499999999978684e-02,1.570749999999999957e+01,1.804687499999957367e-02
2.326800000000000182e+03,6.707153320312500000e+01,5.312500000000008882e-02,1.544999999999999929e+01,-7.601562500000103029e-02
2.326900000000000091e+03,6.668701171875000000e+01,2.312499999999984013e-02,1.567499999999999893e+01,-5.851562500000095923e-02
2.327000000000000000e+03,6.600952148437500000e+01,3.062500000000012434e-02,1.553999999999999915e+01,-1.914062500000035527e-02
2.327099999999999909e+03,6.619262695312500000e+01,2.812499999999973355e-02,1.559500000000000064e+01,-2.132812500000103029e-02
2.327199999999999818e+03,6.575317382812500000e+01,1.812499999999994671e-02,1.559999999999999964e+01,-4.210937500000078160e-02
2.327300000000000182e+03,6.613769531250000000e+01,3.812499999999996447e-02,1.550999999999999979e+01,-8.203125000000532907e-03
2.327400000000000091e+03,6.527709960937500000e+01,2.812499999999973355e-02,1.572499999999999964e+01,-5.414062500000049738e-02
2.327500000000000000e+03,6.516723632812500000e+01,3.124999999999822364e-03,1.571250000000000036e+01,-1.093750000000071054e-02
2.327599999999999909e+03,6.536865234375000000e+01,3.062500000000012434e-02,1.569999999999999929e+01,-4.812500000000063949e-02
2.327699999999999818e+03,6.491088867187500000e+01,4.062499999999991118e-02,1.559750000000000014e+01,-1.968750000000074607e-02
2.327800000000000182e+03,6.485595703125000000e+01,4.812499999999975131e-02,1.587250000000000050e+01,1.640624999999396039e-03
2.327900000000000091e+03,6.430664062500000000e+01,3.062500000000012434e-02,1.536500000000000021e+01,-3.664062500000042633e-02
2.328000000000000000e+03,6.425170898437500000e+01,6.562499999999982236e-02,1.556749999999999901e+01,-8.750000000000923706e-03
2.328099999999999909e+03,6.448974609375000000e+01,3.562500000000001776e-02,1.567999999999999972e+01,-8.476562500000106581e-02
2.328199999999999818e+03,6.401367187500000000e+01,6.562499999999982236e-02,1.566000000000000014e+01,-3.500000000000103029e-02
2.328300000000000182e+03,6.366577148437500000e+01,3.312500000000007105e-02,1.558750000000000036e+01,-1.859375000000085265e-02
2.328400000000000091e+03,6.350097656250000000e+01,3.812499999999996447e-02,1.560999999999999943e+01,-4.320312500000067502e-02
2.328500000000000000e+03,6.344604492187500000e+01,4.812499999999975131e-02,1.570749999999999957e+01,-2.570312500000060396e-02
2.328599999999999909e+03,6.361083984375000000e+01,2.812499999999973355e-02,1.563499999999999979e+01,-3.992187500000099476e-02
2.328699999999999818e+03,6.262207031250000000e+01,4.562499999999980460e-02,1.572000000000000064e+01,-3.445312500000063949e-02
2.328800000000000182e+03,6.282348632812500000e+01,2.812499999999973355e-02,1.562999999999999901e+01,2.296874999999953815e-02
2.328900000000000091e+03,6.264038085937500000e+01,4.812499999999975131e-02,1.553500000000000014e+01,-3.718750000000081712e-02
2.329000000000000000e+03,6.265869140625000000e+01,5.562500000000003553e-02,1.561749999999999972e+01,1.367187499999911182e-02
2.329099999999999909e+03,6.280517578125000000e+01,3.312500000000007105e-02,1.575499999999999901e+01,2.406249999999943157e-02
2.329199999999999818e+03,6.165161132812500000e+01,1.562500000000000000e-02,1.564000000000000057e+01,-7.656250000000053291e-02
2.329300000000000182e+03,6.199951171875000000e+01,4.312499999999985789e-02,1.552999999999999936e+01,-3.117187500000095923e-02
2.329400000000000091e+03,6.187133789062500000e+01,1.812499999999994671e-02,1.551750000000000007e+01,-6.835937500000088818e-02
2.329500000000000000e+03,6.181640625000000000e+01,6.562499999999982236e-02,1.551750000000000007e+01,-4.210937500000078160e-02
2.329599999999999909e+03,6.141357421875000000e+01,-4.487499999999999822e-01,1.587500000000000000e+01,-1.421875000000039080e-02
2.329699999999999818e+03,6.090087890625000000e+01,2.812499999999973355e-02,1.549000000000000021e+01,-4.867187500000103029e-02
2.329800000000000182e+03,6.130371093750000000e+01,4.812499999999975131e-02,1.545999999999999908e+01,-6.617187500000110134e-02
2.329900000000000091e+03,6.117553710937500000e+01,2.062499999999989342e-02,1.595500000000000007e+01,-4.539062500000046185e-02
2.330000000000000000e+03,6.082763671875000000e+01,5.562500000000003553e-02,1.553749999999999964e+01,-2.187500000000675016e-03
2.330099999999999909e+03,6.053466796875000000e+01,3.812499999999996447e-02,1.532000000000000028e+01,-3.281250000000568434e-03
2.330199999999999818e+03,6.009521484375000000e+01,6.062499999999992895e-02,1.583750000000000036e+01,-1.203125000000060396e-02
2.330300000000000182e+03,6.051635742187500000e+01,4.562499999999980460e-02,1.561999999999999922e+01,1.640624999999928946e-02
2.330400000000000091e+03,6.035156250000000000e+01,1.312500000000005329e-02,1.553749999999999964e+01,-4.320312500000067502e-02
2.330500000000000000e+03,5.972900390625000000e+01,5.562500000000003553e-02,1.568500000000000050e+01,-5.960937500000085265e-02
2.330599999999999909e+03,5.983886718750000000e+01,1.562500000000000000e-02,1.568750000000000000e+01,-1.476562500000078160e-02
2.330699999999999818e+03,5.939941406250000000e+01,4.812499999999975131e-02,1.556000000000000050e+01,-4.210937500000078160e-02
2.330800000000000182e+03,5.980224609375000000e+01,4.312499999999985789e-02,1.547000000000000064e+01,-1.093750000000781597e-03
2.330900000000000091e+03,5.927124023437500000e+01,6.812499999999976907e-02,1.563499999999999979e+01,-3.062500000000056843e-02
2.331000000000000000e+03,5.895996093750000000e+01,2.312499999999984013e-02,1.562999999999999901e+01,-4.429687500000056843e-02
2.331099999999999909e+03,5.908813476562500000e+01,2.562499999999978684e-02,1.570500000000000007e+01,-5.523437500000039080e-02
2.331199999999999818e+03,5.872192382812500000e+01,4.312499999999985789e-02,1.561999999999999922e+01,-1.531250000000028422e-02
2.331300000000000182e+03,5.910644531250000000e+01,5.062500000000014211e-02,1.540000000000000036e+01,-6.343750000000092371e-02
2.331400000000000091e+03,5.830078125000000000e+01,1.312500000000005329e-02,1.566000000000000014e+01,-5.031250000000042633e-02
2.331500000000000000e+03,5.822753906250000000e+01,4.812499999999975131e-02,1.552500000000000036e+01,-5.359375000000099476e-02
2.331599999999999909e+03,5.839233398437500000e+01,8.124999999999715783e-03,1.551999999999999957e+01,-3.937500000000060396e-02
2.331699999999999818e+03,5.798950195312500000e+01,3.312500000000007105e-02,1.561999999999999922e+01,-1.804687500000046185e-02
2.331800000000000182e+03,5.782470703125000000e+01,3.812499999999996447e-02,1.563749999999999929e+01,-4.156250000000039080e-02
2.331900000000000091e+03,5.760498046875000000e+01,4.062499999999991118e-02,1.549000000000000021e+01,-3.117187500000095923e-02
2.332000000000000000e+03,5.756835937500000000e+01,4.562499999999980460e-02,1.551750000000000007e+01,-5.851562500000095923e-02
2.332099999999999909e+03,5.775146484375000000e+01,2.562499999999978684e-02,1.569749999999999979e+01,7.109374999999751310e-03
2.332199999999999818e+03,5.716552734375000000e+01,3.562500000000001776e-02,1.551999999999999957e+01,-6.835937500000088818e-02
2.332300000000000182e+03,5.700073242187500000e+01,4.062499999999991118e-02,1.570999999999999908e+01,-1.804687500000046185e-02
2.332400000000000091e+03,5.687255859375000000e+01,4.812499999999975131e-02,1.565499999999999936e+01,-3.828125000000959233e-03
2.332500000000000000e+03,5.687255859375000000e+01,6.312499999999987566e-02,1.545999999999999908e+01,-5.031250000000042633e-02
2.332599999999999909e+03,5.700073242187500000e+01,3.812499999999996447e-02,1.589749999999999908e+01,-2.734375000001065814e-03
2.332699999999999818e+03,5.610351562500000000e+01,2.812499999999973355e-02,1.584500000000000064e+01,-6.562500000000248690e-03
2.332800000000000182e+03,5.641479492187500000e+01,2.812499999999973355e-02,1.543500000000000050e+01,-6.179687500000063949e-02
2.332900000000000091e+03,5.626831054687500000e+01,3.062500000000012434e-02,1.562999999999999901e+01,-4.976562500000092371e-02
2.333000000000000000e+03,5.623168945312500000e+01,2.562499999999978684e-02,1.546749999999999936e+01,8.203124999999644729e-03
2.333099999999999909e+03,5.608520507812500000e+01,4.062499999999991118e-02,1.570999999999999908e+01,-1.312500000000049738e-02
2.333199999999999818e+03,5.533447265625000000e+01,3.062500000000012434e-02,1.550750000000000028e+01,-3.828125000000071054e-02
2.333300000000000182e+03,5.571899414062500000e+01,5.812499999999998224e-02,1.577999999999999936e+01,7.109374999999751310e-03
2.333400000000000091e+03,5.555419921875000000e+01,2.312499999999984013e-02,1.587500000000000000e+01,-3.390625000000024869e-02
2.333500000000000000e+03,5.555419921875000000e+01,2.062499999999989342e-02,1.562749999999999950e+01,-4.484375000000095923e-02
2.333599999999999909e+03,5.518798828125000000e+01,8.875000000000010658e-02,1.539000000000000057e+01,-6.507812500000031974e-02
2.333699999999999818e+03,5.471191406250000000e+01,1.812499999999994671e-02,1.571749999999999936e+01,-7.273437500000046185e-02
2.333800000000000182e+03,5.505981445312500000e+01,5.812499999999998224e-02,1.561999999999999922e+01,-3.007812500000106581e-02
2.333900000000000091e+03,5.498657226562500000e+01,4.312499999999985789e-02,1.550999999999999979e+01,-2.187500000000053291e-02
2.334000000000000000e+03,5.451049804687500000e+01,6.312499999999987566e-02,1.566999999999999993e+01,1.203124999999971578e-02
2.334099999999999909e+03,5.451049804687500000e+01,3.312500000000007105e-02,1.540750000000000064e+01,-3.171875000000046185e-02
2.334199999999999818e+03,5.414428710937500000e+01,2.312499999999984013e-02,1.562749999999999950e+01,-4.757812500000024869e-02
2.334300000000000182e+03,5.449218750000000000e+01,6.562499999999982236e-02,1.574499999999999922e+01,-5.085937500000081712e-02
2.334400000000000091e+03,5.436401367187500000e+01,6.875000000000008882e-02,1.566750000000000043e+01,-3.226562500000085265e-02
2.334500000000000000e+03,5.375976562500000000e+01,4.812499999999975131e-02,1.536749999999999972e+01,-9.625000000000039080e-02
2.334599999999999909e+03,5.392456054687500000e+01,4.812499999999975131e-02,1.526999999999999957e+01,-4.593750000000085265e-02
2.334699999999999818e+03,5.354003906250000000e+01,1.562500000000000000e-02,1.541000000000000014e+01,-8.312500000000078160e-02
2.334800000000000182e+03,5.390625000000000000e+01,-1.812499999999994671e-02,1.591750000000000043e+01,-7.656250000001030287e-03
2.334900000000000091e+03,5.328369140625000000e+01,3.312500000000007105e-02,1.570999999999999908e+01,-4.101562500000088818e-02
2.335000000000000000e+03,5.315551757812500000e+01,4.312499999999985789e-02,1.569500000000000028e+01,-4.757812500000024869e-02
2.335099999999999909e+03,5.332031250000000000e+01,5.062500000000014211e-02,1.572000000000000064e+01,-2.406250000000031974e-02
2.335199999999999818e+03,5.293579101562500000e+01,5.812499999999998224e-02,1.573749999999999893e+01,3.828124999999182876e-03
2.335300000000000182e+03,5.326538085937500000e+01,4.562499999999980460e-02,1.570999999999999908e+01,-1.859375000000085265e-02
2.335400000000000091e+03,5.310058593750000000e+01,2.812499999999973355e-02,1.575999999999999979e+01,-3.664062500000042633e-02
2.335500000000000000e+03,5.304565429687500000e+01,7.374999999999998224e-02,1.577249999999999908e+01,-7.273437500000046185e-02
2.335599999999999909e+03,5.322875976562500000e+01,1.812499999999994671e-02,1.563749999999999929e+01,-5.742187500000106581e-02
2.335699999999999818e+03,5.286254882812500000e+01,5.562500000000003553e-02,1.545999999999999908e+01,-5.085937500000081712e-02
2.335800000000000182e+03,5.321044921875000000e+01,3.312500000000007105e-02,1.544999999999999929e+01,-4.320312500000067502e-02
2.335900000000000091e+03,5.308227539062500000e+01,4.062499999999991118e-02,1.534999999999999964e+01,-5.742187500000106581e-02
2.336000000000000000e+03,5.302734375000000000e+01,3.062500000000012434e-02,1.566999999999999993e+01,2.296874999999953815e-02
2.336099999999999909e+03,5.321044921875000000e+01,2.812499999999973355e-02,1.572000000000000064e+01,-1.968750000000074607e-02
2.336199999999999818e+03,5.286254882812500000e+01,4.989374999999999893e+00,1.540000000000000036e+01,2.087203124999999915e+01
2.336300000000000182e+03,5.319213867187500000e+01,2.937500000000000000e+00,1.564749999999999908e+01,1.549023437500000000e+01
2.336400000000000091e+03,5.306396484375000000e+01,2.967499999999999805e+00,1.558750000000000036e+01,1.545742187500000142e+01
2.336500000000000000e+03,5.306396484375000000e+01,2.944999999999999840e+00,1.588499999999999979e+01,1.543062500000000092e+01
2.336599999999999909e+03,5.324707031250000000e+01,2.924999999999999822e+00,1.594500000000000028e+01,1.545085937500000028e+01
2.336699999999999818e+03,5.423583984375000000e+01,2.950000000000000178e+00,1.568500000000000050e+01,1.543007812500000142e+01
2.336800000000000182e+03,5.473022460937500000e+01,2.982499999999999929e+00,1.544999999999999929e+01,1.541312500000000085e+01
2.336900000000000091e+03,5.460205078125000000e+01,2.962499999999999911e+00,1.531749999999999901e+01,1.548859375000000149e+01
2.337000000000000000e+03,5.452880859375000000e+01,2.982499999999999929e+00,1.565000000000000036e+01,1.542843750000000114e+01
2.337099999999999909e+03,5.692749023437500000e+01,3.000000000000000000e+00,1.554999999999999893e+01,1.549023437500000000e+01
2.337199999999999818e+03,5.711059570312500000e+01,2.992500000000000160e+00,1.574750000000000050e+01,1.549296875000000107e+01
2.337300000000000182e+03,5.749511718750000000e+01,2.987499999999999822e+00,1.562749999999999950e+01,1.550390625000000000e+01
2.337400000000000091e+03,5.738525390625000000e+01,3.024999999999999911e+00,1.566999999999999993e+01,1.549351562500000057e+01
2.337500000000000000e+03,5.842895507812500000e+01,3.027499999999999858e+00,1.549000000000000021e+01,1.544648437500000071e+01
2.337599999999999909e+03,6.130371093750000000e+01,3.055000000000000160e+00,1.559999999999999964e+01,1.549296875000000107e+01
2.337699999999999818e+03,6.097412109375000000e+01,3.017500000000000071e+00,1.553999999999999915e+01,1.546125000000000149e+01
2.337800000000000182e+03,6.141357421875000000e+01,3.067499999999999893e+00,1.567999999999999972e+01,1.546671875000000007e+01
2.337900000000000091e+03,6.124877929687500000e+01,3.052500000000000213e+00,1.547000000000000064e+01,1.546125000000000149e+01
2.338000000000000000e+03,6.513061523437500000e+01,3.040000000000000036e+00,1.572749999999999915e+01,1.548257812500000163e+01
2.338099999999999909e+03,6.573486328125000000e+01,3.057500000000000107e+00,1.576999999999999957e+01,1.550117187500000071e+01
2.338199999999999818e+03,6.531372070312500000e+01,3.087499999999999911e+00,1.572000000000000064e+01,1.543445312500000099e+01
2.338300000000000182e+03,6.573486328125000000e+01,3.100000000000000089e+00,1.554999999999999893e+01,1.545195312500000107e+01
2.338400000000000091e+03,6.773071289062500000e+01,3.092499999999999805e+00,1.535999999999999943e+01,1.547601562500000050e+01
2.338500000000000000e+03,6.914062500000000000e+01,3.087499999999999911e+00,1.563499999999999979e+01,1.546179687500000099e+01
2.338599999999999909e+03,6.937866210937500000e+01,3.072499999999999787e+00,1.565000000000000036e+01,1.550882812500000085e+01
2.338699999999999818e+03,6.890258789062500000e+01,3.107499999999999929e+00,1.558000000000000007e+01,1.548968750000000050e+01
2.338800000000000182e+03,6.934204101562500000e+01,3.142500000000000071e+00,1.566999999999999993e+01,1.542187500000000000e+01
2.338900000000000091e+03,7.207031250000000000e+01,3.120000000000000107e+00,1.552749999999999986e+01,1.542625000000000135e+01
2.339000000000000000e+03,7.225341796875000000e+01,3.115000000000000213e+00,1.557000000000000028e+01,1.543171874999999993e+01
2.339099999999999909e+03,7.249145507812500000e+01,3.145000000000000018e+00,1.551750000000000007e+01,1.544812500000000099e+01
2.339199999999999818e+03,7.199707031250000000e+01,3.137500000000000178e+00,1.567999999999999972e+01,1.546289062500000000e+01
2.339300000000000182e+03,7.450561523437500000e+01,3.187500000000000000e+00,1.539000000000000057e+01,1.547382812500000071e+01
2.339400000000000091e+03,7.492675781250000000e+01,3.145000000000000018e+00,1.553999999999999915e+01,1.542406250000000156e+01
2.339500000000000000e+03,7.498168945312500000e+01,3.167499999999999982e+00,1.559750000000000014e+01,1.547109375000000142e+01
2.339599999999999909e+03,7.518310546875000000e+01,3.169999999999999929e+00,1.566000000000000014e+01,1.545359375000000135e+01
2.339699999999999818e+03,7.521972656250000000e+01,3.197499999999999787e+00,1.553500000000000014e+01,1.550445312500000128e+01
2.339800000000000182e+03,7.769165039062500000e+01,3.209999999999999964e+00,1.541000000000000014e+01,1.545250000000000057e+01
2.339900000000000091e+03,7.754516601562500000e+01,3.259999999999999787e+00,1.547749999999999915e+01,1.545250000000000057e+01
2.340000000000000000e+03,7.758178710937500000e+01,3.194999999999999840e+00,1.557000000000000028e+01,1.547765625000000078e+01
2.340099999999999909e+03,7.780151367187500000e+01,3.225000000000000089e+00,1.566000000000000014e+01,1.544867187500000050e+01
2.340199999999999818e+03,7.932128906250000000e+01,3.194999999999999840e+00,1.587749999999999950e+01,1.544976562500000128e+01
2.340300000000000182e+03,8.009033203125000000e+01,3.209999999999999964e+00,1.563749999999999929e+01,1.544703125000000021e+01
2.340400000000000091e+03,7.981567382812500000e+01,3.225000000000000089e+00,1.571749999999999936e+01,1.552195312500000135e+01
2.340500000000000000e+03,7.987060546875000000e+01,3.272499999999999964e+00,1.548749999999999893e+01,1.550007812499999993e+01
2.340599999999999909e+03,8.131713867187500000e+01,3.257499999999999840e+00,1.556749999999999901e+01,1.544976562500000128e+01
2.340699999999999818e+03,8.173828125000000000e+01,3.245000000000000107e+00,1.543750000000000000e+01,1.546234375000000050e+01
2.340800000000000182e+03,8.230590820312500000e+01,3.257499999999999840e+00,1.568999999999999950e+01,1.548804687500000021e+01
2.340900000000000091e+03,8.201293945312500000e+01,3.254999999999999893e+00,1.572000000000000064e+01,1.543554687500000000e+01
2.341000000000000000e+03,8.212280273437500000e+01,3.274999999999999911e+00,1.549000000000000021e+01,1.543882812500000057e+01
2.341099999999999909e+03,8.435668945312500000e+01,3.240000000000000213e+00,1.556749999999999901e+01,1.547437500000000021e+01
2.341199999999999818e+03,8.399047851562500000e+01,3.322499999999999787e+00,1.566499999999999915e+01,1.541367187500000036e+01
2.341300000000000182e+03,8.452148437500000000e+01,3.254999999999999893e+00,1.589499999999999957e+01,1.544867187500000050e+01
2.341400000000000091e+03,8.422851562500000000e+01,3.270000000000000018e+00,1.572000000000000064e+01,1.544210937500000114e+01
2.341500000000000000e+03,8.583984375000000000e+01,3.312500000000000000e+00,1.562999999999999901e+01,1.543117187500000043e+01
2.341599999999999909e+03,8.648071289062500000e+01,3.317499999999999893e+00,1.568999999999999950e+01,1.551757812500000000e+01
2.341699999999999818e+03,8.593139648437500000e+01,3.310000000000000053e+00,1.565000000000000036e+01,1.547710937500000128e+01
2.341800000000000182e+03,8.648071289062500000e+01,3.337499999999999911e+00,1.564749999999999908e+01,1.550007812499999993e+01
2.341900000000000091e+03,8.664550781250000000e+01,3.350000000000000089e+00,1.560749999999999993e+01,1.541093750000000107e+01
2.342000000000000000e+03,8.814697265625000000e+01,3.312500000000000000e+00,1.548000000000000043e+01,1.546671875000000007e+01
2.342099999999999909e+03,8.840332031250000000e+01,3.325000000000000178e+00,1.568249999999999922e+01,1.548804687500000021e+01
2.342199999999999818e+03,8.787231445312500000e+01,3.345000000000000195e+00,1.592499999999999893e+01,1.545031250000000078e+01
2.342300000000000182e+03,8.843994140625000000e+01,3.332500000000000018e+00,1.565499999999999936e+01,1.546507812500000156e+01
2.342400000000000091e+03,8.977661132812500000e+01,3.362499999999999822e+00,1.572000000000000064e+01,1.548039062500000007e+01
2.342500000000000000e+03,9.012451171875000000e+01,3.367500000000000160e+00,1.557000000000000028e+01,1.545960937500000121e+01
2.342599999999999909e+03,9.030761718750000000e+01,3.342500000000000249e+00,1.571749999999999936e+01,1.547328125000000121e+01
2.342699999999999818e+03,8.975830078125000000e+01,3.390000000000000124e+00,1.572000000000000064e+01,1.544375000000000142e+01
2.342800000000000182e+03,9.142456054687500000e+01,3.372500000000000053e+00,1.575000000000000000e+01,1.541804687499999993e+01
2.342900000000000091e+03,9.188232421875000000e+01,3.350000000000000089e+00,1.571499999999999986e+01,1.546617187500000057e+01
2.343000000000000000e+03,9.206542968750000000e+01,3.370000000000000107e+00,1.564000000000000057e+01,1.541968750000000021e+01
2.343099999999999909e+03,9.217529296875000000e+01,3.377499999999999947e+00,1.558999999999999986e+01,1.544375000000000142e+01
2.343199999999999818e+03,9.168090820312500000e+01,3.464999999999999858e+00,1.564749999999999908e+01,1.540710937500000099e+01
2.343300000000000182e+03,9.393310546875000000e+01,3.450000000000000178e+00,1.547499999999999964e+01,1.546562500000000107e+01
2.343400000000000091e+03,9.369506835937500000e+01,3.419999999999999929e+00,1.554999999999999893e+01,1.541968750000000021e+01
2.343500000000000000e+03,9.385986328125000000e+01,3.430000000000000160e+00,1.558999999999999986e+01,1.548039062500000007e+01
2.343599999999999909e+03,9.398803710937500000e+01,3.439999999999999947e+00,1.556749999999999901e+01,1.537265625000000036e+01
2.343699999999999818e+03,9.486694335937500000e+01,3.435000000000000053e+00,1.535749999999999993e+01,1.549570312500000036e+01
2.343800000000000182e+03,9.581909179687500000e+01,3.487499999999999822e+00,1.554749999999999943e+01,1.547328125000000121e+01
2.343900000000000091e+03,9.550781250000000000e+01,3.417499999999999982e+00,1.564000000000000057e+01,1.546562500000000107e+01
2.344000000000000000e+03,9.563598632812500000e+01,3.490000000000000213e+00,1.554749999999999943e+01,1.549351562500000057e+01
2.344099999999999909e+03,9.622192382812500000e+01,3.517500000000000071e+00,1.585500000000000043e+01,1.545140625000000156e+01
2.344199999999999818e+03,9.689941406250000000e+01,3.475000000000000089e+00,1.565000000000000036e+01,1.541695312500000092e+01
2.344300000000000182e+03,9.757690429687500000e+01,3.472500000000000142e+00,1.552999999999999936e+01,1.538906250000000142e+01
2.344400000000000091e+03,9.719238281250000000e+01,3.470000000000000195e+00,1.565499999999999936e+01,1.544867187500000050e+01
2.344500000000000000e+03,9.735717773437500000e+01,3.495000000000000107e+00,1.539000000000000057e+01,1.545140625000000156e+01
2.344599999999999909e+03,9.913330078125000000e+01,3.487499999999999822e+00,1.556749999999999901e+01,1.545304687500000007e+01
2.344699999999999818e+03,9.876708984375000000e+01,3.502499999999999947e+00,1.555749999999999922e+01,1.546835937500000036e+01
2.344800000000000182e+03,9.940795898437500000e+01,3.509999999999999787e+00,1.575999999999999979e+01,1.547546875000000099e+01
2.344900000000000091e+03,9.895019531250000000e+01,3.467500000000000249e+00,1.549000000000000021e+01,1.545250000000000057e+01
2.345000000000000000e+03,1.002685546875000000e+02,3.517500000000000071e+00,1.568750000000000000e+01,1.546070312500000021e+01
2.345099999999999909e+03,1.010009765625000000e+02,3.497500000000000053e+00,1.564000000000000057e+01,1.547875000000000156e+01
2.345199999999999818e+03,1.005065917968750000e+02,3.537500000000000089e+00,1.566000000000000014e+01,1.542296875000000078e+01
2.345300000000000182e+03,1.010559082031250000e+02,3.560000000000000053e+00,1.549499999999999922e+01,1.549023437500000000e+01
2.345400000000000091e+03,1.006896972656250000e+02,3.570000000000000284e+00,1.557000000000000028e+01,1.543554687500000000e+01
2.345500000000000000e+03,1.024841308593750000e+02,3.567499999999999893e+00,1.568500000000000050e+01,1.545851562500000043e+01
2.345599999999999909e+03,1.027038574218750000e+02,3.547499999999999876e+00,1.544749999999999979e+01,1.545906249999999993e+01
2.345699999999999818e+03,1.022094726562500000e+02,3.580000000000000071e+00,1.554749999999999943e+01,1.549898437500000092e+01
2.345800000000000182e+03,1.027404785156250000e+02,3.584999999999999964e+00,1.551750000000000007e+01,1.546945312500000114e+01
2.345900000000000091e+03,1.036926269531250000e+02,3.609999999999999876e+00,1.562999999999999901e+01,1.546234375000000050e+01
2.346000000000000000e+03,1.042236328125000000e+02,3.607499999999999929e+00,1.554999999999999893e+01,1.545085937500000028e+01
2.346099999999999909e+03,1.044067382812500000e+02,3.594999999999999751e+00,1.572000000000000064e+01,1.545796875000000092e+01
2.346199999999999818e+03,1.039123535156250000e+02,3.612499999999999822e+00,1.544999999999999929e+01,1.547218750000000043e+01
2.346300000000000182e+03,1.050659179687500000e+02,3.622500000000000053e+00,1.563499999999999979e+01,1.542625000000000135e+01
2.346400000000000091e+03,1.056701660156250000e+02,3.615000000000000213e+00,1.560749999999999993e+01,1.548257812500000163e+01
2.346500000000000000e+03,1.059997558593750000e+02,3.647499999999999964e+00,1.547749999999999915e+01,1.548640624999999993e+01
2.346599999999999909e+03,1.061462402343750000e+02,3.637500000000000178e+00,1.560749999999999993e+01,1.546835937500000036e+01
2.346699999999999818e+03,1.056701660156250000e+02,3.672499999999999876e+00,1.549750000000000050e+01,1.547109375000000142e+01
2.346800000000000182e+03,1.077575683593750000e+02,3.627499999999999947e+00,1.582750000000000057e+01,1.547109375000000142e+01
2.346900000000000091e+03,1.074279785156250000e+02,3.640000000000000124e+00,1.541999999999999993e+01,1.551156250000000014e+01
2.347000000000000000e+03,1.076660156250000000e+02,3.649999999999999911e+00,1.533750000000000036e+01,1.542351562500000028e+01
2.347099999999999909e+03,1.078308105468750000e+02,3.682500000000000107e+00,1.541750000000000043e+01,1.554820312500000057e+01
2.347199999999999818e+03,1.084533691406250000e+02,3.647499999999999964e+00,1.542999999999999972e+01,1.544156250000000163e+01
2.347300000000000182e+03,1.095886230468750000e+02,3.719999999999999751e+00,1.549000000000000021e+01,1.544539062499999993e+01
2.347400000000000091e+03,1.090759277343750000e+02,3.695000000000000284e+00,1.560999999999999943e+01,1.550226562500000149e+01
2.347500000000000000e+03,1.094055175781250000e+02,3.700000000000000178e+00,1.562749999999999950e+01,1.547875000000000156e+01
2.347599999999999909e+03,1.096435546875000000e+02,3.725000000000000089e+00,1.580749999999999922e+01,1.550664062500000107e+01
2.347699999999999818e+03,1.106506347656250000e+02,3.729999999999999982e+00,1.559750000000000014e+01,1.549406250000000007e+01
2.347800000000000182e+03,1.113098144531250000e+02,3.745000000000000107e+00,1.556749999999999901e+01,1.544101562500000036e+01
2.347900000000000091e+03,1.107788085937500000e+02,3.752499999999999947e+00,1.559999999999999964e+01,1.544484375000000043e+01
2.348000000000000000e+03,1.111083984375000000e+02,3.767500000000000071e+00,1.544999999999999929e+01,1.549679687500000114e+01
2.348099999999999909e+03,1.126464843750000000e+02,3.772499999999999964e+00,1.549000000000000021e+01,1.551320312500000043e+01
2.348199999999999818e+03,1.124267578125000000e+02,3.797499999999999876e+00,1.552999999999999936e+01,1.548476562500000142e+01
2.348300000000000182e+03,1.130126953125000000e+02,3.794999999999999929e+00,1.590249999999999986e+01,1.549679687500000114e+01
2.348400000000000091e+03,1.124816894531250000e+02,3.822499999999999787e+00,1.545749999999999957e+01,1.548257812500000163e+01
2.348500000000000000e+03,1.135620117187500000e+02,3.817499999999999893e+00,1.577999999999999936e+01,1.544757812500000149e+01
2.348599999999999909e+03,1.145507812500000000e+02,3.834999999999999964e+00,1.558999999999999986e+01,1.540218750000000014e+01
2.348699999999999818e+03,1.140747070312500000e+02,3.825000000000000178e+00,1.555749999999999922e+01,1.544375000000000142e+01
2.348800000000000182e+03,1.146972656250000000e+02,3.839999999999999858e+00,1.544749999999999979e+01,1.541804687499999993e+01
2.348900000000000091e+03,1.141845703125000000e+02,3.839999999999999858e+00,1.542499999999999893e+01,1.545468750000000036e+01
2.349000000000000000e+03,1.162170410156250000e+02,3.884999999999999787e+00,1.551999999999999957e+01,1.551703125000000050e+01
2.349099999999999909e+03,1.163818359375000000e+02,3.919999999999999929e+00,1.567999999999999972e+01,1.547437500000000021e+01
2.349199999999999818e+03,1.159057617187500000e+02,3.924999999999999822e+00,1.545999999999999908e+01,1.543937500000000007e+01
2.349300000000000182e+03,1.165100097656250000e+02,3.895000000000000018e+00,1.579250000000000043e+01,1.546781250000000085e+01
2.349400000000000091e+03,1.172241210937500000e+02,3.930000000000000160e+00,1.571499999999999986e+01,1.548203125000000036e+01
2.349500000000000000e+03,1.180114746093750000e+02,3.915000000000000036e+00,1.562749999999999950e+01,1.549187500000000028e+01
2.349599999999999909e+03,1.181030273437500000e+02,3.962499999999999911e+00,1.556000000000000050e+01,1.543281250000000071e+01
2.349699999999999818e+03,1.176086425781250000e+02,3.959999999999999964e+00,1.570999999999999908e+01,1.546890625000000163e+01
2.349800000000000182e+03,1.185424804687500000e+02,3.969999999999999751e+00,1.544749999999999979e+01,1.547164062500000092e+01
2.349900000000000091e+03,1.194030761718750000e+02,3.987499999999999822e+00,1.570749999999999957e+01,1.549570312500000036e+01
2.350000000000000000e+03,1.197875976562500000e+02,4.019999999999999574e+00,1.540750000000000064e+01,1.545632812500000064e+01
2.350099999999999909e+03,1.199340820312500000e+02,4.000000000000000000e+00,1.570749999999999957e+01,1.549515625000000085e+01
2.350199999999999818e+03,1.194213867187500000e+02,4.022499999999999964e+00,1.565750000000000064e+01,1.546562500000000107e+01
2.350300000000000182e+03,1.216735839843750000e+02,4.070000000000000284e+00,1.567750000000000021e+01,1.544867187500000050e+01
2.350400000000000091e+03,1.212707519531250000e+02,4.054999999999999716e+00,1.576999999999999957e+01,1.547000000000000064e+01
2.350500000000000000e+03,1.216186523437500000e+02,4.089999999999999858e+00,1.537999999999999901e+01,1.540492187500000121e+01
2.350599999999999909e+03,1.217468261718750000e+02,4.097500000000000142e+00,1.543999999999999950e+01,1.545742187500000142e+01
2.350699999999999818e+03,1.220214843750000000e+02,4.094999999999999751e+00,1.591750000000000043e+01,1.544757812500000149e+01
2.350800000000000182e+03,1.232666015625000000e+02,4.097500000000000142e+00,1.547000000000000064e+01,1.547164062500000092e+01
2.350900000000000091e+03,1.226806640625000000e+02,4.157499999999999751e+00,1.550999999999999979e+01,1.547875000000000156e+01
2.351000000000000000e+03,1.230285644531250000e+02,4.167500000000000426e+00,1.551750000000000007e+01,1.543828125000000107e+01
2.351099999999999909e+03,1.231201171875000000e+02,4.127499999999999503e+00,1.580499999999999972e+01,1.543664062500000078e+01
2.351199999999999818e+03,1.227172851562500000e+02,4.250000000000000000e+00,1.555499999999999972e+01,1.547164062500000092e+01
2.351300000000000182e+03,1.233581542968750000e+02,4.227500000000000036e+00,1.565000000000000036e+01,1.539781250000000057e+01
2.351400000000000091e+03,1.227905273437500000e+02,1.312500000000005329e-02,1.564749999999999908e+01,-2.078125000000063949e-02
2.351500000000000000e+03,1.231201171875000000e+02,6.312499999999987566e-02,1.570999999999999908e+01,-2.296875000000042633e-02
2.351599999999999909e+03,1.232299804687500000e+02,2.812499999999973355e-02,1.557000000000000028e+01,-3.554687500000053291e-02
2.351699999999999818e+03,1.227722167968750000e+02,5.562500000000003553e-02,1.566000000000000014e+01,-4.867187500000103029e-02
2.351800000000000182e+03,1.233947753906250000e+02,8.062499999999994671e-02,1.572000000000000064e+01,-2.406250000000031974e-02
2.351900000000000091e+03,1.228271484375000000e+02,2.812499999999973355e-02,1.564000000000000057e+01,-3.007812500000106581e-02
2.352000000000000000e+03,1.229553222656250000e+02,6.562499999999982236e-02,1.572749999999999915e+01,-3.937500000000060396e-02
2.352099999999999909e+03,1.227172851562500000e+02,2.562499999999978684e-02,1.567999999999999972e+01,3.773437499999943157e-02
2.352199999999999818e+03,1.222595214843750000e+02,4.812499999999975131e-02,1.551999999999999957e+01,1.203124999999971578e-02
2.352300000000000182e+03,1.228271484375000000e+02,-8.000000000000007105e-02,1.575999999999999979e+01,1.257812499999921840e-02
2.352400000000000091e+03,1.222778320312500000e+02,6.562499999999982236e-02,1.543750000000000000e+01,-2.734375000001065814e-03
2.352500000000000000e+03,1.207397460937500000e+02,2.312499999999984013e-02,1.582249999999999979e+01,-3.664062500000042633e-02
2.352599999999999909e+03,1.206481933593750000e+02,3.562500000000001776e-02,1.557000000000000028e+01,-5.796875000000056843e-02
2.352699999999999818e+03,1.201538085937500000e+02,3.562500000000001776e-02,1.532000000000000028e+01,-3.171875000000046185e-02
2.352800000000000182e+03,1.208129882812500000e+02,4.562499999999980460e-02,1.580499999999999972e+01,-4.539062500000046185e-02
2.352900000000000091e+03,1.180114746093750000e+02,4.812499999999975131e-02,1.570749999999999957e+01,6.562499999999360512e-03
2.353000000000000000e+03,1.171691894531250000e+02,3.062500000000012434e-02,1.573749999999999893e+01,2.296874999999953815e-02
2.353099999999999909e+03,1.172241210937500000e+02,1.812499999999994671e-02,1.568999999999999950e+01,-4.375000000000106581e-02
2.353199999999999818e+03,1.167297363281250000e+02,2.312499999999984013e-02,1.544749999999999979e+01,-6.125000000000024869e-02
2.353300000000000182e+03,1.172424316406250000e+02,4.562499999999980460e-02,1.564000000000000057e+01,-7.546875000000063949e-02
2.353400000000000091e+03,1.127014160156250000e+02,5.062500000000014211e-02,1.575999999999999979e+01,-4.539062500000046185e-02
2.353500000000000000e+03,1.128295898437500000e+02,7.624999999999992895e-02,1.576999999999999957e+01,-9.132812500000042633e-02
2.353599999999999909e+03,1.129211425781250000e+02,3.312500000000007105e-02,1.564000000000000057e+01,-1.750000000000095923e-02
2.353699999999999818e+03,1.123718261718750000e+02,2.812499999999973355e-02,1.558999999999999986e+01,-7.710937500000092371e-02
2.353800000000000182e+03,1.101196289062500000e+02,6.812499999999976907e-02,1.574000000000000021e+01,-7.109375000000639488e-03
2.353900000000000091e+03,1.091125488281250000e+02,6.562499999999982236e-02,1.573499999999999943e+01,-1.367187500000008882e-01
2.354000000000000000e+03,1.093322753906250000e+02,4.812499999999975131e-02,1.562999999999999901e+01,-1.312500000000049738e-02
2.354099999999999909e+03,1.094604492187500000e+02,2.562499999999978684e-02,1.568500000000000050e+01,-3.445312500000063949e-02
2.354199999999999818e+03,1.077575683593750000e+02,5.562500000000003553e-02,1.570749999999999957e+01,-3.335937500000074607e-02
2.354300000000000182e+03,1.066223144531250000e+02,1.562500000000000000e-02,1.575000000000000000e+01,-6.671875000000060396e-02
2.354400000000000091e+03,1.060363769531250000e+02,3.312500000000007105e-02,1.559999999999999964e+01,-3.554687500000053291e-02
2.354500000000000000e+03,1.062744140625000000e+02,4.812499999999975131e-02,1.581499999999999950e+01,-7.710937500000092371e-02
2.354599999999999909e+03,1.064208984375000000e+02,3.062500000000012434e-02,1.566999999999999993e+01,-7.218750000000095923e-02
2.354699999999999818e+03,1.035095214843750000e+02,4.812499999999975131e-02,1.569999999999999929e+01,-3.664062500000042633e-02
2.354800000000000182e+03,1.038940429687500000e+02,1.312500000000005329e-02,1.573000000000000043e+01,-2.406250000000031974e-02
2.354900000000000091e+03,1.033813476562500000e+02,1.312500000000005329e-02,1.558750000000000036e+01,-3.171875000000046185e-02
2.355000000000000000e+03,1.036926269531250000e+02,2.562499999999978684e-02,1.588250000000000028e+01,-4.921875000000053291e-02
2.355099999999999909e+03,1.023376464843750000e+02,5.812499999999998224e-02,1.527500000000000036e+01,-6.671875000000060396e-02
2.355199999999999818e+03,1.010375976562500000e+02,5.812499999999998224e-02,1.563499999999999979e+01,-7.492187500000024869e-02
2.355300000000000182e+03,1.016052246093750000e+02,2.062499999999989342e-02,1.568750000000000000e+01,-6.343750000000092371e-02
2.355400000000000091e+03,1.011291503906250000e+02,6.062499999999992895e-02,1.574499999999999922e+01,2.242187499999914735e-02
2.355500000000000000e+03,1.012939453125000000e+02,3.312500000000007105e-02,1.548000000000000043e+01,-2.460937500000071054e-02
2.355599999999999909e+03,9.957275390625000000e+01,4.562499999999980460e-02,1.569999999999999929e+01,-3.992187500000099476e-02
2.355699999999999818e+03,9.889526367187500000e+01,5.812499999999998224e-02,1.578749999999999964e+01,-4.210937500000078160e-02
2.355800000000000182e+03,9.946289062500000000e+01,2.062499999999989342e-02,1.563749999999999929e+01,-1.640625000000284217e-03
2.355900000000000091e+03,9.906005859375000000e+01,4.312499999999985789e-02,1.560249999999999915e+01,-1.585937500000067502e-02
2.356000000000000000e+03,9.766845703125000000e+01,3.312500000000007105e-02,1.557000000000000028e+01,-1.312500000000049738e-02
2.356099999999999909e+03,9.750366210937500000e+01,-6.499999999999994671e-02,1.559750000000000014e+01,-7.164062500000056843e-02
2.356199999999999818e+03,9.699096679687500000e+01,1.812499999999994671e-02,1.557499999999999929e+01,-5.468750000003907985e-04
2.356300000000000182e+03,9.755859375000000000e+01,-6.874999999999964473e-03,1.583499999999999908e+01,-6.070312500000074607e-02
2.356400000000000091e+03,9.644165039062500000e+01,5.312500000000008882e-02,1.560999999999999943e+01,-2.789062500000039080e-02
2.356500000000000000e+03,9.559936523437500000e+01,4.812499999999975131e-02,1.556000000000000050e+01,-5.250000000000110134e-02
2.356599999999999909e+03,9.572753906250000000e+01,2.562499999999978684e-02,1.575750000000000028e+01,-2.242187500000092371e-02
2.356699999999999818e+03,9.519653320312500000e+01,4.312499999999985789e-02,1.564749999999999908e+01,-6.507812500000031974e-02
2.356800000000000182e+03,9.574584960937500000e+01,2.312499999999984013e-02,1.550750000000000028e+01,-7.000000000000028422e-02
2.356900000000000091e+03,9.382324218750000000e+01,6.812499999999976907e-02,1.585500000000000043e+01,-1.148437500000110134e-02
2.357000000000000000e+03,9.391479492187500000e+01,2.562499999999978684e-02,1.556749999999999901e+01,1.804687499999957367e-02
2.357099999999999909e+03,9.404296875000000000e+01,5.062500000000014211e-02,1.567750000000000021e+01,-2.570312500000060396e-02
2.357199999999999818e+03,9.347534179687500000e+01,2.062499999999989342e-02,1.564000000000000057e+01,-5.468750000003907985e-04
2.357300000000000182e+03,9.298095703125000000e+01,1.312500000000005329e-02,1.547749999999999915e+01,-5.851562500000095923e-02
2.357400000000000091e+03,9.212036132812500000e+01,3.562500000000001776e-02,1.572000000000000064e+01,1.039062499999943157e-02
2.357500000000000000e+03,9.224853515625000000e+01,4.062499999999991118e-02,1.557750000000000057e+01,-6.125000000000024869e-02
2.357599999999999909e+03,9.243164062500000000e+01,4.312499999999985789e-02,1.551750000000000007e+01,-2.460937500000071054e-02
2.357699999999999818e+03,9.184570312500000000e+01,7.062500000000015987e-02,1.559500000000000064e+01,-4.101562500000088818e-02
2.357800000000000182e+03,9.098510742187500000e+01,5.562500000000003553e-02,1.553999999999999915e+01,-1.093750000000071054e-02
2.357900000000000091e+03,9.060058593750000000e+01,6.062499999999992895e-02,1.583499999999999908e+01,-7.382812500000035527e-02
2.358000000000000000e+03,9.071044921875000000e+01,4.812499999999975131e-02,1.564000000000000057e+01,-9.296875000000426326e-03
2.358099999999999909e+03,9.087524414062500000e+01,4.312499999999985789e-02,1.560999999999999943e+01,-6.179687500000063949e-02
2.358199999999999818e+03,8.913574218750000000e+01,5.312500000000008882e-02,1.541750000000000043e+01,-6.671875000000060396e-02
2.358300000000000182e+03,8.946533203125000000e+01,-2.687499999999998224e-02,1.553749999999999964e+01,-2.898437500000028422e-02
2.358400000000000091e+03,8.909912109375000000e+01,5.562500000000003553e-02,1.576249999999999929e+01,-6.617187500000110134e-02
2.358500000000000000e+03,8.920898437500000000e+01,2.562499999999978684e-02,1.586999999999999922e+01,-2.898437500000028422e-02
2.358599999999999909e+03,8.882446289062500000e+01,3.312500000000007105e-02,1.581499999999999950e+01,-2.679687500000049738e-02
2.358699999999999818e+03,8.752441406250000000e+01,5.312500000000008882e-02,1.542750000000000021e+01,-3.500000000000103029e-02
2.358800000000000182e+03,8.801879882812500000e+01,3.312500000000007105e-02,1.558000000000000007e+01,-5.632812500000028422e-02
2.358900000000000091e+03,8.772583007812500000e+01,2.812499999999973355e-02,1.585500000000000043e+01,-5.414062500000049738e-02
2.359000000000000000e+03,8.787231445312500000e+01,1.312500000000005329e-02,1.546749999999999936e+01,-4.648437500000035527e-02
2.359099999999999909e+03,8.673706054687500000e+01,4.062499999999991118e-02,1.560999999999999943e+01,-5.304687500000060396e-02
2.359199999999999818e+03,8.609619140625000000e+01,3.312500000000007105e-02,1.557750000000000057e+01,-4.156250000000039080e-02
2.359300000000000182e+03,8.664550781250000000e+01,3.812499999999996447e-02,1.566000000000000014e+01,-5.140625000000031974e-02
2.359400000000000091e+03,8.631591796875000000e+01,4.312499999999985789e-02,1.566999999999999993e+01,-2.515625000000110134e-02
2.359500000000000000e+03,8.558349609375000000e+01,2.062499999999989342e-02,1.588749999999999929e+01,-6.671875000000060396e-02
2.359599999999999909e+03,8.530883789062500000e+01,3.312500000000007105e-02,1.557750000000000057e+01,2.296874999999953815e-02
2.359699999999999818e+03,8.481445312500000000e+01,3.312500000000007105e-02,1.582249999999999979e+01,-7.601562500000103029e-02
2.359800000000000182e+03,8.532714843750000000e+01,5.062500000000014211e-02,1.575999999999999979e+01,-5.960937500000085265e-02
2.359900000000000091e+03,8.499755859375000000e+01,2.062499999999989342e-02,1.565000000000000036e+01,-4.429687500000056843e-02
2.360000000000000000e+03,8.378906250000000000e+01,8.124999999999715783e-03,1.567750000000000021e+01,-1.695312500000056843e-02
2.360099999999999909e+03,8.389892578125000000e+01,2.312499999999984013e-02,1.552500000000000036e+01,-4.976562500000092371e-02
2.360199999999999818e+03,8.338623046875000000e+01,4.812499999999975131e-02,1.570749999999999957e+01,-2.898437500000028422e-02
2.360300000000000182e+03,8.391723632812500000e+01,4.062499999999991118e-02,1.565000000000000036e+01,1.093749999999005240e-03
2.360400000000000091e+03,8.256225585937500000e+01,3.812499999999996447e-02,1.547000000000000064e+01,-2.515625000000110134e-02
2.360500000000000000e+03,8.241577148437500000e+01,1.562500000000000000e-02,1.568999999999999950e+01,4.921874999999076294e-03
2.360599999999999909e+03,8.259887695312500000e+01,5.312500000000008882e-02,1.552749999999999986e+01,-6.234375000000103029e-02
2.360699999999999818e+03,8.210449218750000000e+01,4.812499999999975131e-02,1.548499999999999943e+01,2.187499999998898659e-03
2.360800000000000182e+03,8.219604492187500000e+01,1.000000000000000888e-01,1.565750000000000064e+01,-5.578125000000078160e-02
2.360900000000000091e+03,8.115234375000000000e+01,6.312499999999987566e-02,1.565499999999999936e+01,-5.468750000003907985e-04
2.361000000000000000e+03,8.122558593750000000e+01,5.062500000000014211e-02,1.565750000000000064e+01,-1.093750000000071054e-02
2.361099999999999909e+03,8.139038085937500000e+01,3.062500000000012434e-02,1.557000000000000028e+01,-1.914062500000035527e-02
2.361199999999999818e+03,8.089599609375000000e+01,3.562500000000001776e-02,1.582000000000000028e+01,-8.585937500000095923e-02
2.361300000000000182e+03,8.023681640625000000e+01,4.562499999999980460e-02,1.562749999999999950e+01,-1.750000000000095923e-02
2.361400000000000091e+03,7.983398437500000000e+01,5.062500000000014211e-02,1.568999999999999950e+01,-3.664062500000042633e-02
2.361500000000000000e+03,7.992553710937500000e+01,5.562500000000003553e-02,1.567999999999999972e+01,-3.882812500000110134e-02
2.361599999999999909e+03,8.007202148437500000e+01,6.062499999999992895e-02,1.573249999999999993e+01,-3.828125000000959233e-03
2.361699999999999818e+03,7.888183593750000000e+01,4.312499999999985789e-02,1.558000000000000007e+01,-6.289062500000053291e-02
2.361800000000000182e+03,7.893676757812500000e+01,5.562500000000003553e-02,1.580499999999999972e+01,1.695312499999968026e-02
2.361900000000000091e+03,7.864379882812500000e+01,7.062500000000015987e-02,1.560749999999999993e+01,1.367187499999911182e-02
2.362000000000000000e+03,7.869873046875000000e+01,6.062499999999992895e-02,1.557000000000000028e+01,-6.835937500000088818e-02
2.362099999999999909e+03,7.890014648437500000e+01,2.812499999999973355e-02,1.565000000000000036e+01,-1.257812500000099476e-02
2.362199999999999818e+03,7.736206054687500000e+01,2.312499999999984013e-02,1.573000000000000043e+01,-7.218750000000095923e-02
2.362300000000000182e+03,7.781982421875000000e+01,4.062499999999991118e-02,1.562999999999999901e+01,-5.414062500000049738e-02
2.362400000000000091e+03,7.749023437500000000e+01,6.625000000000014211e-02,1.560749999999999993e+01,-5.414062500000049738e-02
2.362500000000000000e+03,7.761840820312500000e+01,4.562499999999980460e-02,1.564749999999999908e+01,-7.328125000000085265e-02
2.362599999999999909e+03,7.681274414062500000e+01,6.312499999999987566e-02,1.572749999999999915e+01,3.828124999999182876e-03
2.362699999999999818e+03,7.611694335937500000e+01,8.124999999999715783e-03,1.569999999999999929e+01,-2.078125000000063949e-02
2.362800000000000182e+03,7.657470703125000000e+01,1.812499999999994671e-02,1.580499999999999972e+01,-8.093750000000099476e-02
2.362900000000000091e+03,7.631835937500000000e+01,3.312500000000007105e-02,1.533999999999999986e+01,-4.265625000000028422e-02
2.363000000000000000e+03,7.608032226562500000e+01,-3.624999999999989342e-02,1.548749999999999893e+01,-7.710937500000092371e-02
2.363099999999999909e+03,7.547607421875000000e+01,4.062499999999991118e-02,1.563749999999999929e+01,-4.812500000000063949e-02
2.363199999999999818e+03,7.500000000000000000e+01,5.812499999999998224e-02,1.578250000000000064e+01,-6.015625000000035527e-02
2.363300000000000182e+03,7.549438476562500000e+01,2.312499999999984013e-02,1.575249999999999950e+01,-3.828125000000959233e-03
2.363400000000000091e+03,7.523803710937500000e+01,6.562499999999982236e-02,1.581499999999999950e+01,-2.406250000000031974e-02
2.363500000000000000e+03,7.432250976562500000e+01,3.562500000000001776e-02,1.562500000000000000e+01,1.859374999999907629e-02
2.363599999999999909e+03,7.439575195312500000e+01,4.812499999999975131e-02,1.550999999999999979e+01,-3.882812500000110134e-02
2.363699999999999818e+03,7.386474609375000000e+01,4.312499999999985789e-02,1.564749999999999908e+01,-7.656250000001030287e-03
2.363800000000000182e+03,7.437744140625000000e+01,2.062499999999989342e-02,1.564749999999999908e+01,-1.203125000000060396e-02
2.363900000000000091e+03,7.359008789062500000e+01,2.812499999999973355e-02,1.554499999999999993e+01,-8.750000000000035527e-02
2.364000000000000000e+03,7.322387695312500000e+01,1.812499999999994671e-02,1.557000000000000028e+01,-4.539062500000046185e-02
2.364099999999999909e+03,7.338867187500000000e+01,3.062500000000012434e-02,1.557000000000000028e+01,-2.734375000000088818e-02
2.364199999999999818e+03,7.291259765625000000e+01,6.812499999999976907e-02,1.558999999999999986e+01,-1.164843750000006395e-01
2.364300000000000182e+03,7.338867187500000000e+01,3.062500000000012434e-02,1.570999999999999908e+01,-7.765625000000042633e-02
2.364400000000000091e+03,7.208862304687500000e+01,6.312499999999987566e-02,1.562749999999999950e+01,-3.882812500000110134e-02
2.364500000000000000e+03,7.208862304687500000e+01,6.312499999999987566e-02,1.548000000000000043e+01,-8.804687500000074607e-02
2.364599999999999909e+03,7.225341796875000000e+01,6.312499999999987566e-02,1.560500000000000043e+01,-1.367187500000088818e-02
2.364699999999999818e+03,7.181396484375000000e+01,3.812499999999996447e-02,1.559750000000000014e+01,-7.984375000000110134e-02
2.364800000000000182e+03,7.155761718750000000e+01,3.062500000000012434e-02,1.570999999999999908e+01,-7.164062500000056843e-02
2.364900000000000091e+03,7.104492187500000000e+01,4.812499999999975131e-02,1.570749999999999957e+01,-6.015625000000035527e-02
2.365000000000000000e+03,7.108154296875000000e+01,3.562500000000001776e-02,1.559750000000000014e+01,-4.648437500000035527e-02
2.365099999999999909e+03,7.126464843750000000e+01,2.062499999999989342e-02,1.576249999999999929e+01,1.914062499999946709e-02
2.365199999999999818e+03,7.069702148437500000e+01,6.062499999999992895e-02,1.583499999999999908e+01,-4.648437500000035527e-02
2.365300000000000182e+03,7.029418945312500000e+01,4.312499999999985789e-02,1.560749999999999993e+01,-4.375000000000106581e-02
2.365400000000000091e+03,7.005615234375000000e+01,6.062499999999992895e-02,1.578999999999999915e+01,1.476562499999900524e-02
2.365500000000000000e+03,7.007446289062500000e+01,3.062500000000012434e-02,1.531499999999999950e+01,-3.335937500000074607e-02
2.365599999999999909e+03,7.023925781250000000e+01,5.312500000000008882e-02,1.591750000000000043e+01,-7.656250000000053291e-02
2.365699999999999818e+03,6.904907226562500000e+01,5.062500000000014211e-02,1.559999999999999964e+01,-2.953125000000067502e-02
2.365800000000000182e+03,6.937866210937500000e+01,6.312499999999987566e-02,1.582499999999999929e+01,-8.093750000000099476e-02
2.365900000000000091e+03,6.914062500000000000e+01,5.562500000000003553e-02,1.557750000000000057e+01,-4.210937500000078160e-02
2.366000000000000000e+03,6.919555664062500000e+01,4.812499999999975131e-02,1.554749999999999943e+01,-3.828125000000071054e-02
2.366099999999999909e+03,6.886596679687500000e+01,2.062499999999989342e-02,1.548749999999999893e+01,2.296874999999953815e-02
2.366199999999999818e+03,6.789550781250000000e+01,6.312499999999987566e-02,1.566999999999999993e+01,-5.085937500000081712e-02
2.366300000000000182e+03,6.833496093750000000e+01,6.562499999999982236e-02,1.547749999999999915e+01,-3.828125000000071054e-02
2.366400000000000091e+03,6.817016601562500000e+01,4.062499999999991118e-02,1.559750000000000014e+01,-1.914062500000035527e-02
2.366500000000000000e+03,6.815185546875000000e+01,5.562500000000003553e-02,1.548749999999999893e+01,-7.984375000000110134e-02
2.366599999999999909e+03,6.752929687500000000e+01,2.312499999999984013e-02,1.555749999999999922e+01,-2.734375000001065814e-03
2.366699999999999818e+03,6.701660156250000000e+01,4.562499999999980460e-02,1.580749999999999922e+01,-3.335937500000074607e-02
2.366800000000000182e+03,6.747436523437500000e+01,3.062500000000012434e-02,1.578749999999999964e+01,-3.171875000000046185e-02
2.366900000000000091e+03,6.725463867187500000e+01,7.812500000000000000e-02,1.555749999999999922e+01,-4.593750000000085265e-02
2.367000000000000000e+03,6.666870117187500000e+01,6.312499999999987566e-02,1.569999999999999929e+01,-6.671875000000060396e-02
2.367099999999999909e+03,6.652221679687500000e+01,7.312500000000010658e-02,1.566750000000000043e+01,-3.117187500000095923e-02
2.367199999999999818e+03,6.608276367187500000e+01,3.312500000000007105e-02,1.533999999999999986e+01,-3.664062500000042633e-02
2.367300000000000182e+03,6.654052734375000000e+01,5.312500000000008882e-02,1.564499999999999957e+01,-2.242187500000092371e-02
2.367400000000000091e+03,6.635742187500000000e+01,2.312499999999984013e-02,1.570749999999999957e+01,-1.531250000000028422e-02
2.367500000000000000e+03,6.560668945312500000e+01,5.062500000000014211e-02,1.547749999999999915e+01,-3.226562500000085265e-02
2.367599999999999909e+03,6.577148437500000000e+01,2.812499999999973355e-02,1.562999999999999901e+01,-4.648437500000035527e-02
2.367699999999999818e+03,6.531372070312500000e+01,5.624999999999769074e-03,1.563499999999999979e+01,-2.625000000000099476e-02
2.367800000000000182e+03,6.577148437500000000e+01,6.062499999999992895e-02,1.554749999999999943e+01,-4.539062500000046185e-02
2.367900000000000091e+03,6.481933593750000000e+01,5.062500000000014211e-02,1.534999999999999964e+01,-5.468750000000088818e-02
2.368000000000000000e+03,6.469116210937500000e+01,3.562500000000001776e-02,1.554999999999999893e+01,-5.195312500000071054e-02
2.368099999999999909e+03,6.485595703125000000e+01,4.312499999999985789e-02,1.563749999999999929e+01,-1.914062500000035527e-02
2.368199999999999818e+03,6.441650390625000000e+01,3.812499999999996447e-02,1.546749999999999936e+01,3.773437499999943157e-02
2.368300000000000182e+03,6.454467773437500000e+01,5.312500000000008882e-02,1.568999999999999950e+01,-1.203125000000060396e-02
2.368400000000000091e+03,6.390380859375000000e+01,2.062499999999989342e-02,1.552999999999999936e+01,2.187499999998898659e-03
2.368500000000000000e+03,6.388549804687500000e+01,2.312499999999984013e-02,1.576750000000000007e+01,-2.460937500000071054e-02
2.368599999999999909e+03,6.408691406250000000e+01,1.812499999999994671e-02,1.556000000000000050e+01,-3.335937500000074607e-02
2.368699999999999818e+03,6.362915039062500000e+01,4.812499999999975131e-02,1.560749999999999993e+01,-6.617187500000110134e-02
2.368800000000000182e+03,6.331787109375000000e+01,4.062499999999991118e-02,1.544749999999999979e+01,-5.632812500000028422e-02
2.368900000000000091e+03,6.306152343750000000e+01,6.562499999999982236e-02,1.565000000000000036e+01,-5.468750000000088818e-02
2.369000000000000000e+03,6.304321289062500000e+01,2.062499999999989342e-02,1.591750000000000043e+01,-1.804687500000046185e-02
2.369099999999999909e+03,6.324462890625000000e+01,4.812499999999975131e-02,1.578250000000000064e+01,-6.015625000000035527e-02
2.369199999999999818e+03,6.232910156250000000e+01,4.062499999999991118e-02,1.560500000000000043e+01,-4.976562500000092371e-02
2.369300000000000182e+03,6.245727539062500000e+01,3.812499999999996447e-02,1.558750000000000036e+01,-1.585937500000067502e-02
2.369400000000000091e+03,6.227416992187500000e+01,3.312500000000007105e-02,1.559999999999999964e+01,6.015624999998969713e-03
2.369500000000000000e+03,6.223754882812500000e+01,4.812499999999975131e-02,1.535749999999999993e+01,-3.609375000000092371e-02
2.369599999999999909e+03,6.242065429687500000e+01,3.062500000000012434e-02,1.560749999999999993e+01,1.093749999999005240e-03
2.369699999999999818e+03,6.126708984375000000e+01,5.312500000000008882e-02,1.566000000000000014e+01,-7.656250000001030287e-03
2.369800000000000182e+03,6.163330078125000000e+01,4.562499999999980460e-02,1.552999999999999936e+01,-1.421875000000039080e-02
2.369900000000000091e+03,6.145019531250000000e+01,4.312499999999985789e-02,1.568750000000000000e+01,-5.085937500000081712e-02
2.370000000000000000e+03,6.145019531250000000e+01,7.062500000000015987e-02,1.581749999999999901e+01,-1.203125000000060396e-02
2.370099999999999909e+03,6.110229492187500000e+01,5.562500000000003553e-02,1.553500000000000014e+01,-6.453125000000081712e-02
2.370199999999999818e+03,6.053466796875000000e+01,7.312500000000010658e-02,1.570500000000000007e+01,-3.500000000000103029e-02
2.370300000000000182e+03,6.091918945312500000e+01,6.687500000000001776e-02,1.600249999999999773e+01,-3.062500000000056843e-02
2.370400000000000091e+03,6.077270507812500000e+01,1.231249999999999289e-01,1.559750000000000014e+01,-3.117187500000095923e-02
2.370500000000000000e+03,6.058959960937500000e+01,3.562500000000001776e-02,1.557750000000000057e+01,-6.726562500000099476e-02
2.370599999999999909e+03,6.015014648437500000e+01,4.812499999999975131e-02,1.566750000000000043e+01,-2.570312500000060396e-02
2.370699999999999818e+03,5.971069335937500000e+01,5.562500000000003553e-02,1.547000000000000064e+01,7.109374999999751310e-03
2.370800000000000182e+03,6.015014648437500000e+01,1.562500000000000000e-02,1.558000000000000007e+01,-3.664062500000042633e-02
2.370900000000000091e+03,5.998535156250000000e+01,4.312499999999985789e-02,1.561749999999999972e+01,1.585937499999889866e-02
2.371000000000000000e+03,5.930786132812500000e+01,5.624999999999769074e-03,1.564499999999999957e+01,-2.679687500000049738e-02
2.371099999999999909e+03,5.945434570312500000e+01,8.562499999999984013e-02,1.570749999999999957e+01,-1.914062500000035527e-02
2.371199999999999818e+03,5.899658203125000000e+01,6.062499999999992895e-02,1.560749999999999993e+01,-4.101562500000088818e-02
2.371300000000000182e+03,5.939941406250000000e+01,5.624999999999769074e-03,1.557000000000000028e+01,-5.796875000000056843e-02
2.371400000000000091e+03,5.890502929687500000e+01,5.312500000000008882e-02,1.588749999999999929e+01,-6.835937500000088818e-02
2.371500000000000000e+03,5.853881835937500000e+01,5.062500000000014211e-02,1.532000000000000028e+01,-3.445312500000063949e-02
2.371599999999999909e+03,5.872192382812500000e+01,3.562500000000001776e-02,1.575999999999999979e+01,8.749999999999147349e-03
2.371699999999999818e+03,5.831909179687500000e+01,5.312500000000008882e-02,1.568750000000000000e+01,-2.789062500000039080e-02
2.371800000000000182e+03,5.870361328125000000e+01,6.062499999999992895e-02,1.564000000000000057e+01,-3.992187500000099476e-02
2.371900000000000091e+03,5.791625976562500000e+01,2.562499999999978684e-02,1.567999999999999972e+01,-3.718750000000081712e-02
2.372000000000000000e+03,5.786132812500000000e+01,8.812499999999978684e-02,1.559999999999999964e+01,-1.531250000000028422e-02
2.372099999999999909e+03,5.804443359375000000e+01,4.062499999999991118e-02,1.564749999999999908e+01,-1.312500000000049738e-02
2.372199999999999818e+03,5.762329101562500000e+01,3.312500000000007105e-02,1.556749999999999901e+01,-9.296875000000426326e-03
2.372300000000000182e+03,5.751342773437500000e+01,3.562500000000001776e-02,1.557000000000000028e+01,-4.320312500000067502e-02
2.372400000000000091e+03,5.720214843750000000e+01,5.312500000000008882e-02,1.544999999999999929e+01,-4.648437500000035527e-02
2.372500000000000000e+03,5.712890625000000000e+01,7.062500000000015987e-02,1.580499999999999972e+01,-9.460937500000099476e-02
2.372599999999999909e+03,5.731201171875000000e+01,3.312500000000007105e-02,1.551750000000000007e+01,-6.453125000000081712e-02
2.372699999999999818e+03,5.690917968750000000e+01,2.812499999999973355e-02,1.554999999999999893e+01,-2.187500000000053291e-02
2.372800000000000182e+03,5.674438476562500000e+01,2.812499999999973355e-02,1.558999999999999986e+01,-4.812500000000063949e-02
2.372900000000000091e+03,5.656127929687500000e+01,3.062500000000012434e-02,1.541499999999999915e+01,-4.101562500000088818e-02
2.373000000000000000e+03,5.656127929687500000e+01,3.812499999999996447e-02,1.558000000000000007e+01,-5.578125000000078160e-02
2.373099999999999909e+03,5.668945312500000000e+01,4.562499999999980460e-02,1.562749999999999950e+01,-2.570312500000060396e-02
2.373199999999999818e+03,5.573730468750000000e+01,5.562500000000003553e-02,1.563749999999999929e+01,-8.093750000000099476e-02
2.373300000000000182e+03,5.601196289062500000e+01,4.062499999999991118e-02,1.557750000000000057e+01,-1.914062500000035527e-02
2.373400000000000091e+03,5.590209960937500000e+01,1.562500000000000000e-02,1.547749999999999915e+01,-4.593750000000085265e-02
2.373500000000000000e+03,5.586547851562500000e+01,4.812499999999975131e-02,1.559999999999999964e+01,-7.273437500000046185e-02
2.373599999999999909e+03,5.581054687500000000e+01,7.812500000000000000e-02,1.543999999999999950e+01,-8.367187500000028422e-02
2.373699999999999818e+03,5.502319335937500000e+01,5.562500000000003553e-02,1.552999999999999936e+01,-2.570312500000060396e-02
2.373800000000000182e+03,5.542602539062500000e+01,3.062500000000012434e-02,1.588749999999999929e+01,-5.960937500000085265e-02
2.373900000000000091e+03,5.527954101562500000e+01,6.562499999999982236e-02,1.564000000000000057e+01,-8.750000000000035527e-02
2.374000000000000000e+03,5.526123046875000000e+01,1.562500000000000000e-02,1.581499999999999950e+01,-7.109375000000639488e-03
2.374099999999999909e+03,5.485839843750000000e+01,4.562499999999980460e-02,1.566999999999999993e+01,-3.500000000000103029e-02
2.374199999999999818e+03,5.441894531250000000e+01,3.812499999999996447e-02,1.564749999999999908e+01,-7.218750000000095923e-02
2.374300000000000182e+03,5.478515625000000000e+01,3.812499999999996447e-02,1.578999999999999915e+01,-5.359375000000099476e-02
2.374400000000000091e+03,5.467529296875000000e+01,2.562499999999978684e-02,1.589499999999999957e+01,-2.132812500000103029e-02
2.374500000000000000e+03,5.430908203125000000e+01,5.062500000000014211e-02,1.554999999999999893e+01,-1.476562500000078160e-02
2.374599999999999909e+03,5.421752929687500000e+01,5.562500000000003553e-02,1.556749999999999901e+01,-2.187500000000053291e-02
2.374699999999999818e+03,5.383300781250000000e+01,6.062499999999992895e-02,1.551999999999999957e+01,-3.390625000000024869e-02
2.374800000000000182e+03,5.421752929687500000e+01,4.812499999999975131e-02,1.565000000000000036e+01,-2.132812500000103029e-02
2.374900000000000091e+03,5.408935546875000000e+01,5.812499999999998224e-02,1.553749999999999964e+01,-4.921875000000852651e-03
2.375000000000000000e+03,5.348510742187500000e+01,4.812499999999975131e-02,1.541750000000000043e+01,6.015624999998969713e-03
2.375099999999999909e+03,5.361328125000000000e+01,3.068749999999997868e-01,1.545749999999999957e+01,-2.187500000000053291e-02
2.375199999999999818e+03,5.319213867187500000e+01,3.062500000000012434e-02,1.550999999999999979e+01,-3.007812500000106581e-02
2.375300000000000182e+03,5.359497070312500000e+01,4.062499999999991118e-02,1.571749999999999936e+01,-2.132812500000103029e-02
2.375400000000000091e+03,5.302734375000000000e+01,2.812499999999973355e-02,1.554999999999999893e+01,-1.914062500000035527e-02
2.375500000000000000e+03,5.284423828125000000e+01,2.312499999999984013e-02,1.564499999999999957e+01,-1.257812500000099476e-02
2.375599999999999909e+03,5.300903320312500000e+01,3.312500000000007105e-02,1.565249999999999986e+01,-1.640625000000106581e-02
2.375699999999999818e+03,5.264282226562500000e+01,5.312500000000008882e-02,1.558000000000000007e+01,-1.476562500000078160e-02
2.375800000000000182e+03,5.300903320312500000e+01,5.312500000000008882e-02,1.570250000000000057e+01,-8.367187500000028422e-02
2.375900000000000091e+03,5.288085937500000000e+01,5.624999999999769074e-03,1.566999999999999993e+01,-1.421875000000039080e-02
2.376000000000000000e+03,5.286254882812500000e+01,6.562499999999982236e-02,1.566000000000000014e+01,-2.187500000000675016e-03
2.376099999999999909e+03,5.300903320312500000e+01,4.562499999999980460e-02,1.562749999999999950e+01,9.296874999999538147e-03
2.376199999999999818e+03,5.260620117187500000e+01,6.562499999999982236e-02,1.565000000000000036e+01,-5.359375000000099476e-02
2.376300000000000182e+03,5.299072265625000000e+01,4.062499999999991118e-02,1.560749999999999993e+01,-2.625000000000099476e-02
2.376400000000000091e+03,5.288085937500000000e+01,4.672500000000000320e+00,1.570999999999999908e+01,2.093929687500000369e+01
2.376500000000000000e+03,5.282592773437500000e+01,2.937500000000000000e+00,1.566999999999999993e+01,1.546507812500000156e+01
2.376599999999999909e+03,5.299072265625000000e+01,3.280000000000000249e+00,1.550999999999999979e+01,1.550117187500000071e+01
2.376699999999999818e+03,5.313720703125000000e+01,2.942499999999999893e+00,1.565000000000000036e+01,1.546398437500000078e+01
2.376800000000000182e+03,5.403442382812500000e+01,2.977500000000000036e+00,1.544999999999999929e+01,1.544812500000000099e+01
2.376900000000000091e+03,5.397949218750000000e+01,2.987499999999999822e+00,1.545500000000000007e+01,1.546945312500000114e+01
2.377000000000000000e+03,5.396118164062500000e+01,2.955000000000000071e+00,1.560999999999999943e+01,1.548421875000000014e+01
2.377099999999999909e+03,5.408935546875000000e+01,2.984999999999999876e+00,1.542999999999999972e+01,1.548640624999999993e+01
2.377199999999999818e+03,5.593872070312500000e+01,2.947499999999999787e+00,1.540750000000000064e+01,1.541968750000000021e+01
2.377300000000000182e+03,5.652465820312500000e+01,2.984999999999999876e+00,1.566000000000000014e+01,1.545578125000000114e+01
2.377400000000000091e+03,5.639648437500000000e+01,3.012500000000000178e+00,1.550000000000000000e+01,1.544484375000000043e+01
2.377500000000000000e+03,5.632324218750000000e+01,2.995000000000000107e+00,1.587250000000000050e+01,1.543500000000000050e+01
2.377599999999999909e+03,5.903320312500000000e+01,3.040000000000000036e+00,1.567999999999999972e+01,1.548914062500000099e+01
2.377699999999999818e+03,5.956420898437500000e+01,3.029999999999999805e+00,1.549750000000000050e+01,1.548585937500000043e+01
2.377800000000000182e+03,6.000366210937500000e+01,3.020000000000000018e+00,1.551500000000000057e+01,1.552250000000000085e+01
2.377900000000000091e+03,5.983886718750000000e+01,3.055000000000000160e+00,1.564000000000000057e+01,1.539890625000000135e+01
2.378000000000000000e+03,6.033325195312500000e+01,3.062500000000000000e+00,1.556000000000000050e+01,1.545195312500000107e+01
2.378099999999999909e+03,6.448974609375000000e+01,3.027499999999999858e+00,1.552999999999999936e+01,1.542242187500000128e+01
2.378199999999999818e+03,6.419677734375000000e+01,3.060000000000000053e+00,1.570749999999999957e+01,1.550554687500000028e+01
2.378300000000000182e+03,6.465454101562500000e+01,3.089999999999999858e+00,1.564749999999999908e+01,1.545742187500000142e+01
2.378400000000000091e+03,6.447143554687500000e+01,3.084999999999999964e+00,1.537999999999999901e+01,1.544429687500000092e+01
2.378500000000000000e+03,6.773071289062500000e+01,3.084999999999999964e+00,1.558750000000000036e+01,1.548695312500000121e+01
2.378599999999999909e+03,6.844482421875000000e+01,3.092499999999999805e+00,1.576999999999999957e+01,1.551156250000000014e+01
2.378699999999999818e+03,6.798706054687500000e+01,3.069999999999999840e+00,1.563749999999999929e+01,1.548148437500000085e+01
2.378800000000000182e+03,6.842651367187500000e+01,3.109999999999999876e+00,1.574000000000000021e+01,1.541148437500000057e+01
2.378900000000000091e+03,6.976318359375000000e+01,3.109999999999999876e+00,1.551999999999999957e+01,1.546398437500000078e+01
2.379000000000000000e+03,7.139282226562500000e+01,3.095000000000000195e+00,1.528749999999999964e+01,1.551812500000000128e+01
2.379099999999999909e+03,7.168579101562500000e+01,3.122500000000000053e+00,1.575000000000000000e+01,1.549515625000000085e+01
2.379199999999999818e+03,7.117309570312500000e+01,3.154999999999999805e+00,1.550999999999999979e+01,1.545960937500000121e+01
2.379300000000000182e+03,7.164916992187500000e+01,3.174999999999999822e+00,1.565000000000000036e+01,1.545359375000000135e+01
2.379400000000000091e+03,7.399291992187500000e+01,3.162500000000000089e+00,1.549000000000000021e+01,1.541421875000000163e+01
2.379500000000000000e+03,7.424926757812500000e+01,3.165000000000000036e+00,1.552749999999999986e+01,1.542734375000000036e+01
2.379599999999999909e+03,7.445068359375000000e+01,3.147499999999999964e+00,1.539749999999999908e+01,1.546234375000000050e+01
2.379699999999999818e+03,7.401123046875000000e+01,3.140000000000000124e+00,1.543750000000000000e+01,1.547382812500000071e+01
2.379800000000000182e+03,7.637329101562500000e+01,3.172499999999999876e+00,1.561749999999999972e+01,1.551046875000000114e+01
2.379900000000000091e+03,7.679443359375000000e+01,3.177500000000000213e+00,1.576750000000000007e+01,1.549242187500000156e+01
2.380000000000000000e+03,7.688598632812500000e+01,3.222500000000000142e+00,1.569999999999999929e+01,1.542460937500000107e+01
2.380099999999999909e+03,7.705078125000000000e+01,3.220000000000000195e+00,1.577999999999999936e+01,1.545468750000000036e+01
2.380199999999999818e+03,7.684936523437500000e+01,3.192499999999999893e+00,1.560500000000000043e+01,1.542953125000000014e+01
2.380300000000000182e+03,7.937622070312500000e+01,3.220000000000000195e+00,1.558000000000000007e+01,1.545906249999999993e+01
2.380400000000000091e+03,7.919311523437500000e+01,3.217499999999999805e+00,1.569749999999999979e+01,1.544156250000000163e+01
2.380500000000000000e+03,7.928466796875000000e+01,2.854999999999999982e+00,1.569999999999999929e+01,1.550226562500000149e+01
2.380599999999999909e+03,7.946777343750000000e+01,3.242500000000000160e+00,1.589000000000000057e+01,1.545468750000000036e+01
2.380699999999999818e+03,8.091430664062500000e+01,3.222500000000000142e+00,1.573499999999999943e+01,1.544648437500000071e+01
2.380800000000000182e+03,8.177490234375000000e+01,3.197499999999999787e+00,1.571749999999999936e+01,1.543664062500000078e+01
2.380900000000000091e+03,8.150024414062500000e+01,3.294999999999999929e+00,1.583499999999999908e+01,1.549351562500000057e+01
2.381000000000000000e+03,8.162841796875000000e+01,3.274999999999999911e+00,1.563499999999999979e+01,1.546835937500000036e+01
2.381099999999999909e+03,8.265380859375000000e+01,3.232499999999999929e+00,1.586500000000000021e+01,1.544375000000000142e+01
2.381199999999999818e+03,8.333129882812500000e+01,3.254999999999999893e+00,1.535999999999999943e+01,1.550335937500000050e+01
2.381300000000000182e+03,8.386230468750000000e+01,3.214999999999999858e+00,1.544749999999999979e+01,1.541804687499999993e+01
2.381400000000000091e+03,8.356933593750000000e+01,3.245000000000000107e+00,1.558999999999999986e+01,1.546781250000000085e+01
2.381500000000000000e+03,8.369750976562500000e+01,3.312500000000000000e+00,1.551750000000000007e+01,1.546945312500000114e+01
2.381599999999999909e+03,8.582153320312500000e+01,3.305000000000000160e+00,1.536999999999999922e+01,1.543882812500000057e+01
2.381699999999999818e+03,8.551025390625000000e+01,3.307500000000000107e+00,1.566000000000000014e+01,1.545796875000000092e+01
2.381800000000000182e+03,8.604125976562500000e+01,3.305000000000000160e+00,1.581499999999999950e+01,1.544648437500000071e+01
2.381900000000000091e+03,8.569335937500000000e+01,3.302500000000000213e+00,1.542750000000000021e+01,1.548859375000000149e+01
2.382000000000000000e+03,8.712158203125000000e+01,3.594999999999999751e+00,1.580499999999999972e+01,1.548476562500000142e+01
2.382099999999999909e+03,8.785400390625000000e+01,3.375000000000000000e+00,1.542999999999999972e+01,1.552632812500000092e+01
2.382199999999999818e+03,8.732299804687500000e+01,3.362499999999999822e+00,1.582499999999999929e+01,1.548750000000000071e+01
2.382300000000000182e+03,8.794555664062500000e+01,3.312500000000000000e+00,1.566000000000000014e+01,1.545414062500000085e+01
2.382400000000000091e+03,8.768920898437500000e+01,3.322499999999999787e+00,1.560999999999999943e+01,1.548695312500000121e+01
2.382500000000000000e+03,8.957519531250000000e+01,3.325000000000000178e+00,1.565000000000000036e+01,1.547437500000000021e+01
2.382599999999999909e+03,8.977661132812500000e+01,3.347500000000000142e+00,1.558000000000000007e+01,1.546726562500000135e+01
2.382699999999999818e+03,8.931884765625000000e+01,3.334999999999999964e+00,1.559999999999999964e+01,1.544484375000000043e+01
2.382800000000000182e+03,8.981323242187500000e+01,3.357499999999999929e+00,1.551999999999999957e+01,1.545687500000000014e+01
2.382900000000000091e+03,9.107666015625000000e+01,3.379999999999999893e+00,1.547749999999999915e+01,1.538851562500000014e+01
2.383000000000000000e+03,9.151611328125000000e+01,3.390000000000000124e+00,1.554749999999999943e+01,1.551320312500000043e+01
2.383099999999999909e+03,9.171752929687500000e+01,3.387500000000000178e+00,1.581499999999999950e+01,1.546289062500000000e+01
2.383199999999999818e+03,9.116821289062500000e+01,3.372500000000000053e+00,1.551999999999999957e+01,1.552250000000000085e+01
2.383300000000000182e+03,9.265136718750000000e+01,3.407500000000000195e+00,1.558000000000000007e+01,1.546617187500000057e+01
2.383400000000000091e+03,9.314575195312500000e+01,3.390000000000000124e+00,1.561999999999999922e+01,1.546398437500000078e+01
2.383500000000000000e+03,9.334716796875000000e+01,3.387500000000000178e+00,1.549000000000000021e+01,1.548312500000000114e+01
2.383599999999999909e+03,9.351196289062500000e+01,3.399999999999999911e+00,1.553999999999999915e+01,1.548093750000000135e+01
2.383699999999999818e+03,9.298095703125000000e+01,3.475000000000000089e+00,1.536999999999999922e+01,1.537976562500000099e+01
2.383800000000000182e+03,9.525146484375000000e+01,3.412500000000000089e+00,1.552749999999999986e+01,1.544921875000000000e+01
2.383900000000000091e+03,9.495849609375000000e+01,3.455000000000000071e+00,1.554749999999999943e+01,1.544539062499999993e+01
2.384000000000000000e+03,9.517822265625000000e+01,3.455000000000000071e+00,1.560749999999999993e+01,1.547492187500000149e+01
2.384099999999999909e+03,9.528808593750000000e+01,3.464999999999999858e+00,1.564749999999999908e+01,1.538414062500000057e+01
2.384199999999999818e+03,9.613037109375000000e+01,3.447499999999999787e+00,1.543750000000000000e+01,1.545414062500000085e+01
2.384300000000000182e+03,9.719238281250000000e+01,3.459999999999999964e+00,1.572000000000000064e+01,1.550828125000000135e+01
2.384400000000000091e+03,9.673461914062500000e+01,3.464999999999999858e+00,1.548000000000000043e+01,1.542625000000000135e+01
2.384500000000000000e+03,9.699096679687500000e+01,3.479999999999999982e+00,1.566999999999999993e+01,1.551046875000000114e+01
2.384599999999999909e+03,9.737548828125000000e+01,3.459999999999999964e+00,1.557000000000000028e+01,1.546890625000000163e+01
2.384699999999999818e+03,9.832763671875000000e+01,3.475000000000000089e+00,1.562749999999999950e+01,1.540382812500000043e+01
2.384800000000000182e+03,9.898681640625000000e+01,3.479999999999999982e+00,1.560999999999999943e+01,1.545523437500000163e+01
2.384900000000000091e+03,9.852905273437500000e+01,3.507500000000000284e+00,1.542999999999999972e+01,1.549078125000000128e+01
2.385000000000000000e+03,9.878540039062500000e+01,3.517500000000000071e+00,1.567999999999999972e+01,1.546890625000000163e+01
2.385099999999999909e+03,1.003601074218750000e+02,3.515000000000000124e+00,1.552749999999999986e+01,1.545742187500000142e+01
2.385199999999999818e+03,1.000854492187500000e+02,3.540000000000000036e+00,1.574000000000000021e+01,1.546234375000000050e+01
2.385300000000000182e+03,1.006896972656250000e+02,3.532499999999999751e+00,1.561999999999999922e+01,1.541695312500000092e+01
2.385400000000000091e+03,1.002136230468750000e+02,3.495000000000000107e+00,1.565000000000000036e+01,1.548039062500000007e+01
2.385500000000000000e+03,1.013305664062500000e+02,3.600000000000000089e+00,1.559750000000000014e+01,1.543882812500000057e+01
2.385599999999999909e+03,1.022827148437500000e+02,3.572499999999999787e+00,1.558000000000000007e+01,1.549078125000000128e+01
2.385699999999999818e+03,1.018066406250000000e+02,3.535000000000000142e+00,1.555749999999999922e+01,1.547164062500000092e+01
2.385800000000000182e+03,1.023742675781250000e+02,3.560000000000000053e+00,1.560999999999999943e+01,1.542460937500000107e+01
2.385900000000000091e+03,1.018981933593750000e+02,3.570000000000000284e+00,1.567999999999999972e+01,1.543390625000000149e+01
2.386000000000000000e+03,1.037841796875000000e+02,3.564999999999999947e+00,1.566999999999999993e+01,1.551757812500000000e+01
2.386099999999999909e+03,1.039855957031250000e+02,3.580000000000000071e+00,1.568999999999999950e+01,1.545414062500000085e+01
2.386199999999999818e+03,1.034912109375000000e+02,3.587499999999999911e+00,1.564000000000000057e+01,1.549679687500000114e+01
2.386300000000000182e+03,1.040954589843750000e+02,3.602500000000000036e+00,1.554749999999999943e+01,1.535023437500000121e+01
2.386400000000000091e+03,1.049194335937500000e+02,3.609999999999999876e+00,1.554749999999999943e+01,1.545906249999999993e+01
2.386500000000000000e+03,1.055603027343750000e+02,3.582500000000000018e+00,1.552749999999999986e+01,1.552304687500000036e+01
2.386599999999999909e+03,1.056884765625000000e+02,3.632500000000000284e+00,1.565000000000000036e+01,1.546343750000000128e+01
2.386699999999999818e+03,1.052124023437500000e+02,3.637500000000000178e+00,1.541999999999999993e+01,1.548640624999999993e+01
2.386800000000000182e+03,1.062561035156250000e+02,3.645000000000000018e+00,1.566999999999999993e+01,1.545632812500000064e+01
2.386900000000000091e+03,1.069702148437500000e+02,3.640000000000000124e+00,1.569749999999999979e+01,1.547218750000000043e+01
2.387000000000000000e+03,1.072814941406250000e+02,3.637500000000000178e+00,1.568999999999999950e+01,1.542734375000000036e+01
2.387099999999999909e+03,1.074279785156250000e+02,3.680000000000000160e+00,1.558000000000000007e+01,1.545195312500000107e+01
2.387199999999999818e+03,1.069519042968750000e+02,3.657499999999999751e+00,1.554749999999999943e+01,1.544703125000000021e+01
2.387300000000000182e+03,1.089477539062500000e+02,3.674999999999999822e+00,1.558000000000000007e+01,1.547164062500000092e+01
2.387400000000000091e+03,1.085815429687500000e+02,3.674999999999999822e+00,1.554999999999999893e+01,1.544593750000000121e+01
2.387500000000000000e+03,1.089111328125000000e+02,3.705000000000000071e+00,1.527749999999999986e+01,1.545578125000000114e+01
2.387599999999999909e+03,1.090209960937500000e+02,3.700000000000000178e+00,1.549750000000000050e+01,1.554437500000000050e+01
2.387699999999999818e+03,1.096618652343750000e+02,3.707500000000000018e+00,1.575000000000000000e+01,1.547656250000000000e+01
2.387800000000000182e+03,1.109069824218750000e+02,3.714999999999999858e+00,1.553749999999999964e+01,1.545468750000000036e+01
2.387900000000000091e+03,1.103942871093750000e+02,3.759999999999999787e+00,1.564000000000000057e+01,1.547929687500000107e+01
2.388000000000000000e+03,1.107421875000000000e+02,3.740000000000000213e+00,1.586749999999999972e+01,1.543390625000000149e+01
2.388099999999999909e+03,1.107971191406250000e+02,3.757500000000000284e+00,1.582750000000000057e+01,1.545742187500000142e+01
2.388199999999999818e+03,1.119506835937500000e+02,3.772499999999999964e+00,1.571250000000000036e+01,1.542296875000000078e+01
2.388300000000000182e+03,1.126281738281250000e+02,3.787500000000000089e+00,1.544749999999999979e+01,1.546070312500000021e+01
2.388400000000000091e+03,1.120971679687500000e+02,3.814999999999999947e+00,1.556000000000000050e+01,1.546562500000000107e+01
2.388500000000000000e+03,1.124450683593750000e+02,3.797499999999999876e+00,1.586500000000000021e+01,1.547382812500000071e+01
2.388599999999999909e+03,1.138732910156250000e+02,3.812500000000000000e+00,1.550999999999999979e+01,1.545687500000000014e+01
2.388699999999999818e+03,1.135803222656250000e+02,3.822499999999999787e+00,1.532000000000000028e+01,1.544648437500000071e+01
2.388800000000000182e+03,1.143493652343750000e+02,3.837499999999999911e+00,1.566000000000000014e+01,1.544210937500000114e+01
2.388900000000000091e+03,1.138732910156250000e+02,3.847500000000000142e+00,1.566000000000000014e+01,1.546070312500000021e+01
2.389000000000000000e+03,1.147155761718750000e+02,3.875000000000000000e+00,1.544749999999999979e+01,1.548367187500000064e+01
2.389099999999999909e+03,1.157775878906250000e+02,3.890000000000000124e+00,1.550000000000000000e+01,1.544429687500000092e+01
2.389199999999999818e+03,1.154296875000000000e+02,3.865000000000000213e+00,1.562999999999999901e+01,1.547328125000000121e+01
2.389300000000000182e+03,1.159057617187500000e+02,3.875000000000000000e+00,1.564000000000000057e+01,1.546398437500000078e+01
2.389400000000000091e+03,1.155029296875000000e+02,3.937500000000000000e+00,1.560500000000000043e+01,1.551101562500000064e+01
2.389500000000000000e+03,1.175903320312500000e+02,3.935000000000000053e+00,1.556000000000000050e+01,1.547492187500000149e+01
2.389599999999999909e+03,1.176818847656250000e+02,3.947499999999999787e+00,1.549000000000000021e+01,1.549351562500000057e+01
2.389699999999999818e+03,1.172241210937500000e+02,3.932500000000000107e+00,1.545999999999999908e+01,1.544976562500000128e+01
2.389800000000000182e+03,1.178649902343750000e+02,3.959999999999999964e+00,1.562999999999999901e+01,1.547109375000000142e+01
2.389900000000000091e+03,1.185424804687500000e+02,3.990000000000000213e+00,1.566999999999999993e+01,1.541804687499999993e+01
2.390000000000000000e+03,1.194396972656250000e+02,3.962499999999999911e+00,1.547749999999999915e+01,1.545742187500000142e+01
2.390099999999999909e+03,1.194946289062500000e+02,4.007500000000000284e+00,1.546749999999999936e+01,1.548039062500000007e+01
2.390199999999999818e+03,1.190002441406250000e+02,3.990000000000000213e+00,1.562749999999999950e+01,1.543171874999999993e+01
2.390300000000000182e+03,1.197875976562500000e+02,4.037499999999999645e+00,1.565499999999999936e+01,1.545906249999999993e+01
2.390400000000000091e+03,1.207946777343750000e+02,4.017500000000000071e+00,1.559750000000000014e+01,1.543664062500000078e+01
2.390500000000000000e+03,1.213073730468750000e+02,4.040000000000000036e+00,1.565000000000000036e+01,1.549078125000000128e+01
2.390599999999999909e+03,1.213073730468750000e+02,4.075000000000000178e+00,1.566499999999999915e+01,1.547328125000000121e+01
2.390699999999999818e+03,1.208862304687500000e+02,4.084999999999999964e+00,1.544500000000000028e+01,1.545632812500000064e+01
2.390800000000000182e+03,1.231384277343750000e+02,4.122500000000000497e+00,1.565750000000000064e+01,1.548257812500000163e+01
2.390900000000000091e+03,1.227722167968750000e+02,4.099999999999999645e+00,1.547749999999999915e+01,1.546015625000000071e+01
2.391000000000000000e+03,1.231750488281250000e+02,4.117499999999999716e+00,1.547749999999999915e+01,1.546507812500000156e+01
2.391099999999999909e+03,1.232299804687500000e+02,4.147499999999999964e+00,1.558999999999999986e+01,1.546781250000000085e+01
2.391199999999999818e+03,1.228088378906250000e+02,4.169999999999999929e+00,1.530749999999999922e+01,1.548421875000000014e+01
2.391300000000000182e+03,1.234313964843750000e+02,4.169999999999999929e+00,1.562999999999999901e+01,1.549187500000000028e+01
2.391400000000000091e+03,1.228454589843750000e+02,4.182500000000000107e+00,1.582249999999999979e+01,1.546835937500000036e+01
2.391500000000000000e+03,1.232666015625000000e+02,4.189999999999999503e+00,1.557000000000000028e+01,1.539125000000000121e+01
2.391599999999999909e+03,1.233032226562500000e+02,2.812499999999973355e-02,1.570749999999999957e+01,-5.796875000000056843e-02
2.391699999999999818e+03,1.228637695312500000e+02,4.812499999999975131e-02,1.564000000000000057e+01,7.109374999999751310e-03
2.391800000000000182e+03,1.233947753906250000e+02,4.812499999999975131e-02,1.572000000000000064e+01,-6.453125000000081712e-02
2.391900000000000091e+03,1.228454589843750000e+02,4.812499999999975131e-02,1.567999999999999972e+01,-3.554687500000053291e-02
2.392000000000000000e+03,1.232666015625000000e+02,2.812499999999973355e-02,1.548000000000000043e+01,-4.757812500000024869e-02
2.392099999999999909e+03,1.233398437500000000e+02,1.062500000000010658e-02,1.554999999999999893e+01,-6.617187500000110134e-02
2.392199999999999818e+03,1.228271484375000000e+02,5.812499999999998224e-02,1.558000000000000007e+01,-2.843750000000078160e-02
2.392300000000000182e+03,1.234863281250000000e+02,6.812499999999976907e-02,1.542999999999999972e+01,-3.992187500000099476e-02
2.392400000000000091e+03,1.228454589843750000e+02,4.062499999999991118e-02,1.542999999999999972e+01,-6.562500000000071054e-02
2.392500000000000000e+03,1.228271484375000000e+02,4.312499999999985789e-02,1.557000000000000028e+01,1.148437499999932498e-02
2.392599999999999909e+03,1.217651367187500000e+02,7.312500000000010658e-02,1.569749999999999979e+01,-4.046875000000049738e-02
2.392699999999999818e+03,1.212524414062500000e+02,-9.374999999999911182e-03,1.575999999999999979e+01,-4.648437500000035527e-02
2.392800000000000182e+03,1.218017578125000000e+02,3.812499999999996447e-02,1.560999999999999943e+01,-1.640625000000106581e-02
2.392900000000000091e+03,1.212890625000000000e+02,5.312500000000008882e-02,1.550999999999999979e+01,-5.195312500000071054e-02
2.393000000000000000e+03,1.188903808593750000e+02,5.624999999999769074e-03,1.558000000000000007e+01,2.187499999998898659e-03
2.393099999999999909e+03,1.185974121093750000e+02,2.062499999999989342e-02,1.576249999999999929e+01,-3.828125000000959233e-03
2.393199999999999818e+03,1.181945800781250000e+02,5.812499999999998224e-02,1.583499999999999908e+01,-5.359375000000099476e-02
2.393300000000000182e+03,1.187622070312500000e+02,5.312500000000008882e-02,1.549750000000000050e+01,-1.203125000000060396e-02
2.393400000000000091e+03,1.156127929687500000e+02,1.812499999999994671e-02,1.561999999999999922e+01,-1.750000000000095923e-02
2.393500000000000000e+03,1.142761230468750000e+02,4.562499999999980460e-02,1.550499999999999901e+01,-4.757812500000024869e-02
2.393599999999999909e+03,1.143493652343750000e+02,6.062499999999992895e-02,1.550999999999999979e+01,-2.789062500000039080e-02
2.393699999999999818e+03,1.138366699218750000e+02,5.562500000000003553e-02,1.544749999999999979e+01,-5.578125000000078160e-02
2.393800000000000182e+03,1.144409179687500000e+02,3.812499999999996447e-02,1.539000000000000057e+01,-3.882812500000110134e-02
2.393900000000000091e+03,1.103759765625000000e+02,-2.937499999999992895e-02,1.556749999999999901e+01,-1.914062500000035527e-02
2.394000000000000000e+03,1.105224609375000000e+02,3.812499999999996447e-02,1.554749999999999943e+01,-4.539062500000046185e-02
2.394099999999999909e+03,1.105957031250000000e+02,5.312500000000008882e-02,1.558999999999999986e+01,3.281249999999680256e-03
2.394199999999999818e+03,1.101013183593750000e+02,4.562499999999980460e-02,1.575750000000000028e+01,-4.539062500000046185e-02
2.394300000000000182e+03,1.081970214843750000e+02,3.312500000000007105e-02,1.566999999999999993e+01,-5.250000000000110134e-02
2.394400000000000091e+03,1.070251464843750000e+02,1.812499999999994671e-02,1.547000000000000064e+01,9.843749999999040767e-03
2.394500000000000000e+03,1.073181152343750000e+02,-7.874999999999987566e-02,1.558000000000000007e+01,-6.945312500000078160e-02
2.394599999999999909e+03,1.073730468750000000e+02,2.812499999999973355e-02,1.565750000000000064e+01,-2.679687500000049738e-02
2.394699999999999818e+03,1.062194824218750000e+02,3.062500000000012434e-02,1.543750000000000000e+01,-8.914062500000063949e-02
2.394800000000000182e+03,1.048645019531250000e+02,4.312499999999985789e-02,1.556499999999999950e+01,-1.367187500000088818e-02
2.394900000000000091e+03,1.043151855468750000e+02,-4.375000000000017764e-03,1.566000000000000014e+01,-2.023437500000024869e-02
2.395000000000000000e+03,1.046081542968750000e+02,4.562499999999980460e-02,1.550000000000000000e+01,1.640624999999928946e-02
2.395099999999999909e+03,1.046997070312500000e+02,2.562499999999978684e-02,1.561999999999999922e+01,-7.382812500000035527e-02
2.395199999999999818e+03,1.020446777343750000e+02,3.562500000000001776e-02,1.563749999999999929e+01,-7.218750000000095923e-02
2.395300000000000182e+03,1.023925781250000000e+02,2.562499999999978684e-02,1.557499999999999929e+01,-6.343750000000092371e-02
2.395400000000000091e+03,1.019165039062500000e+02,3.812499999999996447e-02,1.566000000000000014e+01,1.312499999999960920e-02
2.395500000000000000e+03,1.021728515625000000e+02,4.062499999999991118e-02,1.548000000000000043e+01,-8.859375000000024869e-02
2.395599999999999909e+03,1.010192871093750000e+02,1.562500000000000000e-02,1.564000000000000057e+01,-9.132812500000042633e-02
2.395699999999999818e+03,9.975585937500000000e+01,1.812499999999994671e-02,1.556749999999999901e+01,-1.148437500000110134e-02
2.395800000000000182e+03,1.002685546875000000e+02,6.562499999999982236e-02,1.577749999999999986e+01,-4.101562500000088818e-02
2.395900000000000091e+03,9.981079101562500000e+01,3.062500000000012434e-02,1.562999999999999901e+01,-8.695312500000085265e-02
2.396000000000000000e+03,1.000671386718750000e+02,4.562499999999980460e-02,1.554999999999999893e+01,-8.695312500000085265e-02
2.396099999999999909e+03,9.827270507812500000e+01,2.812499999999973355e-02,1.581499999999999950e+01,-8.312500000000078160e-02
2.396199999999999818e+03,9.770507812500000000e+01,3.312500000000007105e-02,1.561749999999999972e+01,-4.484375000000095923e-02
2.396300000000000182e+03,9.827270507812500000e+01,5.062500000000014211e-02,1.573000000000000043e+01,-2.187500000000053291e-02
2.396400000000000091e+03,9.783325195312500000e+01,-1.937500000000014211e-02,1.543999999999999950e+01,-7.984375000000110134e-02
2.396500000000000000e+03,9.664306640625000000e+01,3.312500000000007105e-02,1.559999999999999964e+01,-2.679687500000049738e-02
2.396599999999999909e+03,9.644165039062500000e+01,7.062500000000015987e-02,1.556749999999999901e+01,9.843749999999040767e-03
2.396699999999999818e+03,9.594726562500000000e+01,5.812499999999998224e-02,1.541750000000000043e+01,-7.109375000000106581e-02
2.396800000000000182e+03,9.647827148437500000e+01,4.062499999999991118e-02,1.541750000000000043e+01,-1.750000000000095923e-02
2.396900000000000091e+03,9.550781250000000000e+01,5.812499999999998224e-02,1.544999999999999929e+01,-7.984375000000110134e-02
2.397000000000000000e+03,9.453735351562500000e+01,4.562499999999980460e-02,1.573000000000000043e+01,-4.429687500000056843e-02
2.397099999999999909e+03,9.459228515625000000e+01,7.812500000000000000e-02,1.566000000000000014e+01,-4.320312500000067502e-02
2.397199999999999818e+03,9.411621093750000000e+01,4.062499999999991118e-02,1.553500000000000014e+01,-4.867187500000103029e-02
2.397300000000000182e+03,9.468383789062500000e+01,4.312499999999985789e-02,1.561749999999999972e+01,-3.390625000000024869e-02
2.397400000000000091e+03,9.283447265625000000e+01,-4.375000000000017764e-03,1.544999999999999929e+01,-1.400000000000005684e-01
2.397500000000000000e+03,9.288940429687500000e+01,4.812499999999975131e-02,1.538749999999999929e+01,-5.250000000000110134e-02
2.397599999999999909e+03,9.299926757812500000e+01,5.062500000000014211e-02,1.556749999999999901e+01,-8.476562500000106581e-02
2.397699999999999818e+03,9.250488281250000000e+01,2.062499999999989342e-02,1.542999999999999972e+01,-5.140625000000031974e-02
2.397800000000000182e+03,9.206542968750000000e+01,4.562499999999980460e-02,1.573000000000000043e+01,-5.359375000000099476e-02
2.397900000000000091e+03,9.109497070312500000e+01,5.312500000000008882e-02,1.536749999999999972e+01,-9.132812500000042633e-02
2.398000000000000000e+03,9.124145507812500000e+01,3.312500000000007105e-02,1.541999999999999993e+01,-2.351562500000081712e-02
2.398099999999999909e+03,9.138793945312500000e+01,5.562500000000003553e-02,1.563749999999999929e+01,-5.468750000000088818e-02
2.398199999999999818e+03,9.089355468750000000e+01,5.312500000000008882e-02,1.565000000000000036e+01,-3.992187500000099476e-02
2.398300000000000182e+03,9.003295898437500000e+01,2.312499999999984013e-02,1.554999999999999893e+01,-2.023437500000024869e-02
2.398400000000000091e+03,8.955688476562500000e+01,3.812499999999996447e-02,1.553749999999999964e+01,-5.304687500000060396e-02
2.398500000000000000e+03,8.973999023437500000e+01,-6.125000000000024869e-02,1.572749999999999915e+01,-4.046875000000049738e-02
2.398599999999999909e+03,8.992309570312500000e+01,1.812499999999994671e-02,1.566750000000000043e+01,-1.804687500000046185e-02
2.398699999999999818e+03,8.827514648437500000e+01,3.812499999999996447e-02,1.541999999999999993e+01,-4.539062500000046185e-02
2.398800000000000182e+03,8.854980468750000000e+01,6.562499999999982236e-02,1.562999999999999901e+01,-4.703125000000074607e-02
2.398900000000000091e+03,8.818359375000000000e+01,4.812499999999975131e-02,1.559999999999999964e+01,-6.890625000000039080e-02
2.399000000000000000e+03,8.829345703125000000e+01,2.812499999999973355e-02,1.535749999999999993e+01,-1.640625000000106581e-02
2.399099999999999909e+03,8.803710937500000000e+01,2.900000000000000355e-01,1.575499999999999901e+01,-2.187500000000053291e-02
2.399199999999999818e+03,8.662719726562500000e+01,2.312499999999984013e-02,1.563749999999999929e+01,-1.421875000000039080e-02
2.399300000000000182e+03,8.713989257812500000e+01,5.062500000000014211e-02,1.546499999999999986e+01,-1.093750000000781597e-03
2.399400000000000091e+03,8.677368164062500000e+01,4.062499999999991118e-02,1.548000000000000043e+01,-6.453125000000081712e-02
2.399500000000000000e+03,8.695678710937500000e+01,7.062500000000015987e-02,1.560749999999999993e+01,-3.007812500000106581e-02
2.399599999999999909e+03,8.585815429687500000e+01,2.062499999999989342e-02,1.561999999999999922e+01,-7.765625000000042633e-02
2.399699999999999818e+03,8.521728515625000000e+01,1.762500000000000178e-01,1.554749999999999943e+01,-7.929687500000071054e-02
2.399800000000000182e+03,8.574829101562500000e+01,4.562499999999980460e-02,1.572499999999999964e+01,-1.476562500000078160e-02
2.399900000000000091e+03,8.538208007812500000e+01,3.312500000000007105e-02,1.551999999999999957e+01,-2.078125000000063949e-02
2.400000000000000000e+03,8.475952148437500000e+01,3.562500000000001776e-02,1.542750000000000021e+01,-6.671875000000060396e-02
2.400099999999999909e+03,8.444824218750000000e+01,4.312499999999985789e-02,1.553999999999999915e+01,-3.117187500000095923e-02
2.400199999999999818e+03,8.389892578125000000e+01,4.062499999999991118e-02,1.551750000000000007e+01,-5.085937500000081712e-02
2.400300000000000182e+03,8.441162109375000000e+01,3.562500000000001776e-02,1.576999999999999957e+01,2.679687499999960920e-02
2.400400000000000091e+03,8.410034179687500000e+01,3.312500000000007105e-02,1.559999999999999964e+01,-4.375000000000106581e-02
2.400500000000000000e+03,8.302001953125000000e+01,4.812499999999975131e-02,1.556749999999999901e+01,-6.453125000000081712e-02
2.400599999999999909e+03,8.307495117187500000e+01,5.562500000000003553e-02,1.545749999999999957e+01,-1.531250000000028422e-02
2.400699999999999818e+03,8.263549804687500000e+01,3.562500000000001776e-02,1.569999999999999929e+01,-4.757812500000024869e-02
2.400800000000000182e+03,8.307495117187500000e+01,7.062500000000015987e-02,1.549750000000000050e+01,-3.609375000000092371e-02
2.400900000000000091e+03,8.181152343750000000e+01,5.312500000000008882e-02,1.550750000000000028e+01,-2.953125000000067502e-02
2.401000000000000000e+03,8.164672851562500000e+01,2.562499999999978684e-02,1.550999999999999979e+01,-4.757812500000024869e-02
2.401099999999999909e+03,8.177490234375000000e+01,5.562500000000003553e-02,1.572000000000000064e+01,2.023437499999936051e-02
2.401199999999999818e+03,8.128051757812500000e+01,2.062499999999989342e-02,1.576999999999999957e+01,-6.945312500000078160e-02
2.401300000000000182e+03,8.148193359375000000e+01,9.687499999999982236e-02,1.546749999999999936e+01,-1.859375000000085265e-02
2.401400000000000091e+03,8.025512695312500000e+01,4.312499999999985789e-02,1.556000000000000050e+01,-3.445312500000063949e-02
2.401500000000000000e+03,8.031005859375000000e+01,3.062500000000012434e-02,1.596499999999999986e+01,6.562499999999360512e-03
2.401599999999999909e+03,8.049316406250000000e+01,6.062499999999992895e-02,1.576999999999999957e+01,-5.523437500000039080e-02
2.401699999999999818e+03,7.998046875000000000e+01,1.812499999999994671e-02,1.566000000000000014e+01,-1.531250000000028422e-02
2.401800000000000182e+03,7.943115234375000000e+01,4.062499999999991118e-02,1.566750000000000043e+01,-3.500000000000103029e-02
2.401900000000000091e+03,7.902832031250000000e+01,6.312499999999987566e-02,1.540000000000000036e+01,-4.539062500000046185e-02
2.402000000000000000e+03,7.910156250000000000e+01,7.062500000000015987e-02,1.547749999999999915e+01,-2.187500000000053291e-02
2.402099999999999909e+03,7.926635742187500000e+01,2.562499999999978684e-02,1.569749999999999979e+01,-1.531250000000028422e-02
2.402199999999999818e+03,7.811279296875000000e+01,5.562500000000003553e-02,1.570999999999999908e+01,-4.101562500000088818e-02
2.402300000000000182e+03,7.813110351562500000e+01,6.062499999999992895e-02,1.558750000000000036e+01,1.039062499999943157e-02
2.402400000000000091e+03,7.780151367187500000e+01,6.062499999999992895e-02,1.554749999999999943e+01,-4.156250000000039080e-02
2.402500000000000000e+03,7.792968750000000000e+01,2.062499999999989342e-02,1.546749999999999936e+01,-1.859375000000085265e-02
2.402599999999999909e+03,7.809448242187500000e+01,2.062499999999989342e-02,1.567750000000000021e+01,-2.734375000000088818e-02
2.402699999999999818e+03,7.657470703125000000e+01,4.812499999999975131e-02,1.534999999999999964e+01,-1.257812500000099476e-02
2.402800000000000182e+03,7.701416015625000000e+01,4.812499999999975131e-02,1.556749999999999901e+01,-4.101562500000088818e-02
2.402900000000000091e+03,7.672119140625000000e+01,6.812499999999976907e-02,1.545999999999999908e+01,-6.890625000000039080e-02
2.403000000000000000e+03,7.681274414062500000e+01,5.312500000000008882e-02,1.570749999999999957e+01,-4.593750000000085265e-02
2.403099999999999909e+03,7.613525390625000000e+01,4.562499999999980460e-02,1.561749999999999972e+01,-3.226562500000085265e-02
2.403199999999999818e+03,7.536621093750000000e+01,4.812499999999975131e-02,1.568999999999999950e+01,-2.515625000000110134e-02
2.403300000000000182e+03,7.586059570312500000e+01,3.562500000000001776e-02,1.541999999999999993e+01,-6.179687500000063949e-02
2.403400000000000091e+03,7.558593750000000000e+01,4.062499999999991118e-02,1.570749999999999957e+01,-4.375000000000106581e-02
2.403500000000000000e+03,7.549438476562500000e+01,2.062499999999989342e-02,1.556499999999999950e+01,-6.617187500000110134e-02
2.403599999999999909e+03,7.479858398437500000e+01,6.062499999999992895e-02,1.548000000000000043e+01,-9.187500000000081712e-02
2.403699999999999818e+03,7.430419921875000000e+01,8.124999999999715783e-03,1.564000000000000057e+01,-6.671875000000060396e-02
2.403800000000000182e+03,7.478027343750000000e+01,2.812499999999973355e-02,1.547000000000000064e+01,-5.304687500000060396e-02
2.403900000000000091e+03,7.452392578125000000e+01,6.812499999999976907e-02,1.567750000000000021e+01,-4.210937500000078160e-02
2.404000000000000000e+03,7.368164062500000000e+01,4.812499999999975131e-02,1.542750000000000021e+01,-7.000000000000028422e-02
2.404099999999999909e+03,7.368164062500000000e+01,6.562499999999982236e-02,1.527749999999999986e+01,-1.312500000000049738e-02
2.404199999999999818e+03,7.322387695312500000e+01,3.562500000000001776e-02,1.566000000000000014e+01,-1.312500000000049738e-02
2.404300000000000182e+03,7.369995117187500000e+01,6.312499999999987566e-02,1.551999999999999957e+01,-2.187500000000053291e-02
2.404400000000000091e+03,7.298583984375000000e+01,2.312499999999984013e-02,1.573000000000000043e+01,-2.898437500000028422e-02
2.404500000000000000e+03,7.252807617187500000e+01,5.812499999999998224e-02,1.558499999999999908e+01,-1.421875000000039080e-02
2.404599999999999909e+03,7.265625000000000000e+01,4.812499999999975131e-02,1.557000000000000028e+01,-2.460937500000071054e-02
2.404699999999999818e+03,7.216186523437500000e+01,5.312500000000008882e-02,1.559999999999999964e+01,-1.148437500000003553e-01
2.404800000000000182e+03,7.269287109375000000e+01,3.312500000000007105e-02,1.552999999999999936e+01,-5.632812500000028422e-02
2.404900000000000091e+03,7.148437500000000000e+01,5.562500000000003553e-02,1.574750000000000050e+01,-3.226562500000085265e-02
2.405000000000000000e+03,7.150268554687500000e+01,3.312500000000007105e-02,1.566750000000000043e+01,-1.476562500000078160e-02
2.405099999999999909e+03,7.170410156250000000e+01,3.812499999999996447e-02,1.545999999999999908e+01,-9.078125000000092371e-02
2.405199999999999818e+03,7.120971679687500000e+01,3.062500000000012434e-02,1.545999999999999908e+01,-7.656250000001030287e-03
2.405300000000000182e+03,7.093505859375000000e+01,4.062499999999991118e-02,1.560999999999999943e+01,-3.828125000000959233e-03
2.405400000000000091e+03,7.044067382812500000e+01,3.062500000000012434e-02,1.559999999999999964e+01,-4.375000000000106581e-02
2.405500000000000000e+03,7.051391601562500000e+01,7.062500000000015987e-02,1.558750000000000036e+01,-3.226562500000085265e-02
2.405599999999999909e+03,7.066040039062500000e+01,3.562500000000001776e-02,1.533750000000000036e+01,-4.812500000000063949e-02
2.405699999999999818e+03,7.014770507812500000e+01,3.812499999999996447e-02,1.565000000000000036e+01,-2.734375000001065814e-03
2.405800000000000182e+03,6.970825195312500000e+01,5.312500000000008882e-02,1.571749999999999936e+01,-8.203125000000088818e-02
2.405900000000000091e+03,6.945190429687500000e+01,5.062500000000014211e-02,1.569999999999999929e+01,-4.484375000000095923e-02
2.406000000000000000e+03,6.950683593750000000e+01,1.562500000000000000e-02,1.540000000000000036e+01,-4.375000000000461853e-03
2.406099999999999909e+03,6.967163085937500000e+01,2.062499999999989342e-02,1.556000000000000050e+01,6.562499999999360512e-03
2.406199999999999818e+03,6.846313476562500000e+01,4.562499999999980460e-02,1.570999999999999908e+01,-8.750000000000923706e-03
2.406300000000000182e+03,6.879272460937500000e+01,5.312500000000008882e-02,1.549000000000000021e+01,-5.906250000000046185e-02
2.406400000000000091e+03,6.855468750000000000e+01,3.812499999999996447e-02,1.557000000000000028e+01,-6.781250000000049738e-02
2.406500000000000000e+03,6.859130859375000000e+01,4.312499999999985789e-02,1.542999999999999972e+01,-3.773437500000031974e-02
2.406599999999999909e+03,6.840820312500000000e+01,1.312500000000005329e-02,1.543999999999999950e+01,-1.006250000000008527e-01
2.406699999999999818e+03,6.743774414062500000e+01,6.312499999999987566e-02,1.553749999999999964e+01,-1.640625000000284217e-03
2.406800000000000182e+03,6.784057617187500000e+01,5.312500000000008882e-02,1.568999999999999950e+01,-4.976562500000092371e-02
2.406900000000000091e+03,6.763916015625000000e+01,5.062500000000014211e-02,1.573749999999999893e+01,-5.632812500000028422e-02
2.407000000000000000e+03,6.771240234375000000e+01,2.562499999999978684e-02,1.576999999999999957e+01,-4.375000000000106581e-02
2.407099999999999909e+03,6.703491210937500000e+01,6.062499999999992895e-02,1.540000000000000036e+01,-2.132812500000103029e-02
2.407199999999999818e+03,6.655883789062500000e+01,7.312500000000010658e-02,1.546749999999999936e+01,-1.148437500000110134e-02
2.407300000000000182e+03,6.694335937500000000e+01,7.312500000000010658e-02,1.550000000000000000e+01,-4.375000000000461853e-03
2.407400000000000091e+03,6.672363281250000000e+01,2.312499999999984013e-02,1.559999999999999964e+01,-4.484375000000095923e-02
2.407500000000000000e+03,6.621093750000000000e+01,6.812499999999976907e-02,1.551999999999999957e+01,1.640624999999396039e-03
2.407599999999999909e+03,6.604614257812500000e+01,5.062500000000014211e-02,1.541499999999999915e+01,4.484374999999918288e-02
2.407699999999999818e+03,6.560668945312500000e+01,3.562500000000001776e-02,1.546749999999999936e+01,2.898437499999939604e-02
2.407800000000000182e+03,6.606445312500000000e+01,2.812499999999973355e-02,1.552999999999999936e+01,-2.187500000000675016e-03
2.407900000000000091e+03,6.584472656250000000e+01,5.312500000000008882e-02,1.557750000000000057e+01,-2.406250000000031974e-02
2.408000000000000000e+03,6.513061523437500000e+01,4.812499999999975131e-02,1.569999999999999929e+01,-5.851562500000095923e-02
2.408099999999999909e+03,6.527709960937500000e+01,6.562499999999982236e-02,1.567750000000000021e+01,-7.656250000001030287e-03
2.408199999999999818e+03,6.485595703125000000e+01,3.124999999999822364e-03,1.553749999999999964e+01,1.148437499999932498e-02
2.408300000000000182e+03,6.525878906250000000e+01,5.312500000000008882e-02,1.537999999999999901e+01,-1.695312500000056843e-02
2.408400000000000091e+03,6.432495117187500000e+01,7.812500000000000000e-02,1.557750000000000057e+01,-4.593750000000085265e-02
2.408500000000000000e+03,6.419677734375000000e+01,4.812499999999975131e-02,1.559750000000000014e+01,-4.703125000000074607e-02
2.408599999999999909e+03,6.436157226562500000e+01,2.812499999999973355e-02,1.565750000000000064e+01,-6.179687500000063949e-02
2.408699999999999818e+03,6.394042968750000000e+01,3.562500000000001776e-02,1.552999999999999936e+01,-4.593750000000085265e-02
2.408800000000000182e+03,6.416015625000000000e+01,3.062500000000012434e-02,1.554749999999999943e+01,-7.929687500000071054e-02
2.408900000000000091e+03,6.335449218750000000e+01,2.312499999999984013e-02,1.570749999999999957e+01,-5.742187500000106581e-02
2.409000000000000000e+03,6.335449218750000000e+01,3.812499999999996447e-02,1.566999999999999993e+01,-9.078125000000092371e-02
2.409099999999999909e+03,6.353759765625000000e+01,4.312499999999985789e-02,1.566000000000000014e+01,-1.640625000000284217e-03
2.409199999999999818e+03,6.309814453125000000e+01,2.562499999999978684e-02,1.565000000000000036e+01,-3.554687500000053291e-02
2.409300000000000182e+03,6.280517578125000000e+01,5.624999999999769074e-03,1.546499999999999986e+01,-1.039062500000031974e-02
2.409400000000000091e+03,6.254882812500000000e+01,6.312499999999987566e-02,1.558000000000000007e+01,-3.445312500000063949e-02
2.409500000000000000e+03,6.256713867187500000e+01,1.812499999999994671e-02,1.548749999999999893e+01,-5.687500000000067502e-02
2.409599999999999909e+03,6.269531250000000000e+01,4.062499999999991118e-02,1.549750000000000050e+01,-6.562500000000071054e-02
2.409699999999999818e+03,6.187133789062500000e+01,3.062500000000012434e-02,1.562749999999999950e+01,4.265624999999939604e-02
2.409800000000000182e+03,6.192626953125000000e+01,4.312499999999985789e-02,1.551999999999999957e+01,-1.060937500000003197e-01
2.409900000000000091e+03,6.172485351562500000e+01,2.312499999999984013e-02,1.566750000000000043e+01,-4.156250000000039080e-02
2.410000000000000000e+03,6.176147460937500000e+01,3.812499999999996447e-02,1.558999999999999986e+01,-7.492187500000024869e-02
2.410099999999999909e+03,6.192626953125000000e+01,5.312500000000008882e-02,1.560500000000000043e+01,-6.890625000000039080e-02
2.410199999999999818e+03,6.084594726562500000e+01,6.062499999999992895e-02,1.554499999999999993e+01,-5.578125000000078160e-02
2.410300000000000182e+03,6.123046875000000000e+01,1.812499999999994671e-02,1.544749999999999979e+01,-8.421875000000067502e-02
2.410400000000000091e+03,6.102905273437500000e+01,3.812499999999996447e-02,1.559750000000000014e+01,-1.750000000000095923e-02
2.410500000000000000e+03,6.108398437500000000e+01,3.562500000000001776e-02,1.551999999999999957e+01,-3.007812500000106581e-02
2.410599999999999909e+03,6.062622070312500000e+01,4.312499999999985789e-02,1.567999999999999972e+01,-5.195312500000071054e-02
2.410699999999999818e+03,6.000366210937500000e+01,4.562499999999980460e-02,1.560749999999999993e+01,3.281249999999680256e-03
2.410800000000000182e+03,6.042480468750000000e+01,3.062500000000012434e-02,1.557000000000000028e+01,-3.664062500000042633e-02
2.410900000000000091e+03,6.026000976562500000e+01,5.812499999999998224e-02,1.563749999999999929e+01,-6.835937500000088818e-02
2.411000000000000000e+03,6.018676757812500000e+01,4.312499999999985789e-02,1.550499999999999901e+01,-4.648437500000035527e-02
2.411099999999999909e+03,5.976562500000000000e+01,5.062500000000014211e-02,1.567999999999999972e+01,-2.132812500000103029e-02
2.411199999999999818e+03,5.932617187500000000e+01,5.562500000000003553e-02,1.564000000000000057e+01,-6.562500000000071054e-02
2.411300000000000182e+03,5.974731445312500000e+01,3.562500000000001776e-02,1.559999999999999964e+01,1.093749999999893419e-02
2.411400000000000091e+03,5.956420898437500000e+01,3.562500000000001776e-02,1.554999999999999893e+01,-5.468750000003907985e-04
2.411500000000000000e+03,5.899658203125000000e+01,3.062500000000012434e-02,1.572000000000000064e+01,-2.625000000000099476e-02
2.411599999999999909e+03,5.899658203125000000e+01,6.562499999999982236e-02,1.569999999999999929e+01,-4.593750000000085265e-02
2.411699999999999818e+03,5.859375000000000000e+01,2.062499999999989342e-02,1.537999999999999901e+01,-2.460937500000071054e-02
2.411800000000000182e+03,5.899658203125000000e+01,8.124999999999715783e-03,1.550999999999999979e+01,-2.515625000000110134e-02
2.411900000000000091e+03,5.857543945312500000e+01,5.812499999999998224e-02,1.547000000000000064e+01,-2.187500000000675016e-03
2.412000000000000000e+03,5.819091796875000000e+01,5.062500000000014211e-02,1.561749999999999972e+01,-7.656250000001030287e-03
2.412099999999999909e+03,5.831909179687500000e+01,7.062500000000015987e-02,1.570749999999999957e+01,-6.343750000000092371e-02
2.412199999999999818e+03,5.793457031250000000e+01,2.312499999999984013e-02,1.557499999999999929e+01,-4.757812500000024869e-02
2.412300000000000182e+03,5.833740234375000000e+01,6.062499999999992895e-02,1.561749999999999972e+01,-5.031250000000042633e-02
2.412400000000000091e+03,5.751342773437500000e+01,5.312500000000008882e-02,1.566000000000000014e+01,-3.335937500000074607e-02
2.412500000000000000e+03,5.745849609375000000e+01,5.312500000000008882e-02,1.548749999999999893e+01,-3.335937500000074607e-02
2.412599999999999909e+03,5.764160156250000000e+01,7.062500000000015987e-02,1.562999999999999901e+01,-9.296875000000426326e-03
2.412699999999999818e+03,5.722045898437500000e+01,3.812499999999996447e-02,1.552999999999999936e+01,-1.312500000000049738e-02
2.412800000000000182e+03,5.718383789062500000e+01,6.312499999999987566e-02,1.554749999999999943e+01,1.749999999999918288e-02
2.412900000000000091e+03,5.689086914062500000e+01,1.562500000000000000e-02,1.562749999999999950e+01,-3.554687500000053291e-02
2.413000000000000000e+03,5.687255859375000000e+01,7.562500000000005329e-02,1.558999999999999986e+01,-2.843750000000078160e-02
2.413099999999999909e+03,5.701904296875000000e+01,5.812499999999998224e-02,1.575999999999999979e+01,-4.812500000000063949e-02
2.413199999999999818e+03,5.663452148437500000e+01,3.312500000000007105e-02,1.571749999999999936e+01,-1.914062500000035527e-02
2.413300000000000182e+03,5.635986328125000000e+01,4.312499999999985789e-02,1.550999999999999979e+01,-3.171875000000046185e-02
2.413400000000000091e+03,5.615844726562500000e+01,4.812499999999975131e-02,1.557000000000000028e+01,-3.718750000000081712e-02
2.413500000000000000e+03,5.615844726562500000e+01,2.812499999999973355e-02,1.575999999999999979e+01,-3.171875000000046185e-02
2.413599999999999909e+03,5.632324218750000000e+01,1.812499999999994671e-02,1.561500000000000021e+01,-3.500000000000103029e-02
2.413699999999999818e+03,5.542602539062500000e+01,4.062499999999991118e-02,1.542999999999999972e+01,-9.898437500000056843e-02
2.413800000000000182e+03,5.571899414062500000e+01,3.312500000000007105e-02,1.553999999999999915e+01,-6.125000000000024869e-02
2.413900000000000091e+03,5.557250976562500000e+01,2.812499999999973355e-02,1.558750000000000036e+01,-5.140625000000031974e-02
2.414000000000000000e+03,5.551757812500000000e+01,4.062499999999991118e-02,1.557000000000000028e+01,-8.750000000000035527e-02
2.414099999999999909e+03,5.555419921875000000e+01,5.062500000000014211e-02,1.559750000000000014e+01,4.921874999999076294e-03
2.414199999999999818e+03,5.465698242187500000e+01,4.312499999999985789e-02,1.559750000000000014e+01,-5.085937500000081712e-02
2.414300000000000182e+03,5.500488281250000000e+01,5.562500000000003553e-02,1.559999999999999964e+01,-1.750000000000095923e-02
2.414400000000000091e+03,5.485839843750000000e+01,3.562500000000001776e-02,1.566999999999999993e+01,-5.140625000000031974e-02
2.414500000000000000e+03,5.484008789062500000e+01,7.624999999999992895e-02,1.569999999999999929e+01,-4.648437500000035527e-02
2.414599999999999909e+03,5.449218750000000000e+01,3.812499999999996447e-02,1.537999999999999901e+01,-3.335937500000074607e-02
2.414699999999999818e+03,5.401611328125000000e+01,3.062500000000012434e-02,1.525000000000000000e+01,-6.015625000000746070e-03
2.414800000000000182e+03,5.440063476562500000e+01,4.062499999999991118e-02,1.553749999999999964e+01,6.562499999999360512e-03
2.414900000000000091e+03,5.425415039062500000e+01,6.812499999999976907e-02,1.586749999999999972e+01,-3.445312500000063949e-02
2.415000000000000000e+03,5.396118164062500000e+01,8.625000000000015987e-02,1.559999999999999964e+01,-9.351562500000110134e-02
2.415099999999999909e+03,5.383300781250000000e+01,4.812499999999975131e-02,1.576999999999999957e+01,-5.359375000000099476e-02
2.415199999999999818e+03,5.343017578125000000e+01,5.812499999999998224e-02,1.559999999999999964e+01,-4.921875000000053291e-02
2.415300000000000182e+03,5.381469726562500000e+01,4.562499999999980460e-02,1.553500000000000014e+01,-6.835937500000088818e-02
2.415400000000000091e+03,5.364990234375000000e+01,3.562500000000001776e-02,1.553500000000000014e+01,-2.023437500000024869e-02
2.415500000000000000e+03,5.310058593750000000e+01,5.062500000000014211e-02,1.561999999999999922e+01,-5.031250000000042633e-02
2.415599999999999909e+03,5.321044921875000000e+01,4.312499999999985789e-02,1.557000000000000028e+01,-3.992187500000099476e-02
2.415699999999999818e+03,5.286254882812500000e+01,5.062500000000014211e-02,1.549750000000000050e+01,-2.898437500000028422e-02
2.415800000000000182e+03,5.321044921875000000e+01,6.562499999999982236e-02,1.544999999999999929e+01,-3.281250000000035527e-02
2.415900000000000091e+03,5.308227539062500000e+01,5.562500000000003553e-02,1.580499999999999972e+01,-5.031250000000042633e-02
2.416000000000000000e+03,5.306396484375000000e+01,1.812499999999994671e-02,1.561999999999999922e+01,-3.335937500000074607e-02
2.416099999999999909e+03,5.322875976562500000e+01,1.312500000000005329e-02,1.553999999999999915e+01,-8.421875000000067502e-02
2.416199999999999818e+03,5.284423828125000000e+01,2.312499999999984013e-02,1.557750000000000057e+01,-5.796875000000056843e-02
2.416300000000000182e+03,5.321044921875000000e+01,4.312499999999985789e-02,1.569500000000000028e+01,-4.046875000000049738e-02
2.416400000000000091e+03,5.304565429687500000e+01,3.562500000000001776e-02,1.554749999999999943e+01,-2.898437500000028422e-02
2.416500000000000000e+03,5.310058593750000000e+01,7.062500000000015987e-02,1.541999999999999993e+01,-1.750000000000095923e-02
2.416599999999999909e+03,5.322875976562500000e+01,4.705000000000000071e+00,1.590499999999999936e+01,2.112687500000000185e+01
2.416699999999999818e+03,5.282592773437500000e+01,2.915000000000000036e+00,1.560999999999999943e+01,1.550500000000000078e+01
2.416800000000000182e+03,5.370483398437500000e+01,2.942499999999999893e+00,1.580250000000000021e+01,1.552250000000000085e+01
2.416900000000000091e+03,5.364990234375000000e+01,2.967499999999999805e+00,1.568999999999999950e+01,1.543335937500000021e+01
2.417000000000000000e+03,5.366821289062500000e+01,2.939999999999999947e+00,1.567750000000000021e+01,1.548257812500000163e+01
2.417099999999999909e+03,5.379638671875000000e+01,2.970000000000000195e+00,1.552749999999999986e+01,1.544867187500000050e+01
2.417199999999999818e+03,5.440063476562500000e+01,2.987499999999999822e+00,1.520749999999999957e+01,1.540710937500000099e+01
2.417300000000000182e+03,5.584716796875000000e+01,2.975000000000000089e+00,1.551750000000000007e+01,1.545851562500000043e+01
2.417400000000000091e+03,5.575561523437500000e+01,2.997500000000000053e+00,1.583999999999999986e+01,1.548968750000000050e+01
2.417500000000000000e+03,5.579223632812500000e+01,2.995000000000000107e+00,1.550750000000000028e+01,1.542242187500000128e+01
2.417599999999999909e+03,5.595703125000000000e+01,3.012500000000000178e+00,1.562749999999999950e+01,1.544539062499999993e+01
2.417699999999999818e+03,5.844726562500000000e+01,3.015000000000000124e+00,1.564749999999999908e+01,1.546671875000000007e+01
2.417800000000000182e+03,5.912475585937500000e+01,3.020000000000000018e+00,1.578500000000000014e+01,1.554382812500000099e+01
2.417900000000000091e+03,5.894165039062500000e+01,3.020000000000000018e+00,1.592249999999999943e+01,1.544593750000000121e+01
2.418000000000000000e+03,5.894165039062500000e+01,3.017500000000000071e+00,1.561999999999999922e+01,1.547656250000000000e+01
2.418099999999999909e+03,6.192626953125000000e+01,3.047499999999999876e+00,1.558499999999999908e+01,1.548093750000000135e+01
2.418199999999999818e+03,6.282348632812500000e+01,3.044999999999999929e+00,1.545749999999999957e+01,1.549296875000000107e+01
2.418300000000000182e+03,6.331787109375000000e+01,3.057500000000000107e+00,1.570749999999999957e+01,1.547000000000000064e+01
2.418400000000000091e+03,6.313476562500000000e+01,3.057500000000000107e+00,1.558750000000000036e+01,1.547437500000000021e+01
2.418500000000000000e+03,6.331787109375000000e+01,3.080000000000000071e+00,1.573000000000000043e+01,1.547218750000000043e+01
2.418599999999999909e+03,6.716308593750000000e+01,3.084999999999999964e+00,1.531000000000000050e+01,1.546671875000000007e+01
2.418699999999999818e+03,6.690673828125000000e+01,3.117500000000000160e+00,1.542999999999999972e+01,1.543937500000000007e+01
2.418800000000000182e+03,6.736450195312500000e+01,3.087499999999999911e+00,1.554999999999999893e+01,1.544375000000000142e+01
2.418900000000000091e+03,6.714477539062500000e+01,3.097500000000000142e+00,1.569999999999999929e+01,1.545359375000000135e+01
2.419000000000000000e+03,7.003784179687500000e+01,3.104999999999999982e+00,1.548000000000000043e+01,1.547492187500000149e+01
2.419099999999999909e+03,7.073364257812500000e+01,3.120000000000000107e+00,1.577999999999999936e+01,1.549296875000000107e+01
2.419199999999999818e+03,7.029418945312500000e+01,3.134999999999999787e+00,1.567750000000000021e+01,1.554328125000000149e+01
2.419300000000000182e+03,7.077026367187500000e+01,3.157500000000000195e+00,1.556499999999999950e+01,1.547820312500000028e+01
2.419400000000000091e+03,7.168579101562500000e+01,3.095000000000000195e+00,1.561999999999999922e+01,1.541968750000000021e+01
2.419500000000000000e+03,7.344360351562500000e+01,3.140000000000000124e+00,1.558000000000000007e+01,1.546398437500000078e+01
2.419599999999999909e+03,7.366333007812500000e+01,3.154999999999999805e+00,1.553749999999999964e+01,1.542734375000000036e+01
2.419699999999999818e+03,7.320556640625000000e+01,3.145000000000000018e+00,1.567750000000000021e+01,1.549625000000000163e+01
2.419800000000000182e+03,7.369995117187500000e+01,3.149999999999999911e+00,1.556000000000000050e+01,1.544210937500000114e+01
2.419900000000000091e+03,7.587890625000000000e+01,3.147499999999999964e+00,1.563749999999999929e+01,1.545578125000000114e+01
2.420000000000000000e+03,7.619018554687500000e+01,3.172499999999999876e+00,1.548749999999999893e+01,1.545687500000000014e+01
2.420099999999999909e+03,7.635498046875000000e+01,3.194999999999999840e+00,1.560999999999999943e+01,1.546343750000000128e+01
2.420199999999999818e+03,7.589721679687500000e+01,3.214999999999999858e+00,1.571749999999999936e+01,1.544156250000000163e+01
2.420300000000000182e+03,7.796630859375000000e+01,3.207500000000000018e+00,1.544749999999999979e+01,1.546726562500000135e+01
2.420400000000000091e+03,7.858886718750000000e+01,3.167499999999999982e+00,1.533499999999999908e+01,1.546398437500000078e+01
2.420500000000000000e+03,7.868041992187500000e+01,3.205000000000000071e+00,1.536749999999999972e+01,1.544757812500000149e+01
2.420599999999999909e+03,7.888183593750000000e+01,3.182500000000000107e+00,1.571749999999999936e+01,1.545523437500000163e+01
2.420699999999999818e+03,7.842407226562500000e+01,3.207500000000000018e+00,1.565000000000000036e+01,1.547164062500000092e+01
2.420800000000000182e+03,8.109741210937500000e+01,3.225000000000000089e+00,1.568999999999999950e+01,1.549679687500000114e+01
2.420900000000000091e+03,8.089599609375000000e+01,2.727500000000000036e+00,1.563749999999999929e+01,1.546343750000000128e+01
2.421000000000000000e+03,8.104248046875000000e+01,3.232499999999999929e+00,1.572000000000000064e+01,1.548476562500000142e+01
2.421099999999999909e+03,8.117065429687500000e+01,3.234999999999999876e+00,1.578500000000000014e+01,1.546781250000000085e+01
2.421199999999999818e+03,8.237915039062500000e+01,3.245000000000000107e+00,1.564499999999999957e+01,1.544921875000000000e+01
2.421300000000000182e+03,8.329467773437500000e+01,3.272499999999999964e+00,1.555749999999999922e+01,1.546234375000000050e+01
2.421400000000000091e+03,8.296508789062500000e+01,3.259999999999999787e+00,1.547749999999999915e+01,1.544757812500000149e+01
2.421500000000000000e+03,8.314819335937500000e+01,3.259999999999999787e+00,1.566000000000000014e+01,1.547875000000000156e+01
2.421599999999999909e+03,8.399047851562500000e+01,3.259999999999999787e+00,1.572499999999999964e+01,1.542953125000000014e+01
2.421699999999999818e+03,8.485107421875000000e+01,3.302500000000000213e+00,1.569749999999999979e+01,1.547437500000000021e+01
2.421800000000000182e+03,8.543701171875000000e+01,3.299999999999999822e+00,1.550999999999999979e+01,1.543171874999999993e+01
2.421900000000000091e+03,8.507080078125000000e+01,3.305000000000000160e+00,1.555749999999999922e+01,1.547000000000000064e+01
2.422000000000000000e+03,8.521728515625000000e+01,3.314999999999999947e+00,1.565000000000000036e+01,1.546945312500000114e+01
2.422099999999999909e+03,8.712158203125000000e+01,3.294999999999999929e+00,1.562749999999999950e+01,1.545140625000000156e+01
2.422199999999999818e+03,8.688354492187500000e+01,3.322499999999999787e+00,1.563499999999999979e+01,1.548531250000000092e+01
2.422300000000000182e+03,8.743286132812500000e+01,3.334999999999999964e+00,1.554999999999999893e+01,1.546070312500000021e+01
2.422400000000000091e+03,8.708496093750000000e+01,3.359999999999999876e+00,1.529999999999999893e+01,1.546234375000000050e+01
2.422500000000000000e+03,8.849487304687500000e+01,3.345000000000000195e+00,1.573000000000000043e+01,1.546617187500000057e+01
2.422599999999999909e+03,8.926391601562500000e+01,3.392500000000000071e+00,1.569500000000000028e+01,1.549023437500000000e+01
2.422699999999999818e+03,8.878784179687500000e+01,3.372500000000000053e+00,1.557750000000000057e+01,1.548421875000000014e+01
2.422800000000000182e+03,8.931884765625000000e+01,3.402499999999999858e+00,1.562749999999999950e+01,1.550554687500000028e+01
2.422900000000000091e+03,8.889770507812500000e+01,3.375000000000000000e+00,1.552500000000000036e+01,1.545906249999999993e+01
2.423000000000000000e+03,9.094848632812500000e+01,3.382499999999999840e+00,1.553999999999999915e+01,1.548914062500000099e+01
2.423099999999999909e+03,9.116821289062500000e+01,3.405000000000000249e+00,1.553999999999999915e+01,1.548804687500000021e+01
2.423199999999999818e+03,9.069213867187500000e+01,3.375000000000000000e+00,1.572000000000000064e+01,1.541367187500000036e+01
2.423300000000000182e+03,9.122314453125000000e+01,3.379999999999999893e+00,1.566999999999999993e+01,1.545140625000000156e+01
2.423400000000000091e+03,9.239501953125000000e+01,3.390000000000000124e+00,1.572000000000000064e+01,1.543281250000000071e+01
2.423500000000000000e+03,9.294433593750000000e+01,3.397499999999999964e+00,1.567750000000000021e+01,1.544921875000000000e+01
2.423599999999999909e+03,9.307250976562500000e+01,3.419999999999999929e+00,1.558999999999999986e+01,1.542515625000000057e+01
2.423699999999999818e+03,9.259643554687500000e+01,3.447499999999999787e+00,1.545749999999999957e+01,1.545031250000000078e+01
2.423800000000000182e+03,9.395141601562500000e+01,3.432500000000000107e+00,1.570749999999999957e+01,1.542187500000000000e+01
2.423900000000000091e+03,9.446411132812500000e+01,3.462499999999999911e+00,1.558999999999999986e+01,1.546890625000000163e+01
2.424000000000000000e+03,9.477539062500000000e+01,3.435000000000000053e+00,1.569749999999999979e+01,1.542460937500000107e+01
2.424099999999999909e+03,9.488525390625000000e+01,3.470000000000000195e+00,1.561999999999999922e+01,1.547710937500000128e+01
2.424199999999999818e+03,9.439086914062500000e+01,3.447499999999999787e+00,1.562500000000000000e+01,1.550937500000000036e+01
2.424300000000000182e+03,9.662475585937500000e+01,3.435000000000000053e+00,1.572000000000000064e+01,1.545359375000000135e+01
2.424400000000000091e+03,9.631347656250000000e+01,3.479999999999999982e+00,1.579999999999999893e+01,1.549351562500000057e+01
2.424500000000000000e+03,9.656982421875000000e+01,3.450000000000000178e+00,1.554999999999999893e+01,1.546507812500000156e+01
2.424599999999999909e+03,9.667968750000000000e+01,3.472500000000000142e+00,1.571499999999999986e+01,1.544320312500000014e+01
2.424699999999999818e+03,9.741210937500000000e+01,3.497500000000000053e+00,1.581499999999999950e+01,1.544703125000000021e+01
2.424800000000000182e+03,9.845581054687500000e+01,3.484999999999999876e+00,1.559750000000000014e+01,1.541203125000000007e+01
2.424900000000000091e+03,9.799804687500000000e+01,3.475000000000000089e+00,1.566999999999999993e+01,1.540820312500000000e+01
2.425000000000000000e+03,9.834594726562500000e+01,3.475000000000000089e+00,1.529999999999999893e+01,1.544593750000000121e+01
2.425099999999999909e+03,9.851074218750000000e+01,3.532499999999999751e+00,1.557000000000000028e+01,1.543226562500000121e+01
2.425199999999999818e+03,9.957275390625000000e+01,3.462499999999999911e+00,1.570999999999999908e+01,1.543828125000000107e+01
2.425300000000000182e+03,1.001770019531250000e+02,3.507500000000000284e+00,1.565000000000000036e+01,1.550281250000000099e+01
2.425400000000000091e+03,9.971923828125000000e+01,3.570000000000000284e+00,1.548749999999999893e+01,1.550664062500000107e+01
2.425500000000000000e+03,9.999389648437500000e+01,3.500000000000000000e+00,1.581749999999999901e+01,1.545960937500000121e+01
2.425599999999999909e+03,1.016052246093750000e+02,3.527499999999999858e+00,1.571749999999999936e+01,1.546671875000000007e+01
2.425699999999999818e+03,1.014221191406250000e+02,3.517500000000000071e+00,1.543750000000000000e+01,1.547984375000000057e+01
2.425800000000000182e+03,1.019897460937500000e+02,3.657499999999999751e+00,1.569500000000000028e+01,1.544375000000000142e+01
2.425900000000000091e+03,1.015136718750000000e+02,3.584999999999999964e+00,1.553999999999999915e+01,1.540546875000000071e+01
2.426000000000000000e+03,1.025573730468750000e+02,3.544999999999999929e+00,1.573249999999999993e+01,1.545359375000000135e+01
2.426099999999999909e+03,1.035644531250000000e+02,3.607499999999999929e+00,1.572000000000000064e+01,1.547929687500000107e+01
2.426199999999999818e+03,1.031250000000000000e+02,3.572499999999999787e+00,1.553999999999999915e+01,1.546671875000000007e+01
2.426300000000000182e+03,1.036743164062500000e+02,3.582500000000000018e+00,1.556000000000000050e+01,1.547328125000000121e+01
2.426400000000000091e+03,1.031616210937500000e+02,3.602500000000000036e+00,1.550999999999999979e+01,1.547875000000000156e+01
2.426500000000000000e+03,1.050659179687500000e+02,3.584999999999999964e+00,1.560749999999999993e+01,1.542351562500000028e+01
2.426599999999999909e+03,1.052856445312500000e+02,3.625000000000000000e+00,1.557499999999999929e+01,1.549734375000000064e+01
2.426699999999999818e+03,1.047912597656250000e+02,3.629999999999999893e+00,1.545999999999999908e+01,1.547710937500000128e+01
2.426800000000000182e+03,1.053771972656250000e+02,3.695000000000000284e+00,1.542750000000000021e+01,1.545085937500000028e+01
2.426900000000000091e+03,1.061645507812500000e+02,3.622500000000000053e+00,1.581250000000000000e+01,1.543609375000000128e+01
2.427000000000000000e+03,1.069152832031250000e+02,3.642500000000000071e+00,1.575750000000000028e+01,1.538960937500000092e+01
2.427099999999999909e+03,1.070068359375000000e+02,3.607499999999999929e+00,1.572000000000000064e+01,1.544046875000000085e+01
2.427199999999999818e+03,1.065490722656250000e+02,3.672499999999999876e+00,1.552999999999999936e+01,1.545195312500000107e+01
2.427300000000000182e+03,1.073913574218750000e+02,3.674999999999999822e+00,1.560749999999999993e+01,1.548312500000000114e+01
2.427400000000000091e+03,1.081054687500000000e+02,3.665000000000000036e+00,1.569500000000000028e+01,1.547382812500000071e+01
2.427500000000000000e+03,1.085083007812500000e+02,3.707500000000000018e+00,1.556000000000000050e+01,1.548148437500000085e+01
2.427599999999999909e+03,1.086181640625000000e+02,3.669999999999999929e+00,1.565499999999999936e+01,1.546015625000000071e+01
2.427699999999999818e+03,1.080871582031250000e+02,3.705000000000000071e+00,1.561999999999999922e+01,1.546398437500000078e+01
2.427800000000000182e+03,1.101745605468750000e+02,3.697499999999999787e+00,1.558000000000000007e+01,1.549242187500000156e+01
2.427900000000000091e+03,1.098632812500000000e+02,3.727500000000000036e+00,1.567999999999999972e+01,1.545960937500000121e+01
2.428000000000000000e+03,1.102294921875000000e+02,3.709999999999999964e+00,1.565000000000000036e+01,1.546671875000000007e+01
2.428099999999999909e+03,1.102844238281250000e+02,3.767500000000000071e+00,1.582249999999999979e+01,1.543171874999999993e+01
2.428199999999999818e+03,1.106872558593750000e+02,3.759999999999999787e+00,1.561999999999999922e+01,1.546781250000000085e+01
2.428300000000000182e+03,1.120971679687500000e+02,3.772499999999999964e+00,1.558999999999999986e+01,1.549132812500000078e+01
2.428400000000000091e+03,1.115478515625000000e+02,3.807500000000000107e+00,1.533750000000000036e+01,1.554492187500000000e+01
2.428500000000000000e+03,1.118957519531250000e+02,3.797499999999999876e+00,1.580250000000000021e+01,1.538960937500000092e+01
2.428599999999999909e+03,1.120422363281250000e+02,3.805000000000000160e+00,1.540000000000000036e+01,1.549460937500000135e+01
2.428699999999999818e+03,1.131408691406250000e+02,3.790000000000000036e+00,1.559750000000000014e+01,1.546890625000000163e+01
2.428800000000000182e+03,1.138183593750000000e+02,3.797499999999999876e+00,1.575000000000000000e+01,1.544921875000000000e+01
2.428900000000000091e+03,1.132873535156250000e+02,3.817499999999999893e+00,1.560999999999999943e+01,1.542023437500000149e+01
2.429000000000000000e+03,1.136352539062500000e+02,3.820000000000000284e+00,1.555749999999999922e+01,1.543718750000000028e+01
2.429099999999999909e+03,1.150817871093750000e+02,3.827500000000000124e+00,1.594749999999999979e+01,1.547820312500000028e+01
2.429199999999999818e+03,1.149902343750000000e+02,3.865000000000000213e+00,1.540000000000000036e+01,1.550445312500000128e+01
2.429300000000000182e+03,1.155944824218750000e+02,3.859999999999999876e+00,1.546749999999999936e+01,1.545304687500000007e+01
2.429400000000000091e+03,1.150451660156250000e+02,3.865000000000000213e+00,1.550999999999999979e+01,1.544757812500000149e+01
2.429500000000000000e+03,1.159423828125000000e+02,3.902499999999999858e+00,1.568999999999999950e+01,1.547328125000000121e+01
2.429599999999999909e+03,1.172058105468750000e+02,3.930000000000000160e+00,1.551999999999999957e+01,1.543937500000000007e+01
2.429699999999999818e+03,1.168029785156250000e+02,3.627499999999999947e+00,1.586500000000000021e+01,1.548039062500000007e+01
2.429800000000000182e+03,1.174255371093750000e+02,3.990000000000000213e+00,1.560749999999999993e+01,1.543718750000000028e+01
2.429900000000000091e+03,1.168579101562500000e+02,3.962499999999999911e+00,1.562749999999999950e+01,1.552687500000000043e+01
2.430000000000000000e+03,1.188537597656250000e+02,3.935000000000000053e+00,1.559999999999999964e+01,1.554492187500000000e+01
2.430099999999999909e+03,1.190917968750000000e+02,3.967500000000000249e+00,1.564749999999999908e+01,1.547109375000000142e+01
2.430199999999999818e+03,1.186340332031250000e+02,3.987499999999999822e+00,1.552999999999999936e+01,1.546726562500000135e+01
2.430300000000000182e+03,1.192565917968750000e+02,3.990000000000000213e+00,1.553999999999999915e+01,1.549679687500000114e+01
2.430400000000000091e+03,1.198242187500000000e+02,4.044999999999999929e+00,1.562999999999999901e+01,1.542460937500000107e+01
2.430500000000000000e+03,1.208679199218750000e+02,4.019999999999999574e+00,1.577500000000000036e+01,1.542351562500000028e+01
2.430599999999999909e+03,1.208679199218750000e+02,4.047500000000000320e+00,1.526750000000000007e+01,1.547054687500000014e+01
2.430699999999999818e+03,1.204833984375000000e+02,4.035000000000000142e+00,1.582499999999999929e+01,1.546726562500000135e+01
2.430800000000000182e+03,1.210876464843750000e+02,4.075000000000000178e+00,1.545999999999999908e+01,1.544429687500000092e+01
2.430900000000000091e+03,1.220947265625000000e+02,4.072499999999999787e+00,1.566000000000000014e+01,1.538523437500000135e+01
2.431000000000000000e+03,1.226806640625000000e+02,4.129999999999999893e+00,1.567999999999999972e+01,1.542296875000000078e+01
2.431099999999999909e+03,1.226989746093750000e+02,4.112499999999999822e+00,1.576999999999999957e+01,1.546453125000000028e+01
2.431199999999999818e+03,1.222595214843750000e+02,4.147499999999999964e+00,1.576999999999999957e+01,1.545359375000000135e+01
2.431300000000000182e+03,1.234313964843750000e+02,4.167500000000000426e+00,1.558000000000000007e+01,1.544429687500000092e+01
2.431400000000000091e+03,1.229370117187500000e+02,4.172500000000000320e+00,1.565000000000000036e+01,1.544812500000000099e+01
2.431500000000000000e+03,1.234130859375000000e+02,4.202500000000000568e+00,1.558000000000000007e+01,1.550281250000000099e+01
2.431599999999999909e+03,1.234130859375000000e+02,4.189999999999999503e+00,1.541999999999999993e+01,1.544375000000000142e+01
2.431699999999999818e+03,1.229553222656250000e+02,4.230000000000000426e+00,1.548000000000000043e+01,1.544484375000000043e+01
2.431800000000000182e+03,1.235412597656250000e+02,1.812499999999994671e-02,1.533999999999999986e+01,-1.859375000000085265e-02
2.431900000000000091e+03,1.229736328125000000e+02,2.812499999999973355e-02,1.563499999999999979e+01,-5.304687500000060396e-02
2.432000000000000000e+03,1.234130859375000000e+02,3.562500000000001776e-02,1.567999999999999972e+01,-1.093750000000071054e-02
2.432099999999999909e+03,1.234313964843750000e+02,5.312500000000008882e-02,1.582499999999999929e+01,-4.921875000000852651e-03
2.432199999999999818e+03,1.229553222656250000e+02,2.312499999999984013e-02,1.564000000000000057e+01,-4.320312500000067502e-02
2.432300000000000182e+03,1.235595703125000000e+02,-1.875000000000071054e-03,1.551999999999999957e+01,-1.968750000000074607e-02
2.432400000000000091e+03,1.229370117187500000e+02,1.562500000000000000e-02,1.566999999999999993e+01,-4.648437500000035527e-02
2.432500000000000000e+03,1.233947753906250000e+02,3.562500000000001776e-02,1.548749999999999893e+01,-4.320312500000067502e-02
2.432599999999999909e+03,1.225891113281250000e+02,4.312499999999985789e-02,1.580250000000000021e+01,-6.125000000000024869e-02
2.432699999999999818e+03,1.219116210937500000e+02,5.812499999999998224e-02,1.558000000000000007e+01,-3.773437500000031974e-02
2.432800000000000182e+03,1.224975585937500000e+02,3.562500000000001776e-02,1.549000000000000021e+01,-3.390625000000024869e-02
2.432900000000000091e+03,1.218750000000000000e+02,4.062499999999991118e-02,1.556000000000000050e+01,-4.812500000000063949e-02
2.433000000000000000e+03,1.220581054687500000e+02,5.312500000000008882e-02,1.566750000000000043e+01,-6.398437500000042633e-02
2.433099999999999909e+03,1.197326660156250000e+02,4.812499999999975131e-02,1.550999999999999979e+01,-2.679687500000049738e-02
2.433199999999999818e+03,1.191650390625000000e+02,4.312499999999985789e-02,1.557750000000000057e+01,-1.203125000000060396e-02
2.433300000000000182e+03,1.197692871093750000e+02,6.562499999999982236e-02,1.552500000000000036e+01,-6.070312500000074607e-02
2.433400000000000091e+03,1.191284179687500000e+02,-6.499999999999994671e-02,1.545999999999999908e+01,-4.703125000000074607e-02
2.433500000000000000e+03,1.162536621093750000e+02,5.312500000000008882e-02,1.572749999999999915e+01,-2.570312500000060396e-02
2.433599999999999909e+03,1.157958984375000000e+02,5.812499999999998224e-02,1.551999999999999957e+01,-2.570312500000060396e-02
2.433699999999999818e+03,1.152099609375000000e+02,4.062499999999991118e-02,1.581499999999999950e+01,-6.507812500000031974e-02
2.433800000000000182e+03,1.158325195312500000e+02,1.562500000000000000e-02,1.555749999999999922e+01,-5.578125000000078160e-02
2.433900000000000091e+03,1.134338378906250000e+02,1.812499999999994671e-02,1.554749999999999943e+01,-8.257812500000039080e-02
2.434000000000000000e+03,1.117858886718750000e+02,3.562500000000001776e-02,1.551750000000000007e+01,-1.695312500000056843e-02
2.434099999999999909e+03,1.117309570312500000e+02,-3.312500000000007105e-02,1.542750000000000021e+01,-1.585937500000067502e-02
2.434199999999999818e+03,1.112182617187500000e+02,1.562500000000000000e-02,1.540750000000000064e+01,-1.148437500000110134e-02
2.434300000000000182e+03,1.118225097656250000e+02,6.812499999999976907e-02,1.569999999999999929e+01,-5.742187500000106581e-02
2.434400000000000091e+03,1.082336425781250000e+02,1.312500000000005329e-02,1.550000000000000000e+01,-4.101562500000088818e-02
2.434500000000000000e+03,1.083801269531250000e+02,1.562500000000000000e-02,1.544749999999999979e+01,-5.906250000000046185e-02
2.434599999999999909e+03,1.083984375000000000e+02,1.812499999999994671e-02,1.557000000000000028e+01,-6.289062500000053291e-02
2.434699999999999818e+03,1.079406738281250000e+02,5.812499999999998224e-02,1.573000000000000043e+01,-8.421875000000067502e-02
2.434800000000000182e+03,1.064758300781250000e+02,4.062499999999991118e-02,1.558999999999999986e+01,2.734374999999911182e-02
2.434900000000000091e+03,1.052124023437500000e+02,2.562499999999978684e-02,1.574000000000000021e+01,-3.882812500000110134e-02
2.435000000000000000e+03,1.055053710937500000e+02,8.124999999999715783e-03,1.543999999999999950e+01,-3.554687500000053291e-02
2.435099999999999909e+03,1.055786132812500000e+02,4.562499999999980460e-02,1.591249999999999964e+01,8.203124999999644729e-03
2.435199999999999818e+03,1.048645019531250000e+02,4.312499999999985789e-02,1.536999999999999922e+01,-3.554687500000053291e-02
2.435300000000000182e+03,1.033996582031250000e+02,3.062500000000012434e-02,1.544999999999999929e+01,-6.945312500000078160e-02
2.435400000000000091e+03,1.027587890625000000e+02,4.312499999999985789e-02,1.551999999999999957e+01,-3.828125000000071054e-02
2.435500000000000000e+03,1.031250000000000000e+02,4.812499999999975131e-02,1.573000000000000043e+01,-7.109375000000106581e-02
2.435599999999999909e+03,1.031982421875000000e+02,3.812499999999996447e-02,1.560749999999999993e+01,-8.367187500000028422e-02
2.435699999999999818e+03,1.007446289062500000e+02,4.812499999999975131e-02,1.559999999999999964e+01,-2.843750000000078160e-02
2.435800000000000182e+03,1.009643554687500000e+02,5.812499999999998224e-02,1.545999999999999908e+01,-1.093750000000071054e-02
2.435900000000000091e+03,1.005065917968750000e+02,1.812499999999994671e-02,1.578999999999999915e+01,-4.921875000000053291e-02
2.436000000000000000e+03,1.008178710937500000e+02,4.812499999999975131e-02,1.577249999999999908e+01,-1.039062500000031974e-02
2.436099999999999909e+03,9.995727539062500000e+01,4.312499999999985789e-02,1.560999999999999943e+01,-6.015625000000746070e-03
2.436199999999999818e+03,9.845581054687500000e+01,3.812499999999996447e-02,1.549750000000000050e+01,-6.398437500000042633e-02
2.436300000000000182e+03,9.902343750000000000e+01,4.562499999999980460e-02,1.560999999999999943e+01,-9.187500000000081712e-02
2.436400000000000091e+03,9.851074218750000000e+01,3.062500000000012434e-02,1.564000000000000057e+01,-1.039062500000031974e-02
2.436500000000000000e+03,9.880371093750000000e+01,4.312499999999985789e-02,1.566999999999999993e+01,-3.718750000000081712e-02
2.436599999999999909e+03,9.717407226562500000e+01,6.562499999999982236e-02,1.575499999999999901e+01,-4.375000000000106581e-02
2.436699999999999818e+03,9.655151367187500000e+01,4.312499999999985789e-02,1.564749999999999908e+01,-3.554687500000053291e-02
2.436800000000000182e+03,9.708251953125000000e+01,5.312500000000008882e-02,1.552999999999999936e+01,2.351562499999904077e-02
2.436900000000000091e+03,9.662475585937500000e+01,7.812500000000000000e-02,1.541750000000000043e+01,-1.421875000000039080e-02
2.437000000000000000e+03,9.558105468750000000e+01,4.812499999999975131e-02,1.546749999999999936e+01,1.367187499999911182e-02
2.437099999999999909e+03,9.525146484375000000e+01,4.312499999999985789e-02,1.586749999999999972e+01,-3.500000000000103029e-02
2.437199999999999818e+03,9.473876953125000000e+01,3.562500000000001776e-02,1.546749999999999936e+01,-4.046875000000049738e-02
2.437300000000000182e+03,9.526977539062500000e+01,4.812499999999975131e-02,1.551999999999999957e+01,-8.039062500000060396e-02
2.437400000000000091e+03,9.462890625000000000e+01,3.062500000000012434e-02,1.552999999999999936e+01,-7.328125000000085265e-02
2.437500000000000000e+03,9.353027343750000000e+01,1.312500000000005329e-02,1.550999999999999979e+01,-2.187500000000053291e-02
2.437599999999999909e+03,9.356689453125000000e+01,3.312500000000007105e-02,1.574000000000000021e+01,-2.296875000000042633e-02
2.437699999999999818e+03,9.312744140625000000e+01,4.562499999999980460e-02,1.544999999999999929e+01,4.703124999999896971e-02
2.437800000000000182e+03,9.369506835937500000e+01,3.562500000000001776e-02,1.540750000000000064e+01,-7.820312500000081712e-02
2.437900000000000091e+03,9.188232421875000000e+01,4.812499999999975131e-02,1.573000000000000043e+01,-4.648437500000035527e-02
2.438000000000000000e+03,9.188232421875000000e+01,9.187499999999992895e-02,1.575000000000000000e+01,-6.562500000000248690e-03
2.438099999999999909e+03,9.199218750000000000e+01,5.812499999999998224e-02,1.557000000000000028e+01,-4.320312500000067502e-02
2.438199999999999818e+03,9.151611328125000000e+01,5.062500000000014211e-02,1.562999999999999901e+01,-6.398437500000042633e-02
2.438300000000000182e+03,9.131469726562500000e+01,4.812499999999975131e-02,1.558999999999999986e+01,-4.320312500000067502e-02
2.438400000000000091e+03,9.017944335937500000e+01,1.312500000000005329e-02,1.561500000000000021e+01,-2.515625000000110134e-02
2.438500000000000000e+03,9.036254882812500000e+01,2.812499999999973355e-02,1.563499999999999979e+01,-6.617187500000110134e-02
2.438599999999999909e+03,9.047241210937500000e+01,6.562499999999982236e-02,1.568500000000000050e+01,-5.906250000000046185e-02
2.438699999999999818e+03,8.997802734375000000e+01,5.812499999999998224e-02,1.570749999999999957e+01,-1.804687500000046185e-02
2.438800000000000182e+03,8.915405273437500000e+01,2.812499999999973355e-02,1.557000000000000028e+01,-6.671875000000060396e-02
2.438900000000000091e+03,8.865966796875000000e+01,1.562500000000000000e-02,1.542999999999999972e+01,-6.617187500000110134e-02
2.439000000000000000e+03,8.886108398437500000e+01,5.624999999999769074e-03,1.558000000000000007e+01,-1.968750000000074607e-02
2.439099999999999909e+03,8.897094726562500000e+01,2.812499999999973355e-02,1.549000000000000021e+01,-8.804687500000074607e-02
2.439199999999999818e+03,8.745117187500000000e+01,5.062500000000014211e-02,1.535999999999999943e+01,1.640624999999396039e-03
2.439300000000000182e+03,8.765258789062500000e+01,3.562500000000001776e-02,1.564749999999999908e+01,-7.109375000000639488e-03
2.439400000000000091e+03,8.724975585937500000e+01,5.062500000000014211e-02,1.566000000000000014e+01,-5.742187500000106581e-02
2.439500000000000000e+03,8.746948242187500000e+01,2.812499999999973355e-02,1.535749999999999993e+01,-6.453125000000081712e-02
2.439599999999999909e+03,8.735961914062500000e+01,5.062500000000014211e-02,1.548749999999999893e+01,-4.210937500000078160e-02
2.439699999999999818e+03,8.572998046875000000e+01,1.312500000000005329e-02,1.549000000000000021e+01,-1.148437500000110134e-02
2.439800000000000182e+03,8.622436523437500000e+01,3.562500000000001776e-02,1.562749999999999950e+01,-6.234375000000103029e-02
2.439900000000000091e+03,8.585815429687500000e+01,4.062499999999991118e-02,1.556749999999999901e+01,-6.179687500000063949e-02
2.440000000000000000e+03,8.604125976562500000e+01,5.812499999999998224e-02,1.566999999999999993e+01,-6.343750000000092371e-02
2.440099999999999909e+03,8.503417968750000000e+01,2.062499999999989342e-02,1.552749999999999986e+01,-3.171875000000046185e-02
2.440199999999999818e+03,8.442993164062500000e+01,2.562499999999978684e-02,1.525499999999999901e+01,5.960937499999907629e-02
2.440300000000000182e+03,8.492431640625000000e+01,2.062499999999989342e-02,1.572000000000000064e+01,-6.289062500000053291e-02
2.440400000000000091e+03,8.459472656250000000e+01,5.812499999999998224e-02,1.555749999999999922e+01,-2.242187500000092371e-02
2.440500000000000000e+03,8.408203125000000000e+01,4.018749999999999822e-01,1.564499999999999957e+01,1.093749999999893419e-02
2.440599999999999909e+03,8.358764648437500000e+01,3.562500000000001776e-02,1.542750000000000021e+01,1.039062499999943157e-02
2.440699999999999818e+03,8.311157226562500000e+01,6.812499999999976907e-02,1.534999999999999964e+01,-1.585937500000067502e-02
2.440800000000000182e+03,8.366088867187500000e+01,3.562500000000001776e-02,1.566000000000000014e+01,-6.289062500000053291e-02
2.440900000000000091e+03,8.327636718750000000e+01,4.312499999999985789e-02,1.550000000000000000e+01,-3.281250000000035527e-02
2.441000000000000000e+03,8.223266601562500000e+01,5.562500000000003553e-02,1.534999999999999964e+01,-3.718750000000081712e-02
2.441099999999999909e+03,8.230590820312500000e+01,5.062500000000014211e-02,1.558999999999999986e+01,-1.968750000000074607e-02
2.441199999999999818e+03,8.181152343750000000e+01,7.312500000000010658e-02,1.552500000000000036e+01,-4.375000000000106581e-02
2.441300000000000182e+03,8.232421875000000000e+01,3.812499999999996447e-02,1.562999999999999901e+01,-7.656250000001030287e-03
2.441400000000000091e+03,8.115234375000000000e+01,4.062499999999991118e-02,1.548000000000000043e+01,-7.656250000000053291e-02
2.441500000000000000e+03,8.098754882812500000e+01,6.312499999999987566e-02,1.561999999999999922e+01,-4.320312500000067502e-02
2.441599999999999909e+03,8.106079101562500000e+01,5.812499999999998224e-02,1.552749999999999986e+01,3.882812499999932498e-02
2.441699999999999818e+03,8.062133789062500000e+01,2.312499999999984013e-02,1.547749999999999915e+01,-9.460937500000099476e-02
2.441800000000000182e+03,8.096923828125000000e+01,4.562499999999980460e-02,1.535999999999999943e+01,-3.828125000000959233e-03
2.441900000000000091e+03,7.959594726562500000e+01,3.812499999999996447e-02,1.565499999999999936e+01,-2.023437500000024869e-02
2.442000000000000000e+03,7.961425781250000000e+01,5.062500000000014211e-02,1.562500000000000000e+01,-5.851562500000095923e-02
2.442099999999999909e+03,7.976074218750000000e+01,4.312499999999985789e-02,1.532750000000000057e+01,-8.203125000000088818e-02
2.442199999999999818e+03,7.930297851562500000e+01,3.312500000000007105e-02,1.575999999999999979e+01,-6.234375000000103029e-02
2.442300000000000182e+03,7.877197265625000000e+01,6.562499999999982236e-02,1.543750000000000000e+01,-6.398437500000042633e-02
2.442400000000000091e+03,7.833251953125000000e+01,3.312500000000007105e-02,1.556499999999999950e+01,-1.750000000000095923e-02
2.442500000000000000e+03,7.844238281250000000e+01,2.812499999999973355e-02,1.556000000000000050e+01,-5.468750000000088818e-02
2.442599999999999909e+03,7.857055664062500000e+01,5.312500000000008882e-02,1.555749999999999922e+01,-2.296875000000042633e-02
2.442699999999999818e+03,7.760009765625000000e+01,5.812499999999998224e-02,1.554999999999999893e+01,7.109374999999751310e-03
2.442800000000000182e+03,7.750854492187500000e+01,5.812499999999998224e-02,1.553500000000000014e+01,-2.460937500000071054e-02
2.442900000000000091e+03,7.717895507812500000e+01,6.062499999999992895e-02,1.568500000000000050e+01,-1.367187500000088818e-02
2.443000000000000000e+03,7.734375000000000000e+01,4.812499999999975131e-02,1.569999999999999929e+01,-3.171875000000046185e-02
2.443099999999999909e+03,7.743530273437500000e+01,6.062499999999992895e-02,1.575999999999999979e+01,-1.804687500000046185e-02
2.443199999999999818e+03,7.600708007812500000e+01,4.312499999999985789e-02,1.559750000000000014e+01,-7.273437500000046185e-02
2.443300000000000182e+03,7.635498046875000000e+01,4.062499999999991118e-02,1.575000000000000000e+01,-2.679687500000049738e-02
2.443400000000000091e+03,7.609863281250000000e+01,2.812499999999973355e-02,1.559999999999999964e+01,4.374999999999573674e-03
2.443500000000000000e+03,7.626342773437500000e+01,5.312500000000008882e-02,1.564749999999999908e+01,3.281249999999680256e-03
2.443599999999999909e+03,7.564086914062500000e+01,1.562500000000000000e-02,1.567999999999999972e+01,-8.881784197001252323e-16
2.443699999999999818e+03,7.481689453125000000e+01,6.312499999999987566e-02,1.556749999999999901e+01,-4.375000000000461853e-03
2.443800000000000182e+03,7.527465820312500000e+01,4.562499999999980460e-02,1.555749999999999922e+01,6.562499999999360512e-03
2.443900000000000091e+03,7.498168945312500000e+01,2.812499999999973355e-02,1.563749999999999929e+01,-2.679687500000049738e-02
2.444000000000000000e+03,7.510986328125000000e+01,4.062499999999991118e-02,1.568999999999999950e+01,-8.531250000000056843e-02
2.444099999999999909e+03,7.419433593750000000e+01,2.312499999999984013e-02,1.568750000000000000e+01,-7.054687500000067502e-02
2.444199999999999818e+03,7.369995117187500000e+01,4.562499999999980460e-02,1.558750000000000036e+01,-6.671875000000060396e-02
2.444300000000000182e+03,7.421264648437500000e+01,4.062499999999991118e-02,1.573000000000000043e+01,-5.742187500000106581e-02
2.444400000000000091e+03,7.388305664062500000e+01,2.812499999999973355e-02,1.570749999999999957e+01,-5.085937500000081712e-02
2.444500000000000000e+03,7.320556640625000000e+01,2.562499999999978684e-02,1.572000000000000064e+01,-1.115625000000006750e-01
2.444599999999999909e+03,7.313232421875000000e+01,3.062500000000012434e-02,1.563749999999999929e+01,-8.039062500000060396e-02
2.444699999999999818e+03,7.271118164062500000e+01,4.312499999999985789e-02,1.558750000000000036e+01,-5.031250000000042633e-02
2.444800000000000182e+03,7.320556640625000000e+01,3.312500000000007105e-02,1.539749999999999908e+01,-1.804687500000046185e-02
2.444900000000000091e+03,7.260131835937500000e+01,3.312500000000007105e-02,1.566750000000000043e+01,-6.835937500000088818e-02
2.445000000000000000e+03,7.207031250000000000e+01,1.062500000000010658e-02,1.556000000000000050e+01,-3.828125000000071054e-02
2.445099999999999909e+03,7.216186523437500000e+01,2.062499999999989342e-02,1.538749999999999929e+01,-5.632812500000028422e-02
2.445199999999999818e+03,7.174072265625000000e+01,5.312500000000008882e-02,1.543750000000000000e+01,-8.750000000000923706e-03
2.445300000000000182e+03,7.218017578125000000e+01,4.812499999999975131e-02,1.554999999999999893e+01,2.023437499999936051e-02
2.445400000000000091e+03,7.091674804687500000e+01,2.812499999999973355e-02,1.554999999999999893e+01,-7.109375000000639488e-03
2.445500000000000000e+03,7.091674804687500000e+01,4.312499999999985789e-02,1.551500000000000057e+01,-1.039062500000031974e-02
2.445599999999999909e+03,7.104492187500000000e+01,6.062499999999992895e-02,1.548000000000000043e+01,-6.070312500000074607e-02
2.445699999999999818e+03,7.062377929687500000e+01,4.062499999999991118e-02,1.587500000000000000e+01,-2.296875000000042633e-02
2.445800000000000182e+03,7.051391601562500000e+01,3.562500000000001776e-02,1.591499999999999915e+01,-2.843750000000078160e-02
2.445900000000000091e+03,6.992797851562500000e+01,5.062500000000014211e-02,1.547749999999999915e+01,-2.843750000000078160e-02
2.446000000000000000e+03,7.000122070312500000e+01,2.018749999999998046e-01,1.574750000000000050e+01,-4.648437500000035527e-02
2.446099999999999909e+03,7.012939453125000000e+01,1.562500000000000000e-02,1.568999999999999950e+01,-7.328125000000085265e-02
2.446199999999999818e+03,6.974487304687500000e+01,4.312499999999985789e-02,1.553749999999999964e+01,-3.171875000000046185e-02
2.446300000000000182e+03,6.919555664062500000e+01,6.562499999999982236e-02,1.572000000000000064e+01,-1.476562500000078160e-02
2.446400000000000091e+03,6.886596679687500000e+01,7.812500000000000000e-02,1.561999999999999922e+01,-2.132812500000103029e-02
2.446500000000000000e+03,6.901245117187500000e+01,4.312499999999985789e-02,1.560999999999999943e+01,-6.343750000000092371e-02
2.446599999999999909e+03,6.914062500000000000e+01,5.562500000000003553e-02,1.566000000000000014e+01,-4.265625000000028422e-02
2.446699999999999818e+03,6.804199218750000000e+01,5.812499999999998224e-02,1.555749999999999922e+01,-1.804687500000046185e-02
2.446800000000000182e+03,6.824340820312500000e+01,4.062499999999991118e-02,1.556499999999999950e+01,-6.179687500000063949e-02
2.446900000000000091e+03,6.804199218750000000e+01,1.812499999999994671e-02,1.559999999999999964e+01,-1.968750000000074607e-02
2.447000000000000000e+03,6.809692382812500000e+01,5.812499999999998224e-02,1.589250000000000007e+01,-5.140625000000031974e-02
2.447099999999999909e+03,6.804199218750000000e+01,5.562500000000003553e-02,1.568999999999999950e+01,-4.921875000000053291e-02
2.447199999999999818e+03,6.694335937500000000e+01,3.062500000000012434e-02,1.545749999999999957e+01,-6.671875000000060396e-02
2.447300000000000182e+03,6.734619140625000000e+01,2.062499999999989342e-02,1.568999999999999950e+01,-6.617187500000110134e-02
2.447400000000000091e+03,6.714477539062500000e+01,6.312499999999987566e-02,1.556000000000000050e+01,-3.281250000000035527e-02
2.447500000000000000e+03,6.721801757812500000e+01,4.312499999999985789e-02,1.582249999999999979e+01,-2.679687500000049738e-02
2.447599999999999909e+03,6.655883789062500000e+01,5.624999999999769074e-03,1.576500000000000057e+01,-6.289062500000053291e-02
2.447699999999999818e+03,6.602783203125000000e+01,6.562499999999982236e-02,1.569999999999999929e+01,-6.726562500000099476e-02
2.447800000000000182e+03,6.646728515625000000e+01,3.062500000000012434e-02,1.569749999999999979e+01,5.468749999995026201e-04
2.447900000000000091e+03,6.622924804687500000e+01,5.312500000000008882e-02,1.540000000000000036e+01,-4.484375000000095923e-02
2.448000000000000000e+03,6.586303710937500000e+01,-1.875000000000071054e-03,1.566750000000000043e+01,-2.953125000000067502e-02
2.448099999999999909e+03,6.557006835937500000e+01,3.124999999999822364e-03,1.539749999999999908e+01,-3.007812500000106581e-02
2.448199999999999818e+03,6.511230468750000000e+01,4.312499999999985789e-02,1.573000000000000043e+01,-3.335937500000074607e-02
2.448300000000000182e+03,6.558837890625000000e+01,6.812499999999976907e-02,1.560749999999999993e+01,-4.265625000000028422e-02
2.448400000000000091e+03,6.533203125000000000e+01,3.312500000000007105e-02,1.564000000000000057e+01,-6.890625000000039080e-02
2.448500000000000000e+03,6.463623046875000000e+01,4.312499999999985789e-02,1.561999999999999922e+01,-2.351562500000081712e-02
2.448599999999999909e+03,6.472778320312500000e+01,2.562499999999978684e-02,1.573749999999999893e+01,-2.898437500000028422e-02
2.448699999999999818e+03,6.434326171875000000e+01,3.562500000000001776e-02,1.547749999999999915e+01,1.421874999999950262e-02
2.448800000000000182e+03,6.472778320312500000e+01,7.812500000000000000e-02,1.548749999999999893e+01,-2.187500000000053291e-02
2.448900000000000091e+03,6.399536132812500000e+01,2.062499999999989342e-02,1.566999999999999993e+01,-5.632812500000028422e-02
2.449000000000000000e+03,6.379394531250000000e+01,4.812499999999975131e-02,1.566999999999999993e+01,-3.718750000000081712e-02
2.449099999999999909e+03,6.392211914062500000e+01,-1.875000000000071054e-03,1.556000000000000050e+01,-8.881784197001252323e-16
2.449199999999999818e+03,6.353759765625000000e+01,5.062500000000014211e-02,1.554999999999999893e+01,-6.781250000000049738e-02
2.449300000000000182e+03,6.384887695312500000e+01,5.312500000000008882e-02,1.566000000000000014e+01,-4.976562500000092371e-02
2.449400000000000091e+03,6.295166015625000000e+01,3.062500000000012434e-02,1.531000000000000050e+01,-4.976562500000092371e-02
2.449500000000000000e+03,6.300659179687500000e+01,3.062500000000012434e-02,1.558750000000000036e+01,-7.328125000000085265e-02
2.449599999999999909e+03,6.309814453125000000e+01,6.062499999999992895e-02,1.554999999999999893e+01,-1.257812500000099476e-02
2.449699999999999818e+03,6.271362304687500000e+01,5.062500000000014211e-02,1.561999999999999922e+01,-2.351562500000081712e-02
2.449800000000000182e+03,6.249389648437500000e+01,-6.125000000000024869e-02,1.559750000000000014e+01,1.859374999999907629e-02
2.449900000000000091e+03,6.212768554687500000e+01,3.562500000000001776e-02,1.556499999999999950e+01,-2.187500000000675016e-03
2.450000000000000000e+03,6.216430664062500000e+01,3.562500000000001776e-02,1.563749999999999929e+01,-5.195312500000071054e-02
2.450099999999999909e+03,6.231079101562500000e+01,4.062499999999991118e-02,1.553999999999999915e+01,-4.046875000000049738e-02
2.450199999999999818e+03,6.165161132812500000e+01,2.312499999999984013e-02,1.589499999999999957e+01,-1.055468750000008171e-01
2.450300000000000182e+03,6.152343750000000000e+01,4.562499999999980460e-02,1.582499999999999929e+01,-5.578125000000078160e-02
2.450400000000000091e+03,6.134033203125000000e+01,6.562499999999982236e-02,1.566750000000000043e+01,-4.867187500000103029e-02
2.450500000000000000e+03,6.137695312500000000e+01,5.562500000000003553e-02,1.565000000000000036e+01,-5.140625000000031974e-02
2.450599999999999909e+03,6.150512695312500000e+01,4.812499999999975131e-02,1.547000000000000064e+01,-2.296875000000042633e-02
2.450699999999999818e+03,6.047973632812500000e+01,5.062500000000014211e-02,1.553749999999999964e+01,-1.257812500000099476e-02
2.450800000000000182e+03,6.082763671875000000e+01,2.312499999999984013e-02,1.575999999999999979e+01,-6.671875000000060396e-02
2.450900000000000091e+03,6.062622070312500000e+01,4.062499999999991118e-02,1.559500000000000064e+01,-5.851562500000095923e-02
2.451000000000000000e+03,6.066284179687500000e+01,3.312500000000007105e-02,1.573749999999999893e+01,-8.421875000000067502e-02
2.451099999999999909e+03,6.033325195312500000e+01,4.312499999999985789e-02,1.567999999999999972e+01,-2.953125000000067502e-02
2.451199999999999818e+03,5.961914062500000000e+01,5.562500000000003553e-02,1.566999999999999993e+01,-4.375000000000106581e-02
2.451300000000000182e+03,6.004028320312500000e+01,5.062500000000014211e-02,1.578999999999999915e+01,2.351562499999904077e-02
2.451400000000000091e+03,5.985717773437500000e+01,5.312500000000008882e-02,1.557000000000000028e+01,-9.570312500000088818e-02
2.451500000000000000e+03,5.985717773437500000e+01,2.062499999999989342e-02,1.564000000000000057e+01,-4.593750000000085265e-02
2.451599999999999909e+03,5.932617187500000000e+01,2.312499999999984013e-02,1.574000000000000021e+01,-1.421875000000039080e-02
2.451699999999999818e+03,5.890502929687500000e+01,6.312499999999987566e-02,1.550499999999999901e+01,-3.554687500000053291e-02
2.451800000000000182e+03,5.928955078125000000e+01,6.812499999999976907e-02,1.557000000000000028e+01,-2.734375000000088818e-02
2.451900000000000091e+03,5.914306640625000000e+01,5.062500000000014211e-02,1.565000000000000036e+01,-4.484375000000095923e-02
2.452000000000000000e+03,5.863037109375000000e+01,3.062500000000012434e-02,1.555749999999999922e+01,-1.039062500000031974e-02
2.452099999999999909e+03,5.863037109375000000e+01,1.812499999999994671e-02,1.562749999999999950e+01,2.296874999999953815e-02
2.452199999999999818e+03,5.824584960937500000e+01,6.062499999999992895e-02,1.562749999999999950e+01,-3.718750000000081712e-02
2.452300000000000182e+03,5.863037109375000000e+01,3.312500000000007105e-02,1.564000000000000057e+01,-4.539062500000046185e-02
2.452400000000000091e+03,5.826416015625000000e+01,3.062500000000012434e-02,1.562999999999999901e+01,5.468749999999467093e-03
2.452500000000000000e+03,5.778808593750000000e+01,5.812499999999998224e-02,1.553999999999999915e+01,-8.367187500000028422e-02
2.452599999999999909e+03,5.789794921875000000e+01,5.062500000000014211e-02,1.566999999999999993e+01,-4.921875000000053291e-02
2.452699999999999818e+03,5.753173828125000000e+01,3.062500000000012434e-02,1.548749999999999893e+01,-3.062500000000056843e-02
2.452800000000000182e+03,5.793457031250000000e+01,4.062499999999991118e-02,1.560999999999999943e+01,-5.851562500000095923e-02
2.452900000000000091e+03,5.722045898437500000e+01,1.062500000000010658e-02,1.548749999999999893e+01,-1.968750000000074607e-02
2.453000000000000000e+03,5.712890625000000000e+01,4.062499999999991118e-02,1.550750000000000028e+01,-7.546875000000063949e-02
2.453099999999999909e+03,5.731201171875000000e+01,3.312500000000007105e-02,1.566000000000000014e+01,-3.828125000000959233e-03
2.453199999999999818e+03,5.690917968750000000e+01,4.812499999999975131e-02,1.561749999999999972e+01,-5.304687500000060396e-02
2.453300000000000182e+03,5.694580078125000000e+01,6.312499999999987566e-02,1.550499999999999901e+01,-1.028125000000006395e-01
2.453400000000000091e+03,5.645141601562500000e+01,2.812499999999973355e-02,1.562749999999999950e+01,-2.406250000000031974e-02
2.453500000000000000e+03,5.646972656250000000e+01,3.312500000000007105e-02,1.558999999999999986e+01,-4.757812500000024869e-02
2.453599999999999909e+03,5.661621093750000000e+01,1.312500000000005329e-02,1.550000000000000000e+01,-7.492187500000024869e-02
2.453699999999999818e+03,5.621337890625000000e+01,5.312500000000008882e-02,1.575000000000000000e+01,2.187499999998898659e-03
2.453800000000000182e+03,5.606689453125000000e+01,4.812499999999975131e-02,1.550999999999999979e+01,-6.015625000000746070e-03
2.453900000000000091e+03,5.581054687500000000e+01,7.312500000000010658e-02,1.545999999999999908e+01,-3.937500000000060396e-02
2.454000000000000000e+03,5.586547851562500000e+01,4.562499999999980460e-02,1.574249999999999972e+01,-3.445312500000063949e-02
2.454099999999999909e+03,5.603027343750000000e+01,6.062499999999992895e-02,1.583499999999999908e+01,-1.312500000000049738e-02
2.454199999999999818e+03,5.511474609375000000e+01,3.062500000000012434e-02,1.556000000000000050e+01,-2.679687500000049738e-02
2.454300000000000182e+03,5.529785156250000000e+01,5.812499999999998224e-02,1.569999999999999929e+01,-5.742187500000106581e-02
2.454400000000000091e+03,5.515136718750000000e+01,2.312499999999984013e-02,1.562749999999999950e+01,1.093749999999893419e-02
2.454500000000000000e+03,5.515136718750000000e+01,6.812499999999976907e-02,1.589749999999999908e+01,-8.257812500000039080e-02
2.454599999999999909e+03,5.524291992187500000e+01,-6.874999999999964473e-03,1.539000000000000057e+01,-7.765625000000042633e-02
2.454699999999999818e+03,5.438232421875000000e+01,3.812499999999996447e-02,1.575499999999999901e+01,1.421874999999950262e-02
2.454800000000000182e+03,5.471191406250000000e+01,5.562500000000003553e-02,1.547749999999999915e+01,-2.570312500000060396e-02
2.454900000000000091e+03,5.456542968750000000e+01,2.562499999999978684e-02,1.566750000000000043e+01,1.531249999999939604e-02
2.455000000000000000e+03,5.456542968750000000e+01,3.562500000000001776e-02,1.558750000000000036e+01,-1.367187500000088818e-02
2.455099999999999909e+03,5.421752929687500000e+01,2.312499999999984013e-02,1.551750000000000007e+01,-6.726562500000099476e-02
2.455199999999999818e+03,5.372314453125000000e+01,3.062500000000012434e-02,1.558750000000000036e+01,-2.023437500000024869e-02
2.455300000000000182e+03,5.408935546875000000e+01,4.312499999999985789e-02,1.558000000000000007e+01,-2.570312500000060396e-02
2.455400000000000091e+03,5.394287109375000000e+01,4.562499999999980460e-02,1.553500000000000014e+01,-3.554687500000053291e-02
2.455500000000000000e+03,5.374145507812500000e+01,5.812499999999998224e-02,1.558000000000000007e+01,-2.843750000000078160e-02
2.455599999999999909e+03,5.354003906250000000e+01,4.812499999999975131e-02,1.556749999999999901e+01,-1.804687500000046185e-02
2.455699999999999818e+03,5.313720703125000000e+01,-3.931249999999999467e-01,1.575499999999999901e+01,-5.304687500000060396e-02
2.455800000000000182e+03,5.354003906250000000e+01,4.312499999999985789e-02,1.541750000000000043e+01,-4.921875000000852651e-03
2.455900000000000091e+03,5.335693359375000000e+01,6.062499999999992895e-02,1.553999999999999915e+01,-4.265625000000028422e-02
2.456000000000000000e+03,5.324707031250000000e+01,2.312499999999984013e-02,1.557000000000000028e+01,-7.765625000000042633e-02
2.456099999999999909e+03,5.354003906250000000e+01,9.499999999999975131e-02,1.555499999999999972e+01,1.585937499999889866e-02
2.456199999999999818e+03,5.321044921875000000e+01,2.312499999999984013e-02,1.561749999999999972e+01,-8.257812500000039080e-02
2.456300000000000182e+03,5.350341796875000000e+01,4.312499999999985789e-02,1.572000000000000064e+01,-1.640625000000106581e-02
2.456400000000000091e+03,5.333862304687500000e+01,4.812499999999975131e-02,1.546749999999999936e+01,-8.859375000000024869e-02
2.456500000000000000e+03,5.339355468750000000e+01,4.312499999999985789e-02,1.539749999999999908e+01,-8.640625000000046185e-02
2.456599999999999909e+03,5.350341796875000000e+01,2.312499999999984013e-02,1.542999999999999972e+01,-5.578125000000078160e-02
2.456699999999999818e+03,5.317382812500000000e+01,2.812499999999973355e-02,1.558499999999999908e+01,-4.976562500000092371e-02
2.456800000000000182e+03,5.348510742187500000e+01,4.786249999999999893e+00,1.543999999999999950e+01,2.119906250000000369e+01
2.456900000000000091e+03,5.343017578125000000e+01,2.935000000000000053e+00,1.562999999999999901e+01,1.547546875000000099e+01
2.457000000000000000e+03,5.346679687500000000e+01,2.964999999999999858e+00,1.565750000000000064e+01,1.548640624999999993e+01
2.457099999999999909e+03,5.359497070312500000e+01,2.937500000000000000e+00,1.541750000000000043e+01,1.549515625000000085e+01
2.457199999999999818e+03,5.324707031250000000e+01,2.952500000000000124e+00,1.556000000000000050e+01,1.543554687500000000e+01
2.457300000000000182e+03,5.491333007812500000e+01,2.979999999999999982e+00,1.573000000000000043e+01,1.548859375000000149e+01
2.457400000000000091e+03,5.500488281250000000e+01,2.727500000000000036e+00,1.564749999999999908e+01,1.546945312500000114e+01
2.457500000000000000e+03,5.504150390625000000e+01,2.984999999999999876e+00,1.568999999999999950e+01,1.547054687500000014e+01
2.457599999999999909e+03,5.522460937500000000e+01,3.004999999999999893e+00,1.579999999999999893e+01,1.540765625000000050e+01
2.457699999999999818e+03,5.570068359375000000e+01,3.017500000000000071e+00,1.550499999999999901e+01,1.544101562500000036e+01
2.457800000000000182e+03,5.806274414062500000e+01,2.947499999999999787e+00,1.569749999999999979e+01,1.545304687500000007e+01
2.457900000000000091e+03,5.789794921875000000e+01,2.930000000000000160e+00,1.560999999999999943e+01,1.541585937500000014e+01
2.458000000000000000e+03,5.797119140625000000e+01,3.004999999999999893e+00,1.564499999999999957e+01,1.542789062500000163e+01
2.458099999999999909e+03,5.811767578125000000e+01,3.062500000000000000e+00,1.564000000000000057e+01,1.547164062500000092e+01
2.458199999999999818e+03,6.121215820312500000e+01,3.057500000000000107e+00,1.557499999999999929e+01,1.538742187500000114e+01
2.458300000000000182e+03,6.199951171875000000e+01,3.060000000000000053e+00,1.577999999999999936e+01,1.543171874999999993e+01
2.458400000000000091e+03,6.179809570312500000e+01,3.052500000000000213e+00,1.567999999999999972e+01,1.544375000000000142e+01
2.458500000000000000e+03,6.187133789062500000e+01,3.032500000000000195e+00,1.537749999999999950e+01,1.552031250000000107e+01
2.458599999999999909e+03,6.467285156250000000e+01,3.069999999999999840e+00,1.573749999999999893e+01,1.551703125000000050e+01
2.458699999999999818e+03,6.584472656250000000e+01,3.067499999999999893e+00,1.550999999999999979e+01,1.550226562500000149e+01
2.458800000000000182e+03,6.635742187500000000e+01,3.075000000000000178e+00,1.577749999999999986e+01,1.544539062499999993e+01
2.458900000000000091e+03,6.611938476562500000e+01,3.134999999999999787e+00,1.541750000000000043e+01,1.544101562500000036e+01
2.459000000000000000e+03,6.621093750000000000e+01,3.104999999999999982e+00,1.566000000000000014e+01,1.544648437500000071e+01
2.459099999999999909e+03,6.965332031250000000e+01,3.077500000000000124e+00,1.560500000000000043e+01,1.547765625000000078e+01
2.459199999999999818e+03,6.939697265625000000e+01,3.112499999999999822e+00,1.553999999999999915e+01,1.547273437499999993e+01
2.459300000000000182e+03,6.989135742187500000e+01,3.132499999999999840e+00,1.569749999999999979e+01,1.543828125000000107e+01
2.459400000000000091e+03,6.963500976562500000e+01,3.132499999999999840e+00,1.585500000000000043e+01,1.547437500000000021e+01
2.459500000000000000e+03,7.208862304687500000e+01,3.134999999999999787e+00,1.552999999999999936e+01,1.543554687500000000e+01
2.459599999999999909e+03,7.293090820312500000e+01,3.162500000000000089e+00,1.572000000000000064e+01,1.541203125000000007e+01
2.459699999999999818e+03,7.252807617187500000e+01,3.125000000000000000e+00,1.578999999999999915e+01,1.543171874999999993e+01
2.459800000000000182e+03,7.300415039062500000e+01,3.132499999999999840e+00,1.562500000000000000e+01,1.543609375000000128e+01
2.459900000000000091e+03,7.327880859375000000e+01,3.115000000000000213e+00,1.566499999999999915e+01,1.547929687500000107e+01
2.460000000000000000e+03,7.543945312500000000e+01,3.167499999999999982e+00,1.541750000000000043e+01,1.543718750000000028e+01
2.460099999999999909e+03,7.565917968750000000e+01,3.194999999999999840e+00,1.577749999999999986e+01,1.544484375000000043e+01
2.460199999999999818e+03,7.520141601562500000e+01,3.194999999999999840e+00,1.556000000000000050e+01,1.545578125000000114e+01
2.460300000000000182e+03,7.569580078125000000e+01,3.177500000000000213e+00,1.569749999999999979e+01,1.542625000000000135e+01
2.460400000000000091e+03,7.763671875000000000e+01,3.214999999999999858e+00,1.549750000000000050e+01,1.548531250000000092e+01
2.460500000000000000e+03,7.803955078125000000e+01,3.207500000000000018e+00,1.586500000000000021e+01,1.547601562500000050e+01
2.460599999999999909e+03,7.816772460937500000e+01,3.212499999999999911e+00,1.565000000000000036e+01,1.543882812500000057e+01
2.460699999999999818e+03,7.772827148437500000e+01,3.247500000000000053e+00,1.559999999999999964e+01,1.543828125000000107e+01
2.460800000000000182e+03,7.961425781250000000e+01,3.245000000000000107e+00,1.532000000000000028e+01,1.549242187500000156e+01
2.460900000000000091e+03,8.025512695312500000e+01,3.229999999999999982e+00,1.563749999999999929e+01,1.549078125000000128e+01
2.461000000000000000e+03,8.043823242187500000e+01,3.307500000000000107e+00,1.537999999999999901e+01,1.544101562500000036e+01
2.461099999999999909e+03,8.058471679687500000e+01,3.247500000000000053e+00,1.573000000000000043e+01,1.549351562500000057e+01
2.461199999999999818e+03,8.012695312500000000e+01,3.225000000000000089e+00,1.564749999999999908e+01,1.547820312500000028e+01
2.461300000000000182e+03,8.265380859375000000e+01,3.222500000000000142e+00,1.578500000000000014e+01,1.547875000000000156e+01
2.461400000000000091e+03,8.245239257812500000e+01,3.229999999999999982e+00,1.560749999999999993e+01,1.546453125000000028e+01
2.461500000000000000e+03,8.263549804687500000e+01,3.277499999999999858e+00,1.564499999999999957e+01,1.543609375000000128e+01
2.461599999999999909e+03,8.278198242187500000e+01,3.282500000000000195e+00,1.563749999999999929e+01,1.553289062500000028e+01
2.461699999999999818e+03,8.395385742187500000e+01,3.272499999999999964e+00,1.569749999999999979e+01,1.543992187500000135e+01
2.461800000000000182e+03,8.486938476562500000e+01,3.285000000000000142e+00,1.543750000000000000e+01,1.545085937500000028e+01
2.461900000000000091e+03,8.452148437500000000e+01,3.312500000000000000e+00,1.566999999999999993e+01,1.546453125000000028e+01
2.462000000000000000e+03,8.475952148437500000e+01,3.294999999999999929e+00,1.559999999999999964e+01,1.545250000000000057e+01
2.462099999999999909e+03,8.536376953125000000e+01,3.292499999999999982e+00,1.543999999999999950e+01,1.547875000000000156e+01
2.462199999999999818e+03,8.631591796875000000e+01,3.314999999999999947e+00,1.544500000000000028e+01,1.546890625000000163e+01
2.462300000000000182e+03,8.693847656250000000e+01,3.327500000000000124e+00,1.577999999999999936e+01,1.542734375000000036e+01
2.462400000000000091e+03,8.653564453125000000e+01,3.334999999999999964e+00,1.572000000000000064e+01,1.550007812499999993e+01
2.462500000000000000e+03,8.675537109375000000e+01,3.334999999999999964e+00,1.562999999999999901e+01,1.543828125000000107e+01
2.462599999999999909e+03,8.860473632812500000e+01,3.339999999999999858e+00,1.537749999999999950e+01,1.540929687500000078e+01
2.462699999999999818e+03,8.838500976562500000e+01,3.347500000000000142e+00,1.552749999999999986e+01,1.546398437500000078e+01
2.462800000000000182e+03,8.891601562500000000e+01,3.345000000000000195e+00,1.562999999999999901e+01,1.544101562500000036e+01
2.462900000000000091e+03,8.851318359375000000e+01,3.367500000000000160e+00,1.549750000000000050e+01,1.548476562500000142e+01
2.463000000000000000e+03,8.986816406250000000e+01,3.375000000000000000e+00,1.570999999999999908e+01,1.544703125000000021e+01
2.463099999999999909e+03,9.074707031250000000e+01,3.387500000000000178e+00,1.559999999999999964e+01,1.548421875000000014e+01
2.463199999999999818e+03,9.028930664062500000e+01,3.359999999999999876e+00,1.572749999999999915e+01,1.543226562500000121e+01
2.463300000000000182e+03,9.083862304687500000e+01,3.357499999999999929e+00,1.552999999999999936e+01,1.545906249999999993e+01
2.463400000000000091e+03,9.041748046875000000e+01,3.397499999999999964e+00,1.557000000000000028e+01,1.547382812500000071e+01
2.463500000000000000e+03,9.241333007812500000e+01,3.399999999999999911e+00,1.557000000000000028e+01,1.542898437500000064e+01
2.463599999999999909e+03,9.255981445312500000e+01,3.435000000000000053e+00,1.541999999999999993e+01,1.546453125000000028e+01
2.463699999999999818e+03,9.213867187500000000e+01,3.424999999999999822e+00,1.553749999999999964e+01,1.543554687500000000e+01
2.463800000000000182e+03,9.266967773437500000e+01,3.417499999999999982e+00,1.566999999999999993e+01,1.539562500000000078e+01
2.463900000000000091e+03,9.364013671875000000e+01,3.427500000000000213e+00,1.572000000000000064e+01,1.544593750000000121e+01
2.464000000000000000e+03,9.428100585937500000e+01,3.417499999999999982e+00,1.576999999999999957e+01,1.547546875000000099e+01
2.464099999999999909e+03,9.440917968750000000e+01,3.419999999999999929e+00,1.565000000000000036e+01,1.543007812500000142e+01
2.464199999999999818e+03,9.393310546875000000e+01,3.457500000000000018e+00,1.558000000000000007e+01,1.548859375000000149e+01
2.464300000000000182e+03,9.494018554687500000e+01,3.455000000000000071e+00,1.550999999999999979e+01,1.545250000000000057e+01
2.464400000000000091e+03,9.574584960937500000e+01,3.484999999999999876e+00,1.539749999999999908e+01,1.541093750000000107e+01
2.464500000000000000e+03,9.609375000000000000e+01,3.439999999999999947e+00,1.556000000000000050e+01,1.543007812500000142e+01
2.464599999999999909e+03,9.614868164062500000e+01,3.457500000000000018e+00,1.566000000000000014e+01,1.549187500000000028e+01
2.464699999999999818e+03,9.570922851562500000e+01,3.487499999999999822e+00,1.554499999999999993e+01,1.550718750000000057e+01
2.464800000000000182e+03,9.785156250000000000e+01,3.479999999999999982e+00,1.550999999999999979e+01,1.550500000000000078e+01
2.464900000000000091e+03,9.761352539062500000e+01,3.490000000000000213e+00,1.552749999999999986e+01,1.546234375000000050e+01
2.465000000000000000e+03,9.786987304687500000e+01,3.464999999999999858e+00,1.565750000000000064e+01,1.547820312500000028e+01
2.465099999999999909e+03,9.797973632812500000e+01,3.492500000000000160e+00,1.570999999999999908e+01,1.543992187500000135e+01
2.465199999999999818e+03,9.852905273437500000e+01,3.479999999999999982e+00,1.558000000000000007e+01,1.543117187500000043e+01
2.465300000000000182e+03,9.977416992187500000e+01,3.517500000000000071e+00,1.556000000000000050e+01,1.541312500000000085e+01
2.465400000000000091e+03,9.927978515625000000e+01,3.520000000000000018e+00,1.562500000000000000e+01,1.545687500000000014e+01
2.465500000000000000e+03,9.960937500000000000e+01,3.547499999999999876e+00,1.540000000000000036e+01,1.544320312500000014e+01
2.465599999999999909e+03,9.966430664062500000e+01,3.542499999999999982e+00,1.566999999999999993e+01,1.549078125000000128e+01
2.465699999999999818e+03,1.008178710937500000e+02,3.552500000000000213e+00,1.541750000000000043e+01,1.545031250000000078e+01
2.465800000000000182e+03,1.014587402343750000e+02,3.524999999999999911e+00,1.548749999999999893e+01,1.541859375000000121e+01
2.465900000000000091e+03,1.009826660156250000e+02,3.572499999999999787e+00,1.578999999999999915e+01,1.547710937500000128e+01
2.466000000000000000e+03,1.012939453125000000e+02,3.560000000000000053e+00,1.551999999999999957e+01,1.541695312500000092e+01
2.466099999999999909e+03,1.028137207031250000e+02,3.564999999999999947e+00,1.572000000000000064e+01,1.546343750000000128e+01
2.466199999999999818e+03,1.027038574218750000e+02,3.564999999999999947e+00,1.553999999999999915e+01,1.542570312500000007e+01
2.466300000000000182e+03,1.032897949218750000e+02,3.592500000000000249e+00,1.562999999999999901e+01,1.542898437500000064e+01
2.466400000000000091e+03,1.027404785156250000e+02,3.557500000000000107e+00,1.547499999999999964e+01,1.541859375000000121e+01
2.466500000000000000e+03,1.037109375000000000e+02,3.627499999999999947e+00,1.547000000000000064e+01,1.541695312500000092e+01
2.466599999999999909e+03,1.048278808593750000e+02,3.572499999999999787e+00,1.557750000000000057e+01,1.544210937500000114e+01
2.466699999999999818e+03,1.044433593750000000e+02,3.615000000000000213e+00,1.575000000000000000e+01,1.549296875000000107e+01
2.466800000000000182e+03,1.049743652343750000e+02,3.594999999999999751e+00,1.563749999999999929e+01,1.542789062500000163e+01
2.466900000000000091e+03,1.044799804687500000e+02,3.627499999999999947e+00,1.564749999999999908e+01,1.546507812500000156e+01
2.467000000000000000e+03,1.063659667968750000e+02,3.597500000000000142e+00,1.538749999999999929e+01,1.542843750000000114e+01
2.467099999999999909e+03,1.065856933593750000e+02,3.655000000000000249e+00,1.564000000000000057e+01,1.544101562500000036e+01
2.467199999999999818e+03,1.061462402343750000e+02,3.649999999999999911e+00,1.553999999999999915e+01,1.548257812500000163e+01
2.467300000000000182e+03,1.067138671875000000e+02,3.647499999999999964e+00,1.580499999999999972e+01,1.545195312500000107e+01
2.467400000000000091e+03,1.072814941406250000e+02,3.700000000000000178e+00,1.550000000000000000e+01,1.547492187500000149e+01
2.467500000000000000e+03,1.082153320312500000e+02,3.685000000000000053e+00,1.544749999999999979e+01,1.545468750000000036e+01
2.467599999999999909e+03,1.082702636718750000e+02,3.687500000000000000e+00,1.557750000000000057e+01,1.542953125000000014e+01
2.467699999999999818e+03,1.078308105468750000e+02,3.672499999999999876e+00,1.559999999999999964e+01,1.542515625000000057e+01
2.467800000000000182e+03,1.084350585937500000e+02,3.712499999999999911e+00,1.529999999999999893e+01,1.541695312500000092e+01
2.467900000000000091e+03,1.094604492187500000e+02,3.707500000000000018e+00,1.549000000000000021e+01,1.546726562500000135e+01
2.468000000000000000e+03,1.099548339843750000e+02,3.680000000000000160e+00,1.525999999999999979e+01,1.544156250000000163e+01
2.468099999999999909e+03,1.099914550781250000e+02,3.742500000000000160e+00,1.531499999999999950e+01,1.535296875000000050e+01
2.468199999999999818e+03,1.095520019531250000e+02,3.725000000000000089e+00,1.551999999999999957e+01,1.545359375000000135e+01
2.468300000000000182e+03,1.115661621093750000e+02,3.747500000000000053e+00,1.561999999999999922e+01,1.540328125000000092e+01
2.468400000000000091e+03,1.112548828125000000e+02,3.785000000000000142e+00,1.559750000000000014e+01,1.547218750000000043e+01
2.468500000000000000e+03,1.116394042968750000e+02,3.772499999999999964e+00,1.560999999999999943e+01,1.549078125000000128e+01
2.468599999999999909e+03,1.116760253906250000e+02,3.822499999999999787e+00,1.578999999999999915e+01,1.547601562500000050e+01
2.468699999999999818e+03,1.120056152343750000e+02,3.805000000000000160e+00,1.548000000000000043e+01,1.548695312500000121e+01
2.468800000000000182e+03,1.134704589843750000e+02,3.839999999999999858e+00,1.570250000000000057e+01,1.546070312500000021e+01
2.468900000000000091e+03,1.129760742187500000e+02,3.814999999999999947e+00,1.548499999999999943e+01,1.545304687500000007e+01
2.469000000000000000e+03,1.133605957031250000e+02,3.834999999999999964e+00,1.572749999999999915e+01,1.540328125000000092e+01
2.469099999999999909e+03,1.133605957031250000e+02,3.834999999999999964e+00,1.550000000000000000e+01,1.543117187500000043e+01
2.469199999999999818e+03,1.144958496093750000e+02,3.859999999999999876e+00,1.544749999999999979e+01,1.545906249999999993e+01
2.469300000000000182e+03,1.152099609375000000e+02,3.862499999999999822e+00,1.582499999999999929e+01,1.550500000000000078e+01
2.469400000000000091e+03,1.146606445312500000e+02,3.890000000000000124e+00,1.551750000000000007e+01,1.547820312500000028e+01
2.469500000000000000e+03,1.150817871093750000e+02,3.879999999999999893e+00,1.553999999999999915e+01,1.550117187500000071e+01
2.469599999999999909e+03,1.163452148437500000e+02,3.882500000000000284e+00,1.557000000000000028e+01,1.540710937500000099e+01
2.469699999999999818e+03,1.164184570312500000e+02,3.897499999999999964e+00,1.551750000000000007e+01,1.545359375000000135e+01
2.469800000000000182e+03,1.170043945312500000e+02,3.905000000000000249e+00,1.561749999999999972e+01,1.545906249999999993e+01
2.469900000000000091e+03,1.164550781250000000e+02,3.959999999999999964e+00,1.561999999999999922e+01,1.543335937500000021e+01
2.470000000000000000e+03,1.171691894531250000e+02,3.927500000000000213e+00,1.558999999999999986e+01,1.547765625000000078e+01
2.470099999999999909e+03,1.185974121093750000e+02,3.979999999999999982e+00,1.547499999999999964e+01,1.544648437500000071e+01
2.470199999999999818e+03,1.182312011718750000e+02,3.997500000000000053e+00,1.550999999999999979e+01,1.541312500000000085e+01
2.470300000000000182e+03,1.187988281250000000e+02,3.992500000000000160e+00,1.558999999999999986e+01,1.550882812500000085e+01
2.470400000000000091e+03,1.182495117187500000e+02,3.990000000000000213e+00,1.565000000000000036e+01,1.544429687500000092e+01
2.470500000000000000e+03,1.203002929687500000e+02,3.990000000000000213e+00,1.572000000000000064e+01,1.542679687500000085e+01
2.470599999999999909e+03,1.204650878906250000e+02,4.049999999999999822e+00,1.551750000000000007e+01,1.544757812500000149e+01
2.470699999999999818e+03,1.200622558593750000e+02,4.042500000000000426e+00,1.565000000000000036e+01,1.549898437500000092e+01
2.470800000000000182e+03,1.206665039062500000e+02,4.040000000000000036e+00,1.586749999999999972e+01,1.543882812500000057e+01
2.470900000000000091e+03,1.209960937500000000e+02,4.064999999999999503e+00,1.570749999999999957e+01,1.546125000000000149e+01
2.471000000000000000e+03,1.222778320312500000e+02,4.094999999999999751e+00,1.564499999999999957e+01,1.545414062500000085e+01
2.471099999999999909e+03,1.223144531250000000e+02,4.082499999999999574e+00,1.557000000000000028e+01,1.544210937500000114e+01
2.471199999999999818e+03,1.218383789062500000e+02,4.105000000000000426e+00,1.556000000000000050e+01,1.546562500000000107e+01
2.471300000000000182e+03,1.224792480468750000e+02,4.152499999999999858e+00,1.586500000000000021e+01,1.545578125000000114e+01
2.471400000000000091e+03,1.230102539062500000e+02,4.187500000000000000e+00,1.569500000000000028e+01,1.544101562500000036e+01
2.471500000000000000e+03,1.236328125000000000e+02,4.157499999999999751e+00,1.563749999999999929e+01,1.541148437500000057e+01
2.471599999999999909e+03,1.235046386718750000e+02,4.172500000000000320e+00,1.581499999999999950e+01,1.547164062500000092e+01
2.471699999999999818e+03,1.231750488281250000e+02,4.167500000000000426e+00,1.557000000000000028e+01,1.547875000000000156e+01
2.471800000000000182e+03,1.237609863281250000e+02,4.202500000000000568e+00,1.558000000000000007e+01,1.541531250000000064e+01
2.471900000000000091e+03,1.231567382812500000e+02,4.212500000000000355e+00,1.558999999999999986e+01,1.543445312500000099e+01
2.472000000000000000e+03,1.235595703125000000e+02,1.062500000000010658e-02,1.564000000000000057e+01,-3.445312500000063949e-02
2.472099999999999909e+03,1.235412597656250000e+02,7.312500000000010658e-02,1.573000000000000043e+01,-6.507812500000031974e-02
2.472199999999999818e+03,1.231384277343750000e+02,3.562500000000001776e-02,1.532750000000000057e+01,-7.109375000000106581e-02
2.472300000000000182e+03,1.237243652343750000e+02,8.124999999999715783e-03,1.566000000000000014e+01,-6.179687500000063949e-02
2.472400000000000091e+03,1.231384277343750000e+02,5.562500000000003553e-02,1.564000000000000057e+01,-4.703125000000074607e-02
2.472500000000000000e+03,1.235961914062500000e+02,3.562500000000001776e-02,1.573000000000000043e+01,-3.500000000000103029e-02
2.472599999999999909e+03,1.235778808593750000e+02,6.812499999999976907e-02,1.561999999999999922e+01,-5.742187500000106581e-02
2.472699999999999818e+03,1.226074218750000000e+02,4.812499999999975131e-02,1.547000000000000064e+01,-1.914062500000035527e-02
2.472800000000000182e+03,1.231567382812500000e+02,2.812499999999973355e-02,1.562749999999999950e+01,-6.179687500000063949e-02
2.472900000000000091e+03,1.225341796875000000e+02,4.562499999999980460e-02,1.536749999999999972e+01,-1.968750000000074607e-02
2.473000000000000000e+03,1.230102539062500000e+02,4.812499999999975131e-02,1.568999999999999950e+01,-4.210937500000078160e-02
2.473099999999999909e+03,1.215270996093750000e+02,3.812499999999996447e-02,1.587749999999999950e+01,-6.125000000000024869e-02
2.473199999999999818e+03,1.204284667968750000e+02,6.562499999999982236e-02,1.550000000000000000e+01,-2.242187500000092371e-02
2.473300000000000182e+03,1.209228515625000000e+02,6.562499999999982236e-02,1.567999999999999972e+01,-3.226562500000085265e-02
2.473400000000000091e+03,1.203735351562500000e+02,1.812499999999994671e-02,1.564749999999999908e+01,-5.906250000000046185e-02
2.473500000000000000e+03,1.206665039062500000e+02,8.312499999999989342e-02,1.554999999999999893e+01,-5.359375000000099476e-02
2.473599999999999909e+03,1.173706054687500000e+02,4.562499999999980460e-02,1.565499999999999936e+01,-5.414062500000049738e-02
2.473699999999999818e+03,1.167663574218750000e+02,-1.081250000000002487e-01,1.552999999999999936e+01,-4.429687500000056843e-02
2.473800000000000182e+03,1.173522949218750000e+02,4.062499999999991118e-02,1.541999999999999993e+01,-7.765625000000042633e-02
2.473900000000000091e+03,1.167846679687500000e+02,4.812499999999975131e-02,1.547749999999999915e+01,-7.601562500000103029e-02
2.474000000000000000e+03,1.136901855468750000e+02,5.062500000000014211e-02,1.559750000000000014e+01,-4.375000000000106581e-02
2.474099999999999909e+03,1.130310058593750000e+02,5.812499999999998224e-02,1.557750000000000057e+01,-9.296875000000426326e-03
2.474199999999999818e+03,1.125732421875000000e+02,3.562500000000001776e-02,1.565750000000000064e+01,-6.890625000000039080e-02
2.474300000000000182e+03,1.131774902343750000e+02,6.562499999999982236e-02,1.566000000000000014e+01,-1.093750000000781597e-03
2.474400000000000091e+03,1.112365722656250000e+02,2.062499999999989342e-02,1.544999999999999929e+01,-1.914062500000035527e-02
2.474500000000000000e+03,1.095336914062500000e+02,8.124999999999715783e-03,1.549750000000000050e+01,-3.226562500000085265e-02
2.474599999999999909e+03,1.094970703125000000e+02,3.562500000000001776e-02,1.561749999999999972e+01,-8.203125000000532907e-03
2.474699999999999818e+03,1.090209960937500000e+02,2.062499999999989342e-02,1.583499999999999908e+01,-3.500000000000103029e-02
2.474800000000000182e+03,1.095886230468750000e+02,2.312499999999984013e-02,1.546749999999999936e+01,-5.960937500000085265e-02
2.474900000000000091e+03,1.064208984375000000e+02,4.062499999999991118e-02,1.539000000000000057e+01,-1.181250000000009237e-01
2.475000000000000000e+03,1.065673828125000000e+02,6.875000000000008882e-02,1.558999999999999986e+01,-4.921875000000053291e-02
2.475099999999999909e+03,1.066040039062500000e+02,-1.875000000000071054e-03,1.550999999999999979e+01,1.039062499999943157e-02
2.475199999999999818e+03,1.061096191406250000e+02,5.312500000000008882e-02,1.556000000000000050e+01,-3.445312500000063949e-02
2.475300000000000182e+03,1.049743652343750000e+02,2.062499999999989342e-02,1.539499999999999957e+01,-9.625000000000039080e-02
2.475400000000000091e+03,1.035827636718750000e+02,1.312500000000005329e-02,1.564499999999999957e+01,-2.625000000000099476e-02
2.475500000000000000e+03,1.039123535156250000e+02,3.562500000000001776e-02,1.550000000000000000e+01,-1.804687500000046185e-02
2.475599999999999909e+03,1.039306640625000000e+02,2.312499999999984013e-02,1.555749999999999922e+01,-6.562500000000071054e-02
2.475699999999999818e+03,1.034179687500000000e+02,1.062500000000010658e-02,1.550750000000000028e+01,-1.914062500000035527e-02
2.475800000000000182e+03,1.019348144531250000e+02,3.062500000000012434e-02,1.563749999999999929e+01,-2.351562500000081712e-02
2.475900000000000091e+03,1.012756347656250000e+02,3.312500000000007105e-02,1.557750000000000057e+01,-4.867187500000103029e-02
2.476000000000000000e+03,1.016235351562500000e+02,3.062500000000012434e-02,1.549000000000000021e+01,-2.789062500000039080e-02
2.476099999999999909e+03,1.016601562500000000e+02,2.562499999999978684e-02,1.574000000000000021e+01,-2.187500000000675016e-03
2.476199999999999818e+03,9.949951171875000000e+01,3.062500000000012434e-02,1.550000000000000000e+01,-2.296875000000042633e-02
2.476300000000000182e+03,9.968261718750000000e+01,3.312500000000007105e-02,1.543999999999999950e+01,-6.343750000000092371e-02
2.476400000000000091e+03,9.918823242187500000e+01,3.062500000000012434e-02,1.581499999999999950e+01,-5.796875000000056843e-02
2.476500000000000000e+03,9.953613281250000000e+01,3.562500000000001776e-02,1.558000000000000007e+01,-6.343750000000092371e-02
2.476599999999999909e+03,9.880371093750000000e+01,7.062500000000015987e-02,1.557000000000000028e+01,-4.375000000000106581e-02
2.476699999999999818e+03,9.726562500000000000e+01,1.206249999999999822e-01,1.558000000000000007e+01,-3.117187500000095923e-02
2.476800000000000182e+03,9.781494140625000000e+01,4.562499999999980460e-02,1.549499999999999922e+01,-4.156250000000039080e-02
2.476900000000000091e+03,9.728393554687500000e+01,2.562499999999978684e-02,1.571749999999999936e+01,-3.718750000000081712e-02
2.477000000000000000e+03,9.765014648437500000e+01,4.562499999999980460e-02,1.566000000000000014e+01,-5.304687500000060396e-02
2.477099999999999909e+03,9.607543945312500000e+01,1.312500000000005329e-02,1.539749999999999908e+01,-5.468750000000355271e-03
2.477199999999999818e+03,9.541625976562500000e+01,5.062500000000014211e-02,1.591499999999999915e+01,-2.078125000000063949e-02
2.477300000000000182e+03,9.594726562500000000e+01,7.312500000000010658e-02,1.544749999999999979e+01,-4.156250000000039080e-02
2.477400000000000091e+03,9.554443359375000000e+01,8.124999999999715783e-03,1.561749999999999972e+01,-3.007812500000106581e-02
2.477500000000000000e+03,9.464721679687500000e+01,1.812499999999994671e-02,1.550999999999999979e+01,1.203124999999971578e-02
2.477599999999999909e+03,9.422607421875000000e+01,1.562500000000000000e-02,1.539499999999999957e+01,-5.085937500000081712e-02
2.477699999999999818e+03,9.375000000000000000e+01,3.062500000000012434e-02,1.563499999999999979e+01,-3.828125000000959233e-03
2.477800000000000182e+03,9.422607421875000000e+01,-1.875000000000071054e-03,1.568999999999999950e+01,-6.234375000000103029e-02
2.477900000000000091e+03,9.373168945312500000e+01,3.312500000000007105e-02,1.559999999999999964e+01,-5.195312500000071054e-02
2.478000000000000000e+03,9.257812500000000000e+01,5.562500000000003553e-02,1.567750000000000021e+01,6.562499999999360512e-03
2.478099999999999909e+03,9.261474609375000000e+01,5.312500000000008882e-02,1.554499999999999993e+01,-8.750000000000923706e-03
2.478199999999999818e+03,9.212036132812500000e+01,2.562499999999978684e-02,1.553749999999999964e+01,-3.171875000000046185e-02
2.478300000000000182e+03,9.268798828125000000e+01,4.562499999999980460e-02,1.575249999999999950e+01,-1.531250000000028422e-02
2.478400000000000091e+03,9.096679687500000000e+01,5.812499999999998224e-02,1.562749999999999950e+01,-5.851562500000095923e-02
2.478500000000000000e+03,9.100341796875000000e+01,4.062499999999991118e-02,1.544999999999999929e+01,-6.453125000000081712e-02
2.478599999999999909e+03,9.107666015625000000e+01,4.312499999999985789e-02,1.541499999999999915e+01,-4.812500000000063949e-02
2.478699999999999818e+03,9.065551757812500000e+01,5.312500000000008882e-02,1.561749999999999972e+01,-1.695312500000056843e-02
2.478800000000000182e+03,9.050903320312500000e+01,4.562499999999980460e-02,1.556749999999999901e+01,-3.828125000000071054e-02
2.478900000000000091e+03,8.924560546875000000e+01,2.062499999999989342e-02,1.550999999999999979e+01,8.203124999999644729e-03
2.479000000000000000e+03,8.942871093750000000e+01,3.312500000000007105e-02,1.543500000000000050e+01,-5.250000000000110134e-02
2.479099999999999909e+03,8.957519531250000000e+01,5.812499999999998224e-02,1.560999999999999943e+01,3.828124999999182876e-03
2.479199999999999818e+03,8.911743164062500000e+01,6.062499999999992895e-02,1.546749999999999936e+01,-4.046875000000049738e-02
2.479300000000000182e+03,8.829345703125000000e+01,7.062500000000015987e-02,1.583249999999999957e+01,-4.375000000000106581e-02
2.479400000000000091e+03,8.772583007812500000e+01,6.312499999999987566e-02,1.545999999999999908e+01,-3.171875000000046185e-02
2.479500000000000000e+03,8.798217773437500000e+01,1.062500000000010658e-02,1.566750000000000043e+01,-2.296875000000042633e-02
2.479599999999999909e+03,8.807373046875000000e+01,3.062500000000012434e-02,1.566000000000000014e+01,-3.390625000000024869e-02
2.479699999999999818e+03,8.673706054687500000e+01,4.312499999999985789e-02,1.555499999999999972e+01,-5.085937500000081712e-02
2.479800000000000182e+03,8.686523437500000000e+01,3.562500000000001776e-02,1.592499999999999893e+01,-1.246875000000002842e-01
2.479900000000000091e+03,8.644409179687500000e+01,4.312499999999985789e-02,1.566000000000000014e+01,-4.484375000000095923e-02
2.480000000000000000e+03,8.664550781250000000e+01,5.562500000000003553e-02,1.564000000000000057e+01,-5.414062500000049738e-02
2.480099999999999909e+03,8.664550781250000000e+01,6.812499999999976907e-02,1.556749999999999901e+01,-2.625000000000099476e-02
2.480199999999999818e+03,8.499755859375000000e+01,7.312500000000010658e-02,1.561999999999999922e+01,3.007812499999928946e-02
2.480300000000000182e+03,8.545532226562500000e+01,3.062500000000012434e-02,1.566750000000000043e+01,-3.882812500000110134e-02
2.480400000000000091e+03,8.503417968750000000e+01,5.812499999999998224e-02,1.568750000000000000e+01,-2.625000000000099476e-02
2.480500000000000000e+03,8.529052734375000000e+01,3.312500000000007105e-02,1.565750000000000064e+01,-3.171875000000046185e-02
2.480599999999999909e+03,8.424682617187500000e+01,2.062499999999989342e-02,1.566000000000000014e+01,-8.968750000000103029e-02
2.480699999999999818e+03,8.362426757812500000e+01,4.812499999999975131e-02,1.547749999999999915e+01,-7.109375000000639488e-03
2.480800000000000182e+03,8.415527343750000000e+01,4.312499999999985789e-02,1.550000000000000000e+01,-6.562500000000071054e-02
2.480900000000000091e+03,8.375244140625000000e+01,4.312499999999985789e-02,1.514000000000000057e+01,-3.117187500000095923e-02
2.481000000000000000e+03,8.347778320312500000e+01,-1.875000000000071054e-03,1.557499999999999929e+01,-6.507812500000031974e-02
2.481099999999999909e+03,8.278198242187500000e+01,2.812499999999973355e-02,1.577999999999999936e+01,-4.484375000000095923e-02
2.481199999999999818e+03,8.232421875000000000e+01,3.812499999999996447e-02,1.562999999999999901e+01,-3.226562500000085265e-02
2.481300000000000182e+03,8.281860351562500000e+01,4.312499999999985789e-02,1.554999999999999893e+01,-7.492187500000024869e-02
2.481400000000000091e+03,8.245239257812500000e+01,2.062499999999989342e-02,1.549000000000000021e+01,-5.031250000000042633e-02
2.481500000000000000e+03,8.150024414062500000e+01,3.812499999999996447e-02,1.569749999999999979e+01,-5.031250000000042633e-02
2.481599999999999909e+03,8.148193359375000000e+01,4.312499999999985789e-02,1.561500000000000021e+01,-2.734375000000088818e-02
2.481699999999999818e+03,8.104248046875000000e+01,2.812499999999973355e-02,1.561749999999999972e+01,-8.148437500000049738e-02
2.481800000000000182e+03,8.151855468750000000e+01,2.062499999999989342e-02,1.566750000000000043e+01,-6.453125000000081712e-02
2.481900000000000091e+03,8.040161132812500000e+01,8.312499999999989342e-02,1.558000000000000007e+01,-2.296875000000042633e-02
2.482000000000000000e+03,8.016357421875000000e+01,4.062499999999991118e-02,1.578250000000000064e+01,-2.078125000000063949e-02
2.482099999999999909e+03,8.029174804687500000e+01,5.312500000000008882e-02,1.562999999999999901e+01,-4.429687500000056843e-02
2.482199999999999818e+03,7.987060546875000000e+01,3.562500000000001776e-02,1.569500000000000028e+01,-4.812500000000063949e-02
2.482300000000000182e+03,8.027343750000000000e+01,4.812499999999975131e-02,1.559500000000000064e+01,-2.132812500000103029e-02
2.482400000000000091e+03,7.882690429687500000e+01,2.562499999999978684e-02,1.546749999999999936e+01,1.531249999999939604e-02
2.482500000000000000e+03,7.893676757812500000e+01,4.312499999999985789e-02,1.540000000000000036e+01,-4.757812500000024869e-02
2.482599999999999909e+03,7.908325195312500000e+01,-1.875000000000071054e-03,1.536749999999999972e+01,-1.695312500000056843e-02
2.482699999999999818e+03,7.860717773437500000e+01,6.812499999999976907e-02,1.553999999999999915e+01,-5.468750000000088818e-02
2.482800000000000182e+03,7.818603515625000000e+01,4.562499999999980460e-02,1.571499999999999986e+01,-5.359375000000099476e-02
2.482900000000000091e+03,7.760009765625000000e+01,3.812499999999996447e-02,1.540750000000000064e+01,-1.039062500000031974e-02
2.483000000000000000e+03,7.776489257812500000e+01,2.812499999999973355e-02,1.544999999999999929e+01,-6.617187500000110134e-02
2.483099999999999909e+03,7.787475585937500000e+01,4.562499999999980460e-02,1.545999999999999908e+01,-7.054687500000067502e-02
2.483199999999999818e+03,7.708740234375000000e+01,1.562500000000000000e-02,1.556749999999999901e+01,-4.539062500000046185e-02
2.483300000000000182e+03,7.683105468750000000e+01,1.062500000000010658e-02,1.572000000000000064e+01,-1.750000000000095923e-02
2.483400000000000091e+03,7.648315429687500000e+01,-9.374999999999911182e-03,1.559999999999999964e+01,-7.109375000000106581e-02
2.483500000000000000e+03,7.666625976562500000e+01,3.312500000000007105e-02,1.555749999999999922e+01,-4.757812500000024869e-02
2.483599999999999909e+03,7.673950195312500000e+01,2.562499999999978684e-02,1.576999999999999957e+01,-1.804687500000046185e-02
2.483699999999999818e+03,7.521972656250000000e+01,6.062499999999992895e-02,1.545749999999999957e+01,-8.203125000000532907e-03
2.483800000000000182e+03,7.562255859375000000e+01,5.062500000000014211e-02,1.562999999999999901e+01,-6.617187500000110134e-02
2.483900000000000091e+03,7.527465820312500000e+01,2.062499999999989342e-02,1.572250000000000014e+01,-4.648437500000035527e-02
2.484000000000000000e+03,7.542114257812500000e+01,3.562500000000001776e-02,1.570999999999999908e+01,-2.132812500000103029e-02
2.484099999999999909e+03,7.496337890625000000e+01,8.124999999999715783e-03,1.550999999999999979e+01,-7.109375000000639488e-03
2.484199999999999818e+03,7.412109375000000000e+01,4.312499999999985789e-02,1.567750000000000021e+01,-6.617187500000110134e-02
2.484300000000000182e+03,7.459716796875000000e+01,5.562500000000003553e-02,1.559500000000000064e+01,-8.203125000000532907e-03
2.484400000000000091e+03,7.430419921875000000e+01,2.062499999999989342e-02,1.556749999999999901e+01,-5.304687500000060396e-02
2.484500000000000000e+03,7.445068359375000000e+01,4.312499999999985789e-02,1.559999999999999964e+01,-2.734375000000088818e-02
2.484599999999999909e+03,7.351684570312500000e+01,5.312500000000008882e-02,1.561999999999999922e+01,-4.429687500000056843e-02
2.484699999999999818e+03,7.302246093750000000e+01,5.812499999999998224e-02,1.556000000000000050e+01,-4.867187500000103029e-02
2.484800000000000182e+03,7.348022460937500000e+01,3.062500000000012434e-02,1.562999999999999901e+01,4.921874999999076294e-03
2.484900000000000091e+03,7.316894531250000000e+01,1.812499999999994671e-02,1.544749999999999979e+01,-3.281250000000568434e-03
2.485000000000000000e+03,7.254638671875000000e+01,4.062499999999991118e-02,1.566999999999999993e+01,7.109374999999751310e-03
2.485099999999999909e+03,7.247314453125000000e+01,2.562499999999978684e-02,1.563749999999999929e+01,-2.789062500000039080e-02
2.485199999999999818e+03,7.203369140625000000e+01,8.062499999999994671e-02,1.553999999999999915e+01,-6.453125000000081712e-02
2.485300000000000182e+03,7.249145507812500000e+01,2.062499999999989342e-02,1.548000000000000043e+01,-1.017187500000007461e-01
2.485400000000000091e+03,7.199707031250000000e+01,5.562500000000003553e-02,1.556000000000000050e+01,-4.375000000000106581e-02
2.485500000000000000e+03,7.135620117187500000e+01,5.062500000000014211e-02,1.568500000000000050e+01,1.476562499999900524e-02
2.485599999999999909e+03,7.141113281250000000e+01,5.562500000000003553e-02,1.568500000000000050e+01,-5.304687500000060396e-02
2.485699999999999818e+03,7.102661132812500000e+01,1.562500000000000000e-02,1.585749999999999993e+01,-8.203125000000532907e-03
2.485800000000000182e+03,7.146606445312500000e+01,6.062499999999992895e-02,1.534750000000000014e+01,-6.835937500000088818e-02
2.485900000000000091e+03,7.029418945312500000e+01,2.312499999999984013e-02,1.555499999999999972e+01,-1.257812500000099476e-02
2.486000000000000000e+03,7.034912109375000000e+01,2.812499999999973355e-02,1.560749999999999993e+01,-1.148437500000110134e-02
2.486099999999999909e+03,7.044067382812500000e+01,3.812499999999996447e-02,1.565000000000000036e+01,-2.406250000000031974e-02
2.486199999999999818e+03,7.000122070312500000e+01,3.062500000000012434e-02,1.555749999999999922e+01,5.468749999999467093e-03
2.486300000000000182e+03,6.996459960937500000e+01,3.562500000000001776e-02,1.565000000000000036e+01,-7.492187500000024869e-02
2.486400000000000091e+03,6.925048828125000000e+01,3.062500000000012434e-02,1.549750000000000050e+01,-3.937500000000060396e-02
2.486500000000000000e+03,6.934204101562500000e+01,2.312499999999984013e-02,1.564749999999999908e+01,-2.242187500000092371e-02
2.486599999999999909e+03,6.943359375000000000e+01,2.812499999999973355e-02,1.567999999999999972e+01,-4.429687500000056843e-02
2.486699999999999818e+03,6.904907226562500000e+01,4.062499999999991118e-02,1.552749999999999986e+01,-2.296875000000042633e-02
2.486800000000000182e+03,6.860961914062500000e+01,2.312499999999984013e-02,1.553749999999999964e+01,-2.078125000000063949e-02
2.486900000000000091e+03,6.831665039062500000e+01,5.812499999999998224e-02,1.557000000000000028e+01,-4.539062500000046185e-02
2.487000000000000000e+03,6.840820312500000000e+01,4.562499999999980460e-02,1.557750000000000057e+01,-7.546875000000063949e-02
2.487099999999999909e+03,6.851806640625000000e+01,3.312500000000007105e-02,1.566000000000000014e+01,4.374999999999573674e-03
2.487199999999999818e+03,6.747436523437500000e+01,6.062499999999992895e-02,1.568500000000000050e+01,-3.117187500000095923e-02
2.487300000000000182e+03,6.767578125000000000e+01,2.812499999999973355e-02,1.566499999999999915e+01,-5.851562500000095923e-02
2.487400000000000091e+03,6.740112304687500000e+01,3.562500000000001776e-02,1.547000000000000064e+01,-4.156250000000039080e-02
2.487500000000000000e+03,6.752929687500000000e+01,3.312500000000007105e-02,1.585249999999999915e+01,-3.335937500000074607e-02
2.487599999999999909e+03,6.754760742187500000e+01,1.062500000000010658e-02,1.561249999999999893e+01,-2.625000000000099476e-02
2.487699999999999818e+03,6.635742187500000000e+01,2.562499999999978684e-02,1.568750000000000000e+01,-1.695312500000056843e-02
2.487800000000000182e+03,6.677856445312500000e+01,3.812499999999996447e-02,1.539000000000000057e+01,-2.679687500000049738e-02
2.487900000000000091e+03,6.652221679687500000e+01,4.812499999999975131e-02,1.582499999999999929e+01,-4.703125000000074607e-02
2.488000000000000000e+03,6.661376953125000000e+01,3.562500000000001776e-02,1.549000000000000021e+01,-2.296875000000042633e-02
2.488099999999999909e+03,6.597290039062500000e+01,6.062499999999992895e-02,1.558999999999999986e+01,-3.007812500000106581e-02
2.488199999999999818e+03,6.544189453125000000e+01,4.812499999999975131e-02,1.551999999999999957e+01,-5.851562500000095923e-02
2.488300000000000182e+03,6.588134765625000000e+01,2.062499999999989342e-02,1.570749999999999957e+01,-3.226562500000085265e-02
2.488400000000000091e+03,6.562500000000000000e+01,7.062500000000015987e-02,1.566750000000000043e+01,-7.109375000000639488e-03
2.488500000000000000e+03,6.542358398437500000e+01,7.812500000000000000e-02,1.548000000000000043e+01,-1.859375000000085265e-02
2.488599999999999909e+03,6.502075195312500000e+01,3.062500000000012434e-02,1.565750000000000064e+01,1.039062499999943157e-02
2.488699999999999818e+03,6.458129882812500000e+01,8.124999999999715783e-03,1.557750000000000057e+01,-3.390625000000024869e-02
2.488800000000000182e+03,6.505737304687500000e+01,4.812499999999975131e-02,1.557000000000000028e+01,-2.570312500000060396e-02
2.488900000000000091e+03,6.480102539062500000e+01,4.062499999999991118e-02,1.574000000000000021e+01,5.468749999999467093e-03
2.489000000000000000e+03,6.417846679687500000e+01,6.062499999999992895e-02,1.543999999999999950e+01,-2.679687500000049738e-02
2.489099999999999909e+03,6.419677734375000000e+01,5.312500000000008882e-02,1.556000000000000050e+01,-2.187500000000053291e-02
2.489199999999999818e+03,6.381225585937500000e+01,4.562499999999980460e-02,1.570749999999999957e+01,-5.687500000000067502e-02
2.489300000000000182e+03,6.427001953125000000e+01,4.562499999999980460e-02,1.567999999999999972e+01,-3.226562500000085265e-02
2.489400000000000091e+03,6.350097656250000000e+01,5.062500000000014211e-02,1.565000000000000036e+01,-2.132812500000103029e-02
2.489500000000000000e+03,6.335449218750000000e+01,5.062500000000014211e-02,1.535749999999999993e+01,-4.976562500000092371e-02
2.489599999999999909e+03,6.344604492187500000e+01,5.312500000000008882e-02,1.557750000000000057e+01,-8.968750000000103029e-02
2.489699999999999818e+03,6.300659179687500000e+01,3.062500000000012434e-02,1.588499999999999979e+01,-7.054687500000067502e-02
2.489800000000000182e+03,6.348266601562500000e+01,4.562499999999980460e-02,1.550750000000000028e+01,-6.617187500000110134e-02
2.489900000000000091e+03,6.245727539062500000e+01,6.812499999999976907e-02,1.527999999999999936e+01,-2.789062500000039080e-02
2.490000000000000000e+03,6.253051757812500000e+01,4.312499999999985789e-02,1.567750000000000021e+01,-6.835937500000088818e-02
2.490099999999999909e+03,6.260375976562500000e+01,7.125000000000003553e-02,1.540000000000000036e+01,-3.609375000000092371e-02
2.490199999999999818e+03,6.218261718750000000e+01,3.312500000000007105e-02,1.552999999999999936e+01,-2.789062500000039080e-02
2.490300000000000182e+03,6.199951171875000000e+01,6.312499999999987566e-02,1.551500000000000057e+01,-2.898437500000028422e-02
2.490400000000000091e+03,6.166992187500000000e+01,4.312499999999985789e-02,1.578250000000000064e+01,-3.554687500000053291e-02
2.490500000000000000e+03,6.166992187500000000e+01,2.062499999999989342e-02,1.558000000000000007e+01,-7.656250000000053291e-02
2.490599999999999909e+03,6.181640625000000000e+01,4.562499999999980460e-02,1.557750000000000057e+01,-8.750000000000035527e-02
2.490699999999999818e+03,6.130371093750000000e+01,4.312499999999985789e-02,1.560999999999999943e+01,-5.031250000000042633e-02
2.490800000000000182e+03,6.106567382812500000e+01,3.062500000000012434e-02,1.549000000000000021e+01,-3.281250000000568434e-03
2.490900000000000091e+03,6.082763671875000000e+01,3.562500000000001776e-02,1.565000000000000036e+01,-4.046875000000049738e-02
2.491000000000000000e+03,6.090087890625000000e+01,2.562499999999978684e-02,1.567999999999999972e+01,2.734374999999289457e-03
2.491099999999999909e+03,6.102905273437500000e+01,4.062499999999991118e-02,1.564000000000000057e+01,-7.382812500000035527e-02
2.491199999999999818e+03,5.996704101562500000e+01,5.312500000000008882e-02,1.564499999999999957e+01,-4.210937500000078160e-02
2.491300000000000182e+03,6.036987304687500000e+01,6.062499999999992895e-02,1.564000000000000057e+01,5.468749999995026201e-04
2.491400000000000091e+03,6.011352539062500000e+01,1.312500000000005329e-02,1.536500000000000021e+01,-5.414062500000049738e-02
2.491500000000000000e+03,6.022338867187500000e+01,6.562499999999982236e-02,1.560999999999999943e+01,-4.484375000000095923e-02
2.491599999999999909e+03,5.991210937500000000e+01,3.812499999999996447e-02,1.583499999999999908e+01,-9.843750000000817124e-03
2.491699999999999818e+03,5.923461914062500000e+01,2.562499999999978684e-02,1.570999999999999908e+01,-9.187500000000081712e-02
2.491800000000000182e+03,5.958251953125000000e+01,3.562500000000001776e-02,1.575000000000000000e+01,-2.898437500000028422e-02
2.491900000000000091e+03,5.938110351562500000e+01,6.562499999999982236e-02,1.552500000000000036e+01,-6.070312500000074607e-02
2.492000000000000000e+03,5.947265625000000000e+01,3.812499999999996447e-02,1.560999999999999943e+01,-4.101562500000088818e-02
2.492099999999999909e+03,5.895996093750000000e+01,1.812499999999994671e-02,1.557000000000000028e+01,-2.351562500000081712e-02
2.492199999999999818e+03,5.853881835937500000e+01,4.312499999999985789e-02,1.549750000000000050e+01,-7.382812500000035527e-02
2.492300000000000182e+03,5.892333984375000000e+01,3.562500000000001776e-02,1.549750000000000050e+01,-2.406250000000031974e-02
2.492400000000000091e+03,5.872192382812500000e+01,1.062500000000010658e-02,1.557000000000000028e+01,-6.289062500000053291e-02
2.492500000000000000e+03,5.826416015625000000e+01,3.812499999999996447e-02,1.577500000000000036e+01,-1.804687500000046185e-02
2.492599999999999909e+03,5.822753906250000000e+01,5.812499999999998224e-02,1.552749999999999986e+01,-5.085937500000081712e-02
2.492699999999999818e+03,5.782470703125000000e+01,8.124999999999715783e-03,1.580499999999999972e+01,-1.093750000000008882e-01
2.492800000000000182e+03,5.819091796875000000e+01,6.312499999999987566e-02,1.553999999999999915e+01,-4.210937500000078160e-02
2.492900000000000091e+03,5.789794921875000000e+01,7.562500000000005329e-02,1.572000000000000064e+01,-8.750000000000035527e-02
2.493000000000000000e+03,5.742187500000000000e+01,1.562500000000000000e-02,1.573249999999999993e+01,-4.703125000000074607e-02
2.493099999999999909e+03,5.751342773437500000e+01,7.312500000000010658e-02,1.566000000000000014e+01,-6.617187500000110134e-02
2.493199999999999818e+03,5.712890625000000000e+01,6.312499999999987566e-02,1.548749999999999893e+01,-3.718750000000081712e-02
2.493300000000000182e+03,5.751342773437500000e+01,-9.374999999999911182e-03,1.551999999999999957e+01,-6.945312500000078160e-02
2.493400000000000091e+03,5.676269531250000000e+01,6.562499999999982236e-02,1.554999999999999893e+01,-8.203125000000532907e-03
2.493500000000000000e+03,5.668945312500000000e+01,5.624999999999769074e-03,1.556000000000000050e+01,-7.875000000000031974e-02
2.493599999999999909e+03,5.681762695312500000e+01,4.812499999999975131e-02,1.564000000000000057e+01,-6.781250000000049738e-02
2.493699999999999818e+03,5.645141601562500000e+01,4.062499999999991118e-02,1.566000000000000014e+01,-5.523437500000039080e-02
2.493800000000000182e+03,5.656127929687500000e+01,4.062499999999991118e-02,1.570999999999999908e+01,-3.281250000000035527e-02
2.493900000000000091e+03,5.603027343750000000e+01,2.562499999999978684e-02,1.540000000000000036e+01,-7.492187500000024869e-02
2.494000000000000000e+03,5.610351562500000000e+01,6.812499999999976907e-02,1.562999999999999901e+01,-6.289062500000053291e-02
2.494099999999999909e+03,5.621337890625000000e+01,3.062500000000012434e-02,1.567499999999999893e+01,-4.046875000000049738e-02
2.494199999999999818e+03,5.586547851562500000e+01,1.812499999999994671e-02,1.570999999999999908e+01,1.039062499999943157e-02
2.494300000000000182e+03,5.566406250000000000e+01,6.812499999999976907e-02,1.554749999999999943e+01,-1.055468750000008171e-01
2.494400000000000091e+03,5.544433593750000000e+01,3.062500000000012434e-02,1.545999999999999908e+01,-2.625000000000099476e-02
2.494500000000000000e+03,5.548095703125000000e+01,3.062500000000012434e-02,1.570999999999999908e+01,-5.468750000000355271e-03
2.494599999999999909e+03,5.562744140625000000e+01,3.312500000000007105e-02,1.582000000000000028e+01,-3.281250000000568434e-03
2.494699999999999818e+03,5.484008789062500000e+01,3.562500000000001776e-02,1.566999999999999993e+01,-1.531250000000028422e-02
2.494800000000000182e+03,5.493164062500000000e+01,4.812499999999975131e-02,1.566000000000000014e+01,-1.421875000000039080e-02
2.494900000000000091e+03,5.474853515625000000e+01,2.062499999999989342e-02,1.551750000000000007e+01,-7.601562500000103029e-02
2.495000000000000000e+03,5.480346679687500000e+01,5.062500000000014211e-02,1.568750000000000000e+01,-4.976562500000092371e-02
2.495099999999999909e+03,5.489501953125000000e+01,5.062500000000014211e-02,1.550999999999999979e+01,-4.921875000000852651e-03
2.495199999999999818e+03,5.396118164062500000e+01,4.312499999999985789e-02,1.571499999999999986e+01,-6.453125000000081712e-02
2.495300000000000182e+03,5.430908203125000000e+01,2.324999999999999289e-01,1.558750000000000036e+01,-8.203125000000532907e-03
2.495400000000000091e+03,5.412597656250000000e+01,4.812499999999975131e-02,1.556749999999999901e+01,-3.882812500000110134e-02
2.495500000000000000e+03,5.418090820312500000e+01,5.062500000000014211e-02,1.572000000000000064e+01,-2.351562500000081712e-02
2.495599999999999909e+03,5.381469726562500000e+01,6.562499999999982236e-02,1.557750000000000057e+01,-3.554687500000053291e-02
2.495699999999999818e+03,5.332031250000000000e+01,3.812499999999996447e-02,1.554499999999999993e+01,-3.171875000000046185e-02
2.495800000000000182e+03,5.368652343750000000e+01,3.062500000000012434e-02,1.572749999999999915e+01,7.656249999999253930e-03
2.495900000000000091e+03,5.352172851562500000e+01,1.312500000000005329e-02,1.558000000000000007e+01,-1.050000000000004263e-01
2.496000000000000000e+03,5.343017578125000000e+01,4.562499999999980460e-02,1.572000000000000064e+01,-7.109375000000106581e-02
2.496099999999999909e+03,5.324707031250000000e+01,4.312499999999985789e-02,1.530499999999999972e+01,-4.265625000000028422e-02
2.496199999999999818e+03,5.288085937500000000e+01,2.812499999999973355e-02,1.566000000000000014e+01,-5.578125000000078160e-02
2.496300000000000182e+03,5.322875976562500000e+01,6.812499999999976907e-02,1.562749999999999950e+01,1.640624999999928946e-02
2.496400000000000091e+03,5.306396484375000000e+01,2.062499999999989342e-02,1.539749999999999908e+01,-2.078125000000063949e-02
2.496500000000000000e+03,5.299072265625000000e+01,1.562500000000000000e-02,1.583999999999999986e+01,-4.648437500000035527e-02
2.496599999999999909e+03,5.310058593750000000e+01,3.562500000000001776e-02,1.541499999999999915e+01,-5.195312500000071054e-02
2.496699999999999818e+03,5.273437500000000000e+01,5.312500000000008882e-02,1.562999999999999901e+01,-2.953125000000067502e-02
2.496800000000000182e+03,5.311889648437500000e+01,3.812499999999996447e-02,1.575000000000000000e+01,-7.109375000000639488e-03
2.496900000000000091e+03,5.295410156250000000e+01,8.124999999999715783e-03,1.542999999999999972e+01,-6.507812500000031974e-02
2.497000000000000000e+03,5.300903320312500000e+01,4.876249999999999751e+00,1.559500000000000064e+01,2.147250000000000369e+01
2.497099999999999909e+03,5.310058593750000000e+01,2.917499999999999982e+00,1.550999999999999979e+01,1.544976562500000128e+01
2.497199999999999818e+03,5.273437500000000000e+01,2.919999999999999929e+00,1.553749999999999964e+01,1.546781250000000085e+01
2.497300000000000182e+03,5.313720703125000000e+01,2.987499999999999822e+00,1.557750000000000057e+01,1.549843750000000142e+01
2.497400000000000091e+03,5.407104492187500000e+01,2.984999999999999876e+00,1.544749999999999979e+01,1.554710937500000156e+01
2.497500000000000000e+03,5.418090820312500000e+01,2.972500000000000142e+00,1.565000000000000036e+01,1.544867187500000050e+01
2.497599999999999909e+03,5.432739257812500000e+01,2.942499999999999893e+00,1.575750000000000028e+01,1.547820312500000028e+01
2.497699999999999818e+03,5.394287109375000000e+01,2.964999999999999858e+00,1.554999999999999893e+01,1.540546875000000071e+01
2.497800000000000182e+03,5.623168945312500000e+01,3.004999999999999893e+00,1.562999999999999901e+01,1.551374999999999993e+01
2.497900000000000091e+03,5.670776367187500000e+01,2.990000000000000213e+00,1.545749999999999957e+01,1.545742187500000142e+01
2.498000000000000000e+03,5.678100585937500000e+01,3.032500000000000195e+00,1.566999999999999993e+01,1.545250000000000057e+01
2.498099999999999909e+03,5.690917968750000000e+01,3.044999999999999929e+00,1.565000000000000036e+01,1.547710937500000128e+01
2.498199999999999818e+03,5.696411132812500000e+01,3.057500000000000107e+00,1.558000000000000007e+01,1.543335937500000021e+01
2.498300000000000182e+03,6.038818359375000000e+01,3.047499999999999876e+00,1.551999999999999957e+01,1.549132812500000078e+01
2.498400000000000091e+03,6.031494140625000000e+01,3.052500000000000213e+00,1.548000000000000043e+01,1.548750000000000071e+01
2.498500000000000000e+03,6.036987304687500000e+01,3.024999999999999911e+00,1.552500000000000036e+01,1.545851562500000043e+01
2.498599999999999909e+03,6.049804687500000000e+01,3.069999999999999840e+00,1.561749999999999972e+01,1.543992187500000135e+01
2.498699999999999818e+03,6.408691406250000000e+01,3.062500000000000000e+00,1.562999999999999901e+01,1.548093750000000135e+01
2.498800000000000182e+03,6.513061523437500000e+01,3.067499999999999893e+00,1.558750000000000036e+01,1.540765625000000050e+01
2.498900000000000091e+03,6.489257812500000000e+01,3.072499999999999787e+00,1.573749999999999893e+01,1.543500000000000050e+01
2.499000000000000000e+03,6.503906250000000000e+01,3.040000000000000036e+00,1.576999999999999957e+01,1.543609375000000128e+01
2.499099999999999909e+03,6.694335937500000000e+01,3.080000000000000071e+00,1.555749999999999922e+01,1.548750000000000071e+01
2.499199999999999818e+03,6.835327148437500000e+01,3.125000000000000000e+00,1.564000000000000057e+01,1.548312500000000114e+01
2.499300000000000182e+03,6.886596679687500000e+01,3.107499999999999929e+00,1.585500000000000043e+01,1.545796875000000092e+01
2.499400000000000091e+03,6.855468750000000000e+01,3.115000000000000213e+00,1.585749999999999993e+01,1.544484375000000043e+01
2.499500000000000000e+03,6.870117187500000000e+01,3.125000000000000000e+00,1.567999999999999972e+01,1.540437499999999993e+01
2.499599999999999909e+03,7.181396484375000000e+01,3.100000000000000089e+00,1.569999999999999929e+01,1.550062500000000121e+01
2.499699999999999818e+03,7.157592773437500000e+01,3.177500000000000213e+00,1.544999999999999929e+01,1.547765625000000078e+01
2.499800000000000182e+03,7.207031250000000000e+01,3.117500000000000160e+00,1.567999999999999972e+01,1.547984375000000057e+01
2.499900000000000091e+03,7.177734375000000000e+01,3.167499999999999982e+00,1.550000000000000000e+01,1.545796875000000092e+01
2.500000000000000000e+03,7.397460937500000000e+01,3.152499999999999858e+00,1.550499999999999901e+01,1.538687500000000163e+01
2.500099999999999909e+03,7.479858398437500000e+01,3.154999999999999805e+00,1.552999999999999936e+01,1.548476562500000142e+01
2.500199999999999818e+03,7.441406250000000000e+01,3.174999999999999822e+00,1.566750000000000043e+01,1.549953125000000043e+01
2.500300000000000182e+03,7.489013671875000000e+01,3.192499999999999893e+00,1.588250000000000028e+01,1.551374999999999993e+01
2.500400000000000091e+03,7.487182617187500000e+01,3.217499999999999805e+00,1.569749999999999979e+01,1.543773437500000156e+01
2.500500000000000000e+03,7.723388671875000000e+01,3.194999999999999840e+00,1.561999999999999922e+01,1.542351562500000028e+01
2.500599999999999909e+03,7.743530273437500000e+01,3.205000000000000071e+00,1.553999999999999915e+01,1.549460937500000135e+01
2.500699999999999818e+03,7.699584960937500000e+01,3.229999999999999982e+00,1.551750000000000007e+01,1.551648437500000099e+01
2.500800000000000182e+03,7.749023437500000000e+01,3.207500000000000018e+00,1.575000000000000000e+01,1.547710937500000128e+01
2.500900000000000091e+03,7.917480468750000000e+01,3.212499999999999911e+00,1.548749999999999893e+01,1.549953125000000043e+01
2.501000000000000000e+03,7.974243164062500000e+01,3.222500000000000142e+00,1.573499999999999943e+01,1.548914062500000099e+01
2.501099999999999909e+03,7.985229492187500000e+01,3.197499999999999787e+00,1.575750000000000028e+01,1.547929687500000107e+01
2.501199999999999818e+03,7.941284179687500000e+01,3.229999999999999982e+00,1.527999999999999936e+01,1.546835937500000036e+01
2.501300000000000182e+03,8.093261718750000000e+01,3.220000000000000195e+00,1.578999999999999915e+01,1.550062500000000121e+01
2.501400000000000091e+03,8.177490234375000000e+01,3.240000000000000213e+00,1.559999999999999964e+01,1.542132812500000050e+01
2.501500000000000000e+03,8.204956054687500000e+01,3.277499999999999858e+00,1.573000000000000043e+01,1.546835937500000036e+01
2.501599999999999909e+03,8.215942382812500000e+01,3.265000000000000124e+00,1.538749999999999929e+01,1.547656250000000000e+01
2.501699999999999818e+03,8.171997070312500000e+01,3.240000000000000213e+00,1.580499999999999972e+01,1.545250000000000057e+01
2.501800000000000182e+03,8.413696289062500000e+01,3.299999999999999822e+00,1.570500000000000007e+01,1.541531250000000064e+01
2.501900000000000091e+03,8.391723632812500000e+01,3.285000000000000142e+00,1.554749999999999943e+01,1.542734375000000036e+01
2.502000000000000000e+03,8.415527343750000000e+01,3.302500000000000213e+00,1.560749999999999993e+01,1.544703125000000021e+01
2.502099999999999909e+03,8.424682617187500000e+01,3.290000000000000036e+00,1.583000000000000007e+01,1.545031250000000078e+01
2.502199999999999818e+03,8.525390625000000000e+01,3.299999999999999822e+00,1.559999999999999964e+01,1.549843750000000142e+01
2.502300000000000182e+03,8.637084960937500000e+01,3.294999999999999929e+00,1.566999999999999993e+01,1.541968750000000021e+01
2.502400000000000091e+03,8.600463867187500000e+01,3.319999999999999840e+00,1.562999999999999901e+01,1.545414062500000085e+01
2.502500000000000000e+03,8.626098632812500000e+01,3.354999999999999982e+00,1.538749999999999929e+01,1.549296875000000107e+01
2.502599999999999909e+03,8.649902343750000000e+01,3.332500000000000018e+00,1.544999999999999929e+01,1.543718750000000028e+01
2.502699999999999818e+03,8.772583007812500000e+01,3.322499999999999787e+00,1.576999999999999957e+01,1.542132812500000050e+01
2.502800000000000182e+03,8.836669921875000000e+01,3.377499999999999947e+00,1.550999999999999979e+01,1.540929687500000078e+01
2.502900000000000091e+03,8.792724609375000000e+01,3.347500000000000142e+00,1.559999999999999964e+01,1.546289062500000000e+01
2.503000000000000000e+03,8.827514648437500000e+01,3.370000000000000107e+00,1.550999999999999979e+01,1.542953125000000014e+01
2.503099999999999909e+03,8.986816406250000000e+01,3.347500000000000142e+00,1.552999999999999936e+01,1.542406250000000156e+01
2.503199999999999818e+03,8.959350585937500000e+01,3.382499999999999840e+00,1.551999999999999957e+01,1.548585937500000043e+01
2.503300000000000182e+03,9.025268554687500000e+01,3.375000000000000000e+00,1.566999999999999993e+01,1.537101562500000007e+01
2.503400000000000091e+03,8.983154296875000000e+01,3.382499999999999840e+00,1.553999999999999915e+01,1.544265625000000064e+01
2.503500000000000000e+03,9.089355468750000000e+01,3.390000000000000124e+00,1.534999999999999964e+01,1.544156250000000163e+01
2.503599999999999909e+03,9.195556640625000000e+01,3.367500000000000160e+00,1.572000000000000064e+01,1.546835937500000036e+01
2.503699999999999818e+03,9.162597656250000000e+01,3.392500000000000071e+00,1.558000000000000007e+01,1.547765625000000078e+01
2.503800000000000182e+03,9.212036132812500000e+01,3.415000000000000036e+00,1.556000000000000050e+01,1.540328125000000092e+01
2.503900000000000091e+03,9.169921875000000000e+01,3.379999999999999893e+00,1.540000000000000036e+01,1.544156250000000163e+01
2.504000000000000000e+03,9.378662109375000000e+01,3.417499999999999982e+00,1.558750000000000036e+01,1.546671875000000007e+01
2.504099999999999909e+03,9.384155273437500000e+01,3.407500000000000195e+00,1.561749999999999972e+01,1.544101562500000036e+01
2.504199999999999818e+03,9.336547851562500000e+01,3.427500000000000213e+00,1.551999999999999957e+01,1.546070312500000021e+01
2.504300000000000182e+03,9.395141601562500000e+01,3.472500000000000142e+00,1.564749999999999908e+01,1.548367187500000064e+01
2.504400000000000091e+03,9.492187500000000000e+01,3.459999999999999964e+00,1.546749999999999936e+01,1.542679687500000085e+01
2.504500000000000000e+03,9.558105468750000000e+01,3.427500000000000213e+00,1.560999999999999943e+01,1.543171874999999993e+01
2.504599999999999909e+03,9.569091796875000000e+01,3.442499999999999893e+00,1.568999999999999950e+01,1.549406250000000007e+01
2.504699999999999818e+03,9.521484375000000000e+01,3.457500000000000018e+00,1.535749999999999993e+01,1.546562500000000107e+01
2.504800000000000182e+03,9.605712890625000000e+01,3.417499999999999982e+00,1.558000000000000007e+01,1.542296875000000078e+01
2.504900000000000091e+03,9.689941406250000000e+01,3.495000000000000107e+00,1.581499999999999950e+01,1.546398437500000078e+01
2.505000000000000000e+03,9.726562500000000000e+01,3.479999999999999982e+00,1.542750000000000021e+01,1.547273437499999993e+01
2.505099999999999909e+03,9.735717773437500000e+01,3.472500000000000142e+00,1.551999999999999957e+01,1.543335937500000021e+01
2.505199999999999818e+03,9.693603515625000000e+01,3.507500000000000284e+00,1.568999999999999950e+01,1.541367187500000036e+01
2.505300000000000182e+03,9.906005859375000000e+01,3.522499999999999964e+00,1.541000000000000014e+01,1.544757812500000149e+01
2.505400000000000091e+03,9.876708984375000000e+01,3.504999999999999893e+00,1.550750000000000028e+01,1.544156250000000163e+01
2.505500000000000000e+03,9.909667968750000000e+01,3.497500000000000053e+00,1.550000000000000000e+01,1.543281250000000071e+01
2.505599999999999909e+03,9.913330078125000000e+01,3.530000000000000249e+00,1.568999999999999950e+01,1.547820312500000028e+01
2.505699999999999818e+03,9.960937500000000000e+01,3.517500000000000071e+00,1.566000000000000014e+01,1.542187500000000000e+01
2.505800000000000182e+03,1.009277343750000000e+02,3.542499999999999982e+00,1.535999999999999943e+01,1.548093750000000135e+01
2.505900000000000091e+03,1.004333496093750000e+02,3.542499999999999982e+00,1.556000000000000050e+01,1.548312500000000114e+01
2.506000000000000000e+03,1.008361816406250000e+02,3.542499999999999982e+00,1.543750000000000000e+01,1.542953125000000014e+01
2.506099999999999909e+03,1.008911132812500000e+02,3.589999999999999858e+00,1.532000000000000028e+01,1.546015625000000071e+01
2.506199999999999818e+03,1.019714355468750000e+02,3.484999999999999876e+00,1.565750000000000064e+01,1.545523437500000163e+01
2.506300000000000182e+03,1.026672363281250000e+02,3.562500000000000000e+00,1.539749999999999908e+01,1.546398437500000078e+01
2.506400000000000091e+03,1.021545410156250000e+02,3.589999999999999858e+00,1.570749999999999957e+01,1.542460937500000107e+01
2.506500000000000000e+03,1.025207519531250000e+02,3.567499999999999893e+00,1.558000000000000007e+01,1.546398437500000078e+01
2.506599999999999909e+03,1.038757324218750000e+02,3.594999999999999751e+00,1.561999999999999922e+01,1.545195312500000107e+01
2.506699999999999818e+03,1.038574218750000000e+02,3.584999999999999964e+00,1.533999999999999986e+01,1.546179687500000099e+01
2.506800000000000182e+03,1.043518066406250000e+02,3.600000000000000089e+00,1.565000000000000036e+01,1.549296875000000107e+01
2.506900000000000091e+03,1.038574218750000000e+02,3.572499999999999787e+00,1.552749999999999986e+01,1.550828125000000135e+01
2.507000000000000000e+03,1.046997070312500000e+02,3.600000000000000089e+00,1.563749999999999929e+01,1.544757812500000149e+01
2.507099999999999909e+03,1.059265136718750000e+02,3.645000000000000018e+00,1.541999999999999993e+01,1.541640625000000142e+01
2.507199999999999818e+03,1.055236816406250000e+02,3.634999999999999787e+00,1.539749999999999908e+01,1.548093750000000135e+01
2.507300000000000182e+03,1.061096191406250000e+02,3.632500000000000284e+00,1.566000000000000014e+01,1.547765625000000078e+01
2.507400000000000091e+03,1.055236816406250000e+02,3.674999999999999822e+00,1.562999999999999901e+01,1.547929687500000107e+01
2.507500000000000000e+03,1.075378417968750000e+02,3.680000000000000160e+00,1.558999999999999986e+01,1.548148437500000085e+01
2.507599999999999909e+03,1.077941894531250000e+02,3.627499999999999947e+00,1.549750000000000050e+01,1.548093750000000135e+01
2.507699999999999818e+03,1.073547363281250000e+02,3.702500000000000124e+00,1.532000000000000028e+01,1.546398437500000078e+01
2.507800000000000182e+03,1.078857421875000000e+02,3.669999999999999929e+00,1.554749999999999943e+01,1.545851562500000043e+01
2.507900000000000091e+03,1.082885742187500000e+02,3.674999999999999822e+00,1.566000000000000014e+01,1.547328125000000121e+01
2.508000000000000000e+03,1.093688964843750000e+02,3.705000000000000071e+00,1.567999999999999972e+01,1.547437500000000021e+01
2.508099999999999909e+03,1.093688964843750000e+02,3.719999999999999751e+00,1.554749999999999943e+01,1.544046875000000085e+01
2.508199999999999818e+03,1.089477539062500000e+02,3.637500000000000178e+00,1.541999999999999993e+01,1.549023437500000000e+01
2.508300000000000182e+03,1.095520019531250000e+02,3.725000000000000089e+00,1.553749999999999964e+01,1.549625000000000163e+01
2.508400000000000091e+03,1.106323242187500000e+02,3.740000000000000213e+00,1.558999999999999986e+01,1.553781250000000114e+01
2.508500000000000000e+03,1.111450195312500000e+02,3.725000000000000089e+00,1.574000000000000021e+01,1.547929687500000107e+01
2.508599999999999909e+03,1.111267089843750000e+02,3.752499999999999947e+00,1.544749999999999979e+01,1.547328125000000121e+01
2.508699999999999818e+03,1.107604980468750000e+02,3.780000000000000249e+00,1.561749999999999972e+01,1.552085937500000057e+01
2.508800000000000182e+03,1.126647949218750000e+02,3.772499999999999964e+00,1.559750000000000014e+01,1.550226562500000149e+01
2.508900000000000091e+03,1.124450683593750000e+02,3.774999999999999911e+00,1.577749999999999986e+01,1.548859375000000149e+01
2.509000000000000000e+03,1.128479003906250000e+02,3.790000000000000036e+00,1.549750000000000050e+01,1.543609375000000128e+01
2.509099999999999909e+03,1.128479003906250000e+02,3.787500000000000089e+00,1.566249999999999964e+01,1.545085937500000028e+01
2.509199999999999818e+03,1.131042480468750000e+02,3.822499999999999787e+00,1.559999999999999964e+01,1.545468750000000036e+01
2.509300000000000182e+03,1.146789550781250000e+02,3.822499999999999787e+00,1.575999999999999979e+01,1.543773437500000156e+01
2.509400000000000091e+03,1.141113281250000000e+02,3.832500000000000018e+00,1.570999999999999908e+01,1.552085937500000057e+01
2.509500000000000000e+03,1.145690917968750000e+02,3.877499999999999947e+00,1.547000000000000064e+01,1.545250000000000057e+01
2.509599999999999909e+03,1.145507812500000000e+02,3.882500000000000284e+00,1.561249999999999893e+01,1.546289062500000000e+01
2.509699999999999818e+03,1.157958984375000000e+02,3.870000000000000107e+00,1.558999999999999986e+01,1.547164062500000092e+01
2.509800000000000182e+03,1.164916992187500000e+02,3.899999999999999911e+00,1.581499999999999950e+01,1.547218750000000043e+01
2.509900000000000091e+03,1.159057617187500000e+02,3.905000000000000249e+00,1.545999999999999908e+01,1.549242187500000156e+01
2.510000000000000000e+03,1.163452148437500000e+02,3.924999999999999822e+00,1.559999999999999964e+01,1.540382812500000043e+01
2.510099999999999909e+03,1.175354003906250000e+02,3.942499999999999893e+00,1.562999999999999901e+01,1.544757812500000149e+01
2.510199999999999818e+03,1.177551269531250000e+02,3.984999999999999876e+00,1.569749999999999979e+01,1.549132812500000078e+01
2.510300000000000182e+03,1.183410644531250000e+02,4.000000000000000000e+00,1.566999999999999993e+01,1.543609375000000128e+01
2.510400000000000091e+03,1.177185058593750000e+02,3.979999999999999982e+00,1.556000000000000050e+01,1.547656250000000000e+01
2.510500000000000000e+03,1.183593750000000000e+02,3.987499999999999822e+00,1.537749999999999950e+01,1.545960937500000121e+01
2.510599999999999909e+03,1.198608398437500000e+02,4.004999999999999893e+00,1.562500000000000000e+01,1.546343750000000128e+01
2.510699999999999818e+03,1.195678710937500000e+02,4.017500000000000071e+00,1.542999999999999972e+01,1.546234375000000050e+01
2.510800000000000182e+03,1.201538085937500000e+02,4.027499999999999858e+00,1.545749999999999957e+01,1.544375000000000142e+01
2.510900000000000091e+03,1.194946289062500000e+02,4.064999999999999503e+00,1.564000000000000057e+01,1.546179687500000099e+01
2.511000000000000000e+03,1.215637207031250000e+02,4.062500000000000000e+00,1.558999999999999986e+01,1.546890625000000163e+01
2.511099999999999909e+03,1.217285156250000000e+02,4.052500000000000213e+00,1.541000000000000014e+01,1.548531250000000092e+01
2.511199999999999818e+03,1.213806152343750000e+02,4.097500000000000142e+00,1.564000000000000057e+01,1.547765625000000078e+01
2.511300000000000182e+03,1.219665527343750000e+02,4.072499999999999787e+00,1.545999999999999908e+01,1.545851562500000043e+01
2.511400000000000091e+03,1.221679687500000000e+02,4.117499999999999716e+00,1.540750000000000064e+01,1.542679687500000085e+01
2.511500000000000000e+03,1.237243652343750000e+02,4.142500000000000071e+00,1.565000000000000036e+01,1.542460937500000107e+01
2.511599999999999909e+03,1.236145019531250000e+02,4.142500000000000071e+00,1.568999999999999950e+01,1.543390625000000149e+01
2.511699999999999818e+03,1.233032226562500000e+02,4.152499999999999858e+00,1.560999999999999943e+01,1.553890625000000014e+01
2.511800000000000182e+03,1.238708496093750000e+02,4.192499999999999893e+00,1.562999999999999901e+01,1.546507812500000156e+01
2.511900000000000091e+03,1.233215332031250000e+02,4.174999999999999822e+00,1.566750000000000043e+01,1.547546875000000099e+01
2.512000000000000000e+03,1.238342285156250000e+02,4.197499999999999787e+00,1.568750000000000000e+01,1.543664062500000078e+01
2.512099999999999909e+03,1.237792968750000000e+02,4.189999999999999503e+00,1.566499999999999915e+01,1.545796875000000092e+01
2.512199999999999818e+03,1.234313964843750000e+02,8.312499999999989342e-02,1.561999999999999922e+01,-4.812500000000063949e-02
2.512300000000000182e+03,1.239624023437500000e+02,5.812499999999998224e-02,1.569999999999999929e+01,-8.968750000000103029e-02
2.512400000000000091e+03,1.233764648437500000e+02,2.062499999999989342e-02,1.570999999999999908e+01,-4.484375000000095923e-02
2.512500000000000000e+03,1.237792968750000000e+02,6.062499999999992895e-02,1.551999999999999957e+01,-6.562500000000071054e-02
2.512599999999999909e+03,1.237609863281250000e+02,5.312500000000008882e-02,1.558999999999999986e+01,-5.468750000000355271e-03
2.512699999999999818e+03,1.233947753906250000e+02,5.062500000000014211e-02,1.565000000000000036e+01,-6.562500000000248690e-03
2.512800000000000182e+03,1.238708496093750000e+02,4.062499999999991118e-02,1.563749999999999929e+01,-1.421875000000039080e-02
2.512900000000000091e+03,1.232116699218750000e+02,4.562499999999980460e-02,1.580250000000000021e+01,-8.968750000000103029e-02
2.513000000000000000e+03,1.237609863281250000e+02,5.062500000000014211e-02,1.548749999999999893e+01,-2.242187500000092371e-02
2.513099999999999909e+03,1.236328125000000000e+02,2.812499999999973355e-02,1.551999999999999957e+01,-5.851562500000095923e-02
2.513199999999999818e+03,1.217102050781250000e+02,6.562499999999982236e-02,1.554999999999999893e+01,-5.031250000000042633e-02
2.513300000000000182e+03,1.220947265625000000e+02,4.312499999999985789e-02,1.556749999999999901e+01,-1.421875000000039080e-02
2.513400000000000091e+03,1.214355468750000000e+02,5.062500000000014211e-02,1.559999999999999964e+01,-3.226562500000085265e-02
2.513500000000000000e+03,1.219116210937500000e+02,4.062499999999991118e-02,1.565750000000000064e+01,-6.125000000000024869e-02
2.513599999999999909e+03,1.201538085937500000e+02,1.812499999999994671e-02,1.549750000000000050e+01,-6.945312500000078160e-02
2.513699999999999818e+03,1.183044433593750000e+02,5.562500000000003553e-02,1.569749999999999979e+01,-5.359375000000099476e-02
2.513800000000000182e+03,1.188537597656250000e+02,4.562499999999980460e-02,1.566000000000000014e+01,-5.851562500000095923e-02
2.513900000000000091e+03,1.181945800781250000e+02,2.812499999999973355e-02,1.562749999999999950e+01,2.570312499999971578e-02
2.514000000000000000e+03,1.186706542968750000e+02,5.624999999999769074e-03,1.559999999999999964e+01,-2.078125000000063949e-02
2.514099999999999909e+03,1.145507812500000000e+02,6.562499999999982236e-02,1.581499999999999950e+01,-5.632812500000028422e-02
2.514199999999999818e+03,1.138549804687500000e+02,6.812499999999976907e-02,1.573000000000000043e+01,-2.187500000000053291e-02
2.514300000000000182e+03,1.144592285156250000e+02,2.312499999999984013e-02,1.544749999999999979e+01,-1.312500000000049738e-02
2.514400000000000091e+03,1.138366699218750000e+02,9.499999999999975131e-02,1.570999999999999908e+01,-8.585937500000095923e-02
2.514500000000000000e+03,1.113464355468750000e+02,8.625000000000015987e-02,1.559750000000000014e+01,1.421874999999950262e-02
2.514599999999999909e+03,1.106140136718750000e+02,4.562499999999980460e-02,1.560999999999999943e+01,-6.945312500000078160e-02
2.514699999999999818e+03,1.102294921875000000e+02,4.312499999999985789e-02,1.556000000000000050e+01,5.468749999995026201e-04
2.514800000000000182e+03,1.107604980468750000e+02,3.062500000000012434e-02,1.565750000000000064e+01,-7.656250000000053291e-02
2.514900000000000091e+03,1.092041015625000000e+02,5.312500000000008882e-02,1.557000000000000028e+01,-8.257812500000039080e-02
2.515000000000000000e+03,1.075195312500000000e+02,4.062499999999991118e-02,1.565000000000000036e+01,-4.101562500000088818e-02
2.515099999999999909e+03,1.074462890625000000e+02,8.312499999999989342e-02,1.560500000000000043e+01,-1.531250000000028422e-02
2.515199999999999818e+03,1.070434570312500000e+02,4.562499999999980460e-02,1.547749999999999915e+01,2.734374999999289457e-03
2.515300000000000182e+03,1.076293945312500000e+02,5.062500000000014211e-02,1.581000000000000050e+01,-3.773437500000031974e-02
2.515400000000000091e+03,1.046264648437500000e+02,4.562499999999980460e-02,1.556000000000000050e+01,3.281249999999680256e-03
2.515500000000000000e+03,1.047180175781250000e+02,7.812500000000000000e-02,1.581499999999999950e+01,8.749999999999147349e-03
2.515599999999999909e+03,1.047912597656250000e+02,3.312500000000007105e-02,1.575999999999999979e+01,-2.570312500000060396e-02
2.515699999999999818e+03,1.043334960937500000e+02,2.062499999999989342e-02,1.561749999999999972e+01,-2.515625000000110134e-02
2.515800000000000182e+03,1.033630371093750000e+02,5.062500000000014211e-02,1.561999999999999922e+01,-1.531250000000028422e-02
2.515900000000000091e+03,1.019897460937500000e+02,3.562500000000001776e-02,1.549000000000000021e+01,-9.843750000000106581e-02
2.516000000000000000e+03,1.023193359375000000e+02,5.812499999999998224e-02,1.558000000000000007e+01,-8.312500000000078160e-02
2.516099999999999909e+03,1.023193359375000000e+02,3.812499999999996447e-02,1.561999999999999922e+01,-6.781250000000049738e-02
2.516199999999999818e+03,1.019714355468750000e+02,5.562500000000003553e-02,1.584500000000000064e+01,-4.429687500000056843e-02
2.516300000000000182e+03,1.004882812500000000e+02,2.562499999999978684e-02,1.564000000000000057e+01,-4.757812500000024869e-02
2.516400000000000091e+03,9.986572265625000000e+01,4.062499999999991118e-02,1.561999999999999922e+01,3.828124999999182876e-03
2.516500000000000000e+03,1.002136230468750000e+02,4.812499999999975131e-02,1.565750000000000064e+01,1.695312499999968026e-02
2.516599999999999909e+03,1.002685546875000000e+02,2.812499999999973355e-02,1.549750000000000050e+01,-5.031250000000042633e-02
2.516699999999999818e+03,9.827270507812500000e+01,3.062500000000012434e-02,1.547000000000000064e+01,-9.187500000000081712e-02
2.516800000000000182e+03,9.836425781250000000e+01,1.562500000000000000e-02,1.541999999999999993e+01,-3.992187500000099476e-02
2.516900000000000091e+03,9.794311523437500000e+01,4.562499999999980460e-02,1.552999999999999936e+01,-1.060937500000003197e-01
2.517000000000000000e+03,9.819946289062500000e+01,4.062499999999991118e-02,1.562749999999999950e+01,-6.289062500000053291e-02
2.517099999999999909e+03,9.770507812500000000e+01,7.062500000000015987e-02,1.530749999999999922e+01,-2.460937500000071054e-02
2.517199999999999818e+03,9.613037109375000000e+01,3.312500000000007105e-02,1.556749999999999901e+01,5.085937499999904077e-02
2.517300000000000182e+03,9.660644531250000000e+01,5.312500000000008882e-02,1.562999999999999901e+01,-8.585937500000095923e-02
2.517400000000000091e+03,9.605712890625000000e+01,5.312500000000008882e-02,1.556749999999999901e+01,-2.515625000000110134e-02
2.517500000000000000e+03,9.642333984375000000e+01,2.062499999999989342e-02,1.577999999999999936e+01,-6.015625000000035527e-02
2.517599999999999909e+03,9.492187500000000000e+01,5.562500000000003553e-02,1.551999999999999957e+01,-1.750000000000095923e-02
2.517699999999999818e+03,9.435424804687500000e+01,5.562500000000003553e-02,1.565000000000000036e+01,-6.125000000000024869e-02
2.517800000000000182e+03,9.486694335937500000e+01,3.062500000000012434e-02,1.543999999999999950e+01,-4.156250000000039080e-02
2.517900000000000091e+03,9.437255859375000000e+01,6.562499999999982236e-02,1.567999999999999972e+01,1.640624999999396039e-03
2.518000000000000000e+03,9.364013671875000000e+01,4.062499999999991118e-02,1.566499999999999915e+01,-8.257812500000039080e-02
2.518099999999999909e+03,9.309082031250000000e+01,4.312499999999985789e-02,1.558999999999999986e+01,-6.398437500000042633e-02
2.518199999999999818e+03,9.265136718750000000e+01,5.562500000000003553e-02,1.552999999999999936e+01,-6.234375000000103029e-02
2.518300000000000182e+03,9.314575195312500000e+01,-1.437500000000024869e-02,1.551999999999999957e+01,-5.195312500000071054e-02
2.518400000000000091e+03,9.266967773437500000e+01,4.562499999999980460e-02,1.556000000000000050e+01,-1.039062500000031974e-02
2.518500000000000000e+03,9.157104492187500000e+01,5.062500000000014211e-02,1.562749999999999950e+01,-6.234375000000103029e-02
2.518599999999999909e+03,9.155273437500000000e+01,5.062500000000014211e-02,1.557000000000000028e+01,-7.328125000000085265e-02
2.518699999999999818e+03,9.113159179687500000e+01,5.812499999999998224e-02,1.561999999999999922e+01,-5.578125000000078160e-02
2.518800000000000182e+03,9.166259765625000000e+01,6.562499999999982236e-02,1.564250000000000007e+01,-4.539062500000046185e-02
2.518900000000000091e+03,8.999633789062500000e+01,3.812499999999996447e-02,1.562999999999999901e+01,-7.546875000000063949e-02
2.519000000000000000e+03,9.001464843750000000e+01,4.312499999999985789e-02,1.547749999999999915e+01,-2.570312500000060396e-02
2.519099999999999909e+03,9.008789062500000000e+01,4.312499999999985789e-02,1.574000000000000021e+01,-3.062500000000056843e-02
2.519199999999999818e+03,8.963012695312500000e+01,6.812499999999976907e-02,1.545999999999999908e+01,-3.171875000000046185e-02
2.519300000000000182e+03,8.979492187500000000e+01,7.062500000000015987e-02,1.574000000000000021e+01,-3.281250000000035527e-02
2.519400000000000091e+03,8.840332031250000000e+01,3.312500000000007105e-02,1.551750000000000007e+01,-6.562500000000248690e-03
2.519500000000000000e+03,8.860473632812500000e+01,7.062500000000015987e-02,1.562999999999999901e+01,-3.062500000000056843e-02
2.519599999999999909e+03,8.867797851562500000e+01,3.562500000000001776e-02,1.578999999999999915e+01,-7.546875000000063949e-02
2.519699999999999818e+03,8.823852539062500000e+01,-4.375000000000017764e-03,1.574249999999999972e+01,-7.765625000000042633e-02
2.519800000000000182e+03,8.750610351562500000e+01,3.062500000000012434e-02,1.558750000000000036e+01,-4.921875000000053291e-02
2.519900000000000091e+03,8.690185546875000000e+01,6.812499999999976907e-02,1.516999999999999993e+01,-4.867187500000103029e-02
2.520000000000000000e+03,8.712158203125000000e+01,3.812499999999996447e-02,1.584500000000000064e+01,2.515624999999932498e-02
2.520099999999999909e+03,8.728637695312500000e+01,9.499999999999975131e-02,1.549750000000000050e+01,-5.960937500000085265e-02
2.520199999999999818e+03,8.602294921875000000e+01,4.812499999999975131e-02,1.574499999999999922e+01,-4.812500000000063949e-02
2.520300000000000182e+03,8.600463867187500000e+01,3.062500000000012434e-02,1.558999999999999986e+01,1.585937499999889866e-02
2.520400000000000091e+03,8.552856445312500000e+01,6.062499999999992895e-02,1.591499999999999915e+01,-3.664062500000042633e-02
2.520500000000000000e+03,8.576660156250000000e+01,3.812499999999996447e-02,1.539000000000000057e+01,-5.578125000000078160e-02
2.520599999999999909e+03,8.587646484375000000e+01,5.062500000000014211e-02,1.546749999999999936e+01,-7.656250000000053291e-02
2.520699999999999818e+03,8.415527343750000000e+01,6.562499999999982236e-02,1.575000000000000000e+01,-4.429687500000056843e-02
2.520800000000000182e+03,8.455810546875000000e+01,3.812499999999996447e-02,1.550750000000000028e+01,-5.960937500000085265e-02
2.520900000000000091e+03,8.415527343750000000e+01,5.062500000000014211e-02,1.568999999999999950e+01,-1.039062500000031974e-02
2.521000000000000000e+03,8.435668945312500000e+01,2.562499999999978684e-02,1.547749999999999915e+01,-4.375000000000106581e-02
2.521099999999999909e+03,8.342285156250000000e+01,6.312499999999987566e-02,1.550000000000000000e+01,-4.210937500000078160e-02
2.521199999999999818e+03,8.274536132812500000e+01,2.062499999999989342e-02,1.580749999999999922e+01,-1.695312500000056843e-02
2.521300000000000182e+03,8.322143554687500000e+01,5.562500000000003553e-02,1.581499999999999950e+01,-2.406250000000031974e-02
2.521400000000000091e+03,8.280029296875000000e+01,3.812499999999996447e-02,1.545999999999999908e+01,2.187499999998898659e-03
2.521500000000000000e+03,8.274536132812500000e+01,3.062500000000012434e-02,1.536999999999999922e+01,-5.250000000000110134e-02
2.521599999999999909e+03,8.201293945312500000e+01,-4.437500000000005329e-02,1.542999999999999972e+01,-2.734375000001065814e-03
2.521699999999999818e+03,8.155517578125000000e+01,4.812499999999975131e-02,1.548499999999999943e+01,-5.632812500000028422e-02
2.521800000000000182e+03,8.201293945312500000e+01,4.312499999999985789e-02,1.577999999999999936e+01,-4.976562500000092371e-02
2.521900000000000091e+03,8.161010742187500000e+01,3.562500000000001776e-02,1.544500000000000028e+01,-6.343750000000092371e-02
2.522000000000000000e+03,8.074951171875000000e+01,6.312499999999987566e-02,1.569999999999999929e+01,-7.546875000000063949e-02
2.522099999999999909e+03,8.060302734375000000e+01,2.062499999999989342e-02,1.532750000000000057e+01,-3.992187500000099476e-02
2.522199999999999818e+03,8.023681640625000000e+01,4.062499999999991118e-02,1.584500000000000064e+01,-4.375000000000461853e-03
2.522300000000000182e+03,8.073120117187500000e+01,3.062500000000012434e-02,1.571749999999999936e+01,-6.562500000000248690e-03
2.522400000000000091e+03,7.968750000000000000e+01,2.312499999999984013e-02,1.540000000000000036e+01,-1.421875000000039080e-02
2.522500000000000000e+03,7.933959960937500000e+01,2.812499999999973355e-02,1.553749999999999964e+01,-3.390625000000024869e-02
2.522599999999999909e+03,7.946777343750000000e+01,5.312500000000008882e-02,1.558999999999999986e+01,-5.359375000000099476e-02
2.522699999999999818e+03,7.902832031250000000e+01,4.562499999999980460e-02,1.558999999999999986e+01,-6.179687500000063949e-02
2.522800000000000182e+03,7.950439453125000000e+01,4.062499999999991118e-02,1.557750000000000057e+01,1.039062499999943157e-02
2.522900000000000091e+03,7.800292968750000000e+01,4.812499999999975131e-02,1.558750000000000036e+01,-3.281250000000035527e-02
2.523000000000000000e+03,7.814941406250000000e+01,2.312499999999984013e-02,1.577500000000000036e+01,-1.640625000000284217e-03
2.523099999999999909e+03,7.825927734375000000e+01,3.562500000000001776e-02,1.580250000000000021e+01,-2.460937500000071054e-02
2.523199999999999818e+03,7.785644531250000000e+01,3.312500000000007105e-02,1.550499999999999901e+01,-3.171875000000046185e-02
2.523300000000000182e+03,7.738037109375000000e+01,4.812499999999975131e-02,1.553749999999999964e+01,-3.718750000000081712e-02
2.523400000000000091e+03,7.675781250000000000e+01,4.562499999999980460e-02,1.539749999999999908e+01,-6.070312500000074607e-02
2.523500000000000000e+03,7.694091796875000000e+01,3.312500000000007105e-02,1.542999999999999972e+01,-2.023437500000024869e-02
2.523599999999999909e+03,7.703247070312500000e+01,4.062499999999991118e-02,1.576999999999999957e+01,-7.382812500000035527e-02
2.523699999999999818e+03,7.637329101562500000e+01,5.062500000000014211e-02,1.547749999999999915e+01,-6.507812500000031974e-02
2.523800000000000182e+03,7.604370117187500000e+01,5.312500000000008882e-02,1.558750000000000036e+01,-7.218750000000095923e-02
2.523900000000000091e+03,7.567749023437500000e+01,3.062500000000012434e-02,1.562999999999999901e+01,5.468749999995026201e-04
2.524000000000000000e+03,7.586059570312500000e+01,6.812499999999976907e-02,1.557750000000000057e+01,-5.195312500000071054e-02
2.524099999999999909e+03,7.595214843750000000e+01,3.812499999999996447e-02,1.562999999999999901e+01,-6.070312500000074607e-02
2.524199999999999818e+03,7.457885742187500000e+01,2.312499999999984013e-02,1.550000000000000000e+01,-2.570312500000060396e-02
2.524300000000000182e+03,7.490844726562500000e+01,5.812499999999998224e-02,1.563749999999999929e+01,-5.523437500000039080e-02
2.524400000000000091e+03,7.457885742187500000e+01,4.312499999999985789e-02,1.556749999999999901e+01,-1.148437500000110134e-02
2.524500000000000000e+03,7.476196289062500000e+01,3.124999999999822364e-03,1.568999999999999950e+01,-2.132812500000103029e-02
2.524599999999999909e+03,7.437744140625000000e+01,3.062500000000012434e-02,1.558999999999999986e+01,-4.757812500000024869e-02
2.524699999999999818e+03,7.348022460937500000e+01,4.312499999999985789e-02,1.555749999999999922e+01,-2.187500000000053291e-02
2.524800000000000182e+03,7.390136718750000000e+01,4.062499999999991118e-02,1.549750000000000050e+01,-2.460937500000071054e-02
2.524900000000000091e+03,7.357177734375000000e+01,2.062499999999989342e-02,1.560749999999999993e+01,-5.250000000000110134e-02
2.525000000000000000e+03,7.377319335937500000e+01,5.562500000000003553e-02,1.554749999999999943e+01,-2.789062500000039080e-02
2.525099999999999909e+03,7.280273437500000000e+01,5.312500000000008882e-02,1.536999999999999922e+01,-6.015625000000035527e-02
2.525199999999999818e+03,7.236328125000000000e+01,3.562500000000001776e-02,1.554749999999999943e+01,-4.210937500000078160e-02
2.525300000000000182e+03,7.276611328125000000e+01,4.562499999999980460e-02,1.532000000000000028e+01,-2.132812500000103029e-02
2.525400000000000091e+03,7.245483398437500000e+01,3.562500000000001776e-02,1.559999999999999964e+01,-8.093750000000099476e-02
2.525500000000000000e+03,7.190551757812500000e+01,3.812499999999996447e-02,1.549499999999999922e+01,-5.468750000000088818e-02
2.525599999999999909e+03,7.174072265625000000e+01,4.312499999999985789e-02,1.557000000000000028e+01,-8.914062500000063949e-02
2.525699999999999818e+03,7.133789062500000000e+01,4.312499999999985789e-02,1.566750000000000043e+01,-6.289062500000053291e-02
2.525800000000000182e+03,7.174072265625000000e+01,4.562499999999980460e-02,1.558999999999999986e+01,-5.468750000000088818e-02
2.525900000000000091e+03,7.141113281250000000e+01,2.062499999999989342e-02,1.544749999999999979e+01,-4.375000000000461853e-03
2.526000000000000000e+03,7.067871093750000000e+01,6.562499999999982236e-02,1.575000000000000000e+01,-4.375000000000106581e-02
2.526099999999999909e+03,7.075195312500000000e+01,3.312500000000007105e-02,1.558499999999999908e+01,-5.578125000000078160e-02
2.526199999999999818e+03,7.034912109375000000e+01,2.812499999999973355e-02,1.562749999999999950e+01,-6.671875000000060396e-02
2.526300000000000182e+03,7.077026367187500000e+01,4.062499999999991118e-02,1.532000000000000028e+01,-1.968750000000074607e-02
2.526400000000000091e+03,6.972656250000000000e+01,5.062500000000014211e-02,1.548749999999999893e+01,-1.859375000000085265e-02
2.526500000000000000e+03,6.974487304687500000e+01,6.062499999999992895e-02,1.580499999999999972e+01,-3.609375000000092371e-02
2.526599999999999909e+03,6.983642578125000000e+01,6.062499999999992895e-02,1.569999999999999929e+01,-4.484375000000095923e-02
2.526699999999999818e+03,6.941528320312500000e+01,6.062499999999992895e-02,1.551750000000000007e+01,-8.203125000000532907e-03
2.526800000000000182e+03,6.945190429687500000e+01,2.062499999999989342e-02,1.575999999999999979e+01,-8.750000000000923706e-03
2.526900000000000091e+03,6.859130859375000000e+01,2.312499999999984013e-02,1.580499999999999972e+01,-3.171875000000046185e-02
2.527000000000000000e+03,6.875610351562500000e+01,8.124999999999715783e-03,1.552999999999999936e+01,-4.867187500000103029e-02
2.527099999999999909e+03,6.884765625000000000e+01,2.562499999999978684e-02,1.559999999999999964e+01,-5.742187500000106581e-02
2.527199999999999818e+03,6.842651367187500000e+01,2.562499999999978684e-02,1.554999999999999893e+01,-3.882812500000110134e-02
2.527300000000000182e+03,6.807861328125000000e+01,5.312500000000008882e-02,1.574000000000000021e+01,-1.476562500000078160e-02
2.527400000000000091e+03,6.767578125000000000e+01,1.574999999999997513e-01,1.571499999999999986e+01,-7.382812500000035527e-02
2.527500000000000000e+03,6.784057617187500000e+01,5.312500000000008882e-02,1.582750000000000057e+01,3.281249999999680256e-03
2.527599999999999909e+03,6.795043945312500000e+01,6.812499999999976907e-02,1.550750000000000028e+01,-1.585937500000067502e-02
2.527699999999999818e+03,6.694335937500000000e+01,5.312500000000008882e-02,1.550999999999999979e+01,-4.156250000000039080e-02
2.527800000000000182e+03,6.708984375000000000e+01,6.812499999999976907e-02,1.557750000000000057e+01,-5.742187500000106581e-02
2.527900000000000091e+03,6.679687500000000000e+01,4.062499999999991118e-02,1.566999999999999993e+01,9.296874999999538147e-03
2.528000000000000000e+03,6.692504882812500000e+01,3.562500000000001776e-02,1.558999999999999986e+01,-1.968750000000074607e-02
2.528099999999999909e+03,6.705322265625000000e+01,4.312499999999985789e-02,1.561749999999999972e+01,-7.765625000000042633e-02
2.528199999999999818e+03,6.580810546875000000e+01,2.062499999999989342e-02,1.554749999999999943e+01,-3.828125000000071054e-02
2.528300000000000182e+03,6.621093750000000000e+01,2.812499999999973355e-02,1.552500000000000036e+01,-3.335937500000074607e-02
2.528400000000000091e+03,6.589965820312500000e+01,1.812499999999994671e-02,1.553749999999999964e+01,-9.843750000000817124e-03
2.528500000000000000e+03,6.604614257812500000e+01,3.062500000000012434e-02,1.566000000000000014e+01,-3.007812500000106581e-02
2.528599999999999909e+03,6.542358398437500000e+01,3.062500000000012434e-02,1.569749999999999979e+01,3.828124999999182876e-03
2.528699999999999818e+03,6.483764648437500000e+01,1.812499999999994671e-02,1.549000000000000021e+01,-4.484375000000095923e-02
2.528800000000000182e+03,6.525878906250000000e+01,1.812499999999994671e-02,1.554999999999999893e+01,-8.203125000000532907e-03
2.528900000000000091e+03,6.500244140625000000e+01,6.812499999999976907e-02,1.537999999999999901e+01,-4.156250000000039080e-02
2.529000000000000000e+03,6.489257812500000000e+01,2.312499999999984013e-02,1.552999999999999936e+01,-4.375000000000106581e-02
2.529099999999999909e+03,6.445312500000000000e+01,6.562499999999982236e-02,1.554999999999999893e+01,-2.132812500000103029e-02
2.529199999999999818e+03,6.406860351562500000e+01,4.812499999999975131e-02,1.551999999999999957e+01,-2.187500000000675016e-03
2.529300000000000182e+03,6.445312500000000000e+01,4.312499999999985789e-02,1.550999999999999979e+01,1.859374999999907629e-02
2.529400000000000091e+03,6.416015625000000000e+01,2.562499999999978684e-02,1.562999999999999901e+01,-2.679687500000049738e-02
2.529500000000000000e+03,6.362915039062500000e+01,3.062500000000012434e-02,1.555749999999999922e+01,-4.484375000000095923e-02
2.529599999999999909e+03,6.361083984375000000e+01,8.062499999999994671e-02,1.562749999999999950e+01,-6.015625000000035527e-02
2.529699999999999818e+03,6.326293945312500000e+01,8.124999999999715783e-03,1.543750000000000000e+01,-5.468750000003907985e-04
2.529800000000000182e+03,6.366577148437500000e+01,1.562500000000000000e-02,1.564000000000000057e+01,7.656249999999253930e-03
2.529900000000000091e+03,6.295166015625000000e+01,6.312499999999987566e-02,1.555749999999999922e+01,-5.960937500000085265e-02
2.530000000000000000e+03,6.271362304687500000e+01,4.062499999999991118e-02,1.576249999999999929e+01,-1.312500000000049738e-02
2.530099999999999909e+03,6.280517578125000000e+01,4.312499999999985789e-02,1.570999999999999908e+01,-5.414062500000049738e-02
2.530199999999999818e+03,6.243896484375000000e+01,5.312500000000008882e-02,1.573000000000000043e+01,-4.265625000000028422e-02
2.530300000000000182e+03,6.284179687500000000e+01,6.374999999999975131e-02,1.564000000000000057e+01,-8.859375000000024869e-02
2.530400000000000091e+03,6.185302734375000000e+01,2.812499999999973355e-02,1.560749999999999993e+01,-4.812500000000063949e-02
2.530500000000000000e+03,6.188964843750000000e+01,4.562499999999980460e-02,1.562999999999999901e+01,-2.515625000000110134e-02
2.530599999999999909e+03,6.203613281250000000e+01,4.312499999999985789e-02,1.549000000000000021e+01,-5.906250000000046185e-02
2.530699999999999818e+03,6.163330078125000000e+01,1.812499999999994671e-02,1.547749999999999915e+01,4.374999999999573674e-03
2.530800000000000182e+03,6.145019531250000000e+01,4.062499999999991118e-02,1.554749999999999943e+01,-5.250000000000110134e-02
2.530900000000000091e+03,6.101074218750000000e+01,7.812500000000000000e-02,1.550750000000000028e+01,-4.429687500000056843e-02
2.531000000000000000e+03,6.110229492187500000e+01,3.062500000000012434e-02,1.550000000000000000e+01,-6.835937500000088818e-02
2.531099999999999909e+03,6.126708984375000000e+01,1.312500000000005329e-02,1.554499999999999993e+01,-5.085937500000081712e-02
2.531199999999999818e+03,6.075439453125000000e+01,1.312500000000005329e-02,1.564250000000000007e+01,-5.085937500000081712e-02
2.531300000000000182e+03,6.055297851562500000e+01,3.312500000000007105e-02,1.558750000000000036e+01,-4.320312500000067502e-02
2.531400000000000091e+03,6.027832031250000000e+01,1.025000000000000355e-01,1.541000000000000014e+01,-5.250000000000110134e-02
2.531500000000000000e+03,6.036987304687500000e+01,6.062499999999992895e-02,1.572000000000000064e+01,-6.507812500000031974e-02
2.531599999999999909e+03,6.051635742187500000e+01,8.374999999999976907e-02,1.561749999999999972e+01,-3.828125000000071054e-02
2.531699999999999818e+03,5.941772460937500000e+01,4.312499999999985789e-02,1.569500000000000028e+01,3.828124999999182876e-03
2.531800000000000182e+03,5.974731445312500000e+01,3.562500000000001776e-02,1.550999999999999979e+01,-2.296875000000042633e-02
2.531900000000000091e+03,5.947265625000000000e+01,4.562499999999980460e-02,1.552999999999999936e+01,-8.531250000000056843e-02
2.532000000000000000e+03,5.960083007812500000e+01,3.562500000000001776e-02,1.556000000000000050e+01,-2.078125000000063949e-02
2.532099999999999909e+03,5.941772460937500000e+01,5.562500000000003553e-02,1.549750000000000050e+01,-1.804687500000046185e-02
2.532199999999999818e+03,5.861206054687500000e+01,3.312500000000007105e-02,1.583499999999999908e+01,-5.578125000000078160e-02
2.532300000000000182e+03,5.901489257812500000e+01,5.062500000000014211e-02,1.562999999999999901e+01,-6.015625000000035527e-02
2.532400000000000091e+03,5.875854492187500000e+01,4.062499999999991118e-02,1.561999999999999922e+01,-7.710937500000092371e-02
2.532500000000000000e+03,5.888671875000000000e+01,5.562500000000003553e-02,1.553999999999999915e+01,-2.351562500000081712e-02
2.532599999999999909e+03,5.839233398437500000e+01,4.062499999999991118e-02,1.571749999999999936e+01,-5.523437500000039080e-02
2.532699999999999818e+03,5.795288085937500000e+01,5.312500000000008882e-02,1.545999999999999908e+01,-2.078125000000063949e-02
2.532800000000000182e+03,5.833740234375000000e+01,4.812499999999975131e-02,1.545749999999999957e+01,-3.500000000000103029e-02
2.532900000000000091e+03,5.811767578125000000e+01,5.062500000000014211e-02,1.569999999999999929e+01,-5.687500000000067502e-02
2.533000000000000000e+03,5.786132812500000000e+01,4.812499999999975131e-02,1.561999999999999922e+01,-2.406250000000031974e-02
2.533099999999999909e+03,5.775146484375000000e+01,5.562500000000003553e-02,1.561999999999999922e+01,-5.414062500000049738e-02
2.533199999999999818e+03,5.734863281250000000e+01,4.062499999999991118e-02,1.547749999999999915e+01,-1.421875000000039080e-02
2.533300000000000182e+03,5.773315429687500000e+01,4.562499999999980460e-02,1.577749999999999986e+01,-5.304687500000060396e-02
2.533400000000000091e+03,5.749511718750000000e+01,4.562499999999980460e-02,1.570749999999999957e+01,-3.335937500000074607e-02
2.533500000000000000e+03,5.692749023437500000e+01,3.312500000000007105e-02,1.550999999999999979e+01,-1.695312500000056843e-02
2.533599999999999909e+03,5.700073242187500000e+01,3.812499999999996447e-02,1.548749999999999893e+01,-2.734375000001065814e-03
2.533699999999999818e+03,5.661621093750000000e+01,1.018750000000001599e-01,1.550999999999999979e+01,-5.250000000000110134e-02
2.533800000000000182e+03,5.703735351562500000e+01,3.062500000000012434e-02,1.576750000000000007e+01,-5.632812500000028422e-02
2.533900000000000091e+03,5.623168945312500000e+01,5.812499999999998224e-02,1.556499999999999950e+01,3.062499999999968026e-02
2.534000000000000000e+03,5.617675781250000000e+01,1.562500000000000000e-02,1.566000000000000014e+01,-4.812500000000063949e-02
2.534099999999999909e+03,5.630493164062500000e+01,5.812499999999998224e-02,1.552999999999999936e+01,2.351562499999904077e-02
2.534199999999999818e+03,5.595703125000000000e+01,6.562499999999982236e-02,1.551999999999999957e+01,-5.851562500000095923e-02
2.534300000000000182e+03,5.614013671875000000e+01,7.312500000000010658e-02,1.543999999999999950e+01,-3.281250000000568434e-03
2.534400000000000091e+03,5.553588867187500000e+01,6.312499999999987566e-02,1.536749999999999972e+01,-3.882812500000110134e-02
2.534500000000000000e+03,5.560913085937500000e+01,4.062499999999991118e-02,1.568750000000000000e+01,7.109374999999751310e-03
2.534599999999999909e+03,5.573730468750000000e+01,4.562499999999980460e-02,1.574000000000000021e+01,-2.023437500000024869e-02
2.534699999999999818e+03,5.537109375000000000e+01,3.124999999999822364e-03,1.556749999999999901e+01,-8.039062500000060396e-02
2.534800000000000182e+03,5.518798828125000000e+01,4.312499999999985789e-02,1.576999999999999957e+01,-5.468750000003907985e-04
2.534900000000000091e+03,5.491333007812500000e+01,7.312500000000010658e-02,1.576999999999999957e+01,-2.296875000000042633e-02
2.535000000000000000e+03,5.496826171875000000e+01,4.062499999999991118e-02,1.556000000000000050e+01,-5.687500000000067502e-02
2.535099999999999909e+03,5.511474609375000000e+01,3.562500000000001776e-02,1.565000000000000036e+01,-4.265625000000028422e-02
2.535199999999999818e+03,5.443725585937500000e+01,4.062499999999991118e-02,1.583499999999999908e+01,-4.375000000000461853e-03
2.535300000000000182e+03,5.454711914062500000e+01,3.062500000000012434e-02,1.555749999999999922e+01,-1.093750000000781597e-03
2.535400000000000091e+03,5.430908203125000000e+01,4.812499999999975131e-02,1.561999999999999922e+01,-3.445312500000063949e-02
2.535500000000000000e+03,5.436401367187500000e+01,5.312500000000008882e-02,1.558750000000000036e+01,3.664062499999953815e-02
2.535599999999999909e+03,5.451049804687500000e+01,1.812499999999994671e-02,1.542999999999999972e+01,-2.789062500000039080e-02
2.535699999999999818e+03,5.359497070312500000e+01,6.562499999999982236e-02,1.573000000000000043e+01,-6.070312500000074607e-02
2.535800000000000182e+03,5.390625000000000000e+01,4.562499999999980460e-02,1.542999999999999972e+01,-2.734375000001065814e-03
2.535900000000000091e+03,5.374145507812500000e+01,2.562499999999978684e-02,1.536999999999999922e+01,-4.921875000000852651e-03
2.536000000000000000e+03,5.375976562500000000e+01,6.562499999999982236e-02,1.580499999999999972e+01,-8.531250000000056843e-02
2.536099999999999909e+03,5.344848632812500000e+01,5.812499999999998224e-02,1.566000000000000014e+01,-6.507812500000031974e-02
2.536199999999999818e+03,5.289916992187500000e+01,4.812499999999975131e-02,1.572749999999999915e+01,1.585937499999889866e-02
2.536300000000000182e+03,5.332031250000000000e+01,5.812499999999998224e-02,1.550000000000000000e+01,-5.140625000000031974e-02
2.536400000000000091e+03,5.321044921875000000e+01,4.812499999999975131e-02,1.559999999999999964e+01,-9.023437500000053291e-02
2.536500000000000000e+03,5.315551757812500000e+01,1.812499999999994671e-02,1.565750000000000064e+01,-5.796875000000056843e-02
2.536599999999999909e+03,5.332031250000000000e+01,6.062499999999992895e-02,1.573000000000000043e+01,-4.648437500000035527e-02
2.536699999999999818e+03,5.293579101562500000e+01,7.562500000000005329e-02,1.547749999999999915e+01,-4.648437500000035527e-02
2.536800000000000182e+03,5.333862304687500000e+01,5.062500000000014211e-02,1.556000000000000050e+01,-1.148437500000110134e-02
2.536900000000000091e+03,5.311889648437500000e+01,4.062499999999991118e-02,1.554999999999999893e+01,1.476562499999900524e-02
2.537000000000000000e+03,5.321044921875000000e+01,6.062499999999992895e-02,1.540000000000000036e+01,5.468749999999467093e-03
2.537099999999999909e+03,5.330200195312500000e+01,-1.437500000000024869e-02,1.547499999999999964e+01,-1.257812500000099476e-02
2.537199999999999818e+03,5.288085937500000000e+01,4.945624999999999716e+00,1.551750000000000007e+01,2.178695312500000369e+01
2.537300000000000182e+03,5.332031250000000000e+01,2.939999999999999947e+00,1.551750000000000007e+01,1.547820312500000028e+01
2.537400000000000091e+03,5.341186523437500000e+01,2.957500000000000018e+00,1.541999999999999993e+01,1.543390625000000149e+01
2.537500000000000000e+03,5.388793945312500000e+01,2.964999999999999858e+00,1.549000000000000021e+01,1.553125000000000000e+01
2.537599999999999909e+03,5.399780273437500000e+01,2.984999999999999876e+00,1.557000000000000028e+01,1.550718750000000057e+01
2.537699999999999818e+03,5.361328125000000000e+01,2.979999999999999982e+00,1.565000000000000036e+01,1.546070312500000021e+01
2.537800000000000182e+03,5.401611328125000000e+01,2.982499999999999929e+00,1.564000000000000057e+01,1.540382812500000043e+01
2.537900000000000091e+03,5.582885742187500000e+01,3.009999999999999787e+00,1.561999999999999922e+01,1.548039062500000007e+01
2.538000000000000000e+03,5.608520507812500000e+01,2.979999999999999982e+00,1.560749999999999993e+01,1.548148437500000085e+01
2.538099999999999909e+03,5.617675781250000000e+01,3.042499999999999982e+00,1.559999999999999964e+01,1.547328125000000121e+01
2.538199999999999818e+03,5.582885742187500000e+01,3.029999999999999805e+00,1.575999999999999979e+01,1.543828125000000107e+01
2.538300000000000182e+03,5.848388671875000000e+01,3.022499999999999964e+00,1.535999999999999943e+01,1.549625000000000163e+01
2.538400000000000091e+03,5.925292968750000000e+01,3.035000000000000142e+00,1.562999999999999901e+01,1.551046875000000114e+01
2.538500000000000000e+03,5.939941406250000000e+01,3.040000000000000036e+00,1.568750000000000000e+01,1.542679687500000085e+01
2.538599999999999909e+03,5.952758789062500000e+01,3.009999999999999787e+00,1.560999999999999943e+01,1.544046875000000085e+01
2.538699999999999818e+03,5.934448242187500000e+01,3.049999999999999822e+00,1.551750000000000007e+01,1.541476562500000114e+01
2.538800000000000182e+03,6.377563476562500000e+01,3.089999999999999858e+00,1.562749999999999950e+01,1.550718750000000057e+01
2.538900000000000091e+03,6.366577148437500000e+01,3.037500000000000089e+00,1.576500000000000057e+01,1.548695312500000121e+01
2.539000000000000000e+03,6.383056640625000000e+01,3.089999999999999858e+00,1.553749999999999964e+01,1.546234375000000050e+01
2.539099999999999909e+03,6.388549804687500000e+01,2.967499999999999805e+00,1.567999999999999972e+01,1.543828125000000107e+01
2.539199999999999818e+03,6.676025390625000000e+01,3.082500000000000018e+00,1.564000000000000057e+01,1.547382812500000071e+01
2.539300000000000182e+03,6.782226562500000000e+01,3.134999999999999787e+00,1.558999999999999986e+01,1.546125000000000149e+01
2.539400000000000091e+03,6.756591796875000000e+01,3.129999999999999893e+00,1.580499999999999972e+01,1.546617187500000057e+01
2.539500000000000000e+03,6.773071289062500000e+01,3.104999999999999982e+00,1.540750000000000064e+01,1.548859375000000149e+01
2.539599999999999909e+03,6.917724609375000000e+01,3.102500000000000036e+00,1.566999999999999993e+01,1.548312500000000114e+01
2.539699999999999818e+03,7.062377929687500000e+01,3.104999999999999982e+00,1.554999999999999893e+01,1.547656250000000000e+01
2.539800000000000182e+03,7.113647460937500000e+01,3.125000000000000000e+00,1.551999999999999957e+01,1.546125000000000149e+01
2.539900000000000091e+03,7.084350585937500000e+01,3.147499999999999964e+00,1.574249999999999972e+01,1.545140625000000156e+01
2.540000000000000000e+03,7.102661132812500000e+01,3.104999999999999982e+00,1.556749999999999901e+01,1.544429687500000092e+01
2.540099999999999909e+03,7.377319335937500000e+01,3.132499999999999840e+00,1.544999999999999929e+01,1.544648437500000071e+01
2.540199999999999818e+03,7.357177734375000000e+01,3.160000000000000142e+00,1.561999999999999922e+01,1.548257812500000163e+01
2.540300000000000182e+03,7.406616210937500000e+01,3.192499999999999893e+00,1.552749999999999986e+01,1.544265625000000064e+01
2.540400000000000091e+03,7.373657226562500000e+01,3.165000000000000036e+00,1.567499999999999893e+01,1.544921875000000000e+01
2.540500000000000000e+03,7.573242187500000000e+01,3.169999999999999929e+00,1.559500000000000064e+01,1.549843750000000142e+01
2.540599999999999909e+03,7.657470703125000000e+01,3.187500000000000000e+00,1.566000000000000014e+01,1.545031250000000078e+01
2.540699999999999818e+03,7.626342773437500000e+01,3.214999999999999858e+00,1.548000000000000043e+01,1.543828125000000107e+01
2.540800000000000182e+03,7.668457031250000000e+01,3.187500000000000000e+00,1.553749999999999964e+01,1.547437500000000021e+01
2.540900000000000091e+03,7.648315429687500000e+01,3.192499999999999893e+00,1.569500000000000028e+01,1.547492187500000149e+01
2.541000000000000000e+03,7.895507812500000000e+01,3.209999999999999964e+00,1.554999999999999893e+01,1.546453125000000028e+01
2.541099999999999909e+03,7.910156250000000000e+01,3.187500000000000000e+00,1.566000000000000014e+01,1.545304687500000007e+01
2.541199999999999818e+03,7.873535156250000000e+01,3.207500000000000018e+00,1.554499999999999993e+01,1.551703125000000050e+01
2.541300000000000182e+03,7.919311523437500000e+01,3.245000000000000107e+00,1.573000000000000043e+01,1.546234375000000050e+01
2.541400000000000091e+03,8.074951171875000000e+01,3.209999999999999964e+00,1.541000000000000014e+01,1.544976562500000128e+01
2.541500000000000000e+03,8.135375976562500000e+01,3.237499999999999822e+00,1.566000000000000014e+01,1.545250000000000057e+01
2.541599999999999909e+03,8.144531250000000000e+01,3.229999999999999982e+00,1.556749999999999901e+01,1.545523437500000163e+01
2.541699999999999818e+03,8.104248046875000000e+01,3.272499999999999964e+00,1.562749999999999950e+01,1.550500000000000078e+01
2.541800000000000182e+03,8.226928710937500000e+01,3.297499999999999876e+00,1.551750000000000007e+01,1.539453125000000000e+01
2.541900000000000091e+03,8.312988281250000000e+01,3.280000000000000249e+00,1.554749999999999943e+01,1.545304687500000007e+01
2.542000000000000000e+03,8.347778320312500000e+01,3.292499999999999982e+00,1.569999999999999929e+01,1.549460937500000135e+01
2.542099999999999909e+03,8.355102539062500000e+01,3.270000000000000018e+00,1.559999999999999964e+01,1.552414062500000114e+01
2.542199999999999818e+03,8.312988281250000000e+01,3.312500000000000000e+00,1.565750000000000064e+01,1.544375000000000142e+01
2.542300000000000182e+03,8.556518554687500000e+01,3.290000000000000036e+00,1.549750000000000050e+01,1.547984375000000057e+01
2.542400000000000091e+03,8.527221679687500000e+01,3.274999999999999911e+00,1.578749999999999964e+01,1.544976562500000128e+01
2.542500000000000000e+03,8.560180664062500000e+01,3.292499999999999982e+00,1.562999999999999901e+01,1.550007812499999993e+01
2.542599999999999909e+03,8.565673828125000000e+01,3.307500000000000107e+00,1.561749999999999972e+01,1.543226562500000121e+01
2.542699999999999818e+03,8.662719726562500000e+01,3.345000000000000195e+00,1.561999999999999922e+01,1.544429687500000092e+01
2.542800000000000182e+03,8.772583007812500000e+01,3.354999999999999982e+00,1.559999999999999964e+01,1.545414062500000085e+01
2.542900000000000091e+03,8.726806640625000000e+01,3.350000000000000089e+00,1.562749999999999950e+01,1.542789062500000163e+01
2.543000000000000000e+03,8.757934570312500000e+01,3.350000000000000089e+00,1.570999999999999908e+01,1.543062500000000092e+01
2.543099999999999909e+03,8.776245117187500000e+01,3.367500000000000160e+00,1.557000000000000028e+01,1.544593750000000121e+01
2.543199999999999818e+03,8.904418945312500000e+01,3.352500000000000036e+00,1.550000000000000000e+01,1.542570312500000007e+01
2.543300000000000182e+03,8.968505859375000000e+01,3.347500000000000142e+00,1.549750000000000050e+01,1.548750000000000071e+01
2.543400000000000091e+03,8.917236328125000000e+01,3.327500000000000124e+00,1.556000000000000050e+01,1.547164062500000092e+01
2.543500000000000000e+03,8.948364257812500000e+01,3.350000000000000089e+00,1.567999999999999972e+01,1.542789062500000163e+01
2.543599999999999909e+03,9.111328125000000000e+01,3.362499999999999822e+00,1.565249999999999986e+01,1.548367187500000064e+01
2.543699999999999818e+03,9.104003906250000000e+01,3.432500000000000107e+00,1.568750000000000000e+01,1.542132812500000050e+01
2.543800000000000182e+03,9.153442382812500000e+01,3.377499999999999947e+00,1.568500000000000050e+01,1.547820312500000028e+01
2.543900000000000091e+03,9.109497070312500000e+01,3.382499999999999840e+00,1.565000000000000036e+01,1.545304687500000007e+01
2.544000000000000000e+03,9.221191406250000000e+01,3.497500000000000053e+00,1.560999999999999943e+01,1.551265625000000092e+01
2.544099999999999909e+03,9.332885742187500000e+01,3.422499999999999876e+00,1.565499999999999936e+01,1.547437500000000021e+01
2.544199999999999818e+03,9.298095703125000000e+01,3.399999999999999911e+00,1.562749999999999950e+01,1.541367187500000036e+01
2.544300000000000182e+03,9.345703125000000000e+01,3.424999999999999822e+00,1.559999999999999964e+01,1.539453125000000000e+01
2.544400000000000091e+03,9.296264648437500000e+01,3.459999999999999964e+00,1.558999999999999986e+01,1.544320312500000014e+01
2.544500000000000000e+03,9.497680664062500000e+01,3.455000000000000071e+00,1.547749999999999915e+01,1.549406250000000007e+01
2.544599999999999909e+03,9.514160156250000000e+01,3.415000000000000036e+00,1.547749999999999915e+01,1.547929687500000107e+01
2.544699999999999818e+03,9.479370117187500000e+01,3.462499999999999911e+00,1.558000000000000007e+01,1.547984375000000057e+01
2.544800000000000182e+03,9.526977539062500000e+01,3.477500000000000036e+00,1.567999999999999972e+01,1.543773437500000156e+01
2.544900000000000091e+03,9.602050781250000000e+01,3.477500000000000036e+00,1.558000000000000007e+01,1.546125000000000149e+01
2.545000000000000000e+03,9.691772460937500000e+01,3.470000000000000195e+00,1.556499999999999950e+01,1.548585937500000043e+01
2.545099999999999909e+03,9.695434570312500000e+01,3.472500000000000142e+00,1.575499999999999901e+01,1.546453125000000028e+01
2.545199999999999818e+03,9.653320312500000000e+01,3.479999999999999982e+00,1.555749999999999922e+01,1.541476562500000114e+01
2.545300000000000182e+03,9.722900390625000000e+01,3.479999999999999982e+00,1.553999999999999915e+01,1.546562500000000107e+01
2.545400000000000091e+03,9.819946289062500000e+01,3.502499999999999947e+00,1.550999999999999979e+01,1.545523437500000163e+01
2.545500000000000000e+03,9.863891601562500000e+01,3.490000000000000213e+00,1.549000000000000021e+01,1.547492187500000149e+01
2.545599999999999909e+03,9.863891601562500000e+01,3.504999999999999893e+00,1.561999999999999922e+01,1.542132812500000050e+01
2.545699999999999818e+03,9.827270507812500000e+01,3.520000000000000018e+00,1.559999999999999964e+01,1.551757812500000000e+01
2.545800000000000182e+03,1.002136230468750000e+02,3.527499999999999858e+00,1.577749999999999986e+01,1.546781250000000085e+01
2.545900000000000091e+03,9.990234375000000000e+01,3.552500000000000213e+00,1.564250000000000007e+01,1.543007812500000142e+01
2.546000000000000000e+03,1.003417968750000000e+02,3.509999999999999787e+00,1.544999999999999929e+01,1.548640624999999993e+01
2.546099999999999909e+03,1.003601074218750000e+02,3.517500000000000071e+00,1.549000000000000021e+01,1.544976562500000128e+01
2.546199999999999818e+03,1.007812500000000000e+02,3.549999999999999822e+00,1.570999999999999908e+01,1.542789062500000163e+01
2.546300000000000182e+03,1.022460937500000000e+02,3.587499999999999911e+00,1.553999999999999915e+01,1.547492187500000149e+01
2.546400000000000091e+03,1.017333984375000000e+02,3.560000000000000053e+00,1.552999999999999936e+01,1.546398437500000078e+01
2.546500000000000000e+03,1.021362304687500000e+02,3.572499999999999787e+00,1.568999999999999950e+01,1.549078125000000128e+01
2.546599999999999909e+03,1.021545410156250000e+02,3.609999999999999876e+00,1.545999999999999908e+01,1.540000000000000036e+01
2.546699999999999818e+03,1.032531738281250000e+02,3.575000000000000178e+00,1.558000000000000007e+01,1.546835937500000036e+01
2.546800000000000182e+03,1.038574218750000000e+02,3.570000000000000284e+00,1.567999999999999972e+01,1.546179687500000099e+01
2.546900000000000091e+03,1.033081054687500000e+02,3.607499999999999929e+00,1.547749999999999915e+01,1.547382812500000071e+01
2.547000000000000000e+03,1.036926269531250000e+02,3.625000000000000000e+00,1.566999999999999993e+01,1.542460937500000107e+01
2.547099999999999909e+03,1.049926757812500000e+02,3.629999999999999893e+00,1.587749999999999950e+01,1.542078125000000099e+01
2.547199999999999818e+03,1.051391601562500000e+02,3.629999999999999893e+00,1.577999999999999936e+01,1.546015625000000071e+01
2.547300000000000182e+03,1.056884765625000000e+02,3.609999999999999876e+00,1.572000000000000064e+01,1.546507812500000156e+01
2.547400000000000091e+03,1.051025390625000000e+02,3.645000000000000018e+00,1.589499999999999957e+01,1.544976562500000128e+01
2.547500000000000000e+03,1.058898925781250000e+02,3.649999999999999911e+00,1.565000000000000036e+01,1.542953125000000014e+01
2.547599999999999909e+03,1.072265625000000000e+02,3.667499999999999982e+00,1.571749999999999936e+01,1.549734375000000064e+01
2.547699999999999818e+03,1.068969726562500000e+02,3.652499999999999858e+00,1.564000000000000057e+01,1.548695312500000121e+01
2.547800000000000182e+03,1.073913574218750000e+02,3.687500000000000000e+00,1.564749999999999908e+01,1.543390625000000149e+01
2.547900000000000091e+03,1.068603515625000000e+02,3.667499999999999982e+00,1.548000000000000043e+01,1.543500000000000050e+01
2.548000000000000000e+03,1.088012695312500000e+02,3.685000000000000053e+00,1.548000000000000043e+01,1.541148437500000057e+01
2.548099999999999909e+03,1.089477539062500000e+02,3.702500000000000124e+00,1.566000000000000014e+01,1.545796875000000092e+01
2.548199999999999818e+03,1.085632324218750000e+02,3.732499999999999929e+00,1.576249999999999929e+01,1.543773437500000156e+01
2.548300000000000182e+03,1.091125488281250000e+02,3.695000000000000284e+00,1.550999999999999979e+01,1.546781250000000085e+01
2.548400000000000091e+03,1.094055175781250000e+02,3.687500000000000000e+00,1.556000000000000050e+01,1.542679687500000085e+01
2.548500000000000000e+03,1.106323242187500000e+02,3.719999999999999751e+00,1.548749999999999893e+01,1.543117187500000043e+01
2.548599999999999909e+03,1.106689453125000000e+02,3.734999999999999876e+00,1.550499999999999901e+01,1.543937500000000007e+01
2.548699999999999818e+03,1.103027343750000000e+02,3.734999999999999876e+00,1.559999999999999964e+01,1.542625000000000135e+01
2.548800000000000182e+03,1.108154296875000000e+02,3.754999999999999893e+00,1.556000000000000050e+01,1.544976562500000128e+01
2.548900000000000091e+03,1.118041992187500000e+02,3.752499999999999947e+00,1.560999999999999943e+01,1.542242187500000128e+01
2.549000000000000000e+03,1.123718261718750000e+02,3.767500000000000071e+00,1.542499999999999893e+01,1.547437500000000021e+01
2.549099999999999909e+03,1.123352050781250000e+02,3.777499999999999858e+00,1.580499999999999972e+01,1.541804687499999993e+01
2.549199999999999818e+03,1.119689941406250000e+02,3.810000000000000053e+00,1.546749999999999936e+01,1.549023437500000000e+01
2.549300000000000182e+03,1.138000488281250000e+02,3.812500000000000000e+00,1.564000000000000057e+01,1.546343750000000128e+01
2.549400000000000091e+03,1.135620117187500000e+02,3.839999999999999858e+00,1.572000000000000064e+01,1.547054687500000014e+01
2.549500000000000000e+03,1.140747070312500000e+02,3.839999999999999858e+00,1.561749999999999972e+01,1.550609375000000156e+01
2.549599999999999909e+03,1.140197753906250000e+02,3.875000000000000000e+00,1.553999999999999915e+01,1.551648437500000099e+01
2.549699999999999818e+03,1.141479492187500000e+02,3.847500000000000142e+00,1.568999999999999950e+01,1.544757812500000149e+01
2.549800000000000182e+03,1.158874511718750000e+02,3.872500000000000053e+00,1.565000000000000036e+01,1.550445312500000128e+01
2.549900000000000091e+03,1.153015136718750000e+02,3.884999999999999787e+00,1.548749999999999893e+01,1.547218750000000043e+01
2.550000000000000000e+03,1.157958984375000000e+02,3.274999999999999911e+00,1.554499999999999993e+01,1.546726562500000135e+01
2.550099999999999909e+03,1.157592773437500000e+02,3.927500000000000213e+00,1.572000000000000064e+01,1.547929687500000107e+01
2.550199999999999818e+03,1.169860839843750000e+02,3.932500000000000107e+00,1.554999999999999893e+01,1.544976562500000128e+01
2.550300000000000182e+03,1.177368164062500000e+02,3.947499999999999787e+00,1.562999999999999901e+01,1.551976562500000156e+01
2.550400000000000091e+03,1.170776367187500000e+02,3.910000000000000142e+00,1.531000000000000050e+01,1.547054687500000014e+01
2.550500000000000000e+03,1.175903320312500000e+02,3.962499999999999911e+00,1.542999999999999972e+01,1.547437500000000021e+01
2.550599999999999909e+03,1.185607910156250000e+02,3.955000000000000071e+00,1.541750000000000043e+01,1.542023437500000149e+01
2.550699999999999818e+03,1.189636230468750000e+02,4.000000000000000000e+00,1.556000000000000050e+01,1.547328125000000121e+01
2.550800000000000182e+03,1.195312500000000000e+02,4.025000000000000355e+00,1.587500000000000000e+01,1.550335937500000050e+01
2.550900000000000091e+03,1.188720703125000000e+02,4.025000000000000355e+00,1.547749999999999915e+01,1.548093750000000135e+01
2.551000000000000000e+03,1.194396972656250000e+02,4.032499999999999751e+00,1.550750000000000028e+01,1.546179687500000099e+01
2.551099999999999909e+03,1.211608886718750000e+02,4.040000000000000036e+00,1.552999999999999936e+01,1.547820312500000028e+01
2.551199999999999818e+03,1.209045410156250000e+02,4.032499999999999751e+00,1.564499999999999957e+01,1.545085937500000028e+01
2.551300000000000182e+03,1.214355468750000000e+02,4.082499999999999574e+00,1.553749999999999964e+01,1.548476562500000142e+01
2.551400000000000091e+03,1.208129882812500000e+02,4.084999999999999964e+00,1.531749999999999901e+01,1.541585937500000014e+01
2.551500000000000000e+03,1.228637695312500000e+02,4.107499999999999929e+00,1.569999999999999929e+01,1.544593750000000121e+01
2.551599999999999909e+03,1.231750488281250000e+02,4.144999999999999574e+00,1.574000000000000021e+01,1.540929687500000078e+01
2.551699999999999818e+03,1.228271484375000000e+02,4.105000000000000426e+00,1.552999999999999936e+01,1.547875000000000156e+01
2.551800000000000182e+03,1.233947753906250000e+02,4.160000000000000142e+00,1.550999999999999979e+01,1.546726562500000135e+01
2.551900000000000091e+03,1.228637695312500000e+02,4.144999999999999574e+00,1.557750000000000057e+01,1.544757812500000149e+01
2.552000000000000000e+03,1.235961914062500000e+02,4.189999999999999503e+00,1.555749999999999922e+01,1.547164062500000092e+01
2.552099999999999909e+03,1.235229492187500000e+02,4.177500000000000213e+00,1.550499999999999901e+01,1.549187500000000028e+01
2.552199999999999818e+03,1.231933593750000000e+02,4.242499999999999716e+00,1.564749999999999908e+01,1.547382812500000071e+01
2.552300000000000182e+03,1.237609863281250000e+02,4.235000000000000320e+00,1.550000000000000000e+01,1.547984375000000057e+01
2.552400000000000091e+03,1.231750488281250000e+02,4.062499999999991118e-02,1.577999999999999936e+01,-7.929687500000071054e-02
2.552500000000000000e+03,1.237243652343750000e+02,1.812499999999994671e-02,1.582750000000000057e+01,-5.523437500000039080e-02
2.552599999999999909e+03,1.236511230468750000e+02,4.312499999999985789e-02,1.560749999999999993e+01,-4.484375000000095923e-02
2.552699999999999818e+03,1.233398437500000000e+02,-1.187499999999985789e-02,1.546749999999999936e+01,-5.632812500000028422e-02
2.552800000000000182e+03,1.238708496093750000e+02,4.312499999999985789e-02,1.558499999999999908e+01,-3.609375000000092371e-02
2.552900000000000091e+03,1.232299804687500000e+02,6.249999999998756550e-04,1.560999999999999943e+01,-2.460937500000071054e-02
2.553000000000000000e+03,1.237426757812500000e+02,4.562499999999980460e-02,1.562500000000000000e+01,-8.968750000000103029e-02
2.553099999999999909e+03,1.236328125000000000e+02,3.312500000000007105e-02,1.545500000000000007e+01,-7.109375000000106581e-02
2.553199999999999818e+03,1.231567382812500000e+02,2.312499999999984013e-02,1.574000000000000021e+01,-3.609375000000092371e-02
2.553300000000000182e+03,1.225524902343750000e+02,5.312500000000008882e-02,1.564000000000000057e+01,-2.132812500000103029e-02
2.553400000000000091e+03,1.219116210937500000e+02,6.312499999999987566e-02,1.553749999999999964e+01,-3.609375000000092371e-02
2.553500000000000000e+03,1.224243164062500000e+02,4.062499999999991118e-02,1.565499999999999936e+01,5.468749999999467093e-03
2.553599999999999909e+03,1.223510742187500000e+02,2.312499999999984013e-02,1.557750000000000057e+01,-4.320312500000067502e-02
2.553699999999999818e+03,1.196228027343750000e+02,5.812499999999998224e-02,1.553999999999999915e+01,-9.843750000000817124e-03
2.553800000000000182e+03,1.197692871093750000e+02,4.562499999999980460e-02,1.562749999999999950e+01,-4.757812500000024869e-02
2.553900000000000091e+03,1.190917968750000000e+02,2.812499999999973355e-02,1.560999999999999943e+01,-7.054687500000067502e-02
2.554000000000000000e+03,1.196228027343750000e+02,5.312500000000008882e-02,1.537749999999999950e+01,-4.046875000000049738e-02
2.554099999999999909e+03,1.175903320312500000e+02,1.812499999999994671e-02,1.584500000000000064e+01,-4.375000000000461853e-03
2.554199999999999818e+03,1.151367187500000000e+02,7.562500000000005329e-02,1.545999999999999908e+01,-4.101562500000088818e-02
2.554300000000000182e+03,1.156494140625000000e+02,5.562500000000003553e-02,1.557750000000000057e+01,-3.390625000000024869e-02
2.554400000000000091e+03,1.149719238281250000e+02,2.062499999999989342e-02,1.568750000000000000e+01,-5.140625000000031974e-02
2.554500000000000000e+03,1.154846191406250000e+02,5.812499999999998224e-02,1.564749999999999908e+01,-6.781250000000049738e-02
2.554599999999999909e+03,1.119323730468750000e+02,3.312500000000007105e-02,1.545999999999999908e+01,-5.523437500000039080e-02
2.554699999999999818e+03,1.113281250000000000e+02,2.812499999999973355e-02,1.526750000000000007e+01,-1.421875000000039080e-02
2.554800000000000182e+03,1.118041992187500000e+02,5.812499999999998224e-02,1.566999999999999993e+01,-5.960937500000085265e-02
2.554900000000000091e+03,1.111816406250000000e+02,2.562499999999978684e-02,1.574000000000000021e+01,-7.382812500000035527e-02
2.555000000000000000e+03,1.092956542968750000e+02,3.312500000000007105e-02,1.581749999999999901e+01,-1.153906250000007461e-01
2.555099999999999909e+03,1.083801269531250000e+02,4.812499999999975131e-02,1.571749999999999936e+01,-4.210937500000078160e-02
2.555199999999999818e+03,1.080505371093750000e+02,2.812499999999973355e-02,1.569999999999999929e+01,-4.539062500000046185e-02
2.555300000000000182e+03,1.085266113281250000e+02,5.312500000000008882e-02,1.540750000000000064e+01,-3.882812500000110134e-02
2.555400000000000091e+03,1.075927734375000000e+02,4.062499999999991118e-02,1.547000000000000064e+01,-2.734375000000088818e-02
2.555500000000000000e+03,1.056884765625000000e+02,3.562500000000001776e-02,1.565000000000000036e+01,2.351562499999904077e-02
2.555599999999999909e+03,1.055236816406250000e+02,5.562500000000003553e-02,1.560999999999999943e+01,-6.726562500000099476e-02
2.555699999999999818e+03,1.051757812500000000e+02,2.062499999999989342e-02,1.558999999999999986e+01,-8.476562500000106581e-02
2.555800000000000182e+03,1.057434082031250000e+02,1.812499999999994671e-02,1.575750000000000028e+01,-5.687500000000067502e-02
2.555900000000000091e+03,1.031066894531250000e+02,8.062499999999994671e-02,1.570999999999999908e+01,-5.195312500000071054e-02
2.556000000000000000e+03,1.031066894531250000e+02,2.562499999999978684e-02,1.577999999999999936e+01,-6.343750000000092371e-02
2.556099999999999909e+03,1.031616210937500000e+02,7.562500000000005329e-02,1.572000000000000064e+01,-6.945312500000078160e-02
2.556199999999999818e+03,1.027587890625000000e+02,3.312500000000007105e-02,1.560500000000000043e+01,-3.390625000000024869e-02
2.556300000000000182e+03,1.021911621093750000e+02,4.062499999999991118e-02,1.567249999999999943e+01,-6.945312500000078160e-02
2.556400000000000091e+03,1.005065917968750000e+02,1.812499999999994671e-02,1.526750000000000007e+01,-5.851562500000095923e-02
2.556500000000000000e+03,1.008544921875000000e+02,5.062500000000014211e-02,1.558750000000000036e+01,-7.875000000000031974e-02
2.556599999999999909e+03,1.008544921875000000e+02,3.812499999999996447e-02,1.570250000000000057e+01,-3.281250000000035527e-02
2.556699999999999818e+03,1.004882812500000000e+02,3.562500000000001776e-02,1.539000000000000057e+01,-1.099218750000003908e-01
2.556800000000000182e+03,9.913330078125000000e+01,3.062500000000012434e-02,1.561999999999999922e+01,-5.140625000000031974e-02
2.556900000000000091e+03,9.849243164062500000e+01,4.812499999999975131e-02,1.561999999999999922e+01,-2.734375000000088818e-02
2.557000000000000000e+03,9.884033203125000000e+01,4.312499999999985789e-02,1.559999999999999964e+01,-7.765625000000042633e-02
2.557099999999999909e+03,9.889526367187500000e+01,2.312499999999984013e-02,1.569999999999999929e+01,2.023437499999936051e-02
2.557199999999999818e+03,9.704589843750000000e+01,6.062499999999992895e-02,1.564749999999999908e+01,-5.851562500000095923e-02
2.557300000000000182e+03,9.708251953125000000e+01,5.812499999999998224e-02,1.550750000000000028e+01,-3.445312500000063949e-02
2.557400000000000091e+03,9.660644531250000000e+01,2.562499999999978684e-02,1.571749999999999936e+01,-2.242187500000092371e-02
2.557500000000000000e+03,9.695434570312500000e+01,3.812499999999996447e-02,1.563749999999999929e+01,-3.445312500000063949e-02
2.557599999999999909e+03,9.673461914062500000e+01,5.812499999999998224e-02,1.561999999999999922e+01,-4.867187500000103029e-02
2.557699999999999818e+03,9.495849609375000000e+01,4.062499999999991118e-02,1.554999999999999893e+01,-2.242187500000092371e-02
2.557800000000000182e+03,9.539794921875000000e+01,5.812499999999998224e-02,1.530749999999999922e+01,-1.312500000000005329e-01
2.557900000000000091e+03,9.488525390625000000e+01,3.562500000000001776e-02,1.546499999999999986e+01,-6.125000000000024869e-02
2.558000000000000000e+03,9.528808593750000000e+01,4.812499999999975131e-02,1.573000000000000043e+01,-6.945312500000078160e-02
2.558099999999999909e+03,9.378662109375000000e+01,5.062500000000014211e-02,1.562749999999999950e+01,-4.593750000000085265e-02
2.558199999999999818e+03,9.314575195312500000e+01,3.312500000000007105e-02,1.546749999999999936e+01,-9.242187500000031974e-02
2.558300000000000182e+03,9.367675781250000000e+01,5.062500000000014211e-02,1.571749999999999936e+01,-4.867187500000103029e-02
2.558400000000000091e+03,9.320068359375000000e+01,5.562500000000003553e-02,1.582499999999999929e+01,-6.070312500000074607e-02
2.558500000000000000e+03,9.270629882812500000e+01,3.562500000000001776e-02,1.580499999999999972e+01,-6.234375000000103029e-02
2.558599999999999909e+03,9.197387695312500000e+01,6.812499999999976907e-02,1.561749999999999972e+01,-7.000000000000028422e-02
2.558699999999999818e+03,9.157104492187500000e+01,3.312500000000007105e-02,1.554749999999999943e+01,-6.617187500000110134e-02
2.558800000000000182e+03,9.206542968750000000e+01,2.562499999999978684e-02,1.574249999999999972e+01,-1.093750000000071054e-02
2.558900000000000091e+03,9.155273437500000000e+01,6.312499999999987566e-02,1.551999999999999957e+01,-4.484375000000095923e-02
2.559000000000000000e+03,9.049072265625000000e+01,6.562499999999982236e-02,1.547000000000000064e+01,-1.093750000000781597e-03
2.559099999999999909e+03,9.045410156250000000e+01,5.062500000000014211e-02,1.558000000000000007e+01,-1.859375000000085265e-02
2.559199999999999818e+03,9.005126953125000000e+01,4.562499999999980460e-02,1.549000000000000021e+01,-4.593750000000085265e-02
2.559300000000000182e+03,9.060058593750000000e+01,3.062500000000012434e-02,1.582249999999999979e+01,-1.531250000000028422e-02
2.559400000000000091e+03,8.902587890625000000e+01,2.812499999999973355e-02,1.545999999999999908e+01,-1.148437500000110134e-02
2.559500000000000000e+03,8.902587890625000000e+01,4.312499999999985789e-02,1.570999999999999908e+01,-2.515625000000110134e-02
2.559599999999999909e+03,8.904418945312500000e+01,5.624999999999769074e-03,1.562749999999999950e+01,-1.804687500000046185e-02
2.559699999999999818e+03,8.864135742187500000e+01,5.562500000000003553e-02,1.566000000000000014e+01,-5.796875000000056843e-02
2.559800000000000182e+03,8.889770507812500000e+01,4.062499999999991118e-02,1.567999999999999972e+01,-3.664062500000042633e-02
2.559900000000000091e+03,8.735961914062500000e+01,1.312500000000005329e-02,1.576999999999999957e+01,6.999999999999939604e-02
2.560000000000000000e+03,8.759765625000000000e+01,1.812499999999994671e-02,1.568249999999999922e+01,-7.109375000000106581e-02
2.560099999999999909e+03,8.768920898437500000e+01,4.312499999999985789e-02,1.547749999999999915e+01,-2.734375000000088818e-02
2.560199999999999818e+03,8.724975585937500000e+01,4.062499999999991118e-02,1.561749999999999972e+01,-5.031250000000042633e-02
2.560300000000000182e+03,8.651733398437500000e+01,5.624999999999769074e-03,1.556749999999999901e+01,-8.531250000000056843e-02
2.560400000000000091e+03,8.591308593750000000e+01,5.062500000000014211e-02,1.547749999999999915e+01,-5.796875000000056843e-02
2.560500000000000000e+03,8.624267578125000000e+01,6.312499999999987566e-02,1.567999999999999972e+01,-3.226562500000085265e-02
2.560599999999999909e+03,8.624267578125000000e+01,5.062500000000014211e-02,1.584249999999999936e+01,-9.023437500000053291e-02
2.560699999999999818e+03,8.519897460937500000e+01,4.312499999999985789e-02,1.566999999999999993e+01,-9.843750000000817124e-03
2.560800000000000182e+03,8.505249023437500000e+01,2.812499999999973355e-02,1.563749999999999929e+01,-1.968750000000074607e-02
2.560900000000000091e+03,8.457641601562500000e+01,6.249999999998756550e-04,1.576999999999999957e+01,-6.234375000000103029e-02
2.561000000000000000e+03,8.488769531250000000e+01,3.124999999999822364e-03,1.561999999999999922e+01,-1.914062500000035527e-02
2.561099999999999909e+03,8.492431640625000000e+01,6.062499999999992895e-02,1.525999999999999979e+01,-8.203125000000088818e-02
2.561199999999999818e+03,8.325805664062500000e+01,4.562499999999980460e-02,1.568249999999999922e+01,-6.562500000000071054e-02
2.561300000000000182e+03,8.364257812500000000e+01,3.062500000000012434e-02,1.583499999999999908e+01,-3.937500000000060396e-02
2.561400000000000091e+03,8.320312500000000000e+01,6.312499999999987566e-02,1.558999999999999986e+01,-4.757812500000024869e-02
2.561500000000000000e+03,8.349609375000000000e+01,2.562499999999978684e-02,1.588499999999999979e+01,-7.109375000000106581e-02
2.561599999999999909e+03,8.263549804687500000e+01,2.812499999999973355e-02,1.566000000000000014e+01,-4.867187500000103029e-02
2.561699999999999818e+03,8.195800781250000000e+01,5.062500000000014211e-02,1.572749999999999915e+01,-1.640625000000106581e-02
2.561800000000000182e+03,8.245239257812500000e+01,4.562499999999980460e-02,1.566000000000000014e+01,-5.250000000000110134e-02
2.561900000000000091e+03,8.203125000000000000e+01,5.312500000000008882e-02,1.591750000000000043e+01,-8.881784197001252323e-16
2.562000000000000000e+03,8.215942382812500000e+01,3.812499999999996447e-02,1.571749999999999936e+01,-4.375000000000461853e-03
2.562099999999999909e+03,8.111572265625000000e+01,8.312499999999989342e-02,1.561749999999999972e+01,-9.843750000000106581e-02
2.562199999999999818e+03,8.067626953125000000e+01,4.812499999999975131e-02,1.559999999999999964e+01,-4.320312500000067502e-02
2.562300000000000182e+03,8.111572265625000000e+01,4.562499999999980460e-02,1.589499999999999957e+01,-2.187500000000053291e-02
2.562400000000000091e+03,8.071289062500000000e+01,3.562500000000001776e-02,1.551750000000000007e+01,-1.968750000000074607e-02
2.562500000000000000e+03,7.996215820312500000e+01,3.562500000000001776e-02,1.565000000000000036e+01,-3.335937500000074607e-02
2.562599999999999909e+03,7.985229492187500000e+01,5.812499999999998224e-02,1.553999999999999915e+01,-1.093750000000071054e-02
2.562699999999999818e+03,7.946777343750000000e+01,3.593750000000000000e-01,1.573000000000000043e+01,-5.195312500000071054e-02
2.562800000000000182e+03,7.992553710937500000e+01,3.562500000000001776e-02,1.564749999999999908e+01,-3.281250000000035527e-02
2.562900000000000091e+03,7.897338867187500000e+01,4.312499999999985789e-02,1.560500000000000043e+01,-6.781250000000049738e-02
2.563000000000000000e+03,7.858886718750000000e+01,3.812499999999996447e-02,1.563749999999999929e+01,-6.234375000000103029e-02
2.563099999999999909e+03,7.866210937500000000e+01,4.312499999999985789e-02,1.569999999999999929e+01,3.281249999999946709e-02
2.563199999999999818e+03,7.822265625000000000e+01,3.312500000000007105e-02,1.565750000000000064e+01,-6.289062500000053291e-02
2.563300000000000182e+03,7.871704101562500000e+01,5.562500000000003553e-02,1.565000000000000036e+01,-8.421875000000067502e-02
2.563400000000000091e+03,7.719726562500000000e+01,4.562499999999980460e-02,1.566999999999999993e+01,-4.101562500000088818e-02
2.563500000000000000e+03,7.738037109375000000e+01,5.062500000000014211e-02,1.564000000000000057e+01,-1.859375000000085265e-02
2.563599999999999909e+03,7.743530273437500000e+01,8.062499999999994671e-02,1.536749999999999972e+01,-3.445312500000063949e-02
2.563699999999999818e+03,7.703247070312500000e+01,4.312499999999985789e-02,1.553500000000000014e+01,-4.156250000000039080e-02
2.563800000000000182e+03,7.670288085937500000e+01,5.312500000000008882e-02,1.573499999999999943e+01,-6.507812500000031974e-02
2.563900000000000091e+03,7.602539062500000000e+01,-1.437500000000024869e-02,1.552999999999999936e+01,-4.046875000000049738e-02
2.564000000000000000e+03,7.624511718750000000e+01,5.062500000000014211e-02,1.561999999999999922e+01,-7.492187500000024869e-02
2.564099999999999909e+03,7.633666992187500000e+01,6.062499999999992895e-02,1.553749999999999964e+01,-1.476562500000078160e-02
2.564199999999999818e+03,7.587890625000000000e+01,6.562499999999982236e-02,1.566999999999999993e+01,-2.734375000000088818e-02
2.564300000000000182e+03,7.536621093750000000e+01,3.562500000000001776e-02,1.573749999999999893e+01,-6.125000000000024869e-02
2.564400000000000091e+03,7.494506835937500000e+01,2.812499999999973355e-02,1.556749999999999901e+01,-3.773437500000031974e-02
2.564500000000000000e+03,7.514648437500000000e+01,5.062500000000014211e-02,1.538499999999999979e+01,-8.093750000000099476e-02
2.564599999999999909e+03,7.520141601562500000e+01,2.312499999999984013e-02,1.540000000000000036e+01,-7.929687500000071054e-02
2.564699999999999818e+03,7.393798828125000000e+01,4.312499999999985789e-02,1.561749999999999972e+01,-1.093750000000071054e-02
2.564800000000000182e+03,7.421264648437500000e+01,6.062499999999992895e-02,1.545749999999999957e+01,2.843749999999900524e-02
2.564900000000000091e+03,7.382812500000000000e+01,1.312500000000005329e-02,1.551750000000000007e+01,-5.085937500000081712e-02
2.565000000000000000e+03,7.402954101562500000e+01,2.062499999999989342e-02,1.551750000000000007e+01,-3.390625000000024869e-02
2.565099999999999909e+03,7.369995117187500000e+01,2.062499999999989342e-02,1.556749999999999901e+01,-1.203125000000060396e-02
2.565199999999999818e+03,7.278442382812500000e+01,7.562500000000005329e-02,1.528749999999999964e+01,-9.515625000000049738e-02
2.565300000000000182e+03,7.318725585937500000e+01,6.312499999999987566e-02,1.540000000000000036e+01,-4.375000000000106581e-02
2.565400000000000091e+03,7.282104492187500000e+01,3.562500000000001776e-02,1.540750000000000064e+01,-3.992187500000099476e-02
2.565500000000000000e+03,7.305908203125000000e+01,4.312499999999985789e-02,1.564499999999999957e+01,-5.796875000000056843e-02
2.565599999999999909e+03,7.210693359375000000e+01,3.562500000000001776e-02,1.574249999999999972e+01,-9.515625000000049738e-02
2.565699999999999818e+03,7.164916992187500000e+01,3.562500000000001776e-02,1.572000000000000064e+01,-1.115625000000006750e-01
2.565800000000000182e+03,7.210693359375000000e+01,4.812499999999975131e-02,1.566000000000000014e+01,-1.312500000000049738e-02
2.565900000000000091e+03,7.174072265625000000e+01,2.312499999999984013e-02,1.563749999999999929e+01,-3.007812500000106581e-02
2.566000000000000000e+03,7.131958007812500000e+01,5.562500000000003553e-02,1.575249999999999950e+01,-3.882812500000110134e-02
2.566099999999999909e+03,7.104492187500000000e+01,2.812499999999973355e-02,1.574000000000000021e+01,-1.082812500000009948e-01
2.566199999999999818e+03,7.064208984375000000e+01,2.812499999999973355e-02,1.557000000000000028e+01,-7.710937500000092371e-02
2.566300000000000182e+03,7.111816406250000000e+01,4.062499999999991118e-02,1.575000000000000000e+01,-5.468750000000088818e-02
2.566400000000000091e+03,7.077026367187500000e+01,5.312500000000008882e-02,1.545749999999999957e+01,-5.195312500000071054e-02
2.566500000000000000e+03,7.011108398437500000e+01,6.562499999999982236e-02,1.551999999999999957e+01,-1.033593750000010303e-01
2.566599999999999909e+03,7.012939453125000000e+01,3.062500000000012434e-02,1.560999999999999943e+01,-4.484375000000095923e-02
2.566699999999999818e+03,6.974487304687500000e+01,6.374999999999975131e-02,1.558750000000000036e+01,-4.429687500000056843e-02
2.566800000000000182e+03,7.020263671875000000e+01,4.562499999999980460e-02,1.551999999999999957e+01,-2.570312500000060396e-02
2.566900000000000091e+03,6.903076171875000000e+01,1.312500000000005329e-02,1.559999999999999964e+01,-3.445312500000063949e-02
2.567000000000000000e+03,6.908569335937500000e+01,5.062500000000014211e-02,1.583750000000000036e+01,-5.851562500000095923e-02
2.567099999999999909e+03,6.912231445312500000e+01,4.562499999999980460e-02,1.573000000000000043e+01,-5.851562500000095923e-02
2.567199999999999818e+03,6.875610351562500000e+01,4.812499999999975131e-02,1.551750000000000007e+01,-3.554687500000053291e-02
2.567300000000000182e+03,6.893920898437500000e+01,7.812500000000000000e-02,1.563749999999999929e+01,-5.960937500000085265e-02
2.567400000000000091e+03,6.800537109375000000e+01,4.062499999999991118e-02,1.536749999999999972e+01,9.843749999999040767e-03
2.567500000000000000e+03,6.811523437500000000e+01,6.312499999999987566e-02,1.572000000000000064e+01,-3.828125000000071054e-02
2.567599999999999909e+03,6.822509765625000000e+01,4.062499999999991118e-02,1.575999999999999979e+01,-8.750000000000923706e-03
2.567699999999999818e+03,6.785888671875000000e+01,6.312499999999987566e-02,1.583499999999999908e+01,-5.468750000003907985e-04
2.567800000000000182e+03,6.749267578125000000e+01,2.812499999999973355e-02,1.552749999999999986e+01,-3.554687500000053291e-02
2.567900000000000091e+03,6.708984375000000000e+01,6.062499999999992895e-02,1.571749999999999936e+01,-2.023437500000024869e-02
2.568000000000000000e+03,6.725463867187500000e+01,1.812499999999994671e-02,1.578250000000000064e+01,-4.484375000000095923e-02
2.568099999999999909e+03,6.734619140625000000e+01,4.562499999999980460e-02,1.559750000000000014e+01,-6.945312500000078160e-02
2.568199999999999818e+03,6.641235351562500000e+01,6.812499999999976907e-02,1.573000000000000043e+01,-4.539062500000046185e-02
2.568300000000000182e+03,6.648559570312500000e+01,8.312499999999989342e-02,1.570999999999999908e+01,-1.750000000000095923e-02
2.568400000000000091e+03,6.619262695312500000e+01,4.062499999999991118e-02,1.565000000000000036e+01,-1.421875000000039080e-02
2.568500000000000000e+03,6.635742187500000000e+01,4.812499999999975131e-02,1.543999999999999950e+01,-8.203125000000088818e-02
2.568599999999999909e+03,6.644897460937500000e+01,5.312500000000008882e-02,1.565750000000000064e+01,-4.921875000000053291e-02
2.568699999999999818e+03,6.527709960937500000e+01,3.312500000000007105e-02,1.544999999999999929e+01,-2.132812500000103029e-02
2.568800000000000182e+03,6.564331054687500000e+01,5.312500000000008882e-02,1.559999999999999964e+01,-3.554687500000053291e-02
2.568900000000000091e+03,6.538696289062500000e+01,3.562500000000001776e-02,1.539749999999999908e+01,-6.781250000000049738e-02
2.569000000000000000e+03,6.555175781250000000e+01,3.312500000000007105e-02,1.555749999999999922e+01,-1.804687500000046185e-02
2.569099999999999909e+03,6.494750976562500000e+01,6.062499999999992895e-02,1.570999999999999908e+01,-7.546875000000063949e-02
2.569199999999999818e+03,6.434326171875000000e+01,2.312499999999984013e-02,1.565750000000000064e+01,-3.992187500000099476e-02
2.569300000000000182e+03,6.476440429687500000e+01,5.812499999999998224e-02,1.572749999999999915e+01,-1.695312500000056843e-02
2.569400000000000091e+03,6.450805664062500000e+01,7.062500000000015987e-02,1.575000000000000000e+01,-1.640625000000106581e-02
2.569500000000000000e+03,6.456298828125000000e+01,4.312499999999985789e-02,1.559750000000000014e+01,-2.242187500000092371e-02
2.569599999999999909e+03,6.399536132812500000e+01,3.562500000000001776e-02,1.560500000000000043e+01,-6.726562500000099476e-02
2.569699999999999818e+03,6.351928710937500000e+01,2.062499999999989342e-02,1.544999999999999929e+01,-6.070312500000074607e-02
2.569800000000000182e+03,6.394042968750000000e+01,5.812499999999998224e-02,1.552500000000000036e+01,-2.515625000000110134e-02
2.569900000000000091e+03,6.368408203125000000e+01,4.062499999999991118e-02,1.561749999999999972e+01,-3.281250000000035527e-02
2.570000000000000000e+03,6.313476562500000000e+01,4.062499999999991118e-02,1.566999999999999993e+01,-3.664062500000042633e-02
2.570099999999999909e+03,6.307983398437500000e+01,3.562500000000001776e-02,1.528749999999999964e+01,-4.156250000000039080e-02
2.570199999999999818e+03,6.276855468750000000e+01,5.562500000000003553e-02,1.543750000000000000e+01,-4.539062500000046185e-02
2.570300000000000182e+03,6.315307617187500000e+01,7.312500000000010658e-02,1.580499999999999972e+01,-8.585937500000095923e-02
2.570400000000000091e+03,6.245727539062500000e+01,1.000000000000000888e-01,1.570500000000000007e+01,-3.117187500000095923e-02
2.570500000000000000e+03,6.225585937500000000e+01,3.562500000000001776e-02,1.561999999999999922e+01,-1.022656250000002487e-01
2.570599999999999909e+03,6.229248046875000000e+01,4.062499999999991118e-02,1.549000000000000021e+01,-2.460937500000071054e-02
2.570699999999999818e+03,6.192626953125000000e+01,3.562500000000001776e-02,1.560999999999999943e+01,-3.445312500000063949e-02
2.570800000000000182e+03,6.236572265625000000e+01,-1.250000000000017764e-02,1.548749999999999893e+01,-3.609375000000092371e-02
2.570900000000000091e+03,6.137695312500000000e+01,2.562499999999978684e-02,1.549000000000000021e+01,-2.460937500000071054e-02
2.571000000000000000e+03,6.141357421875000000e+01,1.062500000000010658e-02,1.541000000000000014e+01,-5.304687500000060396e-02
2.571099999999999909e+03,6.150512695312500000e+01,3.812499999999996447e-02,1.536749999999999972e+01,-5.304687500000060396e-02
2.571199999999999818e+03,6.117553710937500000e+01,3.562500000000001776e-02,1.536999999999999922e+01,-6.070312500000074607e-02
2.571300000000000182e+03,6.106567382812500000e+01,4.062499999999991118e-02,1.559750000000000014e+01,1.203124999999971578e-02
2.571400000000000091e+03,6.058959960937500000e+01,6.562499999999982236e-02,1.532499999999999929e+01,-2.789062500000039080e-02
2.571500000000000000e+03,6.069946289062500000e+01,4.312499999999985789e-02,1.580749999999999922e+01,-3.828125000000071054e-02
2.571599999999999909e+03,6.079101562500000000e+01,1.562500000000000000e-02,1.565750000000000064e+01,-5.851562500000095923e-02
2.571699999999999818e+03,6.046142578125000000e+01,6.062499999999992895e-02,1.576750000000000007e+01,-7.875000000000031974e-02
2.571800000000000182e+03,6.009521484375000000e+01,2.562499999999978684e-02,1.565750000000000064e+01,-3.937500000000060396e-02
2.571900000000000091e+03,5.978393554687500000e+01,4.562499999999980460e-02,1.555749999999999922e+01,-5.414062500000049738e-02
2.572000000000000000e+03,5.989379882812500000e+01,5.062500000000014211e-02,1.583499999999999908e+01,-3.390625000000024869e-02
2.572099999999999909e+03,6.000366210937500000e+01,3.312500000000007105e-02,1.558000000000000007e+01,-5.468750000000355271e-03
2.572199999999999818e+03,5.908813476562500000e+01,2.312499999999984013e-02,1.550000000000000000e+01,-4.539062500000046185e-02
2.572300000000000182e+03,5.934448242187500000e+01,6.062499999999992895e-02,1.564749999999999908e+01,-3.609375000000092371e-02
2.572400000000000091e+03,5.908813476562500000e+01,3.812499999999996447e-02,1.541999999999999993e+01,-6.562500000000248690e-03
2.572500000000000000e+03,5.919799804687500000e+01,3.562500000000001776e-02,1.560999999999999943e+01,-6.507812500000031974e-02
2.572599999999999909e+03,5.906982421875000000e+01,6.312499999999987566e-02,1.551999999999999957e+01,-7.765625000000042633e-02
2.572699999999999818e+03,5.826416015625000000e+01,6.625000000000014211e-02,1.567750000000000021e+01,-3.007812500000106581e-02
2.572800000000000182e+03,5.864868164062500000e+01,2.812499999999973355e-02,1.559750000000000014e+01,-5.960937500000085265e-02
2.572900000000000091e+03,5.839233398437500000e+01,4.812499999999975131e-02,1.565750000000000064e+01,-1.640625000000106581e-02
2.573000000000000000e+03,5.853881835937500000e+01,6.812499999999976907e-02,1.572250000000000014e+01,-3.937500000000060396e-02
2.573099999999999909e+03,5.795288085937500000e+01,4.562499999999980460e-02,1.558750000000000036e+01,-5.742187500000106581e-02
2.573199999999999818e+03,5.755004882812500000e+01,3.562500000000001776e-02,1.550750000000000028e+01,-6.617187500000110134e-02
2.573300000000000182e+03,5.791625976562500000e+01,5.062500000000014211e-02,1.564499999999999957e+01,-8.367187500000028422e-02
2.573400000000000091e+03,5.769653320312500000e+01,1.562500000000000000e-02,1.553749999999999964e+01,-6.398437500000042633e-02
2.573500000000000000e+03,5.738525390625000000e+01,7.562500000000005329e-02,1.555749999999999922e+01,-5.906250000000046185e-02
2.573599999999999909e+03,5.720214843750000000e+01,1.812499999999994671e-02,1.566999999999999993e+01,-2.351562500000081712e-02
2.573699999999999818e+03,5.685424804687500000e+01,3.312500000000007105e-02,1.554999999999999893e+01,-4.921875000000053291e-02
2.573800000000000182e+03,5.722045898437500000e+01,3.562500000000001776e-02,1.549750000000000050e+01,-4.101562500000088818e-02
2.573900000000000091e+03,5.700073242187500000e+01,6.062499999999992895e-02,1.546749999999999936e+01,-7.656250000001030287e-03
2.574000000000000000e+03,5.654296875000000000e+01,1.562500000000000000e-02,1.572000000000000064e+01,-1.695312500000056843e-02
2.574099999999999909e+03,5.661621093750000000e+01,5.562500000000003553e-02,1.562999999999999901e+01,-8.750000000000035527e-02
2.574199999999999818e+03,5.626831054687500000e+01,4.312499999999985789e-02,1.563749999999999929e+01,-1.148437500000110134e-02
2.574300000000000182e+03,5.663452148437500000e+01,1.062500000000010658e-02,1.558999999999999986e+01,2.242187499999914735e-02
2.574400000000000091e+03,5.593872070312500000e+01,2.312499999999984013e-02,1.560749999999999993e+01,-1.859375000000085265e-02
2.574500000000000000e+03,5.588378906250000000e+01,4.812499999999975131e-02,1.560500000000000043e+01,-3.062500000000056843e-02
2.574599999999999909e+03,5.601196289062500000e+01,1.812499999999994671e-02,1.557000000000000028e+01,-7.820312500000081712e-02
2.574699999999999818e+03,5.564575195312500000e+01,7.125000000000003553e-02,1.558999999999999986e+01,-3.117187500000095923e-02
2.574800000000000182e+03,5.590209960937500000e+01,4.562499999999980460e-02,1.566750000000000043e+01,-8.203125000000088818e-02
2.574900000000000091e+03,5.511474609375000000e+01,2.312499999999984013e-02,1.559999999999999964e+01,-8.695312500000085265e-02
2.575000000000000000e+03,5.520629882812500000e+01,3.062500000000012434e-02,1.558750000000000036e+01,-1.153906250000007461e-01
2.575099999999999909e+03,5.529785156250000000e+01,2.812499999999973355e-02,1.561999999999999922e+01,-5.031250000000042633e-02
2.575199999999999818e+03,5.494995117187500000e+01,7.312500000000010658e-02,1.550999999999999979e+01,-3.773437500000031974e-02
2.575300000000000182e+03,5.482177734375000000e+01,3.812499999999996447e-02,1.568750000000000000e+01,-6.125000000000024869e-02
2.575400000000000091e+03,5.451049804687500000e+01,5.062500000000014211e-02,1.565000000000000036e+01,-1.350781250000006040e-01
2.575500000000000000e+03,5.463867187500000000e+01,4.812499999999975131e-02,1.541000000000000014e+01,-8.203125000000088818e-02
2.575599999999999909e+03,5.467529296875000000e+01,3.562500000000001776e-02,1.574000000000000021e+01,-8.093750000000099476e-02
2.575699999999999818e+03,5.410766601562500000e+01,5.312500000000008882e-02,1.577749999999999986e+01,-3.281250000000035527e-02
2.575800000000000182e+03,5.410766601562500000e+01,2.312499999999984013e-02,1.561749999999999972e+01,-1.039062500000005329e-01
2.575900000000000091e+03,5.386962890625000000e+01,5.062500000000014211e-02,1.575000000000000000e+01,-6.617187500000110134e-02
2.576000000000000000e+03,5.401611328125000000e+01,4.812499999999975131e-02,1.574750000000000050e+01,-4.648437500000035527e-02
2.576099999999999909e+03,5.408935546875000000e+01,2.562499999999978684e-02,1.548000000000000043e+01,-7.382812500000035527e-02
2.576199999999999818e+03,5.322875976562500000e+01,1.175000000000001599e-01,1.553749999999999964e+01,-5.195312500000071054e-02
2.576300000000000182e+03,5.355834960937500000e+01,6.312499999999987566e-02,1.556749999999999901e+01,-2.187500000000675016e-03
2.576400000000000091e+03,5.330200195312500000e+01,4.062499999999991118e-02,1.566750000000000043e+01,-6.507812500000031974e-02
2.576500000000000000e+03,5.335693359375000000e+01,3.312500000000007105e-02,1.563749999999999929e+01,-4.375000000000461853e-03
2.576599999999999909e+03,5.348510742187500000e+01,3.812499999999996447e-02,1.570999999999999908e+01,-2.296875000000042633e-02
2.576699999999999818e+03,5.319213867187500000e+01,4.562499999999980460e-02,1.585749999999999993e+01,-5.742187500000106581e-02
2.576800000000000182e+03,5.352172851562500000e+01,5.062500000000014211e-02,1.554999999999999893e+01,-5.687500000000067502e-02
2.576900000000000091e+03,5.333862304687500000e+01,2.062499999999989342e-02,1.552749999999999986e+01,-2.460937500000071054e-02
2.577000000000000000e+03,5.341186523437500000e+01,2.812499999999973355e-02,1.551999999999999957e+01,-5.250000000000110134e-02
2.577099999999999909e+03,5.350341796875000000e+01,4.062499999999991118e-02,1.581499999999999950e+01,-8.750000000000035527e-02
2.577199999999999818e+03,5.315551757812500000e+01,2.062499999999989342e-02,1.547000000000000064e+01,-5.851562500000095923e-02
2.577300000000000182e+03,5.350341796875000000e+01,1.812499999999994671e-02,1.560749999999999993e+01,-4.101562500000088818e-02
2.577400000000000091e+03,5.328369140625000000e+01,4.950000000000000178e+00,1.574000000000000021e+01,2.180718750000000128e+01
2.577500000000000000e+03,5.354003906250000000e+01,2.930000000000000160e+00,1.569749999999999979e+01,1.544648437500000071e+01
2.577599999999999909e+03,5.368652343750000000e+01,2.964999999999999858e+00,1.559750000000000014e+01,1.545195312500000107e+01
2.577699999999999818e+03,5.333862304687500000e+01,2.962499999999999911e+00,1.573749999999999893e+01,1.545851562500000043e+01
2.577800000000000182e+03,5.379638671875000000e+01,2.979999999999999982e+00,1.542999999999999972e+01,1.544921875000000000e+01
2.577900000000000091e+03,5.405273437500000000e+01,2.970000000000000195e+00,1.554999999999999893e+01,1.542515625000000057e+01
2.578000000000000000e+03,5.524291992187500000e+01,2.987499999999999822e+00,1.554999999999999893e+01,1.546398437500000078e+01
2.578099999999999909e+03,5.537109375000000000e+01,2.967499999999999805e+00,1.564000000000000057e+01,1.552195312500000135e+01
2.578199999999999818e+03,5.504150390625000000e+01,2.997500000000000053e+00,1.543999999999999950e+01,1.549843750000000142e+01
2.578300000000000182e+03,5.544433593750000000e+01,2.977500000000000036e+00,1.566000000000000014e+01,1.551648437500000099e+01
2.578400000000000091e+03,5.791625976562500000e+01,3.000000000000000000e+00,1.573249999999999993e+01,1.545304687500000007e+01
2.578500000000000000e+03,5.831909179687500000e+01,2.990000000000000213e+00,1.566999999999999993e+01,1.544375000000000142e+01
2.578599999999999909e+03,5.835571289062500000e+01,3.027499999999999858e+00,1.556749999999999901e+01,1.542242187500000128e+01
2.578699999999999818e+03,5.800781250000000000e+01,3.020000000000000018e+00,1.566999999999999993e+01,1.539671875000000156e+01
2.578800000000000182e+03,6.099243164062500000e+01,3.057500000000000107e+00,1.552500000000000036e+01,1.544976562500000128e+01
2.578900000000000091e+03,6.221923828125000000e+01,3.075000000000000178e+00,1.557750000000000057e+01,1.542734375000000036e+01
2.579000000000000000e+03,6.238403320312500000e+01,3.075000000000000178e+00,1.563749999999999929e+01,1.544812500000000099e+01
2.579099999999999909e+03,6.247558593750000000e+01,3.082500000000000018e+00,1.566999999999999993e+01,1.538960937500000092e+01
2.579199999999999818e+03,6.216430664062500000e+01,3.082500000000000018e+00,1.542999999999999972e+01,1.545304687500000007e+01
2.579300000000000182e+03,6.655883789062500000e+01,3.080000000000000071e+00,1.558999999999999986e+01,1.548968750000000050e+01
2.579400000000000091e+03,6.646728515625000000e+01,3.072499999999999787e+00,1.556000000000000050e+01,1.545140625000000156e+01
2.579500000000000000e+03,6.665039062500000000e+01,3.115000000000000213e+00,1.568999999999999950e+01,1.550062500000000121e+01
2.579599999999999909e+03,6.672363281250000000e+01,3.107499999999999929e+00,1.561999999999999922e+01,1.548367187500000064e+01
2.579699999999999818e+03,6.906738281250000000e+01,3.129999999999999893e+00,1.556000000000000050e+01,1.542296875000000078e+01
2.579800000000000182e+03,7.011108398437500000e+01,3.095000000000000195e+00,1.555749999999999922e+01,1.542953125000000014e+01
2.579900000000000091e+03,6.981811523437500000e+01,3.117500000000000160e+00,1.559999999999999964e+01,1.545632812500000064e+01
2.580000000000000000e+03,7.005615234375000000e+01,3.112499999999999822e+00,1.575750000000000028e+01,1.545140625000000156e+01
2.580099999999999909e+03,7.086181640625000000e+01,3.147499999999999964e+00,1.561749999999999972e+01,1.545359375000000135e+01
2.580199999999999818e+03,7.276611328125000000e+01,3.109999999999999876e+00,1.561999999999999922e+01,1.547875000000000156e+01
2.580300000000000182e+03,7.326049804687500000e+01,3.220000000000000195e+00,1.575999999999999979e+01,1.539070312499999993e+01
2.580400000000000091e+03,7.291259765625000000e+01,3.137500000000000178e+00,1.554999999999999893e+01,1.547765625000000078e+01
2.580500000000000000e+03,7.315063476562500000e+01,3.192499999999999893e+00,1.580749999999999922e+01,1.547000000000000064e+01
2.580599999999999909e+03,7.560424804687500000e+01,3.162500000000000089e+00,1.552500000000000036e+01,1.547054687500000014e+01
2.580699999999999818e+03,7.553100585937500000e+01,3.187500000000000000e+00,1.539749999999999908e+01,1.549351562500000057e+01
2.580800000000000182e+03,7.597045898437500000e+01,3.174999999999999822e+00,1.572499999999999964e+01,1.547000000000000064e+01
2.580900000000000091e+03,7.562255859375000000e+01,3.192499999999999893e+00,1.581749999999999901e+01,1.548421875000000014e+01
2.581000000000000000e+03,7.730712890625000000e+01,3.207500000000000018e+00,1.547749999999999915e+01,1.546234375000000050e+01
2.581099999999999909e+03,7.840576171875000000e+01,3.182500000000000107e+00,1.570999999999999908e+01,1.544210937500000114e+01
2.581199999999999818e+03,7.803955078125000000e+01,3.242500000000000160e+00,1.537749999999999950e+01,1.545140625000000156e+01
2.581300000000000182e+03,7.851562500000000000e+01,3.220000000000000195e+00,1.554999999999999893e+01,1.543882812500000057e+01
2.581400000000000091e+03,7.811279296875000000e+01,3.197499999999999787e+00,1.557000000000000028e+01,1.542460937500000107e+01
2.581500000000000000e+03,8.054809570312500000e+01,3.229999999999999982e+00,1.569999999999999929e+01,1.543171874999999993e+01
2.581599999999999909e+03,8.073120117187500000e+01,3.247500000000000053e+00,1.569999999999999929e+01,1.545632812500000064e+01
2.581699999999999818e+03,8.034667968750000000e+01,3.254999999999999893e+00,1.572749999999999915e+01,1.546890625000000163e+01
2.581800000000000182e+03,8.080444335937500000e+01,3.259999999999999787e+00,1.536999999999999922e+01,1.545523437500000163e+01
2.581900000000000091e+03,8.212280273437500000e+01,3.252499999999999947e+00,1.550000000000000000e+01,1.539234375000000021e+01
2.582000000000000000e+03,8.287353515625000000e+01,3.282500000000000195e+00,1.560749999999999993e+01,1.549625000000000163e+01
2.582099999999999909e+03,8.292846679687500000e+01,3.242500000000000160e+00,1.565000000000000036e+01,1.546617187500000057e+01
2.582199999999999818e+03,8.256225585937500000e+01,3.232499999999999929e+00,1.552749999999999986e+01,1.543554687500000000e+01
2.582300000000000182e+03,8.353271484375000000e+01,3.292499999999999982e+00,1.550000000000000000e+01,1.548093750000000135e+01
2.582400000000000091e+03,8.461303710937500000e+01,3.282500000000000195e+00,1.589000000000000057e+01,1.541695312500000092e+01
2.582500000000000000e+03,8.499755859375000000e+01,3.274999999999999911e+00,1.558000000000000007e+01,1.546015625000000071e+01
2.582599999999999909e+03,8.503417968750000000e+01,3.280000000000000249e+00,1.550499999999999901e+01,1.547601562500000050e+01
2.582699999999999818e+03,8.463134765625000000e+01,3.274999999999999911e+00,1.552749999999999986e+01,1.547328125000000121e+01
2.582800000000000182e+03,8.690185546875000000e+01,3.332500000000000018e+00,1.555749999999999922e+01,1.544320312500000014e+01
2.582900000000000091e+03,8.664550781250000000e+01,3.317499999999999893e+00,1.574750000000000050e+01,1.549898437500000092e+01
2.583000000000000000e+03,8.703002929687500000e+01,3.327500000000000124e+00,1.586749999999999972e+01,1.553289062500000028e+01
2.583099999999999909e+03,8.701171875000000000e+01,3.334999999999999964e+00,1.570999999999999908e+01,1.545632812500000064e+01
2.583199999999999818e+03,8.776245117187500000e+01,3.322499999999999787e+00,1.560500000000000043e+01,1.547984375000000057e+01
2.583300000000000182e+03,8.900756835937500000e+01,3.354999999999999982e+00,1.547749999999999915e+01,1.546671875000000007e+01
2.583400000000000091e+03,8.856811523437500000e+01,3.382499999999999840e+00,1.568249999999999922e+01,1.544265625000000064e+01
2.583500000000000000e+03,8.891601562500000000e+01,3.330000000000000071e+00,1.567999999999999972e+01,1.545578125000000114e+01
2.583599999999999909e+03,8.891601562500000000e+01,3.359999999999999876e+00,1.545999999999999908e+01,1.537046875000000057e+01
2.583699999999999818e+03,9.034423828125000000e+01,3.334999999999999964e+00,1.572499999999999964e+01,1.549679687500000114e+01
2.583800000000000182e+03,9.094848632812500000e+01,3.379999999999999893e+00,1.570999999999999908e+01,1.546125000000000149e+01
2.583900000000000091e+03,9.043579101562500000e+01,3.370000000000000107e+00,1.564000000000000057e+01,1.540656250000000149e+01
2.584000000000000000e+03,9.078369140625000000e+01,3.395000000000000018e+00,1.575999999999999979e+01,1.547382812500000071e+01
2.584099999999999909e+03,9.234008789062500000e+01,3.377499999999999947e+00,1.562749999999999950e+01,1.543335937500000021e+01
2.584199999999999818e+03,9.235839843750000000e+01,3.437500000000000000e+00,1.552999999999999936e+01,1.543390625000000149e+01
2.584300000000000182e+03,9.285278320312500000e+01,3.415000000000000036e+00,1.554999999999999893e+01,1.547984375000000057e+01
2.584400000000000091e+03,9.235839843750000000e+01,3.452500000000000124e+00,1.566000000000000014e+01,1.548585937500000043e+01
2.584500000000000000e+03,9.320068359375000000e+01,3.432500000000000107e+00,1.576750000000000007e+01,1.546398437500000078e+01
2.584599999999999909e+03,9.451904296875000000e+01,3.439999999999999947e+00,1.542999999999999972e+01,1.542898437500000064e+01
2.584699999999999818e+03,9.417114257812500000e+01,3.497500000000000053e+00,1.575000000000000000e+01,1.545960937500000121e+01
2.584800000000000182e+03,9.466552734375000000e+01,3.432500000000000107e+00,1.572499999999999964e+01,1.551703125000000050e+01
2.584900000000000091e+03,9.415283203125000000e+01,3.427500000000000213e+00,1.592750000000000021e+01,1.543335937500000021e+01
2.585000000000000000e+03,9.613037109375000000e+01,3.437500000000000000e+00,1.556000000000000050e+01,1.547984375000000057e+01
2.585099999999999909e+03,9.633178710937500000e+01,3.472500000000000142e+00,1.566000000000000014e+01,1.544921875000000000e+01
2.585199999999999818e+03,9.596557617187500000e+01,3.479999999999999982e+00,1.543750000000000000e+01,1.553289062500000028e+01
2.585300000000000182e+03,9.647827148437500000e+01,3.444999999999999840e+00,1.560749999999999993e+01,1.550335937500000050e+01
2.585400000000000091e+03,9.702758789062500000e+01,3.479999999999999982e+00,1.554749999999999943e+01,1.544375000000000142e+01
2.585500000000000000e+03,9.812622070312500000e+01,3.472500000000000142e+00,1.545999999999999908e+01,1.541968750000000021e+01
2.585599999999999909e+03,9.814453125000000000e+01,3.515000000000000124e+00,1.568999999999999950e+01,1.548585937500000043e+01
2.585699999999999818e+03,9.776000976562500000e+01,3.515000000000000124e+00,1.550499999999999901e+01,1.544539062499999993e+01
2.585800000000000182e+03,9.832763671875000000e+01,3.504999999999999893e+00,1.545999999999999908e+01,1.551429687500000121e+01
2.585900000000000091e+03,9.933471679687500000e+01,3.482499999999999929e+00,1.543999999999999950e+01,1.547710937500000128e+01
2.586000000000000000e+03,9.982910156250000000e+01,3.500000000000000000e+00,1.542999999999999972e+01,1.542570312500000007e+01
2.586099999999999909e+03,9.984741210937500000e+01,3.552500000000000213e+00,1.548000000000000043e+01,1.543281250000000071e+01
2.586199999999999818e+03,9.948120117187500000e+01,3.552500000000000213e+00,1.549750000000000050e+01,1.540437499999999993e+01
2.586300000000000182e+03,1.013854980468750000e+02,3.522499999999999964e+00,1.550999999999999979e+01,1.539562500000000078e+01
2.586400000000000091e+03,1.011108398437500000e+02,3.562500000000000000e+00,1.549750000000000050e+01,1.547273437499999993e+01
2.586500000000000000e+03,1.015686035156250000e+02,3.549999999999999822e+00,1.555749999999999922e+01,1.545085937500000028e+01
2.586599999999999909e+03,1.015319824218750000e+02,3.535000000000000142e+00,1.532750000000000057e+01,1.542789062500000163e+01
2.586699999999999818e+03,1.017883300781250000e+02,3.592500000000000249e+00,1.548000000000000043e+01,1.546179687500000099e+01
2.586800000000000182e+03,1.033447265625000000e+02,3.580000000000000071e+00,1.565000000000000036e+01,1.548203125000000036e+01
2.586900000000000091e+03,1.028137207031250000e+02,3.570000000000000284e+00,1.572000000000000064e+01,1.543882812500000057e+01
2.587000000000000000e+03,1.032531738281250000e+02,3.615000000000000213e+00,1.550750000000000028e+01,1.548476562500000142e+01
2.587099999999999909e+03,1.032165527343750000e+02,3.572499999999999787e+00,1.553999999999999915e+01,1.551921875000000028e+01
2.587199999999999818e+03,1.043884277343750000e+02,3.584999999999999964e+00,1.592249999999999943e+01,1.549679687500000114e+01
2.587300000000000182e+03,1.050476074218750000e+02,3.607499999999999929e+00,1.563250000000000028e+01,1.550117187500000071e+01
2.587400000000000091e+03,1.045166015625000000e+02,3.604999999999999982e+00,1.574000000000000021e+01,1.548148437500000085e+01
2.587500000000000000e+03,1.049743652343750000e+02,3.632500000000000284e+00,1.575999999999999979e+01,1.547710937500000128e+01
2.587599999999999909e+03,1.060546875000000000e+02,3.612499999999999822e+00,1.550999999999999979e+01,1.550828125000000135e+01
2.587699999999999818e+03,1.062744140625000000e+02,3.660000000000000142e+00,1.556000000000000050e+01,1.547929687500000107e+01
2.587800000000000182e+03,1.068237304687500000e+02,3.642500000000000071e+00,1.537749999999999950e+01,1.546015625000000071e+01
2.587900000000000091e+03,1.062194824218750000e+02,3.662500000000000089e+00,1.545999999999999908e+01,1.551265625000000092e+01
2.588000000000000000e+03,1.067687988281250000e+02,3.662500000000000089e+00,1.561500000000000021e+01,1.550226562500000149e+01
2.588099999999999909e+03,1.082336425781250000e+02,3.680000000000000160e+00,1.547000000000000064e+01,1.548531250000000092e+01
2.588199999999999818e+03,1.079406738281250000e+02,3.662500000000000089e+00,1.549000000000000021e+01,1.543718750000000028e+01
2.588300000000000182e+03,1.085449218750000000e+02,3.672499999999999876e+00,1.570999999999999908e+01,1.548804687500000021e+01
2.588400000000000091e+03,1.079406738281250000e+02,3.717500000000000249e+00,1.568750000000000000e+01,1.550992187500000163e+01
2.588500000000000000e+03,1.098266601562500000e+02,3.697499999999999787e+00,1.564749999999999908e+01,1.549625000000000163e+01
2.588599999999999909e+03,1.100280761718750000e+02,3.725000000000000089e+00,1.556000000000000050e+01,1.549734375000000064e+01
2.588699999999999818e+03,1.096984863281250000e+02,3.737499999999999822e+00,1.550999999999999979e+01,1.542023437500000149e+01
2.588800000000000182e+03,1.101928710937500000e+02,3.745000000000000107e+00,1.559750000000000014e+01,1.546179687500000099e+01
2.588900000000000091e+03,1.103942871093750000e+02,3.754999999999999893e+00,1.574000000000000021e+01,1.546289062500000000e+01
2.589000000000000000e+03,1.117675781250000000e+02,3.797499999999999876e+00,1.543750000000000000e+01,1.547109375000000142e+01
2.589099999999999909e+03,1.117309570312500000e+02,3.732499999999999929e+00,1.548000000000000043e+01,1.546890625000000163e+01
2.589199999999999818e+03,1.114196777343750000e+02,3.742500000000000160e+00,1.558750000000000036e+01,1.548859375000000149e+01
2.589300000000000182e+03,1.118957519531250000e+02,3.785000000000000142e+00,1.557000000000000028e+01,1.544101562500000036e+01
2.589400000000000091e+03,1.128479003906250000e+02,3.802500000000000213e+00,1.559500000000000064e+01,1.547000000000000064e+01
2.589500000000000000e+03,1.135070800781250000e+02,3.862499999999999822e+00,1.553999999999999915e+01,1.542515625000000057e+01
2.589599999999999909e+03,1.133972167968750000e+02,3.847500000000000142e+00,1.551750000000000007e+01,1.545468750000000036e+01
2.589699999999999818e+03,1.131408691406250000e+02,3.832500000000000018e+00,1.551999999999999957e+01,1.546617187500000057e+01
2.589800000000000182e+03,1.148986816406250000e+02,3.832500000000000018e+00,1.570749999999999957e+01,1.544429687500000092e+01
2.589900000000000091e+03,1.147521972656250000e+02,3.875000000000000000e+00,1.572000000000000064e+01,1.545304687500000007e+01
2.590000000000000000e+03,1.153015136718750000e+02,3.867500000000000160e+00,1.573000000000000043e+01,1.540382812500000043e+01
2.590099999999999909e+03,1.152282714843750000e+02,3.912500000000000089e+00,1.565000000000000036e+01,1.546890625000000163e+01
2.590199999999999818e+03,1.153015136718750000e+02,3.915000000000000036e+00,1.541000000000000014e+01,1.549953125000000043e+01
2.590300000000000182e+03,1.172241210937500000e+02,3.922499999999999876e+00,1.569999999999999929e+01,1.549187500000000028e+01
2.590400000000000091e+03,1.166381835937500000e+02,3.912500000000000089e+00,1.566499999999999915e+01,1.543828125000000107e+01
2.590500000000000000e+03,1.171691894531250000e+02,3.942499999999999893e+00,1.568249999999999922e+01,1.546617187500000057e+01
2.590599999999999909e+03,1.170227050781250000e+02,3.950000000000000178e+00,1.566000000000000014e+01,1.548312500000000114e+01
2.590699999999999818e+03,1.183959960937500000e+02,3.977500000000000036e+00,1.573000000000000043e+01,1.546453125000000028e+01
2.590800000000000182e+03,1.190185546875000000e+02,4.012500000000000178e+00,1.572000000000000064e+01,1.541203125000000007e+01
2.590900000000000091e+03,1.184326171875000000e+02,3.992500000000000160e+00,1.577249999999999908e+01,1.549296875000000107e+01
2.591000000000000000e+03,1.189453125000000000e+02,4.015000000000000568e+00,1.569999999999999929e+01,1.547328125000000121e+01
2.591099999999999909e+03,1.196777343750000000e+02,4.027499999999999858e+00,1.546749999999999936e+01,1.547218750000000043e+01
2.591199999999999818e+03,1.203186035156250000e+02,4.035000000000000142e+00,1.583499999999999908e+01,1.542242187500000128e+01
2.591300000000000182e+03,1.208679199218750000e+02,4.062500000000000000e+00,1.558999999999999986e+01,1.547382812500000071e+01
2.591400000000000091e+03,1.201904296875000000e+02,4.062500000000000000e+00,1.547000000000000064e+01,1.541531250000000064e+01
2.591500000000000000e+03,1.207397460937500000e+02,4.105000000000000426e+00,1.551750000000000007e+01,1.546562500000000107e+01
2.591599999999999909e+03,1.224243164062500000e+02,4.089999999999999858e+00,1.550750000000000028e+01,1.548203125000000036e+01
2.591699999999999818e+03,1.222961425781250000e+02,4.092500000000000249e+00,1.559999999999999964e+01,1.545742187500000142e+01
2.591800000000000182e+03,1.227355957031250000e+02,4.080000000000000071e+00,1.563749999999999929e+01,1.548531250000000092e+01
2.591900000000000091e+03,1.221313476562500000e+02,4.147499999999999964e+00,1.551999999999999957e+01,1.543171874999999993e+01
2.592000000000000000e+03,1.233947753906250000e+02,4.169999999999999929e+00,1.566750000000000043e+01,1.547109375000000142e+01
2.592099999999999909e+03,1.234863281250000000e+02,4.144999999999999574e+00,1.566750000000000043e+01,1.541859375000000121e+01
2.592199999999999818e+03,1.232666015625000000e+02,4.202500000000000568e+00,1.556749999999999901e+01,1.545414062500000085e+01
2.592300000000000182e+03,1.237792968750000000e+02,4.197499999999999787e+00,1.562999999999999901e+01,1.536390625000000121e+01
2.592400000000000091e+03,1.231018066406250000e+02,4.200000000000000178e+00,1.546749999999999936e+01,1.548421875000000014e+01
2.592500000000000000e+03,1.237426757812500000e+02,4.259999999999999787e+00,1.560749999999999993e+01,1.540820312500000000e+01
2.592599999999999909e+03,1.236145019531250000e+02,6.312499999999987566e-02,1.566000000000000014e+01,2.187499999998898659e-03
2.592699999999999818e+03,1.233581542968750000e+02,3.312500000000007105e-02,1.576750000000000007e+01,-2.789062500000039080e-02
2.592800000000000182e+03,1.239257812500000000e+02,3.812499999999996447e-02,1.556749999999999901e+01,-2.406250000000031974e-02
2.592900000000000091e+03,1.231933593750000000e+02,-4.375000000000017764e-03,1.544749999999999979e+01,1.640624999999396039e-03
2.593000000000000000e+03,1.237243652343750000e+02,5.062500000000014211e-02,1.561749999999999972e+01,-5.250000000000110134e-02
2.593099999999999909e+03,1.236328125000000000e+02,2.812499999999973355e-02,1.557499999999999929e+01,-4.593750000000085265e-02
2.593199999999999818e+03,1.233398437500000000e+02,3.062500000000012434e-02,1.570500000000000007e+01,-4.921875000000852651e-03
2.593300000000000182e+03,1.233398437500000000e+02,-3.825000000000002842e-01,1.579999999999999893e+01,-2.734375000001065814e-03
2.593400000000000091e+03,1.224060058593750000e+02,1.062500000000010658e-02,1.566999999999999993e+01,6.562499999999360512e-03
2.593500000000000000e+03,1.229553222656250000e+02,2.062499999999989342e-02,1.568750000000000000e+01,-5.359375000000099476e-02
2.593599999999999909e+03,1.227905273437500000e+02,6.312499999999987566e-02,1.556000000000000050e+01,-1.257812500000099476e-02
2.593699999999999818e+03,1.224792480468750000e+02,4.812499999999975131e-02,1.573000000000000043e+01,-2.242187500000092371e-02
2.593800000000000182e+03,1.208679199218750000e+02,3.062500000000012434e-02,1.570999999999999908e+01,-6.179687500000063949e-02
2.593900000000000091e+03,1.201171875000000000e+02,4.062499999999991118e-02,1.554999999999999893e+01,-1.039062500000031974e-02
2.594000000000000000e+03,1.206665039062500000e+02,4.812499999999975131e-02,1.542499999999999893e+01,-1.695312500000056843e-02
2.594099999999999909e+03,1.204833984375000000e+02,5.062500000000014211e-02,1.556000000000000050e+01,-3.718750000000081712e-02
2.594199999999999818e+03,1.171142578125000000e+02,4.312499999999985789e-02,1.566999999999999993e+01,-9.953125000000095923e-02
2.594300000000000182e+03,1.170959472656250000e+02,3.062500000000012434e-02,1.570749999999999957e+01,-2.953125000000067502e-02
2.594400000000000091e+03,1.164184570312500000e+02,3.812499999999996447e-02,1.568999999999999950e+01,1.476562499999900524e-02
2.594500000000000000e+03,1.169311523437500000e+02,2.312499999999984013e-02,1.551999999999999957e+01,-2.679687500000049738e-02
2.594599999999999909e+03,1.151733398437500000e+02,2.312499999999984013e-02,1.558999999999999986e+01,-5.304687500000060396e-02
2.594699999999999818e+03,1.124267578125000000e+02,4.562499999999980460e-02,1.575999999999999979e+01,-3.117187500000095923e-02
2.594800000000000182e+03,1.128845214843750000e+02,5.562500000000003553e-02,1.561999999999999922e+01,-9.953125000000095923e-02
2.594900000000000091e+03,1.122436523437500000e+02,2.562499999999978684e-02,1.585500000000000043e+01,-2.734375000001065814e-03
2.595000000000000000e+03,1.127014160156250000e+02,6.562499999999982236e-02,1.575999999999999979e+01,1.039062499999943157e-02
2.595099999999999909e+03,1.095153808593750000e+02,6.562499999999982236e-02,1.553749999999999964e+01,-2.898437500000028422e-02
2.595199999999999818e+03,1.089477539062500000e+02,5.562500000000003553e-02,1.556499999999999950e+01,-1.203125000000060396e-02
2.595300000000000182e+03,1.093872070312500000e+02,3.312500000000007105e-02,1.557750000000000057e+01,-1.367187500000088818e-02
2.595400000000000091e+03,1.088378906250000000e+02,5.062500000000014211e-02,1.548749999999999893e+01,-3.609375000000092371e-02
2.595500000000000000e+03,1.073181152343750000e+02,6.562499999999982236e-02,1.547000000000000064e+01,-7.109375000000639488e-03
2.595599999999999909e+03,1.064025878906250000e+02,1.312500000000005329e-02,1.560749999999999993e+01,-1.476562500000078160e-02
2.595699999999999818e+03,1.059814453125000000e+02,4.062499999999991118e-02,1.557000000000000028e+01,-6.015625000000035527e-02
2.595800000000000182e+03,1.065673828125000000e+02,2.062499999999989342e-02,1.553749999999999964e+01,-5.796875000000056843e-02
2.595900000000000091e+03,1.057617187500000000e+02,5.812499999999998224e-02,1.543999999999999950e+01,-4.101562500000088818e-02
2.596000000000000000e+03,1.039855957031250000e+02,2.812499999999973355e-02,1.556749999999999901e+01,-4.921875000000852651e-03
2.596099999999999909e+03,1.038208007812500000e+02,3.312500000000007105e-02,1.562500000000000000e+01,7.656249999999253930e-03
2.596199999999999818e+03,1.035095214843750000e+02,1.812499999999994671e-02,1.550999999999999979e+01,-1.367187500000088818e-02
2.596300000000000182e+03,1.040039062500000000e+02,3.812499999999996447e-02,1.566750000000000043e+01,-4.484375000000095923e-02
2.596400000000000091e+03,1.014770507812500000e+02,4.562499999999980460e-02,1.546499999999999986e+01,-3.007812500000106581e-02
2.596500000000000000e+03,1.015686035156250000e+02,4.812499999999975131e-02,1.560999999999999943e+01,-3.281250000000035527e-02
2.596599999999999909e+03,1.015502929687500000e+02,8.124999999999715783e-03,1.560999999999999943e+01,-3.937500000000060396e-02
2.596699999999999818e+03,1.012207031250000000e+02,3.062500000000012434e-02,1.534999999999999964e+01,-3.390625000000024869e-02
2.596800000000000182e+03,1.007995605468750000e+02,4.312499999999985789e-02,1.565750000000000064e+01,-6.398437500000042633e-02
2.596900000000000091e+03,9.909667968750000000e+01,3.312500000000007105e-02,1.569749999999999979e+01,-6.726562500000099476e-02
2.597000000000000000e+03,9.946289062500000000e+01,4.812499999999975131e-02,1.552999999999999936e+01,-2.953125000000067502e-02
2.597099999999999909e+03,9.942626953125000000e+01,1.562500000000000000e-02,1.541750000000000043e+01,-3.828125000000071054e-02
2.597199999999999818e+03,9.909667968750000000e+01,4.312499999999985789e-02,1.556749999999999901e+01,-3.117187500000095923e-02
2.597300000000000182e+03,9.790649414062500000e+01,2.812499999999973355e-02,1.569999999999999929e+01,-2.953125000000067502e-02
2.597400000000000091e+03,9.715576171875000000e+01,1.062500000000010658e-02,1.565750000000000064e+01,-4.921875000000053291e-02
2.597500000000000000e+03,9.754028320312500000e+01,4.062499999999991118e-02,1.543999999999999950e+01,-6.343750000000092371e-02
2.597599999999999909e+03,9.755859375000000000e+01,2.812499999999973355e-02,1.561500000000000021e+01,-9.132812500000042633e-02
2.597699999999999818e+03,9.592895507812500000e+01,3.812499999999996447e-02,1.566000000000000014e+01,-3.882812500000110134e-02
2.597800000000000182e+03,9.591064453125000000e+01,3.312500000000007105e-02,1.561500000000000021e+01,-5.960937500000085265e-02
2.597900000000000091e+03,9.536132812500000000e+01,4.062499999999991118e-02,1.569999999999999929e+01,-7.164062500000056843e-02
2.598000000000000000e+03,9.574584960937500000e+01,2.812499999999973355e-02,1.585500000000000043e+01,-4.046875000000049738e-02
2.598099999999999909e+03,9.569091796875000000e+01,5.312500000000008882e-02,1.551999999999999957e+01,-7.820312500000081712e-02
2.598199999999999818e+03,9.375000000000000000e+01,4.562499999999980460e-02,1.549499999999999922e+01,-5.414062500000049738e-02
2.598300000000000182e+03,9.417114257812500000e+01,2.312499999999984013e-02,1.554999999999999893e+01,-3.390625000000024869e-02
2.598400000000000091e+03,9.369506835937500000e+01,4.812499999999975131e-02,1.541750000000000043e+01,-1.312500000000005329e-01
2.598500000000000000e+03,9.406127929687500000e+01,3.124999999999822364e-03,1.562999999999999901e+01,6.015624999998969713e-03
2.598599999999999909e+03,9.272460937500000000e+01,2.562499999999978684e-02,1.568999999999999950e+01,-4.484375000000095923e-02
2.598699999999999818e+03,9.210205078125000000e+01,3.562500000000001776e-02,1.585500000000000043e+01,-5.304687500000060396e-02
2.598800000000000182e+03,9.257812500000000000e+01,5.312500000000008882e-02,1.567750000000000021e+01,-1.312500000000049738e-02
2.598900000000000091e+03,9.208374023437500000e+01,3.562500000000001776e-02,1.558750000000000036e+01,-3.117187500000095923e-02
2.599000000000000000e+03,9.177246093750000000e+01,1.562500000000000000e-02,1.580250000000000021e+01,-3.445312500000063949e-02
2.599099999999999909e+03,9.093017578125000000e+01,1.062500000000010658e-02,1.566999999999999993e+01,-1.055468750000008171e-01
2.599199999999999818e+03,9.056396484375000000e+01,2.562499999999978684e-02,1.564499999999999957e+01,-4.757812500000024869e-02
2.599300000000000182e+03,9.102172851562500000e+01,6.062499999999992895e-02,1.562999999999999901e+01,-4.046875000000049738e-02
2.599400000000000091e+03,9.054565429687500000e+01,3.062500000000012434e-02,1.523000000000000043e+01,-6.453125000000081712e-02
2.599500000000000000e+03,8.953857421875000000e+01,3.562500000000001776e-02,1.559500000000000064e+01,-3.992187500000099476e-02
2.599599999999999909e+03,8.944702148437500000e+01,2.062499999999989342e-02,1.559999999999999964e+01,-5.578125000000078160e-02
2.599699999999999818e+03,8.908081054687500000e+01,2.562499999999978684e-02,1.561999999999999922e+01,-4.593750000000085265e-02
2.599800000000000182e+03,8.953857421875000000e+01,4.812499999999975131e-02,1.588250000000000028e+01,-6.234375000000103029e-02
2.599900000000000091e+03,8.809204101562500000e+01,4.062499999999991118e-02,1.564000000000000057e+01,-6.179687500000063949e-02
2.600000000000000000e+03,8.803710937500000000e+01,2.562499999999978684e-02,1.553999999999999915e+01,-1.804687500000046185e-02
2.600099999999999909e+03,8.803710937500000000e+01,5.812499999999998224e-02,1.566999999999999993e+01,-2.351562500000081712e-02
2.600199999999999818e+03,8.767089843750000000e+01,5.812499999999998224e-02,1.584249999999999936e+01,6.015624999998969713e-03
2.600300000000000182e+03,8.801879882812500000e+01,1.049999999999999822e-01,1.541999999999999993e+01,-4.757812500000024869e-02
2.600400000000000091e+03,8.631591796875000000e+01,2.812499999999973355e-02,1.558499999999999908e+01,-2.460937500000071054e-02
2.600500000000000000e+03,8.659057617187500000e+01,6.562499999999982236e-02,1.567750000000000021e+01,1.203124999999971578e-02
2.600599999999999909e+03,8.660888671875000000e+01,4.312499999999985789e-02,1.543750000000000000e+01,1.312499999999960920e-02
2.600699999999999818e+03,8.622436523437500000e+01,4.312499999999985789e-02,1.558750000000000036e+01,-1.640625000000284217e-03
2.600800000000000182e+03,8.558349609375000000e+01,5.312500000000008882e-02,1.571749999999999936e+01,1.804687499999957367e-02
2.600900000000000091e+03,8.486938476562500000e+01,3.124999999999822364e-03,1.552500000000000036e+01,-5.031250000000042633e-02
2.601000000000000000e+03,8.519897460937500000e+01,6.062499999999992895e-02,1.554749999999999943e+01,-3.992187500000099476e-02
2.601099999999999909e+03,8.521728515625000000e+01,6.062499999999992895e-02,1.559999999999999964e+01,-1.750000000000095923e-02
2.601199999999999818e+03,8.432006835937500000e+01,3.562500000000001776e-02,1.546749999999999936e+01,-4.976562500000092371e-02
2.601300000000000182e+03,8.408203125000000000e+01,4.812499999999975131e-02,1.532000000000000028e+01,-7.820312500000081712e-02
2.601400000000000091e+03,8.356933593750000000e+01,5.312500000000008882e-02,1.567750000000000021e+01,-6.125000000000024869e-02
2.601500000000000000e+03,8.393554687500000000e+01,6.812499999999976907e-02,1.588749999999999929e+01,-7.820312500000081712e-02
2.601599999999999909e+03,8.391723632812500000e+01,7.312500000000010658e-02,1.571499999999999986e+01,1.804687499999957367e-02
2.601699999999999818e+03,8.241577148437500000e+01,7.562500000000005329e-02,1.546499999999999986e+01,1.039062499999943157e-02
2.601800000000000182e+03,8.274536132812500000e+01,3.562500000000001776e-02,1.558750000000000036e+01,-7.328125000000085265e-02
2.601900000000000091e+03,8.226928710937500000e+01,2.062499999999989342e-02,1.558750000000000036e+01,-5.359375000000099476e-02
2.602000000000000000e+03,8.259887695312500000e+01,8.124999999999715783e-03,1.561749999999999972e+01,-3.828125000000071054e-02
2.602099999999999909e+03,8.179321289062500000e+01,2.812499999999973355e-02,1.551500000000000057e+01,-3.445312500000063949e-02
2.602199999999999818e+03,8.100585937500000000e+01,2.312499999999984013e-02,1.580499999999999972e+01,-3.992187500000099476e-02
2.602300000000000182e+03,8.139038085937500000e+01,3.812499999999996447e-02,1.578250000000000064e+01,-2.406250000000031974e-02
2.602400000000000091e+03,8.102416992187500000e+01,5.624999999999769074e-03,1.561999999999999922e+01,-4.593750000000085265e-02
2.602500000000000000e+03,8.129882812500000000e+01,3.812499999999996447e-02,1.550750000000000028e+01,-5.085937500000081712e-02
2.602599999999999909e+03,8.020019531250000000e+01,4.062499999999991118e-02,1.580499999999999972e+01,-3.664062500000042633e-02
2.602699999999999818e+03,7.979736328125000000e+01,5.312500000000008882e-02,1.556749999999999901e+01,-3.171875000000046185e-02
2.602800000000000182e+03,8.023681640625000000e+01,7.312500000000010658e-02,1.550999999999999979e+01,-3.609375000000092371e-02
2.602900000000000091e+03,7.981567382812500000e+01,6.812499999999976907e-02,1.543999999999999950e+01,-5.085937500000081712e-02
2.603000000000000000e+03,7.908325195312500000e+01,7.062500000000015987e-02,1.581749999999999901e+01,-3.718750000000081712e-02
2.603099999999999909e+03,7.897338867187500000e+01,4.062499999999991118e-02,1.587250000000000050e+01,-4.210937500000078160e-02
2.603199999999999818e+03,7.858886718750000000e+01,4.312499999999985789e-02,1.540750000000000064e+01,-4.976562500000092371e-02
2.603300000000000182e+03,7.908325195312500000e+01,2.562499999999978684e-02,1.558999999999999986e+01,-1.000781250000004619e-01
2.603400000000000091e+03,7.825927734375000000e+01,5.562500000000003553e-02,1.565000000000000036e+01,-4.812500000000063949e-02
2.603500000000000000e+03,7.783813476562500000e+01,5.062500000000014211e-02,1.559999999999999964e+01,-6.890625000000039080e-02
2.603599999999999909e+03,7.781982421875000000e+01,5.062500000000014211e-02,1.593500000000000050e+01,-2.023437500000024869e-02
2.603699999999999818e+03,7.743530273437500000e+01,4.562499999999980460e-02,1.561749999999999972e+01,2.734374999999289457e-03
2.603800000000000182e+03,7.791137695312500000e+01,3.062500000000012434e-02,1.566999999999999993e+01,-8.093750000000099476e-02
2.603900000000000091e+03,7.650146484375000000e+01,5.062500000000014211e-02,1.563749999999999929e+01,-2.734375000000088818e-02
2.604000000000000000e+03,7.670288085937500000e+01,3.812499999999996447e-02,1.559500000000000064e+01,-1.148437500000110134e-02
2.604099999999999909e+03,7.672119140625000000e+01,2.062499999999989342e-02,1.559750000000000014e+01,-6.070312500000074607e-02
2.604199999999999818e+03,7.635498046875000000e+01,2.812499999999973355e-02,1.552749999999999986e+01,-7.054687500000067502e-02
2.604300000000000182e+03,7.604370117187500000e+01,5.562500000000003553e-02,1.559750000000000014e+01,-3.937500000000060396e-02
2.604400000000000091e+03,7.520141601562500000e+01,4.562499999999980460e-02,1.577999999999999936e+01,-1.099218750000003908e-01
2.604500000000000000e+03,7.545776367187500000e+01,2.312499999999984013e-02,1.552500000000000036e+01,-8.093750000000099476e-02
2.604599999999999909e+03,7.553100585937500000e+01,1.312500000000005329e-02,1.580749999999999922e+01,-4.648437500000035527e-02
2.604699999999999818e+03,7.514648437500000000e+01,5.312500000000008882e-02,1.548499999999999943e+01,-2.242187500000092371e-02
2.604800000000000182e+03,7.465209960937500000e+01,1.274999999999999467e-01,1.538749999999999929e+01,-3.007812500000106581e-02
2.604900000000000091e+03,7.423095703125000000e+01,5.062500000000014211e-02,1.550999999999999979e+01,-5.031250000000042633e-02
2.605000000000000000e+03,7.445068359375000000e+01,4.312499999999985789e-02,1.540000000000000036e+01,-4.976562500000092371e-02
2.605099999999999909e+03,7.457885742187500000e+01,4.812499999999975131e-02,1.570999999999999908e+01,-4.812500000000063949e-02
2.605199999999999818e+03,7.331542968750000000e+01,2.562499999999978684e-02,1.553500000000000014e+01,-1.640625000000106581e-02
2.605300000000000182e+03,7.349853515625000000e+01,3.312500000000007105e-02,1.547749999999999915e+01,-3.828125000000959233e-03
2.605400000000000091e+03,7.313232421875000000e+01,4.312499999999985789e-02,1.574750000000000050e+01,-1.039062500000005329e-01
2.605500000000000000e+03,7.331542968750000000e+01,7.062500000000015987e-02,1.558999999999999986e+01,-5.085937500000081712e-02
2.605599999999999909e+03,7.316894531250000000e+01,4.812499999999975131e-02,1.542750000000000021e+01,-3.718750000000081712e-02
2.605699999999999818e+03,7.208862304687500000e+01,4.562499999999980460e-02,1.545749999999999957e+01,-4.265625000000028422e-02
2.605800000000000182e+03,7.250976562500000000e+01,2.562499999999978684e-02,1.570999999999999908e+01,-2.187500000000053291e-02
2.605900000000000091e+03,7.210693359375000000e+01,1.562500000000000000e-02,1.549750000000000050e+01,-4.156250000000039080e-02
2.606000000000000000e+03,7.236328125000000000e+01,2.812499999999973355e-02,1.576249999999999929e+01,-4.921875000000053291e-02
2.606099999999999909e+03,7.153930664062500000e+01,2.312499999999984013e-02,1.565000000000000036e+01,-9.023437500000053291e-02
2.606199999999999818e+03,7.104492187500000000e+01,6.812499999999976907e-02,1.553749999999999964e+01,-1.312500000000049738e-02
2.606300000000000182e+03,7.148437500000000000e+01,2.312499999999984013e-02,1.548000000000000043e+01,-4.265625000000028422e-02
2.606400000000000091e+03,7.111816406250000000e+01,-4.375000000000017764e-03,1.553999999999999915e+01,-4.539062500000046185e-02
2.606500000000000000e+03,7.075195312500000000e+01,5.062500000000014211e-02,1.559500000000000064e+01,-2.023437500000024869e-02
2.606599999999999909e+03,7.045898437500000000e+01,3.812499999999996447e-02,1.549750000000000050e+01,-3.226562500000085265e-02
2.606699999999999818e+03,7.009277343750000000e+01,6.062499999999992895e-02,1.551999999999999957e+01,-5.742187500000106581e-02
2.606800000000000182e+03,7.051391601562500000e+01,5.812499999999998224e-02,1.565750000000000064e+01,-4.812500000000063949e-02
2.606900000000000091e+03,7.011108398437500000e+01,3.312500000000007105e-02,1.554999999999999893e+01,-7.109375000000106581e-02
2.607000000000000000e+03,6.941528320312500000e+01,4.562499999999980460e-02,1.571749999999999936e+01,-1.203125000000060396e-02
2.607099999999999909e+03,6.943359375000000000e+01,3.812499999999996447e-02,1.561749999999999972e+01,-4.648437500000035527e-02
2.607199999999999818e+03,6.906738281250000000e+01,4.562499999999980460e-02,1.584500000000000064e+01,-4.757812500000024869e-02
2.607300000000000182e+03,6.948852539062500000e+01,4.062499999999991118e-02,1.577999999999999936e+01,-8.859375000000024869e-02
2.607400000000000091e+03,6.848144531250000000e+01,2.312499999999984013e-02,1.565000000000000036e+01,-4.156250000000039080e-02
2.607500000000000000e+03,6.846313476562500000e+01,2.312499999999984013e-02,1.544749999999999979e+01,-7.929687500000071054e-02
2.607599999999999909e+03,6.849975585937500000e+01,7.562500000000005329e-02,1.556499999999999950e+01,-8.421875000000067502e-02
2.607699999999999818e+03,6.820678710937500000e+01,5.062500000000014211e-02,1.565750000000000064e+01,-4.812500000000063949e-02
2.607800000000000182e+03,6.842651367187500000e+01,6.562499999999982236e-02,1.566999999999999993e+01,1.039062499999943157e-02
2.607900000000000091e+03,6.740112304687500000e+01,1.312500000000005329e-02,1.552500000000000036e+01,-3.281250000000035527e-02
2.608000000000000000e+03,6.754760742187500000e+01,2.062499999999989342e-02,1.567999999999999972e+01,-5.796875000000056843e-02
2.608099999999999909e+03,6.763916015625000000e+01,4.812499999999975131e-02,1.552999999999999936e+01,-5.468750000003907985e-04
2.608199999999999818e+03,6.725463867187500000e+01,1.312500000000005329e-02,1.575750000000000028e+01,-1.421875000000039080e-02
2.608300000000000182e+03,6.694335937500000000e+01,3.312500000000007105e-02,1.543750000000000000e+01,-9.843750000000817124e-03
2.608400000000000091e+03,6.646728515625000000e+01,4.562499999999980460e-02,1.580499999999999972e+01,-1.203125000000060396e-02
2.608500000000000000e+03,6.663208007812500000e+01,2.312499999999984013e-02,1.559999999999999964e+01,-4.539062500000046185e-02
2.608599999999999909e+03,6.672363281250000000e+01,8.562499999999984013e-02,1.553999999999999915e+01,-7.054687500000067502e-02
2.608699999999999818e+03,6.593627929687500000e+01,6.562499999999982236e-02,1.551750000000000007e+01,-1.203125000000060396e-02
2.608800000000000182e+03,6.589965820312500000e+01,2.562499999999978684e-02,1.568500000000000050e+01,-5.140625000000031974e-02
2.608900000000000091e+03,6.555175781250000000e+01,8.562499999999984013e-02,1.558999999999999986e+01,5.468749999999467093e-03
2.609000000000000000e+03,6.575317382812500000e+01,5.562500000000003553e-02,1.578999999999999915e+01,-4.539062500000046185e-02
2.609099999999999909e+03,6.580810546875000000e+01,5.062500000000014211e-02,1.556749999999999901e+01,5.468749999995026201e-04
2.609199999999999818e+03,6.465454101562500000e+01,4.312499999999985789e-02,1.522000000000000064e+01,-5.195312500000071054e-02
2.609300000000000182e+03,6.496582031250000000e+01,6.812499999999976907e-02,1.533999999999999986e+01,-1.968750000000074607e-02
2.609400000000000091e+03,6.465454101562500000e+01,6.312499999999987566e-02,1.557000000000000028e+01,-5.632812500000028422e-02
2.609500000000000000e+03,6.483764648437500000e+01,5.812499999999998224e-02,1.562500000000000000e+01,-1.640625000000106581e-02
2.609599999999999909e+03,6.436157226562500000e+01,3.562500000000001776e-02,1.550999999999999979e+01,-3.281250000000035527e-02
2.609699999999999818e+03,6.379394531250000000e+01,5.312500000000008882e-02,1.558000000000000007e+01,-5.468750000000088818e-02
2.609800000000000182e+03,6.417846679687500000e+01,1.812499999999994671e-02,1.561999999999999922e+01,-3.500000000000103029e-02
2.609900000000000091e+03,6.384887695312500000e+01,6.062499999999992895e-02,1.563749999999999929e+01,-3.828125000000071054e-02
2.610000000000000000e+03,6.401367187500000000e+01,5.562500000000003553e-02,1.578999999999999915e+01,-9.843750000000817124e-03
2.610099999999999909e+03,6.331787109375000000e+01,6.062499999999992895e-02,1.567999999999999972e+01,-6.945312500000078160e-02
2.610199999999999818e+03,6.293334960937500000e+01,4.562499999999980460e-02,1.566000000000000014e+01,2.460937499999893419e-02
2.610300000000000182e+03,6.335449218750000000e+01,5.812499999999998224e-02,1.571250000000000036e+01,-4.921875000000053291e-02
2.610400000000000091e+03,6.304321289062500000e+01,3.812499999999996447e-02,1.590249999999999986e+01,-5.578125000000078160e-02
2.610500000000000000e+03,6.260375976562500000e+01,8.562499999999984013e-02,1.566000000000000014e+01,-8.750000000000923706e-03
2.610599999999999909e+03,6.249389648437500000e+01,-2.562500000000023093e-02,1.560749999999999993e+01,-3.937500000000060396e-02
2.610699999999999818e+03,6.218261718750000000e+01,7.312500000000010658e-02,1.564749999999999908e+01,-5.304687500000060396e-02
2.610800000000000182e+03,6.253051757812500000e+01,6.062499999999992895e-02,1.545749999999999957e+01,-2.515625000000110134e-02
2.610900000000000091e+03,6.201782226562500000e+01,2.562499999999978684e-02,1.546749999999999936e+01,-3.390625000000024869e-02
2.611000000000000000e+03,6.165161132812500000e+01,5.562500000000003553e-02,1.543999999999999950e+01,-1.011718750000003553e-01
2.611099999999999909e+03,6.170654296875000000e+01,3.312500000000007105e-02,1.558750000000000036e+01,-4.210937500000078160e-02
2.611199999999999818e+03,6.135864257812500000e+01,3.562500000000001776e-02,1.565750000000000064e+01,-3.773437500000031974e-02
2.611300000000000182e+03,6.174316406250000000e+01,5.062500000000014211e-02,1.560749999999999993e+01,-5.632812500000028422e-02
2.611400000000000091e+03,6.082763671875000000e+01,4.062499999999991118e-02,1.559999999999999964e+01,3.281249999999680256e-03
2.611500000000000000e+03,6.093750000000000000e+01,5.062500000000014211e-02,1.580499999999999972e+01,-6.179687500000063949e-02
2.611599999999999909e+03,6.099243164062500000e+01,5.812499999999998224e-02,1.562999999999999901e+01,-1.476562500000078160e-02
2.611699999999999818e+03,6.064453125000000000e+01,3.062500000000012434e-02,1.533999999999999986e+01,-4.429687500000056843e-02
2.611800000000000182e+03,6.058959960937500000e+01,6.312499999999987566e-02,1.555749999999999922e+01,-4.156250000000039080e-02
2.611900000000000091e+03,5.998535156250000000e+01,3.312500000000007105e-02,1.549750000000000050e+01,-3.882812500000110134e-02
2.612000000000000000e+03,6.013183593750000000e+01,5.812499999999998224e-02,1.564499999999999957e+01,-3.992187500000099476e-02
2.612099999999999909e+03,6.015014648437500000e+01,-2.000000000000001776e-02,1.567750000000000021e+01,-2.625000000000099476e-02
2.612199999999999818e+03,5.987548828125000000e+01,4.812499999999975131e-02,1.581000000000000050e+01,-2.460937500000071054e-02
2.612300000000000182e+03,5.956420898437500000e+01,-1.687500000000019540e-02,1.542999999999999972e+01,-4.265625000000028422e-02
2.612400000000000091e+03,5.928955078125000000e+01,3.312500000000007105e-02,1.570749999999999957e+01,-6.562500000000248690e-03
2.612500000000000000e+03,5.941772460937500000e+01,6.062499999999992895e-02,1.536999999999999922e+01,-4.429687500000056843e-02
2.612599999999999909e+03,5.949096679687500000e+01,4.062499999999991118e-02,1.551999999999999957e+01,-6.507812500000031974e-02
2.612699999999999818e+03,5.859375000000000000e+01,6.312499999999987566e-02,1.561999999999999922e+01,-7.710937500000092371e-02
2.612800000000000182e+03,5.883178710937500000e+01,3.312500000000007105e-02,1.562999999999999901e+01,-6.945312500000078160e-02
2.612900000000000091e+03,5.857543945312500000e+01,4.312499999999985789e-02,1.540000000000000036e+01,-3.992187500000099476e-02
2.613000000000000000e+03,5.870361328125000000e+01,2.312499999999984013e-02,1.550999999999999979e+01,-3.062500000000056843e-02
2.613099999999999909e+03,5.868530273437500000e+01,1.062500000000010658e-02,1.567999999999999972e+01,-1.968750000000074607e-02
2.613199999999999818e+03,5.776977539062500000e+01,1.000000000000000888e-01,1.545999999999999908e+01,-6.179687500000063949e-02
2.613300000000000182e+03,5.813598632812500000e+01,2.812499999999973355e-02,1.576500000000000057e+01,-7.875000000000031974e-02
2.613400000000000091e+03,5.784301757812500000e+01,4.312499999999985789e-02,1.543999999999999950e+01,-6.562500000000248690e-03
2.613500000000000000e+03,5.798950195312500000e+01,3.312500000000007105e-02,1.569749999999999979e+01,-3.828125000000071054e-02
2.613599999999999909e+03,5.745849609375000000e+01,5.062500000000014211e-02,1.573749999999999893e+01,-6.562500000000071054e-02
2.613699999999999818e+03,5.709228515625000000e+01,3.062500000000012434e-02,1.570999999999999908e+01,-1.148437500000110134e-02
2.613800000000000182e+03,5.742187500000000000e+01,8.124999999999982236e-02,1.546749999999999936e+01,-4.429687500000056843e-02
2.613900000000000091e+03,5.718383789062500000e+01,4.062499999999991118e-02,1.567999999999999972e+01,-4.156250000000039080e-02
2.614000000000000000e+03,5.705566406250000000e+01,2.062499999999989342e-02,1.560749999999999993e+01,-4.921875000000053291e-02
2.614099999999999909e+03,5.681762695312500000e+01,1.562500000000000000e-02,1.534750000000000014e+01,-7.273437500000046185e-02
2.614199999999999818e+03,5.645141601562500000e+01,3.312500000000007105e-02,1.575999999999999979e+01,-4.320312500000067502e-02
2.614300000000000182e+03,5.683593750000000000e+01,6.562499999999982236e-02,1.562749999999999950e+01,-6.890625000000039080e-02
2.614400000000000091e+03,5.659790039062500000e+01,3.312500000000007105e-02,1.551750000000000007e+01,-1.914062500000035527e-02
2.614500000000000000e+03,5.608520507812500000e+01,3.312500000000007105e-02,1.571499999999999986e+01,-4.375000000000106581e-02
2.614599999999999909e+03,5.608520507812500000e+01,3.562500000000001776e-02,1.564000000000000057e+01,-3.445312500000063949e-02
2.614699999999999818e+03,5.573730468750000000e+01,1.493750000000000355e-01,1.557750000000000057e+01,-4.593750000000085265e-02
2.614800000000000182e+03,5.610351562500000000e+01,3.062500000000012434e-02,1.558999999999999986e+01,2.187499999998898659e-03
2.614900000000000091e+03,5.546264648437500000e+01,4.312499999999985789e-02,1.575999999999999979e+01,-9.078125000000092371e-02
2.615000000000000000e+03,5.540771484375000000e+01,1.312500000000005329e-02,1.577999999999999936e+01,-6.562500000000071054e-02
2.615099999999999909e+03,5.549926757812500000e+01,3.312500000000007105e-02,1.564749999999999908e+01,-3.335937500000074607e-02
2.615199999999999818e+03,5.516967773437500000e+01,4.312499999999985789e-02,1.557750000000000057e+01,-8.750000000000923706e-03
2.615300000000000182e+03,5.551757812500000000e+01,4.812499999999975131e-02,1.575000000000000000e+01,-4.867187500000103029e-02
2.615400000000000091e+03,5.471191406250000000e+01,2.812499999999973355e-02,1.566000000000000014e+01,-2.132812500000103029e-02
2.615500000000000000e+03,5.482177734375000000e+01,4.562499999999980460e-02,1.551750000000000007e+01,4.210937499999900524e-02
2.615599999999999909e+03,5.485839843750000000e+01,3.812499999999996447e-02,1.574000000000000021e+01,-2.789062500000039080e-02
2.615699999999999818e+03,5.456542968750000000e+01,5.062500000000014211e-02,1.550000000000000000e+01,-4.156250000000039080e-02
2.615800000000000182e+03,5.443725585937500000e+01,5.312500000000008882e-02,1.554749999999999943e+01,-8.093750000000099476e-02
2.615900000000000091e+03,5.410766601562500000e+01,4.312499999999985789e-02,1.544500000000000028e+01,-3.828125000000071054e-02
2.616000000000000000e+03,5.421752929687500000e+01,1.812499999999994671e-02,1.560999999999999943e+01,-4.046875000000049738e-02
2.616099999999999909e+03,5.434570312500000000e+01,5.312500000000008882e-02,1.559999999999999964e+01,-1.000781250000004619e-01
2.616199999999999818e+03,5.379638671875000000e+01,3.812499999999996447e-02,1.546749999999999936e+01,2.132812499999925393e-02
2.616300000000000182e+03,5.374145507812500000e+01,3.062500000000012434e-02,1.566000000000000014e+01,-5.195312500000071054e-02
2.616400000000000091e+03,5.348510742187500000e+01,4.812499999999975131e-02,1.565000000000000036e+01,-2.679687500000049738e-02
2.616500000000000000e+03,5.363159179687500000e+01,3.774999999999999467e-01,1.540000000000000036e+01,-3.226562500000085265e-02
2.616599999999999909e+03,5.370483398437500000e+01,2.562499999999978684e-02,1.542499999999999893e+01,-2.625000000000099476e-02
2.616699999999999818e+03,5.286254882812500000e+01,2.312499999999984013e-02,1.574249999999999972e+01,-3.226562500000085265e-02
2.616800000000000182e+03,5.308227539062500000e+01,6.812499999999976907e-02,1.573749999999999893e+01,4.374999999999573674e-03
2.616900000000000091e+03,5.291748046875000000e+01,8.124999999999715783e-03,1.558750000000000036e+01,-6.617187500000110134e-02
2.617000000000000000e+03,5.302734375000000000e+01,4.062499999999991118e-02,1.566000000000000014e+01,-8.695312500000085265e-02
