time,temperature,ch1,ch3,ch5
3.051800000000000182e+03,4.744262695312500000e+01,3.062500000000012434e-02,1.547000000000000064e+01,-4.156250000000039080e-02
3.051900000000000091e+03,4.753417968750000000e+01,1.062500000000010658e-02,1.580499999999999972e+01,-4.703125000000074607e-02
3.052000000000000000e+03,4.784545898437500000e+01,3.312500000000007105e-02,1.569749999999999979e+01,-7.820312500000081712e-02
3.052099999999999909e+03,4.777221679687500000e+01,3.160000000000000142e+00,1.560749999999999993e+01,1.875671875000000099e+01
3.052199999999999818e+03,4.769897460937500000e+01,2.767500000000000071e+00,1.535749999999999993e+01,1.550554687500000028e+01
3.052300000000000182e+03,4.989624023437500000e+01,2.807500000000000107e+00,1.554749999999999943e+01,1.548640624999999993e+01
3.052400000000000091e+03,4.974975585937500000e+01,2.819999999999999840e+00,1.559999999999999964e+01,1.550664062500000107e+01
3.052500000000000000e+03,5.006103515625000000e+01,2.799999999999999822e+00,1.533000000000000007e+01,1.541531250000000064e+01
3.052599999999999909e+03,5.004272460937500000e+01,2.897499999999999964e+00,1.583499999999999908e+01,1.549132812500000078e+01
3.052699999999999818e+03,5.211181640625000000e+01,2.862499999999999822e+00,1.559999999999999964e+01,1.549898437500000092e+01
3.052800000000000182e+03,5.348510742187500000e+01,2.852500000000000036e+00,1.555749999999999922e+01,1.549351562500000057e+01
3.052900000000000091e+03,5.313720703125000000e+01,2.875000000000000000e+00,1.540000000000000036e+01,1.546890625000000163e+01
3.053000000000000000e+03,5.350341796875000000e+01,2.865000000000000213e+00,1.561999999999999922e+01,1.547437500000000021e+01
3.053099999999999909e+03,5.341186523437500000e+01,2.882499999999999840e+00,1.577749999999999986e+01,1.539562500000000078e+01
3.053199999999999818e+03,5.747680664062500000e+01,2.882499999999999840e+00,1.561749999999999972e+01,1.548039062500000007e+01
3.053300000000000182e+03,5.789794921875000000e+01,2.927500000000000213e+00,1.570999999999999908e+01,1.549132812500000078e+01
3.053400000000000091e+03,5.753173828125000000e+01,2.904999999999999805e+00,1.544500000000000028e+01,1.545523437500000163e+01
3.053500000000000000e+03,5.789794921875000000e+01,2.952500000000000124e+00,1.554999999999999893e+01,1.545304687500000007e+01
3.053599999999999909e+03,6.132202148437500000e+01,2.982499999999999929e+00,1.561999999999999922e+01,1.545906249999999993e+01
3.053699999999999818e+03,6.218261718750000000e+01,2.970000000000000195e+00,1.596250000000000036e+01,1.547109375000000142e+01
3.053800000000000182e+03,6.242065429687500000e+01,2.942499999999999893e+00,1.550000000000000000e+01,1.543773437500000156e+01
3.053900000000000091e+03,6.198120117187500000e+01,2.959999999999999964e+00,1.569999999999999929e+01,1.544867187500000050e+01
3.054000000000000000e+03,6.340942382812500000e+01,2.964999999999999858e+00,1.588749999999999929e+01,1.546726562500000135e+01
3.054099999999999909e+03,6.588134765625000000e+01,3.002499999999999947e+00,1.565750000000000064e+01,1.549898437500000092e+01
3.054199999999999818e+03,6.589965820312500000e+01,3.009999999999999787e+00,1.534750000000000014e+01,1.546125000000000149e+01
3.054300000000000182e+03,6.617431640625000000e+01,3.032500000000000195e+00,1.565750000000000064e+01,1.546398437500000078e+01
3.054400000000000091e+03,6.575317382812500000e+01,3.017500000000000071e+00,1.570749999999999957e+01,1.549078125000000128e+01
3.054500000000000000e+03,6.897583007812500000e+01,3.000000000000000000e+00,1.529749999999999943e+01,1.548203125000000036e+01
3.054599999999999909e+03,6.917724609375000000e+01,3.020000000000000018e+00,1.558750000000000036e+01,1.547710937500000128e+01
3.054699999999999818e+03,6.914062500000000000e+01,3.062500000000000000e+00,1.549000000000000021e+01,1.548312500000000114e+01
3.054800000000000182e+03,6.936035156250000000e+01,3.062500000000000000e+00,1.568999999999999950e+01,1.549843750000000142e+01
3.054900000000000091e+03,7.056884765625000000e+01,3.047499999999999876e+00,1.564000000000000057e+01,1.544648437500000071e+01
3.055000000000000000e+03,7.210693359375000000e+01,3.035000000000000142e+00,1.552500000000000036e+01,1.547656250000000000e+01
3.055099999999999909e+03,7.199707031250000000e+01,3.032500000000000195e+00,1.560999999999999943e+01,1.547984375000000057e+01
3.055199999999999818e+03,7.194213867187500000e+01,3.087499999999999911e+00,1.549000000000000021e+01,1.540601562500000021e+01
3.055300000000000182e+03,7.219848632812500000e+01,3.072499999999999787e+00,1.566000000000000014e+01,1.542570312500000007e+01
3.055400000000000091e+03,7.413940429687500000e+01,3.095000000000000195e+00,1.541999999999999993e+01,1.547218750000000043e+01
3.055500000000000000e+03,7.474365234375000000e+01,3.112499999999999822e+00,1.534750000000000014e+01,1.546343750000000128e+01
3.055599999999999909e+03,7.457885742187500000e+01,3.117500000000000160e+00,1.561999999999999922e+01,1.543773437500000156e+01
3.055699999999999818e+03,7.452392578125000000e+01,3.115000000000000213e+00,1.560999999999999943e+01,1.544812500000000099e+01
3.055800000000000182e+03,7.666625976562500000e+01,3.145000000000000018e+00,1.552999999999999936e+01,1.547328125000000121e+01
3.055900000000000091e+03,7.666625976562500000e+01,3.109999999999999876e+00,1.551500000000000057e+01,1.540000000000000036e+01
3.056000000000000000e+03,7.717895507812500000e+01,3.169999999999999929e+00,1.565750000000000064e+01,1.543992187500000135e+01
3.056099999999999909e+03,7.697753906250000000e+01,3.142500000000000071e+00,1.535749999999999993e+01,1.549734375000000064e+01
3.056199999999999818e+03,7.758178710937500000e+01,3.167499999999999982e+00,1.526999999999999957e+01,1.542296875000000078e+01
3.056300000000000182e+03,7.941284179687500000e+01,3.112499999999999822e+00,1.536999999999999922e+01,1.546945312500000114e+01
3.056400000000000091e+03,7.893676757812500000e+01,3.177500000000000213e+00,1.536749999999999972e+01,1.545031250000000078e+01
3.056500000000000000e+03,7.944946289062500000e+01,3.180000000000000160e+00,1.559999999999999964e+01,1.544812500000000099e+01
3.056599999999999909e+03,7.924804687500000000e+01,3.117500000000000160e+00,1.578999999999999915e+01,1.546507812500000156e+01
3.056699999999999818e+03,8.120727539062500000e+01,3.202500000000000124e+00,1.549000000000000021e+01,1.548804687500000021e+01
3.056800000000000182e+03,8.166503906250000000e+01,3.192499999999999893e+00,1.581499999999999950e+01,1.546890625000000163e+01
3.056900000000000091e+03,8.117065429687500000e+01,3.162500000000000089e+00,1.551999999999999957e+01,1.553234375000000078e+01
3.057000000000000000e+03,8.166503906250000000e+01,3.214999999999999858e+00,1.541999999999999993e+01,1.543007812500000142e+01
3.057099999999999909e+03,8.254394531250000000e+01,3.217499999999999805e+00,1.566000000000000014e+01,1.545195312500000107e+01
3.057199999999999818e+03,8.344116210937500000e+01,3.207500000000000018e+00,1.540000000000000036e+01,1.549734375000000064e+01
3.057300000000000182e+03,8.367919921875000000e+01,3.214999999999999858e+00,1.552749999999999986e+01,1.544703125000000021e+01
3.057400000000000091e+03,8.316650390625000000e+01,3.220000000000000195e+00,1.572000000000000064e+01,1.544539062499999993e+01
3.057500000000000000e+03,8.369750976562500000e+01,3.214999999999999858e+00,1.570999999999999908e+01,1.547328125000000121e+01
3.057599999999999909e+03,8.529052734375000000e+01,3.227500000000000036e+00,1.553999999999999915e+01,1.547218750000000043e+01
3.057699999999999818e+03,8.549194335937500000e+01,3.242500000000000160e+00,1.558000000000000007e+01,1.543609375000000128e+01
3.057800000000000182e+03,8.574829101562500000e+01,3.252499999999999947e+00,1.550000000000000000e+01,1.545195312500000107e+01
3.057900000000000091e+03,8.516235351562500000e+01,3.274999999999999911e+00,1.561749999999999972e+01,1.543773437500000156e+01
3.058000000000000000e+03,8.715820312500000000e+01,3.274999999999999911e+00,1.545999999999999908e+01,1.537703124999999993e+01
3.058099999999999909e+03,8.730468750000000000e+01,3.272499999999999964e+00,1.557000000000000028e+01,1.543007812500000142e+01
3.058199999999999818e+03,8.735961914062500000e+01,3.265000000000000124e+00,1.549750000000000050e+01,1.548257812500000163e+01
3.058300000000000182e+03,8.761596679687500000e+01,3.267500000000000071e+00,1.553999999999999915e+01,1.550171875000000021e+01
3.058400000000000091e+03,8.745117187500000000e+01,3.274999999999999911e+00,1.560999999999999943e+01,1.542351562500000028e+01
3.058500000000000000e+03,8.944702148437500000e+01,3.319999999999999840e+00,1.543999999999999950e+01,1.546234375000000050e+01
3.058599999999999909e+03,8.926391601562500000e+01,3.310000000000000053e+00,1.546749999999999936e+01,1.549406250000000007e+01
3.058699999999999818e+03,8.931884765625000000e+01,3.317499999999999893e+00,1.565000000000000036e+01,1.547765625000000078e+01
3.058800000000000182e+03,8.953857421875000000e+01,3.310000000000000053e+00,1.534500000000000064e+01,1.548093750000000135e+01
3.058900000000000091e+03,9.058227539062500000e+01,3.354999999999999982e+00,1.545999999999999908e+01,1.546125000000000149e+01
3.059000000000000000e+03,9.129638671875000000e+01,3.307500000000000107e+00,1.569999999999999929e+01,1.546671875000000007e+01
3.059099999999999909e+03,9.102172851562500000e+01,3.314999999999999947e+00,1.556000000000000050e+01,1.540218750000000014e+01
3.059199999999999818e+03,9.105834960937500000e+01,3.337499999999999911e+00,1.556749999999999901e+01,1.548476562500000142e+01
3.059300000000000182e+03,9.232177734375000000e+01,3.342500000000000249e+00,1.557750000000000057e+01,1.553945312500000142e+01
3.059400000000000091e+03,9.254150390625000000e+01,3.370000000000000107e+00,1.548749999999999893e+01,1.546179687500000099e+01
3.059500000000000000e+03,9.314575195312500000e+01,3.337499999999999911e+00,1.566000000000000014e+01,1.545687500000000014e+01
3.059599999999999909e+03,9.277954101562500000e+01,3.357499999999999929e+00,1.561999999999999922e+01,1.544101562500000036e+01
3.059699999999999818e+03,9.288940429687500000e+01,3.367500000000000160e+00,1.540000000000000036e+01,1.547273437499999993e+01
3.059800000000000182e+03,9.477539062500000000e+01,3.395000000000000018e+00,1.569999999999999929e+01,1.550117187500000071e+01
3.059900000000000091e+03,9.428100585937500000e+01,3.367500000000000160e+00,1.565000000000000036e+01,1.548093750000000135e+01
3.060000000000000000e+03,9.479370117187500000e+01,3.382499999999999840e+00,1.566999999999999993e+01,1.543390625000000149e+01
3.060099999999999909e+03,9.451904296875000000e+01,3.407500000000000195e+00,1.581499999999999950e+01,1.548640624999999993e+01
3.060199999999999818e+03,9.605712890625000000e+01,3.439999999999999947e+00,1.576999999999999957e+01,1.552031250000000107e+01
3.060300000000000182e+03,9.660644531250000000e+01,3.405000000000000249e+00,1.572000000000000064e+01,1.541914062500000071e+01
3.060400000000000091e+03,9.609375000000000000e+01,3.342500000000000249e+00,1.573749999999999893e+01,1.545687500000000014e+01
3.060500000000000000e+03,9.664306640625000000e+01,3.455000000000000071e+00,1.570999999999999908e+01,1.548312500000000114e+01
3.060599999999999909e+03,9.688110351562500000e+01,3.417499999999999982e+00,1.560749999999999993e+01,1.550882812500000085e+01
3.060699999999999818e+03,9.807128906250000000e+01,3.439999999999999947e+00,1.564000000000000057e+01,1.549351562500000057e+01
3.060800000000000182e+03,9.834594726562500000e+01,3.459999999999999964e+00,1.552999999999999936e+01,1.546234375000000050e+01
3.060900000000000091e+03,9.777832031250000000e+01,3.484999999999999876e+00,1.541000000000000014e+01,1.544429687500000092e+01
3.061000000000000000e+03,9.838256835937500000e+01,3.439999999999999947e+00,1.573749999999999893e+01,1.549843750000000142e+01
3.061099999999999909e+03,9.951782226562500000e+01,3.464999999999999858e+00,1.552999999999999936e+01,1.546781250000000085e+01
3.061199999999999818e+03,9.981079101562500000e+01,3.477500000000000036e+00,1.543999999999999950e+01,1.544867187500000050e+01
3.061300000000000182e+03,1.000488281250000000e+02,3.477500000000000036e+00,1.566999999999999993e+01,1.544210937500000114e+01
3.061400000000000091e+03,9.946289062500000000e+01,3.500000000000000000e+00,1.557000000000000028e+01,1.546179687500000099e+01
3.061500000000000000e+03,1.011840820312500000e+02,3.497500000000000053e+00,1.558999999999999986e+01,1.544757812500000149e+01
3.061599999999999909e+03,1.014587402343750000e+02,3.509999999999999787e+00,1.587500000000000000e+01,1.547054687500000014e+01
3.061699999999999818e+03,1.016601562500000000e+02,3.484999999999999876e+00,1.565000000000000036e+01,1.544375000000000142e+01
3.061800000000000182e+03,1.018432617187500000e+02,3.504999999999999893e+00,1.581250000000000000e+01,1.541476562500000114e+01
3.061900000000000091e+03,1.012756347656250000e+02,3.530000000000000249e+00,1.550750000000000028e+01,1.544156250000000163e+01
3.062000000000000000e+03,1.033996582031250000e+02,3.527499999999999858e+00,1.545999999999999908e+01,1.547765625000000078e+01
3.062099999999999909e+03,1.030700683593750000e+02,3.537500000000000089e+00,1.567999999999999972e+01,1.545632812500000064e+01
3.062199999999999818e+03,1.032531738281250000e+02,3.517500000000000071e+00,1.554749999999999943e+01,1.541640625000000142e+01
3.062300000000000182e+03,1.034179687500000000e+02,3.542499999999999982e+00,1.558000000000000007e+01,1.548804687500000021e+01
3.062400000000000091e+03,1.042236328125000000e+02,3.535000000000000142e+00,1.550000000000000000e+01,1.548093750000000135e+01
3.062500000000000000e+03,1.051574707031250000e+02,3.575000000000000178e+00,1.564000000000000057e+01,1.549187500000000028e+01
3.062599999999999909e+03,1.047729492187500000e+02,3.537500000000000089e+00,1.556000000000000050e+01,1.541914062500000071e+01
3.062699999999999818e+03,1.049377441406250000e+02,3.587499999999999911e+00,1.551500000000000057e+01,1.543882812500000057e+01
3.062800000000000182e+03,1.056518554687500000e+02,3.580000000000000071e+00,1.578749999999999964e+01,1.539890625000000135e+01
3.062900000000000091e+03,1.062194824218750000e+02,3.637500000000000178e+00,1.562749999999999950e+01,1.547382812500000071e+01
3.063000000000000000e+03,1.069152832031250000e+02,3.580000000000000071e+00,1.568750000000000000e+01,1.549460937500000135e+01
3.063099999999999909e+03,1.064758300781250000e+02,3.622500000000000053e+00,1.561999999999999922e+01,1.544812500000000099e+01
3.063199999999999818e+03,1.066589355468750000e+02,3.580000000000000071e+00,1.541000000000000014e+01,1.546015625000000071e+01
3.063300000000000182e+03,1.084167480468750000e+02,3.665000000000000036e+00,1.596749999999999936e+01,1.544484375000000043e+01
3.063400000000000091e+03,1.079956054687500000e+02,3.604999999999999982e+00,1.547749999999999915e+01,1.548257812500000163e+01
3.063500000000000000e+03,1.086364746093750000e+02,3.647499999999999964e+00,1.558750000000000036e+01,1.547218750000000043e+01
3.063599999999999909e+03,1.081787109375000000e+02,3.655000000000000249e+00,1.562749999999999950e+01,1.543773437500000156e+01
3.063699999999999818e+03,1.094604492187500000e+02,3.657499999999999751e+00,1.539749999999999908e+01,1.540710937500000099e+01
3.063800000000000182e+03,1.101013183593750000e+02,3.642500000000000071e+00,1.536749999999999972e+01,1.543828125000000107e+01
3.063900000000000091e+03,1.095886230468750000e+02,3.709999999999999964e+00,1.542750000000000021e+01,1.547656250000000000e+01
3.064000000000000000e+03,1.101928710937500000e+02,3.712499999999999911e+00,1.556000000000000050e+01,1.546835937500000036e+01
3.064099999999999909e+03,1.098632812500000000e+02,3.682500000000000107e+00,1.569999999999999929e+01,1.546125000000000149e+01
3.064199999999999818e+03,1.116027832031250000e+02,3.732499999999999929e+00,1.562500000000000000e+01,1.549625000000000163e+01
3.064300000000000182e+03,1.118591308593750000e+02,3.604999999999999982e+00,1.564499999999999957e+01,1.544703125000000021e+01
3.064400000000000091e+03,1.113098144531250000e+02,3.727500000000000036e+00,1.542499999999999893e+01,1.546562500000000107e+01
3.064500000000000000e+03,1.118774414062500000e+02,3.677500000000000213e+00,1.566999999999999993e+01,1.546179687500000099e+01
3.064599999999999909e+03,1.129760742187500000e+02,3.707500000000000018e+00,1.558750000000000036e+01,1.544703125000000021e+01
3.064699999999999818e+03,1.134704589843750000e+02,3.782499999999999751e+00,1.560749999999999993e+01,1.544320312500000014e+01
3.064800000000000182e+03,1.136718750000000000e+02,3.782499999999999751e+00,1.569999999999999929e+01,1.544593750000000121e+01
3.064900000000000091e+03,1.130676269531250000e+02,3.780000000000000249e+00,1.562999999999999901e+01,1.544210937500000114e+01
3.065000000000000000e+03,1.145507812500000000e+02,3.774999999999999911e+00,1.556000000000000050e+01,1.545851562500000043e+01
3.065099999999999909e+03,1.149169921875000000e+02,3.780000000000000249e+00,1.555749999999999922e+01,1.542023437500000149e+01
3.065199999999999818e+03,1.152099609375000000e+02,3.810000000000000053e+00,1.552749999999999986e+01,1.544757812500000149e+01
3.065300000000000182e+03,1.153564453125000000e+02,3.805000000000000160e+00,1.549000000000000021e+01,1.544539062499999993e+01
3.065400000000000091e+03,1.147888183593750000e+02,3.822499999999999787e+00,1.548000000000000043e+01,1.545414062500000085e+01
3.065500000000000000e+03,1.170959472656250000e+02,3.867500000000000160e+00,1.542999999999999972e+01,1.544101562500000036e+01
3.065599999999999909e+03,1.167297363281250000e+02,3.877499999999999947e+00,1.541000000000000014e+01,1.546070312500000021e+01
3.065699999999999818e+03,1.169860839843750000e+02,3.854999999999999982e+00,1.574000000000000021e+01,1.545250000000000057e+01
3.065800000000000182e+03,1.171691894531250000e+02,3.882500000000000284e+00,1.558750000000000036e+01,1.544375000000000142e+01
3.065900000000000091e+03,1.179748535156250000e+02,3.912500000000000089e+00,1.570999999999999908e+01,1.547820312500000028e+01
3.066000000000000000e+03,1.190185546875000000e+02,3.919999999999999929e+00,1.557750000000000057e+01,1.546726562500000135e+01
3.066099999999999909e+03,1.185424804687500000e+02,3.942499999999999893e+00,1.552999999999999936e+01,1.545031250000000078e+01
3.066199999999999818e+03,1.187805175781250000e+02,4.032499999999999751e+00,1.556499999999999950e+01,1.546507812500000156e+01
3.066300000000000182e+03,1.192382812500000000e+02,3.964999999999999858e+00,1.545999999999999908e+01,1.546617187500000057e+01
3.066400000000000091e+03,1.195129394531250000e+02,4.007500000000000284e+00,1.572000000000000064e+01,1.545632812500000064e+01
3.066500000000000000e+03,1.202270507812500000e+02,3.962499999999999911e+00,1.589499999999999957e+01,1.550992187500000163e+01
3.066599999999999909e+03,1.196960449218750000e+02,4.022499999999999964e+00,1.562749999999999950e+01,1.544976562500000128e+01
3.066699999999999818e+03,1.200073242187500000e+02,4.017500000000000071e+00,1.552999999999999936e+01,1.539890625000000135e+01
3.066800000000000182e+03,1.202453613281250000e+02,4.057500000000000107e+00,1.547499999999999964e+01,1.548640624999999993e+01
3.066900000000000091e+03,1.196594238281250000e+02,4.062500000000000000e+00,1.570250000000000057e+01,1.541804687499999993e+01
3.067000000000000000e+03,1.203369140625000000e+02,4.177500000000000213e+00,1.573749999999999893e+01,1.547328125000000121e+01
3.067099999999999909e+03,1.198425292968750000e+02,4.049999999999999822e+00,1.566000000000000014e+01,1.546781250000000085e+01
3.067199999999999818e+03,1.201171875000000000e+02,4.080000000000000071e+00,1.554749999999999943e+01,1.550117187500000071e+01
3.067300000000000182e+03,1.202453613281250000e+02,-1.875000000000071054e-03,1.535500000000000043e+01,-3.664062500000042633e-02
3.067400000000000091e+03,1.197509765625000000e+02,4.062499999999991118e-02,1.557499999999999929e+01,-4.265625000000028422e-02
3.067500000000000000e+03,1.203552246093750000e+02,3.062500000000012434e-02,1.564000000000000057e+01,-5.578125000000078160e-02
3.067599999999999909e+03,1.198425292968750000e+02,3.562500000000001776e-02,1.565499999999999936e+01,4.374999999999573674e-03
3.067699999999999818e+03,1.195312500000000000e+02,5.062500000000014211e-02,1.558000000000000007e+01,-6.398437500000042633e-02
3.067800000000000182e+03,1.196594238281250000e+02,2.562499999999978684e-02,1.549750000000000050e+01,-3.117187500000095923e-02
3.067900000000000091e+03,1.190734863281250000e+02,2.562499999999978684e-02,1.541999999999999993e+01,-3.882812500000110134e-02
3.068000000000000000e+03,1.197326660156250000e+02,2.062499999999989342e-02,1.583499999999999908e+01,-2.187500000000053291e-02
3.068099999999999909e+03,1.174621582031250000e+02,1.062500000000010658e-02,1.558499999999999908e+01,-9.406250000000060396e-02
3.068199999999999818e+03,1.172973632812500000e+02,4.062499999999991118e-02,1.557000000000000028e+01,-8.859375000000024869e-02
3.068300000000000182e+03,1.174438476562500000e+02,6.312499999999987566e-02,1.572000000000000064e+01,-4.921875000000053291e-02
3.068400000000000091e+03,1.169128417968750000e+02,1.062500000000010658e-02,1.550999999999999979e+01,-4.046875000000049738e-02
3.068500000000000000e+03,1.163635253906250000e+02,4.062499999999991118e-02,1.543750000000000000e+01,-7.164062500000056843e-02
3.068599999999999909e+03,1.137268066406250000e+02,5.062500000000014211e-02,1.554749999999999943e+01,-6.890625000000039080e-02
3.068699999999999818e+03,1.138916015625000000e+02,3.312500000000007105e-02,1.549750000000000050e+01,-4.429687500000056843e-02
3.068800000000000182e+03,1.140930175781250000e+02,2.812499999999973355e-02,1.545999999999999908e+01,-3.171875000000046185e-02
3.068900000000000091e+03,1.134887695312500000e+02,3.562500000000001776e-02,1.548749999999999893e+01,-7.492187500000024869e-02
3.069000000000000000e+03,1.104125976562500000e+02,4.812499999999975131e-02,1.561999999999999922e+01,-5.960937500000085265e-02
3.069099999999999909e+03,1.096069335937500000e+02,8.124999999999715783e-03,1.539749999999999908e+01,-1.421875000000039080e-02
3.069199999999999818e+03,1.097534179687500000e+02,3.062500000000012434e-02,1.552749999999999986e+01,-2.242187500000092371e-02
3.069300000000000182e+03,1.099731445312500000e+02,3.562500000000001776e-02,1.570749999999999957e+01,-2.679687500000049738e-02
3.069400000000000091e+03,1.072265625000000000e+02,2.312499999999984013e-02,1.550999999999999979e+01,-8.476562500000106581e-02
3.069500000000000000e+03,1.066589355468750000e+02,2.312499999999984013e-02,1.558750000000000036e+01,-6.671875000000060396e-02
3.069599999999999909e+03,1.062011718750000000e+02,3.062500000000012434e-02,1.542499999999999893e+01,-6.890625000000039080e-02
3.069699999999999818e+03,1.064025878906250000e+02,7.812500000000000000e-02,1.559500000000000064e+01,-2.406250000000031974e-02
3.069800000000000182e+03,1.065307617187500000e+02,4.812499999999975131e-02,1.574000000000000021e+01,-6.562500000000248690e-03
3.069900000000000091e+03,1.032348632812500000e+02,3.812499999999996447e-02,1.555749999999999922e+01,-2.351562500000081712e-02
3.070000000000000000e+03,1.036926269531250000e+02,3.062500000000012434e-02,1.565750000000000064e+01,-4.976562500000092371e-02
3.070099999999999909e+03,1.032714843750000000e+02,5.812499999999998224e-02,1.545749999999999957e+01,-5.359375000000099476e-02
3.070199999999999818e+03,1.033996582031250000e+02,4.812499999999975131e-02,1.541999999999999993e+01,-3.609375000000092371e-02
3.070300000000000182e+03,1.015869140625000000e+02,3.562500000000001776e-02,1.560749999999999993e+01,-5.468750000000088818e-02
3.070400000000000091e+03,1.005798339843750000e+02,4.312499999999985789e-02,1.553749999999999964e+01,-6.781250000000049738e-02
3.070500000000000000e+03,1.011474609375000000e+02,3.062500000000012434e-02,1.566750000000000043e+01,1.749999999999918288e-02
3.070599999999999909e+03,1.008728027343750000e+02,4.312499999999985789e-02,1.554749999999999943e+01,7.656249999999253930e-03
3.070699999999999818e+03,1.001403808593750000e+02,-1.875000000000071054e-03,1.565000000000000036e+01,-1.367187500000088818e-02
3.070800000000000182e+03,9.898681640625000000e+01,3.812499999999996447e-02,1.563749999999999929e+01,-5.085937500000081712e-02
3.070900000000000091e+03,9.840087890625000000e+01,7.812500000000000000e-02,1.543999999999999950e+01,-5.742187500000106581e-02
3.071000000000000000e+03,9.896850585937500000e+01,3.312500000000007105e-02,1.544999999999999929e+01,-3.992187500000099476e-02
3.071099999999999909e+03,9.860229492187500000e+01,5.062500000000014211e-02,1.557000000000000028e+01,-1.640625000000106581e-02
3.071199999999999818e+03,9.693603515625000000e+01,4.562499999999980460e-02,1.561749999999999972e+01,-4.375000000000106581e-02
3.071300000000000182e+03,9.691772460937500000e+01,4.562499999999980460e-02,1.542999999999999972e+01,-9.187500000000081712e-02
3.071400000000000091e+03,9.638671875000000000e+01,5.562500000000003553e-02,1.583750000000000036e+01,-6.671875000000060396e-02
3.071500000000000000e+03,9.695434570312500000e+01,4.062499999999991118e-02,1.543999999999999950e+01,-1.914062500000035527e-02
3.071599999999999909e+03,9.537963867187500000e+01,5.312500000000008882e-02,1.566000000000000014e+01,-8.750000000000035527e-02
3.071699999999999818e+03,9.486694335937500000e+01,4.812499999999975131e-02,1.554499999999999993e+01,-7.218750000000095923e-02
3.071800000000000182e+03,9.506835937500000000e+01,3.062500000000012434e-02,1.562999999999999901e+01,-3.390625000000024869e-02
3.071900000000000091e+03,9.450073242187500000e+01,3.812499999999996447e-02,1.583499999999999908e+01,-3.664062500000042633e-02
3.072000000000000000e+03,9.497680664062500000e+01,3.812499999999996447e-02,1.558999999999999986e+01,-3.226562500000085265e-02
3.072099999999999909e+03,9.310913085937500000e+01,3.312500000000007105e-02,1.572499999999999964e+01,-5.960937500000085265e-02
3.072199999999999818e+03,9.312744140625000000e+01,9.750000000000014211e-02,1.554749999999999943e+01,-6.890625000000039080e-02
3.072300000000000182e+03,9.331054687500000000e+01,3.812499999999996447e-02,1.577749999999999986e+01,-4.265625000000028422e-02
3.072400000000000091e+03,9.277954101562500000e+01,2.312499999999984013e-02,1.547749999999999915e+01,-4.156250000000039080e-02
3.072500000000000000e+03,9.202880859375000000e+01,5.562500000000003553e-02,1.542999999999999972e+01,-4.703125000000074607e-02
3.072599999999999909e+03,9.144287109375000000e+01,3.562500000000001776e-02,1.553749999999999964e+01,-1.093750000000781597e-03
3.072699999999999818e+03,9.151611328125000000e+01,2.062499999999989342e-02,1.562999999999999901e+01,-5.632812500000028422e-02
3.072800000000000182e+03,9.173583984375000000e+01,2.062499999999989342e-02,1.566999999999999993e+01,-4.210937500000078160e-02
3.072900000000000091e+03,9.054565429687500000e+01,1.093750000000000000e-01,1.566999999999999993e+01,-5.578125000000078160e-02
3.073000000000000000e+03,9.021606445312500000e+01,3.562500000000001776e-02,1.558999999999999986e+01,-8.367187500000028422e-02
3.073099999999999909e+03,8.984985351562500000e+01,6.312499999999987566e-02,1.568999999999999950e+01,-5.250000000000110134e-02
3.073199999999999818e+03,8.988647460937500000e+01,4.812499999999975131e-02,1.563749999999999929e+01,-9.898437500000056843e-02
3.073300000000000182e+03,9.010620117187500000e+01,8.812499999999978684e-02,1.566000000000000014e+01,-4.703125000000074607e-02
3.073400000000000091e+03,8.823852539062500000e+01,3.062500000000012434e-02,1.560999999999999943e+01,-5.304687500000060396e-02
3.073500000000000000e+03,8.858642578125000000e+01,4.062499999999991118e-02,1.561749999999999972e+01,-1.750000000000095923e-02
3.073599999999999909e+03,8.834838867187500000e+01,2.562499999999978684e-02,1.567999999999999972e+01,-9.296875000000426326e-03
3.073699999999999818e+03,8.840332031250000000e+01,5.562500000000003553e-02,1.549000000000000021e+01,-4.921875000000053291e-02
3.073800000000000182e+03,8.774414062500000000e+01,3.812499999999996447e-02,1.575000000000000000e+01,-6.945312500000078160e-02
3.073900000000000091e+03,8.671875000000000000e+01,3.312500000000007105e-02,1.564000000000000057e+01,-1.257812500000099476e-02
3.074000000000000000e+03,8.724975585937500000e+01,5.062500000000014211e-02,1.550999999999999979e+01,-9.296875000000426326e-03
3.074099999999999909e+03,8.695678710937500000e+01,1.200000000000001066e-01,1.574000000000000021e+01,-1.312500000000049738e-02
3.074199999999999818e+03,8.699340820312500000e+01,4.812499999999975131e-02,1.568500000000000050e+01,-7.328125000000085265e-02
3.074300000000000182e+03,8.591308593750000000e+01,4.562499999999980460e-02,1.574000000000000021e+01,-5.796875000000056843e-02
3.074400000000000091e+03,8.530883789062500000e+01,3.062500000000012434e-02,1.572000000000000064e+01,-3.500000000000103029e-02
3.074500000000000000e+03,8.583984375000000000e+01,8.562499999999984013e-02,1.572000000000000064e+01,-2.078125000000063949e-02
3.074599999999999909e+03,8.556518554687500000e+01,1.312500000000005329e-02,1.560749999999999993e+01,-6.890625000000039080e-02
3.074699999999999818e+03,8.452148437500000000e+01,3.312500000000007105e-02,1.558000000000000007e+01,-4.429687500000056843e-02
3.074800000000000182e+03,8.455810546875000000e+01,2.312499999999984013e-02,1.565249999999999986e+01,-1.476562500000078160e-02
3.074900000000000091e+03,8.399047851562500000e+01,1.812499999999994671e-02,1.566000000000000014e+01,-3.828125000000071054e-02
3.075000000000000000e+03,8.450317382812500000e+01,5.062500000000014211e-02,1.551750000000000007e+01,-8.203125000000532907e-03
3.075099999999999909e+03,8.388061523437500000e+01,4.312499999999985789e-02,1.580749999999999922e+01,-5.851562500000095923e-02
3.075199999999999818e+03,8.305664062500000000e+01,7.312500000000010658e-02,1.558750000000000036e+01,-5.742187500000106581e-02
3.075300000000000182e+03,8.322143554687500000e+01,4.812499999999975131e-02,1.553749999999999964e+01,-9.132812500000042633e-02
3.075400000000000091e+03,8.269042968750000000e+01,1.812499999999994671e-02,1.556000000000000050e+01,-5.414062500000049738e-02
3.075500000000000000e+03,8.322143554687500000e+01,7.062500000000015987e-02,1.553999999999999915e+01,-2.898437500000028422e-02
3.075599999999999909e+03,8.179321289062500000e+01,3.062500000000012434e-02,1.576999999999999957e+01,-3.609375000000092371e-02
3.075699999999999818e+03,8.168334960937500000e+01,3.062500000000012434e-02,1.570999999999999908e+01,-5.960937500000085265e-02
3.075800000000000182e+03,8.188476562500000000e+01,2.312499999999984013e-02,1.547000000000000064e+01,-2.843750000000078160e-02
3.075900000000000091e+03,8.139038085937500000e+01,3.124999999999822364e-03,1.552999999999999936e+01,-7.054687500000067502e-02
3.076000000000000000e+03,8.122558593750000000e+01,3.812499999999996447e-02,1.556000000000000050e+01,-7.164062500000056843e-02
3.076099999999999909e+03,8.049316406250000000e+01,2.312499999999984013e-02,1.554499999999999993e+01,-2.898437500000028422e-02
3.076199999999999818e+03,8.047485351562500000e+01,5.062500000000014211e-02,1.561749999999999972e+01,9.296874999999538147e-03
3.076300000000000182e+03,8.067626953125000000e+01,5.312500000000008882e-02,1.555499999999999972e+01,-1.531250000000028422e-02
3.076400000000000091e+03,8.018188476562500000e+01,2.062499999999989342e-02,1.567999999999999972e+01,-6.890625000000039080e-02
3.076500000000000000e+03,7.948608398437500000e+01,4.812499999999975131e-02,1.556000000000000050e+01,-2.734375000001065814e-03
3.076599999999999909e+03,7.919311523437500000e+01,2.812499999999973355e-02,1.563749999999999929e+01,-5.304687500000060396e-02
3.076699999999999818e+03,7.917480468750000000e+01,1.812499999999994671e-02,1.550750000000000028e+01,-1.421875000000039080e-02
3.076800000000000182e+03,7.941284179687500000e+01,2.312499999999984013e-02,1.555749999999999922e+01,-6.343750000000092371e-02
3.076900000000000091e+03,7.798461914062500000e+01,3.062500000000012434e-02,1.560749999999999993e+01,-6.617187500000110134e-02
3.077000000000000000e+03,7.822265625000000000e+01,5.062500000000014211e-02,1.562999999999999901e+01,-7.054687500000067502e-02
3.077099999999999909e+03,7.798461914062500000e+01,3.562500000000001776e-02,1.553999999999999915e+01,-5.578125000000078160e-02
3.077199999999999818e+03,7.798461914062500000e+01,3.562500000000001776e-02,1.557499999999999929e+01,5.468749999995026201e-04
3.077300000000000182e+03,7.792968750000000000e+01,4.812499999999975131e-02,1.537999999999999901e+01,-3.117187500000095923e-02
3.077400000000000091e+03,7.661132812500000000e+01,6.562499999999982236e-02,1.556749999999999901e+01,-5.523437500000039080e-02
3.077500000000000000e+03,7.706909179687500000e+01,2.062499999999989342e-02,1.557000000000000028e+01,-6.507812500000031974e-02
3.077599999999999909e+03,7.686767578125000000e+01,3.062500000000012434e-02,1.553999999999999915e+01,-3.281250000000035527e-02
3.077699999999999818e+03,7.684936523437500000e+01,2.312499999999984013e-02,1.557000000000000028e+01,-3.828125000000959233e-03
3.077800000000000182e+03,7.602539062500000000e+01,4.062499999999991118e-02,1.559500000000000064e+01,-4.429687500000056843e-02
3.077900000000000091e+03,7.538452148437500000e+01,2.812499999999973355e-02,1.532750000000000057e+01,-6.125000000000024869e-02
3.078000000000000000e+03,7.586059570312500000e+01,4.062499999999991118e-02,1.558999999999999986e+01,1.148437499999932498e-02
3.078099999999999909e+03,7.567749023437500000e+01,2.812499999999973355e-02,1.566499999999999915e+01,-4.593750000000085265e-02
3.078199999999999818e+03,7.512817382812500000e+01,1.812499999999994671e-02,1.553749999999999964e+01,-1.695312500000056843e-02
3.078300000000000182e+03,7.489013671875000000e+01,4.312499999999985789e-02,1.554999999999999893e+01,-5.578125000000078160e-02
3.078400000000000091e+03,7.437744140625000000e+01,5.812499999999998224e-02,1.534999999999999964e+01,-1.093750000000071054e-02
3.078500000000000000e+03,7.485351562500000000e+01,3.312500000000007105e-02,1.567999999999999972e+01,-1.257812500000099476e-02
3.078599999999999909e+03,7.468872070312500000e+01,3.812499999999996447e-02,1.558999999999999986e+01,-3.718750000000081712e-02
3.078699999999999818e+03,7.362670898437500000e+01,7.812500000000000000e-02,1.560749999999999993e+01,-6.671875000000060396e-02
3.078800000000000182e+03,7.375488281250000000e+01,3.562500000000001776e-02,1.559999999999999964e+01,-1.640625000000284217e-03
3.078900000000000091e+03,7.327880859375000000e+01,6.062499999999992895e-02,1.566999999999999993e+01,-7.109375000000639488e-03
3.079000000000000000e+03,7.373657226562500000e+01,4.562499999999980460e-02,1.566000000000000014e+01,-7.218750000000095923e-02
3.079099999999999909e+03,7.276611328125000000e+01,3.812499999999996447e-02,1.566000000000000014e+01,-6.671875000000060396e-02
3.079199999999999818e+03,7.249145507812500000e+01,6.562499999999982236e-02,1.561999999999999922e+01,-3.664062500000042633e-02
3.079300000000000182e+03,7.265625000000000000e+01,6.812499999999976907e-02,1.537999999999999901e+01,-1.585937500000067502e-02
3.079400000000000091e+03,7.219848632812500000e+01,5.812499999999998224e-02,1.566750000000000043e+01,-1.695312500000056843e-02
3.079500000000000000e+03,7.254638671875000000e+01,5.312500000000008882e-02,1.549000000000000021e+01,-6.343750000000092371e-02
3.079599999999999909e+03,7.153930664062500000e+01,3.312500000000007105e-02,1.557750000000000057e+01,-4.375000000000106581e-02
3.079699999999999818e+03,7.146606445312500000e+01,5.062500000000014211e-02,1.548000000000000043e+01,-7.875000000000031974e-02
3.079800000000000182e+03,7.164916992187500000e+01,7.312500000000010658e-02,1.538749999999999929e+01,-1.077343750000006040e-01
3.079900000000000091e+03,7.122802734375000000e+01,4.062499999999991118e-02,1.556000000000000050e+01,-5.468750000000088818e-02
3.080000000000000000e+03,7.080688476562500000e+01,3.562500000000001776e-02,1.557000000000000028e+01,-4.648437500000035527e-02
3.080099999999999909e+03,7.049560546875000000e+01,5.812499999999998224e-02,1.560999999999999943e+01,-8.367187500000028422e-02
3.080199999999999818e+03,7.045898437500000000e+01,4.062499999999991118e-02,1.562999999999999901e+01,-7.054687500000067502e-02
3.080300000000000182e+03,7.066040039062500000e+01,3.062500000000012434e-02,1.575999999999999979e+01,-3.882812500000110134e-02
3.080400000000000091e+03,6.972656250000000000e+01,6.312499999999987566e-02,1.582750000000000057e+01,-3.390625000000024869e-02
3.080500000000000000e+03,6.968994140625000000e+01,5.312500000000008882e-02,1.557000000000000028e+01,-6.398437500000042633e-02
3.080599999999999909e+03,6.952514648437500000e+01,1.312500000000005329e-02,1.564749999999999908e+01,-5.468750000003907985e-04
3.080699999999999818e+03,6.947021484375000000e+01,8.062499999999994671e-02,1.559999999999999964e+01,-7.984375000000110134e-02
3.080800000000000182e+03,6.967163085937500000e+01,5.062500000000014211e-02,1.577999999999999936e+01,-4.757812500000024869e-02
3.080900000000000091e+03,6.838989257812500000e+01,4.812499999999975131e-02,1.544999999999999929e+01,1.476562499999900524e-02
3.081000000000000000e+03,6.873779296875000000e+01,6.812499999999976907e-02,1.584500000000000064e+01,-6.617187500000110134e-02
3.081099999999999909e+03,6.860961914062500000e+01,1.062500000000010658e-02,1.558499999999999908e+01,-6.781250000000049738e-02
3.081199999999999818e+03,6.853637695312500000e+01,4.062499999999991118e-02,1.568999999999999950e+01,-6.890625000000039080e-02
3.081300000000000182e+03,6.817016601562500000e+01,2.062499999999989342e-02,1.575750000000000028e+01,-1.257812500000099476e-02
3.081400000000000091e+03,6.741943359375000000e+01,5.812499999999998224e-02,1.540000000000000036e+01,-6.453125000000081712e-02
3.081500000000000000e+03,6.782226562500000000e+01,3.812499999999996447e-02,1.548000000000000043e+01,-3.609375000000092371e-02
3.081599999999999909e+03,6.769409179687500000e+01,2.312499999999984013e-02,1.548000000000000043e+01,-7.546875000000063949e-02
3.081699999999999818e+03,6.760253906250000000e+01,4.812499999999975131e-02,1.568999999999999950e+01,8.749999999999147349e-03
3.081800000000000182e+03,6.701660156250000000e+01,1.562500000000000000e-02,1.560999999999999943e+01,-1.914062500000035527e-02
3.081900000000000091e+03,6.648559570312500000e+01,6.062499999999992895e-02,1.552749999999999986e+01,-3.554687500000053291e-02
3.082000000000000000e+03,6.694335937500000000e+01,4.312499999999985789e-02,1.535500000000000043e+01,-4.921875000000852651e-03
3.082099999999999909e+03,6.679687500000000000e+01,5.812499999999998224e-02,1.561999999999999922e+01,-7.710937500000092371e-02
3.082199999999999818e+03,6.602783203125000000e+01,4.312499999999985789e-02,1.559999999999999964e+01,-2.187500000000053291e-02
3.082300000000000182e+03,6.608276367187500000e+01,5.312500000000008882e-02,1.562749999999999950e+01,-3.664062500000042633e-02
3.082400000000000091e+03,6.560668945312500000e+01,1.812499999999994671e-02,1.566000000000000014e+01,-4.921875000000053291e-02
3.082500000000000000e+03,6.602783203125000000e+01,5.312500000000008882e-02,1.566750000000000043e+01,-4.484375000000095923e-02
3.082599999999999909e+03,6.562500000000000000e+01,2.062499999999989342e-02,1.589250000000000007e+01,-8.695312500000085265e-02
3.082699999999999818e+03,6.498413085937500000e+01,4.812499999999975131e-02,1.566750000000000043e+01,-1.531250000000028422e-02
3.082800000000000182e+03,6.516723632812500000e+01,3.562500000000001776e-02,1.550750000000000028e+01,-6.562500000000248690e-03
3.082900000000000091e+03,6.472778320312500000e+01,1.812499999999994671e-02,1.551999999999999957e+01,-7.109375000000106581e-02
3.083000000000000000e+03,6.516723632812500000e+01,2.562499999999978684e-02,1.577749999999999986e+01,-2.078125000000063949e-02
3.083099999999999909e+03,6.425170898437500000e+01,6.312499999999987566e-02,1.559750000000000014e+01,-5.414062500000049738e-02
3.083199999999999818e+03,6.416015625000000000e+01,3.562500000000001776e-02,1.570749999999999957e+01,-7.109375000000639488e-03
3.083300000000000182e+03,6.436157226562500000e+01,4.062499999999991118e-02,1.567750000000000021e+01,-9.843750000000817124e-03
3.083400000000000091e+03,6.394042968750000000e+01,5.562500000000003553e-02,1.565750000000000064e+01,-6.343750000000092371e-02
3.083500000000000000e+03,6.383056640625000000e+01,2.312499999999984013e-02,1.565750000000000064e+01,-1.367187500000088818e-02
3.083599999999999909e+03,6.340942382812500000e+01,7.562500000000005329e-02,1.551750000000000007e+01,-2.843750000000078160e-02
3.083699999999999818e+03,6.333618164062500000e+01,1.062500000000010658e-02,1.566499999999999915e+01,-2.843750000000078160e-02
3.083800000000000182e+03,6.357421875000000000e+01,7.812500000000000000e-02,1.560749999999999993e+01,-4.484375000000095923e-02
3.083900000000000091e+03,6.313476562500000000e+01,3.062500000000012434e-02,1.558999999999999986e+01,-2.242187500000092371e-02
3.084000000000000000e+03,6.276855468750000000e+01,4.312499999999985789e-02,1.548000000000000043e+01,-8.203125000000532907e-03
3.084099999999999909e+03,6.254882812500000000e+01,5.312500000000008882e-02,1.550000000000000000e+01,-4.648437500000035527e-02
3.084199999999999818e+03,6.253051757812500000e+01,1.812499999999994671e-02,1.568999999999999950e+01,-6.726562500000099476e-02
3.084300000000000182e+03,6.275024414062500000e+01,3.312500000000007105e-02,1.542999999999999972e+01,-5.031250000000042633e-02
3.084400000000000091e+03,6.168823242187500000e+01,4.812499999999975131e-02,1.574000000000000021e+01,-3.718750000000081712e-02
3.084500000000000000e+03,6.194458007812500000e+01,2.562499999999978684e-02,1.549750000000000050e+01,-7.164062500000056843e-02
3.084599999999999909e+03,6.181640625000000000e+01,4.812499999999975131e-02,1.566999999999999993e+01,-5.687500000000067502e-02
3.084699999999999818e+03,6.174316406250000000e+01,6.312499999999987566e-02,1.558999999999999986e+01,-3.828125000000959233e-03
3.084800000000000182e+03,6.181640625000000000e+01,6.249999999998756550e-04,1.587749999999999950e+01,-2.242187500000092371e-02
3.084900000000000091e+03,6.073608398437500000e+01,3.562500000000001776e-02,1.556000000000000050e+01,-3.992187500000099476e-02
3.085000000000000000e+03,6.110229492187500000e+01,2.562499999999978684e-02,1.580250000000000021e+01,1.312499999999960920e-02
3.085099999999999909e+03,6.097412109375000000e+01,3.812499999999996447e-02,1.561999999999999922e+01,-4.210937500000078160e-02
3.085199999999999818e+03,6.091918945312500000e+01,3.312500000000007105e-02,1.558750000000000036e+01,-2.187500000000675016e-03
3.085300000000000182e+03,6.051635742187500000e+01,5.812499999999998224e-02,1.562749999999999950e+01,-4.429687500000056843e-02
3.085400000000000091e+03,6.002197265625000000e+01,1.562500000000000000e-02,1.552999999999999936e+01,-6.015625000000035527e-02
3.085500000000000000e+03,6.042480468750000000e+01,6.062499999999992895e-02,1.523749999999999893e+01,-7.218750000000095923e-02
3.085599999999999909e+03,6.031494140625000000e+01,3.812499999999996447e-02,1.552749999999999986e+01,-1.531250000000028422e-02
3.085699999999999818e+03,5.994873046875000000e+01,1.812499999999994671e-02,1.558000000000000007e+01,-6.070312500000074607e-02
3.085800000000000182e+03,5.976562500000000000e+01,5.562500000000003553e-02,1.550000000000000000e+01,-6.070312500000074607e-02
3.085900000000000091e+03,5.930786132812500000e+01,6.312499999999987566e-02,1.576999999999999957e+01,-1.804687500000046185e-02
3.086000000000000000e+03,5.971069335937500000e+01,3.312500000000007105e-02,1.568750000000000000e+01,-4.921875000000053291e-02
3.086099999999999909e+03,5.963745117187500000e+01,3.062500000000012434e-02,1.570999999999999908e+01,-5.906250000000046185e-02
3.086199999999999818e+03,5.885009765625000000e+01,5.312500000000008882e-02,1.552500000000000036e+01,-5.250000000000110134e-02
3.086300000000000182e+03,5.903320312500000000e+01,3.812499999999996447e-02,1.580499999999999972e+01,1.640624999999396039e-03
3.086400000000000091e+03,5.863037109375000000e+01,4.812499999999975131e-02,1.557750000000000057e+01,-5.304687500000060396e-02
3.086500000000000000e+03,5.899658203125000000e+01,6.312499999999987566e-02,1.576249999999999929e+01,-7.656250000000053291e-02
3.086599999999999909e+03,5.837402343750000000e+01,5.812499999999998224e-02,1.539749999999999908e+01,-6.562500000000071054e-02
3.086699999999999818e+03,5.811767578125000000e+01,5.237500000000001599e-01,1.575999999999999979e+01,-4.210937500000078160e-02
3.086800000000000182e+03,5.833740234375000000e+01,2.812499999999973355e-02,1.546749999999999936e+01,-3.882812500000110134e-02
3.086900000000000091e+03,5.795288085937500000e+01,4.562499999999980460e-02,1.566000000000000014e+01,5.468749999995026201e-04
3.087000000000000000e+03,5.828247070312500000e+01,3.312500000000007105e-02,1.550750000000000028e+01,-7.765625000000042633e-02
3.087099999999999909e+03,5.749511718750000000e+01,5.312500000000008882e-02,1.554999999999999893e+01,-8.914062500000063949e-02
3.087199999999999818e+03,5.742187500000000000e+01,1.062500000000010658e-02,1.558750000000000036e+01,-6.507812500000031974e-02
3.087300000000000182e+03,5.764160156250000000e+01,3.562500000000001776e-02,1.583000000000000007e+01,-3.007812500000106581e-02
3.087400000000000091e+03,5.723876953125000000e+01,5.562500000000003553e-02,1.534999999999999964e+01,-2.132812500000103029e-02
3.087500000000000000e+03,5.701904296875000000e+01,3.062500000000012434e-02,1.581250000000000000e+01,-8.148437500000049738e-02
3.087599999999999909e+03,5.679931640625000000e+01,2.025000000000001243e-01,1.555749999999999922e+01,-3.718750000000081712e-02
3.087699999999999818e+03,5.672607421875000000e+01,1.812499999999994671e-02,1.559999999999999964e+01,-2.734375000000088818e-02
3.087800000000000182e+03,5.692749023437500000e+01,5.562500000000003553e-02,1.542999999999999972e+01,-7.984375000000110134e-02
3.087900000000000091e+03,5.632324218750000000e+01,5.812499999999998224e-02,1.554999999999999893e+01,-1.968750000000074607e-02
3.088000000000000000e+03,5.628662109375000000e+01,3.562500000000001776e-02,1.564000000000000057e+01,-8.881784197001252323e-16
3.088099999999999909e+03,5.617675781250000000e+01,3.812499999999996447e-02,1.570749999999999957e+01,-4.046875000000049738e-02
3.088199999999999818e+03,5.608520507812500000e+01,1.312500000000005329e-02,1.560749999999999993e+01,9.843749999999040767e-03
3.088300000000000182e+03,5.632324218750000000e+01,4.312499999999985789e-02,1.561500000000000021e+01,-1.039062500000031974e-02
3.088400000000000091e+03,5.533447265625000000e+01,3.562500000000001776e-02,1.567249999999999943e+01,-2.734375000000088818e-02
3.088500000000000000e+03,5.560913085937500000e+01,3.062500000000012434e-02,1.562999999999999901e+01,-2.296875000000042633e-02
3.088599999999999909e+03,5.551757812500000000e+01,5.062500000000014211e-02,1.545749999999999957e+01,-7.164062500000056843e-02
3.088699999999999818e+03,5.542602539062500000e+01,3.562500000000001776e-02,1.555749999999999922e+01,-8.750000000000923706e-03
3.088800000000000182e+03,5.529785156250000000e+01,4.812499999999975131e-02,1.569999999999999929e+01,-8.750000000000923706e-03
3.088900000000000091e+03,5.462036132812500000e+01,1.812499999999994671e-02,1.563749999999999929e+01,-4.757812500000024869e-02
3.089000000000000000e+03,5.498657226562500000e+01,-1.875000000000071054e-03,1.551750000000000007e+01,-3.664062500000042633e-02
3.089099999999999909e+03,5.493164062500000000e+01,1.812499999999994671e-02,1.579250000000000043e+01,-6.343750000000092371e-02
3.089199999999999818e+03,5.482177734375000000e+01,2.562499999999978684e-02,1.559500000000000064e+01,-3.718750000000081712e-02
3.089300000000000182e+03,5.447387695312500000e+01,2.062499999999989342e-02,1.567750000000000021e+01,-3.882812500000110134e-02
3.089400000000000091e+03,5.399780273437500000e+01,4.312499999999985789e-02,1.554999999999999893e+01,-1.859375000000085265e-02
3.089500000000000000e+03,5.438232421875000000e+01,6.562499999999982236e-02,1.527749999999999986e+01,-5.414062500000049738e-02
3.089599999999999909e+03,5.427246093750000000e+01,7.312500000000010658e-02,1.568999999999999950e+01,-3.117187500000095923e-02
3.089699999999999818e+03,5.381469726562500000e+01,6.062499999999992895e-02,1.561999999999999922e+01,-3.828125000000071054e-02
3.089800000000000182e+03,5.379638671875000000e+01,4.562499999999980460e-02,1.565000000000000036e+01,-5.851562500000095923e-02
3.089900000000000091e+03,5.344848632812500000e+01,2.562499999999978684e-02,1.581499999999999950e+01,-7.656250000000053291e-02
3.090000000000000000e+03,5.377807617187500000e+01,3.062500000000012434e-02,1.566999999999999993e+01,-7.164062500000056843e-02
3.090099999999999909e+03,5.361328125000000000e+01,4.812499999999975131e-02,1.566750000000000043e+01,-2.406250000000031974e-02
3.090199999999999818e+03,5.306396484375000000e+01,7.562500000000005329e-02,1.550999999999999979e+01,-6.726562500000099476e-02
3.090300000000000182e+03,5.322875976562500000e+01,6.312499999999987566e-02,1.551750000000000007e+01,-3.992187500000099476e-02
3.090400000000000091e+03,5.286254882812500000e+01,5.062500000000014211e-02,1.550999999999999979e+01,-4.320312500000067502e-02
3.090500000000000000e+03,5.317382812500000000e+01,2.812499999999973355e-02,1.543999999999999950e+01,-4.046875000000049738e-02
3.090599999999999909e+03,5.267944335937500000e+01,2.562499999999978684e-02,1.566000000000000014e+01,-2.515625000000110134e-02
3.090699999999999818e+03,5.251464843750000000e+01,3.562500000000001776e-02,1.558750000000000036e+01,-7.109375000000106581e-02
3.090800000000000182e+03,5.273437500000000000e+01,2.062499999999989342e-02,1.572000000000000064e+01,-6.125000000000024869e-02
3.090900000000000091e+03,5.233154296875000000e+01,4.312499999999985789e-02,1.542750000000000021e+01,-6.015625000000035527e-02
3.091000000000000000e+03,5.245971679687500000e+01,6.062499999999992895e-02,1.557000000000000028e+01,1.367187499999911182e-02
3.091099999999999909e+03,5.200195312500000000e+01,5.812499999999998224e-02,1.562999999999999901e+01,-5.632812500000028422e-02
3.091199999999999818e+03,5.189208984375000000e+01,2.562499999999978684e-02,1.582499999999999929e+01,-1.968750000000074607e-02
3.091300000000000182e+03,5.207519531250000000e+01,5.062500000000014211e-02,1.572000000000000064e+01,-7.109375000000639488e-03
3.091400000000000091e+03,5.172729492187500000e+01,5.062500000000014211e-02,1.558000000000000007e+01,-1.640625000000284217e-03
3.091500000000000000e+03,5.207519531250000000e+01,5.312500000000008882e-02,1.557000000000000028e+01,-3.554687500000053291e-02
3.091599999999999909e+03,5.196533203125000000e+01,5.062500000000014211e-02,1.553500000000000014e+01,-8.257812500000039080e-02
3.091699999999999818e+03,5.192871093750000000e+01,1.812499999999994671e-02,1.565750000000000064e+01,-1.421875000000039080e-02
3.091800000000000182e+03,5.214843750000000000e+01,8.124999999999982236e-02,1.540750000000000064e+01,-2.460937500000071054e-02
3.091900000000000091e+03,5.170898437500000000e+01,7.312500000000010658e-02,1.566999999999999993e+01,-6.398437500000042633e-02
3.092000000000000000e+03,5.213012695312500000e+01,2.312499999999984013e-02,1.549750000000000050e+01,-7.109375000000106581e-02
3.092099999999999909e+03,5.196533203125000000e+01,4.812499999999975131e-02,1.554749999999999943e+01,-1.750000000000095923e-02
3.092199999999999818e+03,5.189208984375000000e+01,6.562499999999982236e-02,1.542750000000000021e+01,-4.812500000000063949e-02
3.092300000000000182e+03,5.214843750000000000e+01,3.870000000000000107e+00,1.580499999999999972e+01,1.875289062499999915e+01
3.092400000000000091e+03,5.277099609375000000e+01,2.904999999999999805e+00,1.559750000000000014e+01,1.550062500000000121e+01
3.092500000000000000e+03,5.321044921875000000e+01,2.922499999999999876e+00,1.574000000000000021e+01,1.543773437500000156e+01
3.092599999999999909e+03,5.310058593750000000e+01,2.912500000000000089e+00,1.541000000000000014e+01,1.543554687500000000e+01
3.092699999999999818e+03,5.304565429687500000e+01,2.935000000000000053e+00,1.575750000000000028e+01,1.545085937500000028e+01
3.092800000000000182e+03,5.533447265625000000e+01,2.975000000000000089e+00,1.562999999999999901e+01,1.546671875000000007e+01
3.092900000000000091e+03,5.538940429687500000e+01,2.962499999999999911e+00,1.539749999999999908e+01,1.549078125000000128e+01
3.093000000000000000e+03,5.575561523437500000e+01,2.955000000000000071e+00,1.551999999999999957e+01,1.539398437500000050e+01
3.093099999999999909e+03,5.570068359375000000e+01,2.924999999999999822e+00,1.525000000000000000e+01,1.544867187500000050e+01
3.093199999999999818e+03,5.698242187500000000e+01,2.987499999999999822e+00,1.566999999999999993e+01,1.539398437500000050e+01
3.093300000000000182e+03,5.932617187500000000e+01,3.047499999999999876e+00,1.560749999999999993e+01,1.549789062500000014e+01
3.093400000000000091e+03,5.901489257812500000e+01,2.990000000000000213e+00,1.562749999999999950e+01,1.547820312500000028e+01
3.093500000000000000e+03,5.939941406250000000e+01,3.035000000000000142e+00,1.541000000000000014e+01,1.540546875000000071e+01
3.093599999999999909e+03,5.928955078125000000e+01,3.049999999999999822e+00,1.565000000000000036e+01,1.540328125000000092e+01
3.093699999999999818e+03,6.335449218750000000e+01,3.060000000000000053e+00,1.547499999999999964e+01,1.549953125000000043e+01
3.093800000000000182e+03,6.401367187500000000e+01,2.982499999999999929e+00,1.568999999999999950e+01,1.547984375000000057e+01
3.093900000000000091e+03,6.361083984375000000e+01,3.042499999999999982e+00,1.528999999999999915e+01,1.545468750000000036e+01
3.094000000000000000e+03,6.403198242187500000e+01,3.040000000000000036e+00,1.542499999999999893e+01,1.546234375000000050e+01
3.094099999999999909e+03,6.613769531250000000e+01,3.112499999999999822e+00,1.537999999999999901e+01,1.550007812499999993e+01
3.094199999999999818e+03,6.749267578125000000e+01,3.000000000000000000e+00,1.546749999999999936e+01,1.546179687500000099e+01
3.094300000000000182e+03,6.774902343750000000e+01,3.080000000000000071e+00,1.558999999999999986e+01,1.546125000000000149e+01
3.094400000000000091e+03,6.730957031250000000e+01,3.082500000000000018e+00,1.542999999999999972e+01,1.549078125000000128e+01
3.094500000000000000e+03,6.773071289062500000e+01,3.062500000000000000e+00,1.558750000000000036e+01,1.542023437500000149e+01
3.094599999999999909e+03,7.058715820312500000e+01,3.089999999999999858e+00,1.526750000000000007e+01,1.543882812500000057e+01
3.094699999999999818e+03,7.075195312500000000e+01,3.122500000000000053e+00,1.564000000000000057e+01,1.549187500000000028e+01
3.094800000000000182e+03,7.100830078125000000e+01,3.100000000000000089e+00,1.549000000000000021e+01,1.547820312500000028e+01
3.094900000000000091e+03,7.049560546875000000e+01,3.107499999999999929e+00,1.543750000000000000e+01,1.541695312500000092e+01
3.095000000000000000e+03,7.320556640625000000e+01,3.142500000000000071e+00,1.574000000000000021e+01,1.548859375000000149e+01
3.095099999999999909e+03,7.357177734375000000e+01,3.122500000000000053e+00,1.559999999999999964e+01,1.547710937500000128e+01
3.095199999999999818e+03,7.355346679687500000e+01,3.152499999999999858e+00,1.570250000000000057e+01,1.546343750000000128e+01
3.095300000000000182e+03,7.373657226562500000e+01,3.165000000000000036e+00,1.561999999999999922e+01,1.548476562500000142e+01
3.095400000000000091e+03,7.406616210937500000e+01,3.147499999999999964e+00,1.543750000000000000e+01,1.546398437500000078e+01
3.095500000000000000e+03,7.630004882812500000e+01,3.174999999999999822e+00,1.550000000000000000e+01,1.551156250000000014e+01
3.095599999999999909e+03,7.615356445312500000e+01,3.172499999999999876e+00,1.549750000000000050e+01,1.552414062500000114e+01
3.095699999999999818e+03,7.615356445312500000e+01,3.160000000000000142e+00,1.543750000000000000e+01,1.544210937500000114e+01
3.095800000000000182e+03,7.635498046875000000e+01,3.174999999999999822e+00,1.541000000000000014e+01,1.542734375000000036e+01
3.095900000000000091e+03,7.803955078125000000e+01,3.214999999999999858e+00,1.558000000000000007e+01,1.545687500000000014e+01
3.096000000000000000e+03,7.880859375000000000e+01,3.189999999999999947e+00,1.562999999999999901e+01,1.541039062500000156e+01
3.096099999999999909e+03,7.857055664062500000e+01,3.180000000000000160e+00,1.568999999999999950e+01,1.552304687500000036e+01
3.096199999999999818e+03,7.857055664062500000e+01,3.214999999999999858e+00,1.547749999999999915e+01,1.542187500000000000e+01
3.096300000000000182e+03,8.014526367187500000e+01,3.200000000000000178e+00,1.568999999999999950e+01,1.547382812500000071e+01
3.096400000000000091e+03,8.041992187500000000e+01,3.207500000000000018e+00,1.545999999999999908e+01,1.547875000000000156e+01
3.096500000000000000e+03,8.100585937500000000e+01,3.225000000000000089e+00,1.544749999999999979e+01,1.547929687500000107e+01
3.096599999999999909e+03,8.074951171875000000e+01,3.202500000000000124e+00,1.558999999999999986e+01,1.544484375000000043e+01
3.096699999999999818e+03,8.076782226562500000e+01,3.217499999999999805e+00,1.550000000000000000e+01,1.547765625000000078e+01
3.096800000000000182e+03,8.296508789062500000e+01,3.267500000000000071e+00,1.552500000000000036e+01,1.548585937500000043e+01
3.096900000000000091e+03,8.258056640625000000e+01,3.225000000000000089e+00,1.559999999999999964e+01,1.548148437500000085e+01
3.097000000000000000e+03,8.311157226562500000e+01,3.232499999999999929e+00,1.537749999999999950e+01,1.545632812500000064e+01
3.097099999999999909e+03,8.287353515625000000e+01,3.237499999999999822e+00,1.557750000000000057e+01,1.545742187500000142e+01
3.097199999999999818e+03,8.457641601562500000e+01,3.252499999999999947e+00,1.533499999999999908e+01,1.553015625000000099e+01
3.097300000000000182e+03,8.518066406250000000e+01,3.280000000000000249e+00,1.557000000000000028e+01,1.549351562500000057e+01
3.097400000000000091e+03,8.466796875000000000e+01,3.262500000000000178e+00,1.552999999999999936e+01,1.545578125000000114e+01
3.097500000000000000e+03,8.519897460937500000e+01,3.277499999999999858e+00,1.543999999999999950e+01,1.546890625000000163e+01
3.097599999999999909e+03,8.554687500000000000e+01,3.307500000000000107e+00,1.545749999999999957e+01,1.547656250000000000e+01
3.097699999999999818e+03,8.695678710937500000e+01,3.297499999999999876e+00,1.549000000000000021e+01,1.549843750000000142e+01
3.097800000000000182e+03,8.723144531250000000e+01,3.262500000000000178e+00,1.567999999999999972e+01,1.545359375000000135e+01
3.097900000000000091e+03,8.670043945312500000e+01,3.297499999999999876e+00,1.539000000000000057e+01,1.544648437500000071e+01
3.098000000000000000e+03,8.719482421875000000e+01,3.292499999999999982e+00,1.533499999999999908e+01,1.543390625000000149e+01
3.098099999999999909e+03,8.864135742187500000e+01,3.337499999999999911e+00,1.555749999999999922e+01,1.549351562500000057e+01
3.098199999999999818e+03,8.887939453125000000e+01,3.319999999999999840e+00,1.563749999999999929e+01,1.547546875000000099e+01
3.098300000000000182e+03,8.909912109375000000e+01,3.322499999999999787e+00,1.558000000000000007e+01,1.542843750000000114e+01
3.098400000000000091e+03,8.856811523437500000e+01,3.317499999999999893e+00,1.546749999999999936e+01,1.544867187500000050e+01
3.098500000000000000e+03,9.023437500000000000e+01,3.334999999999999964e+00,1.547000000000000064e+01,1.550062500000000121e+01
3.098599999999999909e+03,9.058227539062500000e+01,3.332500000000000018e+00,1.569999999999999929e+01,1.542898437500000064e+01
3.098699999999999818e+03,9.071044921875000000e+01,3.345000000000000195e+00,1.545500000000000007e+01,1.546617187500000057e+01
3.098800000000000182e+03,9.091186523437500000e+01,3.352500000000000036e+00,1.578250000000000064e+01,1.545085937500000028e+01
3.098900000000000091e+03,9.036254882812500000e+01,3.379999999999999893e+00,1.549000000000000021e+01,1.542023437500000149e+01
3.099000000000000000e+03,9.266967773437500000e+01,3.370000000000000107e+00,1.558000000000000007e+01,1.552140625000000007e+01
3.099099999999999909e+03,9.241333007812500000e+01,3.384999999999999787e+00,1.562999999999999901e+01,1.543937500000000007e+01
3.099199999999999818e+03,9.250488281250000000e+01,3.370000000000000107e+00,1.560999999999999943e+01,1.550992187500000163e+01
3.099300000000000182e+03,9.274291992187500000e+01,3.375000000000000000e+00,1.559999999999999964e+01,1.543773437500000156e+01
3.099400000000000091e+03,9.365844726562500000e+01,3.402499999999999858e+00,1.549000000000000021e+01,1.550445312500000128e+01
3.099500000000000000e+03,9.451904296875000000e+01,3.377499999999999947e+00,1.551750000000000007e+01,1.543445312500000099e+01
3.099599999999999909e+03,9.420776367187500000e+01,3.395000000000000018e+00,1.579999999999999893e+01,1.547984375000000057e+01
3.099699999999999818e+03,9.431762695312500000e+01,3.395000000000000018e+00,1.554749999999999943e+01,1.547710937500000128e+01
3.099800000000000182e+03,9.505004882812500000e+01,3.455000000000000071e+00,1.567999999999999972e+01,1.547601562500000050e+01
3.099900000000000091e+03,9.561767578125000000e+01,3.462499999999999911e+00,1.518999999999999950e+01,1.538468750000000007e+01
3.100000000000000000e+03,9.627685546875000000e+01,3.455000000000000071e+00,1.566999999999999993e+01,1.543718750000000028e+01
3.100099999999999909e+03,9.585571289062500000e+01,3.395000000000000018e+00,1.557499999999999929e+01,1.542242187500000128e+01
3.100199999999999818e+03,9.600219726562500000e+01,3.447499999999999787e+00,1.566249999999999964e+01,1.541695312500000092e+01
3.100300000000000182e+03,9.785156250000000000e+01,3.427500000000000213e+00,1.561999999999999922e+01,1.544210937500000114e+01
3.100400000000000091e+03,9.746704101562500000e+01,3.459999999999999964e+00,1.548749999999999893e+01,1.547054687500000014e+01
3.100500000000000000e+03,9.805297851562500000e+01,3.479999999999999982e+00,1.566999999999999993e+01,1.550500000000000078e+01
3.100599999999999909e+03,9.768676757812500000e+01,3.482499999999999929e+00,1.550499999999999901e+01,1.543117187500000043e+01
3.100699999999999818e+03,9.893188476562500000e+01,3.472500000000000142e+00,1.580499999999999972e+01,1.547054687500000014e+01
3.100800000000000182e+03,9.970092773437500000e+01,3.477500000000000036e+00,1.556000000000000050e+01,1.541476562500000114e+01
3.100900000000000091e+03,9.918823242187500000e+01,3.472500000000000142e+00,1.559999999999999964e+01,1.541804687499999993e+01
3.101000000000000000e+03,9.973754882812500000e+01,3.502499999999999947e+00,1.569999999999999929e+01,1.543773437500000156e+01
3.101099999999999909e+03,9.938964843750000000e+01,3.497500000000000053e+00,1.566000000000000014e+01,1.545851562500000043e+01
3.101199999999999818e+03,1.011840820312500000e+02,3.450000000000000178e+00,1.557000000000000028e+01,1.544265625000000064e+01
3.101300000000000182e+03,1.014221191406250000e+02,3.542499999999999982e+00,1.577999999999999936e+01,1.544429687500000092e+01
3.101400000000000091e+03,1.008728027343750000e+02,3.547499999999999876e+00,1.554999999999999893e+01,1.543445312500000099e+01
3.101500000000000000e+03,1.014587402343750000e+02,3.555000000000000160e+00,1.553999999999999915e+01,1.548968750000000050e+01
3.101599999999999909e+03,1.024108886718750000e+02,3.544999999999999929e+00,1.523749999999999893e+01,1.545523437500000163e+01
3.101699999999999818e+03,1.029235839843750000e+02,3.524999999999999911e+00,1.576500000000000057e+01,1.548367187500000064e+01
3.101800000000000182e+03,1.031433105468750000e+02,3.522499999999999964e+00,1.569999999999999929e+01,1.547765625000000078e+01
3.101900000000000091e+03,1.025756835937500000e+02,3.549999999999999822e+00,1.556749999999999901e+01,1.545250000000000057e+01
3.102000000000000000e+03,1.038757324218750000e+02,3.552500000000000213e+00,1.544999999999999929e+01,1.545687500000000014e+01
3.102099999999999909e+03,1.044250488281250000e+02,3.547499999999999876e+00,1.565000000000000036e+01,1.546562500000000107e+01
3.102199999999999818e+03,1.046813964843750000e+02,3.580000000000000071e+00,1.550999999999999979e+01,1.544976562500000128e+01
3.102300000000000182e+03,1.048461914062500000e+02,3.582500000000000018e+00,1.563749999999999929e+01,1.553781250000000114e+01
3.102400000000000091e+03,1.042968750000000000e+02,3.564999999999999947e+00,1.562999999999999901e+01,1.542898437500000064e+01
3.102500000000000000e+03,1.063476562500000000e+02,3.604999999999999982e+00,1.549750000000000050e+01,1.545851562500000043e+01
3.102599999999999909e+03,1.060546875000000000e+02,3.597500000000000142e+00,1.562749999999999950e+01,1.545687500000000014e+01
3.102699999999999818e+03,1.062561035156250000e+02,3.634999999999999787e+00,1.562749999999999950e+01,1.549132812500000078e+01
3.102800000000000182e+03,1.064392089843750000e+02,3.625000000000000000e+00,1.541499999999999915e+01,1.543664062500000078e+01
3.102900000000000091e+03,1.070800781250000000e+02,3.620000000000000107e+00,1.570749999999999957e+01,1.545742187500000142e+01
3.103000000000000000e+03,1.081970214843750000e+02,3.615000000000000213e+00,1.561749999999999972e+01,1.540820312500000000e+01
3.103099999999999909e+03,1.077392578125000000e+02,3.665000000000000036e+00,1.556499999999999950e+01,1.541367187500000036e+01
3.103199999999999818e+03,1.079772949218750000e+02,3.672499999999999876e+00,1.558999999999999986e+01,1.549953125000000043e+01
3.103300000000000182e+03,1.082702636718750000e+02,3.642500000000000071e+00,1.528999999999999915e+01,1.541695312500000092e+01
3.103400000000000091e+03,1.091857910156250000e+02,3.685000000000000053e+00,1.564000000000000057e+01,1.549953125000000043e+01
3.103500000000000000e+03,1.098999023437500000e+02,3.682500000000000107e+00,1.535999999999999943e+01,1.550828125000000135e+01
3.103599999999999909e+03,1.094604492187500000e+02,3.729999999999999982e+00,1.572749999999999915e+01,1.546289062500000000e+01
3.103699999999999818e+03,1.096801757812500000e+02,3.719999999999999751e+00,1.557000000000000028e+01,1.545195312500000107e+01
3.103800000000000182e+03,1.112731933593750000e+02,3.725000000000000089e+00,1.553999999999999915e+01,1.548640624999999993e+01
3.103900000000000091e+03,1.109802246093750000e+02,3.747500000000000053e+00,1.585500000000000043e+01,1.545085937500000028e+01
3.104000000000000000e+03,1.115844726562500000e+02,3.725000000000000089e+00,1.540000000000000036e+01,1.543226562500000121e+01
3.104099999999999909e+03,1.111267089843750000e+02,3.747500000000000053e+00,1.575000000000000000e+01,1.548914062500000099e+01
3.104199999999999818e+03,1.122253417968750000e+02,3.742500000000000160e+00,1.552999999999999936e+01,1.548039062500000007e+01
3.104300000000000182e+03,1.132141113281250000e+02,3.765000000000000124e+00,1.570999999999999908e+01,1.546125000000000149e+01
3.104400000000000091e+03,1.126831054687500000e+02,3.729999999999999982e+00,1.563749999999999929e+01,1.550882812500000085e+01
3.104500000000000000e+03,1.133056640625000000e+02,3.787500000000000089e+00,1.550000000000000000e+01,1.548750000000000071e+01
3.104599999999999909e+03,1.128662109375000000e+02,3.790000000000000036e+00,1.550499999999999901e+01,1.550609375000000156e+01
3.104699999999999818e+03,1.146606445312500000e+02,3.805000000000000160e+00,1.542999999999999972e+01,1.548531250000000092e+01
3.104800000000000182e+03,1.149169921875000000e+02,3.805000000000000160e+00,1.542999999999999972e+01,1.544101562500000036e+01
3.104900000000000091e+03,1.144042968750000000e+02,3.865000000000000213e+00,1.525999999999999979e+01,1.546179687500000099e+01
3.105000000000000000e+03,1.150268554687500000e+02,3.837499999999999911e+00,1.541000000000000014e+01,1.547601562500000050e+01
3.105099999999999909e+03,1.158325195312500000e+02,3.862499999999999822e+00,1.561749999999999972e+01,1.544867187500000050e+01
3.105199999999999818e+03,1.166015625000000000e+02,3.834999999999999964e+00,1.548499999999999943e+01,1.552468750000000064e+01
3.105300000000000182e+03,1.166931152343750000e+02,3.895000000000000018e+00,1.576750000000000007e+01,1.545851562500000043e+01
3.105400000000000091e+03,1.161987304687500000e+02,3.897499999999999964e+00,1.575999999999999979e+01,1.551046875000000114e+01
3.105500000000000000e+03,1.171325683593750000e+02,3.917499999999999982e+00,1.533750000000000036e+01,1.544812500000000099e+01
3.105599999999999909e+03,1.180297851562500000e+02,3.927500000000000213e+00,1.570749999999999957e+01,1.543500000000000050e+01
3.105699999999999818e+03,1.184143066406250000e+02,3.919999999999999929e+00,1.564499999999999957e+01,1.548039062500000007e+01
3.105800000000000182e+03,1.185058593750000000e+02,3.945000000000000284e+00,1.572749999999999915e+01,1.550281250000000099e+01
3.105900000000000091e+03,1.179931640625000000e+02,3.969999999999999751e+00,1.576999999999999957e+01,1.544593750000000121e+01
3.106000000000000000e+03,1.202453613281250000e+02,3.977500000000000036e+00,1.560749999999999993e+01,1.547656250000000000e+01
3.106099999999999909e+03,1.199157714843750000e+02,3.987499999999999822e+00,1.559999999999999964e+01,1.548640624999999993e+01
3.106199999999999818e+03,1.202270507812500000e+02,3.964999999999999858e+00,1.558499999999999908e+01,1.545414062500000085e+01
3.106300000000000182e+03,1.202636718750000000e+02,3.854999999999999982e+00,1.558750000000000036e+01,1.545140625000000156e+01
3.106400000000000091e+03,1.208862304687500000e+02,4.002499999999999503e+00,1.541750000000000043e+01,1.547601562500000050e+01
3.106500000000000000e+03,1.222412109375000000e+02,4.052500000000000213e+00,1.564250000000000007e+01,1.540929687500000078e+01
3.106599999999999909e+03,1.217102050781250000e+02,4.040000000000000036e+00,1.567499999999999893e+01,1.546015625000000071e+01
3.106699999999999818e+03,1.220397949218750000e+02,4.080000000000000071e+00,1.563749999999999929e+01,1.548093750000000135e+01
3.106800000000000182e+03,1.221130371093750000e+02,4.072499999999999787e+00,1.549000000000000021e+01,1.546125000000000149e+01
3.106900000000000091e+03,1.216918945312500000e+02,4.099999999999999645e+00,1.566750000000000043e+01,1.549898437500000092e+01
3.107000000000000000e+03,1.223693847656250000e+02,4.125000000000000000e+00,1.545999999999999908e+01,1.546015625000000071e+01
3.107099999999999909e+03,1.218200683593750000e+02,4.120000000000000107e+00,1.556749999999999901e+01,1.547054687500000014e+01
3.107199999999999818e+03,1.221496582031250000e+02,4.134999999999999787e+00,1.545749999999999957e+01,1.543554687500000000e+01
3.107300000000000182e+03,1.222595214843750000e+02,4.160000000000000142e+00,1.545749999999999957e+01,1.540000000000000036e+01
3.107400000000000091e+03,1.216918945312500000e+02,4.152499999999999858e+00,1.562250000000000050e+01,1.544156250000000163e+01
3.107500000000000000e+03,1.223327636718750000e+02,2.812499999999973355e-02,1.575000000000000000e+01,-3.554687500000053291e-02
3.107599999999999909e+03,1.218200683593750000e+02,6.062499999999992895e-02,1.552500000000000036e+01,-3.828125000000071054e-02
3.107699999999999818e+03,1.221313476562500000e+02,8.124999999999715783e-03,1.580499999999999972e+01,-3.226562500000085265e-02
3.107800000000000182e+03,1.221496582031250000e+02,1.812499999999994671e-02,1.559999999999999964e+01,-4.976562500000092371e-02
3.107900000000000091e+03,1.216186523437500000e+02,3.312500000000007105e-02,1.544999999999999929e+01,-5.742187500000106581e-02
3.108000000000000000e+03,1.222778320312500000e+02,4.562499999999980460e-02,1.588499999999999979e+01,-1.197656250000003197e-01
3.108099999999999909e+03,1.217102050781250000e+02,5.562500000000003553e-02,1.564749999999999908e+01,-2.406250000000031974e-02
3.108199999999999818e+03,1.204101562500000000e+02,5.062500000000014211e-02,1.567999999999999972e+01,-3.335937500000074607e-02
3.108300000000000182e+03,1.203369140625000000e+02,4.312499999999985789e-02,1.536999999999999922e+01,-7.328125000000085265e-02
3.108400000000000091e+03,1.197875976562500000e+02,-1.256249999999998757e-01,1.545999999999999908e+01,-1.312500000000049738e-02
3.108500000000000000e+03,1.204833984375000000e+02,5.312500000000008882e-02,1.553749999999999964e+01,-2.625000000000099476e-02
3.108599999999999909e+03,1.179199218750000000e+02,4.312499999999985789e-02,1.549000000000000021e+01,-6.179687500000063949e-02
3.108699999999999818e+03,1.171691894531250000e+02,3.562500000000001776e-02,1.573000000000000043e+01,1.476562499999900524e-02
3.108800000000000182e+03,1.172424316406250000e+02,3.812499999999996447e-02,1.560999999999999943e+01,-8.093750000000099476e-02
3.108900000000000091e+03,1.167114257812500000e+02,3.062500000000012434e-02,1.536999999999999922e+01,-2.187500000000053291e-02
3.109000000000000000e+03,1.172424316406250000e+02,7.812500000000000000e-02,1.535999999999999943e+01,-6.234375000000103029e-02
3.109099999999999909e+03,1.126647949218750000e+02,1.812499999999994671e-02,1.575000000000000000e+01,3.828124999999182876e-03
3.109199999999999818e+03,1.127746582031250000e+02,3.812499999999996447e-02,1.574000000000000021e+01,-7.875000000000031974e-02
3.109300000000000182e+03,1.128295898437500000e+02,5.562500000000003553e-02,1.561749999999999972e+01,1.914062499999946709e-02
3.109400000000000091e+03,1.123168945312500000e+02,4.562499999999980460e-02,1.573749999999999893e+01,-3.281250000000568434e-03
3.109500000000000000e+03,1.098815917968750000e+02,2.812499999999973355e-02,1.566000000000000014e+01,-4.703125000000074607e-02
3.109599999999999909e+03,1.088012695312500000e+02,3.124999999999822364e-03,1.559999999999999964e+01,-7.000000000000028422e-02
3.109699999999999818e+03,1.090576171875000000e+02,6.812499999999976907e-02,1.552999999999999936e+01,-9.296875000000426326e-03
3.109800000000000182e+03,1.091308593750000000e+02,3.812499999999996447e-02,1.554999999999999893e+01,-9.460937500000099476e-02
3.109900000000000091e+03,1.075012207031250000e+02,5.062500000000014211e-02,1.560749999999999993e+01,-1.585937500000067502e-02
3.110000000000000000e+03,1.062744140625000000e+02,1.812499999999994671e-02,1.558999999999999986e+01,-2.789062500000039080e-02
3.110099999999999909e+03,1.058166503906250000e+02,4.062499999999991118e-02,1.563499999999999979e+01,-2.296875000000042633e-02
3.110199999999999818e+03,1.059448242187500000e+02,7.812500000000000000e-02,1.574499999999999922e+01,-6.671875000000060396e-02
3.110300000000000182e+03,1.061645507812500000e+02,5.312500000000008882e-02,1.570999999999999908e+01,-4.867187500000103029e-02
3.110400000000000091e+03,1.031616210937500000e+02,5.062500000000014211e-02,1.567999999999999972e+01,-7.328125000000085265e-02
3.110500000000000000e+03,1.035461425781250000e+02,4.062499999999991118e-02,1.573000000000000043e+01,-2.898437500000028422e-02
3.110599999999999909e+03,1.030334472656250000e+02,5.812499999999998224e-02,1.574000000000000021e+01,-7.437500000000074607e-02
3.110699999999999818e+03,1.032531738281250000e+02,3.812499999999996447e-02,1.561249999999999893e+01,1.695312499999968026e-02
3.110800000000000182e+03,1.018798828125000000e+02,5.062500000000014211e-02,1.572000000000000064e+01,-4.210937500000078160e-02
3.110900000000000091e+03,1.006164550781250000e+02,4.562499999999980460e-02,1.566000000000000014e+01,-3.062500000000056843e-02
3.111000000000000000e+03,1.012207031250000000e+02,2.562499999999978684e-02,1.552749999999999986e+01,-4.101562500000088818e-02
3.111099999999999909e+03,1.007812500000000000e+02,-1.218750000000001776e-01,1.556749999999999901e+01,-1.859375000000085265e-02
3.111199999999999818e+03,1.008728027343750000e+02,3.062500000000012434e-02,1.562999999999999901e+01,-1.367187500000088818e-02
3.111300000000000182e+03,9.906005859375000000e+01,7.812500000000000000e-02,1.559500000000000064e+01,-5.960937500000085265e-02
3.111400000000000091e+03,9.841918945312500000e+01,3.062500000000012434e-02,1.584500000000000064e+01,-3.992187500000099476e-02
3.111500000000000000e+03,9.896850585937500000e+01,6.812499999999976907e-02,1.573749999999999893e+01,-1.148437500000110134e-02
3.111599999999999909e+03,9.862060546875000000e+01,5.062500000000014211e-02,1.572000000000000064e+01,-5.250000000000110134e-02
3.111699999999999818e+03,9.717407226562500000e+01,3.562500000000001776e-02,1.556000000000000050e+01,-2.351562500000081712e-02
3.111800000000000182e+03,9.710083007812500000e+01,1.312500000000005329e-02,1.565000000000000036e+01,-6.179687500000063949e-02
3.111900000000000091e+03,9.653320312500000000e+01,4.312499999999985789e-02,1.566750000000000043e+01,-1.585937500000067502e-02
3.112000000000000000e+03,9.706420898437500000e+01,4.312499999999985789e-02,1.551999999999999957e+01,-3.828125000000071054e-02
3.112099999999999909e+03,9.598388671875000000e+01,2.062499999999989342e-02,1.556000000000000050e+01,-1.640625000000284217e-03
3.112199999999999818e+03,9.506835937500000000e+01,2.312499999999984013e-02,1.573749999999999893e+01,4.265624999999939604e-02
3.112300000000000182e+03,9.525146484375000000e+01,5.562500000000003553e-02,1.566750000000000043e+01,-1.197656250000003197e-01
3.112400000000000091e+03,9.470214843750000000e+01,7.312500000000010658e-02,1.559999999999999964e+01,-5.195312500000071054e-02
3.112500000000000000e+03,9.525146484375000000e+01,4.812499999999975131e-02,1.541000000000000014e+01,-8.750000000000035527e-02
3.112599999999999909e+03,9.336547851562500000e+01,3.562500000000001776e-02,1.564000000000000057e+01,-5.085937500000081712e-02
3.112699999999999818e+03,9.336547851562500000e+01,1.312500000000005329e-02,1.550999999999999979e+01,-7.820312500000081712e-02
3.112800000000000182e+03,9.354858398437500000e+01,4.812499999999975131e-02,1.566000000000000014e+01,-5.906250000000046185e-02
3.112900000000000091e+03,9.301757812500000000e+01,4.062499999999991118e-02,1.553999999999999915e+01,6.562499999999893419e-02
3.113000000000000000e+03,9.250488281250000000e+01,2.562499999999978684e-02,1.572000000000000064e+01,2.187499999999964473e-02
3.113099999999999909e+03,9.164428710937500000e+01,2.812499999999973355e-02,1.557000000000000028e+01,-2.242187500000092371e-02
3.113199999999999818e+03,9.173583984375000000e+01,7.062500000000015987e-02,1.580499999999999972e+01,-8.640625000000046185e-02
3.113300000000000182e+03,9.186401367187500000e+01,7.562500000000005329e-02,1.573749999999999893e+01,-6.070312500000074607e-02
3.113400000000000091e+03,9.129638671875000000e+01,3.562500000000001776e-02,1.556749999999999901e+01,-3.281250000000568434e-03
3.113500000000000000e+03,9.052734375000000000e+01,7.312500000000010658e-02,1.565750000000000064e+01,-6.015625000000746070e-03
3.113599999999999909e+03,9.012451171875000000e+01,7.062500000000015987e-02,1.548749999999999893e+01,-1.695312500000056843e-02
3.113699999999999818e+03,9.025268554687500000e+01,1.562500000000000000e-02,1.548000000000000043e+01,-8.531250000000056843e-02
3.113800000000000182e+03,9.043579101562500000e+01,4.312499999999985789e-02,1.558000000000000007e+01,-3.281250000000035527e-02
3.113900000000000091e+03,8.862304687500000000e+01,2.562499999999978684e-02,1.554749999999999943e+01,-4.156250000000039080e-02
3.114000000000000000e+03,8.898925781250000000e+01,2.312499999999984013e-02,1.550000000000000000e+01,1.968749999999896971e-02
3.114099999999999909e+03,8.862304687500000000e+01,1.062500000000010658e-02,1.564000000000000057e+01,-6.453125000000081712e-02
3.114199999999999818e+03,8.871459960937500000e+01,1.312500000000005329e-02,1.542750000000000021e+01,-2.187500000000053291e-02
3.114300000000000182e+03,8.833007812500000000e+01,4.812499999999975131e-02,1.547499999999999964e+01,-3.554687500000053291e-02
3.114400000000000091e+03,8.703002929687500000e+01,8.124999999999715783e-03,1.543500000000000050e+01,-5.851562500000095923e-02
3.114500000000000000e+03,8.754272460937500000e+01,5.312500000000008882e-02,1.565750000000000064e+01,-2.406250000000031974e-02
3.114599999999999909e+03,8.724975585937500000e+01,2.062499999999989342e-02,1.568500000000000050e+01,-5.031250000000042633e-02
3.114699999999999818e+03,8.732299804687500000e+01,5.062500000000014211e-02,1.567999999999999972e+01,-9.515625000000049738e-02
3.114800000000000182e+03,8.622436523437500000e+01,6.312499999999987566e-02,1.576999999999999957e+01,-9.132812500000042633e-02
3.114900000000000091e+03,8.560180664062500000e+01,3.812499999999996447e-02,1.551999999999999957e+01,1.203124999999971578e-02
3.115000000000000000e+03,8.611450195312500000e+01,4.312499999999985789e-02,1.550499999999999901e+01,-5.632812500000028422e-02
3.115099999999999909e+03,8.583984375000000000e+01,7.562500000000005329e-02,1.557750000000000057e+01,-6.562500000000071054e-02
3.115199999999999818e+03,8.501586914062500000e+01,7.562500000000005329e-02,1.560749999999999993e+01,-3.937500000000060396e-02
3.115300000000000182e+03,8.483276367187500000e+01,3.812499999999996447e-02,1.577999999999999936e+01,-7.054687500000067502e-02
3.115400000000000091e+03,8.430175781250000000e+01,3.562500000000001776e-02,1.556499999999999950e+01,-9.843750000000817124e-03
3.115500000000000000e+03,8.479614257812500000e+01,-8.000000000000007105e-02,1.570749999999999957e+01,-1.093750000000008882e-01
3.115599999999999909e+03,8.446655273437500000e+01,6.062499999999992895e-02,1.582499999999999929e+01,-2.734375000000088818e-02
3.115699999999999818e+03,8.340454101562500000e+01,4.562499999999980460e-02,1.554999999999999893e+01,-4.539062500000046185e-02
3.115800000000000182e+03,8.347778320312500000e+01,-2.875000000000005329e-02,1.570999999999999908e+01,2.351562499999904077e-02
3.115900000000000091e+03,8.296508789062500000e+01,2.812499999999973355e-02,1.562749999999999950e+01,3.828124999999182876e-03
3.116000000000000000e+03,8.351440429687500000e+01,6.312499999999987566e-02,1.556000000000000050e+01,-3.664062500000042633e-02
3.116099999999999909e+03,8.217773437500000000e+01,4.312499999999985789e-02,1.559999999999999964e+01,-6.945312500000078160e-02
3.116199999999999818e+03,8.199462890625000000e+01,4.812499999999975131e-02,1.558750000000000036e+01,-3.554687500000053291e-02
3.116300000000000182e+03,8.219604492187500000e+01,4.812499999999975131e-02,1.541499999999999915e+01,-6.890625000000039080e-02
3.116400000000000091e+03,8.171997070312500000e+01,5.312500000000008882e-02,1.561749999999999972e+01,-3.281250000000035527e-02
3.116500000000000000e+03,8.173828125000000000e+01,3.312500000000007105e-02,1.561999999999999922e+01,-3.062500000000056843e-02
3.116599999999999909e+03,8.071289062500000000e+01,2.062499999999989342e-02,1.561999999999999922e+01,-4.921875000000053291e-02
3.116699999999999818e+03,8.067626953125000000e+01,5.312500000000008882e-02,1.548749999999999893e+01,-2.296875000000042633e-02
3.116800000000000182e+03,8.091430664062500000e+01,2.812499999999973355e-02,1.566000000000000014e+01,-4.921875000000053291e-02
3.116900000000000091e+03,8.045654296875000000e+01,6.312499999999987566e-02,1.562749999999999950e+01,-4.812500000000063949e-02
3.117000000000000000e+03,7.981567382812500000e+01,4.062499999999991118e-02,1.548749999999999893e+01,-6.835937500000088818e-02
3.117099999999999909e+03,7.948608398437500000e+01,5.062500000000014211e-02,1.561999999999999922e+01,-5.414062500000049738e-02
3.117199999999999818e+03,7.948608398437500000e+01,5.312500000000008882e-02,1.550000000000000000e+01,-1.039062500000031974e-02
3.117300000000000182e+03,7.970581054687500000e+01,1.062500000000010658e-02,1.570999999999999908e+01,2.898437499999939604e-02
3.117400000000000091e+03,7.844238281250000000e+01,8.124999999999715783e-03,1.558000000000000007e+01,-3.390625000000024869e-02
3.117500000000000000e+03,7.849731445312500000e+01,4.812499999999975131e-02,1.553999999999999915e+01,-2.460937500000071054e-02
3.117599999999999909e+03,7.829589843750000000e+01,1.312500000000005329e-02,1.563749999999999929e+01,-7.328125000000085265e-02
3.117699999999999818e+03,7.829589843750000000e+01,4.062499999999991118e-02,1.569749999999999979e+01,-4.375000000000106581e-02
3.117800000000000182e+03,7.847900390625000000e+01,4.062499999999991118e-02,1.545749999999999957e+01,-3.500000000000103029e-02
3.117900000000000091e+03,7.681274414062500000e+01,1.062500000000010658e-02,1.565000000000000036e+01,-1.093750000000781597e-03
3.118000000000000000e+03,7.725219726562500000e+01,2.812499999999973355e-02,1.569749999999999979e+01,-5.687500000000067502e-02
3.118099999999999909e+03,7.705078125000000000e+01,4.312499999999985789e-02,1.564000000000000057e+01,-7.820312500000081712e-02
3.118199999999999818e+03,7.708740234375000000e+01,2.312499999999984013e-02,1.557750000000000057e+01,-7.218750000000095923e-02
3.118300000000000182e+03,7.644653320312500000e+01,3.562500000000001776e-02,1.549000000000000021e+01,-3.335937500000074607e-02
3.118400000000000091e+03,7.567749023437500000e+01,3.812499999999996447e-02,1.556499999999999950e+01,-3.773437500000031974e-02
3.118500000000000000e+03,7.615356445312500000e+01,6.312499999999987566e-02,1.548749999999999893e+01,-7.164062500000056843e-02
3.118599999999999909e+03,7.597045898437500000e+01,2.312499999999984013e-02,1.554499999999999993e+01,-2.625000000000099476e-02
3.118699999999999818e+03,7.567749023437500000e+01,3.812499999999996447e-02,1.584500000000000064e+01,-4.429687500000056843e-02
3.118800000000000182e+03,7.509155273437500000e+01,4.312499999999985789e-02,1.558999999999999986e+01,-7.710937500000092371e-02
3.118900000000000091e+03,7.456054687500000000e+01,3.812499999999996447e-02,1.580499999999999972e+01,-2.187500000000675016e-03
3.119000000000000000e+03,7.509155273437500000e+01,3.062500000000012434e-02,1.561999999999999922e+01,-7.984375000000110134e-02
3.119099999999999909e+03,7.485351562500000000e+01,3.312500000000007105e-02,1.545500000000000007e+01,-2.242187500000092371e-02
3.119199999999999818e+03,7.390136718750000000e+01,6.562499999999982236e-02,1.561749999999999972e+01,-4.976562500000092371e-02
3.119300000000000182e+03,7.402954101562500000e+01,3.812499999999996447e-02,1.550000000000000000e+01,-3.773437500000031974e-02
3.119400000000000091e+03,7.349853515625000000e+01,5.812499999999998224e-02,1.566999999999999993e+01,-6.726562500000099476e-02
3.119500000000000000e+03,7.397460937500000000e+01,5.312500000000008882e-02,1.545999999999999908e+01,-7.875000000000031974e-02
3.119599999999999909e+03,7.318725585937500000e+01,1.562500000000000000e-02,1.557000000000000028e+01,-6.726562500000099476e-02
3.119699999999999818e+03,7.265625000000000000e+01,2.562499999999978684e-02,1.566999999999999993e+01,-7.875000000000031974e-02
3.119800000000000182e+03,7.289428710937500000e+01,3.062500000000012434e-02,1.556000000000000050e+01,-1.968750000000074607e-02
3.119900000000000091e+03,7.236328125000000000e+01,2.062499999999989342e-02,1.548000000000000043e+01,6.562499999999360512e-03
3.120000000000000000e+03,7.285766601562500000e+01,3.562500000000001776e-02,1.542750000000000021e+01,1.968749999999896971e-02
3.120099999999999909e+03,7.175903320312500000e+01,4.312499999999985789e-02,1.571749999999999936e+01,-2.132812500000103029e-02
3.120199999999999818e+03,7.166748046875000000e+01,2.812499999999973355e-02,1.549750000000000050e+01,-4.539062500000046185e-02
3.120300000000000182e+03,7.188720703125000000e+01,2.562499999999978684e-02,1.553749999999999964e+01,-3.828125000000071054e-02
3.120400000000000091e+03,7.139282226562500000e+01,5.062500000000014211e-02,1.562999999999999901e+01,3.062499999999968026e-02
3.120500000000000000e+03,7.109985351562500000e+01,4.562499999999980460e-02,1.540750000000000064e+01,-1.640625000000284217e-03
3.120599999999999909e+03,7.067871093750000000e+01,4.562499999999980460e-02,1.561749999999999972e+01,-1.257812500000099476e-02
3.120699999999999818e+03,7.067871093750000000e+01,3.062500000000012434e-02,1.560999999999999943e+01,-6.289062500000053291e-02
3.120800000000000182e+03,7.086181640625000000e+01,4.562499999999980460e-02,1.554749999999999943e+01,-7.546875000000063949e-02
3.120900000000000091e+03,7.029418945312500000e+01,6.062499999999992895e-02,1.557750000000000057e+01,-8.203125000000532907e-03
3.121000000000000000e+03,7.001953125000000000e+01,5.312500000000008882e-02,1.554999999999999893e+01,-4.867187500000103029e-02
3.121099999999999909e+03,6.978149414062500000e+01,5.062500000000014211e-02,1.550000000000000000e+01,-3.937500000000060396e-02
3.121199999999999818e+03,6.976318359375000000e+01,3.562500000000001776e-02,1.565000000000000036e+01,-6.234375000000103029e-02
3.121300000000000182e+03,7.000122070312500000e+01,3.562500000000001776e-02,1.564000000000000057e+01,3.828124999999182876e-03
3.121400000000000091e+03,6.862792968750000000e+01,4.062499999999991118e-02,1.551750000000000007e+01,-2.898437500000028422e-02
3.121500000000000000e+03,6.895751953125000000e+01,8.124999999999715783e-03,1.549000000000000021e+01,-1.640625000000106581e-02
3.121599999999999909e+03,6.877441406250000000e+01,4.062499999999991118e-02,1.562749999999999950e+01,-5.851562500000095923e-02
3.121699999999999818e+03,6.875610351562500000e+01,3.562500000000001776e-02,1.556749999999999901e+01,-8.039062500000060396e-02
3.121800000000000182e+03,6.851806640625000000e+01,2.312499999999984013e-02,1.547749999999999915e+01,-2.625000000000099476e-02
3.121900000000000091e+03,6.760253906250000000e+01,4.812499999999975131e-02,1.540750000000000064e+01,9.296874999999538147e-03
3.122000000000000000e+03,6.804199218750000000e+01,5.812499999999998224e-02,1.578250000000000064e+01,2.624999999999921840e-02
3.122099999999999909e+03,6.785888671875000000e+01,2.312499999999984013e-02,1.574000000000000021e+01,-3.117187500000095923e-02
3.122199999999999818e+03,6.785888671875000000e+01,3.062500000000012434e-02,1.566999999999999993e+01,-2.953125000000067502e-02
3.122300000000000182e+03,6.723632812500000000e+01,4.062499999999991118e-02,1.541000000000000014e+01,-2.132812500000103029e-02
3.122400000000000091e+03,6.672363281250000000e+01,5.062500000000014211e-02,1.561999999999999922e+01,-1.804687500000046185e-02
3.122500000000000000e+03,6.714477539062500000e+01,2.562499999999978684e-02,1.561999999999999922e+01,-7.929687500000071054e-02
3.122599999999999909e+03,6.697998046875000000e+01,1.062500000000010658e-02,1.549000000000000021e+01,-9.023437500000053291e-02
3.122699999999999818e+03,6.632080078125000000e+01,4.812499999999975131e-02,1.539749999999999908e+01,-3.718750000000081712e-02
3.122800000000000182e+03,6.626586914062500000e+01,6.062499999999992895e-02,1.560999999999999943e+01,-8.421875000000067502e-02
3.122900000000000091e+03,6.582641601562500000e+01,6.312499999999987566e-02,1.566000000000000014e+01,-4.320312500000067502e-02
3.123000000000000000e+03,6.624755859375000000e+01,1.562500000000000000e-02,1.580499999999999972e+01,-1.750000000000095923e-02
3.123099999999999909e+03,6.599121093750000000e+01,1.812499999999994671e-02,1.550999999999999979e+01,2.132812499999925393e-02
3.123199999999999818e+03,6.518554687500000000e+01,-1.437500000000024869e-02,1.578999999999999915e+01,-7.929687500000071054e-02
3.123300000000000182e+03,6.536865234375000000e+01,5.312500000000008882e-02,1.559750000000000014e+01,-5.742187500000106581e-02
3.123400000000000091e+03,6.487426757812500000e+01,6.562499999999982236e-02,1.566000000000000014e+01,-3.171875000000046185e-02
3.123500000000000000e+03,6.533203125000000000e+01,4.062499999999991118e-02,1.572000000000000064e+01,-2.625000000000099476e-02
3.123599999999999909e+03,6.454467773437500000e+01,6.812499999999976907e-02,1.549750000000000050e+01,-7.929687500000071054e-02
3.123699999999999818e+03,6.434326171875000000e+01,3.312500000000007105e-02,1.566750000000000043e+01,-2.296875000000042633e-02
3.123800000000000182e+03,6.454467773437500000e+01,3.812499999999996447e-02,1.580749999999999922e+01,-8.203125000000088818e-02
3.123900000000000091e+03,6.414184570312500000e+01,5.312500000000008882e-02,1.561999999999999922e+01,-2.460937500000071054e-02
3.124000000000000000e+03,6.427001953125000000e+01,3.812499999999996447e-02,1.563749999999999929e+01,-6.015625000000035527e-02
3.124099999999999909e+03,6.362915039062500000e+01,-1.187499999999985789e-02,1.552999999999999936e+01,-5.359375000000099476e-02
3.124199999999999818e+03,6.355590820312500000e+01,3.562500000000001776e-02,1.561999999999999922e+01,-8.257812500000039080e-02
3.124300000000000182e+03,6.377563476562500000e+01,4.562499999999980460e-02,1.564749999999999908e+01,-5.031250000000042633e-02
3.124400000000000091e+03,6.329956054687500000e+01,6.062499999999992895e-02,1.565249999999999986e+01,-1.148437500000110134e-02
3.124500000000000000e+03,6.300659179687500000e+01,3.312500000000007105e-02,1.569999999999999929e+01,-8.039062500000060396e-02
3.124599999999999909e+03,6.278686523437500000e+01,3.312500000000007105e-02,1.566999999999999993e+01,-3.390625000000024869e-02
3.124699999999999818e+03,6.271362304687500000e+01,2.062499999999989342e-02,1.552749999999999986e+01,-5.195312500000071054e-02
3.124800000000000182e+03,6.293334960937500000e+01,2.562499999999978684e-02,1.561749999999999972e+01,-2.570312500000060396e-02
3.124900000000000091e+03,6.201782226562500000e+01,6.062499999999992895e-02,1.558999999999999986e+01,-5.796875000000056843e-02
3.125000000000000000e+03,6.214599609375000000e+01,3.312500000000007105e-02,1.551750000000000007e+01,-3.773437500000031974e-02
3.125099999999999909e+03,6.199951171875000000e+01,2.062499999999989342e-02,1.580749999999999922e+01,-1.695312500000056843e-02
3.125199999999999818e+03,6.196289062500000000e+01,5.562500000000003553e-02,1.569749999999999979e+01,-4.757812500000024869e-02
3.125300000000000182e+03,6.210937500000000000e+01,2.812499999999973355e-02,1.559999999999999964e+01,-6.343750000000092371e-02
3.125400000000000091e+03,6.097412109375000000e+01,3.812499999999996447e-02,1.560999999999999943e+01,-9.296875000000426326e-03
3.125500000000000000e+03,6.130371093750000000e+01,5.312500000000008882e-02,1.556749999999999901e+01,-3.773437500000031974e-02
3.125599999999999909e+03,6.123046875000000000e+01,4.312499999999985789e-02,1.558000000000000007e+01,-3.281250000000035527e-02
3.125699999999999818e+03,6.115722656250000000e+01,5.624999999999769074e-03,1.570749999999999957e+01,-4.867187500000103029e-02
3.125800000000000182e+03,6.079101562500000000e+01,4.062499999999991118e-02,1.570749999999999957e+01,-7.328125000000085265e-02
3.125900000000000091e+03,6.022338867187500000e+01,1.562500000000000000e-02,1.548749999999999893e+01,-6.507812500000031974e-02
3.126000000000000000e+03,6.060791015625000000e+01,4.062499999999991118e-02,1.574000000000000021e+01,-1.914062500000035527e-02
3.126099999999999909e+03,6.046142578125000000e+01,6.812499999999976907e-02,1.548499999999999943e+01,-4.976562500000092371e-02
3.126199999999999818e+03,6.029663085937500000e+01,1.562500000000000000e-02,1.559999999999999964e+01,-2.843750000000078160e-02
3.126300000000000182e+03,5.989379882812500000e+01,4.562499999999980460e-02,1.565750000000000064e+01,-8.148437500000049738e-02
3.126400000000000091e+03,5.943603515625000000e+01,3.312500000000007105e-02,1.564000000000000057e+01,-4.156250000000039080e-02
3.126500000000000000e+03,5.980224609375000000e+01,6.562499999999982236e-02,1.574000000000000021e+01,-5.085937500000081712e-02
3.126599999999999909e+03,5.969238281250000000e+01,2.562499999999978684e-02,1.559999999999999964e+01,-6.835937500000088818e-02
3.126699999999999818e+03,5.901489257812500000e+01,3.562500000000001776e-02,1.556749999999999901e+01,-9.296875000000426326e-03
3.126800000000000182e+03,5.914306640625000000e+01,5.312500000000008882e-02,1.585500000000000043e+01,-2.625000000000099476e-02
3.126900000000000091e+03,5.870361328125000000e+01,5.812499999999998224e-02,1.582249999999999979e+01,-5.250000000000110134e-02
3.127000000000000000e+03,5.906982421875000000e+01,5.812499999999998224e-02,1.564000000000000057e+01,-3.664062500000042633e-02
3.127099999999999909e+03,5.864868164062500000e+01,3.812499999999996447e-02,1.571499999999999986e+01,-6.781250000000049738e-02
3.127199999999999818e+03,5.824584960937500000e+01,5.312500000000008882e-02,1.566999999999999993e+01,-7.382812500000035527e-02
3.127300000000000182e+03,5.842895507812500000e+01,3.562500000000001776e-02,1.553999999999999915e+01,-7.875000000000031974e-02
3.127400000000000091e+03,5.798950195312500000e+01,4.062499999999991118e-02,1.570999999999999908e+01,-9.843750000000106581e-02
3.127500000000000000e+03,5.841064453125000000e+01,4.812499999999975131e-02,1.552999999999999936e+01,-5.414062500000049738e-02
3.127599999999999909e+03,5.764160156250000000e+01,3.062500000000012434e-02,1.568750000000000000e+01,-5.359375000000099476e-02
3.127699999999999818e+03,5.755004882812500000e+01,5.812499999999998224e-02,1.566999999999999993e+01,-9.078125000000092371e-02
3.127800000000000182e+03,5.775146484375000000e+01,2.812499999999973355e-02,1.549499999999999922e+01,-4.648437500000035527e-02
3.127900000000000091e+03,5.733032226562500000e+01,4.312499999999985789e-02,1.558000000000000007e+01,-2.789062500000039080e-02
3.128000000000000000e+03,5.731201171875000000e+01,5.562500000000003553e-02,1.575000000000000000e+01,-1.235937500000003908e-01
3.128099999999999909e+03,5.701904296875000000e+01,5.562500000000003553e-02,1.553999999999999915e+01,-5.851562500000095923e-02
3.128199999999999818e+03,5.694580078125000000e+01,4.312499999999985789e-02,1.550000000000000000e+01,-6.945312500000078160e-02
3.128300000000000182e+03,5.714721679687500000e+01,6.312499999999987566e-02,1.567999999999999972e+01,2.953124999999889866e-02
3.128400000000000091e+03,5.668945312500000000e+01,4.562499999999980460e-02,1.541999999999999993e+01,-6.726562500000099476e-02
3.128500000000000000e+03,5.639648437500000000e+01,5.562500000000003553e-02,1.564000000000000057e+01,-8.039062500000060396e-02
3.128599999999999909e+03,5.628662109375000000e+01,3.062500000000012434e-02,1.560749999999999993e+01,-2.187500000000053291e-02
3.128699999999999818e+03,5.625000000000000000e+01,5.062500000000014211e-02,1.558999999999999986e+01,-2.515625000000110134e-02
3.128800000000000182e+03,5.635986328125000000e+01,4.562499999999980460e-02,1.552749999999999986e+01,3.281249999999680256e-03
3.128900000000000091e+03,5.542602539062500000e+01,4.812499999999975131e-02,1.551750000000000007e+01,-4.265625000000028422e-02
3.129000000000000000e+03,5.570068359375000000e+01,-1.937500000000014211e-02,1.558000000000000007e+01,-4.648437500000035527e-02
3.129099999999999909e+03,5.557250976562500000e+01,5.562500000000003553e-02,1.558000000000000007e+01,-8.750000000000923706e-03
3.129199999999999818e+03,5.555419921875000000e+01,2.812499999999973355e-02,1.557750000000000057e+01,-5.140625000000031974e-02
3.129300000000000182e+03,5.549926757812500000e+01,6.062499999999992895e-02,1.565000000000000036e+01,-6.343750000000092371e-02
3.129400000000000091e+03,5.473022460937500000e+01,1.812499999999994671e-02,1.567750000000000021e+01,-1.804687500000046185e-02
3.129500000000000000e+03,5.509643554687500000e+01,4.312499999999985789e-02,1.564000000000000057e+01,-1.476562500000078160e-02
3.129599999999999909e+03,5.500488281250000000e+01,2.812499999999973355e-02,1.560999999999999943e+01,-4.320312500000067502e-02
3.129699999999999818e+03,5.493164062500000000e+01,6.312499999999987566e-02,1.551999999999999957e+01,-2.406250000000031974e-02
3.129800000000000182e+03,5.456542968750000000e+01,7.312500000000010658e-02,1.548000000000000043e+01,-6.671875000000060396e-02
3.129900000000000091e+03,5.412597656250000000e+01,3.562500000000001776e-02,1.566000000000000014e+01,-9.843750000000817124e-03
3.130000000000000000e+03,5.447387695312500000e+01,3.312500000000007105e-02,1.550999999999999979e+01,-3.117187500000095923e-02
3.130099999999999909e+03,5.438232421875000000e+01,6.312499999999987566e-02,1.566000000000000014e+01,-7.000000000000028422e-02
3.130199999999999818e+03,5.396118164062500000e+01,6.312499999999987566e-02,1.533750000000000036e+01,-3.226562500000085265e-02
3.130300000000000182e+03,5.392456054687500000e+01,3.062500000000012434e-02,1.570999999999999908e+01,-2.078125000000063949e-02
3.130400000000000091e+03,5.354003906250000000e+01,3.812499999999996447e-02,1.566249999999999964e+01,-3.664062500000042633e-02
3.130500000000000000e+03,5.386962890625000000e+01,1.562500000000000000e-02,1.559999999999999964e+01,-9.515625000000049738e-02
3.130599999999999909e+03,5.381469726562500000e+01,4.562499999999980460e-02,1.556749999999999901e+01,-1.367187500000088818e-02
3.130699999999999818e+03,5.315551757812500000e+01,4.312499999999985789e-02,1.558999999999999986e+01,-1.476562500000078160e-02
3.130800000000000182e+03,5.330200195312500000e+01,4.562499999999980460e-02,1.548749999999999893e+01,-1.695312500000056843e-02
3.130900000000000091e+03,5.291748046875000000e+01,4.312499999999985789e-02,1.558999999999999986e+01,-5.796875000000056843e-02
3.131000000000000000e+03,5.328369140625000000e+01,4.812499999999975131e-02,1.566499999999999915e+01,-1.531250000000028422e-02
3.131099999999999909e+03,5.277099609375000000e+01,2.562499999999978684e-02,1.542999999999999972e+01,-5.031250000000042633e-02
3.131199999999999818e+03,5.264282226562500000e+01,1.062500000000010658e-02,1.573749999999999893e+01,-2.953125000000067502e-02
3.131300000000000182e+03,5.284423828125000000e+01,3.062500000000012434e-02,1.590750000000000064e+01,-3.226562500000085265e-02
3.131400000000000091e+03,5.245971679687500000e+01,1.812499999999994671e-02,1.556749999999999901e+01,-8.750000000000923706e-03
3.131500000000000000e+03,5.277099609375000000e+01,4.812499999999975131e-02,1.545749999999999957e+01,-1.585937500000067502e-02
3.131599999999999909e+03,5.256958007812500000e+01,4.062499999999991118e-02,1.533000000000000007e+01,-3.062500000000056843e-02
3.131699999999999818e+03,5.251464843750000000e+01,5.312500000000008882e-02,1.580499999999999972e+01,-2.789062500000039080e-02
3.131800000000000182e+03,5.271606445312500000e+01,4.312499999999985789e-02,1.577249999999999908e+01,-1.695312500000056843e-02
3.131900000000000091e+03,5.234985351562500000e+01,1.812499999999994671e-02,1.575999999999999979e+01,-6.015625000000746070e-03
3.132000000000000000e+03,5.269775390625000000e+01,5.812499999999998224e-02,1.530749999999999922e+01,-7.820312500000081712e-02
3.132099999999999909e+03,5.256958007812500000e+01,5.562500000000003553e-02,1.545749999999999957e+01,5.468749999995026201e-04
3.132199999999999818e+03,5.247802734375000000e+01,4.812499999999975131e-02,1.566999999999999993e+01,5.468749999999467093e-03
3.132300000000000182e+03,5.271606445312500000e+01,2.812499999999973355e-02,1.531000000000000050e+01,-4.375000000000461853e-03
3.132400000000000091e+03,5.275268554687500000e+01,-4.375000000000017764e-03,1.557000000000000028e+01,-7.273437500000046185e-02
3.132500000000000000e+03,5.350341796875000000e+01,3.957500000000000018e+00,1.552999999999999936e+01,1.885679687500000057e+01
3.132599999999999909e+03,5.339355468750000000e+01,2.902499999999999858e+00,1.539749999999999908e+01,1.547546875000000099e+01
3.132699999999999818e+03,5.330200195312500000e+01,2.932500000000000107e+00,1.552749999999999986e+01,1.548093750000000135e+01
3.132800000000000182e+03,5.354003906250000000e+01,2.970000000000000195e+00,1.540000000000000036e+01,1.548585937500000043e+01
3.132900000000000091e+03,5.509643554687500000e+01,2.922499999999999876e+00,1.547749999999999915e+01,1.552085937500000057e+01
3.133000000000000000e+03,5.555419921875000000e+01,2.979999999999999982e+00,1.556749999999999901e+01,1.539671875000000156e+01
3.133099999999999909e+03,5.544433593750000000e+01,2.689999999999999947e+00,1.578999999999999915e+01,1.546507812500000156e+01
3.133199999999999818e+03,5.544433593750000000e+01,3.232499999999999929e+00,1.548000000000000043e+01,1.545523437500000163e+01
3.133300000000000182e+03,5.809936523437500000e+01,2.992500000000000160e+00,1.576750000000000007e+01,1.549625000000000163e+01
3.133400000000000091e+03,5.848388671875000000e+01,2.979999999999999982e+00,1.559999999999999964e+01,1.546125000000000149e+01
3.133500000000000000e+03,5.892333984375000000e+01,2.977500000000000036e+00,1.555749999999999922e+01,1.543992187500000135e+01
3.133599999999999909e+03,5.879516601562500000e+01,3.015000000000000124e+00,1.563749999999999929e+01,1.544046875000000085e+01
3.133699999999999818e+03,5.921630859375000000e+01,3.012500000000000178e+00,1.550000000000000000e+01,1.548695312500000121e+01
3.133800000000000182e+03,6.318969726562500000e+01,3.020000000000000018e+00,1.532000000000000028e+01,1.544046875000000085e+01
3.133900000000000091e+03,6.287841796875000000e+01,3.032500000000000195e+00,1.568999999999999950e+01,1.546398437500000078e+01
3.134000000000000000e+03,6.329956054687500000e+01,3.037500000000000089e+00,1.552749999999999986e+01,1.547984375000000057e+01
3.134099999999999909e+03,6.315307617187500000e+01,3.017500000000000071e+00,1.542750000000000021e+01,1.546125000000000149e+01
3.134199999999999818e+03,6.648559570312500000e+01,3.042499999999999982e+00,1.564499999999999957e+01,1.544593750000000121e+01
3.134300000000000182e+03,6.723632812500000000e+01,3.067499999999999893e+00,1.542750000000000021e+01,1.550718750000000057e+01
3.134400000000000091e+03,6.677856445312500000e+01,3.125000000000000000e+00,1.565000000000000036e+01,1.541914062500000071e+01
3.134500000000000000e+03,6.721801757812500000e+01,3.060000000000000053e+00,1.548000000000000043e+01,1.542515625000000057e+01
3.134599999999999909e+03,6.864624023437500000e+01,3.487499999999999822e+00,1.533499999999999908e+01,1.547328125000000121e+01
3.134699999999999818e+03,7.027587890625000000e+01,3.092499999999999805e+00,1.554999999999999893e+01,1.547656250000000000e+01
3.134800000000000182e+03,7.053222656250000000e+01,3.087499999999999911e+00,1.548000000000000043e+01,1.546726562500000135e+01
3.134900000000000091e+03,7.007446289062500000e+01,3.122500000000000053e+00,1.553999999999999915e+01,1.543937500000000007e+01
3.135000000000000000e+03,7.055053710937500000e+01,3.097500000000000142e+00,1.566000000000000014e+01,1.544867187500000050e+01
3.135099999999999909e+03,7.302246093750000000e+01,3.145000000000000018e+00,1.559750000000000014e+01,1.549023437500000000e+01
3.135199999999999818e+03,7.326049804687500000e+01,3.107499999999999929e+00,1.557000000000000028e+01,1.554054687500000043e+01
3.135300000000000182e+03,7.344360351562500000e+01,3.112499999999999822e+00,1.561999999999999922e+01,1.545250000000000057e+01
3.135400000000000091e+03,7.298583984375000000e+01,3.120000000000000107e+00,1.544999999999999929e+01,1.544757812500000149e+01
3.135500000000000000e+03,7.532958984375000000e+01,3.134999999999999787e+00,1.547749999999999915e+01,1.542953125000000014e+01
3.135599999999999909e+03,7.582397460937500000e+01,3.129999999999999893e+00,1.566999999999999993e+01,1.545085937500000028e+01
3.135699999999999818e+03,7.584228515625000000e+01,3.160000000000000142e+00,1.558000000000000007e+01,1.546289062500000000e+01
3.135800000000000182e+03,7.604370117187500000e+01,3.152499999999999858e+00,1.558000000000000007e+01,1.548914062500000099e+01
3.135900000000000091e+03,7.587890625000000000e+01,3.189999999999999947e+00,1.571499999999999986e+01,1.542296875000000078e+01
3.136000000000000000e+03,7.849731445312500000e+01,3.197499999999999787e+00,1.549000000000000021e+01,1.542789062500000163e+01
3.136099999999999909e+03,7.835083007812500000e+01,3.185000000000000053e+00,1.567999999999999972e+01,1.542734375000000036e+01
3.136199999999999818e+03,7.842407226562500000e+01,3.192499999999999893e+00,1.558999999999999986e+01,1.546890625000000163e+01
3.136300000000000182e+03,7.855224609375000000e+01,3.177500000000000213e+00,1.583249999999999957e+01,1.546781250000000085e+01
3.136400000000000091e+03,8.005371093750000000e+01,3.209999999999999964e+00,1.567499999999999893e+01,1.545359375000000135e+01
3.136500000000000000e+03,8.089599609375000000e+01,3.197499999999999787e+00,1.547000000000000064e+01,1.546617187500000057e+01
3.136599999999999909e+03,8.063964843750000000e+01,3.220000000000000195e+00,1.592499999999999893e+01,1.547984375000000057e+01
3.136699999999999818e+03,8.073120117187500000e+01,3.242500000000000160e+00,1.555749999999999922e+01,1.544156250000000163e+01
3.136800000000000182e+03,8.193969726562500000e+01,3.220000000000000195e+00,1.547000000000000064e+01,1.545578125000000114e+01
3.136900000000000091e+03,8.241577148437500000e+01,3.259999999999999787e+00,1.556749999999999901e+01,1.546234375000000050e+01
3.137000000000000000e+03,8.298339843750000000e+01,3.250000000000000000e+00,1.582249999999999979e+01,1.552085937500000057e+01
3.137099999999999909e+03,8.272705078125000000e+01,3.259999999999999787e+00,1.556000000000000050e+01,1.539343750000000099e+01
3.137199999999999818e+03,8.281860351562500000e+01,3.267500000000000071e+00,1.559750000000000014e+01,1.544703125000000021e+01
3.137300000000000182e+03,8.494262695312500000e+01,3.280000000000000249e+00,1.560999999999999943e+01,1.550500000000000078e+01
3.137400000000000091e+03,8.457641601562500000e+01,3.262500000000000178e+00,1.544999999999999929e+01,1.550609375000000156e+01
3.137500000000000000e+03,8.510742187500000000e+01,3.274999999999999911e+00,1.550999999999999979e+01,1.547328125000000121e+01
3.137599999999999909e+03,8.479614257812500000e+01,3.305000000000000160e+00,1.539000000000000057e+01,1.551539062500000021e+01
3.137699999999999818e+03,8.638916015625000000e+01,3.237499999999999822e+00,1.550750000000000028e+01,1.546562500000000107e+01
3.137800000000000182e+03,8.708496093750000000e+01,3.305000000000000160e+00,1.547000000000000064e+01,1.548531250000000092e+01
3.137900000000000091e+03,8.657226562500000000e+01,3.280000000000000249e+00,1.568500000000000050e+01,1.543117187500000043e+01
3.138000000000000000e+03,8.712158203125000000e+01,3.294999999999999929e+00,1.559750000000000014e+01,1.544539062499999993e+01
3.138099999999999909e+03,8.704833984375000000e+01,3.307500000000000107e+00,1.543999999999999950e+01,1.545906249999999993e+01
3.138199999999999818e+03,8.875122070312500000e+01,3.287500000000000089e+00,1.541999999999999993e+01,1.543828125000000107e+01
3.138300000000000182e+03,8.898925781250000000e+01,3.337499999999999911e+00,1.539000000000000057e+01,1.544539062499999993e+01
3.138400000000000091e+03,8.849487304687500000e+01,3.342500000000000249e+00,1.566750000000000043e+01,1.545250000000000057e+01
3.138500000000000000e+03,8.902587890625000000e+01,3.339999999999999858e+00,1.566999999999999993e+01,1.546179687500000099e+01
3.138599999999999909e+03,9.025268554687500000e+01,3.362499999999999822e+00,1.579250000000000043e+01,1.545468750000000036e+01
3.138699999999999818e+03,9.061889648437500000e+01,3.347500000000000142e+00,1.567750000000000021e+01,1.544648437500000071e+01
3.138800000000000182e+03,9.080200195312500000e+01,3.345000000000000195e+00,1.557000000000000028e+01,1.544046875000000085e+01
3.138900000000000091e+03,9.028930664062500000e+01,3.362499999999999822e+00,1.566000000000000014e+01,1.542625000000000135e+01
3.139000000000000000e+03,9.173583984375000000e+01,3.352500000000000036e+00,1.545999999999999908e+01,1.546507812500000156e+01
3.139099999999999909e+03,9.224853515625000000e+01,3.350000000000000089e+00,1.557000000000000028e+01,1.547164062500000092e+01
3.139199999999999818e+03,9.243164062500000000e+01,3.390000000000000124e+00,1.550000000000000000e+01,1.544921875000000000e+01
3.139300000000000182e+03,9.261474609375000000e+01,3.392500000000000071e+00,1.542999999999999972e+01,1.541695312500000092e+01
3.139400000000000091e+03,9.208374023437500000e+01,3.432500000000000107e+00,1.575999999999999979e+01,1.539726562500000107e+01
3.139500000000000000e+03,9.433593750000000000e+01,3.444999999999999840e+00,1.540000000000000036e+01,1.548695312500000121e+01
3.139599999999999909e+03,9.407958984375000000e+01,3.459999999999999964e+00,1.541999999999999993e+01,1.546562500000000107e+01
3.139699999999999818e+03,9.424438476562500000e+01,3.452500000000000124e+00,1.578999999999999915e+01,1.546289062500000000e+01
3.139800000000000182e+03,9.444580078125000000e+01,3.412500000000000089e+00,1.532750000000000057e+01,1.545687500000000014e+01
3.139900000000000091e+03,9.517822265625000000e+01,3.437500000000000000e+00,1.565000000000000036e+01,1.547000000000000064e+01
3.140000000000000000e+03,9.624023437500000000e+01,3.459999999999999964e+00,1.578749999999999964e+01,1.549132812500000078e+01
3.140099999999999909e+03,9.589233398437500000e+01,3.442499999999999893e+00,1.549000000000000021e+01,1.545960937500000121e+01
3.140199999999999818e+03,9.603881835937500000e+01,3.435000000000000053e+00,1.539000000000000057e+01,1.547218750000000043e+01
3.140300000000000182e+03,9.649658203125000000e+01,3.477500000000000036e+00,1.576999999999999957e+01,1.551921875000000028e+01
3.140400000000000091e+03,9.732055664062500000e+01,3.490000000000000213e+00,1.554999999999999893e+01,1.544812500000000099e+01
3.140500000000000000e+03,9.796142578125000000e+01,3.470000000000000195e+00,1.562999999999999901e+01,1.549734375000000064e+01
3.140599999999999909e+03,9.759521484375000000e+01,3.544999999999999929e+00,1.560999999999999943e+01,1.547437500000000021e+01
3.140699999999999818e+03,9.776000976562500000e+01,3.462499999999999911e+00,1.548000000000000043e+01,1.550335937500000050e+01
3.140800000000000182e+03,9.949951171875000000e+01,3.484999999999999876e+00,1.566000000000000014e+01,1.546453125000000028e+01
3.140900000000000091e+03,9.916992187500000000e+01,3.487499999999999822e+00,1.572499999999999964e+01,1.545031250000000078e+01
3.141000000000000000e+03,9.975585937500000000e+01,3.492500000000000160e+00,1.539000000000000057e+01,1.546562500000000107e+01
3.141099999999999909e+03,9.937133789062500000e+01,3.472500000000000142e+00,1.550750000000000028e+01,1.545085937500000028e+01
3.141199999999999818e+03,1.003967285156250000e+02,3.524999999999999911e+00,1.575999999999999979e+01,1.546234375000000050e+01
3.141300000000000182e+03,1.013488769531250000e+02,3.522499999999999964e+00,1.564499999999999957e+01,1.547054687500000014e+01
3.141400000000000091e+03,1.008728027343750000e+02,3.502499999999999947e+00,1.575999999999999979e+01,1.546125000000000149e+01
3.141500000000000000e+03,1.014770507812500000e+02,3.572499999999999787e+00,1.573000000000000043e+01,1.544921875000000000e+01
3.141599999999999909e+03,1.010559082031250000e+02,3.547499999999999876e+00,1.569749999999999979e+01,1.544046875000000085e+01
3.141699999999999818e+03,1.028503417968750000e+02,3.517500000000000071e+00,1.565000000000000036e+01,1.543445312500000099e+01
3.141800000000000182e+03,1.031066894531250000e+02,3.540000000000000036e+00,1.560749999999999993e+01,1.544484375000000043e+01
3.141900000000000091e+03,1.025756835937500000e+02,3.535000000000000142e+00,1.549000000000000021e+01,1.551374999999999993e+01
3.142000000000000000e+03,1.031799316406250000e+02,3.544999999999999929e+00,1.545999999999999908e+01,1.547164062500000092e+01
3.142099999999999909e+03,1.040771484375000000e+02,3.575000000000000178e+00,1.536999999999999922e+01,1.546835937500000036e+01
3.142199999999999818e+03,1.046630859375000000e+02,3.597500000000000142e+00,1.558000000000000007e+01,1.541257812500000135e+01
3.142300000000000182e+03,1.048278808593750000e+02,3.570000000000000284e+00,1.545999999999999908e+01,1.551921875000000028e+01
3.142400000000000091e+03,1.042968750000000000e+02,3.577500000000000124e+00,1.559999999999999964e+01,1.549296875000000107e+01
3.142500000000000000e+03,1.053405761718750000e+02,3.615000000000000213e+00,1.578999999999999915e+01,1.544156250000000163e+01
3.142599999999999909e+03,1.060913085937500000e+02,3.592500000000000249e+00,1.572000000000000064e+01,1.547000000000000064e+01
3.142699999999999818e+03,1.063842773437500000e+02,3.627499999999999947e+00,1.540000000000000036e+01,1.549187500000000028e+01
3.142800000000000182e+03,1.065307617187500000e+02,3.652499999999999858e+00,1.547749999999999915e+01,1.544210937500000114e+01
3.142900000000000091e+03,1.059997558593750000e+02,3.625000000000000000e+00,1.550750000000000028e+01,1.548640624999999993e+01
3.143000000000000000e+03,1.081420898437500000e+02,3.632500000000000284e+00,1.590750000000000064e+01,1.548203125000000036e+01
3.143099999999999909e+03,1.078308105468750000e+02,3.652499999999999858e+00,1.575000000000000000e+01,1.542843750000000114e+01
3.143199999999999818e+03,1.081054687500000000e+02,3.657499999999999751e+00,1.587500000000000000e+01,1.544046875000000085e+01
3.143300000000000182e+03,1.082336425781250000e+02,3.667499999999999982e+00,1.535999999999999943e+01,1.547601562500000050e+01
3.143400000000000091e+03,1.087280273437500000e+02,3.719999999999999751e+00,1.552749999999999986e+01,1.543937500000000007e+01
3.143500000000000000e+03,1.098632812500000000e+02,3.702500000000000124e+00,1.549000000000000021e+01,1.545851562500000043e+01
3.143599999999999909e+03,1.093872070312500000e+02,3.732499999999999929e+00,1.554749999999999943e+01,1.548148437500000085e+01
3.143699999999999818e+03,1.096984863281250000e+02,3.792499999999999982e+00,1.545749999999999957e+01,1.546343750000000128e+01
3.143800000000000182e+03,1.098449707031250000e+02,3.689999999999999947e+00,1.553999999999999915e+01,1.547656250000000000e+01
3.143900000000000091e+03,1.109069824218750000e+02,3.687500000000000000e+00,1.542999999999999972e+01,1.544593750000000121e+01
3.144000000000000000e+03,1.115844726562500000e+02,3.727500000000000036e+00,1.551999999999999957e+01,1.544648437500000071e+01
3.144099999999999909e+03,1.111083984375000000e+02,3.719999999999999751e+00,1.562500000000000000e+01,1.546015625000000071e+01
3.144199999999999818e+03,1.114379882812500000e+02,3.742500000000000160e+00,1.559999999999999964e+01,1.547656250000000000e+01
3.144300000000000182e+03,1.129211425781250000e+02,3.765000000000000124e+00,1.554749999999999943e+01,1.551320312500000043e+01
3.144400000000000091e+03,1.126647949218750000e+02,3.772499999999999964e+00,1.551999999999999957e+01,1.544867187500000050e+01
3.144500000000000000e+03,1.132873535156250000e+02,3.767500000000000071e+00,1.560999999999999943e+01,1.545851562500000043e+01
3.144599999999999909e+03,1.127746582031250000e+02,3.810000000000000053e+00,1.564000000000000057e+01,1.543226562500000121e+01
3.144699999999999818e+03,1.137451171875000000e+02,3.807500000000000107e+00,1.552749999999999986e+01,1.541312500000000085e+01
3.144800000000000182e+03,1.149719238281250000e+02,3.772499999999999964e+00,1.552999999999999936e+01,1.539726562500000107e+01
3.144900000000000091e+03,1.144775390625000000e+02,3.857499999999999929e+00,1.571499999999999986e+01,1.546234375000000050e+01
3.145000000000000000e+03,1.151184082031250000e+02,3.834999999999999964e+00,1.558999999999999986e+01,1.545851562500000043e+01
3.145099999999999909e+03,1.145874023437500000e+02,3.839999999999999858e+00,1.559999999999999964e+01,1.544648437500000071e+01
3.145199999999999818e+03,1.164733886718750000e+02,3.870000000000000107e+00,1.557000000000000028e+01,1.540054687500000163e+01
3.145300000000000182e+03,1.167114257812500000e+02,3.862499999999999822e+00,1.535749999999999993e+01,1.546945312500000114e+01
3.145400000000000091e+03,1.161804199218750000e+02,3.870000000000000107e+00,1.573000000000000043e+01,1.543171874999999993e+01
3.145500000000000000e+03,1.168395996093750000e+02,3.879999999999999893e+00,1.548749999999999893e+01,1.550882812500000085e+01
3.145599999999999909e+03,1.175170898437500000e+02,3.890000000000000124e+00,1.570999999999999908e+01,1.546781250000000085e+01
3.145699999999999818e+03,1.183410644531250000e+02,3.927500000000000213e+00,1.551500000000000057e+01,1.543062500000000092e+01
3.145800000000000182e+03,1.184875488281250000e+02,3.959999999999999964e+00,1.556749999999999901e+01,1.544429687500000092e+01
3.145900000000000091e+03,1.180114746093750000e+02,4.077500000000000568e+00,1.557750000000000057e+01,1.539562500000000078e+01
3.146000000000000000e+03,1.187805175781250000e+02,3.952500000000000124e+00,1.561999999999999922e+01,1.546945312500000114e+01
3.146099999999999909e+03,1.198425292968750000e+02,3.972500000000000142e+00,1.555749999999999922e+01,1.543773437500000156e+01
3.146199999999999818e+03,1.202453613281250000e+02,3.992500000000000160e+00,1.581250000000000000e+01,1.541039062500000156e+01
3.146300000000000182e+03,1.203369140625000000e+02,4.019999999999999574e+00,1.585749999999999993e+01,1.550226562500000149e+01
3.146400000000000091e+03,1.198242187500000000e+02,4.040000000000000036e+00,1.556749999999999901e+01,1.541804687499999993e+01
3.146500000000000000e+03,1.220214843750000000e+02,4.047500000000000320e+00,1.549000000000000021e+01,1.551156250000000014e+01
3.146599999999999909e+03,1.218017578125000000e+02,4.064999999999999503e+00,1.564000000000000057e+01,1.545031250000000078e+01
3.146699999999999818e+03,1.221313476562500000e+02,4.067499999999999893e+00,1.564749999999999908e+01,1.548367187500000064e+01
3.146800000000000182e+03,1.221862792968750000e+02,4.075000000000000178e+00,1.551750000000000007e+01,1.544046875000000085e+01
3.146900000000000091e+03,1.219848632812500000e+02,4.094999999999999751e+00,1.562749999999999950e+01,1.548640624999999993e+01
3.147000000000000000e+03,1.228271484375000000e+02,4.084999999999999964e+00,1.572749999999999915e+01,1.544593750000000121e+01
3.147099999999999909e+03,1.222595214843750000e+02,4.147499999999999964e+00,1.544999999999999929e+01,1.547492187500000149e+01
3.147199999999999818e+03,1.226440429687500000e+02,4.129999999999999893e+00,1.546749999999999936e+01,1.550445312500000128e+01
3.147300000000000182e+03,1.227172851562500000e+02,4.157499999999999751e+00,1.567750000000000021e+01,1.545195312500000107e+01
3.147400000000000091e+03,1.222229003906250000e+02,4.155000000000000249e+00,1.569999999999999929e+01,1.542953125000000014e+01
3.147500000000000000e+03,1.228271484375000000e+02,4.167500000000000426e+00,1.580499999999999972e+01,1.545523437500000163e+01
3.147599999999999909e+03,1.222045898437500000e+02,4.200000000000000178e+00,1.541999999999999993e+01,1.540328125000000092e+01
3.147699999999999818e+03,1.226623535156250000e+02,3.812499999999996447e-02,1.576999999999999957e+01,3.828124999999182876e-03
3.147800000000000182e+03,1.227539062500000000e+02,3.562500000000001776e-02,1.557000000000000028e+01,-6.726562500000099476e-02
3.147900000000000091e+03,1.221862792968750000e+02,3.062500000000012434e-02,1.567999999999999972e+01,-5.468750000000088818e-02
3.148000000000000000e+03,1.228454589843750000e+02,6.249999999998756550e-04,1.576999999999999957e+01,-1.750000000000095923e-02
3.148099999999999909e+03,1.222778320312500000e+02,5.062500000000014211e-02,1.557750000000000057e+01,-5.796875000000056843e-02
3.148199999999999818e+03,1.224243164062500000e+02,5.062500000000014211e-02,1.572250000000000014e+01,-8.585937500000095923e-02
3.148300000000000182e+03,1.215270996093750000e+02,1.062500000000010658e-02,1.565000000000000036e+01,-5.085937500000081712e-02
3.148400000000000091e+03,1.210144042968750000e+02,2.812499999999973355e-02,1.543999999999999950e+01,-2.460937500000071054e-02
3.148500000000000000e+03,1.216552734375000000e+02,5.062500000000014211e-02,1.540750000000000064e+01,-1.421875000000039080e-02
3.148599999999999909e+03,1.210327148437500000e+02,3.312500000000007105e-02,1.572000000000000064e+01,-1.148437500000110134e-02
3.148699999999999818e+03,1.190368652343750000e+02,3.312500000000007105e-02,1.557750000000000057e+01,1.640624999999396039e-03
3.148800000000000182e+03,1.188354492187500000e+02,4.312499999999985789e-02,1.564749999999999908e+01,-2.843750000000078160e-02
3.148900000000000091e+03,1.183227539062500000e+02,4.062499999999991118e-02,1.582249999999999979e+01,-2.023437500000024869e-02
3.149000000000000000e+03,1.189086914062500000e+02,5.062500000000014211e-02,1.593750000000000000e+01,-8.531250000000056843e-02
3.149099999999999909e+03,1.162170410156250000e+02,3.062500000000012434e-02,1.564749999999999908e+01,-4.210937500000078160e-02
3.149199999999999818e+03,1.146972656250000000e+02,1.062500000000010658e-02,1.567999999999999972e+01,-3.117187500000095923e-02
3.149300000000000182e+03,1.147155761718750000e+02,3.062500000000012434e-02,1.549000000000000021e+01,-1.531250000000028422e-02
3.149400000000000091e+03,1.141845703125000000e+02,2.812499999999973355e-02,1.574000000000000021e+01,-3.007812500000106581e-02
3.149500000000000000e+03,1.148437500000000000e+02,2.312499999999984013e-02,1.553999999999999915e+01,-7.875000000000031974e-02
3.149599999999999909e+03,1.106506347656250000e+02,4.812499999999975131e-02,1.553749999999999964e+01,-6.015625000000035527e-02
3.149699999999999818e+03,1.107055664062500000e+02,4.062499999999991118e-02,1.547000000000000064e+01,-8.804687500000074607e-02
3.149800000000000182e+03,1.108520507812500000e+02,4.812499999999975131e-02,1.562999999999999901e+01,-4.757812500000024869e-02
3.149900000000000091e+03,1.102478027343750000e+02,5.312500000000008882e-02,1.566000000000000014e+01,-5.687500000000067502e-02
3.150000000000000000e+03,1.083801269531250000e+02,5.812499999999998224e-02,1.566999999999999993e+01,-4.320312500000067502e-02
3.150099999999999909e+03,1.072631835937500000e+02,3.124999999999822364e-03,1.564000000000000057e+01,-1.203125000000060396e-02
3.150199999999999818e+03,1.074645996093750000e+02,3.812499999999996447e-02,1.547499999999999964e+01,-5.851562500000095923e-02
3.150300000000000182e+03,1.076660156250000000e+02,3.812499999999996447e-02,1.539000000000000057e+01,-3.937500000000060396e-02
3.150400000000000091e+03,1.063110351562500000e+02,4.312499999999985789e-02,1.564000000000000057e+01,-9.515625000000049738e-02
3.150500000000000000e+03,1.049743652343750000e+02,3.312500000000007105e-02,1.550000000000000000e+01,-9.625000000000039080e-02
3.150599999999999909e+03,1.044250488281250000e+02,4.312499999999985789e-02,1.551999999999999957e+01,-1.093750000000071054e-02
3.150699999999999818e+03,1.046630859375000000e+02,4.312499999999985789e-02,1.556000000000000050e+01,2.734374999999289457e-03
3.150800000000000182e+03,1.048095703125000000e+02,1.312500000000005329e-02,1.555749999999999922e+01,-5.031250000000042633e-02
3.150900000000000091e+03,1.021728515625000000e+02,3.062500000000012434e-02,1.556000000000000050e+01,-1.968750000000074607e-02
3.151000000000000000e+03,1.025024414062500000e+02,4.312499999999985789e-02,1.543999999999999950e+01,-3.390625000000024869e-02
3.151099999999999909e+03,1.020996093750000000e+02,4.812499999999975131e-02,1.562999999999999901e+01,-7.164062500000056843e-02
3.151199999999999818e+03,1.023376464843750000e+02,2.812499999999973355e-02,1.535749999999999993e+01,-8.531250000000056843e-02
3.151300000000000182e+03,1.010742187500000000e+02,5.812499999999998224e-02,1.554749999999999943e+01,-7.273437500000046185e-02
3.151400000000000091e+03,9.975585937500000000e+01,3.562500000000001776e-02,1.559999999999999964e+01,-4.210937500000078160e-02
3.151500000000000000e+03,1.003051757812500000e+02,6.062499999999992895e-02,1.553999999999999915e+01,-8.421875000000067502e-02
3.151599999999999909e+03,9.981079101562500000e+01,5.812499999999998224e-02,1.557499999999999929e+01,-7.328125000000085265e-02
3.151699999999999818e+03,1.001037597656250000e+02,4.062499999999991118e-02,1.557750000000000057e+01,-8.421875000000067502e-02
3.151800000000000182e+03,9.834594726562500000e+01,1.812499999999994671e-02,1.550000000000000000e+01,-7.273437500000046185e-02
3.151900000000000091e+03,9.770507812500000000e+01,5.812499999999998224e-02,1.558999999999999986e+01,-5.687500000000067502e-02
3.152000000000000000e+03,9.823608398437500000e+01,5.312500000000008882e-02,1.575000000000000000e+01,3.499999999999925393e-02
3.152099999999999909e+03,9.786987304687500000e+01,1.812499999999994671e-02,1.559500000000000064e+01,-5.796875000000056843e-02
3.152199999999999818e+03,9.653320312500000000e+01,6.312499999999987566e-02,1.558750000000000036e+01,-5.250000000000110134e-02
3.152300000000000182e+03,9.631347656250000000e+01,2.562499999999978684e-02,1.558750000000000036e+01,-4.593750000000085265e-02
3.152400000000000091e+03,9.580078125000000000e+01,7.062500000000015987e-02,1.558999999999999986e+01,-1.421875000000039080e-02
3.152500000000000000e+03,9.636840820312500000e+01,5.062500000000014211e-02,1.569999999999999929e+01,-8.695312500000085265e-02
3.152599999999999909e+03,9.559936523437500000e+01,4.062499999999991118e-02,1.568750000000000000e+01,-1.050000000000004263e-01
3.152699999999999818e+03,9.451904296875000000e+01,6.562499999999982236e-02,1.558499999999999908e+01,-3.882812500000110134e-02
3.152800000000000182e+03,9.462890625000000000e+01,1.124999999999998224e-01,1.558499999999999908e+01,-9.296875000000071054e-02
3.152900000000000091e+03,9.409790039062500000e+01,6.062499999999992895e-02,1.589749999999999908e+01,-5.742187500000106581e-02
3.153000000000000000e+03,9.468383789062500000e+01,3.062500000000012434e-02,1.551999999999999957e+01,-3.992187500000099476e-02
3.153099999999999909e+03,9.288940429687500000e+01,2.562499999999978684e-02,1.558750000000000036e+01,-7.437500000000074607e-02
3.153199999999999818e+03,9.288940429687500000e+01,3.062500000000012434e-02,1.531499999999999950e+01,-4.484375000000095923e-02
3.153300000000000182e+03,9.301757812500000000e+01,5.812499999999998224e-02,1.563749999999999929e+01,-5.304687500000060396e-02
3.153400000000000091e+03,9.250488281250000000e+01,7.562500000000005329e-02,1.550750000000000028e+01,-7.929687500000071054e-02
3.153500000000000000e+03,9.217529296875000000e+01,4.312499999999985789e-02,1.575000000000000000e+01,-4.648437500000035527e-02
3.153599999999999909e+03,9.113159179687500000e+01,1.062500000000010658e-02,1.554999999999999893e+01,-1.750000000000095923e-02
3.153699999999999818e+03,9.124145507812500000e+01,4.062499999999991118e-02,1.562749999999999950e+01,-1.203125000000060396e-02
3.153800000000000182e+03,9.140625000000000000e+01,6.312499999999987566e-02,1.543750000000000000e+01,-2.406250000000031974e-02
3.153900000000000091e+03,9.091186523437500000e+01,2.812499999999973355e-02,1.562999999999999901e+01,-4.210937500000078160e-02
3.154000000000000000e+03,9.003295898437500000e+01,7.062500000000015987e-02,1.572749999999999915e+01,-1.476562500000078160e-02
3.154099999999999909e+03,8.957519531250000000e+01,3.812499999999996447e-02,1.549000000000000021e+01,-1.859375000000085265e-02
3.154199999999999818e+03,8.972167968750000000e+01,-1.875000000000071054e-03,1.577999999999999936e+01,-4.046875000000049738e-02
3.154300000000000182e+03,8.988647460937500000e+01,4.312499999999985789e-02,1.549000000000000021e+01,2.898437499999939604e-02
3.154400000000000091e+03,8.823852539062500000e+01,4.312499999999985789e-02,1.563749999999999929e+01,-6.015625000000746070e-03
3.154500000000000000e+03,8.847656250000000000e+01,1.812499999999994671e-02,1.572499999999999964e+01,-2.515625000000110134e-02
3.154599999999999909e+03,8.812866210937500000e+01,5.562500000000003553e-02,1.557000000000000028e+01,-6.453125000000081712e-02
3.154699999999999818e+03,8.820190429687500000e+01,4.812499999999975131e-02,1.541000000000000014e+01,-6.015625000000746070e-03
3.154800000000000182e+03,8.805541992187500000e+01,6.812499999999976907e-02,1.558750000000000036e+01,-3.007812500000106581e-02
3.154900000000000091e+03,8.653564453125000000e+01,5.062500000000014211e-02,1.568750000000000000e+01,-1.148437500000110134e-02
3.155000000000000000e+03,8.701171875000000000e+01,4.812499999999975131e-02,1.577999999999999936e+01,-4.156250000000039080e-02
3.155099999999999909e+03,8.668212890625000000e+01,6.062499999999992895e-02,1.575000000000000000e+01,-1.804687500000046185e-02
3.155199999999999818e+03,8.681030273437500000e+01,5.562500000000003553e-02,1.541999999999999993e+01,-5.195312500000071054e-02
3.155300000000000182e+03,8.583984375000000000e+01,3.062500000000012434e-02,1.550000000000000000e+01,-6.781250000000049738e-02
3.155400000000000091e+03,8.521728515625000000e+01,2.312499999999984013e-02,1.579250000000000043e+01,-7.437500000000074607e-02
3.155500000000000000e+03,8.572998046875000000e+01,5.062500000000014211e-02,1.550000000000000000e+01,-5.960937500000085265e-02
3.155599999999999909e+03,8.541870117187500000e+01,5.062500000000014211e-02,1.555749999999999922e+01,-5.851562500000095923e-02
3.155699999999999818e+03,8.470458984375000000e+01,-5.312500000000008882e-02,1.576750000000000007e+01,-6.015625000000035527e-02
3.155800000000000182e+03,8.432006835937500000e+01,3.812499999999996447e-02,1.559500000000000064e+01,-6.781250000000049738e-02
3.155900000000000091e+03,8.375244140625000000e+01,3.124999999999822364e-03,1.544999999999999929e+01,-4.757812500000024869e-02
3.156000000000000000e+03,8.432006835937500000e+01,5.312500000000008882e-02,1.566999999999999993e+01,-1.099218750000003908e-01
3.156099999999999909e+03,8.402709960937500000e+01,1.812499999999994671e-02,1.563749999999999929e+01,-4.867187500000103029e-02
3.156199999999999818e+03,8.291015625000000000e+01,6.312499999999987566e-02,1.575000000000000000e+01,-7.656250000000053291e-02
3.156300000000000182e+03,8.302001953125000000e+01,6.812499999999976907e-02,1.588250000000000028e+01,-8.476562500000106581e-02
3.156400000000000091e+03,8.250732421875000000e+01,3.812499999999996447e-02,1.556000000000000050e+01,-9.625000000000039080e-02
3.156500000000000000e+03,8.300170898437500000e+01,6.562499999999982236e-02,1.542750000000000021e+01,-7.765625000000042633e-02
3.156599999999999909e+03,8.186645507812500000e+01,3.062500000000012434e-02,1.554749999999999943e+01,-3.554687500000053291e-02
3.156699999999999818e+03,8.161010742187500000e+01,4.812499999999975131e-02,1.573000000000000043e+01,-1.750000000000095923e-02
3.156800000000000182e+03,8.182983398437500000e+01,4.062499999999991118e-02,1.565000000000000036e+01,-4.265625000000028422e-02
3.156900000000000091e+03,8.129882812500000000e+01,4.312499999999985789e-02,1.548749999999999893e+01,-2.679687500000049738e-02
3.157000000000000000e+03,8.161010742187500000e+01,2.062499999999989342e-02,1.562749999999999950e+01,-4.429687500000056843e-02
3.157099999999999909e+03,8.029174804687500000e+01,3.062500000000012434e-02,1.563749999999999929e+01,-7.000000000000028422e-02
3.157199999999999818e+03,8.032836914062500000e+01,3.312500000000007105e-02,1.557750000000000057e+01,-6.507812500000031974e-02
3.157300000000000182e+03,8.051147460937500000e+01,2.812499999999973355e-02,1.542750000000000021e+01,-3.828125000000071054e-02
3.157400000000000091e+03,7.999877929687500000e+01,5.562500000000003553e-02,1.557000000000000028e+01,-1.859375000000085265e-02
3.157500000000000000e+03,7.946777343750000000e+01,4.312499999999985789e-02,1.552749999999999986e+01,-5.742187500000106581e-02
3.157599999999999909e+03,7.908325195312500000e+01,5.812499999999998224e-02,1.568999999999999950e+01,-5.140625000000031974e-02
3.157699999999999818e+03,7.910156250000000000e+01,3.312500000000007105e-02,1.550999999999999979e+01,-3.500000000000103029e-02
3.157800000000000182e+03,7.930297851562500000e+01,3.812499999999996447e-02,1.560999999999999943e+01,-6.835937500000088818e-02
3.157900000000000091e+03,7.816772460937500000e+01,6.062499999999992895e-02,1.548000000000000043e+01,-8.367187500000028422e-02
3.158000000000000000e+03,7.809448242187500000e+01,3.562500000000001776e-02,1.557750000000000057e+01,-7.437500000000074607e-02
3.158099999999999909e+03,7.785644531250000000e+01,4.562499999999980460e-02,1.534750000000000014e+01,-7.437500000000074607e-02
3.158199999999999818e+03,7.791137695312500000e+01,6.562499999999982236e-02,1.586749999999999972e+01,4.921874999999076294e-03
3.158300000000000182e+03,7.809448242187500000e+01,4.312499999999985789e-02,1.565750000000000064e+01,-7.000000000000028422e-02
3.158400000000000091e+03,7.659301757812500000e+01,3.312500000000007105e-02,1.544749999999999979e+01,-7.765625000000042633e-02
3.158500000000000000e+03,7.699584960937500000e+01,2.312499999999984013e-02,1.545749999999999957e+01,-4.648437500000035527e-02
3.158599999999999909e+03,7.675781250000000000e+01,5.062500000000014211e-02,1.551999999999999957e+01,-7.109375000000106581e-02
3.158699999999999818e+03,7.681274414062500000e+01,3.312500000000007105e-02,1.561749999999999972e+01,-1.033593750000010303e-01
3.158800000000000182e+03,7.615356445312500000e+01,5.562500000000003553e-02,1.581499999999999950e+01,-3.500000000000103029e-02
3.158900000000000091e+03,7.538452148437500000e+01,4.812499999999975131e-02,1.560749999999999993e+01,-5.250000000000110134e-02
3.159000000000000000e+03,7.589721679687500000e+01,6.312499999999987566e-02,1.557750000000000057e+01,-3.882812500000110134e-02
3.159099999999999909e+03,7.564086914062500000e+01,5.062500000000014211e-02,1.578749999999999964e+01,-2.570312500000060396e-02
3.159199999999999818e+03,7.554931640625000000e+01,5.562500000000003553e-02,1.557000000000000028e+01,-4.484375000000095923e-02
3.159300000000000182e+03,7.481689453125000000e+01,3.062500000000012434e-02,1.567999999999999972e+01,-9.187500000000081712e-02
3.159400000000000091e+03,7.434082031250000000e+01,1.312500000000005329e-02,1.566000000000000014e+01,-8.093750000000099476e-02
3.159500000000000000e+03,7.476196289062500000e+01,1.400000000000001243e-01,1.558999999999999986e+01,-7.382812500000035527e-02
3.159599999999999909e+03,7.457885742187500000e+01,6.562499999999982236e-02,1.531749999999999901e+01,-2.242187500000092371e-02
3.159699999999999818e+03,7.362670898437500000e+01,2.812499999999973355e-02,1.539749999999999908e+01,-5.906250000000046185e-02
3.159800000000000182e+03,7.368164062500000000e+01,6.062499999999992895e-02,1.581250000000000000e+01,-3.226562500000085265e-02
3.159900000000000091e+03,7.322387695312500000e+01,3.312500000000007105e-02,1.566000000000000014e+01,-7.984375000000110134e-02
3.160000000000000000e+03,7.368164062500000000e+01,2.062499999999989342e-02,1.559750000000000014e+01,-1.421875000000039080e-02
3.160099999999999909e+03,7.302246093750000000e+01,3.562500000000001776e-02,1.546749999999999936e+01,-9.625000000000039080e-02
3.160199999999999818e+03,7.238159179687500000e+01,4.312499999999985789e-02,1.574000000000000021e+01,-3.882812500000110134e-02
3.160300000000000182e+03,7.254638671875000000e+01,8.312499999999989342e-02,1.579250000000000043e+01,8.203124999999644729e-03
3.160400000000000091e+03,7.210693359375000000e+01,4.562499999999980460e-02,1.562999999999999901e+01,-4.101562500000088818e-02
3.160500000000000000e+03,7.256469726562500000e+01,4.312499999999985789e-02,1.553500000000000014e+01,-7.710937500000092371e-02
3.160599999999999909e+03,7.142944335937500000e+01,7.062500000000015987e-02,1.533750000000000036e+01,-5.468750000000088818e-02
3.160699999999999818e+03,7.139282226562500000e+01,5.624999999999769074e-03,1.558999999999999986e+01,1.968749999999896971e-02
3.160800000000000182e+03,7.155761718750000000e+01,8.124999999999715783e-03,1.578749999999999964e+01,-5.359375000000099476e-02
3.160900000000000091e+03,7.113647460937500000e+01,5.312500000000008882e-02,1.564000000000000057e+01,-2.789062500000039080e-02
3.161000000000000000e+03,7.091674804687500000e+01,3.312500000000007105e-02,1.549750000000000050e+01,-3.882812500000110134e-02
3.161099999999999909e+03,7.034912109375000000e+01,5.312500000000008882e-02,1.552749999999999986e+01,9.296874999999538147e-03
3.161199999999999818e+03,7.036743164062500000e+01,4.562499999999980460e-02,1.554749999999999943e+01,-6.671875000000060396e-02
3.161300000000000182e+03,7.060546875000000000e+01,3.812499999999996447e-02,1.578999999999999915e+01,-7.710937500000092371e-02
3.161400000000000091e+03,7.005615234375000000e+01,2.812499999999973355e-02,1.564000000000000057e+01,-7.164062500000056843e-02
3.161500000000000000e+03,6.972656250000000000e+01,5.312500000000008882e-02,1.565750000000000064e+01,-4.703125000000074607e-02
3.161599999999999909e+03,6.948852539062500000e+01,4.562499999999980460e-02,1.566750000000000043e+01,-1.203125000000060396e-02
3.161699999999999818e+03,6.950683593750000000e+01,5.312500000000008882e-02,1.550750000000000028e+01,-1.914062500000035527e-02
3.161800000000000182e+03,6.967163085937500000e+01,1.200000000000001066e-01,1.557750000000000057e+01,-3.226562500000085265e-02
3.161900000000000091e+03,6.840820312500000000e+01,3.812499999999996447e-02,1.538749999999999929e+01,-1.421875000000039080e-02
3.162000000000000000e+03,6.868286132812500000e+01,-1.875000000000071054e-03,1.560749999999999993e+01,-3.226562500000085265e-02
3.162099999999999909e+03,6.844482421875000000e+01,6.062499999999992895e-02,1.582499999999999929e+01,-4.703125000000074607e-02
3.162199999999999818e+03,6.846313476562500000e+01,8.312499999999989342e-02,1.558999999999999986e+01,-5.195312500000071054e-02
3.162300000000000182e+03,6.835327148437500000e+01,4.062499999999991118e-02,1.568999999999999950e+01,-5.468750000000088818e-02
3.162400000000000091e+03,6.734619140625000000e+01,3.312500000000007105e-02,1.580499999999999972e+01,-6.289062500000053291e-02
3.162500000000000000e+03,6.776733398437500000e+01,5.812499999999998224e-02,1.578999999999999915e+01,-2.460937500000071054e-02
3.162599999999999909e+03,6.754760742187500000e+01,6.249999999998756550e-04,1.559999999999999964e+01,-4.593750000000085265e-02
3.162699999999999818e+03,6.758422851562500000e+01,5.562500000000003553e-02,1.556749999999999901e+01,-1.203125000000060396e-02
3.162800000000000182e+03,6.690673828125000000e+01,1.062500000000010658e-02,1.569749999999999979e+01,-4.375000000000106581e-02
3.162900000000000091e+03,6.641235351562500000e+01,4.062499999999991118e-02,1.561749999999999972e+01,1.367187499999911182e-02
3.163000000000000000e+03,6.687011718750000000e+01,5.562500000000003553e-02,1.559999999999999964e+01,4.374999999999573674e-03
3.163099999999999909e+03,6.666870117187500000e+01,6.062499999999992895e-02,1.552999999999999936e+01,-9.953125000000095923e-02
3.163199999999999818e+03,6.622924804687500000e+01,2.812499999999973355e-02,1.564749999999999908e+01,1.531249999999939604e-02
3.163300000000000182e+03,6.604614257812500000e+01,1.062500000000010658e-02,1.567999999999999972e+01,-2.351562500000081712e-02
3.163400000000000091e+03,6.564331054687500000e+01,5.062500000000014211e-02,1.557000000000000028e+01,-4.375000000000106581e-02
3.163500000000000000e+03,6.604614257812500000e+01,9.249999999999980460e-02,1.566000000000000014e+01,-6.890625000000039080e-02
3.163599999999999909e+03,6.589965820312500000e+01,6.312499999999987566e-02,1.564749999999999908e+01,9.296874999999538147e-03
3.163699999999999818e+03,6.502075195312500000e+01,3.562500000000001776e-02,1.550750000000000028e+01,-3.609375000000092371e-02
3.163800000000000182e+03,6.518554687500000000e+01,4.562499999999980460e-02,1.576999999999999957e+01,-3.445312500000063949e-02
3.163900000000000091e+03,6.470947265625000000e+01,1.131250000000001421e-01,1.564000000000000057e+01,-8.914062500000063949e-02
3.164000000000000000e+03,6.516723632812500000e+01,3.562500000000001776e-02,1.557000000000000028e+01,4.374999999999573674e-03
3.164099999999999909e+03,6.434326171875000000e+01,6.812499999999976907e-02,1.544999999999999929e+01,-2.296875000000042633e-02
3.164199999999999818e+03,6.416015625000000000e+01,1.156250000000000888e-01,1.562999999999999901e+01,-1.071875000000011013e-01
3.164300000000000182e+03,6.436157226562500000e+01,4.312499999999985789e-02,1.571749999999999936e+01,-2.078125000000063949e-02
3.164400000000000091e+03,6.388549804687500000e+01,4.312499999999985789e-02,1.557000000000000028e+01,-9.296875000000426326e-03
3.164500000000000000e+03,6.417846679687500000e+01,2.312499999999984013e-02,1.559999999999999964e+01,-4.375000000000461853e-03
3.164599999999999909e+03,6.328125000000000000e+01,3.562500000000001776e-02,1.558750000000000036e+01,-1.804687500000046185e-02
3.164699999999999818e+03,6.326293945312500000e+01,-1.875000000000071054e-03,1.572000000000000064e+01,-3.664062500000042633e-02
3.164800000000000182e+03,6.339111328125000000e+01,6.812499999999976907e-02,1.557000000000000028e+01,-3.500000000000103029e-02
3.164900000000000091e+03,6.298828125000000000e+01,-4.749999999999987566e-02,1.565750000000000064e+01,-2.460937500000071054e-02
3.165000000000000000e+03,6.273193359375000000e+01,3.562500000000001776e-02,1.553999999999999915e+01,1.585937499999889866e-02
3.165099999999999909e+03,6.247558593750000000e+01,6.562499999999982236e-02,1.564000000000000057e+01,2.023437499999936051e-02
3.165199999999999818e+03,6.245727539062500000e+01,4.312499999999985789e-02,1.574750000000000050e+01,-5.960937500000085265e-02
3.165300000000000182e+03,6.264038085937500000e+01,3.562500000000001776e-02,1.562749999999999950e+01,-4.539062500000046185e-02
3.165400000000000091e+03,6.183471679687500000e+01,6.312499999999987566e-02,1.540000000000000036e+01,1.476562499999900524e-02
3.165500000000000000e+03,6.185302734375000000e+01,1.062500000000010658e-02,1.562500000000000000e+01,-2.625000000000099476e-02
3.165599999999999909e+03,6.165161132812500000e+01,2.312499999999984013e-02,1.574499999999999922e+01,-2.953125000000067502e-02
3.165699999999999818e+03,6.161499023437500000e+01,5.062500000000014211e-02,1.559750000000000014e+01,-5.851562500000095923e-02
3.165800000000000182e+03,6.185302734375000000e+01,3.312500000000007105e-02,1.564000000000000057e+01,1.312499999999960920e-02
3.165900000000000091e+03,6.075439453125000000e+01,2.812499999999973355e-02,1.565750000000000064e+01,-7.656250000001030287e-03
3.166000000000000000e+03,6.112060546875000000e+01,4.062499999999991118e-02,1.571749999999999936e+01,-6.343750000000092371e-02
3.166099999999999909e+03,6.095581054687500000e+01,2.812499999999973355e-02,1.544500000000000028e+01,-4.703125000000074607e-02
3.166199999999999818e+03,6.095581054687500000e+01,5.062500000000014211e-02,1.553999999999999915e+01,-6.781250000000049738e-02
3.166300000000000182e+03,6.055297851562500000e+01,4.812499999999975131e-02,1.566999999999999993e+01,-4.101562500000088818e-02
3.166400000000000091e+03,5.993041992187500000e+01,7.062500000000015987e-02,1.564000000000000057e+01,1.367187499999911182e-02
3.166500000000000000e+03,6.027832031250000000e+01,2.812499999999973355e-02,1.565750000000000064e+01,-4.539062500000046185e-02
3.166599999999999909e+03,6.013183593750000000e+01,4.312499999999985789e-02,1.558999999999999986e+01,-3.937500000000060396e-02
3.166699999999999818e+03,6.011352539062500000e+01,2.312499999999984013e-02,1.585500000000000043e+01,-5.468750000000088818e-02
3.166800000000000182e+03,5.963745117187500000e+01,3.062500000000012434e-02,1.550750000000000028e+01,-5.031250000000042633e-02
3.166900000000000091e+03,5.917968750000000000e+01,3.312500000000007105e-02,1.543999999999999950e+01,-5.632812500000028422e-02
3.167000000000000000e+03,5.956420898437500000e+01,5.812499999999998224e-02,1.559999999999999964e+01,-6.179687500000063949e-02
3.167099999999999909e+03,5.945434570312500000e+01,6.562499999999982236e-02,1.581499999999999950e+01,-3.773437500000031974e-02
3.167199999999999818e+03,5.886840820312500000e+01,5.312500000000008882e-02,1.557000000000000028e+01,-7.656250000001030287e-03
3.167300000000000182e+03,5.894165039062500000e+01,1.812499999999994671e-02,1.563749999999999929e+01,-4.320312500000067502e-02
3.167400000000000091e+03,5.850219726562500000e+01,5.562500000000003553e-02,1.543500000000000050e+01,-4.320312500000067502e-02
3.167500000000000000e+03,5.892333984375000000e+01,2.562499999999978684e-02,1.562749999999999950e+01,-2.843750000000078160e-02
3.167599999999999909e+03,5.853881835937500000e+01,1.562500000000000000e-02,1.558000000000000007e+01,-5.359375000000099476e-02
3.167699999999999818e+03,5.808105468750000000e+01,5.562500000000003553e-02,1.565000000000000036e+01,-2.679687500000049738e-02
3.167800000000000182e+03,5.817260742187500000e+01,6.562499999999982236e-02,1.575999999999999979e+01,1.749999999999918288e-02
3.167900000000000091e+03,5.780639648437500000e+01,3.812499999999996447e-02,1.575750000000000028e+01,-4.976562500000092371e-02
3.168000000000000000e+03,5.820922851562500000e+01,6.062499999999992895e-02,1.577749999999999986e+01,-3.226562500000085265e-02
3.168099999999999909e+03,5.742187500000000000e+01,3.312500000000007105e-02,1.544999999999999929e+01,-3.445312500000063949e-02
3.168199999999999818e+03,5.734863281250000000e+01,3.812499999999996447e-02,1.574750000000000050e+01,-1.367187500000088818e-02
3.168300000000000182e+03,5.755004882812500000e+01,2.562499999999978684e-02,1.563499999999999979e+01,-7.929687500000071054e-02
3.168400000000000091e+03,5.711059570312500000e+01,4.812499999999975131e-02,1.545500000000000007e+01,3.499999999999925393e-02
3.168500000000000000e+03,5.711059570312500000e+01,1.062500000000010658e-02,1.549499999999999922e+01,-3.390625000000024869e-02
3.168599999999999909e+03,5.676269531250000000e+01,6.312499999999987566e-02,1.585500000000000043e+01,8.749999999999147349e-03
3.168699999999999818e+03,5.670776367187500000e+01,3.562500000000001776e-02,1.568999999999999950e+01,-3.718750000000081712e-02
3.168800000000000182e+03,5.692749023437500000e+01,5.812499999999998224e-02,1.564000000000000057e+01,-4.976562500000092371e-02
3.168900000000000091e+03,5.650634765625000000e+01,4.812499999999975131e-02,1.565000000000000036e+01,-3.281250000000035527e-02
3.169000000000000000e+03,5.625000000000000000e+01,4.062499999999991118e-02,1.567249999999999943e+01,-5.195312500000071054e-02
3.169099999999999909e+03,5.608520507812500000e+01,3.062500000000012434e-02,1.548749999999999893e+01,1.257812499999921840e-02
3.169199999999999818e+03,5.608520507812500000e+01,3.062500000000012434e-02,1.562500000000000000e+01,-4.648437500000035527e-02
3.169300000000000182e+03,5.623168945312500000e+01,9.437499999999987566e-02,1.539499999999999957e+01,-4.539062500000046185e-02
3.169400000000000091e+03,5.535278320312500000e+01,5.624999999999769074e-03,1.563749999999999929e+01,-7.656250000001030287e-03
3.169500000000000000e+03,5.564575195312500000e+01,7.874999999999987566e-02,1.553749999999999964e+01,8.203124999999644729e-03
3.169599999999999909e+03,5.546264648437500000e+01,3.812499999999996447e-02,1.566000000000000014e+01,-4.210937500000078160e-02
3.169699999999999818e+03,5.548095703125000000e+01,4.812499999999975131e-02,1.559750000000000014e+01,-1.421875000000039080e-02
3.169800000000000182e+03,5.542602539062500000e+01,5.062500000000014211e-02,1.558750000000000036e+01,-1.804687500000046185e-02
3.169900000000000091e+03,5.452880859375000000e+01,2.812499999999973355e-02,1.549750000000000050e+01,-7.656250000000053291e-02
3.170000000000000000e+03,5.487670898437500000e+01,3.312500000000007105e-02,1.550000000000000000e+01,-5.140625000000031974e-02
3.170099999999999909e+03,5.476684570312500000e+01,4.312499999999985789e-02,1.576999999999999957e+01,-3.390625000000024869e-02
3.170199999999999818e+03,5.476684570312500000e+01,2.562499999999978684e-02,1.562999999999999901e+01,-2.625000000000099476e-02
3.170300000000000182e+03,5.447387695312500000e+01,4.312499999999985789e-02,1.558000000000000007e+01,-2.734375000001065814e-03
3.170400000000000091e+03,5.403442382812500000e+01,1.499999999999999112e-01,1.576999999999999957e+01,-3.226562500000085265e-02
3.170500000000000000e+03,5.441894531250000000e+01,8.812499999999978684e-02,1.566750000000000043e+01,-2.406250000000031974e-02
3.170599999999999909e+03,5.427246093750000000e+01,4.812499999999975131e-02,1.576500000000000057e+01,-1.859375000000085265e-02
3.170699999999999818e+03,5.394287109375000000e+01,3.312500000000007105e-02,1.566000000000000014e+01,-2.406250000000031974e-02
3.170800000000000182e+03,5.383300781250000000e+01,3.062500000000012434e-02,1.575000000000000000e+01,-5.414062500000049738e-02
3.170900000000000091e+03,5.344848632812500000e+01,4.812499999999975131e-02,1.564000000000000057e+01,-2.187500000000053291e-02
3.171000000000000000e+03,5.377807617187500000e+01,2.562499999999978684e-02,1.583499999999999908e+01,-4.429687500000056843e-02
3.171099999999999909e+03,5.366821289062500000e+01,4.062499999999991118e-02,1.543750000000000000e+01,-5.632812500000028422e-02
3.171199999999999818e+03,5.311889648437500000e+01,5.812499999999998224e-02,1.566750000000000043e+01,-7.820312500000081712e-02
3.171300000000000182e+03,5.322875976562500000e+01,5.062500000000014211e-02,1.550750000000000028e+01,-2.734375000000088818e-02
3.171400000000000091e+03,5.286254882812500000e+01,2.812499999999973355e-02,1.555749999999999922e+01,-5.578125000000078160e-02
3.171500000000000000e+03,5.317382812500000000e+01,3.562500000000001776e-02,1.568249999999999922e+01,-5.906250000000046185e-02
3.171599999999999909e+03,5.300903320312500000e+01,2.812499999999973355e-02,1.590499999999999936e+01,-1.421875000000039080e-02
3.171699999999999818e+03,5.293579101562500000e+01,1.562500000000000000e-02,1.549499999999999922e+01,-4.812500000000063949e-02
3.171800000000000182e+03,5.311889648437500000e+01,6.312499999999987566e-02,1.558499999999999908e+01,-2.843750000000078160e-02
3.171900000000000091e+03,5.271606445312500000e+01,7.562500000000005329e-02,1.568999999999999950e+01,-1.421875000000039080e-02
3.172000000000000000e+03,5.308227539062500000e+01,6.812499999999976907e-02,1.564000000000000057e+01,-8.750000000000923706e-03
3.172099999999999909e+03,5.297241210937500000e+01,5.812499999999998224e-02,1.542999999999999972e+01,-4.375000000000461853e-03
3.172199999999999818e+03,5.299072265625000000e+01,7.312500000000010658e-02,1.548749999999999893e+01,-1.914062500000035527e-02
3.172300000000000182e+03,5.311889648437500000e+01,1.312500000000005329e-02,1.548749999999999893e+01,-5.906250000000046185e-02
3.172400000000000091e+03,5.273437500000000000e+01,4.562499999999980460e-02,1.550999999999999979e+01,-5.031250000000042633e-02
3.172500000000000000e+03,5.332031250000000000e+01,5.562500000000003553e-02,1.575000000000000000e+01,-6.234375000000103029e-02
3.172599999999999909e+03,5.326538085937500000e+01,2.062499999999989342e-02,1.565750000000000064e+01,-5.632812500000028422e-02
3.172699999999999818e+03,5.324707031250000000e+01,3.952500000000000124e+00,1.567999999999999972e+01,1.894703125000000199e+01
3.172800000000000182e+03,5.341186523437500000e+01,2.937500000000000000e+00,1.568999999999999950e+01,1.552578125000000142e+01
3.172900000000000091e+03,5.370483398437500000e+01,2.930000000000000160e+00,1.566750000000000043e+01,1.545250000000000057e+01
3.173000000000000000e+03,5.505981445312500000e+01,2.927500000000000213e+00,1.558499999999999908e+01,1.547218750000000043e+01
3.173099999999999909e+03,5.498657226562500000e+01,2.939999999999999947e+00,1.559999999999999964e+01,1.546125000000000149e+01
3.173199999999999818e+03,5.493164062500000000e+01,2.970000000000000195e+00,1.541000000000000014e+01,1.544046875000000085e+01
3.173300000000000182e+03,5.511474609375000000e+01,2.987499999999999822e+00,1.558750000000000036e+01,1.544757812500000149e+01
3.173400000000000091e+03,5.745849609375000000e+01,3.000000000000000000e+00,1.569999999999999929e+01,1.551156250000000014e+01
3.173500000000000000e+03,5.808105468750000000e+01,2.970000000000000195e+00,1.583249999999999957e+01,1.544539062499999993e+01
3.173599999999999909e+03,5.797119140625000000e+01,2.982499999999999929e+00,1.536500000000000021e+01,1.545195312500000107e+01
3.173699999999999818e+03,5.793457031250000000e+01,3.009999999999999787e+00,1.560749999999999993e+01,1.548257812500000163e+01
3.173800000000000182e+03,6.060791015625000000e+01,3.032500000000000195e+00,1.558999999999999986e+01,1.544265625000000064e+01
3.173900000000000091e+03,6.165161132812500000e+01,3.049999999999999822e+00,1.556000000000000050e+01,1.545359375000000135e+01
3.174000000000000000e+03,6.214599609375000000e+01,3.042499999999999982e+00,1.572000000000000064e+01,1.549843750000000142e+01
3.174099999999999909e+03,6.194458007812500000e+01,3.029999999999999805e+00,1.568750000000000000e+01,1.546781250000000085e+01
3.174199999999999818e+03,6.196289062500000000e+01,3.067499999999999893e+00,1.561749999999999972e+01,1.544375000000000142e+01
3.174300000000000182e+03,6.615600585937500000e+01,3.064999999999999947e+00,1.541999999999999993e+01,1.547875000000000156e+01
3.174400000000000091e+03,6.589965820312500000e+01,3.072499999999999787e+00,1.553749999999999964e+01,1.547765625000000078e+01
3.174500000000000000e+03,6.632080078125000000e+01,3.064999999999999947e+00,1.559750000000000014e+01,1.551429687500000121e+01
3.174599999999999909e+03,6.615600585937500000e+01,3.087499999999999911e+00,1.564000000000000057e+01,1.546835937500000036e+01
3.174699999999999818e+03,6.901245117187500000e+01,3.087499999999999911e+00,1.567999999999999972e+01,1.548859375000000149e+01
3.174800000000000182e+03,6.983642578125000000e+01,3.100000000000000089e+00,1.566000000000000014e+01,1.547546875000000099e+01
3.174900000000000091e+03,6.939697265625000000e+01,3.077500000000000124e+00,1.558999999999999986e+01,1.543664062500000078e+01
3.175000000000000000e+03,6.981811523437500000e+01,3.095000000000000195e+00,1.539000000000000057e+01,1.543390625000000149e+01
3.175099999999999909e+03,7.056884765625000000e+01,3.112499999999999822e+00,1.568750000000000000e+01,1.545906249999999993e+01
3.175199999999999818e+03,7.260131835937500000e+01,3.104999999999999982e+00,1.547000000000000064e+01,1.549406250000000007e+01
3.175300000000000182e+03,7.283935546875000000e+01,3.125000000000000000e+00,1.566000000000000014e+01,1.540218750000000014e+01
3.175400000000000091e+03,7.238159179687500000e+01,3.125000000000000000e+00,1.561500000000000021e+01,1.543828125000000107e+01
3.175500000000000000e+03,7.285766601562500000e+01,3.107499999999999929e+00,1.564000000000000057e+01,1.544539062499999993e+01
3.175599999999999909e+03,7.516479492187500000e+01,3.157500000000000195e+00,1.569749999999999979e+01,1.544757812500000149e+01
3.175699999999999818e+03,7.549438476562500000e+01,3.152499999999999858e+00,1.546749999999999936e+01,1.543828125000000107e+01
3.175800000000000182e+03,7.567749023437500000e+01,3.092499999999999805e+00,1.572499999999999964e+01,1.544812500000000099e+01
3.175900000000000091e+03,7.520141601562500000e+01,3.172499999999999876e+00,1.542750000000000021e+01,1.543882812500000057e+01
3.176000000000000000e+03,7.717895507812500000e+01,3.162500000000000089e+00,1.570999999999999908e+01,1.546835937500000036e+01
3.176099999999999909e+03,7.780151367187500000e+01,3.172499999999999876e+00,1.568999999999999950e+01,1.541585937500000014e+01
3.176199999999999818e+03,7.787475585937500000e+01,3.180000000000000160e+00,1.572000000000000064e+01,1.540437499999999993e+01
3.176300000000000182e+03,7.805786132812500000e+01,3.220000000000000195e+00,1.558999999999999986e+01,1.546617187500000057e+01
3.176400000000000091e+03,7.760009765625000000e+01,3.197499999999999787e+00,1.569999999999999929e+01,1.539781250000000057e+01
3.176500000000000000e+03,8.034667968750000000e+01,3.209999999999999964e+00,1.561749999999999972e+01,1.545796875000000092e+01
3.176599999999999909e+03,8.018188476562500000e+01,3.189999999999999947e+00,1.543500000000000050e+01,1.545742187500000142e+01
3.176699999999999818e+03,8.029174804687500000e+01,3.362499999999999822e+00,1.567750000000000021e+01,1.547929687500000107e+01
3.176800000000000182e+03,8.047485351562500000e+01,3.225000000000000089e+00,1.584500000000000064e+01,1.546890625000000163e+01
3.176900000000000091e+03,8.175659179687500000e+01,3.259999999999999787e+00,1.572000000000000064e+01,1.545632812500000064e+01
3.177000000000000000e+03,8.267211914062500000e+01,3.247500000000000053e+00,1.528999999999999915e+01,1.541093750000000107e+01
3.177099999999999909e+03,8.237915039062500000e+01,3.229999999999999982e+00,1.551750000000000007e+01,1.537156250000000135e+01
3.177199999999999818e+03,8.248901367187500000e+01,3.259999999999999787e+00,1.542750000000000021e+01,1.541859375000000121e+01
3.177300000000000182e+03,8.338623046875000000e+01,3.247500000000000053e+00,1.534750000000000014e+01,1.547656250000000000e+01
3.177400000000000091e+03,8.422851562500000000e+01,3.252499999999999947e+00,1.567499999999999893e+01,1.547492187500000149e+01
3.177500000000000000e+03,8.475952148437500000e+01,3.280000000000000249e+00,1.566999999999999993e+01,1.548367187500000064e+01
3.177599999999999909e+03,8.450317382812500000e+01,3.280000000000000249e+00,1.547749999999999915e+01,1.545414062500000085e+01
3.177699999999999818e+03,8.461303710937500000e+01,3.302500000000000213e+00,1.555749999999999922e+01,1.539726562500000107e+01
3.177800000000000182e+03,8.653564453125000000e+01,3.285000000000000142e+00,1.566750000000000043e+01,1.549460937500000135e+01
3.177900000000000091e+03,8.627929687500000000e+01,3.312500000000000000e+00,1.569999999999999929e+01,1.549625000000000163e+01
3.178000000000000000e+03,8.681030273437500000e+01,3.302500000000000213e+00,1.538749999999999929e+01,1.544101562500000036e+01
3.178099999999999909e+03,8.646240234375000000e+01,3.310000000000000053e+00,1.581749999999999901e+01,1.546507812500000156e+01
3.178199999999999818e+03,8.772583007812500000e+01,3.292499999999999982e+00,1.551750000000000007e+01,1.547765625000000078e+01
3.178300000000000182e+03,8.865966796875000000e+01,3.317499999999999893e+00,1.546749999999999936e+01,1.545851562500000043e+01
3.178400000000000091e+03,8.818359375000000000e+01,3.337499999999999911e+00,1.558999999999999986e+01,1.546070312500000021e+01
3.178500000000000000e+03,8.875122070312500000e+01,3.297499999999999876e+00,1.576999999999999957e+01,1.548968750000000050e+01
3.178599999999999909e+03,8.840332031250000000e+01,3.319999999999999840e+00,1.547749999999999915e+01,1.545468750000000036e+01
3.178699999999999818e+03,9.034423828125000000e+01,3.332500000000000018e+00,1.575999999999999979e+01,1.553015625000000099e+01
3.178800000000000182e+03,9.056396484375000000e+01,3.444999999999999840e+00,1.542999999999999972e+01,1.547984375000000057e+01
3.178900000000000091e+03,9.008789062500000000e+01,3.362499999999999822e+00,1.550999999999999979e+01,1.548257812500000163e+01
3.179000000000000000e+03,9.061889648437500000e+01,3.372500000000000053e+00,1.547000000000000064e+01,1.547820312500000028e+01
3.179099999999999909e+03,9.177246093750000000e+01,3.354999999999999982e+00,1.568999999999999950e+01,1.547054687500000014e+01
3.179199999999999818e+03,9.224853515625000000e+01,3.352500000000000036e+00,1.557000000000000028e+01,1.548914062500000099e+01
3.179300000000000182e+03,9.241333007812500000e+01,3.375000000000000000e+00,1.552999999999999936e+01,1.548148437500000085e+01
3.179400000000000091e+03,9.190063476562500000e+01,3.384999999999999787e+00,1.549750000000000050e+01,1.548531250000000092e+01
3.179500000000000000e+03,9.312744140625000000e+01,3.377499999999999947e+00,1.534750000000000014e+01,1.548750000000000071e+01
3.179599999999999909e+03,9.393310546875000000e+01,3.419999999999999929e+00,1.546749999999999936e+01,1.547273437499999993e+01
3.179699999999999818e+03,9.417114257812500000e+01,3.379999999999999893e+00,1.570500000000000007e+01,1.548640624999999993e+01
3.179800000000000182e+03,9.429931640625000000e+01,3.410000000000000142e+00,1.550999999999999979e+01,1.549625000000000163e+01
3.179900000000000091e+03,9.378662109375000000e+01,3.407500000000000195e+00,1.567750000000000021e+01,1.547546875000000099e+01
3.180000000000000000e+03,9.592895507812500000e+01,3.430000000000000160e+00,1.583249999999999957e+01,1.542132812500000050e+01
3.180099999999999909e+03,9.563598632812500000e+01,3.444999999999999840e+00,1.533750000000000036e+01,1.546562500000000107e+01
3.180199999999999818e+03,9.580078125000000000e+01,3.442499999999999893e+00,1.550750000000000028e+01,1.546343750000000128e+01
3.180300000000000182e+03,9.598388671875000000e+01,3.437500000000000000e+00,1.553749999999999964e+01,1.546015625000000071e+01
3.180400000000000091e+03,9.664306640625000000e+01,3.497500000000000053e+00,1.545999999999999908e+01,1.546289062500000000e+01
3.180500000000000000e+03,9.785156250000000000e+01,3.472500000000000142e+00,1.552999999999999936e+01,1.546179687500000099e+01
3.180599999999999909e+03,9.746704101562500000e+01,3.497500000000000053e+00,1.546749999999999936e+01,1.548968750000000050e+01
3.180699999999999818e+03,9.766845703125000000e+01,3.490000000000000213e+00,1.573000000000000043e+01,1.537429687500000064e+01
3.180800000000000182e+03,9.779663085937500000e+01,3.459999999999999964e+00,1.550750000000000028e+01,1.546890625000000163e+01
3.180900000000000091e+03,9.891357421875000000e+01,3.457500000000000018e+00,1.552749999999999986e+01,1.549296875000000107e+01
3.181000000000000000e+03,9.957275390625000000e+01,3.490000000000000213e+00,1.575750000000000028e+01,1.541312500000000085e+01
3.181099999999999909e+03,9.916992187500000000e+01,3.479999999999999982e+00,1.588250000000000028e+01,1.548421875000000014e+01
3.181199999999999818e+03,9.937133789062500000e+01,3.432500000000000107e+00,1.558000000000000007e+01,1.544046875000000085e+01
3.181300000000000182e+03,1.009826660156250000e+02,3.522499999999999964e+00,1.563749999999999929e+01,1.546343750000000128e+01
3.181400000000000091e+03,1.007629394531250000e+02,3.524999999999999911e+00,1.555749999999999922e+01,1.546179687500000099e+01
3.181500000000000000e+03,1.014404296875000000e+02,3.520000000000000018e+00,1.576750000000000007e+01,1.543554687500000000e+01
3.181599999999999909e+03,1.009277343750000000e+02,3.487499999999999822e+00,1.568750000000000000e+01,1.544867187500000050e+01
3.181699999999999818e+03,1.019348144531250000e+02,3.547499999999999876e+00,1.582499999999999929e+01,1.547492187500000149e+01
3.181800000000000182e+03,1.029968261718750000e+02,3.515000000000000124e+00,1.562500000000000000e+01,1.546890625000000163e+01
3.181900000000000091e+03,1.024841308593750000e+02,3.552500000000000213e+00,1.561999999999999922e+01,1.546234375000000050e+01
3.182000000000000000e+03,1.030883789062500000e+02,3.564999999999999947e+00,1.558750000000000036e+01,1.549242187500000156e+01
3.182099999999999909e+03,1.026123046875000000e+02,3.609999999999999876e+00,1.553999999999999915e+01,1.551156250000000014e+01
3.182199999999999818e+03,1.044433593750000000e+02,3.594999999999999751e+00,1.556000000000000050e+01,1.549898437500000092e+01
3.182300000000000182e+03,1.047180175781250000e+02,3.580000000000000071e+00,1.550999999999999979e+01,1.547601562500000050e+01
3.182400000000000091e+03,1.041687011718750000e+02,3.587499999999999911e+00,1.580250000000000021e+01,1.544648437500000071e+01
3.182500000000000000e+03,1.047729492187500000e+02,3.582500000000000018e+00,1.539000000000000057e+01,1.544867187500000050e+01
3.182599999999999909e+03,1.055053710937500000e+02,3.587499999999999911e+00,1.538499999999999979e+01,1.543828125000000107e+01
3.182699999999999818e+03,1.063110351562500000e+02,3.612499999999999822e+00,1.544999999999999929e+01,1.542296875000000078e+01
3.182800000000000182e+03,1.063842773437500000e+02,3.642500000000000071e+00,1.547749999999999915e+01,1.543773437500000156e+01
3.182900000000000091e+03,1.059265136718750000e+02,3.620000000000000107e+00,1.535749999999999993e+01,1.551210937500000142e+01
3.183000000000000000e+03,1.066589355468750000e+02,3.667499999999999982e+00,1.561999999999999922e+01,1.551265625000000092e+01
3.183099999999999909e+03,1.076293945312500000e+02,3.657499999999999751e+00,1.564000000000000057e+01,1.544484375000000043e+01
3.183199999999999818e+03,1.079772949218750000e+02,3.642500000000000071e+00,1.564749999999999908e+01,1.541859375000000121e+01
3.183300000000000182e+03,1.080688476562500000e+02,3.665000000000000036e+00,1.574249999999999972e+01,1.542898437500000064e+01
3.183400000000000091e+03,1.076293945312500000e+02,3.680000000000000160e+00,1.562500000000000000e+01,1.552359375000000163e+01
3.183500000000000000e+03,1.096435546875000000e+02,3.685000000000000053e+00,1.542750000000000021e+01,1.544429687500000092e+01
3.183599999999999909e+03,1.093872070312500000e+02,3.667499999999999982e+00,1.566999999999999993e+01,1.545414062500000085e+01
3.183699999999999818e+03,1.097167968750000000e+02,3.674999999999999822e+00,1.546749999999999936e+01,1.534750000000000014e+01
3.183800000000000182e+03,1.097900390625000000e+02,3.705000000000000071e+00,1.559750000000000014e+01,1.540546875000000071e+01
3.183900000000000091e+03,1.100463867187500000e+02,3.687500000000000000e+00,1.566999999999999993e+01,1.546070312500000021e+01
3.184000000000000000e+03,1.115844726562500000e+02,3.709999999999999964e+00,1.553999999999999915e+01,1.541093750000000107e+01
3.184099999999999909e+03,1.110900878906250000e+02,3.734999999999999876e+00,1.581499999999999950e+01,1.545414062500000085e+01
3.184199999999999818e+03,1.114196777343750000e+02,3.757500000000000284e+00,1.584750000000000014e+01,1.545960937500000121e+01
3.184300000000000182e+03,1.115295410156250000e+02,3.752499999999999947e+00,1.566750000000000043e+01,1.541750000000000043e+01
3.184400000000000091e+03,1.125549316406250000e+02,3.752499999999999947e+00,1.564000000000000057e+01,1.540875000000000128e+01
3.184500000000000000e+03,1.132873535156250000e+02,3.797499999999999876e+00,1.570999999999999908e+01,1.546125000000000149e+01
3.184599999999999909e+03,1.127746582031250000e+02,3.777499999999999858e+00,1.543999999999999950e+01,1.546289062500000000e+01
3.184699999999999818e+03,1.131225585937500000e+02,3.785000000000000142e+00,1.576999999999999957e+01,1.544210937500000114e+01
3.184800000000000182e+03,1.144409179687500000e+02,3.799999999999999822e+00,1.554749999999999943e+01,1.546835937500000036e+01
3.184900000000000091e+03,1.144042968750000000e+02,3.807500000000000107e+00,1.561999999999999922e+01,1.544265625000000064e+01
3.185000000000000000e+03,1.150085449218750000e+02,3.797499999999999876e+00,1.552749999999999986e+01,1.547710937500000128e+01
3.185099999999999909e+03,1.144775390625000000e+02,3.852500000000000036e+00,1.585749999999999993e+01,1.546835937500000036e+01
3.185199999999999818e+03,1.151367187500000000e+02,3.852500000000000036e+00,1.558999999999999986e+01,1.546453125000000028e+01
3.185300000000000182e+03,1.166198730468750000e+02,3.867500000000000160e+00,1.586249999999999893e+01,1.547710937500000128e+01
3.185400000000000091e+03,1.161804199218750000e+02,4.000000000000000000e+00,1.560999999999999943e+01,1.545140625000000156e+01
3.185500000000000000e+03,1.168212890625000000e+02,3.910000000000000142e+00,1.544999999999999929e+01,1.543664062500000078e+01
3.185599999999999909e+03,1.162536621093750000e+02,3.890000000000000124e+00,1.560749999999999993e+01,1.542953125000000014e+01
3.185699999999999818e+03,1.181396484375000000e+02,3.924999999999999822e+00,1.568999999999999950e+01,1.544046875000000085e+01
3.185800000000000182e+03,1.183959960937500000e+02,3.959999999999999964e+00,1.561999999999999922e+01,1.552140625000000007e+01
3.185900000000000091e+03,1.179199218750000000e+02,3.937500000000000000e+00,1.557000000000000028e+01,1.545304687500000007e+01
3.186000000000000000e+03,1.185058593750000000e+02,3.932500000000000107e+00,1.568999999999999950e+01,1.548093750000000135e+01
3.186099999999999909e+03,1.190734863281250000e+02,3.977500000000000036e+00,1.560749999999999993e+01,1.542734375000000036e+01
3.186199999999999818e+03,1.202270507812500000e+02,3.977500000000000036e+00,1.558999999999999986e+01,1.545578125000000114e+01
3.186300000000000182e+03,1.203186035156250000e+02,3.987499999999999822e+00,1.567750000000000021e+01,1.544429687500000092e+01
3.186400000000000091e+03,1.197875976562500000e+02,3.997500000000000053e+00,1.551999999999999957e+01,1.546070312500000021e+01
3.186500000000000000e+03,1.204467773437500000e+02,4.032499999999999751e+00,1.567999999999999972e+01,1.547710937500000128e+01
3.186599999999999909e+03,1.215637207031250000e+02,4.042500000000000426e+00,1.566000000000000014e+01,1.548203125000000036e+01
3.186699999999999818e+03,1.220764160156250000e+02,4.037499999999999645e+00,1.566750000000000043e+01,1.551046875000000114e+01
3.186800000000000182e+03,1.221130371093750000e+02,4.077500000000000568e+00,1.560999999999999943e+01,1.547164062500000092e+01
3.186900000000000091e+03,1.216186523437500000e+02,4.075000000000000178e+00,1.567750000000000021e+01,1.548695312500000121e+01
3.187000000000000000e+03,1.231567382812500000e+02,4.165000000000000036e+00,1.573000000000000043e+01,1.542023437500000149e+01
3.187099999999999909e+03,1.227722167968750000e+02,4.157499999999999751e+00,1.558750000000000036e+01,1.546015625000000071e+01
3.187199999999999818e+03,1.231933593750000000e+02,4.144999999999999574e+00,1.554749999999999943e+01,1.544757812500000149e+01
3.187300000000000182e+03,1.231933593750000000e+02,4.132500000000000284e+00,1.570999999999999908e+01,1.543882812500000057e+01
3.187400000000000091e+03,1.227539062500000000e+02,4.167500000000000426e+00,1.568750000000000000e+01,1.542187500000000000e+01
3.187500000000000000e+03,1.233398437500000000e+02,4.185000000000000497e+00,1.550750000000000028e+01,1.542187500000000000e+01
3.187599999999999909e+03,1.227905273437500000e+02,4.157499999999999751e+00,1.567999999999999972e+01,1.546726562500000135e+01
3.187699999999999818e+03,1.231384277343750000e+02,4.177500000000000213e+00,1.554999999999999893e+01,1.540601562500000021e+01
3.187800000000000182e+03,1.231750488281250000e+02,4.189999999999999503e+00,1.560249999999999915e+01,1.546289062500000000e+01
3.187900000000000091e+03,1.227905273437500000e+02,1.562500000000000000e-02,1.564499999999999957e+01,-7.710937500000092371e-02
3.188000000000000000e+03,1.233947753906250000e+02,3.562500000000001776e-02,1.595749999999999957e+01,-5.960937500000085265e-02
3.188099999999999909e+03,1.227722167968750000e+02,3.124999999999822364e-03,1.553500000000000014e+01,1.859374999999907629e-02
3.188199999999999818e+03,1.231933593750000000e+02,3.062500000000012434e-02,1.549750000000000050e+01,-1.203125000000060396e-02
3.188300000000000182e+03,1.227539062500000000e+02,5.812499999999998224e-02,1.542750000000000021e+01,-2.351562500000081712e-02
3.188400000000000091e+03,1.220214843750000000e+02,5.812499999999998224e-02,1.544999999999999929e+01,-6.945312500000078160e-02
3.188500000000000000e+03,1.226440429687500000e+02,6.312499999999987566e-02,1.557000000000000028e+01,-2.406250000000031974e-02
3.188599999999999909e+03,1.220581054687500000e+02,5.062500000000014211e-02,1.573000000000000043e+01,-3.664062500000042633e-02
3.188699999999999818e+03,1.224060058593750000e+02,1.312500000000005329e-02,1.556749999999999901e+01,3.281249999999680256e-03
3.188800000000000182e+03,1.202270507812500000e+02,4.062499999999991118e-02,1.548749999999999893e+01,-5.906250000000046185e-02
3.188900000000000091e+03,1.196594238281250000e+02,4.312499999999985789e-02,1.551750000000000007e+01,-6.398437500000042633e-02
3.189000000000000000e+03,1.202453613281250000e+02,2.812499999999973355e-02,1.558000000000000007e+01,-7.601562500000103029e-02
3.189099999999999909e+03,1.196594238281250000e+02,6.562499999999982236e-02,1.549750000000000050e+01,-6.726562500000099476e-02
3.189199999999999818e+03,1.170959472656250000e+02,5.562500000000003553e-02,1.552749999999999986e+01,1.859374999999907629e-02
3.189300000000000182e+03,1.165649414062500000e+02,4.062499999999991118e-02,1.564749999999999908e+01,-4.976562500000092371e-02
3.189400000000000091e+03,1.160522460937500000e+02,2.812499999999973355e-02,1.541750000000000043e+01,-3.117187500000095923e-02
3.189500000000000000e+03,1.166381835937500000e+02,3.562500000000001776e-02,1.549750000000000050e+01,-5.632812500000028422e-02
3.189599999999999909e+03,1.141113281250000000e+02,8.312499999999989342e-02,1.532000000000000028e+01,-2.460937500000071054e-02
3.189699999999999818e+03,1.122985839843750000e+02,4.062499999999991118e-02,1.549000000000000021e+01,-6.125000000000024869e-02
3.189800000000000182e+03,1.123168945312500000e+02,1.812499999999994671e-02,1.541000000000000014e+01,-5.960937500000085265e-02
3.189900000000000091e+03,1.118041992187500000e+02,4.812499999999975131e-02,1.541000000000000014e+01,-4.593750000000085265e-02
3.190000000000000000e+03,1.124633789062500000e+02,2.562499999999978684e-02,1.548000000000000043e+01,-6.617187500000110134e-02
3.190099999999999909e+03,1.087646484375000000e+02,4.062499999999991118e-02,1.541999999999999993e+01,-2.187500000000053291e-02
3.190199999999999818e+03,1.088195800781250000e+02,5.812499999999998224e-02,1.552749999999999986e+01,-2.242187500000092371e-02
3.190300000000000182e+03,1.089111328125000000e+02,1.812499999999994671e-02,1.548749999999999893e+01,-4.046875000000049738e-02
3.190400000000000091e+03,1.084350585937500000e+02,4.812499999999975131e-02,1.565000000000000036e+01,-2.296875000000042633e-02
3.190500000000000000e+03,1.068969726562500000e+02,4.812499999999975131e-02,1.558999999999999986e+01,-5.851562500000095923e-02
3.190599999999999909e+03,1.056518554687500000e+02,4.562499999999980460e-02,1.562999999999999901e+01,-3.828125000000959233e-03
3.190699999999999818e+03,1.059265136718750000e+02,4.062499999999991118e-02,1.548749999999999893e+01,-5.632812500000028422e-02
3.190800000000000182e+03,1.059997558593750000e+02,7.062500000000015987e-02,1.547749999999999915e+01,6.070312499999896971e-02
3.190900000000000091e+03,1.051940917968750000e+02,4.562499999999980460e-02,1.568999999999999950e+01,-1.585937500000067502e-02
3.191000000000000000e+03,1.036743164062500000e+02,2.812499999999973355e-02,1.547000000000000064e+01,-1.585937500000067502e-02
3.191099999999999909e+03,1.031066894531250000e+02,4.812499999999975131e-02,1.536999999999999922e+01,-2.843750000000078160e-02
3.191199999999999818e+03,1.033813476562500000e+02,2.562499999999978684e-02,1.552749999999999986e+01,-3.062500000000056843e-02
3.191300000000000182e+03,1.034729003906250000e+02,6.312499999999987566e-02,1.567750000000000021e+01,-3.718750000000081712e-02
3.191400000000000091e+03,1.010559082031250000e+02,2.812499999999973355e-02,1.570749999999999957e+01,-3.226562500000085265e-02
3.191500000000000000e+03,1.013122558593750000e+02,3.062500000000012434e-02,1.562999999999999901e+01,-7.929687500000071054e-02
3.191599999999999909e+03,1.008178710937500000e+02,3.812499999999996447e-02,1.575000000000000000e+01,-1.859375000000085265e-02
3.191699999999999818e+03,1.010559082031250000e+02,2.562499999999978684e-02,1.557750000000000057e+01,-1.159375000000002487e-01
3.191800000000000182e+03,1.002136230468750000e+02,3.562500000000001776e-02,1.568999999999999950e+01,-1.804687500000046185e-02
3.191900000000000091e+03,9.862060546875000000e+01,6.562499999999982236e-02,1.571749999999999936e+01,-2.843750000000078160e-02
3.192000000000000000e+03,9.916992187500000000e+01,4.812499999999975131e-02,1.540000000000000036e+01,-7.218750000000095923e-02
3.192099999999999909e+03,9.871215820312500000e+01,3.812499999999996447e-02,1.552999999999999936e+01,-3.718750000000081712e-02
3.192199999999999818e+03,9.895019531250000000e+01,-5.624999999999991118e-02,1.542999999999999972e+01,-5.359375000000099476e-02
3.192300000000000182e+03,9.733886718750000000e+01,2.812499999999973355e-02,1.570999999999999908e+01,-2.351562500000081712e-02
3.192400000000000091e+03,9.673461914062500000e+01,2.312499999999984013e-02,1.535999999999999943e+01,-6.015625000000035527e-02
3.192500000000000000e+03,9.726562500000000000e+01,2.562499999999978684e-02,1.549750000000000050e+01,-6.562500000000071054e-02
3.192599999999999909e+03,9.686279296875000000e+01,4.562499999999980460e-02,1.543750000000000000e+01,-5.906250000000046185e-02
3.192699999999999818e+03,9.589233398437500000e+01,2.562499999999978684e-02,1.557499999999999929e+01,-4.539062500000046185e-02
3.192800000000000182e+03,9.543457031250000000e+01,5.812499999999998224e-02,1.559750000000000014e+01,-3.937500000000060396e-02
3.192900000000000091e+03,9.490356445312500000e+01,4.562499999999980460e-02,1.570999999999999908e+01,-5.796875000000056843e-02
3.193000000000000000e+03,9.550781250000000000e+01,5.312500000000008882e-02,1.554999999999999893e+01,-1.257812500000010658e-01
3.193099999999999909e+03,9.492187500000000000e+01,4.312499999999985789e-02,1.572000000000000064e+01,-1.039062500000031974e-02
3.193199999999999818e+03,9.364013671875000000e+01,5.562500000000003553e-02,1.561999999999999922e+01,-3.281250000000035527e-02
3.193300000000000182e+03,9.371337890625000000e+01,6.562499999999982236e-02,1.551750000000000007e+01,-8.531250000000056843e-02
3.193400000000000091e+03,9.323730468750000000e+01,2.562499999999978684e-02,1.572000000000000064e+01,-4.648437500000035527e-02
3.193500000000000000e+03,9.375000000000000000e+01,3.312500000000007105e-02,1.554749999999999943e+01,-4.156250000000039080e-02
3.193599999999999909e+03,9.202880859375000000e+01,3.062500000000012434e-02,1.562999999999999901e+01,-3.828125000000071054e-02
3.193699999999999818e+03,9.197387695312500000e+01,5.062500000000014211e-02,1.550000000000000000e+01,-4.375000000000461853e-03
3.193800000000000182e+03,9.210205078125000000e+01,4.312499999999985789e-02,1.565000000000000036e+01,-6.835937500000088818e-02
3.193900000000000091e+03,9.158935546875000000e+01,5.062500000000014211e-02,1.537999999999999901e+01,1.531249999999939604e-02
3.194000000000000000e+03,9.151611328125000000e+01,4.312499999999985789e-02,1.573000000000000043e+01,3.281249999999680256e-03
3.194099999999999909e+03,9.030761718750000000e+01,5.312500000000008882e-02,1.558499999999999908e+01,-8.148437500000049738e-02
3.194199999999999818e+03,9.043579101562500000e+01,6.812499999999976907e-02,1.570999999999999908e+01,-2.132812500000103029e-02
3.194300000000000182e+03,9.061889648437500000e+01,4.062499999999991118e-02,1.568500000000000050e+01,-7.710937500000092371e-02
3.194400000000000091e+03,9.008789062500000000e+01,6.562499999999982236e-02,1.566750000000000043e+01,-7.546875000000063949e-02
3.194500000000000000e+03,8.933715820312500000e+01,5.812499999999998224e-02,1.548000000000000043e+01,-5.523437500000039080e-02
3.194599999999999909e+03,8.889770507812500000e+01,6.562499999999982236e-02,1.542750000000000021e+01,-3.281250000000035527e-02
3.194699999999999818e+03,8.906250000000000000e+01,2.062499999999989342e-02,1.552999999999999936e+01,-3.554687500000053291e-02
3.194800000000000182e+03,8.919067382812500000e+01,4.312499999999985789e-02,1.564749999999999908e+01,3.828124999999182876e-03
3.194900000000000091e+03,8.763427734375000000e+01,4.812499999999975131e-02,1.568999999999999950e+01,-5.031250000000042633e-02
3.195000000000000000e+03,8.774414062500000000e+01,8.312499999999989342e-02,1.549000000000000021e+01,-1.585937500000067502e-02
3.195099999999999909e+03,8.739624023437500000e+01,2.062499999999989342e-02,1.553749999999999964e+01,-8.039062500000060396e-02
3.195199999999999818e+03,8.756103515625000000e+01,4.062499999999991118e-02,1.566750000000000043e+01,-4.101562500000088818e-02
3.195300000000000182e+03,8.761596679687500000e+01,4.062499999999991118e-02,1.557750000000000057e+01,-4.867187500000103029e-02
3.195400000000000091e+03,8.591308593750000000e+01,4.062499999999991118e-02,1.533750000000000036e+01,-3.171875000000046185e-02
3.195500000000000000e+03,8.644409179687500000e+01,3.562500000000001776e-02,1.576999999999999957e+01,-1.859375000000085265e-02
3.195599999999999909e+03,8.605957031250000000e+01,4.562499999999980460e-02,1.557000000000000028e+01,-2.953125000000067502e-02
3.195699999999999818e+03,8.622436523437500000e+01,4.812499999999975131e-02,1.570999999999999908e+01,-3.609375000000092371e-02
3.195800000000000182e+03,8.521728515625000000e+01,3.812499999999996447e-02,1.525750000000000028e+01,-1.082812500000009948e-01
3.195900000000000091e+03,8.450317382812500000e+01,2.562499999999978684e-02,1.551999999999999957e+01,-3.937500000000060396e-02
3.196000000000000000e+03,8.501586914062500000e+01,5.312500000000008882e-02,1.554999999999999893e+01,-1.148437500000110134e-02
3.196099999999999909e+03,8.472290039062500000e+01,1.812499999999994671e-02,1.548000000000000043e+01,-3.992187500000099476e-02
3.196199999999999818e+03,8.426513671875000000e+01,5.312500000000008882e-02,1.570999999999999908e+01,-1.968750000000074607e-02
3.196300000000000182e+03,8.369750976562500000e+01,4.812499999999975131e-02,1.547000000000000064e+01,-5.796875000000056843e-02
3.196400000000000091e+03,8.318481445312500000e+01,3.812499999999996447e-02,1.580499999999999972e+01,-4.539062500000046185e-02
3.196500000000000000e+03,8.369750976562500000e+01,4.562499999999980460e-02,1.545999999999999908e+01,-4.046875000000049738e-02
3.196599999999999909e+03,8.340454101562500000e+01,-1.012500000000002842e-01,1.543750000000000000e+01,8.749999999999147349e-03
3.196699999999999818e+03,8.236083984375000000e+01,5.624999999999769074e-03,1.566999999999999993e+01,2.187499999998898659e-03
3.196800000000000182e+03,8.241577148437500000e+01,5.562500000000003553e-02,1.566999999999999993e+01,-2.406250000000031974e-02
3.196900000000000091e+03,8.190307617187500000e+01,7.312500000000010658e-02,1.558000000000000007e+01,-3.882812500000110134e-02
3.197000000000000000e+03,8.243408203125000000e+01,6.312499999999987566e-02,1.546749999999999936e+01,-5.578125000000078160e-02
3.197099999999999909e+03,8.131713867187500000e+01,4.062499999999991118e-02,1.560999999999999943e+01,9.843749999999040767e-03
3.197199999999999818e+03,8.106079101562500000e+01,6.312499999999987566e-02,1.566750000000000043e+01,-3.937500000000060396e-02
3.197300000000000182e+03,8.118896484375000000e+01,2.812499999999973355e-02,1.556000000000000050e+01,-1.093750000000781597e-03
3.197400000000000091e+03,8.073120117187500000e+01,4.562499999999980460e-02,1.531000000000000050e+01,-4.648437500000035527e-02
3.197500000000000000e+03,8.118896484375000000e+01,6.812499999999976907e-02,1.559999999999999964e+01,-6.507812500000031974e-02
3.197599999999999909e+03,7.965087890625000000e+01,5.562500000000003553e-02,1.590249999999999986e+01,-5.031250000000042633e-02
3.197699999999999818e+03,7.974243164062500000e+01,9.187499999999992895e-02,1.552749999999999986e+01,-4.757812500000024869e-02
3.197800000000000182e+03,7.988891601562500000e+01,5.312500000000008882e-02,1.567750000000000021e+01,-1.148437500000110134e-02
3.197900000000000091e+03,7.939453125000000000e+01,1.062500000000010658e-02,1.551999999999999957e+01,-5.304687500000060396e-02
3.198000000000000000e+03,7.890014648437500000e+01,7.062500000000015987e-02,1.566999999999999993e+01,-8.039062500000060396e-02
3.198099999999999909e+03,7.840576171875000000e+01,3.812499999999996447e-02,1.566000000000000014e+01,-8.750000000000923706e-03
3.198199999999999818e+03,7.851562500000000000e+01,1.812499999999994671e-02,1.548000000000000043e+01,-7.710937500000092371e-02
3.198300000000000182e+03,7.866210937500000000e+01,3.124999999999822364e-03,1.558000000000000007e+01,-4.648437500000035527e-02
3.198400000000000091e+03,7.776489257812500000e+01,5.812499999999998224e-02,1.577749999999999986e+01,8.203124999999644729e-03
3.198500000000000000e+03,7.763671875000000000e+01,5.312500000000008882e-02,1.525999999999999979e+01,-7.656250000001030287e-03
3.198599999999999909e+03,7.732543945312500000e+01,3.312500000000007105e-02,1.577999999999999936e+01,-2.679687500000049738e-02
3.198699999999999818e+03,7.738037109375000000e+01,3.062500000000012434e-02,1.541999999999999993e+01,-7.382812500000035527e-02
3.198800000000000182e+03,7.758178710937500000e+01,3.312500000000007105e-02,1.580499999999999972e+01,-9.515625000000049738e-02
3.198900000000000091e+03,7.598876953125000000e+01,6.562499999999982236e-02,1.570999999999999908e+01,-4.812500000000063949e-02
3.199000000000000000e+03,7.640991210937500000e+01,6.812499999999976907e-02,1.558999999999999986e+01,-2.734375000000088818e-02
3.199099999999999909e+03,7.611694335937500000e+01,6.062499999999992895e-02,1.571749999999999936e+01,-8.367187500000028422e-02
3.199199999999999818e+03,7.620849609375000000e+01,4.812499999999975131e-02,1.560749999999999993e+01,-4.375000000000106581e-02
3.199300000000000182e+03,7.571411132812500000e+01,5.562500000000003553e-02,1.564000000000000057e+01,5.468749999995026201e-04
3.199400000000000091e+03,7.481689453125000000e+01,4.812499999999975131e-02,1.580749999999999922e+01,-3.226562500000085265e-02
3.199500000000000000e+03,7.529296875000000000e+01,2.562499999999978684e-02,1.560999999999999943e+01,-5.632812500000028422e-02
3.199599999999999909e+03,7.500000000000000000e+01,2.562499999999978684e-02,1.558000000000000007e+01,-5.250000000000110134e-02
3.199699999999999818e+03,7.507324218750000000e+01,3.312500000000007105e-02,1.559750000000000014e+01,-1.476562500000078160e-02
3.199800000000000182e+03,7.423095703125000000e+01,3.124999999999822364e-03,1.552749999999999986e+01,-5.742187500000106581e-02
3.199900000000000091e+03,7.368164062500000000e+01,3.312500000000007105e-02,1.565000000000000036e+01,-4.648437500000035527e-02
3.200000000000000000e+03,7.419433593750000000e+01,4.812499999999975131e-02,1.576999999999999957e+01,-1.421875000000039080e-02
3.200099999999999909e+03,7.395629882812500000e+01,4.812499999999975131e-02,1.561999999999999922e+01,-8.203125000000532907e-03
3.200199999999999818e+03,7.315063476562500000e+01,5.062500000000014211e-02,1.558999999999999986e+01,-4.046875000000049738e-02
3.200300000000000182e+03,7.316894531250000000e+01,3.312500000000007105e-02,1.547000000000000064e+01,-4.921875000000053291e-02
3.200400000000000091e+03,7.271118164062500000e+01,4.812499999999975131e-02,1.566750000000000043e+01,-5.085937500000081712e-02
3.200500000000000000e+03,7.316894531250000000e+01,4.312499999999985789e-02,1.559999999999999964e+01,-5.414062500000049738e-02
3.200599999999999909e+03,7.260131835937500000e+01,6.062499999999992895e-02,1.563749999999999929e+01,-6.398437500000042633e-02
3.200699999999999818e+03,7.199707031250000000e+01,4.812499999999975131e-02,1.555749999999999922e+01,-4.320312500000067502e-02
3.200800000000000182e+03,7.218017578125000000e+01,2.062499999999989342e-02,1.560749999999999993e+01,-7.437500000000074607e-02
3.200900000000000091e+03,7.172241210937500000e+01,4.812499999999975131e-02,1.539749999999999908e+01,-5.085937500000081712e-02
3.201000000000000000e+03,7.219848632812500000e+01,5.312500000000008882e-02,1.535749999999999993e+01,-5.250000000000110134e-02
3.201099999999999909e+03,7.100830078125000000e+01,5.062500000000014211e-02,1.568999999999999950e+01,-6.289062500000053291e-02
3.201199999999999818e+03,7.100830078125000000e+01,2.812499999999973355e-02,1.567999999999999972e+01,-6.562500000000071054e-02
3.201300000000000182e+03,7.113647460937500000e+01,6.062499999999992895e-02,1.551750000000000007e+01,-6.617187500000110134e-02
3.201400000000000091e+03,7.071533203125000000e+01,1.812499999999994671e-02,1.558000000000000007e+01,-2.296875000000042633e-02
3.201500000000000000e+03,7.060546875000000000e+01,7.062500000000015987e-02,1.557000000000000028e+01,-4.265625000000028422e-02
3.201599999999999909e+03,6.992797851562500000e+01,6.312499999999987566e-02,1.576750000000000007e+01,-4.046875000000049738e-02
3.201699999999999818e+03,7.000122070312500000e+01,8.062499999999994671e-02,1.551999999999999957e+01,-7.164062500000056843e-02
3.201800000000000182e+03,7.016601562500000000e+01,1.312500000000005329e-02,1.568999999999999950e+01,-4.046875000000049738e-02
3.201900000000000091e+03,6.972656250000000000e+01,4.312499999999985789e-02,1.540000000000000036e+01,1.640624999999396039e-03
3.202000000000000000e+03,6.934204101562500000e+01,1.812499999999994671e-02,1.559999999999999964e+01,-1.203125000000060396e-02
3.202099999999999909e+03,6.906738281250000000e+01,2.062499999999989342e-02,1.541000000000000014e+01,-4.539062500000046185e-02
3.202199999999999818e+03,6.904907226562500000e+01,4.562499999999980460e-02,1.576750000000000007e+01,-3.718750000000081712e-02
3.202300000000000182e+03,6.926879882812500000e+01,3.062500000000012434e-02,1.565000000000000036e+01,-2.570312500000060396e-02
3.202400000000000091e+03,6.806030273437500000e+01,5.062500000000014211e-02,1.541999999999999993e+01,-5.906250000000046185e-02
3.202500000000000000e+03,6.829833984375000000e+01,2.312499999999984013e-02,1.590750000000000064e+01,-3.882812500000110134e-02
3.202599999999999909e+03,6.802368164062500000e+01,8.312499999999989342e-02,1.556499999999999950e+01,-5.140625000000031974e-02
3.202699999999999818e+03,6.809692382812500000e+01,5.562500000000003553e-02,1.558750000000000036e+01,-4.757812500000024869e-02
3.202800000000000182e+03,6.811523437500000000e+01,3.562500000000001776e-02,1.545749999999999957e+01,-3.281250000000035527e-02
3.202900000000000091e+03,6.694335937500000000e+01,5.312500000000008882e-02,1.575999999999999979e+01,-8.859375000000024869e-02
3.203000000000000000e+03,6.740112304687500000e+01,4.062499999999991118e-02,1.574750000000000050e+01,-5.960937500000085265e-02
3.203099999999999909e+03,6.714477539062500000e+01,4.312499999999985789e-02,1.558999999999999986e+01,1.804687499999957367e-02
3.203199999999999818e+03,6.723632812500000000e+01,5.562500000000003553e-02,1.561749999999999972e+01,-8.640625000000046185e-02
3.203300000000000182e+03,6.661376953125000000e+01,6.562499999999982236e-02,1.542999999999999972e+01,-8.039062500000060396e-02
3.203400000000000091e+03,6.602783203125000000e+01,5.062500000000014211e-02,1.544999999999999929e+01,-3.664062500000042633e-02
3.203500000000000000e+03,6.646728515625000000e+01,2.812499999999973355e-02,1.543999999999999950e+01,-7.875000000000031974e-02
3.203599999999999909e+03,6.626586914062500000e+01,6.312499999999987566e-02,1.567999999999999972e+01,-3.445312500000063949e-02
3.203699999999999818e+03,6.591796875000000000e+01,4.812499999999975131e-02,1.541999999999999993e+01,-4.976562500000092371e-02
3.203800000000000182e+03,6.564331054687500000e+01,7.312500000000010658e-02,1.557000000000000028e+01,-3.773437500000031974e-02
3.203900000000000091e+03,6.520385742187500000e+01,3.812499999999996447e-02,1.535749999999999993e+01,-5.304687500000060396e-02
3.204000000000000000e+03,6.562500000000000000e+01,1.812499999999994671e-02,1.553749999999999964e+01,-5.359375000000099476e-02
3.204099999999999909e+03,6.542358398437500000e+01,1.562500000000000000e-02,1.574000000000000021e+01,-5.085937500000081712e-02
3.204199999999999818e+03,6.463623046875000000e+01,2.812499999999973355e-02,1.582000000000000028e+01,-8.203125000000532907e-03
3.204300000000000182e+03,6.472778320312500000e+01,1.312500000000005329e-02,1.562749999999999950e+01,-7.054687500000067502e-02
3.204400000000000091e+03,6.436157226562500000e+01,1.562500000000000000e-02,1.553749999999999964e+01,-3.664062500000042633e-02
3.204500000000000000e+03,6.476440429687500000e+01,6.562499999999982236e-02,1.565249999999999986e+01,-4.812500000000063949e-02
3.204599999999999909e+03,6.399536132812500000e+01,3.062500000000012434e-02,1.551750000000000007e+01,-4.429687500000056843e-02
3.204699999999999818e+03,6.377563476562500000e+01,4.812499999999975131e-02,1.551999999999999957e+01,-6.179687500000063949e-02
3.204800000000000182e+03,6.392211914062500000e+01,6.249999999998756550e-04,1.561999999999999922e+01,-5.250000000000110134e-02
3.204900000000000091e+03,6.350097656250000000e+01,5.062500000000014211e-02,1.563499999999999979e+01,-6.890625000000039080e-02
3.205000000000000000e+03,6.392211914062500000e+01,3.562500000000001776e-02,1.548749999999999893e+01,-2.460937500000071054e-02
3.205099999999999909e+03,6.300659179687500000e+01,4.812499999999975131e-02,1.558999999999999986e+01,-4.320312500000067502e-02
3.205199999999999818e+03,6.296997070312500000e+01,5.562500000000003553e-02,1.572000000000000064e+01,-3.335937500000074607e-02
3.205300000000000182e+03,6.313476562500000000e+01,5.812499999999998224e-02,1.565000000000000036e+01,-2.187500000000053291e-02
3.205400000000000091e+03,6.271362304687500000e+01,4.312499999999985789e-02,1.542750000000000021e+01,-4.921875000000053291e-02
3.205500000000000000e+03,6.245727539062500000e+01,6.562499999999982236e-02,1.574000000000000021e+01,-8.093750000000099476e-02
3.205599999999999909e+03,6.214599609375000000e+01,3.312500000000007105e-02,1.567999999999999972e+01,-2.242187500000092371e-02
3.205699999999999818e+03,6.220092773437500000e+01,4.812499999999975131e-02,1.562500000000000000e+01,-5.250000000000110134e-02
3.205800000000000182e+03,6.227416992187500000e+01,3.062500000000012434e-02,1.568999999999999950e+01,-1.968750000000074607e-02
3.205900000000000091e+03,6.165161132812500000e+01,2.312499999999984013e-02,1.576750000000000007e+01,-3.828125000000959233e-03
3.206000000000000000e+03,6.156005859375000000e+01,-1.437500000000024869e-02,1.567750000000000021e+01,-3.554687500000053291e-02
3.206099999999999909e+03,6.135864257812500000e+01,4.312499999999985789e-02,1.557750000000000057e+01,2.351562499999904077e-02
3.206199999999999818e+03,6.137695312500000000e+01,4.062499999999991118e-02,1.566000000000000014e+01,-1.859375000000085265e-02
3.206300000000000182e+03,6.154174804687500000e+01,4.562499999999980460e-02,1.539000000000000057e+01,-6.015625000000035527e-02
3.206400000000000091e+03,6.046142578125000000e+01,5.062500000000014211e-02,1.560999999999999943e+01,-7.328125000000085265e-02
3.206500000000000000e+03,6.080932617187500000e+01,1.562500000000000000e-02,1.558999999999999986e+01,-3.335937500000074607e-02
3.206599999999999909e+03,6.068115234375000000e+01,4.812499999999975131e-02,1.568999999999999950e+01,-2.406250000000031974e-02
3.206699999999999818e+03,6.066284179687500000e+01,5.062500000000014211e-02,1.583000000000000007e+01,-4.812500000000063949e-02
3.206800000000000182e+03,6.036987304687500000e+01,2.312499999999984013e-02,1.562749999999999950e+01,-4.320312500000067502e-02
3.206900000000000091e+03,5.965576171875000000e+01,2.562499999999978684e-02,1.576750000000000007e+01,-6.289062500000053291e-02
3.207000000000000000e+03,6.000366210937500000e+01,6.062499999999992895e-02,1.554999999999999893e+01,-2.789062500000039080e-02
3.207099999999999909e+03,5.982055664062500000e+01,4.062499999999991118e-02,1.542499999999999893e+01,-7.820312500000081712e-02
3.207199999999999818e+03,5.991210937500000000e+01,1.562500000000000000e-02,1.578999999999999915e+01,-9.078125000000092371e-02
3.207300000000000182e+03,5.936279296875000000e+01,7.312500000000010658e-02,1.561999999999999922e+01,-4.210937500000078160e-02
3.207400000000000091e+03,5.894165039062500000e+01,8.812499999999978684e-02,1.556000000000000050e+01,-5.031250000000042633e-02
3.207500000000000000e+03,5.930786132812500000e+01,3.062500000000012434e-02,1.564000000000000057e+01,-6.070312500000074607e-02
3.207599999999999909e+03,5.914306640625000000e+01,6.062499999999992895e-02,1.565000000000000036e+01,9.296874999999538147e-03
3.207699999999999818e+03,5.863037109375000000e+01,2.812499999999973355e-02,1.543500000000000050e+01,-6.617187500000110134e-02
3.207800000000000182e+03,5.861206054687500000e+01,5.062500000000014211e-02,1.537999999999999901e+01,-4.867187500000103029e-02
3.207900000000000091e+03,5.822753906250000000e+01,-4.375000000000017764e-02,1.557750000000000057e+01,-1.640625000000106581e-02
3.208000000000000000e+03,5.861206054687500000e+01,2.562499999999978684e-02,1.555749999999999922e+01,-9.296875000000071054e-02
3.208099999999999909e+03,5.835571289062500000e+01,7.062500000000015987e-02,1.569999999999999929e+01,-3.171875000000046185e-02
3.208199999999999818e+03,5.776977539062500000e+01,5.062500000000014211e-02,1.568999999999999950e+01,4.976562499999914735e-02
3.208300000000000182e+03,5.789794921875000000e+01,1.074999999999999289e-01,1.551999999999999957e+01,-1.203125000000060396e-02
3.208400000000000091e+03,5.755004882812500000e+01,6.312499999999987566e-02,1.516000000000000014e+01,-7.109375000000106581e-02
3.208500000000000000e+03,5.787963867187500000e+01,3.312500000000007105e-02,1.566000000000000014e+01,-3.062500000000056843e-02
3.208599999999999909e+03,5.712890625000000000e+01,3.812499999999996447e-02,1.540000000000000036e+01,-4.156250000000039080e-02
3.208699999999999818e+03,5.707397460937500000e+01,3.062500000000012434e-02,1.562999999999999901e+01,-1.585937500000067502e-02
3.208800000000000182e+03,5.720214843750000000e+01,2.812499999999973355e-02,1.560749999999999993e+01,-8.859375000000024869e-02
3.208900000000000091e+03,5.681762695312500000e+01,3.062500000000012434e-02,1.557000000000000028e+01,-3.117187500000095923e-02
3.209000000000000000e+03,5.696411132812500000e+01,1.312500000000005329e-02,1.565000000000000036e+01,-5.250000000000110134e-02
3.209099999999999909e+03,5.645141601562500000e+01,5.062500000000014211e-02,1.553999999999999915e+01,-6.726562500000099476e-02
3.209199999999999818e+03,5.648803710937500000e+01,3.312500000000007105e-02,1.559750000000000014e+01,-4.320312500000067502e-02
3.209300000000000182e+03,5.661621093750000000e+01,3.812499999999996447e-02,1.561999999999999922e+01,-7.601562500000103029e-02
3.209400000000000091e+03,5.619506835937500000e+01,1.312500000000005329e-02,1.556000000000000050e+01,-1.640625000000106581e-02
3.209500000000000000e+03,5.595703125000000000e+01,1.562500000000000000e-02,1.572000000000000064e+01,-8.421875000000067502e-02
3.209599999999999909e+03,5.573730468750000000e+01,2.499999999999991118e-02,1.561749999999999972e+01,-3.828125000000959233e-03
3.209699999999999818e+03,5.575561523437500000e+01,4.312499999999985789e-02,1.547000000000000064e+01,-7.109375000000106581e-02
3.209800000000000182e+03,5.593872070312500000e+01,5.812499999999998224e-02,1.539749999999999908e+01,-4.156250000000039080e-02
3.209900000000000091e+03,5.513305664062500000e+01,3.562500000000001776e-02,1.559999999999999964e+01,-5.140625000000031974e-02
3.210000000000000000e+03,5.531616210937500000e+01,4.562499999999980460e-02,1.554999999999999893e+01,-7.218750000000095923e-02
3.210099999999999909e+03,5.515136718750000000e+01,1.812499999999994671e-02,1.561749999999999972e+01,-2.132812500000103029e-02
3.210199999999999818e+03,5.515136718750000000e+01,2.562499999999978684e-02,1.548749999999999893e+01,-2.679687500000049738e-02
3.210300000000000182e+03,5.526123046875000000e+01,2.812499999999973355e-02,1.573749999999999893e+01,-2.242187500000092371e-02
3.210400000000000091e+03,5.438232421875000000e+01,3.062500000000012434e-02,1.532000000000000028e+01,-6.179687500000063949e-02
3.210500000000000000e+03,5.473022460937500000e+01,2.812499999999973355e-02,1.569999999999999929e+01,-4.593750000000085265e-02
3.210599999999999909e+03,5.458374023437500000e+01,1.062500000000010658e-02,1.576999999999999957e+01,-2.515625000000110134e-02
3.210699999999999818e+03,5.454711914062500000e+01,4.374999999999973355e-02,1.566999999999999993e+01,-7.273437500000046185e-02
3.210800000000000182e+03,5.421752929687500000e+01,5.812499999999998224e-02,1.556000000000000050e+01,-7.164062500000056843e-02
3.210900000000000091e+03,5.374145507812500000e+01,3.562500000000001776e-02,1.549000000000000021e+01,-4.210937500000078160e-02
3.211000000000000000e+03,5.408935546875000000e+01,4.312499999999985789e-02,1.574750000000000050e+01,-3.500000000000103029e-02
3.211099999999999909e+03,5.396118164062500000e+01,7.062500000000015987e-02,1.562749999999999950e+01,-4.539062500000046185e-02
3.211199999999999818e+03,5.377807617187500000e+01,6.249999999998756550e-04,1.576249999999999929e+01,-2.898437500000028422e-02
3.211300000000000182e+03,5.352172851562500000e+01,4.312499999999985789e-02,1.555499999999999972e+01,-3.117187500000095923e-02
3.211400000000000091e+03,5.311889648437500000e+01,2.812499999999973355e-02,1.562749999999999950e+01,-5.140625000000031974e-02
3.211500000000000000e+03,5.352172851562500000e+01,3.812499999999996447e-02,1.563499999999999979e+01,-3.281250000000035527e-02
3.211599999999999909e+03,5.337524414062500000e+01,-4.150000000000000355e-01,1.544500000000000028e+01,-9.460937500000099476e-02
3.211699999999999818e+03,5.300903320312500000e+01,1.312500000000005329e-02,1.545749999999999957e+01,-6.617187500000110134e-02
3.211800000000000182e+03,5.315551757812500000e+01,3.812499999999996447e-02,1.534750000000000014e+01,-1.257812500000099476e-02
3.211900000000000091e+03,5.275268554687500000e+01,4.312499999999985789e-02,1.556000000000000050e+01,-6.671875000000060396e-02
3.212000000000000000e+03,5.310058593750000000e+01,1.000000000000000888e-01,1.541999999999999993e+01,2.187499999998898659e-03
3.212099999999999909e+03,5.297241210937500000e+01,3.312500000000007105e-02,1.529749999999999943e+01,-5.468750000000088818e-02
3.212199999999999818e+03,5.295410156250000000e+01,5.062500000000014211e-02,1.556000000000000050e+01,-2.406250000000031974e-02
3.212300000000000182e+03,5.310058593750000000e+01,6.062499999999992895e-02,1.566499999999999915e+01,6.015624999998969713e-03
3.212400000000000091e+03,5.273437500000000000e+01,4.812499999999975131e-02,1.582249999999999979e+01,-7.000000000000028422e-02
3.212500000000000000e+03,5.311889648437500000e+01,2.812499999999973355e-02,1.558999999999999986e+01,-9.296875000000426326e-03
3.212599999999999909e+03,5.295410156250000000e+01,8.812499999999978684e-02,1.532000000000000028e+01,-6.289062500000053291e-02
3.212699999999999818e+03,5.299072265625000000e+01,3.062500000000012434e-02,1.545749999999999957e+01,-7.656250000000053291e-02
3.212800000000000182e+03,5.310058593750000000e+01,3.812499999999996447e-02,1.566999999999999993e+01,-3.882812500000110134e-02
3.212900000000000091e+03,5.275268554687500000e+01,3.969999999999999751e+00,1.560749999999999993e+01,1.908320312500000071e+01
3.213000000000000000e+03,5.416259765625000000e+01,2.952500000000000124e+00,1.573749999999999893e+01,1.545960937500000121e+01
3.213099999999999909e+03,5.429077148437500000e+01,2.912500000000000089e+00,1.545749999999999957e+01,1.548750000000000071e+01
3.213199999999999818e+03,5.425415039062500000e+01,2.970000000000000195e+00,1.559750000000000014e+01,1.539617187500000028e+01
3.213300000000000182e+03,5.440063476562500000e+01,2.952500000000000124e+00,1.558000000000000007e+01,1.544429687500000092e+01
3.213400000000000091e+03,5.460205078125000000e+01,2.952500000000000124e+00,1.559999999999999964e+01,1.544648437500000071e+01
3.213500000000000000e+03,5.694580078125000000e+01,2.995000000000000107e+00,1.566999999999999993e+01,1.545632812500000064e+01
3.213599999999999909e+03,5.683593750000000000e+01,2.997500000000000053e+00,1.584500000000000064e+01,1.549406250000000007e+01
3.213699999999999818e+03,5.687255859375000000e+01,2.972500000000000142e+00,1.565000000000000036e+01,1.544593750000000121e+01
3.213800000000000182e+03,5.700073242187500000e+01,2.992500000000000160e+00,1.587500000000000000e+01,1.539781250000000057e+01
3.213900000000000091e+03,5.993041992187500000e+01,2.967499999999999805e+00,1.558999999999999986e+01,1.543335937500000021e+01
3.214000000000000000e+03,6.079101562500000000e+01,2.992500000000000160e+00,1.566000000000000014e+01,1.544156250000000163e+01
3.214099999999999909e+03,6.062622070312500000e+01,3.047499999999999876e+00,1.588250000000000028e+01,1.541640625000000142e+01
3.214199999999999818e+03,6.066284179687500000e+01,3.004999999999999893e+00,1.535999999999999943e+01,1.543773437500000156e+01
3.214300000000000182e+03,6.302490234375000000e+01,3.027499999999999858e+00,1.558000000000000007e+01,1.546945312500000114e+01
3.214400000000000091e+03,6.481933593750000000e+01,3.062500000000000000e+00,1.551999999999999957e+01,1.542898437500000064e+01
3.214500000000000000e+03,6.533203125000000000e+01,3.067499999999999893e+00,1.552999999999999936e+01,1.547984375000000057e+01
3.214599999999999909e+03,6.513061523437500000e+01,3.060000000000000053e+00,1.556000000000000050e+01,1.549570312500000036e+01
3.214699999999999818e+03,6.520385742187500000e+01,3.069999999999999840e+00,1.520999999999999908e+01,1.543992187500000135e+01
3.214800000000000182e+03,6.870117187500000000e+01,3.087499999999999911e+00,1.554999999999999893e+01,1.546890625000000163e+01
3.214900000000000091e+03,6.848144531250000000e+01,3.082500000000000018e+00,1.558000000000000007e+01,1.544812500000000099e+01
3.215000000000000000e+03,6.893920898437500000e+01,3.097500000000000142e+00,1.561749999999999972e+01,1.543773437500000156e+01
3.215099999999999909e+03,6.873779296875000000e+01,3.109999999999999876e+00,1.555749999999999922e+01,1.546945312500000114e+01
3.215199999999999818e+03,7.111816406250000000e+01,3.134999999999999787e+00,1.552749999999999986e+01,1.544921875000000000e+01
3.215300000000000182e+03,7.212524414062500000e+01,3.162500000000000089e+00,1.562749999999999950e+01,1.546562500000000107e+01
3.215400000000000091e+03,7.172241210937500000e+01,3.120000000000000107e+00,1.564000000000000057e+01,1.546015625000000071e+01
3.215500000000000000e+03,7.214355468750000000e+01,3.140000000000000124e+00,1.522749999999999915e+01,1.546507812500000156e+01
3.215599999999999909e+03,7.232666015625000000e+01,3.125000000000000000e+00,1.575499999999999901e+01,1.544976562500000128e+01
3.215699999999999818e+03,7.470703125000000000e+01,3.122500000000000053e+00,1.525000000000000000e+01,1.546179687500000099e+01
3.215800000000000182e+03,7.494506835937500000e+01,3.169999999999999929e+00,1.544999999999999929e+01,1.553726562500000163e+01
3.215900000000000091e+03,7.448730468750000000e+01,3.165000000000000036e+00,1.563749999999999929e+01,1.545578125000000114e+01
3.216000000000000000e+03,7.496337890625000000e+01,3.165000000000000036e+00,1.549499999999999922e+01,1.544812500000000099e+01
3.216099999999999909e+03,7.683105468750000000e+01,3.162500000000000089e+00,1.533499999999999908e+01,1.542242187500000128e+01
3.216199999999999818e+03,7.727050781250000000e+01,3.185000000000000053e+00,1.553999999999999915e+01,1.539179687500000071e+01
3.216300000000000182e+03,7.745361328125000000e+01,3.217499999999999805e+00,1.570999999999999908e+01,1.546015625000000071e+01
3.216400000000000091e+03,7.697753906250000000e+01,3.205000000000000071e+00,1.558750000000000036e+01,1.547875000000000156e+01
3.216500000000000000e+03,7.853393554687500000e+01,3.194999999999999840e+00,1.553749999999999964e+01,1.549351562500000057e+01
3.216599999999999909e+03,7.955932617187500000e+01,3.217499999999999805e+00,1.560749999999999993e+01,1.547109375000000142e+01
3.216699999999999818e+03,7.972412109375000000e+01,3.202500000000000124e+00,1.564000000000000057e+01,1.553015625000000099e+01
3.216800000000000182e+03,7.985229492187500000e+01,3.194999999999999840e+00,1.558000000000000007e+01,1.548148437500000085e+01
3.216900000000000091e+03,7.941284179687500000e+01,3.229999999999999982e+00,1.556749999999999901e+01,1.550445312500000128e+01
3.217000000000000000e+03,8.190307617187500000e+01,3.262500000000000178e+00,1.556749999999999901e+01,1.546234375000000050e+01
3.217099999999999909e+03,8.179321289062500000e+01,3.254999999999999893e+00,1.552999999999999936e+01,1.541039062500000156e+01
3.217199999999999818e+03,8.195800781250000000e+01,3.247500000000000053e+00,1.580250000000000021e+01,1.545906249999999993e+01
3.217300000000000182e+03,8.208618164062500000e+01,3.247500000000000053e+00,1.549000000000000021e+01,1.541476562500000114e+01
3.217400000000000091e+03,8.311157226562500000e+01,3.237499999999999822e+00,1.550750000000000028e+01,1.550773437500000007e+01
3.217500000000000000e+03,8.432006835937500000e+01,3.234999999999999876e+00,1.545749999999999957e+01,1.548093750000000135e+01
3.217599999999999909e+03,8.395385742187500000e+01,3.252499999999999947e+00,1.550000000000000000e+01,1.542460937500000107e+01
3.217699999999999818e+03,8.413696289062500000e+01,3.325000000000000178e+00,1.560999999999999943e+01,1.545250000000000057e+01
3.217800000000000182e+03,8.444824218750000000e+01,3.274999999999999911e+00,1.550999999999999979e+01,1.538578125000000085e+01
3.217900000000000091e+03,8.571166992187500000e+01,3.332500000000000018e+00,1.563749999999999929e+01,1.544703125000000021e+01
3.218000000000000000e+03,8.631591796875000000e+01,3.259999999999999787e+00,1.552749999999999986e+01,1.543554687500000000e+01
3.218099999999999909e+03,8.596801757812500000e+01,3.302500000000000213e+00,1.577749999999999986e+01,1.546562500000000107e+01
3.218199999999999818e+03,8.611450195312500000e+01,3.299999999999999822e+00,1.560999999999999943e+01,1.549734375000000064e+01
3.218300000000000182e+03,8.798217773437500000e+01,3.285000000000000142e+00,1.559750000000000014e+01,1.539671875000000156e+01
3.218400000000000091e+03,8.778076171875000000e+01,3.327500000000000124e+00,1.543750000000000000e+01,1.545523437500000163e+01
3.218500000000000000e+03,8.833007812500000000e+01,3.317499999999999893e+00,1.565499999999999936e+01,1.545906249999999993e+01
3.218599999999999909e+03,8.790893554687500000e+01,3.334999999999999964e+00,1.563499999999999979e+01,1.547875000000000156e+01
3.218699999999999818e+03,8.898925781250000000e+01,3.354999999999999982e+00,1.534999999999999964e+01,1.547875000000000156e+01
3.218800000000000182e+03,9.014282226562500000e+01,3.325000000000000178e+00,1.533000000000000007e+01,1.550117187500000071e+01
3.218900000000000091e+03,8.970336914062500000e+01,3.334999999999999964e+00,1.575000000000000000e+01,1.542351562500000028e+01
3.219000000000000000e+03,9.025268554687500000e+01,3.325000000000000178e+00,1.538499999999999979e+01,1.547218750000000043e+01
3.219099999999999909e+03,8.981323242187500000e+01,3.365000000000000213e+00,1.553999999999999915e+01,1.542351562500000028e+01
3.219199999999999818e+03,9.177246093750000000e+01,3.387500000000000178e+00,1.541000000000000014e+01,1.541750000000000043e+01
3.219300000000000182e+03,9.201049804687500000e+01,3.377499999999999947e+00,1.561749999999999972e+01,1.546617187500000057e+01
3.219400000000000091e+03,9.146118164062500000e+01,3.397499999999999964e+00,1.559999999999999964e+01,1.539835937500000007e+01
3.219500000000000000e+03,9.204711914062500000e+01,3.384999999999999787e+00,1.550000000000000000e+01,1.544648437500000071e+01
3.219599999999999909e+03,9.301757812500000000e+01,3.384999999999999787e+00,1.572000000000000064e+01,1.547656250000000000e+01
3.219699999999999818e+03,9.365844726562500000e+01,3.402499999999999858e+00,1.565000000000000036e+01,1.544921875000000000e+01
3.219800000000000182e+03,9.382324218750000000e+01,3.387500000000000178e+00,1.557000000000000028e+01,1.542132812500000050e+01
3.219900000000000091e+03,9.331054687500000000e+01,3.435000000000000053e+00,1.537999999999999901e+01,1.547601562500000050e+01
3.220000000000000000e+03,9.415283203125000000e+01,3.435000000000000053e+00,1.545749999999999957e+01,1.544375000000000142e+01
3.220099999999999909e+03,9.515991210937500000e+01,3.417499999999999982e+00,1.572250000000000014e+01,1.543664062500000078e+01
3.220199999999999818e+03,9.548950195312500000e+01,3.412500000000000089e+00,1.566750000000000043e+01,1.539015625000000043e+01
3.220300000000000182e+03,9.563598632812500000e+01,3.447499999999999787e+00,1.556000000000000050e+01,1.546343750000000128e+01
3.220400000000000091e+03,9.512329101562500000e+01,3.419999999999999929e+00,1.572000000000000064e+01,1.551976562500000156e+01
3.220500000000000000e+03,9.724731445312500000e+01,3.442499999999999893e+00,1.567750000000000021e+01,1.543882812500000057e+01
3.220599999999999909e+03,9.706420898437500000e+01,3.487499999999999822e+00,1.531000000000000050e+01,1.552031250000000107e+01
3.220699999999999818e+03,9.726562500000000000e+01,3.412500000000000089e+00,1.539749999999999908e+01,1.547710937500000128e+01
3.220800000000000182e+03,9.739379882812500000e+01,3.442499999999999893e+00,1.575999999999999979e+01,1.547000000000000064e+01
3.220900000000000091e+03,9.783325195312500000e+01,3.479999999999999982e+00,1.557000000000000028e+01,1.547710937500000128e+01
3.221000000000000000e+03,9.915161132812500000e+01,3.452500000000000124e+00,1.569249999999999901e+01,1.543171874999999993e+01
3.221099999999999909e+03,9.871215820312500000e+01,3.490000000000000213e+00,1.543500000000000050e+01,1.551156250000000014e+01
3.221199999999999818e+03,9.893188476562500000e+01,3.495000000000000107e+00,1.554749999999999943e+01,1.544539062499999993e+01
3.221300000000000182e+03,9.906005859375000000e+01,3.477500000000000036e+00,1.539749999999999908e+01,1.544101562500000036e+01
3.221400000000000091e+03,1.002868652343750000e+02,3.502499999999999947e+00,1.564000000000000057e+01,1.553562500000000135e+01
3.221500000000000000e+03,1.009643554687500000e+02,3.504999999999999893e+00,1.579999999999999893e+01,1.544375000000000142e+01
3.221599999999999909e+03,1.005249023437500000e+02,3.549999999999999822e+00,1.557000000000000028e+01,1.546726562500000135e+01
3.221699999999999818e+03,1.007812500000000000e+02,3.507500000000000284e+00,1.553749999999999964e+01,1.545085937500000028e+01
3.221800000000000182e+03,1.021728515625000000e+02,3.532499999999999751e+00,1.544999999999999929e+01,1.548750000000000071e+01
3.221900000000000091e+03,1.020996093750000000e+02,3.549999999999999822e+00,1.556000000000000050e+01,1.547765625000000078e+01
3.222000000000000000e+03,1.026855468750000000e+02,3.552500000000000213e+00,1.571749999999999936e+01,1.539671875000000156e+01
3.222099999999999909e+03,1.021911621093750000e+02,3.577500000000000124e+00,1.536749999999999972e+01,1.548859375000000149e+01
3.222199999999999818e+03,1.027954101562500000e+02,3.549999999999999822e+00,1.570999999999999908e+01,1.544484375000000043e+01
3.222300000000000182e+03,1.042053222656250000e+02,3.500000000000000000e+00,1.577999999999999936e+01,1.546562500000000107e+01
3.222400000000000091e+03,1.037841796875000000e+02,3.584999999999999964e+00,1.552999999999999936e+01,1.547437500000000021e+01
3.222500000000000000e+03,1.044250488281250000e+02,3.592500000000000249e+00,1.525999999999999979e+01,1.544320312500000014e+01
3.222599999999999909e+03,1.038940429687500000e+02,3.732499999999999929e+00,1.560500000000000043e+01,1.546562500000000107e+01
3.222699999999999818e+03,1.057434082031250000e+02,3.570000000000000284e+00,1.574000000000000021e+01,1.545304687500000007e+01
3.222800000000000182e+03,1.059997558593750000e+02,3.612499999999999822e+00,1.541999999999999993e+01,1.553617187500000085e+01
3.222900000000000091e+03,1.055053710937500000e+02,3.625000000000000000e+00,1.573749999999999893e+01,1.544320312500000014e+01
3.223000000000000000e+03,1.061096191406250000e+02,3.617500000000000160e+00,1.561999999999999922e+01,1.546671875000000007e+01
3.223099999999999909e+03,1.065856933593750000e+02,3.645000000000000018e+00,1.583499999999999908e+01,1.546453125000000028e+01
3.223199999999999818e+03,1.075561523437500000e+02,3.625000000000000000e+00,1.557750000000000057e+01,1.549406250000000007e+01
3.223300000000000182e+03,1.076843261718750000e+02,3.669999999999999929e+00,1.554749999999999943e+01,1.540109375000000114e+01
3.223400000000000091e+03,1.072265625000000000e+02,3.665000000000000036e+00,1.581749999999999901e+01,1.542406250000000156e+01
3.223500000000000000e+03,1.077941894531250000e+02,3.642500000000000071e+00,1.551999999999999957e+01,1.545796875000000092e+01
3.223599999999999909e+03,1.089111328125000000e+02,3.667499999999999982e+00,1.560999999999999943e+01,1.549023437500000000e+01
3.223699999999999818e+03,1.093505859375000000e+02,3.695000000000000284e+00,1.547000000000000064e+01,1.547656250000000000e+01
3.223800000000000182e+03,1.094421386718750000e+02,3.597500000000000142e+00,1.545999999999999908e+01,1.542625000000000135e+01
3.223900000000000091e+03,1.089111328125000000e+02,3.672499999999999876e+00,1.564000000000000057e+01,1.548257812500000163e+01
3.224000000000000000e+03,1.108520507812500000e+02,3.719999999999999751e+00,1.581499999999999950e+01,1.547929687500000107e+01
3.224099999999999909e+03,1.106872558593750000e+02,3.692499999999999893e+00,1.551750000000000007e+01,1.550554687500000028e+01
3.224199999999999818e+03,1.110168457031250000e+02,3.729999999999999982e+00,1.565000000000000036e+01,1.550062500000000121e+01
3.224300000000000182e+03,1.111267089843750000e+02,3.727500000000000036e+00,1.545999999999999908e+01,1.545796875000000092e+01
3.224400000000000091e+03,1.110900878906250000e+02,3.737499999999999822e+00,1.558000000000000007e+01,1.546015625000000071e+01
3.224500000000000000e+03,1.128295898437500000e+02,3.727500000000000036e+00,1.560999999999999943e+01,1.542570312500000007e+01
3.224599999999999909e+03,1.123352050781250000e+02,3.780000000000000249e+00,1.569999999999999929e+01,1.540710937500000099e+01
3.224699999999999818e+03,1.127563476562500000e+02,3.765000000000000124e+00,1.569500000000000028e+01,1.541750000000000043e+01
3.224800000000000182e+03,1.128112792968750000e+02,3.752499999999999947e+00,1.575999999999999979e+01,1.548039062500000007e+01
3.224900000000000091e+03,1.138916015625000000e+02,3.794999999999999929e+00,1.544749999999999979e+01,1.543882812500000057e+01
3.225000000000000000e+03,1.146240234375000000e+02,3.817499999999999893e+00,1.536999999999999922e+01,1.544375000000000142e+01
3.225099999999999909e+03,1.140747070312500000e+02,3.837499999999999911e+00,1.566750000000000043e+01,1.545414062500000085e+01
3.225199999999999818e+03,1.144409179687500000e+02,3.792499999999999982e+00,1.560999999999999943e+01,1.544484375000000043e+01
3.225300000000000182e+03,1.156860351562500000e+02,3.865000000000000213e+00,1.541999999999999993e+01,1.549460937500000135e+01
3.225400000000000091e+03,1.158325195312500000e+02,3.859999999999999876e+00,1.558000000000000007e+01,1.553671875000000036e+01
3.225500000000000000e+03,1.164367675781250000e+02,3.850000000000000089e+00,1.552999999999999936e+01,1.548093750000000135e+01
3.225599999999999909e+03,1.158691406250000000e+02,3.905000000000000249e+00,1.560749999999999993e+01,1.550773437500000007e+01
3.225699999999999818e+03,1.163085937500000000e+02,3.897499999999999964e+00,1.537999999999999901e+01,1.544484375000000043e+01
3.225800000000000182e+03,1.180297851562500000e+02,3.922499999999999876e+00,1.569749999999999979e+01,1.545140625000000156e+01
3.225900000000000091e+03,1.176269531250000000e+02,3.939999999999999947e+00,1.562749999999999950e+01,1.548257812500000163e+01
3.226000000000000000e+03,1.182495117187500000e+02,3.932500000000000107e+00,1.549750000000000050e+01,1.548476562500000142e+01
3.226099999999999909e+03,1.176818847656250000e+02,3.957500000000000018e+00,1.564000000000000057e+01,1.543773437500000156e+01
3.226199999999999818e+03,1.195678710937500000e+02,4.022499999999999964e+00,1.561500000000000021e+01,1.541804687499999993e+01
3.226300000000000182e+03,1.198791503906250000e+02,3.927500000000000213e+00,1.564000000000000057e+01,1.542625000000000135e+01
3.226400000000000091e+03,1.194213867187500000e+02,4.009999999999999787e+00,1.577999999999999936e+01,1.546453125000000028e+01
3.226500000000000000e+03,1.200622558593750000e+02,4.000000000000000000e+00,1.554749999999999943e+01,1.544210937500000114e+01
3.226599999999999909e+03,1.203369140625000000e+02,4.030000000000000249e+00,1.558750000000000036e+01,1.542843750000000114e+01
3.226699999999999818e+03,1.217468261718750000e+02,4.064999999999999503e+00,1.566750000000000043e+01,1.540437499999999993e+01
3.226800000000000182e+03,1.218017578125000000e+02,4.057500000000000107e+00,1.561999999999999922e+01,1.547492187500000149e+01
3.226900000000000091e+03,1.212890625000000000e+02,4.022499999999999964e+00,1.555749999999999922e+01,1.544976562500000128e+01
3.227000000000000000e+03,1.219482421875000000e+02,4.087500000000000355e+00,1.554999999999999893e+01,1.547437500000000021e+01
3.227099999999999909e+03,1.228637695312500000e+02,4.117499999999999716e+00,1.581000000000000050e+01,1.548695312500000121e+01
3.227199999999999818e+03,1.234313964843750000e+02,4.129999999999999893e+00,1.566750000000000043e+01,1.546726562500000135e+01
3.227300000000000182e+03,1.234130859375000000e+02,4.122500000000000497e+00,1.572749999999999915e+01,1.545742187500000142e+01
3.227400000000000091e+03,1.230102539062500000e+02,4.160000000000000142e+00,1.559999999999999964e+01,1.545250000000000057e+01
3.227500000000000000e+03,1.236328125000000000e+02,4.167500000000000426e+00,1.565499999999999936e+01,1.547054687500000014e+01
3.227599999999999909e+03,1.230468750000000000e+02,4.150000000000000355e+00,1.572000000000000064e+01,1.543445312500000099e+01
3.227699999999999818e+03,1.234863281250000000e+02,4.169999999999999929e+00,1.558499999999999908e+01,1.546835937500000036e+01
3.227800000000000182e+03,1.235412597656250000e+02,4.195000000000000284e+00,1.558999999999999986e+01,1.549242187500000156e+01
3.227900000000000091e+03,1.230834960937500000e+02,4.195000000000000284e+00,1.552999999999999936e+01,1.547382812500000071e+01
3.228000000000000000e+03,1.236511230468750000e+02,4.240000000000000213e+00,1.554999999999999893e+01,1.543992187500000135e+01
3.228099999999999909e+03,1.230468750000000000e+02,-1.250000000000017764e-02,1.561999999999999922e+01,-2.187500000000053291e-02
3.228199999999999818e+03,1.234863281250000000e+02,3.562500000000001776e-02,1.568750000000000000e+01,-1.421875000000039080e-02
3.228300000000000182e+03,1.234680175781250000e+02,6.062499999999992895e-02,1.559750000000000014e+01,-5.250000000000110134e-02
3.228400000000000091e+03,1.227905273437500000e+02,3.812499999999996447e-02,1.565000000000000036e+01,-3.554687500000053291e-02
3.228500000000000000e+03,1.233764648437500000e+02,2.312499999999984013e-02,1.574249999999999972e+01,-1.421875000000039080e-02
3.228599999999999909e+03,1.227539062500000000e+02,7.312500000000010658e-02,1.556000000000000050e+01,-6.507812500000031974e-02
3.228699999999999818e+03,1.231750488281250000e+02,3.062500000000012434e-02,1.574499999999999922e+01,-2.351562500000081712e-02
3.228800000000000182e+03,1.222045898437500000e+02,5.562500000000003553e-02,1.544749999999999979e+01,-4.812500000000063949e-02
3.228900000000000091e+03,1.208862304687500000e+02,7.062500000000015987e-02,1.558000000000000007e+01,-6.398437500000042633e-02
3.229000000000000000e+03,1.214538574218750000e+02,4.062499999999991118e-02,1.566999999999999993e+01,-6.015625000000035527e-02
3.229099999999999909e+03,1.208679199218750000e+02,4.812499999999975131e-02,1.552749999999999986e+01,-9.351562500000110134e-02
3.229199999999999818e+03,1.212524414062500000e+02,5.062500000000014211e-02,1.541999999999999993e+01,-3.992187500000099476e-02
3.229300000000000182e+03,1.182861328125000000e+02,2.062499999999989342e-02,1.559999999999999964e+01,-1.055468750000008171e-01
3.229400000000000091e+03,1.176635742187500000e+02,2.062499999999989342e-02,1.578250000000000064e+01,-3.281250000000568434e-03
3.229500000000000000e+03,1.181945800781250000e+02,3.062500000000012434e-02,1.565000000000000036e+01,-5.031250000000042633e-02
3.229599999999999909e+03,1.176818847656250000e+02,6.062499999999992895e-02,1.570999999999999908e+01,2.351562499999904077e-02
3.229699999999999818e+03,1.146972656250000000e+02,-6.874999999999964473e-03,1.539749999999999908e+01,-1.695312500000056843e-02
3.229800000000000182e+03,1.137634277343750000e+02,4.562499999999980460e-02,1.580499999999999972e+01,-9.734375000000028422e-02
3.229900000000000091e+03,1.132507324218750000e+02,3.062500000000012434e-02,1.588499999999999979e+01,-9.296875000000426326e-03
3.230000000000000000e+03,1.138366699218750000e+02,2.062499999999989342e-02,1.569999999999999929e+01,-3.390625000000024869e-02
3.230099999999999909e+03,1.125000000000000000e+02,6.312499999999987566e-02,1.548000000000000043e+01,-9.515625000000049738e-02
3.230199999999999818e+03,1.101379394531250000e+02,6.812499999999976907e-02,1.556499999999999950e+01,-6.453125000000081712e-02
3.230300000000000182e+03,1.101196289062500000e+02,7.062500000000015987e-02,1.553999999999999915e+01,-8.203125000000088818e-02
3.230400000000000091e+03,1.095886230468750000e+02,3.062500000000012434e-02,1.553749999999999964e+01,-4.539062500000046185e-02
3.230500000000000000e+03,1.101745605468750000e+02,4.562499999999980460e-02,1.551999999999999957e+01,-4.703125000000074607e-02
3.230599999999999909e+03,1.069885253906250000e+02,5.624999999999769074e-03,1.562999999999999901e+01,-1.367187500000088818e-02
3.230699999999999818e+03,1.069519042968750000e+02,2.312499999999984013e-02,1.553749999999999964e+01,-1.640625000000106581e-02
3.230800000000000182e+03,1.069885253906250000e+02,4.812499999999975131e-02,1.559750000000000014e+01,-4.320312500000067502e-02
3.230900000000000091e+03,1.065673828125000000e+02,-2.581250000000001599e-01,1.558000000000000007e+01,-9.679687500000078160e-02
3.231000000000000000e+03,1.056152343750000000e+02,3.812499999999996447e-02,1.544749999999999979e+01,5.468749999999467093e-03
3.231099999999999909e+03,1.040222167968750000e+02,4.312499999999985789e-02,1.566750000000000043e+01,-7.054687500000067502e-02
3.231199999999999818e+03,1.042785644531250000e+02,3.562500000000001776e-02,1.569749999999999979e+01,-7.875000000000031974e-02
3.231300000000000182e+03,1.044250488281250000e+02,4.062499999999991118e-02,1.564749999999999908e+01,-2.843750000000078160e-02
3.231400000000000091e+03,1.039123535156250000e+02,6.562499999999982236e-02,1.551750000000000007e+01,-3.171875000000046185e-02
3.231500000000000000e+03,1.022460937500000000e+02,3.062500000000012434e-02,1.558750000000000036e+01,-6.070312500000074607e-02
3.231599999999999909e+03,1.016235351562500000e+02,3.312500000000007105e-02,1.561249999999999893e+01,-6.289062500000053291e-02
3.231699999999999818e+03,1.018798828125000000e+02,4.062499999999991118e-02,1.550999999999999979e+01,-3.281250000000568434e-03
3.231800000000000182e+03,1.019714355468750000e+02,1.062500000000010658e-02,1.549000000000000021e+01,-4.703125000000074607e-02
3.231900000000000091e+03,9.984741210937500000e+01,4.562499999999980460e-02,1.555749999999999922e+01,-9.296875000000071054e-02
3.232000000000000000e+03,1.000488281250000000e+02,3.062500000000012434e-02,1.564000000000000057e+01,-7.984375000000110134e-02
3.232099999999999909e+03,9.949951171875000000e+01,6.562499999999982236e-02,1.582499999999999929e+01,-4.593750000000085265e-02
3.232199999999999818e+03,9.984741210937500000e+01,5.062500000000014211e-02,1.545999999999999908e+01,-5.359375000000099476e-02
3.232300000000000182e+03,9.940795898437500000e+01,4.062499999999991118e-02,1.582750000000000057e+01,-6.507812500000031974e-02
3.232400000000000091e+03,9.748535156250000000e+01,2.562499999999978684e-02,1.549000000000000021e+01,-9.843750000000817124e-03
3.232500000000000000e+03,9.796142578125000000e+01,5.562500000000003553e-02,1.557750000000000057e+01,-9.679687500000078160e-02
3.232599999999999909e+03,9.757690429687500000e+01,6.812499999999976907e-02,1.560749999999999993e+01,-8.367187500000028422e-02
3.232699999999999818e+03,9.779663085937500000e+01,7.062500000000015987e-02,1.562749999999999950e+01,-4.375000000000106581e-02
3.232800000000000182e+03,9.631347656250000000e+01,5.812499999999998224e-02,1.572499999999999964e+01,-2.460937500000071054e-02
3.232900000000000091e+03,9.561767578125000000e+01,5.312500000000008882e-02,1.563499999999999979e+01,-2.351562500000081712e-02
3.233000000000000000e+03,9.616699218750000000e+01,5.562500000000003553e-02,1.552749999999999986e+01,-8.585937500000095923e-02
3.233099999999999909e+03,9.574584960937500000e+01,4.562499999999980460e-02,1.565000000000000036e+01,2.734374999999911182e-02
3.233199999999999818e+03,9.501342773437500000e+01,7.312500000000010658e-02,1.561999999999999922e+01,3.007812499999928946e-02
3.233300000000000182e+03,9.440917968750000000e+01,4.812499999999975131e-02,1.571749999999999936e+01,-1.104687500000007816e-01
3.233400000000000091e+03,9.393310546875000000e+01,1.062500000000010658e-02,1.581250000000000000e+01,-7.382812500000035527e-02
3.233500000000000000e+03,9.448242187500000000e+01,2.312499999999984013e-02,1.558750000000000036e+01,-3.007812500000106581e-02
3.233599999999999909e+03,9.404296875000000000e+01,3.812499999999996447e-02,1.586500000000000021e+01,1.640624999999396039e-03
3.233699999999999818e+03,9.277954101562500000e+01,4.312499999999985789e-02,1.578999999999999915e+01,-2.023437500000024869e-02
3.233800000000000182e+03,9.279785156250000000e+01,1.312500000000005329e-02,1.583750000000000036e+01,-6.125000000000024869e-02
3.233900000000000091e+03,9.232177734375000000e+01,3.562500000000001776e-02,1.549750000000000050e+01,-4.976562500000092371e-02
3.234000000000000000e+03,9.288940429687500000e+01,4.562499999999980460e-02,1.554999999999999893e+01,-4.429687500000056843e-02
3.234099999999999909e+03,9.120483398437500000e+01,4.562499999999980460e-02,1.545749999999999957e+01,-2.843750000000078160e-02
3.234199999999999818e+03,9.107666015625000000e+01,6.312499999999987566e-02,1.559999999999999964e+01,-9.625000000000039080e-02
3.234300000000000182e+03,9.116821289062500000e+01,4.562499999999980460e-02,1.567999999999999972e+01,-6.781250000000049738e-02
3.234400000000000091e+03,9.069213867187500000e+01,2.812499999999973355e-02,1.572499999999999964e+01,-6.781250000000049738e-02
3.234500000000000000e+03,9.087524414062500000e+01,2.062499999999989342e-02,1.570749999999999957e+01,-5.523437500000039080e-02
3.234599999999999909e+03,8.952026367187500000e+01,5.812499999999998224e-02,1.569999999999999929e+01,1.093749999999893419e-02
3.234699999999999818e+03,8.963012695312500000e+01,6.062499999999992895e-02,1.550000000000000000e+01,-2.515625000000110134e-02
3.234800000000000182e+03,8.979492187500000000e+01,2.562499999999978684e-02,1.525750000000000028e+01,-6.671875000000060396e-02
3.234900000000000091e+03,8.931884765625000000e+01,3.812499999999996447e-02,1.565000000000000036e+01,-4.101562500000088818e-02
3.235000000000000000e+03,8.851318359375000000e+01,6.062499999999992895e-02,1.551500000000000057e+01,-3.226562500000085265e-02
3.235099999999999909e+03,8.796386718750000000e+01,5.062500000000014211e-02,1.564000000000000057e+01,-1.367187500000088818e-02
3.235199999999999818e+03,8.818359375000000000e+01,2.812499999999973355e-02,1.559249999999999936e+01,9.843749999999040767e-03
3.235300000000000182e+03,8.829345703125000000e+01,6.812499999999976907e-02,1.558999999999999986e+01,-2.296875000000042633e-02
3.235400000000000091e+03,8.697509765625000000e+01,3.812499999999996447e-02,1.563749999999999929e+01,-3.882812500000110134e-02
3.235500000000000000e+03,8.695678710937500000e+01,5.062500000000014211e-02,1.550499999999999901e+01,-1.312500000000049738e-02
3.235599999999999909e+03,8.659057617187500000e+01,1.562500000000000000e-02,1.557499999999999929e+01,-6.289062500000053291e-02
3.235699999999999818e+03,8.675537109375000000e+01,5.062500000000014211e-02,1.574249999999999972e+01,-2.187500000000675016e-03
3.235800000000000182e+03,8.690185546875000000e+01,3.312500000000007105e-02,1.551750000000000007e+01,-3.554687500000053291e-02
3.235900000000000091e+03,8.510742187500000000e+01,4.312499999999985789e-02,1.564749999999999908e+01,-9.242187500000031974e-02
3.236000000000000000e+03,8.552856445312500000e+01,5.312500000000008882e-02,1.558750000000000036e+01,-7.656250000001030287e-03
3.236099999999999909e+03,8.518066406250000000e+01,3.562500000000001776e-02,1.542750000000000021e+01,-4.265625000000028422e-02
3.236199999999999818e+03,8.530883789062500000e+01,3.812499999999996447e-02,1.558000000000000007e+01,-5.468750000003907985e-04
3.236300000000000182e+03,8.450317382812500000e+01,6.562499999999982236e-02,1.550000000000000000e+01,-6.453125000000081712e-02
3.236400000000000091e+03,8.369750976562500000e+01,4.312499999999985789e-02,1.562250000000000050e+01,-8.421875000000067502e-02
3.236500000000000000e+03,8.424682617187500000e+01,4.312499999999985789e-02,1.550999999999999979e+01,-6.289062500000053291e-02
3.236599999999999909e+03,8.388061523437500000e+01,2.562499999999978684e-02,1.561999999999999922e+01,-7.820312500000081712e-02
3.236699999999999818e+03,8.377075195312500000e+01,8.812499999999978684e-02,1.558999999999999986e+01,-9.296875000000071054e-02
3.236800000000000182e+03,8.292846679687500000e+01,5.062500000000014211e-02,1.566499999999999915e+01,-4.867187500000103029e-02
3.236900000000000091e+03,8.237915039062500000e+01,4.312499999999985789e-02,1.556000000000000050e+01,-2.351562500000081712e-02
3.237000000000000000e+03,8.292846679687500000e+01,4.812499999999975131e-02,1.587250000000000050e+01,-3.226562500000085265e-02
3.237099999999999909e+03,8.259887695312500000e+01,6.062499999999992895e-02,1.572000000000000064e+01,-5.468750000000088818e-02
3.237199999999999818e+03,8.157348632812500000e+01,1.312500000000005329e-02,1.560999999999999943e+01,-6.234375000000103029e-02
3.237300000000000182e+03,8.161010742187500000e+01,1.312500000000005329e-02,1.583750000000000036e+01,-5.687500000000067502e-02
3.237400000000000091e+03,8.113403320312500000e+01,-1.437500000000024869e-02,1.552999999999999936e+01,-1.750000000000095923e-02
3.237500000000000000e+03,8.164672851562500000e+01,3.312500000000007105e-02,1.544999999999999929e+01,-3.609375000000092371e-02
3.237599999999999909e+03,8.062133789062500000e+01,1.812499999999994671e-02,1.560999999999999943e+01,-9.023437500000053291e-02
3.237699999999999818e+03,8.027343750000000000e+01,6.312499999999987566e-02,1.577749999999999986e+01,1.476562499999900524e-02
3.237800000000000182e+03,8.034667968750000000e+01,6.062499999999992895e-02,1.552999999999999936e+01,-4.703125000000074607e-02
3.237900000000000091e+03,7.992553710937500000e+01,5.062500000000014211e-02,1.560999999999999943e+01,-5.031250000000042633e-02
3.238000000000000000e+03,8.040161132812500000e+01,5.062500000000014211e-02,1.561500000000000021e+01,-1.968750000000074607e-02
3.238099999999999909e+03,7.899169921875000000e+01,6.562499999999982236e-02,1.548000000000000043e+01,-5.304687500000060396e-02
3.238199999999999818e+03,7.899169921875000000e+01,4.562499999999980460e-02,1.546499999999999986e+01,-3.828125000000071054e-02
3.238300000000000182e+03,7.917480468750000000e+01,4.062499999999991118e-02,1.534750000000000014e+01,-6.726562500000099476e-02
3.238400000000000091e+03,7.868041992187500000e+01,6.062499999999992895e-02,1.567999999999999972e+01,-2.187500000000053291e-02
3.238500000000000000e+03,7.833251953125000000e+01,3.312500000000007105e-02,1.558750000000000036e+01,-6.289062500000053291e-02
3.238599999999999909e+03,7.770996093750000000e+01,3.312500000000007105e-02,1.558750000000000036e+01,-2.078125000000063949e-02
3.238699999999999818e+03,7.783813476562500000e+01,3.562500000000001776e-02,1.558750000000000036e+01,-3.937500000000060396e-02
3.238800000000000182e+03,7.798461914062500000e+01,1.812499999999994671e-02,1.566000000000000014e+01,5.468749999995026201e-04
3.238900000000000091e+03,7.736206054687500000e+01,5.312500000000008882e-02,1.566999999999999993e+01,-4.375000000000461853e-03
3.239000000000000000e+03,7.695922851562500000e+01,5.562500000000003553e-02,1.563749999999999929e+01,-6.234375000000103029e-02
3.239099999999999909e+03,7.661132812500000000e+01,3.062500000000012434e-02,1.569999999999999929e+01,-3.937500000000060396e-02
3.239199999999999818e+03,7.670288085937500000e+01,2.062499999999989342e-02,1.558999999999999986e+01,-3.062500000000056843e-02
3.239300000000000182e+03,7.684936523437500000e+01,4.062499999999991118e-02,1.557750000000000057e+01,-2.406250000000031974e-02
3.239400000000000091e+03,7.540283203125000000e+01,3.562500000000001776e-02,1.565750000000000064e+01,-3.445312500000063949e-02
3.239500000000000000e+03,7.576904296875000000e+01,6.312499999999987566e-02,1.550750000000000028e+01,-1.531250000000028422e-02
3.239599999999999909e+03,7.553100585937500000e+01,5.062500000000014211e-02,1.567750000000000021e+01,-3.773437500000031974e-02
3.239699999999999818e+03,7.560424804687500000e+01,5.062500000000014211e-02,1.578749999999999964e+01,2.843749999999900524e-02
3.239800000000000182e+03,7.529296875000000000e+01,4.062499999999991118e-02,1.564000000000000057e+01,-6.234375000000103029e-02
3.239900000000000091e+03,7.424926757812500000e+01,1.562500000000000000e-02,1.561999999999999922e+01,-5.250000000000110134e-02
3.240000000000000000e+03,7.467041015625000000e+01,7.312500000000010658e-02,1.572749999999999915e+01,-3.445312500000063949e-02
3.240099999999999909e+03,7.437744140625000000e+01,4.812499999999975131e-02,1.554749999999999943e+01,-1.312500000000049738e-02
3.240199999999999818e+03,7.452392578125000000e+01,2.562499999999978684e-02,1.525000000000000000e+01,-5.031250000000042633e-02
3.240300000000000182e+03,7.366333007812500000e+01,4.062499999999991118e-02,1.550999999999999979e+01,-4.484375000000095923e-02
3.240400000000000091e+03,7.311401367187500000e+01,2.562499999999978684e-02,1.556499999999999950e+01,-6.945312500000078160e-02
3.240500000000000000e+03,7.357177734375000000e+01,6.312499999999987566e-02,1.545749999999999957e+01,-4.265625000000028422e-02
3.240599999999999909e+03,7.333374023437500000e+01,4.812499999999975131e-02,1.563499999999999979e+01,-1.225000000000004974e-01
3.240699999999999818e+03,7.272949218750000000e+01,1.312500000000005329e-02,1.560749999999999993e+01,-6.781250000000049738e-02
3.240800000000000182e+03,7.254638671875000000e+01,3.062500000000012434e-02,1.547000000000000064e+01,1.203124999999971578e-02
3.240900000000000091e+03,7.205200195312500000e+01,2.562499999999978684e-02,1.576500000000000057e+01,-3.500000000000103029e-02
3.241000000000000000e+03,7.256469726562500000e+01,1.062500000000010658e-02,1.563749999999999929e+01,-5.304687500000060396e-02
3.241099999999999909e+03,7.230834960937500000e+01,7.312500000000010658e-02,1.572000000000000064e+01,-8.257812500000039080e-02
3.241199999999999818e+03,7.144775390625000000e+01,5.062500000000014211e-02,1.575999999999999979e+01,-1.312500000000049738e-02
3.241300000000000182e+03,7.157592773437500000e+01,2.812499999999973355e-02,1.561999999999999922e+01,-6.015625000000035527e-02
3.241400000000000091e+03,7.109985351562500000e+01,1.312500000000005329e-02,1.541000000000000014e+01,-1.055468750000008171e-01
3.241500000000000000e+03,7.155761718750000000e+01,3.562500000000001776e-02,1.544500000000000028e+01,-6.125000000000024869e-02
3.241599999999999909e+03,7.053222656250000000e+01,8.312499999999989342e-02,1.547000000000000064e+01,-3.390625000000024869e-02
3.241699999999999818e+03,7.040405273437500000e+01,2.562499999999978684e-02,1.578999999999999915e+01,-9.078125000000092371e-02
3.241800000000000182e+03,7.053222656250000000e+01,4.312499999999985789e-02,1.558999999999999986e+01,-7.656250000001030287e-03
3.241900000000000091e+03,7.011108398437500000e+01,1.812499999999994671e-02,1.558750000000000036e+01,-1.585937500000067502e-02
3.242000000000000000e+03,7.023925781250000000e+01,5.312500000000008882e-02,1.566000000000000014e+01,-5.414062500000049738e-02
3.242099999999999909e+03,6.934204101562500000e+01,4.812499999999975131e-02,1.558999999999999986e+01,-2.351562500000081712e-02
3.242199999999999818e+03,6.943359375000000000e+01,6.812499999999976907e-02,1.573000000000000043e+01,-4.976562500000092371e-02
3.242300000000000182e+03,6.954345703125000000e+01,4.312499999999985789e-02,1.545749999999999957e+01,-4.539062500000046185e-02
3.242400000000000091e+03,6.912231445312500000e+01,6.812499999999976907e-02,1.560999999999999943e+01,-3.609375000000092371e-02
3.242500000000000000e+03,6.873779296875000000e+01,3.812499999999996447e-02,1.566999999999999993e+01,-6.015625000000035527e-02
3.242599999999999909e+03,6.844482421875000000e+01,1.312500000000005329e-02,1.576249999999999929e+01,-3.500000000000103029e-02
3.242699999999999818e+03,6.848144531250000000e+01,7.312500000000010658e-02,1.573249999999999993e+01,-7.601562500000103029e-02
3.242800000000000182e+03,6.864624023437500000e+01,5.812499999999998224e-02,1.545500000000000007e+01,-5.304687500000060396e-02
3.242900000000000091e+03,6.767578125000000000e+01,6.062499999999992895e-02,1.584249999999999936e+01,-5.687500000000067502e-02
3.243000000000000000e+03,6.778564453125000000e+01,5.812499999999998224e-02,1.581499999999999950e+01,-6.125000000000024869e-02
3.243099999999999909e+03,6.752929687500000000e+01,3.812499999999996447e-02,1.552749999999999986e+01,-3.992187500000099476e-02
3.243199999999999818e+03,6.758422851562500000e+01,3.562500000000001776e-02,1.523749999999999893e+01,-6.398437500000042633e-02
3.243300000000000182e+03,6.774902343750000000e+01,2.312499999999984013e-02,1.558999999999999986e+01,-5.742187500000106581e-02
3.243400000000000091e+03,6.644897460937500000e+01,4.062499999999991118e-02,1.553749999999999964e+01,-3.281250000000568434e-03
3.243500000000000000e+03,6.685180664062500000e+01,5.062500000000014211e-02,1.566000000000000014e+01,1.203124999999971578e-02
3.243599999999999909e+03,6.663208007812500000e+01,5.062500000000014211e-02,1.545749999999999957e+01,-5.468750000003907985e-04
3.243699999999999818e+03,6.668701171875000000e+01,3.312500000000007105e-02,1.553999999999999915e+01,-4.429687500000056843e-02
3.243800000000000182e+03,6.617431640625000000e+01,4.562499999999980460e-02,1.559999999999999964e+01,-4.046875000000049738e-02
3.243900000000000091e+03,6.551513671875000000e+01,2.562499999999978684e-02,1.539499999999999957e+01,-1.476562500000078160e-02
3.244000000000000000e+03,6.595458984375000000e+01,5.312500000000008882e-02,1.563499999999999979e+01,2.242187499999914735e-02
3.244099999999999909e+03,6.571655273437500000e+01,3.062500000000012434e-02,1.541999999999999993e+01,-4.539062500000046185e-02
3.244199999999999818e+03,6.562500000000000000e+01,7.062500000000015987e-02,1.539499999999999957e+01,-5.359375000000099476e-02
3.244300000000000182e+03,6.516723632812500000e+01,4.812499999999975131e-02,1.557499999999999929e+01,-1.640625000000284217e-03
3.244400000000000091e+03,6.470947265625000000e+01,5.624999999999769074e-03,1.549000000000000021e+01,-3.664062500000042633e-02
3.244500000000000000e+03,6.516723632812500000e+01,2.812499999999973355e-02,1.571749999999999936e+01,-2.187500000000053291e-02
3.244599999999999909e+03,6.494750976562500000e+01,3.312500000000007105e-02,1.543500000000000050e+01,-3.281250000000035527e-02
3.244699999999999818e+03,6.421508789062500000e+01,2.562499999999978684e-02,1.561999999999999922e+01,-4.375000000000461853e-03
3.244800000000000182e+03,6.423339843750000000e+01,1.625000000000000888e-01,1.558750000000000036e+01,-7.328125000000085265e-02
3.244900000000000091e+03,6.381225585937500000e+01,1.562500000000000000e-02,1.565499999999999936e+01,-4.210937500000078160e-02
3.245000000000000000e+03,6.425170898437500000e+01,3.062500000000012434e-02,1.558750000000000036e+01,-8.421875000000067502e-02
3.245099999999999909e+03,6.364746093750000000e+01,4.562499999999980460e-02,1.564499999999999957e+01,-3.609375000000092371e-02
3.245199999999999818e+03,6.328125000000000000e+01,3.312500000000007105e-02,1.551999999999999957e+01,-7.656250000000053291e-02
3.245300000000000182e+03,6.344604492187500000e+01,4.562499999999980460e-02,1.581499999999999950e+01,-7.710937500000092371e-02
3.245400000000000091e+03,6.302490234375000000e+01,5.312500000000008882e-02,1.545500000000000007e+01,-4.703125000000074607e-02
3.245500000000000000e+03,6.346435546875000000e+01,6.062499999999992895e-02,1.552749999999999986e+01,-6.671875000000060396e-02
3.245599999999999909e+03,6.247558593750000000e+01,5.812499999999998224e-02,1.561999999999999922e+01,-5.687500000000067502e-02
3.245699999999999818e+03,6.249389648437500000e+01,8.374999999999976907e-02,1.538749999999999929e+01,-5.359375000000099476e-02
3.245800000000000182e+03,6.264038085937500000e+01,7.562500000000005329e-02,1.581499999999999950e+01,-5.304687500000060396e-02
3.245900000000000091e+03,6.220092773437500000e+01,6.812499999999976907e-02,1.578749999999999964e+01,-2.132812500000103029e-02
3.246000000000000000e+03,6.205444335937500000e+01,3.812499999999996447e-02,1.555749999999999922e+01,-4.757812500000024869e-02
3.246099999999999909e+03,6.165161132812500000e+01,7.562500000000005329e-02,1.558750000000000036e+01,-5.414062500000049738e-02
3.246199999999999818e+03,6.168823242187500000e+01,5.562500000000003553e-02,1.569749999999999979e+01,-1.175781250000005329e-01
3.246300000000000182e+03,6.181640625000000000e+01,2.562499999999978684e-02,1.564000000000000057e+01,-6.617187500000110134e-02
3.246400000000000091e+03,6.139526367187500000e+01,8.124999999999715783e-03,1.540750000000000064e+01,-3.445312500000063949e-02
3.246500000000000000e+03,6.115722656250000000e+01,5.312500000000008882e-02,1.553500000000000014e+01,-5.359375000000099476e-02
3.246599999999999909e+03,6.091918945312500000e+01,3.562500000000001776e-02,1.568999999999999950e+01,-2.187500000000675016e-03
3.246699999999999818e+03,6.097412109375000000e+01,7.062500000000015987e-02,1.555749999999999922e+01,-5.468750000000355271e-03
3.246800000000000182e+03,6.112060546875000000e+01,5.812499999999998224e-02,1.559500000000000064e+01,-4.976562500000092371e-02
3.246900000000000091e+03,6.004028320312500000e+01,3.562500000000001776e-02,1.566249999999999964e+01,-7.546875000000063949e-02
3.247000000000000000e+03,6.033325195312500000e+01,4.062499999999991118e-02,1.549499999999999922e+01,-4.648437500000035527e-02
3.247099999999999909e+03,6.015014648437500000e+01,6.312499999999987566e-02,1.547749999999999915e+01,-5.359375000000099476e-02
3.247199999999999818e+03,6.016845703125000000e+01,6.812499999999976907e-02,1.569999999999999929e+01,-7.437500000000074607e-02
3.247300000000000182e+03,6.005859375000000000e+01,2.562499999999978684e-02,1.549499999999999922e+01,-4.921875000000053291e-02
3.247400000000000091e+03,5.925292968750000000e+01,3.562500000000001776e-02,1.568750000000000000e+01,-6.015625000000035527e-02
3.247500000000000000e+03,5.961914062500000000e+01,4.062499999999991118e-02,1.550750000000000028e+01,-4.812500000000063949e-02
3.247599999999999909e+03,5.941772460937500000e+01,3.062500000000012434e-02,1.534750000000000014e+01,-4.921875000000852651e-03
3.247699999999999818e+03,5.945434570312500000e+01,3.062500000000012434e-02,1.548499999999999943e+01,-6.562500000000071054e-02
3.247800000000000182e+03,5.895996093750000000e+01,3.312500000000007105e-02,1.575750000000000028e+01,-3.718750000000081712e-02
3.247900000000000091e+03,5.852050781250000000e+01,6.562499999999982236e-02,1.541000000000000014e+01,-1.071875000000011013e-01
3.248000000000000000e+03,5.892333984375000000e+01,8.562499999999984013e-02,1.567999999999999972e+01,-2.023437500000024869e-02
3.248099999999999909e+03,5.874023437500000000e+01,1.312500000000005329e-02,1.551999999999999957e+01,-2.460937500000071054e-02
3.248199999999999818e+03,5.837402343750000000e+01,2.312499999999984013e-02,1.565000000000000036e+01,-6.125000000000024869e-02
3.248300000000000182e+03,5.822753906250000000e+01,6.312499999999987566e-02,1.553999999999999915e+01,-3.773437500000031974e-02
3.248400000000000091e+03,5.780639648437500000e+01,7.062500000000015987e-02,1.568999999999999950e+01,-8.257812500000039080e-02
3.248500000000000000e+03,5.817260742187500000e+01,3.812499999999996447e-02,1.578999999999999915e+01,-1.695312500000056843e-02
3.248599999999999909e+03,5.804443359375000000e+01,3.812499999999996447e-02,1.569999999999999929e+01,-5.414062500000049738e-02
3.248699999999999818e+03,5.740356445312500000e+01,5.562500000000003553e-02,1.554499999999999993e+01,-3.390625000000024869e-02
3.248800000000000182e+03,5.751342773437500000e+01,5.312500000000008882e-02,1.576999999999999957e+01,-4.921875000000053291e-02
3.248900000000000091e+03,5.711059570312500000e+01,3.562500000000001776e-02,1.551750000000000007e+01,-9.460937500000099476e-02
3.249000000000000000e+03,5.751342773437500000e+01,5.562500000000003553e-02,1.559999999999999964e+01,-5.085937500000081712e-02
3.249099999999999909e+03,5.687255859375000000e+01,4.812499999999975131e-02,1.583499999999999908e+01,-6.617187500000110134e-02
3.249199999999999818e+03,5.676269531250000000e+01,4.562499999999980460e-02,1.560749999999999993e+01,-6.562500000000071054e-02
3.249300000000000182e+03,5.690917968750000000e+01,5.062500000000014211e-02,1.568999999999999950e+01,-2.734375000001065814e-03
3.249400000000000091e+03,5.650634765625000000e+01,7.312500000000010658e-02,1.572499999999999964e+01,-2.679687500000049738e-02
3.249500000000000000e+03,5.670776367187500000e+01,3.062500000000012434e-02,1.580499999999999972e+01,-5.523437500000039080e-02
3.249599999999999909e+03,5.606689453125000000e+01,5.812499999999998224e-02,1.574000000000000021e+01,-1.039062500000031974e-02
3.249699999999999818e+03,5.606689453125000000e+01,4.812499999999975131e-02,1.568999999999999950e+01,-4.539062500000046185e-02
3.249800000000000182e+03,5.623168945312500000e+01,3.312500000000007105e-02,1.558750000000000036e+01,-4.156250000000039080e-02
3.249900000000000091e+03,5.584716796875000000e+01,7.812500000000000000e-02,1.565000000000000036e+01,-3.500000000000103029e-02
3.250000000000000000e+03,5.570068359375000000e+01,5.312500000000008882e-02,1.558999999999999986e+01,-8.640625000000046185e-02
3.250099999999999909e+03,5.542602539062500000e+01,2.562499999999978684e-02,1.559750000000000014e+01,-4.320312500000067502e-02
3.250199999999999818e+03,5.546264648437500000e+01,3.312500000000007105e-02,1.569999999999999929e+01,-6.562500000000071054e-02
3.250300000000000182e+03,5.560913085937500000e+01,4.062499999999991118e-02,1.546499999999999986e+01,-6.671875000000060396e-02
3.250400000000000091e+03,5.487670898437500000e+01,5.062500000000014211e-02,1.555499999999999972e+01,-4.484375000000095923e-02
3.250500000000000000e+03,5.494995117187500000e+01,5.312500000000008882e-02,1.557499999999999929e+01,-3.281250000000035527e-02
3.250599999999999909e+03,5.474853515625000000e+01,3.562500000000001776e-02,1.557000000000000028e+01,-6.453125000000081712e-02
3.250699999999999818e+03,5.478515625000000000e+01,3.562500000000001776e-02,1.566999999999999993e+01,-4.484375000000095923e-02
3.250800000000000182e+03,5.493164062500000000e+01,5.374999999999996447e-02,1.563749999999999929e+01,-4.101562500000088818e-02
3.250900000000000091e+03,5.408935546875000000e+01,5.812499999999998224e-02,1.570999999999999908e+01,-2.406250000000031974e-02
3.251000000000000000e+03,5.440063476562500000e+01,2.562499999999978684e-02,1.564749999999999908e+01,-6.945312500000078160e-02
3.251099999999999909e+03,5.423583984375000000e+01,7.562500000000005329e-02,1.567999999999999972e+01,-4.921875000000053291e-02
3.251199999999999818e+03,5.429077148437500000e+01,4.812499999999975131e-02,1.568999999999999950e+01,-1.859375000000085265e-02
3.251300000000000182e+03,5.396118164062500000e+01,7.062500000000015987e-02,1.553999999999999915e+01,1.531249999999939604e-02
3.251400000000000091e+03,5.343017578125000000e+01,2.062499999999989342e-02,1.566750000000000043e+01,-4.703125000000074607e-02
3.251500000000000000e+03,5.381469726562500000e+01,5.812499999999998224e-02,1.567999999999999972e+01,-1.039062500000031974e-02
3.251599999999999909e+03,5.363159179687500000e+01,7.312500000000010658e-02,1.561999999999999922e+01,-6.234375000000103029e-02
3.251699999999999818e+03,5.366821289062500000e+01,2.562499999999978684e-02,1.567999999999999972e+01,-3.226562500000085265e-02
3.251800000000000182e+03,5.324707031250000000e+01,6.312499999999987566e-02,1.564000000000000057e+01,-6.671875000000060396e-02
3.251900000000000091e+03,5.284423828125000000e+01,3.812499999999996447e-02,1.559750000000000014e+01,-5.578125000000078160e-02
3.252000000000000000e+03,5.321044921875000000e+01,3.812499999999996447e-02,1.545749999999999957e+01,-2.843750000000078160e-02
3.252099999999999909e+03,5.306396484375000000e+01,6.249999999998756550e-04,1.549750000000000050e+01,-4.101562500000088818e-02
3.252199999999999818e+03,5.304565429687500000e+01,4.062499999999991118e-02,1.566000000000000014e+01,-5.250000000000110134e-02
3.252300000000000182e+03,5.324707031250000000e+01,6.562499999999982236e-02,1.565000000000000036e+01,-7.218750000000095923e-02
3.252400000000000091e+03,5.284423828125000000e+01,7.812500000000000000e-02,1.549499999999999922e+01,-2.187500000000053291e-02
3.252500000000000000e+03,5.321044921875000000e+01,4.593750000000000888e-01,1.569999999999999929e+01,-9.953125000000095923e-02
3.252599999999999909e+03,5.306396484375000000e+01,1.562500000000000000e-02,1.559999999999999964e+01,-5.031250000000042633e-02
3.252699999999999818e+03,5.306396484375000000e+01,8.812499999999978684e-02,1.566000000000000014e+01,-3.171875000000046185e-02
3.252800000000000182e+03,5.324707031250000000e+01,4.812499999999975131e-02,1.549750000000000050e+01,-7.929687500000071054e-02
3.252900000000000091e+03,5.286254882812500000e+01,3.312500000000007105e-02,1.542499999999999893e+01,-7.164062500000056843e-02
3.253000000000000000e+03,5.319213867187500000e+01,3.312500000000007105e-02,1.558499999999999908e+01,-2.789062500000039080e-02
3.253099999999999909e+03,5.385131835937500000e+01,4.075000000000000178e+00,1.553749999999999964e+01,1.920187500000000114e+01
3.253199999999999818e+03,5.394287109375000000e+01,2.957500000000000018e+00,1.564000000000000057e+01,1.549023437500000000e+01
3.253300000000000182e+03,5.408935546875000000e+01,2.950000000000000178e+00,1.577999999999999936e+01,1.546125000000000149e+01
3.253400000000000091e+03,5.372314453125000000e+01,2.977500000000000036e+00,1.562999999999999901e+01,1.545523437500000163e+01
3.253500000000000000e+03,5.553588867187500000e+01,2.962499999999999911e+00,1.558000000000000007e+01,1.540984375000000028e+01
3.253599999999999909e+03,5.621337890625000000e+01,2.964999999999999858e+00,1.556749999999999901e+01,1.549296875000000107e+01
3.253699999999999818e+03,5.625000000000000000e+01,2.975000000000000089e+00,1.557000000000000028e+01,1.542625000000000135e+01
3.253800000000000182e+03,5.637817382812500000e+01,3.015000000000000124e+00,1.563749999999999929e+01,1.551867187500000078e+01
3.253900000000000091e+03,5.604858398437500000e+01,2.984999999999999876e+00,1.558000000000000007e+01,1.549953125000000043e+01
3.254000000000000000e+03,5.967407226562500000e+01,2.995000000000000107e+00,1.539000000000000057e+01,1.547164062500000092e+01
3.254099999999999909e+03,5.961914062500000000e+01,3.012500000000000178e+00,1.576999999999999957e+01,1.541421875000000163e+01
3.254199999999999818e+03,5.967407226562500000e+01,3.024999999999999911e+00,1.579250000000000043e+01,1.548695312500000121e+01
3.254300000000000182e+03,5.982055664062500000e+01,3.029999999999999805e+00,1.534999999999999964e+01,1.547546875000000099e+01
3.254400000000000091e+03,6.307983398437500000e+01,3.060000000000000053e+00,1.582000000000000028e+01,1.552742187499999993e+01
3.254500000000000000e+03,6.430664062500000000e+01,3.027499999999999858e+00,1.558000000000000007e+01,1.548312500000000114e+01
3.254599999999999909e+03,6.412353515625000000e+01,3.080000000000000071e+00,1.576500000000000057e+01,1.550828125000000135e+01
3.254699999999999818e+03,6.419677734375000000e+01,3.057500000000000107e+00,1.554999999999999893e+01,1.545851562500000043e+01
3.254800000000000182e+03,6.562500000000000000e+01,3.042499999999999982e+00,1.576999999999999957e+01,1.548093750000000135e+01
3.254900000000000091e+03,6.762084960937500000e+01,3.075000000000000178e+00,1.541750000000000043e+01,1.541421875000000163e+01
3.255000000000000000e+03,6.820678710937500000e+01,3.084999999999999964e+00,1.551999999999999957e+01,1.547054687500000014e+01
3.255099999999999909e+03,6.795043945312500000e+01,3.087499999999999911e+00,1.561999999999999922e+01,1.543171874999999993e+01
3.255199999999999818e+03,6.800537109375000000e+01,3.102500000000000036e+00,1.564499999999999957e+01,1.551976562500000156e+01
3.255300000000000182e+03,7.100830078125000000e+01,3.097500000000000142e+00,1.553999999999999915e+01,1.551539062500000021e+01
3.255400000000000091e+03,7.091674804687500000e+01,3.067499999999999893e+00,1.562999999999999901e+01,1.547164062500000092e+01
3.255500000000000000e+03,7.135620117187500000e+01,3.112499999999999822e+00,1.565000000000000036e+01,1.543390625000000149e+01
3.255599999999999909e+03,7.109985351562500000e+01,3.125000000000000000e+00,1.543999999999999950e+01,1.542187500000000000e+01
3.255699999999999818e+03,7.289428710937500000e+01,3.142500000000000071e+00,1.548749999999999893e+01,1.546125000000000149e+01
3.255800000000000182e+03,7.423095703125000000e+01,3.127499999999999947e+00,1.544749999999999979e+01,1.548312500000000114e+01
3.255900000000000091e+03,7.380981445312500000e+01,3.162500000000000089e+00,1.550999999999999979e+01,1.544757812500000149e+01
3.256000000000000000e+03,7.432250976562500000e+01,3.145000000000000018e+00,1.589749999999999908e+01,1.542734375000000036e+01
3.256099999999999909e+03,7.402954101562500000e+01,3.187500000000000000e+00,1.570999999999999908e+01,1.549296875000000107e+01
3.256199999999999818e+03,7.655639648437500000e+01,3.187500000000000000e+00,1.550000000000000000e+01,1.549242187500000156e+01
3.256300000000000182e+03,7.679443359375000000e+01,3.140000000000000124e+00,1.558000000000000007e+01,1.546453125000000028e+01
3.256400000000000091e+03,7.639160156250000000e+01,3.145000000000000018e+00,1.548000000000000043e+01,1.544429687500000092e+01
3.256500000000000000e+03,7.688598632812500000e+01,3.192499999999999893e+00,1.578999999999999915e+01,1.545960937500000121e+01
3.256599999999999909e+03,7.857055664062500000e+01,3.205000000000000071e+00,1.543750000000000000e+01,1.545687500000000014e+01
3.256699999999999818e+03,7.921142578125000000e+01,3.205000000000000071e+00,1.548000000000000043e+01,1.547492187500000149e+01
3.256800000000000182e+03,7.937622070312500000e+01,3.212499999999999911e+00,1.574750000000000050e+01,1.548312500000000114e+01
3.256900000000000091e+03,7.893676757812500000e+01,3.214999999999999858e+00,1.554749999999999943e+01,1.543445312500000099e+01
3.257000000000000000e+03,7.998046875000000000e+01,3.200000000000000178e+00,1.539000000000000057e+01,1.549351562500000057e+01
3.257099999999999909e+03,8.122558593750000000e+01,3.209999999999999964e+00,1.565000000000000036e+01,1.549296875000000107e+01
3.257199999999999818e+03,8.142700195312500000e+01,3.267500000000000071e+00,1.559999999999999964e+01,1.547546875000000099e+01
3.257300000000000182e+03,8.151855468750000000e+01,3.229999999999999982e+00,1.554999999999999893e+01,1.548257812500000163e+01
3.257400000000000091e+03,8.109741210937500000e+01,3.242500000000000160e+00,1.569999999999999929e+01,1.548531250000000092e+01
3.257500000000000000e+03,8.356933593750000000e+01,3.259999999999999787e+00,1.559750000000000014e+01,1.551867187500000078e+01
3.257599999999999909e+03,8.344116210937500000e+01,3.250000000000000000e+00,1.537999999999999901e+01,1.543554687500000000e+01
3.257699999999999818e+03,8.366088867187500000e+01,3.242500000000000160e+00,1.574750000000000050e+01,1.547984375000000057e+01
3.257800000000000182e+03,8.373413085937500000e+01,3.297499999999999876e+00,1.572749999999999915e+01,1.551921875000000028e+01
3.257900000000000091e+03,8.448486328125000000e+01,3.290000000000000036e+00,1.557000000000000028e+01,1.549078125000000128e+01
3.258000000000000000e+03,8.578491210937500000e+01,3.297499999999999876e+00,1.525750000000000028e+01,1.550828125000000135e+01
3.258099999999999909e+03,8.543701171875000000e+01,3.307500000000000107e+00,1.545999999999999908e+01,1.550718750000000057e+01
3.258199999999999818e+03,8.563842773437500000e+01,3.274999999999999911e+00,1.550750000000000028e+01,1.550500000000000078e+01
3.258300000000000182e+03,8.576660156250000000e+01,3.305000000000000160e+00,1.585500000000000043e+01,1.549789062500000014e+01
3.258400000000000091e+03,8.721313476562500000e+01,3.314999999999999947e+00,1.553999999999999915e+01,1.545414062500000085e+01
3.258500000000000000e+03,8.781738281250000000e+01,3.302500000000000213e+00,1.575999999999999979e+01,1.547765625000000078e+01
3.258599999999999909e+03,8.743286132812500000e+01,3.325000000000000178e+00,1.561999999999999922e+01,1.546562500000000107e+01
3.258699999999999818e+03,8.767089843750000000e+01,3.317499999999999893e+00,1.539000000000000057e+01,1.550335937500000050e+01
3.258800000000000182e+03,8.933715820312500000e+01,3.334999999999999964e+00,1.581749999999999901e+01,1.549734375000000064e+01
3.258900000000000091e+03,8.928222656250000000e+01,3.350000000000000089e+00,1.541000000000000014e+01,1.547328125000000121e+01
3.259000000000000000e+03,8.981323242187500000e+01,3.342500000000000249e+00,1.542499999999999893e+01,1.543828125000000107e+01
3.259099999999999909e+03,8.944702148437500000e+01,3.370000000000000107e+00,1.562999999999999901e+01,1.543609375000000128e+01
3.259199999999999818e+03,9.014282226562500000e+01,3.347500000000000142e+00,1.570749999999999957e+01,1.547984375000000057e+01
3.259300000000000182e+03,9.149780273437500000e+01,3.377499999999999947e+00,1.574000000000000021e+01,1.546453125000000028e+01
3.259400000000000091e+03,9.113159179687500000e+01,3.390000000000000124e+00,1.557750000000000057e+01,1.549187500000000028e+01
3.259500000000000000e+03,9.164428710937500000e+01,3.395000000000000018e+00,1.568750000000000000e+01,1.544320312500000014e+01
3.259599999999999909e+03,9.122314453125000000e+01,3.387500000000000178e+00,1.536999999999999922e+01,1.547546875000000099e+01
3.259699999999999818e+03,9.318237304687500000e+01,3.387500000000000178e+00,1.544999999999999929e+01,1.548257812500000163e+01
3.259800000000000182e+03,9.349365234375000000e+01,3.395000000000000018e+00,1.550499999999999901e+01,1.549023437500000000e+01
3.259900000000000091e+03,9.301757812500000000e+01,3.405000000000000249e+00,1.550000000000000000e+01,1.547328125000000121e+01
3.260000000000000000e+03,9.358520507812500000e+01,3.437500000000000000e+00,1.565000000000000036e+01,1.552195312500000135e+01
3.260099999999999909e+03,9.420776367187500000e+01,3.419999999999999929e+00,1.537999999999999901e+01,1.543500000000000050e+01
3.260199999999999818e+03,9.517822265625000000e+01,3.427500000000000213e+00,1.564000000000000057e+01,1.546398437500000078e+01
3.260300000000000182e+03,9.528808593750000000e+01,3.390000000000000124e+00,1.548000000000000043e+01,1.546617187500000057e+01
3.260400000000000091e+03,9.484863281250000000e+01,3.415000000000000036e+00,1.572000000000000064e+01,1.541203125000000007e+01
3.260500000000000000e+03,9.537963867187500000e+01,3.407500000000000195e+00,1.567999999999999972e+01,1.550773437500000007e+01
3.260599999999999909e+03,9.651489257812500000e+01,3.437500000000000000e+00,1.554999999999999893e+01,1.548695312500000121e+01
3.260699999999999818e+03,9.688110351562500000e+01,3.444999999999999840e+00,1.562999999999999901e+01,1.548312500000000114e+01
3.260800000000000182e+03,9.697265625000000000e+01,3.470000000000000195e+00,1.578250000000000064e+01,1.547820312500000028e+01
3.260900000000000091e+03,9.651489257812500000e+01,3.479999999999999982e+00,1.554749999999999943e+01,1.546015625000000071e+01
3.261000000000000000e+03,9.849243164062500000e+01,3.492500000000000160e+00,1.578250000000000064e+01,1.541312500000000085e+01
3.261099999999999909e+03,9.838256835937500000e+01,3.522499999999999964e+00,1.548000000000000043e+01,1.546890625000000163e+01
3.261199999999999818e+03,9.871215820312500000e+01,3.477500000000000036e+00,1.559999999999999964e+01,1.545085937500000028e+01
3.261300000000000182e+03,9.880371093750000000e+01,3.490000000000000213e+00,1.559999999999999964e+01,1.544375000000000142e+01
3.261400000000000091e+03,9.893188476562500000e+01,3.535000000000000142e+00,1.565750000000000064e+01,1.547546875000000099e+01
3.261500000000000000e+03,1.005432128906250000e+02,3.507500000000000284e+00,1.551500000000000057e+01,1.543171874999999993e+01
3.261599999999999909e+03,1.000671386718750000e+02,3.479999999999999982e+00,1.556000000000000050e+01,1.542132812500000050e+01
3.261699999999999818e+03,1.003967285156250000e+02,3.537500000000000089e+00,1.529749999999999943e+01,1.543007812500000142e+01
3.261800000000000182e+03,1.004699707031250000e+02,3.517500000000000071e+00,1.556000000000000050e+01,1.545085937500000028e+01
3.261900000000000091e+03,1.015869140625000000e+02,3.557500000000000107e+00,1.561999999999999922e+01,1.548367187500000064e+01
3.262000000000000000e+03,1.022644042968750000e+02,3.527499999999999858e+00,1.567999999999999972e+01,1.544484375000000043e+01
3.262099999999999909e+03,1.017517089843750000e+02,3.547499999999999876e+00,1.550000000000000000e+01,1.545359375000000135e+01
3.262199999999999818e+03,1.021179199218750000e+02,3.495000000000000107e+00,1.558750000000000036e+01,1.545195312500000107e+01
3.262300000000000182e+03,1.032897949218750000e+02,3.555000000000000160e+00,1.562749999999999950e+01,1.544593750000000121e+01
3.262400000000000091e+03,1.034179687500000000e+02,3.577500000000000124e+00,1.566000000000000014e+01,1.544593750000000121e+01
3.262500000000000000e+03,1.040039062500000000e+02,3.577500000000000124e+00,1.566999999999999993e+01,1.548039062500000007e+01
3.262599999999999909e+03,1.034729003906250000e+02,3.602500000000000036e+00,1.561999999999999922e+01,1.544265625000000064e+01
3.262699999999999818e+03,1.038757324218750000e+02,3.587499999999999911e+00,1.563250000000000028e+01,1.545851562500000043e+01
3.262800000000000182e+03,1.055053710937500000e+02,3.589999999999999858e+00,1.557750000000000057e+01,1.550992187500000163e+01
3.262900000000000091e+03,1.051025390625000000e+02,3.600000000000000089e+00,1.557000000000000028e+01,1.545796875000000092e+01
3.263000000000000000e+03,1.056701660156250000e+02,3.602500000000000036e+00,1.549000000000000021e+01,1.548531250000000092e+01
3.263099999999999909e+03,1.051574707031250000e+02,3.642500000000000071e+00,1.565750000000000064e+01,1.546289062500000000e+01
3.263199999999999818e+03,1.069519042968750000e+02,3.602500000000000036e+00,1.547749999999999915e+01,1.543062500000000092e+01
3.263300000000000182e+03,1.072998046875000000e+02,3.637500000000000178e+00,1.570500000000000007e+01,1.546890625000000163e+01
3.263400000000000091e+03,1.068420410156250000e+02,3.649999999999999911e+00,1.554749999999999943e+01,1.550500000000000078e+01
3.263500000000000000e+03,1.074096679687500000e+02,3.652499999999999858e+00,1.555749999999999922e+01,1.543718750000000028e+01
3.263599999999999909e+03,1.075378417968750000e+02,3.657499999999999751e+00,1.537999999999999901e+01,1.548257812500000163e+01
3.263699999999999818e+03,1.089477539062500000e+02,3.700000000000000178e+00,1.558750000000000036e+01,1.547820312500000028e+01
3.263800000000000182e+03,1.089477539062500000e+02,3.697499999999999787e+00,1.539749999999999908e+01,1.545687500000000014e+01
3.263900000000000091e+03,1.085083007812500000e+02,3.687500000000000000e+00,1.552749999999999986e+01,1.545414062500000085e+01
3.264000000000000000e+03,1.091308593750000000e+02,3.714999999999999858e+00,1.573000000000000043e+01,1.543445312500000099e+01
3.264099999999999909e+03,1.102661132812500000e+02,3.727500000000000036e+00,1.554999999999999893e+01,1.544867187500000050e+01
3.264199999999999818e+03,1.107238769531250000e+02,3.737499999999999822e+00,1.549000000000000021e+01,1.547000000000000064e+01
3.264300000000000182e+03,1.107788085937500000e+02,3.725000000000000089e+00,1.581499999999999950e+01,1.548476562500000142e+01
3.264400000000000091e+03,1.103576660156250000e+02,3.734999999999999876e+00,1.560999999999999943e+01,1.543281250000000071e+01
3.264500000000000000e+03,1.121154785156250000e+02,3.737499999999999822e+00,1.569999999999999929e+01,1.547273437499999993e+01
3.264599999999999909e+03,1.120239257812500000e+02,3.747500000000000053e+00,1.552999999999999936e+01,1.551265625000000092e+01
3.264699999999999818e+03,1.124633789062500000e+02,3.752499999999999947e+00,1.572000000000000064e+01,1.545906249999999993e+01
3.264800000000000182e+03,1.125183105468750000e+02,3.767500000000000071e+00,1.580499999999999972e+01,1.546070312500000021e+01
3.264900000000000091e+03,1.121704101562500000e+02,3.750000000000000000e+00,1.557000000000000028e+01,1.542187500000000000e+01
3.265000000000000000e+03,1.142761230468750000e+02,3.787500000000000089e+00,1.558999999999999986e+01,1.548531250000000092e+01
3.265099999999999909e+03,1.137451171875000000e+02,3.792499999999999982e+00,1.556000000000000050e+01,1.548804687500000021e+01
3.265199999999999818e+03,1.141845703125000000e+02,3.802500000000000213e+00,1.555499999999999972e+01,1.544867187500000050e+01
3.265300000000000182e+03,1.141662597656250000e+02,3.834999999999999964e+00,1.541750000000000043e+01,1.546781250000000085e+01
3.265400000000000091e+03,1.153015136718750000e+02,3.825000000000000178e+00,1.561749999999999972e+01,1.547875000000000156e+01
3.265500000000000000e+03,1.160888671875000000e+02,3.875000000000000000e+00,1.552999999999999936e+01,1.543500000000000050e+01
3.265599999999999909e+03,1.155761718750000000e+02,3.847500000000000142e+00,1.537999999999999901e+01,1.546835937500000036e+01
3.265699999999999818e+03,1.160156250000000000e+02,3.870000000000000107e+00,1.557000000000000028e+01,1.549898437500000092e+01
3.265800000000000182e+03,1.169494628906250000e+02,3.897499999999999964e+00,1.541750000000000043e+01,1.545906249999999993e+01
3.265900000000000091e+03,1.172790527343750000e+02,3.897499999999999964e+00,1.554499999999999993e+01,1.552414062500000114e+01
3.266000000000000000e+03,1.179016113281250000e+02,3.922499999999999876e+00,1.574249999999999972e+01,1.550007812499999993e+01
3.266099999999999909e+03,1.173339843750000000e+02,3.937500000000000000e+00,1.566999999999999993e+01,1.545796875000000092e+01
3.266199999999999818e+03,1.177551269531250000e+02,3.939999999999999947e+00,1.566750000000000043e+01,1.547328125000000121e+01
3.266300000000000182e+03,1.194763183593750000e+02,3.962499999999999911e+00,1.573000000000000043e+01,1.546890625000000163e+01
3.266400000000000091e+03,1.191284179687500000e+02,3.955000000000000071e+00,1.540750000000000064e+01,1.543226562500000121e+01
3.266500000000000000e+03,1.198242187500000000e+02,3.972500000000000142e+00,1.577999999999999936e+01,1.547273437499999993e+01
3.266599999999999909e+03,1.191284179687500000e+02,4.017500000000000071e+00,1.496250000000000036e+01,1.544921875000000000e+01
3.266699999999999818e+03,1.209045410156250000e+02,4.042500000000000426e+00,1.574000000000000021e+01,1.544757812500000149e+01
3.266800000000000182e+03,1.213806152343750000e+02,4.049999999999999822e+00,1.543999999999999950e+01,1.542351562500000028e+01
3.266900000000000091e+03,1.209411621093750000e+02,4.040000000000000036e+00,1.544749999999999979e+01,1.545250000000000057e+01
3.267000000000000000e+03,1.215270996093750000e+02,4.070000000000000284e+00,1.576999999999999957e+01,1.548531250000000092e+01
3.267099999999999909e+03,1.215087890625000000e+02,4.084999999999999964e+00,1.567750000000000021e+01,1.539234375000000021e+01
3.267199999999999818e+03,1.232482910156250000e+02,4.072499999999999787e+00,1.567999999999999972e+01,1.543335937500000021e+01
3.267300000000000182e+03,1.232666015625000000e+02,4.125000000000000000e+00,1.573000000000000043e+01,1.544320312500000014e+01
3.267400000000000091e+03,1.228637695312500000e+02,4.134999999999999787e+00,1.544749999999999979e+01,1.544429687500000092e+01
3.267500000000000000e+03,1.234680175781250000e+02,4.144999999999999574e+00,1.558000000000000007e+01,1.547492187500000149e+01
3.267599999999999909e+03,1.231018066406250000e+02,4.155000000000000249e+00,1.561999999999999922e+01,1.545523437500000163e+01
3.267699999999999818e+03,1.235961914062500000e+02,4.157499999999999751e+00,1.570999999999999908e+01,1.547164062500000092e+01
3.267800000000000182e+03,1.235778808593750000e+02,4.182500000000000107e+00,1.568750000000000000e+01,1.549953125000000043e+01
3.267900000000000091e+03,1.231567382812500000e+02,4.174999999999999822e+00,1.551500000000000057e+01,1.552085937500000057e+01
3.268000000000000000e+03,1.237609863281250000e+02,4.212500000000000355e+00,1.545749999999999957e+01,1.550062500000000121e+01
3.268099999999999909e+03,1.230834960937500000e+02,4.207499999999999574e+00,1.581499999999999950e+01,1.551648437500000099e+01
3.268199999999999818e+03,1.235961914062500000e+02,4.242499999999999716e+00,1.558000000000000007e+01,1.545632812500000064e+01
3.268300000000000182e+03,1.235412597656250000e+02,6.812499999999976907e-02,1.553999999999999915e+01,2.570312499999971578e-02
3.268400000000000091e+03,1.232116699218750000e+02,4.812499999999975131e-02,1.553749999999999964e+01,-4.976562500000092371e-02
3.268500000000000000e+03,1.238159179687500000e+02,5.812499999999998224e-02,1.557000000000000028e+01,-2.023437500000024869e-02
3.268599999999999909e+03,1.231384277343750000e+02,3.062500000000012434e-02,1.531000000000000050e+01,5.468749999995026201e-04
3.268699999999999818e+03,1.236145019531250000e+02,1.312500000000005329e-02,1.548000000000000043e+01,-1.859375000000085265e-02
3.268800000000000182e+03,1.235961914062500000e+02,2.062499999999989342e-02,1.545999999999999908e+01,-7.710937500000092371e-02
3.268900000000000091e+03,1.220214843750000000e+02,5.062500000000014211e-02,1.551750000000000007e+01,-9.406250000000060396e-02
3.269000000000000000e+03,1.224060058593750000e+02,6.062499999999992895e-02,1.563749999999999929e+01,-2.078125000000063949e-02
3.269099999999999909e+03,1.217468261718750000e+02,3.062500000000012434e-02,1.565000000000000036e+01,1.640624999999396039e-03
3.269199999999999818e+03,1.221862792968750000e+02,1.312500000000005329e-02,1.567999999999999972e+01,-2.570312500000060396e-02
3.269300000000000182e+03,1.210327148437500000e+02,3.812499999999996447e-02,1.551999999999999957e+01,-2.953125000000067502e-02
3.269400000000000091e+03,1.189636230468750000e+02,5.562500000000003553e-02,1.545999999999999908e+01,-2.187500000000053291e-02
3.269500000000000000e+03,1.194946289062500000e+02,1.812499999999994671e-02,1.575000000000000000e+01,-1.750000000000095923e-02
3.269599999999999909e+03,1.188171386718750000e+02,6.249999999998756550e-04,1.552999999999999936e+01,-3.007812500000106581e-02
3.269699999999999818e+03,1.192932128906250000e+02,-1.875000000000071054e-03,1.553749999999999964e+01,-3.773437500000031974e-02
3.269800000000000182e+03,1.154479980468750000e+02,3.812499999999996447e-02,1.536749999999999972e+01,-5.304687500000060396e-02
3.269900000000000091e+03,1.147155761718750000e+02,3.562500000000001776e-02,1.573000000000000043e+01,-6.070312500000074607e-02
3.270000000000000000e+03,1.152282714843750000e+02,5.812499999999998224e-02,1.539000000000000057e+01,-7.929687500000071054e-02
3.270099999999999909e+03,1.146423339843750000e+02,5.062500000000014211e-02,1.557750000000000057e+01,-5.578125000000078160e-02
3.270199999999999818e+03,1.124633789062500000e+02,2.812499999999973355e-02,1.559999999999999964e+01,-3.117187500000095923e-02
3.270300000000000182e+03,1.113098144531250000e+02,4.312499999999985789e-02,1.545999999999999908e+01,-4.593750000000085265e-02
3.270400000000000091e+03,1.108154296875000000e+02,8.124999999999715783e-03,1.556000000000000050e+01,-9.296875000000426326e-03
3.270500000000000000e+03,1.114562988281250000e+02,3.062500000000012434e-02,1.552999999999999936e+01,-3.445312500000063949e-02
3.270599999999999909e+03,1.106872558593750000e+02,7.562500000000005329e-02,1.559500000000000064e+01,-7.875000000000031974e-02
3.270699999999999818e+03,1.081604003906250000e+02,7.062500000000015987e-02,1.562999999999999901e+01,4.320312499999889866e-02
3.270800000000000182e+03,1.081237792968750000e+02,5.562500000000003553e-02,1.567999999999999972e+01,-5.468750000000088818e-02
3.270900000000000091e+03,1.076293945312500000e+02,4.312499999999985789e-02,1.566000000000000014e+01,-2.187500000000053291e-02
3.271000000000000000e+03,1.082336425781250000e+02,5.562500000000003553e-02,1.562500000000000000e+01,-8.476562500000106581e-02
3.271099999999999909e+03,1.053588867187500000e+02,3.062500000000012434e-02,1.557499999999999929e+01,-6.453125000000081712e-02
3.271199999999999818e+03,1.052490234375000000e+02,3.562500000000001776e-02,1.577999999999999936e+01,-8.257812500000039080e-02
3.271300000000000182e+03,1.052490234375000000e+02,4.312499999999985789e-02,1.561999999999999922e+01,-6.453125000000081712e-02
3.271400000000000091e+03,1.048278808593750000e+02,2.312499999999984013e-02,1.548000000000000043e+01,2.734374999999289457e-03
3.271500000000000000e+03,1.043701171875000000e+02,7.062500000000015987e-02,1.557000000000000028e+01,-3.007812500000106581e-02
3.271599999999999909e+03,1.025390625000000000e+02,2.312499999999984013e-02,1.562749999999999950e+01,-7.054687500000067502e-02
3.271699999999999818e+03,1.028686523437500000e+02,4.312499999999985789e-02,1.565000000000000036e+01,-3.281250000000568434e-03
3.271800000000000182e+03,1.028137207031250000e+02,6.562499999999982236e-02,1.557750000000000057e+01,-4.320312500000067502e-02
3.271900000000000091e+03,1.023925781250000000e+02,-1.687500000000019540e-02,1.570749999999999957e+01,-5.468750000000088818e-02
3.272000000000000000e+03,1.010009765625000000e+02,5.062500000000014211e-02,1.555749999999999922e+01,-4.757812500000024869e-02
3.272099999999999909e+03,1.003051757812500000e+02,3.312500000000007105e-02,1.539749999999999908e+01,-2.132812500000103029e-02
3.272199999999999818e+03,1.006713867187500000e+02,5.624999999999769074e-03,1.543999999999999950e+01,-3.882812500000110134e-02
3.272300000000000182e+03,1.007629394531250000e+02,4.562499999999980460e-02,1.554999999999999893e+01,-1.421875000000039080e-02
3.272400000000000091e+03,9.876708984375000000e+01,3.812499999999996447e-02,1.568750000000000000e+01,-7.929687500000071054e-02
3.272500000000000000e+03,9.869384765625000000e+01,5.062500000000014211e-02,1.569999999999999929e+01,-2.734375000001065814e-03
3.272599999999999909e+03,9.819946289062500000e+01,6.562499999999982236e-02,1.576999999999999957e+01,-2.460937500000071054e-02
3.272699999999999818e+03,9.851074218750000000e+01,2.062499999999989342e-02,1.559999999999999964e+01,-4.812500000000063949e-02
3.272800000000000182e+03,9.845581054687500000e+01,3.312500000000007105e-02,1.573749999999999893e+01,-3.171875000000046185e-02
3.272900000000000091e+03,9.638671875000000000e+01,4.312499999999985789e-02,1.567999999999999972e+01,-5.031250000000042633e-02
3.273000000000000000e+03,9.689941406250000000e+01,4.812499999999975131e-02,1.539499999999999957e+01,4.374999999999573674e-03
3.273099999999999909e+03,9.638671875000000000e+01,4.312499999999985789e-02,1.580749999999999922e+01,2.679687499999960920e-02
3.273199999999999818e+03,9.669799804687500000e+01,3.812499999999996447e-02,1.566000000000000014e+01,-3.718750000000081712e-02
3.273300000000000182e+03,9.526977539062500000e+01,2.062499999999989342e-02,1.561500000000000021e+01,7.656249999999253930e-03
3.273400000000000091e+03,9.453735351562500000e+01,1.312500000000005329e-02,1.570999999999999908e+01,-7.710937500000092371e-02
3.273500000000000000e+03,9.508666992187500000e+01,4.062499999999991118e-02,1.562999999999999901e+01,-3.171875000000046185e-02
3.273599999999999909e+03,9.461059570312500000e+01,3.062500000000012434e-02,1.567999999999999972e+01,-3.117187500000095923e-02
3.273699999999999818e+03,9.418945312500000000e+01,2.812499999999973355e-02,1.539749999999999908e+01,-7.656250000001030287e-03
3.273800000000000182e+03,9.343872070312500000e+01,5.624999999999769074e-03,1.549000000000000021e+01,3.062499999999968026e-02
3.273900000000000091e+03,9.292602539062500000e+01,5.812499999999998224e-02,1.575000000000000000e+01,-2.953125000000067502e-02
3.274000000000000000e+03,9.351196289062500000e+01,3.062500000000012434e-02,1.579999999999999893e+01,-1.804687500000046185e-02
3.274099999999999909e+03,9.303588867187500000e+01,6.562499999999982236e-02,1.551999999999999957e+01,2.187499999998898659e-03
3.274199999999999818e+03,9.182739257812500000e+01,-8.999999999999985789e-02,1.568999999999999950e+01,-4.484375000000095923e-02
3.274300000000000182e+03,9.179077148437500000e+01,8.062499999999994671e-02,1.557499999999999929e+01,-2.679687500000049738e-02
3.274400000000000091e+03,9.129638671875000000e+01,4.062499999999991118e-02,1.562749999999999950e+01,-1.476562500000078160e-02
3.274500000000000000e+03,9.186401367187500000e+01,3.062500000000012434e-02,1.569749999999999979e+01,-1.011718750000003553e-01
3.274599999999999909e+03,9.038085937500000000e+01,3.312500000000007105e-02,1.554749999999999943e+01,-2.625000000000099476e-02
3.274699999999999818e+03,9.017944335937500000e+01,3.812499999999996447e-02,1.575750000000000028e+01,-5.140625000000031974e-02
3.274800000000000182e+03,9.030761718750000000e+01,3.812499999999996447e-02,1.555749999999999922e+01,-1.804687500000046185e-02
3.274900000000000091e+03,8.983154296875000000e+01,3.062500000000012434e-02,1.560500000000000043e+01,-1.585937500000067502e-02
3.275000000000000000e+03,9.021606445312500000e+01,2.562499999999978684e-02,1.558999999999999986e+01,-7.164062500000056843e-02
3.275099999999999909e+03,8.858642578125000000e+01,3.562500000000001776e-02,1.561749999999999972e+01,8.749999999999147349e-03
3.275199999999999818e+03,8.880615234375000000e+01,4.312499999999985789e-02,1.557499999999999929e+01,-2.078125000000063949e-02
3.275300000000000182e+03,8.887939453125000000e+01,4.562499999999980460e-02,1.557750000000000057e+01,-3.226562500000085265e-02
3.275400000000000091e+03,8.842163085937500000e+01,2.062499999999989342e-02,1.568750000000000000e+01,-3.828125000000071054e-02
3.275500000000000000e+03,8.767089843750000000e+01,4.312499999999985789e-02,1.554999999999999893e+01,-3.281250000000035527e-02
3.275599999999999909e+03,8.703002929687500000e+01,1.062500000000010658e-02,1.565750000000000064e+01,-7.984375000000110134e-02
3.275699999999999818e+03,8.724975585937500000e+01,5.312500000000008882e-02,1.555499999999999972e+01,-5.632812500000028422e-02
3.275800000000000182e+03,8.737792968750000000e+01,6.249999999998756550e-04,1.542999999999999972e+01,-8.312500000000078160e-02
3.275900000000000091e+03,8.635253906250000000e+01,2.562499999999978684e-02,1.574000000000000021e+01,1.093749999999005240e-03
3.276000000000000000e+03,8.615112304687500000e+01,5.312500000000008882e-02,1.558750000000000036e+01,-2.898437500000028422e-02
3.276099999999999909e+03,8.574829101562500000e+01,3.312500000000007105e-02,1.580749999999999922e+01,-4.484375000000095923e-02
3.276199999999999818e+03,8.593139648437500000e+01,3.062500000000012434e-02,1.560749999999999993e+01,-2.953125000000067502e-02
3.276300000000000182e+03,8.607788085937500000e+01,2.562499999999978684e-02,1.548000000000000043e+01,-1.312500000000049738e-02
3.276400000000000091e+03,8.430175781250000000e+01,7.062500000000015987e-02,1.541999999999999993e+01,-4.867187500000103029e-02
3.276500000000000000e+03,8.472290039062500000e+01,3.062500000000012434e-02,1.592999999999999972e+01,-3.171875000000046185e-02
3.276599999999999909e+03,8.433837890625000000e+01,5.312500000000008882e-02,1.562999999999999901e+01,-4.265625000000028422e-02
3.276699999999999818e+03,8.452148437500000000e+01,5.312500000000008882e-02,1.575000000000000000e+01,2.351562499999904077e-02
3.276800000000000182e+03,8.377075195312500000e+01,3.312500000000007105e-02,1.580499999999999972e+01,8.203124999999644729e-03
3.276900000000000091e+03,8.292846679687500000e+01,1.062500000000010658e-02,1.548749999999999893e+01,-2.953125000000067502e-02
3.277000000000000000e+03,8.344116210937500000e+01,4.312499999999985789e-02,1.566750000000000043e+01,-7.601562500000103029e-02
3.277099999999999909e+03,8.307495117187500000e+01,2.062499999999989342e-02,1.562999999999999901e+01,4.921874999999076294e-03
3.277199999999999818e+03,8.320312500000000000e+01,3.812499999999996447e-02,1.550750000000000028e+01,-1.859375000000085265e-02
3.277300000000000182e+03,8.214111328125000000e+01,2.312499999999984013e-02,1.561999999999999922e+01,-4.703125000000074607e-02
3.277400000000000091e+03,8.161010742187500000e+01,2.812499999999973355e-02,1.526750000000000007e+01,-3.007812500000106581e-02
3.277500000000000000e+03,8.212280273437500000e+01,6.249999999998756550e-04,1.568999999999999950e+01,-3.609375000000092371e-02
3.277599999999999909e+03,8.177490234375000000e+01,4.562499999999980460e-02,1.568999999999999950e+01,1.039062499999943157e-02
3.277699999999999818e+03,8.096923828125000000e+01,3.312500000000007105e-02,1.574249999999999972e+01,-2.953125000000067502e-02
3.277800000000000182e+03,8.091430664062500000e+01,4.087499999999999467e-01,1.555749999999999922e+01,-3.171875000000046185e-02
3.277900000000000091e+03,8.041992187500000000e+01,6.562499999999982236e-02,1.547000000000000064e+01,-5.687500000000067502e-02
3.278000000000000000e+03,8.091430664062500000e+01,3.812499999999996447e-02,1.543999999999999950e+01,-3.937500000000060396e-02
3.278099999999999909e+03,8.007202148437500000e+01,3.562500000000001776e-02,1.559750000000000014e+01,-1.421875000000039080e-02
3.278199999999999818e+03,7.950439453125000000e+01,2.562499999999978684e-02,1.558499999999999908e+01,-5.250000000000110134e-02
3.278300000000000182e+03,7.954101562500000000e+01,3.062500000000012434e-02,1.569999999999999929e+01,-5.632812500000028422e-02
3.278400000000000091e+03,7.910156250000000000e+01,3.312500000000007105e-02,1.552999999999999936e+01,-1.804687500000046185e-02
3.278500000000000000e+03,7.961425781250000000e+01,3.562500000000001776e-02,1.569999999999999929e+01,1.148437499999932498e-02
3.278599999999999909e+03,7.818603515625000000e+01,3.562500000000001776e-02,1.551999999999999957e+01,-1.148437500000110134e-02
3.278699999999999818e+03,7.825927734375000000e+01,4.062499999999991118e-02,1.557000000000000028e+01,-4.265625000000028422e-02
3.278800000000000182e+03,7.842407226562500000e+01,5.312500000000008882e-02,1.548000000000000043e+01,-6.781250000000049738e-02
3.278900000000000091e+03,7.792968750000000000e+01,4.062499999999991118e-02,1.543999999999999950e+01,-8.203125000000088818e-02
3.279000000000000000e+03,7.760009765625000000e+01,3.562500000000001776e-02,1.547749999999999915e+01,-1.039062500000005329e-01
3.279099999999999909e+03,7.703247070312500000e+01,2.812499999999973355e-02,1.565750000000000064e+01,-6.070312500000074607e-02
3.279199999999999818e+03,7.712402343750000000e+01,5.624999999999769074e-03,1.563499999999999979e+01,-1.804687500000046185e-02
3.279300000000000182e+03,7.725219726562500000e+01,5.062500000000014211e-02,1.541999999999999993e+01,-7.656250000001030287e-03
3.279400000000000091e+03,7.679443359375000000e+01,6.812499999999976907e-02,1.562999999999999901e+01,-5.687500000000067502e-02
3.279500000000000000e+03,7.611694335937500000e+01,5.624999999999769074e-03,1.563499999999999979e+01,5.468749999995026201e-04
3.279599999999999909e+03,7.578735351562500000e+01,5.624999999999769074e-03,1.552500000000000036e+01,-3.773437500000031974e-02
3.279699999999999818e+03,7.593383789062500000e+01,2.062499999999989342e-02,1.580250000000000021e+01,-3.773437500000031974e-02
3.279800000000000182e+03,7.608032226562500000e+01,5.812499999999998224e-02,1.564000000000000057e+01,-2.515625000000110134e-02
3.279900000000000091e+03,7.468872070312500000e+01,-2.012499999999999289e-01,1.568999999999999950e+01,-6.343750000000092371e-02
3.280000000000000000e+03,7.500000000000000000e+01,5.562500000000003553e-02,1.569749999999999979e+01,8.203124999999644729e-03
3.280099999999999909e+03,7.468872070312500000e+01,3.062500000000012434e-02,1.564749999999999908e+01,-3.718750000000081712e-02
3.280199999999999818e+03,7.479858398437500000e+01,2.062499999999989342e-02,1.547000000000000064e+01,2.789062499999950262e-02
3.280300000000000182e+03,7.459716796875000000e+01,3.124999999999822364e-03,1.534750000000000014e+01,-3.664062500000042633e-02
3.280400000000000091e+03,7.355346679687500000e+01,5.062500000000014211e-02,1.579250000000000043e+01,-6.015625000000746070e-03
3.280500000000000000e+03,7.399291992187500000e+01,4.062499999999991118e-02,1.549000000000000021e+01,1.367187499999911182e-02
3.280599999999999909e+03,7.371826171875000000e+01,3.062500000000012434e-02,1.569999999999999929e+01,2.734374999999289457e-03
3.280699999999999818e+03,7.382812500000000000e+01,8.062499999999994671e-02,1.575249999999999950e+01,-6.890625000000039080e-02
3.280800000000000182e+03,7.296752929687500000e+01,3.562500000000001776e-02,1.537999999999999901e+01,-3.226562500000085265e-02
3.280900000000000091e+03,7.238159179687500000e+01,4.062499999999991118e-02,1.536749999999999972e+01,-4.375000000000106581e-02
3.281000000000000000e+03,7.283935546875000000e+01,4.562499999999980460e-02,1.569749999999999979e+01,-3.609375000000092371e-02
3.281099999999999909e+03,7.260131835937500000e+01,4.562499999999980460e-02,1.564749999999999908e+01,1.859374999999907629e-02
3.281199999999999818e+03,7.216186523437500000e+01,5.312500000000008882e-02,1.556000000000000050e+01,-2.515625000000110134e-02
3.281300000000000182e+03,7.188720703125000000e+01,6.562499999999982236e-02,1.565000000000000036e+01,2.296874999999953815e-02
3.281400000000000091e+03,7.144775390625000000e+01,4.062499999999991118e-02,1.570999999999999908e+01,-3.828125000000071054e-02
3.281500000000000000e+03,7.190551757812500000e+01,-2.937499999999992895e-02,1.551999999999999957e+01,-5.085937500000081712e-02
3.281599999999999909e+03,7.159423828125000000e+01,1.062500000000010658e-02,1.589250000000000007e+01,-3.171875000000046185e-02
3.281699999999999818e+03,7.077026367187500000e+01,-4.375000000000017764e-03,1.550999999999999979e+01,-6.179687500000063949e-02
3.281800000000000182e+03,7.084350585937500000e+01,2.312499999999984013e-02,1.576750000000000007e+01,-5.523437500000039080e-02
3.281900000000000091e+03,7.040405273437500000e+01,3.812499999999996447e-02,1.567499999999999893e+01,-5.085937500000081712e-02
3.282000000000000000e+03,7.088012695312500000e+01,3.562500000000001776e-02,1.563749999999999929e+01,-3.500000000000103029e-02
3.282099999999999909e+03,6.985473632812500000e+01,4.312499999999985789e-02,1.569500000000000028e+01,-2.953125000000067502e-02
3.282199999999999818e+03,6.970825195312500000e+01,3.812499999999996447e-02,1.560999999999999943e+01,1.749999999999918288e-02
3.282300000000000182e+03,6.985473632812500000e+01,4.562499999999980460e-02,1.556000000000000050e+01,-3.554687500000053291e-02
3.282400000000000091e+03,6.945190429687500000e+01,6.812499999999976907e-02,1.554749999999999943e+01,-9.843750000000817124e-03
3.282500000000000000e+03,6.967163085937500000e+01,4.812499999999975131e-02,1.584249999999999936e+01,-5.085937500000081712e-02
3.282599999999999909e+03,6.873779296875000000e+01,4.562499999999980460e-02,1.542999999999999972e+01,-1.859375000000085265e-02
3.282699999999999818e+03,6.881103515625000000e+01,4.812499999999975131e-02,1.556749999999999901e+01,3.226562499999907629e-02
3.282800000000000182e+03,6.895751953125000000e+01,4.812499999999975131e-02,1.558999999999999986e+01,-2.734375000000088818e-02
3.282900000000000091e+03,6.849975585937500000e+01,5.562500000000003553e-02,1.555749999999999922e+01,-6.945312500000078160e-02
3.283000000000000000e+03,6.817016601562500000e+01,4.062499999999991118e-02,1.558999999999999986e+01,4.320312499999889866e-02
3.283099999999999909e+03,6.780395507812500000e+01,6.062499999999992895e-02,1.552749999999999986e+01,-1.367187500000088818e-02
3.283199999999999818e+03,6.787719726562500000e+01,2.312499999999984013e-02,1.551999999999999957e+01,-4.101562500000088818e-02
3.283300000000000182e+03,6.809692382812500000e+01,5.312500000000008882e-02,1.563749999999999929e+01,-3.445312500000063949e-02
3.283400000000000091e+03,6.719970703125000000e+01,3.312500000000007105e-02,1.567750000000000021e+01,2.406249999999943157e-02
3.283500000000000000e+03,6.719970703125000000e+01,6.312499999999987566e-02,1.561749999999999972e+01,-1.804687500000046185e-02
3.283599999999999909e+03,6.690673828125000000e+01,5.812499999999998224e-02,1.550999999999999979e+01,-3.281250000000035527e-02
3.283699999999999818e+03,6.699829101562500000e+01,1.062500000000010658e-02,1.572000000000000064e+01,-1.093750000000071054e-02
3.283800000000000182e+03,6.712646484375000000e+01,2.312499999999984013e-02,1.554749999999999943e+01,-1.367187500000088818e-02
3.283900000000000091e+03,6.591796875000000000e+01,6.062499999999992895e-02,1.553999999999999915e+01,-4.648437500000035527e-02
3.284000000000000000e+03,6.626586914062500000e+01,7.062500000000015987e-02,1.553999999999999915e+01,-7.109375000000106581e-02
3.284099999999999909e+03,6.599121093750000000e+01,-2.499999999999991118e-02,1.560999999999999943e+01,-1.968750000000074607e-02
3.284199999999999818e+03,6.606445312500000000e+01,1.812499999999994671e-02,1.545999999999999908e+01,-1.640625000000284217e-03
3.284300000000000182e+03,6.557006835937500000e+01,7.062500000000015987e-02,1.569999999999999929e+01,-5.085937500000081712e-02
3.284400000000000091e+03,6.492919921875000000e+01,6.062499999999992895e-02,1.562749999999999950e+01,-5.468750000000355271e-03
3.284500000000000000e+03,6.538696289062500000e+01,1.812499999999994671e-02,1.568500000000000050e+01,-5.687500000000067502e-02
3.284599999999999909e+03,6.513061523437500000e+01,7.562500000000005329e-02,1.556499999999999950e+01,-6.234375000000103029e-02
3.284699999999999818e+03,6.513061523437500000e+01,3.562500000000001776e-02,1.556000000000000050e+01,1.203124999999971578e-02
3.284800000000000182e+03,6.458129882812500000e+01,6.062499999999992895e-02,1.572000000000000064e+01,-2.843750000000078160e-02
3.284900000000000091e+03,6.414184570312500000e+01,2.312499999999984013e-02,1.542999999999999972e+01,-5.414062500000049738e-02
3.285000000000000000e+03,6.454467773437500000e+01,3.562500000000001776e-02,1.559750000000000014e+01,-5.195312500000071054e-02
3.285099999999999909e+03,6.430664062500000000e+01,8.062499999999994671e-02,1.554749999999999943e+01,-4.046875000000049738e-02
3.285199999999999818e+03,6.373901367187500000e+01,3.562500000000001776e-02,1.559999999999999964e+01,-4.156250000000039080e-02
3.285300000000000182e+03,6.372070312500000000e+01,1.562500000000000000e-02,1.534999999999999964e+01,-1.695312500000056843e-02
3.285400000000000091e+03,6.331787109375000000e+01,2.812499999999973355e-02,1.550750000000000028e+01,-1.531250000000028422e-02
3.285500000000000000e+03,6.379394531250000000e+01,3.812499999999996447e-02,1.569999999999999929e+01,-5.468750000000088818e-02
3.285599999999999909e+03,6.322631835937500000e+01,6.062499999999992895e-02,1.564749999999999908e+01,-6.562500000000071054e-02
3.285699999999999818e+03,6.271362304687500000e+01,2.812499999999973355e-02,1.544749999999999979e+01,-2.843750000000078160e-02
3.285800000000000182e+03,6.278686523437500000e+01,3.124999999999822364e-03,1.578999999999999915e+01,-1.695312500000056843e-02
3.285900000000000091e+03,6.242065429687500000e+01,1.812499999999994671e-02,1.552999999999999936e+01,-2.515625000000110134e-02
3.286000000000000000e+03,6.282348632812500000e+01,6.562499999999982236e-02,1.575249999999999950e+01,-2.734375000001065814e-03
3.286099999999999909e+03,6.199951171875000000e+01,7.312500000000010658e-02,1.549000000000000021e+01,-7.218750000000095923e-02
3.286199999999999818e+03,6.199951171875000000e+01,1.600000000000001421e-01,1.559999999999999964e+01,-3.445312500000063949e-02
3.286300000000000182e+03,6.212768554687500000e+01,1.281249999999998224e-01,1.556000000000000050e+01,-6.453125000000081712e-02
3.286400000000000091e+03,6.168823242187500000e+01,1.062500000000010658e-02,1.563499999999999979e+01,-3.992187500000099476e-02
3.286500000000000000e+03,6.165161132812500000e+01,4.062499999999991118e-02,1.559750000000000014e+01,-4.921875000000053291e-02
3.286599999999999909e+03,6.113891601562500000e+01,3.562500000000001776e-02,1.595749999999999957e+01,-7.382812500000035527e-02
3.286699999999999818e+03,6.117553710937500000e+01,4.312499999999985789e-02,1.588749999999999929e+01,-2.515625000000110134e-02
3.286800000000000182e+03,6.130371093750000000e+01,6.562499999999982236e-02,1.559750000000000014e+01,-1.093750000000781597e-03
3.286900000000000091e+03,6.090087890625000000e+01,7.125000000000003553e-02,1.548749999999999893e+01,-8.531250000000056843e-02
3.287000000000000000e+03,6.055297851562500000e+01,3.312500000000007105e-02,1.580749999999999922e+01,-3.773437500000031974e-02
3.287099999999999909e+03,6.029663085937500000e+01,4.562499999999980460e-02,1.537749999999999950e+01,-6.015625000000746070e-03
3.287199999999999818e+03,6.036987304687500000e+01,6.812499999999976907e-02,1.541000000000000014e+01,-5.195312500000071054e-02
3.287300000000000182e+03,6.051635742187500000e+01,2.812499999999973355e-02,1.539749999999999908e+01,-5.523437500000039080e-02
3.287400000000000091e+03,5.958251953125000000e+01,2.812499999999973355e-02,1.566750000000000043e+01,-5.468750000000088818e-02
3.287500000000000000e+03,5.985717773437500000e+01,4.562499999999980460e-02,1.574000000000000021e+01,-5.304687500000060396e-02
3.287599999999999909e+03,5.963745117187500000e+01,3.312500000000007105e-02,1.565000000000000036e+01,1.640624999999928946e-02
3.287699999999999818e+03,5.969238281250000000e+01,4.562499999999980460e-02,1.560749999999999993e+01,-3.335937500000074607e-02
3.287800000000000182e+03,5.967407226562500000e+01,7.062500000000015987e-02,1.575750000000000028e+01,-2.515625000000110134e-02
3.287900000000000091e+03,5.874023437500000000e+01,4.312499999999985789e-02,1.555749999999999922e+01,-4.320312500000067502e-02
3.288000000000000000e+03,5.912475585937500000e+01,4.812499999999975131e-02,1.569999999999999929e+01,-8.203125000000532907e-03
3.288099999999999909e+03,5.892333984375000000e+01,4.812499999999975131e-02,1.573749999999999893e+01,-7.710937500000092371e-02
3.288199999999999818e+03,5.899658203125000000e+01,4.562499999999980460e-02,1.555499999999999972e+01,-2.023437500000024869e-02
3.288300000000000182e+03,5.850219726562500000e+01,3.562500000000001776e-02,1.538749999999999929e+01,-4.210937500000078160e-02
3.288400000000000091e+03,5.806274414062500000e+01,5.812499999999998224e-02,1.547000000000000064e+01,-3.281250000000568434e-03
3.288500000000000000e+03,5.842895507812500000e+01,4.812499999999975131e-02,1.553749999999999964e+01,-4.210937500000078160e-02
3.288599999999999909e+03,5.822753906250000000e+01,1.812499999999994671e-02,1.554749999999999943e+01,-6.015625000000746070e-03
3.288699999999999818e+03,5.789794921875000000e+01,4.312499999999985789e-02,1.566000000000000014e+01,-2.296875000000042633e-02
3.288800000000000182e+03,5.773315429687500000e+01,4.062499999999991118e-02,1.567750000000000021e+01,-6.343750000000092371e-02
3.288900000000000091e+03,5.734863281250000000e+01,2.812499999999973355e-02,1.566000000000000014e+01,-3.664062500000042633e-02
3.289000000000000000e+03,5.771484375000000000e+01,2.562499999999978684e-02,1.545749999999999957e+01,-2.734375000001065814e-03
3.289099999999999909e+03,5.755004882812500000e+01,2.562499999999978684e-02,1.541750000000000043e+01,1.093749999999893419e-02
3.289199999999999818e+03,5.692749023437500000e+01,5.062500000000014211e-02,1.585500000000000043e+01,-5.304687500000060396e-02
3.289300000000000182e+03,5.701904296875000000e+01,5.312500000000008882e-02,1.568999999999999950e+01,-4.648437500000035527e-02
3.289400000000000091e+03,5.667114257812500000e+01,1.812499999999994671e-02,1.583499999999999908e+01,-5.468750000000355271e-03
3.289500000000000000e+03,5.703735351562500000e+01,2.812499999999973355e-02,1.574750000000000050e+01,-6.015625000000035527e-02
3.289599999999999909e+03,5.639648437500000000e+01,5.062500000000014211e-02,1.556749999999999901e+01,-2.679687500000049738e-02
3.289699999999999818e+03,5.628662109375000000e+01,-1.875000000000071054e-03,1.542750000000000021e+01,-5.250000000000110134e-02
3.289800000000000182e+03,5.643310546875000000e+01,4.312499999999985789e-02,1.569500000000000028e+01,-4.703125000000074607e-02
3.289900000000000091e+03,5.601196289062500000e+01,6.062499999999992895e-02,1.577999999999999936e+01,2.734374999999289457e-03
3.290000000000000000e+03,5.634155273437500000e+01,4.562499999999980460e-02,1.553999999999999915e+01,-2.132812500000103029e-02
3.290099999999999909e+03,5.555419921875000000e+01,6.312499999999987566e-02,1.560749999999999993e+01,-7.820312500000081712e-02
3.290199999999999818e+03,5.557250976562500000e+01,5.562500000000003553e-02,1.560749999999999993e+01,-5.851562500000095923e-02
3.290300000000000182e+03,5.570068359375000000e+01,7.062500000000015987e-02,1.549000000000000021e+01,-1.531250000000028422e-02
3.290400000000000091e+03,5.535278320312500000e+01,3.312500000000007105e-02,1.530749999999999922e+01,-4.539062500000046185e-02
3.290500000000000000e+03,5.522460937500000000e+01,6.062499999999992895e-02,1.567750000000000021e+01,-3.500000000000103029e-02
3.290599999999999909e+03,5.494995117187500000e+01,4.812499999999975131e-02,1.570999999999999908e+01,2.734374999999289457e-03
3.290699999999999818e+03,5.496826171875000000e+01,4.312499999999985789e-02,1.559750000000000014e+01,-7.000000000000028422e-02
3.290800000000000182e+03,5.509643554687500000e+01,1.812499999999994671e-02,1.577999999999999936e+01,-4.265625000000028422e-02
3.290900000000000091e+03,5.449218750000000000e+01,4.562499999999980460e-02,1.580250000000000021e+01,-5.468750000000355271e-03
3.291000000000000000e+03,5.452880859375000000e+01,2.312499999999984013e-02,1.566999999999999993e+01,-2.570312500000060396e-02
3.291099999999999909e+03,5.432739257812500000e+01,4.562499999999980460e-02,1.566000000000000014e+01,5.468749999995026201e-04
3.291199999999999818e+03,5.440063476562500000e+01,2.562499999999978684e-02,1.545749999999999957e+01,-2.789062500000039080e-02
3.291300000000000182e+03,5.449218750000000000e+01,4.562499999999980460e-02,1.555499999999999972e+01,-7.000000000000028422e-02
3.291400000000000091e+03,5.359497070312500000e+01,1.062500000000010658e-02,1.584500000000000064e+01,-4.484375000000095923e-02
3.291500000000000000e+03,5.392456054687500000e+01,2.812499999999973355e-02,1.557750000000000057e+01,-3.828125000000071054e-02
3.291599999999999909e+03,5.377807617187500000e+01,7.312500000000010658e-02,1.575000000000000000e+01,-6.726562500000099476e-02
3.291699999999999818e+03,5.377807617187500000e+01,6.312499999999987566e-02,1.562749999999999950e+01,-9.132812500000042633e-02
3.291800000000000182e+03,5.354003906250000000e+01,5.812499999999998224e-02,1.559999999999999964e+01,-6.070312500000074607e-02
3.291900000000000091e+03,5.293579101562500000e+01,4.812499999999975131e-02,1.556749999999999901e+01,-4.156250000000039080e-02
3.292000000000000000e+03,5.328369140625000000e+01,6.312499999999987566e-02,1.561999999999999922e+01,-3.445312500000063949e-02
3.292099999999999909e+03,5.317382812500000000e+01,2.812499999999973355e-02,1.558499999999999908e+01,-8.914062500000063949e-02
3.292199999999999818e+03,5.317382812500000000e+01,5.312500000000008882e-02,1.538749999999999929e+01,-8.039062500000060396e-02
3.292300000000000182e+03,5.332031250000000000e+01,6.062499999999992895e-02,1.561749999999999972e+01,-4.484375000000095923e-02
3.292400000000000091e+03,5.295410156250000000e+01,6.312499999999987566e-02,1.563499999999999979e+01,-4.593750000000085265e-02
3.292500000000000000e+03,5.333862304687500000e+01,5.312500000000008882e-02,1.542750000000000021e+01,-5.523437500000039080e-02
3.292599999999999909e+03,5.315551757812500000e+01,4.312499999999985789e-02,1.548000000000000043e+01,-6.617187500000110134e-02
3.292699999999999818e+03,5.317382812500000000e+01,3.312500000000007105e-02,1.556000000000000050e+01,-4.101562500000088818e-02
3.292800000000000182e+03,5.326538085937500000e+01,5.062500000000014211e-02,1.550750000000000028e+01,1.476562499999900524e-02
3.292900000000000091e+03,5.295410156250000000e+01,5.312500000000008882e-02,1.562749999999999950e+01,-3.937500000000060396e-02
3.293000000000000000e+03,5.330200195312500000e+01,5.812499999999998224e-02,1.560749999999999993e+01,-1.968750000000074607e-02
3.293099999999999909e+03,5.322875976562500000e+01,2.062499999999989342e-02,1.538499999999999979e+01,-8.750000000000923706e-03
3.293199999999999818e+03,5.357666015625000000e+01,4.312499999999985789e-02,1.535999999999999943e+01,-2.625000000000099476e-02
3.293300000000000182e+03,5.374145507812500000e+01,4.134999999999999787e+00,1.558999999999999986e+01,1.936265625000000057e+01
3.293400000000000091e+03,5.332031250000000000e+01,2.947499999999999787e+00,1.560749999999999993e+01,1.550117187500000071e+01
3.293500000000000000e+03,5.372314453125000000e+01,2.977500000000000036e+00,1.557000000000000028e+01,1.544484375000000043e+01
3.293599999999999909e+03,5.520629882812500000e+01,2.995000000000000107e+00,1.547000000000000064e+01,1.550828125000000135e+01
3.293699999999999818e+03,5.544433593750000000e+01,2.950000000000000178e+00,1.585999999999999943e+01,1.550500000000000078e+01
3.293800000000000182e+03,5.557250976562500000e+01,2.967499999999999805e+00,1.575000000000000000e+01,1.555968750000000078e+01
3.293900000000000091e+03,5.524291992187500000e+01,2.992500000000000160e+00,1.564749999999999908e+01,1.544375000000000142e+01
3.294000000000000000e+03,5.738525390625000000e+01,2.932500000000000107e+00,1.559999999999999964e+01,1.547765625000000078e+01
3.294099999999999909e+03,5.842895507812500000e+01,3.002499999999999947e+00,1.552749999999999986e+01,1.543937500000000007e+01
3.294199999999999818e+03,5.853881835937500000e+01,2.975000000000000089e+00,1.556749999999999901e+01,1.544101562500000036e+01
3.294300000000000182e+03,5.870361328125000000e+01,2.975000000000000089e+00,1.528999999999999915e+01,1.549843750000000142e+01
3.294400000000000091e+03,5.831909179687500000e+01,3.024999999999999911e+00,1.555499999999999972e+01,1.551101562500000064e+01
3.294500000000000000e+03,6.258544921875000000e+01,3.020000000000000018e+00,1.552749999999999986e+01,1.550281250000000099e+01
3.294599999999999909e+03,6.256713867187500000e+01,3.009999999999999787e+00,1.547000000000000064e+01,1.552523437500000014e+01
3.294699999999999818e+03,6.267700195312500000e+01,3.037500000000000089e+00,1.544999999999999929e+01,1.547765625000000078e+01
3.294800000000000182e+03,6.278686523437500000e+01,3.049999999999999822e+00,1.566999999999999993e+01,1.544429687500000092e+01
3.294900000000000091e+03,6.560668945312500000e+01,3.042499999999999982e+00,1.545749999999999957e+01,1.543062500000000092e+01
3.295000000000000000e+03,6.696166992187500000e+01,3.075000000000000178e+00,1.562999999999999901e+01,1.552742187499999993e+01
3.295099999999999909e+03,6.668701171875000000e+01,3.089999999999999858e+00,1.558750000000000036e+01,1.548257812500000163e+01
3.295199999999999818e+03,6.681518554687500000e+01,3.069999999999999840e+00,1.567249999999999943e+01,1.549679687500000114e+01
3.295300000000000182e+03,6.778564453125000000e+01,3.120000000000000107e+00,1.560749999999999993e+01,1.548750000000000071e+01
3.295400000000000091e+03,6.992797851562500000e+01,3.092499999999999805e+00,1.525750000000000028e+01,1.548148437500000085e+01
3.295500000000000000e+03,7.045898437500000000e+01,3.122500000000000053e+00,1.574000000000000021e+01,1.547656250000000000e+01
3.295599999999999909e+03,7.022094726562500000e+01,3.107499999999999929e+00,1.561999999999999922e+01,1.553179687500000128e+01
3.295699999999999818e+03,7.033081054687500000e+01,3.104999999999999982e+00,1.550750000000000028e+01,1.549515625000000085e+01
3.295800000000000182e+03,7.294921875000000000e+01,3.109999999999999876e+00,1.568750000000000000e+01,1.546015625000000071e+01
3.295900000000000091e+03,7.287597656250000000e+01,3.147499999999999964e+00,1.552999999999999936e+01,1.539289062500000149e+01
3.296000000000000000e+03,7.338867187500000000e+01,3.169999999999999929e+00,1.564000000000000057e+01,1.551320312500000043e+01
3.296099999999999909e+03,7.307739257812500000e+01,3.122500000000000053e+00,1.548000000000000043e+01,1.546835937500000036e+01
3.296199999999999818e+03,7.459716796875000000e+01,3.132499999999999840e+00,1.554749999999999943e+01,1.542242187500000128e+01
3.296300000000000182e+03,7.597045898437500000e+01,3.134999999999999787e+00,1.570999999999999908e+01,1.546398437500000078e+01
3.296400000000000091e+03,7.554931640625000000e+01,3.129999999999999893e+00,1.577999999999999936e+01,1.552359375000000163e+01
3.296500000000000000e+03,7.606201171875000000e+01,3.160000000000000142e+00,1.580499999999999972e+01,1.545906249999999993e+01
3.296599999999999909e+03,7.580566406250000000e+01,3.157500000000000195e+00,1.559999999999999964e+01,1.553617187500000085e+01
3.296699999999999818e+03,7.827758789062500000e+01,3.197499999999999787e+00,1.545999999999999908e+01,1.552359375000000163e+01
3.296800000000000182e+03,7.844238281250000000e+01,3.229999999999999982e+00,1.551750000000000007e+01,1.550718750000000057e+01
3.296900000000000091e+03,7.813110351562500000e+01,3.197499999999999787e+00,1.565000000000000036e+01,1.544703125000000021e+01
3.297000000000000000e+03,7.868041992187500000e+01,3.207500000000000018e+00,1.575999999999999979e+01,1.545140625000000156e+01
3.297099999999999909e+03,7.999877929687500000e+01,3.214999999999999858e+00,1.540750000000000064e+01,1.547765625000000078e+01
3.297199999999999818e+03,8.084106445312500000e+01,3.200000000000000178e+00,1.576750000000000007e+01,1.546179687500000099e+01
3.297300000000000182e+03,8.087768554687500000e+01,3.217499999999999805e+00,1.552749999999999986e+01,1.543062500000000092e+01
3.297400000000000091e+03,8.031005859375000000e+01,3.220000000000000195e+00,1.553749999999999964e+01,1.550992187500000163e+01
3.297500000000000000e+03,8.129882812500000000e+01,3.247500000000000053e+00,1.553749999999999964e+01,1.547929687500000107e+01
3.297599999999999909e+03,8.256225585937500000e+01,3.240000000000000213e+00,1.564000000000000057e+01,1.551921875000000028e+01
3.297699999999999818e+03,8.292846679687500000e+01,3.222500000000000142e+00,1.553749999999999964e+01,1.546781250000000085e+01
3.297800000000000182e+03,8.303833007812500000e+01,3.245000000000000107e+00,1.574000000000000021e+01,1.540601562500000021e+01
3.297900000000000091e+03,8.261718750000000000e+01,3.247500000000000053e+00,1.558000000000000007e+01,1.542187500000000000e+01
3.298000000000000000e+03,8.496093750000000000e+01,3.262500000000000178e+00,1.547000000000000064e+01,1.545250000000000057e+01
3.298099999999999909e+03,8.481445312500000000e+01,3.297499999999999876e+00,1.541750000000000043e+01,1.550882812500000085e+01
3.298199999999999818e+03,8.503417968750000000e+01,3.267500000000000071e+00,1.568999999999999950e+01,1.544867187500000050e+01
3.298300000000000182e+03,8.516235351562500000e+01,3.305000000000000160e+00,1.577999999999999936e+01,1.547765625000000078e+01
3.298400000000000091e+03,8.576660156250000000e+01,3.297499999999999876e+00,1.575999999999999979e+01,1.544867187500000050e+01
3.298500000000000000e+03,8.719482421875000000e+01,3.282500000000000195e+00,1.547000000000000064e+01,1.546070312500000021e+01
3.298599999999999909e+03,8.686523437500000000e+01,3.297499999999999876e+00,1.557000000000000028e+01,1.552140625000000007e+01
3.298699999999999818e+03,8.708496093750000000e+01,3.325000000000000178e+00,1.536749999999999972e+01,1.548312500000000114e+01
3.298800000000000182e+03,8.717651367187500000e+01,3.365000000000000213e+00,1.565000000000000036e+01,1.546453125000000028e+01
3.298900000000000091e+03,8.860473632812500000e+01,3.294999999999999929e+00,1.546749999999999936e+01,1.546289062500000000e+01
3.299000000000000000e+03,8.920898437500000000e+01,3.337499999999999911e+00,1.578999999999999915e+01,1.543281250000000071e+01
3.299099999999999909e+03,8.880615234375000000e+01,3.285000000000000142e+00,1.545999999999999908e+01,1.553781250000000114e+01
3.299199999999999818e+03,8.902587890625000000e+01,3.365000000000000213e+00,1.567999999999999972e+01,1.542898437500000064e+01
3.299300000000000182e+03,9.058227539062500000e+01,3.027499999999999858e+00,1.562999999999999901e+01,1.542460937500000107e+01
3.299400000000000091e+03,9.061889648437500000e+01,3.354999999999999982e+00,1.556749999999999901e+01,1.550609375000000156e+01
3.299500000000000000e+03,9.118652343750000000e+01,3.357499999999999929e+00,1.545500000000000007e+01,1.546945312500000114e+01
3.299599999999999909e+03,9.071044921875000000e+01,3.387500000000000178e+00,1.583750000000000036e+01,1.545359375000000135e+01
3.299699999999999818e+03,9.131469726562500000e+01,3.382499999999999840e+00,1.566999999999999993e+01,1.545796875000000092e+01
3.299800000000000182e+03,9.279785156250000000e+01,3.457500000000000018e+00,1.564000000000000057e+01,1.547929687500000107e+01
3.299900000000000091e+03,9.244995117187500000e+01,3.384999999999999787e+00,1.545500000000000007e+01,1.546343750000000128e+01
3.300000000000000000e+03,9.296264648437500000e+01,3.370000000000000107e+00,1.554999999999999893e+01,1.543664062500000078e+01
3.300099999999999909e+03,9.254150390625000000e+01,3.367500000000000160e+00,1.573749999999999893e+01,1.546070312500000021e+01
3.300199999999999818e+03,9.439086914062500000e+01,3.412500000000000089e+00,1.546499999999999986e+01,1.548257812500000163e+01
3.300300000000000182e+03,9.466552734375000000e+01,3.422499999999999876e+00,1.562999999999999901e+01,1.548421875000000014e+01
3.300400000000000091e+03,9.424438476562500000e+01,3.439999999999999947e+00,1.558000000000000007e+01,1.547820312500000028e+01
3.300500000000000000e+03,9.477539062500000000e+01,3.442499999999999893e+00,1.553999999999999915e+01,1.546234375000000050e+01
3.300599999999999909e+03,9.525146484375000000e+01,3.444999999999999840e+00,1.556000000000000050e+01,1.547000000000000064e+01
3.300699999999999818e+03,9.638671875000000000e+01,3.462499999999999911e+00,1.564000000000000057e+01,1.547656250000000000e+01
3.300800000000000182e+03,9.644165039062500000e+01,3.464999999999999858e+00,1.575000000000000000e+01,1.549078125000000128e+01
3.300900000000000091e+03,9.602050781250000000e+01,3.384999999999999787e+00,1.537749999999999950e+01,1.548804687500000021e+01
3.301000000000000000e+03,9.658813476562500000e+01,3.467500000000000249e+00,1.566000000000000014e+01,1.547492187500000149e+01
3.301099999999999909e+03,9.766845703125000000e+01,3.462499999999999911e+00,1.544999999999999929e+01,1.542679687500000085e+01
3.301199999999999818e+03,9.810791015625000000e+01,3.484999999999999876e+00,1.567999999999999972e+01,1.545578125000000114e+01
3.301300000000000182e+03,9.816284179687500000e+01,3.507500000000000284e+00,1.563749999999999929e+01,1.541750000000000043e+01
3.301400000000000091e+03,9.774169921875000000e+01,3.490000000000000213e+00,1.562999999999999901e+01,1.541859375000000121e+01
3.301500000000000000e+03,9.970092773437500000e+01,3.464999999999999858e+00,1.556000000000000050e+01,1.551867187500000078e+01
3.301599999999999909e+03,9.957275390625000000e+01,3.502499999999999947e+00,1.534750000000000014e+01,1.554929687500000135e+01
3.301699999999999818e+03,9.990234375000000000e+01,3.509999999999999787e+00,1.555749999999999922e+01,1.544375000000000142e+01
3.301800000000000182e+03,9.997558593750000000e+01,3.549999999999999822e+00,1.540000000000000036e+01,1.548039062500000007e+01
3.301900000000000091e+03,1.000305175781250000e+02,3.537500000000000089e+00,1.576999999999999957e+01,1.546343750000000128e+01
3.302000000000000000e+03,1.017150878906250000e+02,3.535000000000000142e+00,1.548000000000000043e+01,1.541585937500000014e+01
3.302099999999999909e+03,1.012573242187500000e+02,3.557500000000000107e+00,1.550000000000000000e+01,1.546726562500000135e+01
3.302199999999999818e+03,1.016235351562500000e+02,3.557500000000000107e+00,1.556000000000000050e+01,1.551046875000000114e+01
3.302300000000000182e+03,1.016784667968750000e+02,3.567499999999999893e+00,1.553749999999999964e+01,1.540054687500000163e+01
3.302400000000000091e+03,1.027587890625000000e+02,3.557500000000000107e+00,1.559999999999999964e+01,1.542460937500000107e+01
3.302500000000000000e+03,1.034912109375000000e+02,3.587499999999999911e+00,1.551999999999999957e+01,1.547164062500000092e+01
3.302599999999999909e+03,1.029602050781250000e+02,3.567499999999999893e+00,1.550750000000000028e+01,1.547710937500000128e+01
3.302699999999999818e+03,1.033264160156250000e+02,3.580000000000000071e+00,1.549000000000000021e+01,1.543773437500000156e+01
3.302800000000000182e+03,1.044067382812500000e+02,3.582500000000000018e+00,1.572000000000000064e+01,1.543226562500000121e+01
3.302900000000000091e+03,1.046081542968750000e+02,3.592500000000000249e+00,1.562999999999999901e+01,1.541804687499999993e+01
3.303000000000000000e+03,1.051940917968750000e+02,3.604999999999999982e+00,1.549000000000000021e+01,1.545304687500000007e+01
3.303099999999999909e+03,1.046630859375000000e+02,3.620000000000000107e+00,1.544999999999999929e+01,1.545632812500000064e+01
3.303199999999999818e+03,1.050292968750000000e+02,3.615000000000000213e+00,1.558750000000000036e+01,1.550992187500000163e+01
3.303300000000000182e+03,1.066772460937500000e+02,3.617500000000000160e+00,1.540000000000000036e+01,1.548585937500000043e+01
3.303400000000000091e+03,1.063659667968750000e+02,3.615000000000000213e+00,1.568500000000000050e+01,1.549625000000000163e+01
3.303500000000000000e+03,1.068969726562500000e+02,3.642500000000000071e+00,1.562999999999999901e+01,1.550281250000000099e+01
3.303599999999999909e+03,1.063659667968750000e+02,3.660000000000000142e+00,1.544999999999999929e+01,1.541914062500000071e+01
3.303699999999999818e+03,1.082336425781250000e+02,3.640000000000000124e+00,1.541999999999999993e+01,1.549132812500000078e+01
3.303800000000000182e+03,1.085632324218750000e+02,3.669999999999999929e+00,1.553999999999999915e+01,1.542242187500000128e+01
3.303900000000000091e+03,1.081787109375000000e+02,3.685000000000000053e+00,1.558499999999999908e+01,1.548039062500000007e+01
3.304000000000000000e+03,1.087280273437500000e+02,3.674999999999999822e+00,1.565750000000000064e+01,1.547492187500000149e+01
3.304099999999999909e+03,1.088012695312500000e+02,3.657499999999999751e+00,1.569749999999999979e+01,1.549023437500000000e+01
3.304199999999999818e+03,1.102294921875000000e+02,3.697499999999999787e+00,1.554999999999999893e+01,1.543171874999999993e+01
3.304300000000000182e+03,1.102478027343750000e+02,3.700000000000000178e+00,1.569999999999999929e+01,1.544976562500000128e+01
3.304400000000000091e+03,1.098632812500000000e+02,3.702500000000000124e+00,1.551999999999999957e+01,1.549242187500000156e+01
3.304500000000000000e+03,1.104125976562500000e+02,3.742500000000000160e+00,1.558000000000000007e+01,1.547054687500000014e+01
3.304599999999999909e+03,1.113830566406250000e+02,3.719999999999999751e+00,1.571749999999999936e+01,1.550117187500000071e+01
3.304699999999999818e+03,1.119323730468750000e+02,3.770000000000000018e+00,1.547000000000000064e+01,1.545851562500000043e+01
3.304800000000000182e+03,1.119689941406250000e+02,3.747500000000000053e+00,1.536999999999999922e+01,1.543226562500000121e+01
3.304900000000000091e+03,1.115295410156250000e+02,3.740000000000000213e+00,1.561999999999999922e+01,1.544539062499999993e+01
3.305000000000000000e+03,1.132690429687500000e+02,3.774999999999999911e+00,1.554749999999999943e+01,1.547929687500000107e+01
3.305099999999999909e+03,1.131958007812500000e+02,3.807500000000000107e+00,1.554999999999999893e+01,1.544429687500000092e+01
3.305199999999999818e+03,1.136535644531250000e+02,3.797499999999999876e+00,1.554999999999999893e+01,1.552085937500000057e+01
3.305300000000000182e+03,1.136718750000000000e+02,3.832500000000000018e+00,1.549750000000000050e+01,1.544539062499999993e+01
3.305400000000000091e+03,1.134521484375000000e+02,3.812500000000000000e+00,1.565750000000000064e+01,1.547218750000000043e+01
3.305500000000000000e+03,1.155761718750000000e+02,3.865000000000000213e+00,1.538749999999999929e+01,1.543718750000000028e+01
3.305599999999999909e+03,1.150085449218750000e+02,3.844999999999999751e+00,1.560999999999999943e+01,1.548640624999999993e+01
3.305699999999999818e+03,1.154663085937500000e+02,3.859999999999999876e+00,1.556000000000000050e+01,1.547710937500000128e+01
3.305800000000000182e+03,1.154479980468750000e+02,3.879999999999999893e+00,1.566000000000000014e+01,1.548312500000000114e+01
3.305900000000000091e+03,1.165100097656250000e+02,3.892500000000000071e+00,1.553999999999999915e+01,1.549078125000000128e+01
3.306000000000000000e+03,1.173156738281250000e+02,3.922499999999999876e+00,1.549499999999999922e+01,1.549351562500000057e+01
3.306099999999999909e+03,1.166931152343750000e+02,3.887500000000000178e+00,1.558999999999999986e+01,1.538578125000000085e+01
3.306199999999999818e+03,1.172058105468750000e+02,3.924999999999999822e+00,1.547000000000000064e+01,1.544101562500000036e+01
3.306300000000000182e+03,1.180114746093750000e+02,3.947499999999999787e+00,1.549000000000000021e+01,1.546125000000000149e+01
3.306400000000000091e+03,1.184875488281250000e+02,3.962499999999999911e+00,1.563749999999999929e+01,1.547218750000000043e+01
3.306500000000000000e+03,1.191284179687500000e+02,3.932500000000000107e+00,1.524750000000000050e+01,1.542242187500000128e+01
3.306599999999999909e+03,1.185058593750000000e+02,3.972500000000000142e+00,1.541750000000000043e+01,1.543500000000000050e+01
3.306699999999999818e+03,1.190002441406250000e+02,3.987499999999999822e+00,1.557000000000000028e+01,1.549242187500000156e+01
3.306800000000000182e+03,1.207580566406250000e+02,4.015000000000000568e+00,1.551999999999999957e+01,1.545140625000000156e+01
3.306900000000000091e+03,1.204833984375000000e+02,4.035000000000000142e+00,1.581499999999999950e+01,1.543937500000000007e+01
3.307000000000000000e+03,1.210693359375000000e+02,4.049999999999999822e+00,1.584500000000000064e+01,1.551976562500000156e+01
3.307099999999999909e+03,1.204284667968750000e+02,4.040000000000000036e+00,1.548000000000000043e+01,1.552031250000000107e+01
3.307199999999999818e+03,1.223327636718750000e+02,4.062500000000000000e+00,1.553500000000000014e+01,1.543882812500000057e+01
3.307300000000000182e+03,1.227722167968750000e+02,4.070000000000000284e+00,1.556000000000000050e+01,1.550773437500000007e+01
3.307400000000000091e+03,1.224060058593750000e+02,4.075000000000000178e+00,1.550999999999999979e+01,1.546179687500000099e+01
3.307500000000000000e+03,1.229736328125000000e+02,4.099999999999999645e+00,1.590750000000000064e+01,1.544429687500000092e+01
3.307599999999999909e+03,1.225158691406250000e+02,4.127499999999999503e+00,1.549000000000000021e+01,1.543445312500000099e+01
3.307699999999999818e+03,1.237060546875000000e+02,4.132500000000000284e+00,1.568999999999999950e+01,1.550281250000000099e+01
3.307800000000000182e+03,1.236328125000000000e+02,4.147499999999999964e+00,1.575000000000000000e+01,1.545031250000000078e+01
3.307900000000000091e+03,1.233215332031250000e+02,4.174999999999999822e+00,1.557499999999999929e+01,1.555203125000000064e+01
3.308000000000000000e+03,1.238342285156250000e+02,4.167500000000000426e+00,1.567999999999999972e+01,1.552140625000000007e+01
3.308099999999999909e+03,1.232299804687500000e+02,4.189999999999999503e+00,1.564749999999999908e+01,1.541914062500000071e+01
3.308199999999999818e+03,1.237426757812500000e+02,4.224999999999999645e+00,1.567999999999999972e+01,1.540601562500000021e+01
3.308300000000000182e+03,1.236694335937500000e+02,4.227500000000000036e+00,1.557000000000000028e+01,1.549515625000000085e+01
3.308400000000000091e+03,1.232849121093750000e+02,4.259999999999999787e+00,1.560749999999999993e+01,1.545906249999999993e+01
3.308500000000000000e+03,1.238525390625000000e+02,2.062499999999989342e-02,1.550999999999999979e+01,-6.289062500000053291e-02
3.308599999999999909e+03,1.232116699218750000e+02,6.562499999999982236e-02,1.550999999999999979e+01,-2.187500000000053291e-02
3.308699999999999818e+03,1.237426757812500000e+02,4.312499999999985789e-02,1.560749999999999993e+01,1.585937499999889866e-02
3.308800000000000182e+03,1.236694335937500000e+02,4.062499999999991118e-02,1.547000000000000064e+01,-1.531250000000028422e-02
3.308900000000000091e+03,1.233032226562500000e+02,5.312500000000008882e-02,1.564000000000000057e+01,-3.445312500000063949e-02
3.309000000000000000e+03,1.229919433593750000e+02,4.812499999999975131e-02,1.550999999999999979e+01,3.609374999999914735e-02
3.309099999999999909e+03,1.223327636718750000e+02,6.062499999999992895e-02,1.586749999999999972e+01,-1.367187500000088818e-02
3.309199999999999818e+03,1.227722167968750000e+02,2.312499999999984013e-02,1.561999999999999922e+01,-9.843750000000817124e-03
3.309300000000000182e+03,1.227905273437500000e+02,5.562500000000003553e-02,1.577749999999999986e+01,-2.898437500000028422e-02
3.309400000000000091e+03,1.203918457031250000e+02,6.812499999999976907e-02,1.572749999999999915e+01,-6.070312500000074607e-02
3.309500000000000000e+03,1.204650878906250000e+02,3.312500000000007105e-02,1.566000000000000014e+01,-5.359375000000099476e-02
3.309599999999999909e+03,1.198425292968750000e+02,4.562499999999980460e-02,1.564749999999999908e+01,-2.460937500000071054e-02
3.309699999999999818e+03,1.202819824218750000e+02,6.312499999999987566e-02,1.545999999999999908e+01,8.203124999999644729e-03
3.309800000000000182e+03,1.190368652343750000e+02,2.062499999999989342e-02,1.551750000000000007e+01,-3.007812500000106581e-02
3.309900000000000091e+03,1.161071777343750000e+02,5.062500000000014211e-02,1.596749999999999936e+01,-6.890625000000039080e-02
3.310000000000000000e+03,1.164550781250000000e+02,5.562500000000003553e-02,1.572000000000000064e+01,-1.257812500000099476e-02
3.310099999999999909e+03,1.159240722656250000e+02,5.312500000000008882e-02,1.562999999999999901e+01,-6.617187500000110134e-02
3.310199999999999818e+03,1.163818359375000000e+02,4.562499999999980460e-02,1.559999999999999964e+01,-2.789062500000039080e-02
3.310300000000000182e+03,1.127929687500000000e+02,3.562500000000001776e-02,1.568750000000000000e+01,-1.082812500000009948e-01
3.310400000000000091e+03,1.119873046875000000e+02,6.562499999999982236e-02,1.539000000000000057e+01,-5.851562500000095923e-02
3.310500000000000000e+03,1.125549316406250000e+02,3.312500000000007105e-02,1.581499999999999950e+01,-3.828125000000071054e-02
3.310599999999999909e+03,1.119689941406250000e+02,2.312499999999984013e-02,1.552749999999999986e+01,-7.492187500000024869e-02
3.310699999999999818e+03,1.102111816406250000e+02,7.562500000000005329e-02,1.534999999999999964e+01,-4.921875000000852651e-03
3.310800000000000182e+03,1.090209960937500000e+02,4.312499999999985789e-02,1.563749999999999929e+01,-2.789062500000039080e-02
3.310900000000000091e+03,1.086181640625000000e+02,6.562499999999982236e-02,1.553999999999999915e+01,-3.171875000000046185e-02
3.311000000000000000e+03,1.090759277343750000e+02,5.812499999999998224e-02,1.581749999999999901e+01,-5.960937500000085265e-02
3.311099999999999909e+03,1.085632324218750000e+02,3.562500000000001776e-02,1.566000000000000014e+01,-4.375000000000106581e-02
3.311199999999999818e+03,1.061828613281250000e+02,5.062500000000014211e-02,1.544999999999999929e+01,-1.968750000000074607e-02
3.311300000000000182e+03,1.061279296875000000e+02,4.812499999999975131e-02,1.570999999999999908e+01,-6.234375000000103029e-02
3.311400000000000091e+03,1.056701660156250000e+02,8.124999999999715783e-03,1.552749999999999986e+01,-3.445312500000063949e-02
3.311500000000000000e+03,1.061828613281250000e+02,4.312499999999985789e-02,1.582249999999999979e+01,-8.914062500000063949e-02
3.311599999999999909e+03,1.036376953125000000e+02,1.062500000000010658e-02,1.572000000000000064e+01,-3.882812500000110134e-02
3.311699999999999818e+03,1.035827636718750000e+02,1.562500000000000000e-02,1.562999999999999901e+01,-5.906250000000046185e-02
3.311800000000000182e+03,1.035827636718750000e+02,5.062500000000014211e-02,1.586500000000000021e+01,-1.968750000000074607e-02
3.311900000000000091e+03,1.031433105468750000e+02,6.062499999999992895e-02,1.550000000000000000e+01,-2.460937500000071054e-02
3.312000000000000000e+03,1.029235839843750000e+02,2.812499999999973355e-02,1.542750000000000021e+01,-3.007812500000106581e-02
3.312099999999999909e+03,1.009277343750000000e+02,2.062499999999989342e-02,1.554999999999999893e+01,-2.460937500000071054e-02
3.312199999999999818e+03,1.012390136718750000e+02,5.062500000000014211e-02,1.562999999999999901e+01,-3.992187500000099476e-02
3.312300000000000182e+03,1.012756347656250000e+02,3.062500000000012434e-02,1.565000000000000036e+01,-1.914062500000035527e-02
3.312400000000000091e+03,1.008544921875000000e+02,4.062499999999991118e-02,1.571749999999999936e+01,-6.562500000000248690e-03
3.312500000000000000e+03,9.959106445312500000e+01,7.312500000000010658e-02,1.567999999999999972e+01,-3.500000000000103029e-02
3.312599999999999909e+03,9.891357421875000000e+01,6.062499999999992895e-02,1.540000000000000036e+01,-2.132812500000103029e-02
3.312699999999999818e+03,9.926147460937500000e+01,3.124999999999822364e-03,1.549000000000000021e+01,-7.054687500000067502e-02
3.312800000000000182e+03,9.927978515625000000e+01,2.812499999999973355e-02,1.561749999999999972e+01,-8.585937500000095923e-02
3.312900000000000091e+03,9.761352539062500000e+01,5.562500000000003553e-02,1.548000000000000043e+01,-4.867187500000103029e-02
3.313000000000000000e+03,9.748535156250000000e+01,2.562499999999978684e-02,1.566000000000000014e+01,2.843749999999900524e-02
3.313099999999999909e+03,9.699096679687500000e+01,5.062500000000014211e-02,1.551500000000000057e+01,-7.328125000000085265e-02
3.313199999999999818e+03,9.730224609375000000e+01,4.062499999999991118e-02,1.573000000000000043e+01,-2.460937500000071054e-02
3.313300000000000182e+03,9.733886718750000000e+01,3.312500000000007105e-02,1.566000000000000014e+01,-4.210937500000078160e-02
3.313400000000000091e+03,9.525146484375000000e+01,5.312500000000008882e-02,1.567999999999999972e+01,-3.664062500000042633e-02
3.313500000000000000e+03,9.570922851562500000e+01,6.062499999999992895e-02,1.566750000000000043e+01,-3.773437500000031974e-02
3.313599999999999909e+03,9.521484375000000000e+01,5.562500000000003553e-02,1.562749999999999950e+01,-8.750000000000923706e-03
3.313699999999999818e+03,9.550781250000000000e+01,4.062499999999991118e-02,1.566999999999999993e+01,-1.640625000000284217e-03
3.313800000000000182e+03,9.417114257812500000e+01,7.312500000000010658e-02,1.568999999999999950e+01,-5.468750000000088818e-02
3.313900000000000091e+03,9.345703125000000000e+01,2.062499999999989342e-02,1.554999999999999893e+01,-3.718750000000081712e-02
3.314000000000000000e+03,9.396972656250000000e+01,3.562500000000001776e-02,1.552999999999999936e+01,9.843749999999040767e-03
3.314099999999999909e+03,9.353027343750000000e+01,1.062500000000010658e-02,1.586500000000000021e+01,-5.578125000000078160e-02
3.314199999999999818e+03,9.321899414062500000e+01,3.812499999999996447e-02,1.581749999999999901e+01,-1.585937500000067502e-02
3.314300000000000182e+03,9.230346679687500000e+01,2.062499999999989342e-02,1.556749999999999901e+01,2.187499999998898659e-03
3.314400000000000091e+03,9.186401367187500000e+01,4.062499999999991118e-02,1.565000000000000036e+01,5.468749999995026201e-04
3.314500000000000000e+03,9.237670898437500000e+01,2.312499999999984013e-02,1.541750000000000043e+01,-3.062500000000056843e-02
3.314599999999999909e+03,9.190063476562500000e+01,3.312500000000007105e-02,1.556749999999999901e+01,-1.859375000000085265e-02
3.314699999999999818e+03,9.083862304687500000e+01,5.812499999999998224e-02,1.561999999999999922e+01,8.749999999999147349e-03
3.314800000000000182e+03,9.080200195312500000e+01,3.562500000000001776e-02,1.537749999999999950e+01,-8.750000000000923706e-03
3.314900000000000091e+03,9.030761718750000000e+01,1.562500000000000000e-02,1.562749999999999950e+01,-7.929687500000071054e-02
3.315000000000000000e+03,9.085693359375000000e+01,6.562499999999982236e-02,1.556000000000000050e+01,-3.718750000000081712e-02
3.315099999999999909e+03,8.946533203125000000e+01,4.562499999999980460e-02,1.552999999999999936e+01,-4.867187500000103029e-02
3.315199999999999818e+03,8.922729492187500000e+01,6.312499999999987566e-02,1.550499999999999901e+01,-4.320312500000067502e-02
3.315300000000000182e+03,8.928222656250000000e+01,5.312500000000008882e-02,1.558499999999999908e+01,-5.031250000000042633e-02
3.315400000000000091e+03,8.886108398437500000e+01,1.812499999999994671e-02,1.541000000000000014e+01,3.281249999999680256e-03
3.315500000000000000e+03,8.931884765625000000e+01,3.062500000000012434e-02,1.548499999999999943e+01,-3.390625000000024869e-02
3.315599999999999909e+03,8.757934570312500000e+01,4.312499999999985789e-02,1.565750000000000064e+01,-6.453125000000081712e-02
3.315699999999999818e+03,8.776245117187500000e+01,3.812499999999996447e-02,1.559999999999999964e+01,-6.562500000000071054e-02
3.315800000000000182e+03,8.787231445312500000e+01,5.562500000000003553e-02,1.558750000000000036e+01,-3.226562500000085265e-02
3.315900000000000091e+03,8.741455078125000000e+01,3.312500000000007105e-02,1.581250000000000000e+01,-4.101562500000088818e-02
3.316000000000000000e+03,8.677368164062500000e+01,3.812499999999996447e-02,1.575249999999999950e+01,-1.804687500000046185e-02
3.316099999999999909e+03,8.613281250000000000e+01,1.562500000000000000e-02,1.542750000000000021e+01,-1.914062500000035527e-02
3.316199999999999818e+03,8.637084960937500000e+01,1.062500000000010658e-02,1.550999999999999979e+01,-9.296875000000071054e-02
3.316300000000000182e+03,8.646240234375000000e+01,2.312499999999984013e-02,1.541000000000000014e+01,-3.117187500000095923e-02
3.316400000000000091e+03,8.563842773437500000e+01,2.812499999999973355e-02,1.589000000000000057e+01,-4.210937500000078160e-02
3.316500000000000000e+03,8.527221679687500000e+01,2.812499999999973355e-02,1.572499999999999964e+01,-8.804687500000074607e-02
3.316599999999999909e+03,8.485107421875000000e+01,3.062500000000012434e-02,1.580250000000000021e+01,-5.687500000000067502e-02
3.316699999999999818e+03,8.507080078125000000e+01,4.812499999999975131e-02,1.566999999999999993e+01,-4.812500000000063949e-02
3.316800000000000182e+03,8.521728515625000000e+01,5.562500000000003553e-02,1.562749999999999950e+01,-1.968750000000074607e-02
3.316900000000000091e+03,8.349609375000000000e+01,9.187499999999992895e-02,1.548000000000000043e+01,-3.609375000000092371e-02
3.317000000000000000e+03,8.382568359375000000e+01,3.562500000000001776e-02,1.532000000000000028e+01,-6.289062500000053291e-02
3.317099999999999909e+03,8.345947265625000000e+01,5.562500000000003553e-02,1.556499999999999950e+01,-2.953125000000067502e-02
3.317199999999999818e+03,8.371582031250000000e+01,5.562500000000003553e-02,1.558750000000000036e+01,-2.734375000000088818e-02
3.317300000000000182e+03,8.298339843750000000e+01,3.312500000000007105e-02,1.563749999999999929e+01,-8.421875000000067502e-02
3.317400000000000091e+03,8.203125000000000000e+01,6.062499999999992895e-02,1.578999999999999915e+01,-5.195312500000071054e-02
3.317500000000000000e+03,8.252563476562500000e+01,1.562500000000000000e-02,1.573749999999999893e+01,6.015624999998969713e-03
3.317599999999999909e+03,8.214111328125000000e+01,4.812499999999975131e-02,1.557750000000000057e+01,-3.281250000000568434e-03
3.317699999999999818e+03,8.236083984375000000e+01,3.262499999999999289e-01,1.543500000000000050e+01,-3.390625000000024869e-02
3.317800000000000182e+03,8.135375976562500000e+01,5.062500000000014211e-02,1.553500000000000014e+01,-3.171875000000046185e-02
3.317900000000000091e+03,8.082275390625000000e+01,4.312499999999985789e-02,1.581250000000000000e+01,-4.812500000000063949e-02
3.318000000000000000e+03,8.131713867187500000e+01,4.062499999999991118e-02,1.557000000000000028e+01,-6.945312500000078160e-02
3.318099999999999909e+03,8.091430664062500000e+01,8.124999999999715783e-03,1.540750000000000064e+01,-7.765625000000042633e-02
3.318199999999999818e+03,8.020019531250000000e+01,6.562499999999982236e-02,1.566750000000000043e+01,-3.992187500000099476e-02
3.318300000000000182e+03,8.010864257812500000e+01,5.312500000000008882e-02,1.554999999999999893e+01,-1.859375000000085265e-02
3.318400000000000091e+03,7.963256835937500000e+01,4.562499999999980460e-02,1.544999999999999929e+01,-8.585937500000095923e-02
3.318500000000000000e+03,8.010864257812500000e+01,4.562499999999980460e-02,1.570999999999999908e+01,-7.382812500000035527e-02
3.318599999999999909e+03,7.944946289062500000e+01,4.312499999999985789e-02,1.534750000000000014e+01,-1.585937500000067502e-02
3.318699999999999818e+03,7.871704101562500000e+01,5.312500000000008882e-02,1.569500000000000028e+01,-8.750000000000923706e-03
3.318800000000000182e+03,7.879028320312500000e+01,5.562500000000003553e-02,1.574750000000000050e+01,-2.843750000000078160e-02
3.318900000000000091e+03,7.835083007812500000e+01,6.562499999999982236e-02,1.556000000000000050e+01,-4.867187500000103029e-02
3.319000000000000000e+03,7.879028320312500000e+01,6.562499999999982236e-02,1.561999999999999922e+01,-7.765625000000042633e-02
3.319099999999999909e+03,7.749023437500000000e+01,3.562500000000001776e-02,1.559750000000000014e+01,-4.703125000000074607e-02
3.319199999999999818e+03,7.758178710937500000e+01,2.312499999999984013e-02,1.556749999999999901e+01,-3.117187500000095923e-02
3.319300000000000182e+03,7.763671875000000000e+01,2.062499999999989342e-02,1.557000000000000028e+01,-3.718750000000081712e-02
3.319400000000000091e+03,7.721557617187500000e+01,3.124999999999822364e-03,1.559750000000000014e+01,-5.031250000000042633e-02
3.319500000000000000e+03,7.701416015625000000e+01,3.062500000000012434e-02,1.568999999999999950e+01,-3.445312500000063949e-02
3.319599999999999909e+03,7.613525390625000000e+01,5.812499999999998224e-02,1.554499999999999993e+01,-8.968750000000103029e-02
3.319699999999999818e+03,7.631835937500000000e+01,5.624999999999769074e-03,1.567750000000000021e+01,-3.882812500000110134e-02
3.319800000000000182e+03,7.642822265625000000e+01,5.812499999999998224e-02,1.543999999999999950e+01,9.843749999999040767e-03
3.319900000000000091e+03,7.600708007812500000e+01,4.312499999999985789e-02,1.560500000000000043e+01,1.093749999999005240e-03
3.320000000000000000e+03,7.545776367187500000e+01,4.062499999999991118e-02,1.551999999999999957e+01,-5.796875000000056843e-02
3.320099999999999909e+03,7.503662109375000000e+01,4.062499999999991118e-02,1.567750000000000021e+01,-6.945312500000078160e-02
3.320199999999999818e+03,7.527465820312500000e+01,5.312500000000008882e-02,1.558000000000000007e+01,-3.281250000000035527e-02
3.320300000000000182e+03,7.531127929687500000e+01,2.562499999999978684e-02,1.564749999999999908e+01,-4.156250000000039080e-02
3.320400000000000091e+03,7.419433593750000000e+01,2.812499999999973355e-02,1.550000000000000000e+01,-5.960937500000085265e-02
3.320500000000000000e+03,7.441406250000000000e+01,7.062500000000015987e-02,1.543999999999999950e+01,-1.257812500000099476e-02
3.320599999999999909e+03,7.406616210937500000e+01,5.812499999999998224e-02,1.566999999999999993e+01,-3.882812500000110134e-02
3.320699999999999818e+03,7.423095703125000000e+01,6.812499999999976907e-02,1.554999999999999893e+01,-4.812500000000063949e-02
3.320800000000000182e+03,7.415771484375000000e+01,2.062499999999989342e-02,1.565750000000000064e+01,-3.335937500000074607e-02
3.320900000000000091e+03,7.289428710937500000e+01,4.562499999999980460e-02,1.558999999999999986e+01,-2.953125000000067502e-02
3.321000000000000000e+03,7.329711914062500000e+01,5.812499999999998224e-02,1.564749999999999908e+01,-8.476562500000106581e-02
3.321099999999999909e+03,7.298583984375000000e+01,3.812499999999996447e-02,1.557000000000000028e+01,1.093749999999893419e-02
3.321199999999999818e+03,7.313232421875000000e+01,2.562499999999978684e-02,1.551750000000000007e+01,-5.906250000000046185e-02
3.321300000000000182e+03,7.238159179687500000e+01,1.812499999999994671e-02,1.572000000000000064e+01,-3.445312500000063949e-02
3.321400000000000091e+03,7.183227539062500000e+01,5.312500000000008882e-02,1.551500000000000057e+01,-1.006250000000008527e-01
3.321500000000000000e+03,7.229003906250000000e+01,5.062500000000014211e-02,1.582499999999999929e+01,-3.718750000000081712e-02
3.321599999999999909e+03,7.196044921875000000e+01,2.562499999999978684e-02,1.554999999999999893e+01,-4.320312500000067502e-02
3.321699999999999818e+03,7.163085937500000000e+01,3.562500000000001776e-02,1.564000000000000057e+01,-4.867187500000103029e-02
3.321800000000000182e+03,7.115478515625000000e+01,3.312500000000007105e-02,1.577249999999999908e+01,-1.312500000000049738e-02
3.321900000000000091e+03,7.069702148437500000e+01,1.562500000000000000e-02,1.567999999999999972e+01,-3.500000000000103029e-02
3.322000000000000000e+03,7.117309570312500000e+01,3.812499999999996447e-02,1.566000000000000014e+01,4.921874999999076294e-03
3.322099999999999909e+03,7.088012695312500000e+01,3.562500000000001776e-02,1.574000000000000021e+01,-4.046875000000049738e-02
3.322199999999999818e+03,7.018432617187500000e+01,2.562499999999978684e-02,1.563749999999999929e+01,-3.335937500000074607e-02
3.322300000000000182e+03,7.023925781250000000e+01,3.312500000000007105e-02,1.554749999999999943e+01,-3.664062500000042633e-02
3.322400000000000091e+03,6.981811523437500000e+01,4.562499999999980460e-02,1.550499999999999901e+01,-1.039062500000031974e-02
3.322500000000000000e+03,7.027587890625000000e+01,4.812499999999975131e-02,1.546749999999999936e+01,-6.234375000000103029e-02
3.322599999999999909e+03,6.928710937500000000e+01,5.312500000000008882e-02,1.554999999999999893e+01,-7.382812500000035527e-02
3.322699999999999818e+03,6.912231445312500000e+01,3.562500000000001776e-02,1.561749999999999972e+01,-4.976562500000092371e-02
3.322800000000000182e+03,6.923217773437500000e+01,5.562500000000003553e-02,1.565750000000000064e+01,3.281249999999680256e-03
3.322900000000000091e+03,6.881103515625000000e+01,3.812499999999996447e-02,1.575000000000000000e+01,-1.082812500000009948e-01
3.323000000000000000e+03,6.919555664062500000e+01,4.812499999999975131e-02,1.533999999999999986e+01,-3.390625000000024869e-02
3.323099999999999909e+03,6.815185546875000000e+01,3.062500000000012434e-02,1.570749999999999957e+01,-6.562500000000071054e-02
3.323199999999999818e+03,6.820678710937500000e+01,2.312499999999984013e-02,1.553999999999999915e+01,-2.679687500000049738e-02
3.323300000000000182e+03,6.835327148437500000e+01,4.812499999999975131e-02,1.550750000000000028e+01,-7.273437500000046185e-02
3.323400000000000091e+03,6.793212890625000000e+01,5.562500000000003553e-02,1.575999999999999979e+01,-3.500000000000103029e-02
3.323500000000000000e+03,6.762084960937500000e+01,5.062500000000014211e-02,1.553749999999999964e+01,-5.578125000000078160e-02
3.323599999999999909e+03,6.718139648437500000e+01,4.562499999999980460e-02,1.569999999999999929e+01,-4.046875000000049738e-02
3.323699999999999818e+03,6.732788085937500000e+01,2.812499999999973355e-02,1.537999999999999901e+01,-6.234375000000103029e-02
3.323800000000000182e+03,6.743774414062500000e+01,6.812499999999976907e-02,1.541499999999999915e+01,-6.945312500000078160e-02
3.323900000000000091e+03,6.668701171875000000e+01,5.562500000000003553e-02,1.550000000000000000e+01,-4.757812500000024869e-02
3.324000000000000000e+03,6.659545898437500000e+01,3.312500000000007105e-02,1.559999999999999964e+01,-3.937500000000060396e-02
3.324099999999999909e+03,6.628417968750000000e+01,4.562499999999980460e-02,1.535749999999999993e+01,-4.703125000000074607e-02
3.324199999999999818e+03,6.643066406250000000e+01,5.562500000000003553e-02,1.573749999999999893e+01,-6.179687500000063949e-02
3.324300000000000182e+03,6.650390625000000000e+01,2.312499999999984013e-02,1.544749999999999979e+01,-3.882812500000110134e-02
3.324400000000000091e+03,6.531372070312500000e+01,3.562500000000001776e-02,1.555749999999999922e+01,-4.210937500000078160e-02
3.324500000000000000e+03,6.567993164062500000e+01,7.312500000000010658e-02,1.567999999999999972e+01,-6.234375000000103029e-02
3.324599999999999909e+03,6.540527343750000000e+01,3.812499999999996447e-02,1.558000000000000007e+01,-6.562500000000071054e-02
3.324699999999999818e+03,6.551513671875000000e+01,3.312500000000007105e-02,1.548499999999999943e+01,-4.648437500000035527e-02
3.324800000000000182e+03,6.514892578125000000e+01,6.812499999999976907e-02,1.542750000000000021e+01,-3.281250000000035527e-02
3.324900000000000091e+03,6.448974609375000000e+01,4.562499999999980460e-02,1.557750000000000057e+01,-5.523437500000039080e-02
3.325000000000000000e+03,6.485595703125000000e+01,6.312499999999987566e-02,1.558999999999999986e+01,-2.789062500000039080e-02
3.325099999999999909e+03,6.458129882812500000e+01,3.812499999999996447e-02,1.545749999999999957e+01,-6.234375000000103029e-02
3.325199999999999818e+03,6.470947265625000000e+01,2.062499999999989342e-02,1.563749999999999929e+01,-4.867187500000103029e-02
3.325300000000000182e+03,6.399536132812500000e+01,4.062499999999991118e-02,1.562749999999999950e+01,-6.015625000000035527e-02
3.325400000000000091e+03,6.353759765625000000e+01,5.062500000000014211e-02,1.570999999999999908e+01,-7.656250000001030287e-03
3.325500000000000000e+03,6.397705078125000000e+01,7.062500000000015987e-02,1.561500000000000021e+01,-4.703125000000074607e-02
3.325599999999999909e+03,6.368408203125000000e+01,3.562500000000001776e-02,1.537999999999999901e+01,-4.484375000000095923e-02
3.325699999999999818e+03,6.317138671875000000e+01,3.812499999999996447e-02,1.539000000000000057e+01,-4.265625000000028422e-02
3.325800000000000182e+03,6.313476562500000000e+01,4.562499999999980460e-02,1.558999999999999986e+01,-3.007812500000106581e-02
3.325900000000000091e+03,6.271362304687500000e+01,3.062500000000012434e-02,1.560999999999999943e+01,-7.984375000000110134e-02
3.326000000000000000e+03,6.315307617187500000e+01,7.312500000000010658e-02,1.573000000000000043e+01,-9.734375000000028422e-02
3.326099999999999909e+03,6.271362304687500000e+01,4.562499999999980460e-02,1.557750000000000057e+01,-2.843750000000078160e-02
3.326199999999999818e+03,6.218261718750000000e+01,1.812499999999994671e-02,1.568999999999999950e+01,-3.281250000000035527e-02
3.326300000000000182e+03,6.231079101562500000e+01,6.062499999999992895e-02,1.537999999999999901e+01,-4.812500000000063949e-02
3.326400000000000091e+03,6.194458007812500000e+01,6.062499999999992895e-02,1.563499999999999979e+01,-1.640625000000284217e-03
3.326500000000000000e+03,6.234741210937500000e+01,4.812499999999975131e-02,1.581499999999999950e+01,-9.187500000000081712e-02
3.326599999999999909e+03,6.150512695312500000e+01,4.562499999999980460e-02,1.549750000000000050e+01,-5.906250000000046185e-02
3.326699999999999818e+03,6.150512695312500000e+01,3.812499999999996447e-02,1.565000000000000036e+01,-8.421875000000067502e-02
3.326800000000000182e+03,6.161499023437500000e+01,2.812499999999973355e-02,1.562999999999999901e+01,-5.414062500000049738e-02
3.326900000000000091e+03,6.121215820312500000e+01,3.812499999999996447e-02,1.570999999999999908e+01,-1.476562500000078160e-02
3.327000000000000000e+03,6.124877929687500000e+01,3.062500000000012434e-02,1.553999999999999915e+01,-4.757812500000024869e-02
3.327099999999999909e+03,6.058959960937500000e+01,4.812499999999975131e-02,1.572000000000000064e+01,-4.046875000000049738e-02
3.327199999999999818e+03,6.069946289062500000e+01,4.812499999999975131e-02,1.550999999999999979e+01,-2.625000000000099476e-02
3.327300000000000182e+03,6.080932617187500000e+01,5.624999999999769074e-03,1.551500000000000057e+01,-5.140625000000031974e-02
3.327400000000000091e+03,6.042480468750000000e+01,5.312500000000008882e-02,1.556499999999999950e+01,-2.460937500000071054e-02
3.327500000000000000e+03,6.009521484375000000e+01,-1.437500000000024869e-02,1.568999999999999950e+01,-2.406250000000031974e-02
3.327599999999999909e+03,5.982055664062500000e+01,2.312499999999984013e-02,1.552999999999999936e+01,-5.304687500000060396e-02
3.327699999999999818e+03,5.989379882812500000e+01,3.562500000000001776e-02,1.585500000000000043e+01,-3.554687500000053291e-02
3.327800000000000182e+03,6.000366210937500000e+01,6.312499999999987566e-02,1.565499999999999936e+01,-7.765625000000042633e-02
3.327900000000000091e+03,5.914306640625000000e+01,2.812499999999973355e-02,1.556000000000000050e+01,1.093749999999005240e-03
3.328000000000000000e+03,5.934448242187500000e+01,5.562500000000003553e-02,1.560500000000000043e+01,-9.296875000000426326e-03
3.328099999999999909e+03,5.912475585937500000e+01,4.562499999999980460e-02,1.544749999999999979e+01,-4.101562500000088818e-02
3.328199999999999818e+03,5.917968750000000000e+01,3.312500000000007105e-02,1.584750000000000014e+01,-3.445312500000063949e-02
3.328300000000000182e+03,5.923461914062500000e+01,4.312499999999985789e-02,1.565000000000000036e+01,-4.484375000000095923e-02
3.328400000000000091e+03,5.828247070312500000e+01,3.562500000000001776e-02,1.586749999999999972e+01,-8.367187500000028422e-02
3.328500000000000000e+03,5.868530273437500000e+01,6.062499999999992895e-02,1.576999999999999957e+01,-6.781250000000049738e-02
3.328599999999999909e+03,5.842895507812500000e+01,2.062499999999989342e-02,1.573000000000000043e+01,-4.812500000000063949e-02
3.328699999999999818e+03,5.852050781250000000e+01,6.562499999999982236e-02,1.592499999999999893e+01,-7.328125000000085265e-02
3.328800000000000182e+03,5.811767578125000000e+01,2.812499999999973355e-02,1.558000000000000007e+01,9.296874999999538147e-03
3.328900000000000091e+03,5.765991210937500000e+01,4.562499999999980460e-02,1.542499999999999893e+01,-4.320312500000067502e-02
3.329000000000000000e+03,5.806274414062500000e+01,3.562500000000001776e-02,1.552749999999999986e+01,3.171874999999957367e-02
3.329099999999999909e+03,5.782470703125000000e+01,2.312499999999984013e-02,1.539749999999999908e+01,-1.405468750000009592e-01
3.329199999999999818e+03,5.765991210937500000e+01,3.812499999999996447e-02,1.570749999999999957e+01,-2.187500000000053291e-02
3.329300000000000182e+03,5.733032226562500000e+01,5.312500000000008882e-02,1.565750000000000064e+01,-8.367187500000028422e-02
3.329400000000000091e+03,5.692749023437500000e+01,2.562499999999978684e-02,1.564499999999999957e+01,6.562499999999360512e-03
3.329500000000000000e+03,5.731201171875000000e+01,5.562500000000003553e-02,1.593249999999999922e+01,-2.187500000000053291e-02
3.329599999999999909e+03,5.709228515625000000e+01,2.812499999999973355e-02,1.575750000000000028e+01,-6.507812500000031974e-02
3.329699999999999818e+03,5.656127929687500000e+01,6.062499999999992895e-02,1.576750000000000007e+01,-6.179687500000063949e-02
3.329800000000000182e+03,5.659790039062500000e+01,1.312500000000005329e-02,1.555499999999999972e+01,5.468749999995026201e-04
3.329900000000000091e+03,5.621337890625000000e+01,8.124999999999715783e-03,1.563749999999999929e+01,-5.140625000000031974e-02
3.330000000000000000e+03,5.659790039062500000e+01,5.562500000000003553e-02,1.563749999999999929e+01,-5.960937500000085265e-02
3.330099999999999909e+03,5.599365234375000000e+01,1.312500000000005329e-02,1.554749999999999943e+01,-7.656250000001030287e-03
3.330199999999999818e+03,5.581054687500000000e+01,2.062499999999989342e-02,1.578999999999999915e+01,-5.578125000000078160e-02
3.330300000000000182e+03,5.593872070312500000e+01,4.812499999999975131e-02,1.558999999999999986e+01,-3.281250000000035527e-02
3.330400000000000091e+03,5.553588867187500000e+01,2.562499999999978684e-02,1.568500000000000050e+01,-3.335937500000074607e-02
3.330500000000000000e+03,5.595703125000000000e+01,5.062500000000014211e-02,1.550000000000000000e+01,-3.117187500000095923e-02
3.330599999999999909e+03,5.516967773437500000e+01,1.562500000000000000e-02,1.567999999999999972e+01,-3.007812500000106581e-02
3.330699999999999818e+03,5.518798828125000000e+01,5.812499999999998224e-02,1.553999999999999915e+01,-4.703125000000074607e-02
3.330800000000000182e+03,5.529785156250000000e+01,5.062500000000014211e-02,1.573000000000000043e+01,-5.468750000000088818e-02
3.330900000000000091e+03,5.494995117187500000e+01,4.812499999999975131e-02,1.561999999999999922e+01,-2.187500000000675016e-03
3.331000000000000000e+03,5.485839843750000000e+01,4.812499999999975131e-02,1.557000000000000028e+01,5.468749999999467093e-03
3.331099999999999909e+03,5.452880859375000000e+01,5.312500000000008882e-02,1.576500000000000057e+01,-8.257812500000039080e-02
3.331199999999999818e+03,5.458374023437500000e+01,6.062499999999992895e-02,1.563749999999999929e+01,-3.937500000000060396e-02
3.331300000000000182e+03,5.471191406250000000e+01,4.062499999999991118e-02,1.558750000000000036e+01,-9.187500000000081712e-02
3.331400000000000091e+03,5.421752929687500000e+01,2.312499999999984013e-02,1.558750000000000036e+01,-4.156250000000039080e-02
3.331500000000000000e+03,5.412597656250000000e+01,2.812499999999973355e-02,1.558000000000000007e+01,-3.445312500000063949e-02
3.331599999999999909e+03,5.394287109375000000e+01,4.312499999999985789e-02,1.574000000000000021e+01,-2.242187500000092371e-02
3.331699999999999818e+03,5.399780273437500000e+01,3.312500000000007105e-02,1.575499999999999901e+01,-5.687500000000067502e-02
3.331800000000000182e+03,5.410766601562500000e+01,4.562499999999980460e-02,1.560999999999999943e+01,-6.015625000000035527e-02
3.331900000000000091e+03,5.330200195312500000e+01,3.312500000000007105e-02,1.568750000000000000e+01,7.109374999999751310e-03
3.332000000000000000e+03,5.361328125000000000e+01,7.312500000000010658e-02,1.572250000000000014e+01,-3.882812500000110134e-02
3.332099999999999909e+03,5.343017578125000000e+01,3.062500000000012434e-02,1.556749999999999901e+01,-5.468750000000088818e-02
3.332199999999999818e+03,5.348510742187500000e+01,3.562500000000001776e-02,1.555749999999999922e+01,-1.531250000000028422e-02
3.332300000000000182e+03,5.350341796875000000e+01,9.750000000000014211e-02,1.571749999999999936e+01,-1.367187500000088818e-02
3.332400000000000091e+03,5.304565429687500000e+01,4.062499999999991118e-02,1.541750000000000043e+01,6.015624999998969713e-03
3.332500000000000000e+03,5.337524414062500000e+01,4.312499999999985789e-02,1.556000000000000050e+01,7.109374999999751310e-03
3.332599999999999909e+03,5.322875976562500000e+01,3.062500000000012434e-02,1.560999999999999943e+01,-2.351562500000081712e-02
3.332699999999999818e+03,5.328369140625000000e+01,1.062500000000010658e-02,1.550499999999999901e+01,-6.179687500000063949e-02
3.332800000000000182e+03,5.328369140625000000e+01,6.812499999999976907e-02,1.567999999999999972e+01,-2.460937500000071054e-02
3.332900000000000091e+03,5.295410156250000000e+01,4.812499999999975131e-02,1.561749999999999972e+01,-4.210937500000078160e-02
3.333000000000000000e+03,5.328369140625000000e+01,2.812499999999973355e-02,1.566000000000000014e+01,-2.734375000001065814e-03
3.333099999999999909e+03,5.310058593750000000e+01,5.812499999999998224e-02,1.571250000000000036e+01,-6.890625000000039080e-02
3.333199999999999818e+03,5.319213867187500000e+01,-4.375000000000017764e-03,1.570999999999999908e+01,-6.945312500000078160e-02
3.333300000000000182e+03,5.332031250000000000e+01,4.562499999999980460e-02,1.573000000000000043e+01,-4.375000000000106581e-02
3.333400000000000091e+03,5.291748046875000000e+01,4.312499999999985789e-02,1.573000000000000043e+01,-4.320312500000067502e-02
3.333500000000000000e+03,5.330200195312500000e+01,4.052500000000000213e+00,1.532000000000000028e+01,1.940203125000000028e+01
3.333599999999999909e+03,5.319213867187500000e+01,2.952500000000000124e+00,1.553749999999999964e+01,1.549242187500000156e+01
3.333699999999999818e+03,5.463867187500000000e+01,2.932500000000000107e+00,1.547749999999999915e+01,1.542679687500000085e+01
3.333800000000000182e+03,5.478515625000000000e+01,2.944999999999999840e+00,1.544999999999999929e+01,1.550445312500000128e+01
3.333900000000000091e+03,5.443725585937500000e+01,2.957500000000000018e+00,1.562999999999999901e+01,1.541367187500000036e+01
3.334000000000000000e+03,5.478515625000000000e+01,2.975000000000000089e+00,1.561749999999999972e+01,1.545414062500000085e+01
3.334099999999999909e+03,5.696411132812500000e+01,2.975000000000000089e+00,1.560749999999999993e+01,1.545687500000000014e+01
3.334199999999999818e+03,5.744018554687500000e+01,3.017500000000000071e+00,1.542999999999999972e+01,1.546726562500000135e+01
3.334300000000000182e+03,5.760498046875000000e+01,2.979999999999999982e+00,1.545749999999999957e+01,1.539617187500000028e+01
3.334400000000000091e+03,5.720214843750000000e+01,2.990000000000000213e+00,1.550750000000000028e+01,1.547328125000000121e+01
3.334500000000000000e+03,5.930786132812500000e+01,2.992500000000000160e+00,1.568999999999999950e+01,1.542078125000000099e+01
3.334599999999999909e+03,6.113891601562500000e+01,3.015000000000000124e+00,1.559500000000000064e+01,1.545796875000000092e+01
3.334699999999999818e+03,6.126708984375000000e+01,3.035000000000000142e+00,1.561999999999999922e+01,1.546890625000000163e+01
3.334800000000000182e+03,6.143188476562500000e+01,3.082500000000000018e+00,1.544749999999999979e+01,1.548859375000000149e+01
3.334900000000000091e+03,6.101074218750000000e+01,3.032500000000000195e+00,1.569999999999999929e+01,1.546343750000000128e+01
3.335000000000000000e+03,6.553344726562500000e+01,3.044999999999999929e+00,1.559999999999999964e+01,1.545250000000000057e+01
3.335099999999999909e+03,6.560668945312500000e+01,3.049999999999999822e+00,1.572000000000000064e+01,1.548203125000000036e+01
3.335199999999999818e+03,6.569824218750000000e+01,3.082500000000000018e+00,1.550000000000000000e+01,1.545742187500000142e+01
3.335300000000000182e+03,6.582641601562500000e+01,3.080000000000000071e+00,1.550999999999999979e+01,1.545906249999999993e+01
3.335400000000000091e+03,6.782226562500000000e+01,3.147499999999999964e+00,1.581499999999999950e+01,1.548039062500000007e+01
3.335500000000000000e+03,6.950683593750000000e+01,3.107499999999999929e+00,1.567249999999999943e+01,1.547820312500000028e+01
3.335599999999999909e+03,6.930541992187500000e+01,3.115000000000000213e+00,1.550000000000000000e+01,1.545906249999999993e+01
3.335699999999999818e+03,6.939697265625000000e+01,3.127499999999999947e+00,1.541000000000000014e+01,1.542351562500000028e+01
3.335800000000000182e+03,6.956176757812500000e+01,3.117500000000000160e+00,1.572000000000000064e+01,1.547875000000000156e+01
3.335900000000000091e+03,7.208862304687500000e+01,3.129999999999999893e+00,1.551750000000000007e+01,1.547929687500000107e+01
3.336000000000000000e+03,7.265625000000000000e+01,3.140000000000000124e+00,1.557000000000000028e+01,1.549242187500000156e+01
3.336099999999999909e+03,7.236328125000000000e+01,3.147499999999999964e+00,1.559750000000000014e+01,1.544648437500000071e+01
3.336199999999999818e+03,7.252807617187500000e+01,3.134999999999999787e+00,1.556000000000000050e+01,1.546398437500000078e+01
3.336300000000000182e+03,7.485351562500000000e+01,3.205000000000000071e+00,1.568999999999999950e+01,1.543062500000000092e+01
3.336400000000000091e+03,7.490844726562500000e+01,3.122500000000000053e+00,1.559750000000000014e+01,1.551812500000000128e+01
3.336500000000000000e+03,7.543945312500000000e+01,3.167499999999999982e+00,1.566750000000000043e+01,1.550281250000000099e+01
3.336599999999999909e+03,7.507324218750000000e+01,3.167499999999999982e+00,1.560749999999999993e+01,1.545195312500000107e+01
3.336699999999999818e+03,7.620849609375000000e+01,3.192499999999999893e+00,1.534999999999999964e+01,1.540328125000000092e+01
3.336800000000000182e+03,7.785644531250000000e+01,3.157500000000000195e+00,1.556000000000000050e+01,1.547492187500000149e+01
3.336900000000000091e+03,7.750854492187500000e+01,3.212499999999999911e+00,1.528749999999999964e+01,1.545796875000000092e+01
3.337000000000000000e+03,7.802124023437500000e+01,3.207500000000000018e+00,1.549000000000000021e+01,1.550007812499999993e+01
3.337099999999999909e+03,7.765502929687500000e+01,3.169999999999999929e+00,1.575999999999999979e+01,1.549187500000000028e+01
3.337199999999999818e+03,7.998046875000000000e+01,3.194999999999999840e+00,1.562250000000000050e+01,1.548531250000000092e+01
3.337300000000000182e+03,8.027343750000000000e+01,3.237499999999999822e+00,1.556000000000000050e+01,1.545195312500000107e+01
3.337400000000000091e+03,7.985229492187500000e+01,3.240000000000000213e+00,1.525499999999999901e+01,1.544976562500000128e+01
3.337500000000000000e+03,8.034667968750000000e+01,3.220000000000000195e+00,1.564000000000000057e+01,1.549953125000000043e+01
3.337599999999999909e+03,8.137207031250000000e+01,3.232499999999999929e+00,1.539499999999999957e+01,1.544921875000000000e+01
3.337699999999999818e+03,8.232421875000000000e+01,3.234999999999999876e+00,1.556000000000000050e+01,1.544265625000000064e+01
3.337800000000000182e+03,8.245239257812500000e+01,3.222500000000000142e+00,1.588250000000000028e+01,1.543062500000000092e+01
3.337900000000000091e+03,8.203125000000000000e+01,3.280000000000000249e+00,1.551999999999999957e+01,1.547054687500000014e+01
3.338000000000000000e+03,8.256225585937500000e+01,3.267500000000000071e+00,1.558000000000000007e+01,1.547109375000000142e+01
3.338099999999999909e+03,8.411865234375000000e+01,3.282500000000000195e+00,1.565000000000000036e+01,1.548859375000000149e+01
3.338199999999999818e+03,8.446655273437500000e+01,3.282500000000000195e+00,1.549000000000000021e+01,1.544648437500000071e+01
3.338300000000000182e+03,8.455810546875000000e+01,3.297499999999999876e+00,1.541750000000000043e+01,1.545578125000000114e+01
3.338400000000000091e+03,8.411865234375000000e+01,3.280000000000000249e+00,1.559999999999999964e+01,1.545851562500000043e+01
3.338500000000000000e+03,8.638916015625000000e+01,3.345000000000000195e+00,1.583249999999999957e+01,1.547164062500000092e+01
3.338599999999999909e+03,8.627929687500000000e+01,3.307500000000000107e+00,1.565000000000000036e+01,1.551210937500000142e+01
3.338699999999999818e+03,8.655395507812500000e+01,3.302500000000000213e+00,1.532750000000000057e+01,1.544757812500000149e+01
3.338800000000000182e+03,8.664550781250000000e+01,3.307500000000000107e+00,1.562500000000000000e+01,1.548421875000000014e+01
3.338900000000000091e+03,8.693847656250000000e+01,3.334999999999999964e+00,1.557750000000000057e+01,1.542789062500000163e+01
3.339000000000000000e+03,8.860473632812500000e+01,3.352500000000000036e+00,1.542999999999999972e+01,1.548914062500000099e+01
3.339099999999999909e+03,8.820190429687500000e+01,3.337499999999999911e+00,1.577999999999999936e+01,1.547656250000000000e+01
3.339199999999999818e+03,8.847656250000000000e+01,3.327500000000000124e+00,1.564749999999999908e+01,1.542570312500000007e+01
3.339300000000000182e+03,8.856811523437500000e+01,3.339999999999999858e+00,1.558999999999999986e+01,1.544648437500000071e+01
3.339400000000000091e+03,8.984985351562500000e+01,3.359999999999999876e+00,1.529999999999999893e+01,1.547929687500000107e+01
3.339500000000000000e+03,9.052734375000000000e+01,3.354999999999999982e+00,1.578999999999999915e+01,1.542679687500000085e+01
3.339599999999999909e+03,9.008789062500000000e+01,3.354999999999999982e+00,1.571749999999999936e+01,1.544156250000000163e+01
3.339699999999999818e+03,9.039916992187500000e+01,3.362499999999999822e+00,1.561999999999999922e+01,1.547382812500000071e+01
3.339800000000000182e+03,9.175415039062500000e+01,3.372500000000000053e+00,1.548499999999999943e+01,1.544265625000000064e+01
3.339900000000000091e+03,9.191894531250000000e+01,3.370000000000000107e+00,1.549750000000000050e+01,1.548750000000000071e+01
3.340000000000000000e+03,9.246826171875000000e+01,3.352500000000000036e+00,1.584500000000000064e+01,1.551265625000000092e+01
3.340099999999999909e+03,9.199218750000000000e+01,3.387500000000000178e+00,1.550750000000000028e+01,1.551046875000000114e+01
3.340199999999999818e+03,9.237670898437500000e+01,3.395000000000000018e+00,1.553999999999999915e+01,1.542625000000000135e+01
3.340300000000000182e+03,9.411621093750000000e+01,3.417499999999999982e+00,1.574000000000000021e+01,1.539781250000000057e+01
3.340400000000000091e+03,9.373168945312500000e+01,3.419999999999999929e+00,1.542999999999999972e+01,1.551757812500000000e+01
3.340500000000000000e+03,9.424438476562500000e+01,3.435000000000000053e+00,1.575249999999999950e+01,1.547164062500000092e+01
3.340599999999999909e+03,9.376831054687500000e+01,3.402499999999999858e+00,1.573749999999999893e+01,1.547054687500000014e+01
3.340699999999999818e+03,9.559936523437500000e+01,3.412500000000000089e+00,1.584249999999999936e+01,1.546125000000000149e+01
3.340800000000000182e+03,9.594726562500000000e+01,3.439999999999999947e+00,1.570749999999999957e+01,1.546015625000000071e+01
3.340900000000000091e+03,9.556274414062500000e+01,3.417499999999999982e+00,1.565249999999999986e+01,1.545414062500000085e+01
3.341000000000000000e+03,9.607543945312500000e+01,3.467500000000000249e+00,1.559999999999999964e+01,1.544976562500000128e+01
3.341099999999999909e+03,9.620361328125000000e+01,3.472500000000000142e+00,1.554999999999999893e+01,1.549023437500000000e+01
3.341199999999999818e+03,9.754028320312500000e+01,3.484999999999999876e+00,1.569999999999999929e+01,1.547656250000000000e+01
3.341300000000000182e+03,9.763183593750000000e+01,3.472500000000000142e+00,1.568999999999999950e+01,1.544046875000000085e+01
3.341400000000000091e+03,9.724731445312500000e+01,3.487499999999999822e+00,1.541999999999999993e+01,1.541750000000000043e+01
3.341500000000000000e+03,9.777832031250000000e+01,3.472500000000000142e+00,1.560999999999999943e+01,1.548750000000000071e+01
3.341599999999999909e+03,9.891357421875000000e+01,3.497500000000000053e+00,1.561749999999999972e+01,1.547164062500000092e+01
3.341699999999999818e+03,9.942626953125000000e+01,3.502499999999999947e+00,1.556000000000000050e+01,1.548695312500000121e+01
3.341800000000000182e+03,9.949951171875000000e+01,3.520000000000000018e+00,1.583750000000000036e+01,1.543500000000000050e+01
3.341900000000000091e+03,9.907836914062500000e+01,3.487499999999999822e+00,1.536999999999999922e+01,1.545031250000000078e+01
3.342000000000000000e+03,1.007995605468750000e+02,3.487499999999999822e+00,1.547749999999999915e+01,1.551757812500000000e+01
3.342099999999999909e+03,1.006896972656250000e+02,3.560000000000000053e+00,1.545749999999999957e+01,1.544429687500000092e+01
3.342199999999999818e+03,1.011474609375000000e+02,3.535000000000000142e+00,1.554499999999999993e+01,1.547984375000000057e+01
3.342300000000000182e+03,1.011657714843750000e+02,3.562500000000000000e+00,1.550000000000000000e+01,1.540984375000000028e+01
3.342400000000000091e+03,1.009643554687500000e+02,3.522499999999999964e+00,1.573749999999999893e+01,1.546179687500000099e+01
3.342500000000000000e+03,1.030151367187500000e+02,3.564999999999999947e+00,1.562999999999999901e+01,1.540820312500000000e+01
3.342599999999999909e+03,1.025207519531250000e+02,3.572499999999999787e+00,1.551999999999999957e+01,1.544976562500000128e+01
3.342699999999999818e+03,1.029052734375000000e+02,3.547499999999999876e+00,1.572749999999999915e+01,1.545140625000000156e+01
3.342800000000000182e+03,1.029602050781250000e+02,3.582500000000000018e+00,1.560999999999999943e+01,1.541257812500000135e+01
3.342900000000000091e+03,1.039855957031250000e+02,3.572499999999999787e+00,1.569749999999999979e+01,1.548421875000000014e+01
3.343000000000000000e+03,1.047912597656250000e+02,3.542499999999999982e+00,1.561749999999999972e+01,1.544648437500000071e+01
3.343099999999999909e+03,1.042419433593750000e+02,3.604999999999999982e+00,1.575000000000000000e+01,1.548421875000000014e+01
3.343199999999999818e+03,1.046264648437500000e+02,3.600000000000000089e+00,1.546749999999999936e+01,1.550609375000000156e+01
3.343300000000000182e+03,1.054687500000000000e+02,3.645000000000000018e+00,1.552999999999999936e+01,1.540109375000000114e+01
3.343400000000000091e+03,1.059265136718750000e+02,3.594999999999999751e+00,1.561999999999999922e+01,1.546398437500000078e+01
3.343500000000000000e+03,1.065124511718750000e+02,3.642500000000000071e+00,1.577749999999999986e+01,1.542132812500000050e+01
3.343599999999999909e+03,1.059631347656250000e+02,3.602500000000000036e+00,1.558000000000000007e+01,1.549625000000000163e+01
3.343699999999999818e+03,1.063659667968750000e+02,3.647499999999999964e+00,1.566000000000000014e+01,1.546179687500000099e+01
3.343800000000000182e+03,1.079406738281250000e+02,3.629999999999999893e+00,1.539000000000000057e+01,1.546015625000000071e+01
3.343900000000000091e+03,1.076477050781250000e+02,3.660000000000000142e+00,1.557000000000000028e+01,1.543390625000000149e+01
3.344000000000000000e+03,1.082153320312500000e+02,3.689999999999999947e+00,1.557000000000000028e+01,1.545632812500000064e+01
3.344099999999999909e+03,1.076660156250000000e+02,3.697499999999999787e+00,1.557000000000000028e+01,1.542242187500000128e+01
3.344199999999999818e+03,1.093505859375000000e+02,3.732499999999999929e+00,1.544749999999999979e+01,1.548914062500000099e+01
3.344300000000000182e+03,1.097534179687500000e+02,3.655000000000000249e+00,1.558750000000000036e+01,1.548585937500000043e+01
3.344400000000000091e+03,1.093688964843750000e+02,3.689999999999999947e+00,1.549000000000000021e+01,1.546507812500000156e+01
3.344500000000000000e+03,1.098999023437500000e+02,3.719999999999999751e+00,1.542750000000000021e+01,1.549132812500000078e+01
3.344599999999999909e+03,1.096801757812500000e+02,3.737499999999999822e+00,1.573249999999999993e+01,1.543664062500000078e+01
3.344699999999999818e+03,1.114196777343750000e+02,3.714999999999999858e+00,1.550750000000000028e+01,1.544265625000000064e+01
3.344800000000000182e+03,1.114562988281250000e+02,3.719999999999999751e+00,1.559750000000000014e+01,1.542515625000000057e+01
3.344900000000000091e+03,1.110351562500000000e+02,3.712499999999999911e+00,1.520999999999999908e+01,1.551210937500000142e+01
3.345000000000000000e+03,1.116027832031250000e+02,3.767500000000000071e+00,1.549000000000000021e+01,1.548367187500000064e+01
3.345099999999999909e+03,1.125000000000000000e+02,3.777499999999999858e+00,1.534999999999999964e+01,1.548531250000000092e+01
3.345199999999999818e+03,1.131958007812500000e+02,3.785000000000000142e+00,1.572000000000000064e+01,1.551046875000000114e+01
3.345300000000000182e+03,1.131408691406250000e+02,3.780000000000000249e+00,1.562999999999999901e+01,1.543718750000000028e+01
3.345400000000000091e+03,1.127746582031250000e+02,3.797499999999999876e+00,1.558750000000000036e+01,1.543664062500000078e+01
3.345500000000000000e+03,1.143310546875000000e+02,3.812500000000000000e+00,1.559999999999999964e+01,1.546453125000000028e+01
3.345599999999999909e+03,1.144958496093750000e+02,3.852500000000000036e+00,1.557000000000000028e+01,1.547984375000000057e+01
3.345699999999999818e+03,1.149536132812500000e+02,3.850000000000000089e+00,1.546749999999999936e+01,1.544976562500000128e+01
3.345800000000000182e+03,1.149536132812500000e+02,3.852500000000000036e+00,1.569999999999999929e+01,1.548257812500000163e+01
3.345900000000000091e+03,1.145874023437500000e+02,3.879999999999999893e+00,1.550999999999999979e+01,1.547984375000000057e+01
3.346000000000000000e+03,1.167480468750000000e+02,3.854999999999999982e+00,1.558750000000000036e+01,1.544046875000000085e+01
3.346099999999999909e+03,1.161987304687500000e+02,3.879999999999999893e+00,1.563749999999999929e+01,1.548750000000000071e+01
3.346199999999999818e+03,1.166931152343750000e+02,3.939999999999999947e+00,1.548749999999999893e+01,1.548367187500000064e+01
3.346300000000000182e+03,1.166564941406250000e+02,3.910000000000000142e+00,1.558999999999999986e+01,1.546726562500000135e+01
3.346400000000000091e+03,1.178100585937500000e+02,3.890000000000000124e+00,1.546749999999999936e+01,1.546671875000000007e+01
3.346500000000000000e+03,1.187255859375000000e+02,3.937500000000000000e+00,1.559999999999999964e+01,1.545906249999999993e+01
3.346599999999999909e+03,1.180847167968750000e+02,3.969999999999999751e+00,1.566999999999999993e+01,1.547492187500000149e+01
3.346699999999999818e+03,1.185974121093750000e+02,3.977500000000000036e+00,1.553999999999999915e+01,1.545632812500000064e+01
3.346800000000000182e+03,1.190917968750000000e+02,4.009999999999999787e+00,1.549000000000000021e+01,1.545523437500000163e+01
3.346900000000000091e+03,1.199523925781250000e+02,4.007500000000000284e+00,1.570749999999999957e+01,1.550062500000000121e+01
3.347000000000000000e+03,1.205566406250000000e+02,4.019999999999999574e+00,1.574000000000000021e+01,1.545195312500000107e+01
3.347099999999999909e+03,1.198974609375000000e+02,4.015000000000000568e+00,1.560749999999999993e+01,1.545906249999999993e+01
3.347199999999999818e+03,1.204467773437500000e+02,4.067499999999999893e+00,1.578999999999999915e+01,1.550773437500000007e+01
3.347300000000000182e+03,1.220947265625000000e+02,4.054999999999999716e+00,1.553999999999999915e+01,1.546726562500000135e+01
3.347400000000000091e+03,1.219116210937500000e+02,4.057500000000000107e+00,1.565000000000000036e+01,1.544757812500000149e+01
3.347500000000000000e+03,1.225158691406250000e+02,4.084999999999999964e+00,1.573749999999999893e+01,1.550062500000000121e+01
3.347599999999999909e+03,1.218200683593750000e+02,4.099999999999999645e+00,1.549499999999999922e+01,1.546890625000000163e+01
3.347699999999999818e+03,1.233215332031250000e+02,4.084999999999999964e+00,1.567999999999999972e+01,1.540164062500000064e+01
3.347800000000000182e+03,1.236328125000000000e+02,4.144999999999999574e+00,1.553999999999999915e+01,1.551374999999999993e+01
3.347900000000000091e+03,1.233215332031250000e+02,4.165000000000000036e+00,1.542999999999999972e+01,1.547273437499999993e+01
3.348000000000000000e+03,1.238708496093750000e+02,4.179999999999999716e+00,1.548749999999999893e+01,1.547273437499999993e+01
3.348099999999999909e+03,1.231933593750000000e+02,4.179999999999999716e+00,1.574000000000000021e+01,1.545140625000000156e+01
3.348199999999999818e+03,1.238342285156250000e+02,4.219999999999999751e+00,1.549000000000000021e+01,1.548148437500000085e+01
3.348300000000000182e+03,1.237609863281250000e+02,4.227500000000000036e+00,1.550750000000000028e+01,1.544210937500000114e+01
3.348400000000000091e+03,1.234497070312500000e+02,4.195000000000000284e+00,1.554999999999999893e+01,1.547710937500000128e+01
3.348500000000000000e+03,1.239624023437500000e+02,3.890000000000000124e+00,1.540750000000000064e+01,1.550390625000000000e+01
3.348599999999999909e+03,1.233581542968750000e+02,4.263749999999999929e+00,1.547000000000000064e+01,1.550117187500000071e+01
3.348699999999999818e+03,1.238159179687500000e+02,2.312499999999984013e-02,1.550999999999999979e+01,-8.531250000000056843e-02
3.348800000000000182e+03,1.237976074218750000e+02,4.312499999999985789e-02,1.564000000000000057e+01,-4.265625000000028422e-02
3.348900000000000091e+03,1.234313964843750000e+02,6.312499999999987566e-02,1.566999999999999993e+01,6.070312499999896971e-02
3.349000000000000000e+03,1.237609863281250000e+02,2.812499999999973355e-02,1.532750000000000057e+01,-4.156250000000039080e-02
3.349099999999999909e+03,1.227905273437500000e+02,3.562500000000001776e-02,1.554749999999999943e+01,-6.343750000000092371e-02
3.349199999999999818e+03,1.233398437500000000e+02,4.062499999999991118e-02,1.581499999999999950e+01,-4.156250000000039080e-02
3.349300000000000182e+03,1.231567382812500000e+02,2.812499999999973355e-02,1.565750000000000064e+01,3.828124999999182876e-03
3.349400000000000091e+03,1.229003906250000000e+02,3.562500000000001776e-02,1.561999999999999922e+01,-7.218750000000095923e-02
3.349500000000000000e+03,1.216186523437500000e+02,2.062499999999989342e-02,1.556749999999999901e+01,-4.210937500000078160e-02
3.349599999999999909e+03,1.208312988281250000e+02,3.062500000000012434e-02,1.553749999999999964e+01,-8.695312500000085265e-02
3.349699999999999818e+03,1.213073730468750000e+02,4.062499999999991118e-02,1.550750000000000028e+01,-6.398437500000042633e-02
3.349800000000000182e+03,1.212158203125000000e+02,5.062500000000014211e-02,1.554999999999999893e+01,-4.648437500000035527e-02
3.349900000000000091e+03,1.183227539062500000e+02,-1.712500000000001243e-01,1.550000000000000000e+01,-1.148437500000110134e-02
3.350000000000000000e+03,1.179748535156250000e+02,5.312500000000008882e-02,1.558000000000000007e+01,-6.398437500000042633e-02
3.350099999999999909e+03,1.173339843750000000e+02,5.312500000000008882e-02,1.552999999999999936e+01,-1.312500000000049738e-02
3.350199999999999818e+03,1.177734375000000000e+02,3.312500000000007105e-02,1.558999999999999986e+01,-3.281250000000035527e-02
3.350300000000000182e+03,1.172058105468750000e+02,5.812499999999998224e-02,1.562749999999999950e+01,-2.734375000000088818e-02
3.350400000000000091e+03,1.132507324218750000e+02,3.062500000000012434e-02,1.548000000000000043e+01,-1.367187500000088818e-02
3.350500000000000000e+03,1.136718750000000000e+02,5.062500000000014211e-02,1.562749999999999950e+01,-6.125000000000024869e-02
3.350599999999999909e+03,1.130493164062500000e+02,2.812499999999973355e-02,1.550999999999999979e+01,-3.390625000000024869e-02
3.350699999999999818e+03,1.134704589843750000e+02,2.062499999999989342e-02,1.558000000000000007e+01,-3.718750000000081712e-02
3.350800000000000182e+03,1.104125976562500000e+02,4.812499999999975131e-02,1.555749999999999922e+01,-3.828125000000071054e-02
3.350900000000000091e+03,1.096252441406250000e+02,7.062500000000015987e-02,1.552999999999999936e+01,-1.367187500000088818e-02
3.351000000000000000e+03,1.101379394531250000e+02,4.312499999999985789e-02,1.559750000000000014e+01,-5.851562500000095923e-02
3.351099999999999909e+03,1.095703125000000000e+02,3.812499999999996447e-02,1.536749999999999972e+01,-6.015625000000035527e-02
3.351199999999999818e+03,1.084350585937500000e+02,2.312499999999984013e-02,1.531749999999999901e+01,-1.039062500000031974e-02
3.351300000000000182e+03,1.070068359375000000e+02,2.062499999999989342e-02,1.549000000000000021e+01,-4.867187500000103029e-02
3.351400000000000091e+03,1.066223144531250000e+02,6.812499999999976907e-02,1.566000000000000014e+01,-3.609375000000092371e-02
3.351500000000000000e+03,1.071166992187500000e+02,5.812499999999998224e-02,1.550999999999999979e+01,-1.585937500000067502e-02
3.351599999999999909e+03,1.065307617187500000e+02,8.062499999999994671e-02,1.575249999999999950e+01,-8.148437500000049738e-02
3.351699999999999818e+03,1.045532226562500000e+02,5.312500000000008882e-02,1.546749999999999936e+01,-1.750000000000095923e-02
3.351800000000000182e+03,1.044250488281250000e+02,2.062499999999989342e-02,1.574750000000000050e+01,-5.468750000000088818e-02
3.351900000000000091e+03,1.039306640625000000e+02,3.062500000000012434e-02,1.587500000000000000e+01,-8.312500000000078160e-02
3.352000000000000000e+03,1.045349121093750000e+02,6.562499999999982236e-02,1.552749999999999986e+01,-4.976562500000092371e-02
3.352099999999999909e+03,1.022460937500000000e+02,3.812499999999996447e-02,1.567999999999999972e+01,-5.687500000000067502e-02
3.352199999999999818e+03,1.020996093750000000e+02,6.812499999999976907e-02,1.587749999999999950e+01,8.203124999999644729e-03
3.352300000000000182e+03,1.020446777343750000e+02,4.562499999999980460e-02,1.539499999999999957e+01,-2.078125000000063949e-02
3.352400000000000091e+03,1.016601562500000000e+02,3.062500000000012434e-02,1.568750000000000000e+01,-7.109375000000106581e-02
3.352500000000000000e+03,1.018249511718750000e+02,4.062499999999991118e-02,1.570999999999999908e+01,-5.523437500000039080e-02
3.352599999999999909e+03,9.955444335937500000e+01,5.624999999999769074e-03,1.549750000000000050e+01,-5.687500000000067502e-02
3.352699999999999818e+03,9.988403320312500000e+01,4.312499999999985789e-02,1.558000000000000007e+01,-2.843750000000078160e-02
3.352800000000000182e+03,9.990234375000000000e+01,2.562499999999978684e-02,1.573749999999999893e+01,-9.953125000000095923e-02
3.352900000000000091e+03,9.946289062500000000e+01,1.312500000000005329e-02,1.560999999999999943e+01,-4.539062500000046185e-02
3.353000000000000000e+03,9.834594726562500000e+01,8.812499999999978684e-02,1.558999999999999986e+01,-5.031250000000042633e-02
3.353099999999999909e+03,9.761352539062500000e+01,5.062500000000014211e-02,1.567750000000000021e+01,-8.640625000000046185e-02
3.353199999999999818e+03,9.799804687500000000e+01,2.062499999999989342e-02,1.567999999999999972e+01,-1.585937500000067502e-02
3.353300000000000182e+03,9.794311523437500000e+01,7.312500000000010658e-02,1.558000000000000007e+01,5.468749999999467093e-03
3.353400000000000091e+03,9.655151367187500000e+01,1.062500000000010658e-02,1.536999999999999922e+01,-1.750000000000095923e-02
3.353500000000000000e+03,9.620361328125000000e+01,2.312499999999984013e-02,1.562999999999999901e+01,-4.210937500000078160e-02
3.353599999999999909e+03,9.567260742187500000e+01,5.812499999999998224e-02,1.552749999999999986e+01,-3.992187500000099476e-02
3.353699999999999818e+03,9.603881835937500000e+01,3.062500000000012434e-02,1.541750000000000043e+01,-7.382812500000035527e-02
3.353800000000000182e+03,9.605712890625000000e+01,6.062499999999992895e-02,1.547499999999999964e+01,-6.015625000000746070e-03
3.353900000000000091e+03,9.407958984375000000e+01,4.812499999999975131e-02,1.565750000000000064e+01,-4.320312500000067502e-02
3.354000000000000000e+03,9.448242187500000000e+01,5.062500000000014211e-02,1.550999999999999979e+01,-1.750000000000095923e-02
3.354099999999999909e+03,9.395141601562500000e+01,3.312500000000007105e-02,1.550750000000000028e+01,-4.375000000000461853e-03
3.354199999999999818e+03,9.431762695312500000e+01,1.312500000000005329e-02,1.581749999999999901e+01,-3.335937500000074607e-02
3.354300000000000182e+03,9.318237304687500000e+01,3.812499999999996447e-02,1.566000000000000014e+01,-4.812500000000063949e-02
3.354400000000000091e+03,9.235839843750000000e+01,5.624999999999769074e-03,1.554499999999999993e+01,-9.843750000000817124e-03
3.354500000000000000e+03,9.287109375000000000e+01,2.812499999999973355e-02,1.540499999999999936e+01,-4.265625000000028422e-02
3.354599999999999909e+03,9.239501953125000000e+01,3.812499999999996447e-02,1.561749999999999972e+01,4.046874999999960920e-02
3.354699999999999818e+03,9.244995117187500000e+01,2.062499999999989342e-02,1.567499999999999893e+01,-5.414062500000049738e-02
3.354800000000000182e+03,9.127807617187500000e+01,4.562499999999980460e-02,1.560500000000000043e+01,-6.726562500000099476e-02
3.354900000000000091e+03,9.082031250000000000e+01,6.249999999998756550e-04,1.561749999999999972e+01,-1.093750000000781597e-03
3.355000000000000000e+03,9.133300781250000000e+01,4.812499999999975131e-02,1.567750000000000021e+01,-3.445312500000063949e-02
3.355099999999999909e+03,9.083862304687500000e+01,1.562500000000000000e-02,1.556749999999999901e+01,-8.750000000000035527e-02
3.355199999999999818e+03,8.990478515625000000e+01,5.062500000000014211e-02,1.555749999999999922e+01,6.562499999999360512e-03
3.355300000000000182e+03,8.977661132812500000e+01,3.312500000000007105e-02,1.562749999999999950e+01,-5.906250000000046185e-02
3.355400000000000091e+03,8.933715820312500000e+01,3.812499999999996447e-02,1.564000000000000057e+01,-5.359375000000099476e-02
3.355500000000000000e+03,8.986816406250000000e+01,5.812499999999998224e-02,1.560999999999999943e+01,-5.906250000000046185e-02
3.355599999999999909e+03,8.875122070312500000e+01,4.562499999999980460e-02,1.558000000000000007e+01,-4.812500000000063949e-02
3.355699999999999818e+03,8.831176757812500000e+01,2.562499999999978684e-02,1.564749999999999908e+01,-4.976562500000092371e-02
3.355800000000000182e+03,8.834838867187500000e+01,6.312499999999987566e-02,1.559750000000000014e+01,-7.929687500000071054e-02
3.355900000000000091e+03,8.796386718750000000e+01,4.812499999999975131e-02,1.553999999999999915e+01,-1.968750000000074607e-02
3.356000000000000000e+03,8.842163085937500000e+01,3.062500000000012434e-02,1.562999999999999901e+01,-2.570312500000060396e-02
3.356099999999999909e+03,8.670043945312500000e+01,2.812499999999973355e-02,1.583499999999999908e+01,-8.312500000000078160e-02
3.356199999999999818e+03,8.690185546875000000e+01,4.062499999999991118e-02,1.558000000000000007e+01,-6.398437500000042633e-02
3.356300000000000182e+03,8.695678710937500000e+01,2.812499999999973355e-02,1.554999999999999893e+01,-9.843750000000817124e-03
3.356400000000000091e+03,8.649902343750000000e+01,2.312499999999984013e-02,1.572000000000000064e+01,-2.843750000000078160e-02
3.356500000000000000e+03,8.602294921875000000e+01,4.062499999999991118e-02,1.567750000000000021e+01,-7.109375000000639488e-03
3.356599999999999909e+03,8.523559570312500000e+01,5.812499999999998224e-02,1.559750000000000014e+01,-7.328125000000085265e-02
3.356699999999999818e+03,8.551025390625000000e+01,2.562499999999978684e-02,1.545999999999999908e+01,-5.632812500000028422e-02
3.356800000000000182e+03,8.556518554687500000e+01,2.062499999999989342e-02,1.564000000000000057e+01,-2.679687500000049738e-02
3.356900000000000091e+03,8.503417968750000000e+01,3.812499999999996447e-02,1.543500000000000050e+01,-5.960937500000085265e-02
3.357000000000000000e+03,8.437500000000000000e+01,5.812499999999998224e-02,1.544999999999999929e+01,-2.078125000000063949e-02
3.357099999999999909e+03,8.389892578125000000e+01,3.812499999999996447e-02,1.532000000000000028e+01,-7.929687500000071054e-02
3.357199999999999818e+03,8.417358398437500000e+01,4.312499999999985789e-02,1.565000000000000036e+01,-3.500000000000103029e-02
3.357300000000000182e+03,8.424682617187500000e+01,5.312500000000008882e-02,1.569749999999999979e+01,-4.648437500000035527e-02
3.357400000000000091e+03,8.276367187500000000e+01,3.312500000000007105e-02,1.553749999999999964e+01,-5.140625000000031974e-02
3.357500000000000000e+03,8.307495117187500000e+01,2.312499999999984013e-02,1.576999999999999957e+01,-6.617187500000110134e-02
3.357599999999999909e+03,8.259887695312500000e+01,4.062499999999991118e-02,1.572000000000000064e+01,-2.679687500000049738e-02
3.357699999999999818e+03,8.289184570312500000e+01,2.562499999999978684e-02,1.574499999999999922e+01,-4.375000000000106581e-02
3.357800000000000182e+03,8.230590820312500000e+01,5.312500000000008882e-02,1.566750000000000043e+01,-4.812500000000063949e-02
3.357900000000000091e+03,8.126220703125000000e+01,4.062499999999991118e-02,1.549000000000000021e+01,-3.062500000000056843e-02
3.358000000000000000e+03,8.173828125000000000e+01,4.062499999999991118e-02,1.550999999999999979e+01,-1.914062500000035527e-02
3.358099999999999909e+03,8.135375976562500000e+01,-4.375000000000017764e-03,1.552999999999999936e+01,-9.296875000000071054e-02
3.358199999999999818e+03,8.157348632812500000e+01,3.062500000000012434e-02,1.558750000000000036e+01,-1.099218750000003908e-01
3.358300000000000182e+03,8.058471679687500000e+01,5.562500000000003553e-02,1.544999999999999929e+01,-9.406250000000060396e-02
3.358400000000000091e+03,8.007202148437500000e+01,2.562499999999978684e-02,1.533750000000000036e+01,-3.171875000000046185e-02
3.358500000000000000e+03,8.054809570312500000e+01,2.812499999999973355e-02,1.552999999999999936e+01,-7.984375000000110134e-02
3.358599999999999909e+03,8.014526367187500000e+01,1.812499999999994671e-02,1.562999999999999901e+01,-1.859375000000085265e-02
3.358699999999999818e+03,7.955932617187500000e+01,5.062500000000014211e-02,1.558000000000000007e+01,-1.640625000000284217e-03
3.358800000000000182e+03,7.930297851562500000e+01,4.562499999999980460e-02,1.575999999999999979e+01,9.296874999999538147e-03
3.358900000000000091e+03,7.884521484375000000e+01,2.812499999999973355e-02,1.587749999999999950e+01,5.304687499999971578e-02
3.359000000000000000e+03,7.932128906250000000e+01,4.312499999999985789e-02,1.556499999999999950e+01,-4.210937500000078160e-02
3.359099999999999909e+03,7.884521484375000000e+01,5.562500000000003553e-02,1.561999999999999922e+01,-4.101562500000088818e-02
3.359199999999999818e+03,7.803955078125000000e+01,4.812499999999975131e-02,1.552999999999999936e+01,-4.976562500000092371e-02
3.359300000000000182e+03,7.802124023437500000e+01,5.062500000000014211e-02,1.549499999999999922e+01,-5.468750000000088818e-02
3.359400000000000091e+03,7.765502929687500000e+01,5.562500000000003553e-02,1.556000000000000050e+01,-3.500000000000103029e-02
3.359500000000000000e+03,7.809448242187500000e+01,7.062500000000015987e-02,1.562999999999999901e+01,-4.484375000000095923e-02
3.359599999999999909e+03,7.679443359375000000e+01,4.562499999999980460e-02,1.556000000000000050e+01,-7.328125000000085265e-02
3.359699999999999818e+03,7.686767578125000000e+01,4.562499999999980460e-02,1.547749999999999915e+01,-2.570312500000060396e-02
3.359800000000000182e+03,7.697753906250000000e+01,3.812499999999996447e-02,1.547749999999999915e+01,-3.882812500000110134e-02
3.359900000000000091e+03,7.657470703125000000e+01,6.312499999999987566e-02,1.563749999999999929e+01,-2.187500000000053291e-02
3.360000000000000000e+03,7.651977539062500000e+01,1.562500000000000000e-02,1.540750000000000064e+01,-2.734375000001065814e-03
3.360099999999999909e+03,7.554931640625000000e+01,2.312499999999984013e-02,1.566999999999999993e+01,-1.066406250000007105e-01
3.360199999999999818e+03,7.575073242187500000e+01,4.562499999999980460e-02,1.559999999999999964e+01,-7.765625000000042633e-02
3.360300000000000182e+03,7.584228515625000000e+01,5.562500000000003553e-02,1.545999999999999908e+01,-6.562500000000248690e-03
3.360400000000000091e+03,7.542114257812500000e+01,5.062500000000014211e-02,1.550000000000000000e+01,-4.867187500000103029e-02
3.360500000000000000e+03,7.490844726562500000e+01,2.812499999999973355e-02,1.572000000000000064e+01,-4.484375000000095923e-02
3.360599999999999909e+03,7.443237304687500000e+01,2.812499999999973355e-02,1.570749999999999957e+01,-5.359375000000099476e-02
3.360699999999999818e+03,7.468872070312500000e+01,4.062499999999991118e-02,1.558000000000000007e+01,-3.062500000000056843e-02
3.360800000000000182e+03,7.474365234375000000e+01,7.312500000000010658e-02,1.561999999999999922e+01,-8.881784197001252323e-16
3.360900000000000091e+03,7.360839843750000000e+01,4.562499999999980460e-02,1.550999999999999979e+01,-4.703125000000074607e-02
3.361000000000000000e+03,7.369995117187500000e+01,3.062500000000012434e-02,1.534500000000000064e+01,3.281249999999680256e-03
3.361099999999999909e+03,7.335205078125000000e+01,1.062500000000010658e-02,1.572749999999999915e+01,-2.515625000000110134e-02
3.361199999999999818e+03,7.357177734375000000e+01,5.562500000000003553e-02,1.558750000000000036e+01,-5.031250000000042633e-02
3.361300000000000182e+03,7.362670898437500000e+01,5.312500000000008882e-02,1.558750000000000036e+01,8.203124999999644729e-03
3.361400000000000091e+03,7.230834960937500000e+01,3.062500000000012434e-02,1.564000000000000057e+01,1.093749999999005240e-03
3.361500000000000000e+03,7.271118164062500000e+01,3.062500000000012434e-02,1.538749999999999929e+01,-9.296875000000071054e-02
3.361599999999999909e+03,7.236328125000000000e+01,5.562500000000003553e-02,1.548000000000000043e+01,-6.015625000000035527e-02
3.361699999999999818e+03,7.254638671875000000e+01,1.562500000000000000e-02,1.549000000000000021e+01,-6.945312500000078160e-02
3.361800000000000182e+03,7.186889648437500000e+01,6.812499999999976907e-02,1.570999999999999908e+01,-8.039062500000060396e-02
3.361900000000000091e+03,7.126464843750000000e+01,4.812499999999975131e-02,1.567750000000000021e+01,-6.234375000000103029e-02
3.362000000000000000e+03,7.166748046875000000e+01,3.312500000000007105e-02,1.566000000000000014e+01,-9.187500000000081712e-02
3.362099999999999909e+03,7.135620117187500000e+01,5.624999999999769074e-03,1.549000000000000021e+01,-5.359375000000099476e-02
3.362199999999999818e+03,7.126464843750000000e+01,3.062500000000012434e-02,1.562749999999999950e+01,-3.226562500000085265e-02
3.362300000000000182e+03,7.062377929687500000e+01,3.312500000000007105e-02,1.581499999999999950e+01,-6.179687500000063949e-02
3.362400000000000091e+03,7.023925781250000000e+01,2.062499999999989342e-02,1.539499999999999957e+01,-8.750000000000923706e-03
3.362500000000000000e+03,7.071533203125000000e+01,4.062499999999991118e-02,1.572000000000000064e+01,-3.281250000000035527e-02
3.362599999999999909e+03,7.034912109375000000e+01,3.312500000000007105e-02,1.526500000000000057e+01,-4.265625000000028422e-02
3.362699999999999818e+03,6.965332031250000000e+01,5.812499999999998224e-02,1.541999999999999993e+01,-6.726562500000099476e-02
3.362800000000000182e+03,6.965332031250000000e+01,3.062500000000012434e-02,1.585749999999999993e+01,-7.546875000000063949e-02
3.362900000000000091e+03,6.923217773437500000e+01,5.562500000000003553e-02,1.526999999999999957e+01,-4.593750000000085265e-02
3.363000000000000000e+03,6.970825195312500000e+01,3.812499999999996447e-02,1.568999999999999950e+01,-1.531250000000028422e-02
3.363099999999999909e+03,6.882934570312500000e+01,4.312499999999985789e-02,1.578999999999999915e+01,-3.664062500000042633e-02
3.363199999999999818e+03,6.864624023437500000e+01,3.312500000000007105e-02,1.554749999999999943e+01,-5.085937500000081712e-02
3.363300000000000182e+03,6.871948242187500000e+01,4.312499999999985789e-02,1.564000000000000057e+01,4.046874999999960920e-02
3.363400000000000091e+03,6.833496093750000000e+01,5.812499999999998224e-02,1.569999999999999929e+01,-1.695312500000056843e-02
3.363500000000000000e+03,6.877441406250000000e+01,5.312500000000008882e-02,1.570749999999999957e+01,-5.578125000000078160e-02
3.363599999999999909e+03,6.763916015625000000e+01,1.562500000000000000e-02,1.566750000000000043e+01,-3.281250000000035527e-02
3.363699999999999818e+03,6.774902343750000000e+01,4.812499999999975131e-02,1.554999999999999893e+01,-6.015625000000746070e-03
3.363800000000000182e+03,6.782226562500000000e+01,5.562500000000003553e-02,1.586500000000000021e+01,-5.304687500000060396e-02
3.363900000000000091e+03,6.745605468750000000e+01,4.312499999999985789e-02,1.567750000000000021e+01,-3.937500000000060396e-02
3.364000000000000000e+03,6.719970703125000000e+01,5.562500000000003553e-02,1.537999999999999901e+01,2.624999999999921840e-02
3.364099999999999909e+03,6.670532226562500000e+01,4.562499999999980460e-02,1.567499999999999893e+01,-5.195312500000071054e-02
3.364199999999999818e+03,6.685180664062500000e+01,2.062499999999989342e-02,1.567999999999999972e+01,-1.531250000000028422e-02
3.364300000000000182e+03,6.690673828125000000e+01,4.562499999999980460e-02,1.553999999999999915e+01,-4.265625000000028422e-02
3.364400000000000091e+03,6.637573242187500000e+01,6.312499999999987566e-02,1.544749999999999979e+01,-2.843750000000078160e-02
3.364500000000000000e+03,6.611938476562500000e+01,7.312500000000010658e-02,1.551999999999999957e+01,-4.921875000000053291e-02
3.364599999999999909e+03,6.577148437500000000e+01,6.062499999999992895e-02,1.579999999999999893e+01,-5.140625000000031974e-02
3.364699999999999818e+03,6.595458984375000000e+01,4.062499999999991118e-02,1.545999999999999908e+01,-6.015625000000746070e-03
3.364800000000000182e+03,6.602783203125000000e+01,3.312500000000007105e-02,1.539000000000000057e+01,-3.117187500000095923e-02
3.364900000000000091e+03,6.489257812500000000e+01,4.812499999999975131e-02,1.581499999999999950e+01,-9.570312500000088818e-02
3.365000000000000000e+03,6.518554687500000000e+01,6.312499999999987566e-02,1.585500000000000043e+01,2.187499999998898659e-03
3.365099999999999909e+03,6.491088867187500000e+01,4.562499999999980460e-02,1.558499999999999908e+01,-1.476562500000078160e-02
3.365199999999999818e+03,6.503906250000000000e+01,2.062499999999989342e-02,1.552749999999999986e+01,-3.664062500000042633e-02
3.365300000000000182e+03,6.474609375000000000e+01,2.562499999999978684e-02,1.560999999999999943e+01,-5.359375000000099476e-02
3.365400000000000091e+03,6.395874023437500000e+01,-4.375000000000017764e-03,1.568999999999999950e+01,-3.828125000000071054e-02
3.365500000000000000e+03,6.437988281250000000e+01,7.312500000000010658e-02,1.562500000000000000e+01,6.562499999999360512e-03
3.365599999999999909e+03,6.412353515625000000e+01,5.062500000000014211e-02,1.536999999999999922e+01,1.093749999999005240e-03
3.365699999999999818e+03,6.425170898437500000e+01,8.625000000000015987e-02,1.550750000000000028e+01,-5.414062500000049738e-02
3.365800000000000182e+03,6.355590820312500000e+01,3.812499999999996447e-02,1.581250000000000000e+01,-5.085937500000081712e-02
3.365900000000000091e+03,6.313476562500000000e+01,2.562499999999978684e-02,1.553999999999999915e+01,-3.171875000000046185e-02
3.366000000000000000e+03,6.355590820312500000e+01,1.062500000000010658e-02,1.575000000000000000e+01,-2.898437500000028422e-02
3.366099999999999909e+03,6.331787109375000000e+01,3.062500000000012434e-02,1.550750000000000028e+01,-3.171875000000046185e-02
3.366199999999999818e+03,6.284179687500000000e+01,4.562499999999980460e-02,1.551999999999999957e+01,-6.343750000000092371e-02
3.366300000000000182e+03,6.271362304687500000e+01,5.812499999999998224e-02,1.551500000000000057e+01,-5.578125000000078160e-02
3.366400000000000091e+03,6.232910156250000000e+01,4.812499999999975131e-02,1.562749999999999950e+01,-2.843750000000078160e-02
3.366500000000000000e+03,6.275024414062500000e+01,2.562499999999978684e-02,1.551750000000000007e+01,-2.132812500000103029e-02
3.366599999999999909e+03,6.243896484375000000e+01,8.875000000000010658e-02,1.544999999999999929e+01,-6.070312500000074607e-02
3.366699999999999818e+03,6.183471679687500000e+01,5.812499999999998224e-02,1.556749999999999901e+01,-3.117187500000095923e-02
3.366800000000000182e+03,6.192626953125000000e+01,6.312499999999987566e-02,1.548749999999999893e+01,-8.312500000000078160e-02
3.366900000000000091e+03,6.154174804687500000e+01,5.625000000000000000e-01,1.539000000000000057e+01,-2.734375000000088818e-02
3.367000000000000000e+03,6.192626953125000000e+01,6.812499999999976907e-02,1.564000000000000057e+01,-3.828125000000071054e-02
3.367099999999999909e+03,6.102905273437500000e+01,4.812499999999975131e-02,1.559500000000000064e+01,-1.093750000000071054e-02
3.367199999999999818e+03,6.101074218750000000e+01,3.062500000000012434e-02,1.563749999999999929e+01,-4.429687500000056843e-02
3.367300000000000182e+03,6.110229492187500000e+01,5.812499999999998224e-02,1.566999999999999993e+01,-4.648437500000035527e-02
3.367400000000000091e+03,6.071777343750000000e+01,1.062500000000010658e-02,1.554749999999999943e+01,-6.398437500000042633e-02
3.367500000000000000e+03,6.088256835937500000e+01,1.562500000000000000e-02,1.565000000000000036e+01,-4.812500000000063949e-02
3.367599999999999909e+03,6.011352539062500000e+01,3.562500000000001776e-02,1.566499999999999915e+01,-6.234375000000103029e-02
3.367699999999999818e+03,6.022338867187500000e+01,7.312500000000010658e-02,1.551999999999999957e+01,-6.562500000000071054e-02
3.367800000000000182e+03,6.031494140625000000e+01,6.062499999999992895e-02,1.559750000000000014e+01,-5.359375000000099476e-02
3.367900000000000091e+03,5.994873046875000000e+01,4.062499999999991118e-02,1.600249999999999773e+01,-8.203125000000532907e-03
3.368000000000000000e+03,5.967407226562500000e+01,5.062500000000014211e-02,1.568249999999999922e+01,-2.406250000000031974e-02
3.368099999999999909e+03,5.939941406250000000e+01,5.312500000000008882e-02,1.553999999999999915e+01,-3.609375000000092371e-02
3.368199999999999818e+03,5.949096679687500000e+01,4.562499999999980460e-02,1.556749999999999901e+01,-5.468750000000088818e-02
3.368300000000000182e+03,5.960083007812500000e+01,5.812499999999998224e-02,1.558750000000000036e+01,-3.007812500000106581e-02
3.368400000000000091e+03,5.881347656250000000e+01,-2.499999999999946709e-03,1.544999999999999929e+01,-3.828125000000959233e-03
3.368500000000000000e+03,5.894165039062500000e+01,8.124999999999715783e-03,1.562749999999999950e+01,-1.421875000000039080e-02
3.368599999999999909e+03,5.864868164062500000e+01,4.312499999999985789e-02,1.586749999999999972e+01,-3.773437500000031974e-02
3.368699999999999818e+03,5.881347656250000000e+01,3.062500000000012434e-02,1.589499999999999957e+01,-1.257812500000099476e-02
3.368800000000000182e+03,5.890502929687500000e+01,4.812499999999975131e-02,1.574499999999999922e+01,-5.687500000000067502e-02
3.368900000000000091e+03,5.787963867187500000e+01,4.562499999999980460e-02,1.566000000000000014e+01,4.374999999999573674e-03
3.369000000000000000e+03,5.824584960937500000e+01,6.062499999999992895e-02,1.540000000000000036e+01,-2.625000000000099476e-02
3.369099999999999909e+03,5.798950195312500000e+01,3.312500000000007105e-02,1.529999999999999893e+01,-3.992187500000099476e-02
3.369199999999999818e+03,5.809936523437500000e+01,5.562500000000003553e-02,1.560749999999999993e+01,3.828124999999182876e-03
3.369300000000000182e+03,5.765991210937500000e+01,2.562499999999978684e-02,1.563749999999999929e+01,-2.460937500000071054e-02
3.369400000000000091e+03,5.718383789062500000e+01,3.562500000000001776e-02,1.545999999999999908e+01,-3.718750000000081712e-02
3.369500000000000000e+03,5.749511718750000000e+01,3.562500000000001776e-02,1.554749999999999943e+01,-2.351562500000081712e-02
3.369599999999999909e+03,5.725708007812500000e+01,2.312499999999984013e-02,1.572000000000000064e+01,1.093749999999005240e-03
3.369699999999999818e+03,5.727539062500000000e+01,5.562500000000003553e-02,1.553749999999999964e+01,-2.679687500000049738e-02
3.369800000000000182e+03,5.694580078125000000e+01,1.812499999999994671e-02,1.531000000000000050e+01,-2.460937500000071054e-02
3.369900000000000091e+03,5.654296875000000000e+01,7.312500000000010658e-02,1.566000000000000014e+01,-2.023437500000024869e-02
3.370000000000000000e+03,5.692749023437500000e+01,5.812499999999998224e-02,1.577999999999999936e+01,-7.109375000000639488e-03
3.370099999999999909e+03,5.668945312500000000e+01,5.312500000000008882e-02,1.569999999999999929e+01,-1.585937500000067502e-02
3.370199999999999818e+03,5.621337890625000000e+01,4.312499999999985789e-02,1.567499999999999893e+01,-2.953125000000067502e-02
3.370300000000000182e+03,5.623168945312500000e+01,8.374999999999976907e-02,1.562999999999999901e+01,-1.421875000000039080e-02
3.370400000000000091e+03,5.582885742187500000e+01,7.312500000000010658e-02,1.547000000000000064e+01,-8.203125000000532907e-03
3.370500000000000000e+03,5.623168945312500000e+01,6.562499999999982236e-02,1.550999999999999979e+01,-1.044531250000009237e-01
3.370599999999999909e+03,5.570068359375000000e+01,5.562500000000003553e-02,1.547749999999999915e+01,-6.015625000000035527e-02
3.370699999999999818e+03,5.551757812500000000e+01,3.562500000000001776e-02,1.558999999999999986e+01,-5.468750000000088818e-02
3.370800000000000182e+03,5.559082031250000000e+01,2.812499999999973355e-02,1.570749999999999957e+01,-3.609375000000092371e-02
3.370900000000000091e+03,5.526123046875000000e+01,6.562499999999982236e-02,1.557000000000000028e+01,-6.781250000000049738e-02
3.371000000000000000e+03,5.564575195312500000e+01,6.062499999999992895e-02,1.567999999999999972e+01,2.187499999998898659e-03
3.371099999999999909e+03,5.484008789062500000e+01,3.562500000000001776e-02,1.558999999999999986e+01,-1.914062500000035527e-02
3.371199999999999818e+03,5.489501953125000000e+01,3.312500000000007105e-02,1.576999999999999957e+01,-8.203125000000088818e-02
3.371300000000000182e+03,5.498657226562500000e+01,3.062500000000012434e-02,1.541999999999999993e+01,-7.109375000000106581e-02
3.371400000000000091e+03,5.465698242187500000e+01,4.312499999999985789e-02,1.569999999999999929e+01,-1.367187500000088818e-02
3.371500000000000000e+03,5.454711914062500000e+01,3.812499999999996447e-02,1.553999999999999915e+01,-2.296875000000042633e-02
3.371599999999999909e+03,5.412597656250000000e+01,5.312500000000008882e-02,1.573249999999999993e+01,-6.234375000000103029e-02
3.371699999999999818e+03,5.421752929687500000e+01,2.812499999999973355e-02,1.557000000000000028e+01,-4.976562500000092371e-02
3.371800000000000182e+03,5.432739257812500000e+01,5.812499999999998224e-02,1.549000000000000021e+01,-1.050000000000004263e-01
3.371900000000000091e+03,5.388793945312500000e+01,-4.375000000000017764e-03,1.540000000000000036e+01,-4.593750000000085265e-02
3.372000000000000000e+03,5.385131835937500000e+01,4.062499999999991118e-02,1.564000000000000057e+01,-7.656250000001030287e-03
3.372099999999999909e+03,5.359497070312500000e+01,4.562499999999980460e-02,1.567999999999999972e+01,-4.484375000000095923e-02
3.372199999999999818e+03,5.368652343750000000e+01,4.812499999999975131e-02,1.585749999999999993e+01,-6.945312500000078160e-02
3.372300000000000182e+03,5.377807617187500000e+01,3.062500000000012434e-02,1.573749999999999893e+01,-4.703125000000074607e-02
3.372400000000000091e+03,5.299072265625000000e+01,4.562499999999980460e-02,1.545749999999999957e+01,2.023437499999936051e-02
3.372500000000000000e+03,5.324707031250000000e+01,2.312499999999984013e-02,1.567999999999999972e+01,-5.304687500000060396e-02
3.372599999999999909e+03,5.302734375000000000e+01,2.812499999999973355e-02,1.565000000000000036e+01,-5.468750000000355271e-03
3.372699999999999818e+03,5.308227539062500000e+01,4.312499999999985789e-02,1.572000000000000064e+01,-9.843750000000817124e-03
3.372800000000000182e+03,5.313720703125000000e+01,2.312499999999984013e-02,1.593500000000000050e+01,-6.070312500000074607e-02
3.372900000000000091e+03,5.277099609375000000e+01,3.812499999999996447e-02,1.566999999999999993e+01,-6.125000000000024869e-02
3.373000000000000000e+03,5.311889648437500000e+01,3.562500000000001776e-02,1.575750000000000028e+01,-8.640625000000046185e-02
3.373099999999999909e+03,5.289916992187500000e+01,7.812500000000000000e-02,1.560749999999999993e+01,-6.179687500000063949e-02
3.373199999999999818e+03,5.299072265625000000e+01,5.312500000000008882e-02,1.558750000000000036e+01,-2.296875000000042633e-02
3.373300000000000182e+03,5.308227539062500000e+01,3.062500000000012434e-02,1.568999999999999950e+01,-1.859375000000085265e-02
3.373400000000000091e+03,5.273437500000000000e+01,4.312499999999985789e-02,1.581250000000000000e+01,-3.007812500000106581e-02
3.373500000000000000e+03,5.310058593750000000e+01,5.312500000000008882e-02,1.566000000000000014e+01,-1.421875000000039080e-02
3.373599999999999909e+03,5.291748046875000000e+01,6.062499999999992895e-02,1.553999999999999915e+01,-1.476562500000078160e-02
3.373699999999999818e+03,5.368652343750000000e+01,4.144999999999999574e+00,1.567750000000000021e+01,1.941734375000000057e+01
3.373800000000000182e+03,5.418090820312500000e+01,2.927500000000000213e+00,1.547749999999999915e+01,1.549296875000000107e+01
3.373900000000000091e+03,5.385131835937500000e+01,2.917499999999999982e+00,1.590750000000000064e+01,1.549242187500000156e+01
3.374000000000000000e+03,5.418090820312500000e+01,2.972500000000000142e+00,1.561749999999999972e+01,1.543554687500000000e+01
3.374099999999999909e+03,5.397949218750000000e+01,2.975000000000000089e+00,1.562999999999999901e+01,1.543062500000000092e+01
3.374199999999999818e+03,5.639648437500000000e+01,2.975000000000000089e+00,1.559999999999999964e+01,1.547820312500000028e+01
3.374300000000000182e+03,5.657958984375000000e+01,3.000000000000000000e+00,1.595749999999999957e+01,1.551101562500000064e+01
3.374400000000000091e+03,5.621337890625000000e+01,2.987499999999999822e+00,1.570749999999999957e+01,1.553507812500000007e+01
3.374500000000000000e+03,5.661621093750000000e+01,3.009999999999999787e+00,1.584500000000000064e+01,1.547218750000000043e+01
3.374599999999999909e+03,5.912475585937500000e+01,3.035000000000000142e+00,1.560749999999999993e+01,1.546070312500000021e+01
3.374699999999999818e+03,6.000366210937500000e+01,3.015000000000000124e+00,1.578999999999999915e+01,1.543171874999999993e+01
3.374800000000000182e+03,6.009521484375000000e+01,2.992500000000000160e+00,1.560999999999999943e+01,1.550609375000000156e+01
3.374900000000000091e+03,5.974731445312500000e+01,3.020000000000000018e+00,1.572749999999999915e+01,1.546398437500000078e+01
3.375000000000000000e+03,6.134033203125000000e+01,2.997500000000000053e+00,1.556000000000000050e+01,1.550554687500000028e+01
3.375099999999999909e+03,6.434326171875000000e+01,3.029999999999999805e+00,1.566000000000000014e+01,1.545304687500000007e+01
3.375199999999999818e+03,6.463623046875000000e+01,3.049999999999999822e+00,1.562500000000000000e+01,1.547820312500000028e+01
3.375300000000000182e+03,6.472778320312500000e+01,3.077500000000000124e+00,1.550999999999999979e+01,1.549625000000000163e+01
3.375400000000000091e+03,6.436157226562500000e+01,3.057500000000000107e+00,1.562999999999999901e+01,1.545960937500000121e+01
3.375500000000000000e+03,6.815185546875000000e+01,3.057500000000000107e+00,1.541750000000000043e+01,1.544210937500000114e+01
3.375599999999999909e+03,6.824340820312500000e+01,3.084999999999999964e+00,1.588499999999999979e+01,1.545085937500000028e+01
3.375699999999999818e+03,6.840820312500000000e+01,3.097500000000000142e+00,1.566999999999999993e+01,1.545031250000000078e+01
3.375800000000000182e+03,6.851806640625000000e+01,3.089999999999999858e+00,1.550999999999999979e+01,1.546726562500000135e+01
3.375900000000000091e+03,7.003784179687500000e+01,3.100000000000000089e+00,1.558999999999999986e+01,1.547765625000000078e+01
3.376000000000000000e+03,7.172241210937500000e+01,3.084999999999999964e+00,1.551999999999999957e+01,1.551648437500000099e+01
3.376099999999999909e+03,7.144775390625000000e+01,3.129999999999999893e+00,1.557000000000000028e+01,1.544976562500000128e+01
3.376199999999999818e+03,7.164916992187500000e+01,3.147499999999999964e+00,1.542750000000000021e+01,1.553890625000000014e+01
3.376300000000000182e+03,7.172241210937500000e+01,3.117500000000000160e+00,1.576999999999999957e+01,1.550500000000000078e+01
3.376400000000000091e+03,7.397460937500000000e+01,3.177500000000000213e+00,1.570749999999999957e+01,1.550773437500000007e+01
3.376500000000000000e+03,7.457885742187500000e+01,3.167499999999999982e+00,1.570999999999999908e+01,1.548312500000000114e+01
3.376599999999999909e+03,7.423095703125000000e+01,3.145000000000000018e+00,1.559999999999999964e+01,1.546125000000000149e+01
3.376699999999999818e+03,7.445068359375000000e+01,3.177500000000000213e+00,1.553500000000000014e+01,1.538796875000000064e+01
3.376800000000000182e+03,7.648315429687500000e+01,3.189999999999999947e+00,1.565750000000000064e+01,1.546726562500000135e+01
3.376900000000000091e+03,7.672119140625000000e+01,3.162500000000000089e+00,1.549000000000000021e+01,1.550828125000000135e+01
3.377000000000000000e+03,7.717895507812500000e+01,3.174999999999999822e+00,1.561749999999999972e+01,1.548859375000000149e+01
3.377099999999999909e+03,7.683105468750000000e+01,3.180000000000000160e+00,1.558999999999999986e+01,1.547437500000000021e+01
3.377199999999999818e+03,7.749023437500000000e+01,3.169999999999999929e+00,1.565750000000000064e+01,1.543500000000000050e+01
3.377300000000000182e+03,7.943115234375000000e+01,3.212499999999999911e+00,1.564000000000000057e+01,1.549679687500000114e+01
3.377400000000000091e+03,7.919311523437500000e+01,3.205000000000000071e+00,1.559750000000000014e+01,1.546125000000000149e+01
3.377500000000000000e+03,7.963256835937500000e+01,3.187500000000000000e+00,1.565000000000000036e+01,1.543664062500000078e+01
3.377599999999999909e+03,7.919311523437500000e+01,3.217499999999999805e+00,1.555749999999999922e+01,1.549023437500000000e+01
3.377699999999999818e+03,8.148193359375000000e+01,3.214999999999999858e+00,1.583499999999999908e+01,1.548914062500000099e+01
3.377800000000000182e+03,8.181152343750000000e+01,3.227500000000000036e+00,1.567999999999999972e+01,1.547492187500000149e+01
3.377900000000000091e+03,8.144531250000000000e+01,3.250000000000000000e+00,1.578250000000000064e+01,1.546562500000000107e+01
3.378000000000000000e+03,8.193969726562500000e+01,3.297499999999999876e+00,1.564749999999999908e+01,1.546398437500000078e+01
3.378099999999999909e+03,8.269042968750000000e+01,3.227500000000000036e+00,1.559750000000000014e+01,1.551703125000000050e+01
3.378199999999999818e+03,8.393554687500000000e+01,3.254999999999999893e+00,1.574750000000000050e+01,1.542953125000000014e+01
3.378300000000000182e+03,8.404541015625000000e+01,3.245000000000000107e+00,1.549000000000000021e+01,1.548421875000000014e+01
3.378400000000000091e+03,8.364257812500000000e+01,3.277499999999999858e+00,1.550000000000000000e+01,1.545906249999999993e+01
3.378500000000000000e+03,8.411865234375000000e+01,3.285000000000000142e+00,1.550999999999999979e+01,1.547328125000000121e+01
3.378599999999999909e+03,8.556518554687500000e+01,3.290000000000000036e+00,1.546749999999999936e+01,1.551648437500000099e+01
3.378699999999999818e+03,8.596801757812500000e+01,3.302500000000000213e+00,1.558499999999999908e+01,1.549296875000000107e+01
3.378800000000000182e+03,8.604125976562500000e+01,3.250000000000000000e+00,1.565750000000000064e+01,1.543500000000000050e+01
3.378900000000000091e+03,8.562011718750000000e+01,3.310000000000000053e+00,1.557750000000000057e+01,1.547109375000000142e+01
3.379000000000000000e+03,8.768920898437500000e+01,3.299999999999999822e+00,1.565750000000000064e+01,1.551101562500000064e+01
3.379099999999999909e+03,8.768920898437500000e+01,3.337499999999999911e+00,1.575000000000000000e+01,1.547000000000000064e+01
3.379199999999999818e+03,8.800048828125000000e+01,3.317499999999999893e+00,1.567999999999999972e+01,1.552250000000000085e+01
3.379300000000000182e+03,8.803710937500000000e+01,3.312500000000000000e+00,1.550999999999999979e+01,1.548148437500000085e+01
3.379400000000000091e+03,8.803710937500000000e+01,3.330000000000000071e+00,1.571749999999999936e+01,1.543664062500000078e+01
3.379500000000000000e+03,8.995971679687500000e+01,3.305000000000000160e+00,1.554999999999999893e+01,1.548531250000000092e+01
3.379599999999999909e+03,8.955688476562500000e+01,3.367500000000000160e+00,1.564749999999999908e+01,1.544648437500000071e+01
3.379699999999999818e+03,8.990478515625000000e+01,3.365000000000000213e+00,1.561999999999999922e+01,1.549132812500000078e+01
3.379800000000000182e+03,8.995971679687500000e+01,3.317499999999999893e+00,1.566999999999999993e+01,1.546179687500000099e+01
3.379900000000000091e+03,9.116821289062500000e+01,3.352500000000000036e+00,1.570999999999999908e+01,1.543226562500000121e+01
3.380000000000000000e+03,9.195556640625000000e+01,3.370000000000000107e+00,1.549000000000000021e+01,1.548750000000000071e+01
3.380099999999999909e+03,9.144287109375000000e+01,3.395000000000000018e+00,1.537749999999999950e+01,1.541421875000000163e+01
3.380199999999999818e+03,9.182739257812500000e+01,3.399999999999999911e+00,1.563749999999999929e+01,1.549843750000000142e+01
3.380300000000000182e+03,9.283447265625000000e+01,3.372500000000000053e+00,1.584249999999999936e+01,1.545851562500000043e+01
3.380400000000000091e+03,9.323730468750000000e+01,3.397499999999999964e+00,1.554999999999999893e+01,1.541203125000000007e+01
3.380500000000000000e+03,9.378662109375000000e+01,3.402499999999999858e+00,1.554749999999999943e+01,1.543882812500000057e+01
3.380599999999999909e+03,9.325561523437500000e+01,3.367500000000000160e+00,1.567750000000000021e+01,1.546671875000000007e+01
3.380699999999999818e+03,9.358520507812500000e+01,3.424999999999999822e+00,1.558000000000000007e+01,1.535953125000000163e+01
3.380800000000000182e+03,9.534301757812500000e+01,3.399999999999999911e+00,1.554749999999999943e+01,1.548585937500000043e+01
3.380900000000000091e+03,9.505004882812500000e+01,3.412500000000000089e+00,1.584500000000000064e+01,1.545140625000000156e+01
3.381000000000000000e+03,9.558105468750000000e+01,3.467500000000000249e+00,1.549000000000000021e+01,1.549679687500000114e+01
3.381099999999999909e+03,9.505004882812500000e+01,3.442499999999999893e+00,1.575750000000000028e+01,1.543445312500000099e+01
3.381199999999999818e+03,9.691772460937500000e+01,3.442499999999999893e+00,1.543999999999999950e+01,1.546671875000000007e+01
3.381300000000000182e+03,9.722900390625000000e+01,3.475000000000000089e+00,1.559999999999999964e+01,1.548968750000000050e+01
3.381400000000000091e+03,9.682617187500000000e+01,3.462499999999999911e+00,1.556499999999999950e+01,1.548585937500000043e+01
3.381500000000000000e+03,9.739379882812500000e+01,3.452500000000000124e+00,1.561999999999999922e+01,1.554546875000000128e+01
3.381599999999999909e+03,9.735717773437500000e+01,3.492500000000000160e+00,1.568999999999999950e+01,1.546070312500000021e+01
3.381699999999999818e+03,9.887695312500000000e+01,3.484999999999999876e+00,1.549000000000000021e+01,1.549242187500000156e+01
3.381800000000000182e+03,9.893188476562500000e+01,3.479999999999999982e+00,1.558499999999999908e+01,1.548257812500000163e+01
3.381900000000000091e+03,9.856567382812500000e+01,3.479999999999999982e+00,1.558999999999999986e+01,1.543554687500000000e+01
3.382000000000000000e+03,9.904174804687500000e+01,3.492500000000000160e+00,1.560749999999999993e+01,1.545742187500000142e+01
3.382099999999999909e+03,1.001770019531250000e+02,3.515000000000000124e+00,1.566999999999999993e+01,1.551265625000000092e+01
3.382199999999999818e+03,1.007629394531250000e+02,3.504999999999999893e+00,1.570500000000000007e+01,1.542351562500000028e+01
3.382300000000000182e+03,1.007446289062500000e+02,3.532499999999999751e+00,1.548749999999999893e+01,1.547164062500000092e+01
3.382400000000000091e+03,1.003417968750000000e+02,3.522499999999999964e+00,1.566000000000000014e+01,1.543117187500000043e+01
3.382500000000000000e+03,1.019531250000000000e+02,3.520000000000000018e+00,1.549000000000000021e+01,1.546453125000000028e+01
3.382599999999999909e+03,1.020080566406250000e+02,3.547499999999999876e+00,1.550750000000000028e+01,1.548203125000000036e+01
3.382699999999999818e+03,1.024658203125000000e+02,3.544999999999999929e+00,1.549000000000000021e+01,1.551156250000000014e+01
3.382800000000000182e+03,1.024291992187500000e+02,3.592500000000000249e+00,1.547000000000000064e+01,1.547437500000000021e+01
3.382900000000000091e+03,1.020629882812500000e+02,3.572499999999999787e+00,1.568999999999999950e+01,1.545906249999999993e+01
3.383000000000000000e+03,1.042236328125000000e+02,3.570000000000000284e+00,1.559999999999999964e+01,1.554656250000000028e+01
3.383099999999999909e+03,1.036926269531250000e+02,3.592500000000000249e+00,1.543999999999999950e+01,1.550554687500000028e+01
3.383199999999999818e+03,1.041503906250000000e+02,3.594999999999999751e+00,1.550000000000000000e+01,1.546671875000000007e+01
3.383300000000000182e+03,1.041503906250000000e+02,3.575000000000000178e+00,1.552749999999999986e+01,1.549789062500000014e+01
3.383400000000000091e+03,1.051208496093750000e+02,3.584999999999999964e+00,1.531000000000000050e+01,1.542296875000000078e+01
3.383500000000000000e+03,1.059631347656250000e+02,3.609999999999999876e+00,1.552999999999999936e+01,1.546781250000000085e+01
3.383599999999999909e+03,1.054504394531250000e+02,3.587499999999999911e+00,1.563749999999999929e+01,1.549625000000000163e+01
3.383699999999999818e+03,1.058532714843750000e+02,3.625000000000000000e+00,1.566999999999999993e+01,1.549515625000000085e+01
3.383800000000000182e+03,1.064941406250000000e+02,3.152499999999999858e+00,1.575249999999999950e+01,1.548804687500000021e+01
3.383900000000000091e+03,1.071716308593750000e+02,3.647499999999999964e+00,1.563749999999999929e+01,1.547054687500000014e+01
3.384000000000000000e+03,1.076843261718750000e+02,3.640000000000000124e+00,1.531749999999999901e+01,1.547984375000000057e+01
3.384099999999999909e+03,1.071166992187500000e+02,3.649999999999999911e+00,1.566750000000000043e+01,1.550007812499999993e+01
3.384199999999999818e+03,1.075927734375000000e+02,3.665000000000000036e+00,1.551999999999999957e+01,1.551046875000000114e+01
3.384300000000000182e+03,1.091125488281250000e+02,3.689999999999999947e+00,1.565000000000000036e+01,1.543937500000000007e+01
3.384400000000000091e+03,1.089111328125000000e+02,3.700000000000000178e+00,1.533999999999999986e+01,1.549679687500000114e+01
3.384500000000000000e+03,1.094055175781250000e+02,3.695000000000000284e+00,1.565000000000000036e+01,1.545687500000000014e+01
3.384599999999999909e+03,1.088195800781250000e+02,3.702500000000000124e+00,1.557000000000000028e+01,1.547164062500000092e+01
3.384699999999999818e+03,1.104309082031250000e+02,3.714999999999999858e+00,1.546499999999999986e+01,1.547765625000000078e+01
3.384800000000000182e+03,1.109252929687500000e+02,3.892500000000000071e+00,1.561749999999999972e+01,1.552304687500000036e+01
3.384900000000000091e+03,1.105773925781250000e+02,3.709999999999999964e+00,1.533999999999999986e+01,1.539781250000000057e+01
3.385000000000000000e+03,1.111267089843750000e+02,3.747500000000000053e+00,1.571749999999999936e+01,1.548421875000000014e+01
3.385099999999999909e+03,1.105773925781250000e+02,3.722500000000000142e+00,1.547749999999999915e+01,1.546289062500000000e+01
3.385199999999999818e+03,1.126647949218750000e+02,3.754999999999999893e+00,1.559999999999999964e+01,1.547492187500000149e+01
3.385300000000000182e+03,1.127563476562500000e+02,3.767500000000000071e+00,1.568249999999999922e+01,1.545796875000000092e+01
3.385400000000000091e+03,1.124084472656250000e+02,3.802500000000000213e+00,1.553999999999999915e+01,1.551429687500000121e+01
3.385500000000000000e+03,1.129211425781250000e+02,3.842500000000000249e+00,1.546749999999999936e+01,1.543117187500000043e+01
3.385599999999999909e+03,1.137451171875000000e+02,3.814999999999999947e+00,1.566249999999999964e+01,1.545851562500000043e+01
3.385699999999999818e+03,1.144958496093750000e+02,3.802500000000000213e+00,1.567999999999999972e+01,1.550390625000000000e+01
3.385800000000000182e+03,1.144409179687500000e+02,3.830000000000000071e+00,1.566999999999999993e+01,1.544976562500000128e+01
3.385900000000000091e+03,1.141113281250000000e+02,3.847500000000000142e+00,1.559999999999999964e+01,1.547437500000000021e+01
3.386000000000000000e+03,1.154663085937500000e+02,3.850000000000000089e+00,1.561749999999999972e+01,1.544265625000000064e+01
3.386099999999999909e+03,1.156494140625000000e+02,3.870000000000000107e+00,1.570999999999999908e+01,1.548039062500000007e+01
3.386199999999999818e+03,1.161804199218750000e+02,3.870000000000000107e+00,1.559999999999999964e+01,1.544265625000000064e+01
3.386300000000000182e+03,1.161254882812500000e+02,3.879999999999999893e+00,1.550000000000000000e+01,1.548039062500000007e+01
3.386400000000000091e+03,1.157592773437500000e+02,3.907499999999999751e+00,1.542750000000000021e+01,1.548148437500000085e+01
3.386500000000000000e+03,1.180664062500000000e+02,3.887500000000000178e+00,1.544749999999999979e+01,1.551757812500000000e+01
3.386599999999999909e+03,1.175903320312500000e+02,3.902499999999999858e+00,1.561999999999999922e+01,1.550335937500000050e+01
3.386699999999999818e+03,1.181213378906250000e+02,3.932500000000000107e+00,1.553999999999999915e+01,1.546507812500000156e+01
3.386800000000000182e+03,1.180664062500000000e+02,4.000000000000000000e+00,1.566000000000000014e+01,1.549296875000000107e+01
3.386900000000000091e+03,1.191284179687500000e+02,3.987499999999999822e+00,1.540000000000000036e+01,1.542187500000000000e+01
3.387000000000000000e+03,1.200256347656250000e+02,3.997500000000000053e+00,1.547749999999999915e+01,1.547437500000000021e+01
3.387099999999999909e+03,1.193847656250000000e+02,3.982499999999999929e+00,1.553749999999999964e+01,1.545851562500000043e+01
3.387199999999999818e+03,1.198974609375000000e+02,3.982499999999999929e+00,1.565499999999999936e+01,1.545140625000000156e+01
3.387300000000000182e+03,1.202819824218750000e+02,4.015000000000000568e+00,1.558750000000000036e+01,1.541093750000000107e+01
3.387400000000000091e+03,1.212890625000000000e+02,4.054999999999999716e+00,1.560749999999999993e+01,1.546617187500000057e+01
3.387500000000000000e+03,1.218566894531250000e+02,4.077500000000000568e+00,1.558000000000000007e+01,1.550773437500000007e+01
3.387599999999999909e+03,1.211975097656250000e+02,4.072499999999999787e+00,1.553999999999999915e+01,1.544046875000000085e+01
3.387699999999999818e+03,1.216735839843750000e+02,4.070000000000000284e+00,1.565499999999999936e+01,1.551867187500000078e+01
3.387800000000000182e+03,1.233032226562500000e+02,4.105000000000000426e+00,1.570749999999999957e+01,1.549242187500000156e+01
3.387900000000000091e+03,1.231933593750000000e+02,4.092500000000000249e+00,1.568750000000000000e+01,1.545851562500000043e+01
3.388000000000000000e+03,1.237243652343750000e+02,4.140000000000000568e+00,1.575000000000000000e+01,1.544156250000000163e+01
3.388099999999999909e+03,1.230834960937500000e+02,4.147499999999999964e+00,1.558750000000000036e+01,1.543882812500000057e+01
3.388199999999999818e+03,1.237426757812500000e+02,4.160000000000000142e+00,1.568999999999999950e+01,1.545851562500000043e+01
3.388300000000000182e+03,1.237060546875000000e+02,4.187500000000000000e+00,1.554999999999999893e+01,1.546015625000000071e+01
3.388400000000000091e+03,1.234313964843750000e+02,4.205000000000000071e+00,1.548000000000000043e+01,1.544703125000000021e+01
3.388500000000000000e+03,1.239624023437500000e+02,4.197499999999999787e+00,1.551999999999999957e+01,1.547820312500000028e+01
3.388599999999999909e+03,1.233215332031250000e+02,4.254999999999999893e+00,1.557750000000000057e+01,1.549898437500000092e+01
3.388699999999999818e+03,1.238525390625000000e+02,4.242499999999999716e+00,1.559999999999999964e+01,1.546726562500000135e+01
3.388800000000000182e+03,1.237426757812500000e+02,4.250000000000000000e+00,1.560999999999999943e+01,1.546945312500000114e+01
3.388900000000000091e+03,1.234497070312500000e+02,6.312499999999987566e-02,1.564749999999999908e+01,-7.929687500000071054e-02
3.389000000000000000e+03,1.239807128906250000e+02,5.812499999999998224e-02,1.571749999999999936e+01,-6.398437500000042633e-02
3.389099999999999909e+03,1.233215332031250000e+02,3.312500000000007105e-02,1.557750000000000057e+01,-7.054687500000067502e-02
3.389199999999999818e+03,1.238525390625000000e+02,4.062499999999991118e-02,1.560749999999999993e+01,-2.460937500000071054e-02
3.389300000000000182e+03,1.237426757812500000e+02,4.062499999999991118e-02,1.555749999999999922e+01,-9.734375000000028422e-02
3.389400000000000091e+03,1.234497070312500000e+02,6.312499999999987566e-02,1.555749999999999922e+01,-9.296875000000426326e-03
3.389500000000000000e+03,1.234130859375000000e+02,5.624999999999769074e-03,1.560999999999999943e+01,-5.687500000000067502e-02
3.389599999999999909e+03,1.217285156250000000e+02,5.562500000000003553e-02,1.577999999999999936e+01,-7.656250000000053291e-02
3.389699999999999818e+03,1.222595214843750000e+02,4.812499999999975131e-02,1.541000000000000014e+01,-3.554687500000053291e-02
3.389800000000000182e+03,1.221313476562500000e+02,4.312499999999985789e-02,1.552500000000000036e+01,-4.593750000000085265e-02
3.389900000000000091e+03,1.218566894531250000e+02,6.062499999999992895e-02,1.546749999999999936e+01,-3.664062500000042633e-02
3.390000000000000000e+03,1.194946289062500000e+02,5.312500000000008882e-02,1.567999999999999972e+01,-4.921875000000053291e-02
3.390099999999999909e+03,1.186157226562500000e+02,2.562499999999978684e-02,1.550000000000000000e+01,-3.500000000000103029e-02
3.390199999999999818e+03,1.191833496093750000e+02,7.062500000000015987e-02,1.559999999999999964e+01,-3.335937500000074607e-02
3.390300000000000182e+03,1.190368652343750000e+02,2.075000000000000178e-01,1.560500000000000043e+01,-5.195312500000071054e-02
3.390400000000000091e+03,1.159973144531250000e+02,3.062500000000012434e-02,1.558750000000000036e+01,-3.828125000000959233e-03
3.390500000000000000e+03,1.150085449218750000e+02,3.062500000000012434e-02,1.566000000000000014e+01,2.296874999999953815e-02
3.390599999999999909e+03,1.143310546875000000e+02,5.562500000000003553e-02,1.551750000000000007e+01,-7.820312500000081712e-02
3.390699999999999818e+03,1.148437500000000000e+02,4.562499999999980460e-02,1.556749999999999901e+01,-3.007812500000106581e-02
3.390800000000000182e+03,1.147155761718750000e+02,3.812499999999996447e-02,1.586500000000000021e+01,-8.750000000000035527e-02
3.390900000000000091e+03,1.107788085937500000e+02,2.312499999999984013e-02,1.575750000000000028e+01,-9.843750000000817124e-03
3.391000000000000000e+03,1.111450195312500000e+02,3.312500000000007105e-02,1.532000000000000028e+01,-2.406250000000031974e-02
3.391099999999999909e+03,1.104858398437500000e+02,8.374999999999976907e-02,1.558750000000000036e+01,3.281249999999680256e-03
3.391199999999999818e+03,1.109985351562500000e+02,4.812499999999975131e-02,1.558999999999999986e+01,-7.382812500000035527e-02
3.391300000000000182e+03,1.084350585937500000e+02,2.812499999999973355e-02,1.540000000000000036e+01,-3.992187500000099476e-02
3.391400000000000091e+03,1.075378417968750000e+02,8.124999999999715783e-03,1.579250000000000043e+01,-5.523437500000039080e-02
3.391500000000000000e+03,1.080322265625000000e+02,4.062499999999991118e-02,1.574750000000000050e+01,-9.132812500000042633e-02
3.391599999999999909e+03,1.074829101562500000e+02,7.062500000000015987e-02,1.548749999999999893e+01,-3.007812500000106581e-02
3.391699999999999818e+03,1.070068359375000000e+02,3.062500000000012434e-02,1.584500000000000064e+01,-3.007812500000106581e-02
3.391800000000000182e+03,1.052307128906250000e+02,3.312500000000007105e-02,1.574000000000000021e+01,3.828124999999182876e-03
3.391900000000000091e+03,1.047729492187500000e+02,5.312500000000008882e-02,1.573000000000000043e+01,6.562499999999360512e-03
3.392000000000000000e+03,1.053039550781250000e+02,5.812499999999998224e-02,1.576750000000000007e+01,-5.523437500000039080e-02
3.392099999999999909e+03,1.047180175781250000e+02,2.812499999999973355e-02,1.575750000000000028e+01,-8.203125000000088818e-02
3.392199999999999818e+03,1.029968261718750000e+02,9.437499999999987566e-02,1.545999999999999908e+01,-8.203125000000532907e-03
3.392300000000000182e+03,1.027587890625000000e+02,3.562500000000001776e-02,1.568999999999999950e+01,-1.093750000000008882e-01
3.392400000000000091e+03,1.023742675781250000e+02,4.812499999999975131e-02,1.571499999999999986e+01,-5.578125000000078160e-02
3.392500000000000000e+03,1.028686523437500000e+02,4.812499999999975131e-02,1.548499999999999943e+01,-9.132812500000042633e-02
3.392599999999999909e+03,1.009094238281250000e+02,3.062500000000012434e-02,1.566999999999999993e+01,-1.203125000000060396e-02
3.392699999999999818e+03,1.005981445312500000e+02,2.562499999999978684e-02,1.540750000000000064e+01,-6.617187500000110134e-02
3.392800000000000182e+03,1.005065917968750000e+02,7.812500000000000000e-02,1.549000000000000021e+01,-5.796875000000056843e-02
3.392900000000000091e+03,1.001586914062500000e+02,5.062500000000014211e-02,1.558750000000000036e+01,-5.250000000000110134e-02
3.393000000000000000e+03,1.005981445312500000e+02,4.562499999999980460e-02,1.566999999999999993e+01,-4.101562500000088818e-02
3.393099999999999909e+03,9.829101562500000000e+01,5.312500000000008882e-02,1.553749999999999964e+01,-3.937500000000060396e-02
3.393199999999999818e+03,9.856567382812500000e+01,1.312500000000005329e-02,1.547000000000000064e+01,-2.843750000000078160e-02
3.393300000000000182e+03,9.858398437500000000e+01,-2.625000000000010658e-02,1.566750000000000043e+01,-7.054687500000067502e-02
3.393400000000000091e+03,9.819946289062500000e+01,5.062500000000014211e-02,1.582000000000000028e+01,-2.296875000000042633e-02
3.393500000000000000e+03,9.711914062500000000e+01,4.312499999999985789e-02,1.550000000000000000e+01,-6.835937500000088818e-02
3.393599999999999909e+03,9.629516601562500000e+01,5.562500000000003553e-02,1.548000000000000043e+01,-7.218750000000095923e-02
3.393699999999999818e+03,9.664306640625000000e+01,2.812499999999973355e-02,1.567999999999999972e+01,-2.132812500000103029e-02
3.393800000000000182e+03,9.667968750000000000e+01,2.812499999999973355e-02,1.542750000000000021e+01,-4.046875000000049738e-02
3.393900000000000091e+03,9.561767578125000000e+01,7.062500000000015987e-02,1.578500000000000014e+01,-1.859375000000085265e-02
3.394000000000000000e+03,9.512329101562500000e+01,5.062500000000014211e-02,1.556499999999999950e+01,-6.726562500000099476e-02
3.394099999999999909e+03,9.453735351562500000e+01,2.562499999999978684e-02,1.562749999999999950e+01,-5.523437500000039080e-02
3.394199999999999818e+03,9.495849609375000000e+01,2.812499999999973355e-02,1.577249999999999908e+01,-3.335937500000074607e-02
3.394300000000000182e+03,9.495849609375000000e+01,5.812499999999998224e-02,1.541999999999999993e+01,-6.945312500000078160e-02
3.394400000000000091e+03,9.301757812500000000e+01,4.812499999999975131e-02,1.562999999999999901e+01,-6.015625000000746070e-03
3.394500000000000000e+03,9.332885742187500000e+01,2.062499999999989342e-02,1.526750000000000007e+01,-4.156250000000039080e-02
3.394599999999999909e+03,9.283447265625000000e+01,2.562499999999978684e-02,1.560500000000000043e+01,-8.148437500000049738e-02
3.394699999999999818e+03,9.325561523437500000e+01,2.812499999999973355e-02,1.568999999999999950e+01,-2.351562500000081712e-02
3.394800000000000182e+03,9.228515625000000000e+01,6.562499999999982236e-02,1.549000000000000021e+01,-1.585937500000067502e-02
3.394900000000000091e+03,9.138793945312500000e+01,1.812499999999994671e-02,1.560500000000000043e+01,-3.828125000000959233e-03
3.395000000000000000e+03,9.184570312500000000e+01,3.812499999999996447e-02,1.548000000000000043e+01,-8.367187500000028422e-02
3.395099999999999909e+03,9.131469726562500000e+01,4.312499999999985789e-02,1.576999999999999957e+01,-3.992187500000099476e-02
3.395199999999999818e+03,9.164428710937500000e+01,4.312499999999985789e-02,1.548000000000000043e+01,-4.101562500000088818e-02
3.395300000000000182e+03,9.030761718750000000e+01,4.812499999999975131e-02,1.562500000000000000e+01,-4.703125000000074607e-02
3.395400000000000091e+03,8.990478515625000000e+01,4.062499999999991118e-02,1.539000000000000057e+01,-6.562500000000248690e-03
3.395500000000000000e+03,9.036254882812500000e+01,2.312499999999984013e-02,1.536749999999999972e+01,6.562499999999360512e-03
3.395599999999999909e+03,8.984985351562500000e+01,5.312500000000008882e-02,1.572000000000000064e+01,-4.921875000000053291e-02
3.395699999999999818e+03,8.895263671875000000e+01,4.062499999999991118e-02,1.542999999999999972e+01,-7.492187500000024869e-02
3.395800000000000182e+03,8.875122070312500000e+01,5.312500000000008882e-02,1.570999999999999908e+01,-2.843750000000078160e-02
3.395900000000000091e+03,8.836669921875000000e+01,2.562499999999978684e-02,1.581499999999999950e+01,3.062499999999968026e-02
3.396000000000000000e+03,8.882446289062500000e+01,1.562500000000000000e-02,1.568750000000000000e+01,-8.859375000000024869e-02
3.396099999999999909e+03,8.779907226562500000e+01,1.812499999999994671e-02,1.581749999999999901e+01,-7.273437500000046185e-02
3.396199999999999818e+03,8.728637695312500000e+01,4.062499999999991118e-02,1.545500000000000007e+01,-2.515625000000110134e-02
3.396300000000000182e+03,8.732299804687500000e+01,7.312500000000010658e-02,1.560999999999999943e+01,-6.835937500000088818e-02
3.396400000000000091e+03,8.699340820312500000e+01,4.562499999999980460e-02,1.548749999999999893e+01,-5.359375000000099476e-02
3.396500000000000000e+03,8.745117187500000000e+01,5.062500000000014211e-02,1.542750000000000021e+01,1.640624999999396039e-03
3.396599999999999909e+03,8.572998046875000000e+01,3.562500000000001776e-02,1.540000000000000036e+01,-5.796875000000056843e-02
3.396699999999999818e+03,8.593139648437500000e+01,2.312499999999984013e-02,1.567750000000000021e+01,-5.851562500000095923e-02
3.396800000000000182e+03,8.594970703125000000e+01,3.562500000000001776e-02,1.566750000000000043e+01,-3.828125000000071054e-02
3.396900000000000091e+03,8.556518554687500000e+01,3.312500000000007105e-02,1.554999999999999893e+01,-4.921875000000053291e-02
3.397000000000000000e+03,8.514404296875000000e+01,2.062499999999989342e-02,1.568750000000000000e+01,-6.453125000000081712e-02
3.397099999999999909e+03,8.430175781250000000e+01,4.062499999999991118e-02,1.571250000000000036e+01,-6.617187500000110134e-02
3.397199999999999818e+03,8.459472656250000000e+01,5.812499999999998224e-02,1.545749999999999957e+01,-8.203125000000532907e-03
3.397300000000000182e+03,8.464965820312500000e+01,3.562500000000001776e-02,1.562749999999999950e+01,-5.359375000000099476e-02
3.397400000000000091e+03,8.421020507812500000e+01,3.812499999999996447e-02,1.597499999999999964e+01,-5.468750000000088818e-02
3.397500000000000000e+03,8.351440429687500000e+01,6.812499999999976907e-02,1.578500000000000014e+01,-2.570312500000060396e-02
3.397599999999999909e+03,8.298339843750000000e+01,6.562499999999982236e-02,1.589250000000000007e+01,-4.921875000000053291e-02
3.397699999999999818e+03,8.329467773437500000e+01,5.062500000000014211e-02,1.575000000000000000e+01,-7.164062500000056843e-02
3.397800000000000182e+03,8.333129882812500000e+01,1.812499999999994671e-02,1.549499999999999922e+01,-5.250000000000110134e-02
3.397900000000000091e+03,8.188476562500000000e+01,5.812499999999998224e-02,1.554999999999999893e+01,-3.554687500000053291e-02
3.398000000000000000e+03,8.215942382812500000e+01,5.062500000000014211e-02,1.568999999999999950e+01,-1.859375000000085265e-02
3.398099999999999909e+03,8.170166015625000000e+01,4.812499999999975131e-02,1.549000000000000021e+01,-5.742187500000106581e-02
3.398199999999999818e+03,8.199462890625000000e+01,2.812499999999973355e-02,1.539000000000000057e+01,-3.664062500000042633e-02
3.398300000000000182e+03,8.150024414062500000e+01,4.812499999999975131e-02,1.558000000000000007e+01,-1.039062500000031974e-02
3.398400000000000091e+03,8.040161132812500000e+01,4.312499999999985789e-02,1.555749999999999922e+01,-5.578125000000078160e-02
3.398500000000000000e+03,8.084106445312500000e+01,2.812499999999973355e-02,1.560999999999999943e+01,-4.210937500000078160e-02
3.398599999999999909e+03,8.040161132812500000e+01,6.062499999999992895e-02,1.559999999999999964e+01,-6.343750000000092371e-02
3.398699999999999818e+03,8.067626953125000000e+01,4.812499999999975131e-02,1.552999999999999936e+01,-8.039062500000060396e-02
3.398800000000000182e+03,7.963256835937500000e+01,6.312499999999987566e-02,1.587250000000000050e+01,-8.914062500000063949e-02
3.398900000000000091e+03,7.915649414062500000e+01,4.562499999999980460e-02,1.546749999999999936e+01,-1.859375000000085265e-02
3.399000000000000000e+03,7.965087890625000000e+01,2.062499999999989342e-02,1.568500000000000050e+01,1.093749999999005240e-03
3.399099999999999909e+03,7.921142578125000000e+01,6.062499999999992895e-02,1.558000000000000007e+01,-6.507812500000031974e-02
3.399199999999999818e+03,7.880859375000000000e+01,6.312499999999987566e-02,1.541999999999999993e+01,-2.843750000000078160e-02
3.399300000000000182e+03,7.846069335937500000e+01,4.812499999999975131e-02,1.561999999999999922e+01,-2.406250000000031974e-02
3.399400000000000091e+03,7.805786132812500000e+01,2.637499999999999289e-01,1.558000000000000007e+01,-4.757812500000024869e-02
3.399500000000000000e+03,7.853393554687500000e+01,2.062499999999989342e-02,1.572000000000000064e+01,-7.328125000000085265e-02
3.399599999999999909e+03,7.811279296875000000e+01,5.312500000000008882e-02,1.545749999999999957e+01,-4.210937500000078160e-02
3.399699999999999818e+03,7.721557617187500000e+01,4.312499999999985789e-02,1.567249999999999943e+01,-7.765625000000042633e-02
3.399800000000000182e+03,7.721557617187500000e+01,4.062499999999991118e-02,1.573000000000000043e+01,-3.718750000000081712e-02
3.399900000000000091e+03,7.683105468750000000e+01,5.062500000000014211e-02,1.567999999999999972e+01,-8.695312500000085265e-02
3.400000000000000000e+03,7.730712890625000000e+01,5.562500000000003553e-02,1.576999999999999957e+01,-9.625000000000039080e-02
3.400099999999999909e+03,7.604370117187500000e+01,3.562500000000001776e-02,1.572000000000000064e+01,-3.718750000000081712e-02
3.400199999999999818e+03,7.608032226562500000e+01,2.062499999999989342e-02,1.549000000000000021e+01,-5.906250000000046185e-02
3.400300000000000182e+03,7.613525390625000000e+01,3.062500000000012434e-02,1.580250000000000021e+01,-4.101562500000088818e-02
3.400400000000000091e+03,7.576904296875000000e+01,4.812499999999975131e-02,1.565499999999999936e+01,-2.187500000000053291e-02
3.400500000000000000e+03,7.587890625000000000e+01,6.562499999999982236e-02,1.547000000000000064e+01,6.015624999998969713e-03
3.400599999999999909e+03,7.479858398437500000e+01,2.562499999999978684e-02,1.569500000000000028e+01,-2.625000000000099476e-02
3.400699999999999818e+03,7.500000000000000000e+01,4.562499999999980460e-02,1.562500000000000000e+01,-3.828125000000959233e-03
3.400800000000000182e+03,7.498168945312500000e+01,-1.000000000000023093e-02,1.558999999999999986e+01,1.093749999999005240e-03
3.400900000000000091e+03,7.467041015625000000e+01,4.562499999999980460e-02,1.559750000000000014e+01,-4.593750000000085265e-02
3.401000000000000000e+03,7.413940429687500000e+01,2.562499999999978684e-02,1.567999999999999972e+01,-8.859375000000024869e-02
3.401099999999999909e+03,7.364501953125000000e+01,4.562499999999980460e-02,1.548000000000000043e+01,-1.159375000000002487e-01
3.401199999999999818e+03,7.386474609375000000e+01,5.562500000000003553e-02,1.588749999999999929e+01,-3.882812500000110134e-02
3.401300000000000182e+03,7.393798828125000000e+01,4.062499999999991118e-02,1.553999999999999915e+01,-5.468750000000355271e-03
3.401400000000000091e+03,7.287597656250000000e+01,5.312500000000008882e-02,1.558000000000000007e+01,4.101562499999911182e-02
3.401500000000000000e+03,7.289428710937500000e+01,4.562499999999980460e-02,1.566000000000000014e+01,1.585937499999889866e-02
3.401599999999999909e+03,7.254638671875000000e+01,6.562499999999982236e-02,1.548749999999999893e+01,-6.234375000000103029e-02
3.401699999999999818e+03,7.272949218750000000e+01,1.312500000000005329e-02,1.547000000000000064e+01,-5.851562500000095923e-02
3.401800000000000182e+03,7.280273437500000000e+01,2.562499999999978684e-02,1.542750000000000021e+01,-6.781250000000049738e-02
3.401900000000000091e+03,7.152099609375000000e+01,7.062500000000015987e-02,1.564749999999999908e+01,-1.914062500000035527e-02
3.402000000000000000e+03,7.190551757812500000e+01,4.062499999999991118e-02,1.551999999999999957e+01,-6.562500000000071054e-02
3.402099999999999909e+03,7.153930664062500000e+01,3.812499999999996447e-02,1.567750000000000021e+01,-3.718750000000081712e-02
3.402199999999999818e+03,7.177734375000000000e+01,3.812499999999996447e-02,1.564000000000000057e+01,-3.718750000000081712e-02
3.402300000000000182e+03,7.108154296875000000e+01,5.062500000000014211e-02,1.559999999999999964e+01,-7.656250000000053291e-02
3.402400000000000091e+03,7.047729492187500000e+01,7.062500000000015987e-02,1.552749999999999986e+01,-7.437500000000074607e-02
3.402500000000000000e+03,7.086181640625000000e+01,5.562500000000003553e-02,1.544749999999999979e+01,-1.968750000000074607e-02
3.402599999999999909e+03,7.055053710937500000e+01,5.312500000000008882e-02,1.577999999999999936e+01,-3.828125000000071054e-02
3.402699999999999818e+03,7.060546875000000000e+01,1.562500000000000000e-02,1.558999999999999986e+01,-2.023437500000024869e-02
3.402800000000000182e+03,6.996459960937500000e+01,4.062499999999991118e-02,1.548749999999999893e+01,-6.890625000000039080e-02
3.402900000000000091e+03,6.954345703125000000e+01,4.562499999999980460e-02,1.550499999999999901e+01,-6.179687500000063949e-02
3.403000000000000000e+03,6.998291015625000000e+01,2.812499999999973355e-02,1.552999999999999936e+01,-1.225000000000004974e-01
3.403099999999999909e+03,6.963500976562500000e+01,6.562499999999982236e-02,1.573749999999999893e+01,-3.335937500000074607e-02
3.403199999999999818e+03,6.897583007812500000e+01,5.812499999999998224e-02,1.580499999999999972e+01,3.281249999999680256e-03
3.403300000000000182e+03,6.895751953125000000e+01,5.062500000000014211e-02,1.565000000000000036e+01,-5.796875000000056843e-02
3.403400000000000091e+03,6.855468750000000000e+01,4.562499999999980460e-02,1.552999999999999936e+01,-1.148437500000110134e-02
3.403500000000000000e+03,6.897583007812500000e+01,5.562500000000003553e-02,1.566999999999999993e+01,-8.750000000000035527e-02
3.403599999999999909e+03,6.824340820312500000e+01,5.062500000000014211e-02,1.559750000000000014e+01,-7.929687500000071054e-02
3.403699999999999818e+03,6.795043945312500000e+01,2.312499999999984013e-02,1.576999999999999957e+01,-1.914062500000035527e-02
3.403800000000000182e+03,6.802368164062500000e+01,2.062499999999989342e-02,1.561999999999999922e+01,-6.125000000000024869e-02
3.403900000000000091e+03,6.767578125000000000e+01,3.312500000000007105e-02,1.552999999999999936e+01,-5.906250000000046185e-02
3.404000000000000000e+03,6.804199218750000000e+01,4.393750000000000711e-01,1.629250000000000043e+01,-4.593750000000085265e-02
3.404099999999999909e+03,6.694335937500000000e+01,2.062499999999989342e-02,1.569749999999999979e+01,-2.187500000000675016e-03
3.404199999999999818e+03,6.697998046875000000e+01,4.312499999999985789e-02,1.553749999999999964e+01,-3.937500000000060396e-02
3.404300000000000182e+03,6.712646484375000000e+01,7.062500000000015987e-02,1.569999999999999929e+01,-4.976562500000092371e-02
3.404400000000000091e+03,6.674194335937500000e+01,4.062499999999991118e-02,1.560999999999999943e+01,-6.289062500000053291e-02
3.404500000000000000e+03,6.657714843750000000e+01,4.562499999999980460e-02,1.549499999999999922e+01,-4.757812500000024869e-02
3.404599999999999909e+03,6.595458984375000000e+01,3.562500000000001776e-02,1.559999999999999964e+01,-2.078125000000063949e-02
3.404699999999999818e+03,6.613769531250000000e+01,5.312500000000008882e-02,1.557750000000000057e+01,-6.726562500000099476e-02
3.404800000000000182e+03,6.621093750000000000e+01,6.562499999999982236e-02,1.556749999999999901e+01,-1.017187500000007461e-01
3.404900000000000091e+03,6.580810546875000000e+01,3.812499999999996447e-02,1.552999999999999936e+01,-6.562500000000071054e-02
3.405000000000000000e+03,6.549682617187500000e+01,1.062500000000010658e-02,1.562999999999999901e+01,-2.734375000000088818e-02
3.405099999999999909e+03,6.514892578125000000e+01,2.562499999999978684e-02,1.545749999999999957e+01,-5.250000000000110134e-02
3.405199999999999818e+03,6.533203125000000000e+01,4.812499999999975131e-02,1.561999999999999922e+01,-3.773437500000031974e-02
3.405300000000000182e+03,6.536865234375000000e+01,1.062500000000010658e-02,1.569999999999999929e+01,-4.156250000000039080e-02
3.405400000000000091e+03,6.428833007812500000e+01,8.062499999999994671e-02,1.554749999999999943e+01,-4.429687500000056843e-02
3.405500000000000000e+03,6.458129882812500000e+01,2.562499999999978684e-02,1.541999999999999993e+01,-4.812500000000063949e-02
3.405599999999999909e+03,6.428833007812500000e+01,4.312499999999985789e-02,1.533000000000000007e+01,-5.085937500000081712e-02
3.405699999999999818e+03,6.447143554687500000e+01,-1.343749999999999112e-01,1.549000000000000021e+01,-6.507812500000031974e-02
3.405800000000000182e+03,6.425170898437500000e+01,5.312500000000008882e-02,1.560999999999999943e+01,1.093749999999005240e-03
3.405900000000000091e+03,6.337280273437500000e+01,6.062499999999992895e-02,1.546749999999999936e+01,-1.367187500000088818e-02
3.406000000000000000e+03,6.375732421875000000e+01,4.312499999999985789e-02,1.568249999999999922e+01,-9.351562500000110134e-02
3.406099999999999909e+03,6.350097656250000000e+01,2.062499999999989342e-02,1.551750000000000007e+01,-3.554687500000053291e-02
3.406199999999999818e+03,6.362915039062500000e+01,4.812499999999975131e-02,1.564000000000000057e+01,-5.523437500000039080e-02
3.406300000000000182e+03,6.295166015625000000e+01,1.312500000000005329e-02,1.585749999999999993e+01,-3.937500000000060396e-02
3.406400000000000091e+03,6.254882812500000000e+01,6.812499999999976907e-02,1.558000000000000007e+01,-1.093750000000071054e-02
3.406500000000000000e+03,6.291503906250000000e+01,7.062500000000015987e-02,1.550000000000000000e+01,-4.265625000000028422e-02
3.406599999999999909e+03,6.265869140625000000e+01,6.062499999999992895e-02,1.542999999999999972e+01,-6.945312500000078160e-02
3.406699999999999818e+03,6.232910156250000000e+01,6.312499999999987566e-02,1.567750000000000021e+01,-9.570312500000088818e-02
3.406800000000000182e+03,6.210937500000000000e+01,3.562500000000001776e-02,1.561999999999999922e+01,-7.164062500000056843e-02
3.406900000000000091e+03,6.176147460937500000e+01,-1.437500000000024869e-02,1.540750000000000064e+01,-4.484375000000095923e-02
3.407000000000000000e+03,6.214599609375000000e+01,3.812499999999996447e-02,1.550499999999999901e+01,-1.039062500000005329e-01
3.407099999999999909e+03,6.188964843750000000e+01,6.812499999999976907e-02,1.563499999999999979e+01,-1.640625000000106581e-02
3.407199999999999818e+03,6.124877929687500000e+01,8.312499999999989342e-02,1.550750000000000028e+01,-2.570312500000060396e-02
3.407300000000000182e+03,6.132202148437500000e+01,3.562500000000001776e-02,1.549000000000000021e+01,-1.640625000000284217e-03
3.407400000000000091e+03,6.095581054687500000e+01,2.062499999999989342e-02,1.558000000000000007e+01,-4.539062500000046185e-02
3.407500000000000000e+03,6.132202148437500000e+01,4.312499999999985789e-02,1.573000000000000043e+01,-4.812500000000063949e-02
3.407599999999999909e+03,6.053466796875000000e+01,7.062500000000015987e-02,1.563749999999999929e+01,-4.156250000000039080e-02
3.407699999999999818e+03,6.053466796875000000e+01,5.312500000000008882e-02,1.557499999999999929e+01,-7.328125000000085265e-02
3.407800000000000182e+03,6.058959960937500000e+01,1.062500000000010658e-02,1.547000000000000064e+01,-4.812500000000063949e-02
3.407900000000000091e+03,6.026000976562500000e+01,3.312500000000007105e-02,1.569500000000000028e+01,8.749999999999147349e-03
3.408000000000000000e+03,6.040649414062500000e+01,-1.437500000000024869e-02,1.560999999999999943e+01,-8.148437500000049738e-02
3.408099999999999909e+03,5.963745117187500000e+01,1.562500000000000000e-02,1.547749999999999915e+01,-1.640625000000106581e-02
3.408199999999999818e+03,5.974731445312500000e+01,9.249999999999980460e-02,1.603750000000000142e+01,-1.695312500000056843e-02
3.408300000000000182e+03,5.983886718750000000e+01,4.562499999999980460e-02,1.566750000000000043e+01,-5.851562500000095923e-02
3.408400000000000091e+03,5.947265625000000000e+01,1.812499999999994671e-02,1.548749999999999893e+01,-3.992187500000099476e-02
3.408500000000000000e+03,5.923461914062500000e+01,3.812499999999996447e-02,1.550000000000000000e+01,-2.570312500000060396e-02
3.408599999999999909e+03,5.890502929687500000e+01,3.812499999999996447e-02,1.558999999999999986e+01,-7.328125000000085265e-02
3.408699999999999818e+03,5.903320312500000000e+01,3.062500000000012434e-02,1.566499999999999915e+01,-3.281250000000568434e-03
3.408800000000000182e+03,5.910644531250000000e+01,4.812499999999975131e-02,1.586500000000000021e+01,6.015624999998969713e-03
3.408900000000000091e+03,5.837402343750000000e+01,5.312500000000008882e-02,1.573000000000000043e+01,-4.375000000000106581e-02
3.409000000000000000e+03,5.842895507812500000e+01,3.312500000000007105e-02,1.546499999999999986e+01,-6.835937500000088818e-02
3.409099999999999909e+03,5.819091796875000000e+01,2.062499999999989342e-02,1.568750000000000000e+01,-7.710937500000092371e-02
3.409199999999999818e+03,5.831909179687500000e+01,6.562499999999982236e-02,1.569999999999999929e+01,-8.750000000000035527e-02
3.409300000000000182e+03,5.841064453125000000e+01,8.062499999999994671e-02,1.569249999999999901e+01,-1.203125000000060396e-02
3.409400000000000091e+03,5.742187500000000000e+01,3.562500000000001776e-02,1.562999999999999901e+01,-1.312500000000049738e-02
3.409500000000000000e+03,5.775146484375000000e+01,6.562499999999982236e-02,1.574750000000000050e+01,-3.281250000000035527e-02
3.409599999999999909e+03,5.749511718750000000e+01,5.312500000000008882e-02,1.570999999999999908e+01,-6.671875000000060396e-02
3.409699999999999818e+03,5.758666992187500000e+01,4.812499999999975131e-02,1.550499999999999901e+01,-3.718750000000081712e-02
3.409800000000000182e+03,5.727539062500000000e+01,1.062500000000010658e-02,1.550999999999999979e+01,-1.476562500000078160e-02
3.409900000000000091e+03,5.678100585937500000e+01,4.312499999999985789e-02,1.551750000000000007e+01,-4.976562500000092371e-02
3.410000000000000000e+03,5.714721679687500000e+01,7.562500000000005329e-02,1.565000000000000036e+01,-4.921875000000053291e-02
3.410099999999999909e+03,5.689086914062500000e+01,2.312499999999984013e-02,1.567999999999999972e+01,-3.773437500000031974e-02
3.410199999999999818e+03,5.690917968750000000e+01,3.562500000000001776e-02,1.573000000000000043e+01,1.859374999999907629e-02
3.410300000000000182e+03,5.637817382812500000e+01,4.312499999999985789e-02,1.545749999999999957e+01,-6.726562500000099476e-02
3.410400000000000091e+03,5.606689453125000000e+01,6.312499999999987566e-02,1.536999999999999922e+01,-7.546875000000063949e-02
3.410500000000000000e+03,5.639648437500000000e+01,5.062500000000014211e-02,1.565000000000000036e+01,-8.640625000000046185e-02
3.410599999999999909e+03,5.619506835937500000e+01,5.562500000000003553e-02,1.558750000000000036e+01,-4.429687500000056843e-02
3.410699999999999818e+03,5.581054687500000000e+01,1.812499999999994671e-02,1.550999999999999979e+01,9.296874999999538147e-03
3.410800000000000182e+03,5.582885742187500000e+01,2.812499999999973355e-02,1.547749999999999915e+01,-6.945312500000078160e-02
3.410900000000000091e+03,5.548095703125000000e+01,4.062499999999991118e-02,1.566000000000000014e+01,1.312499999999960920e-02
3.411000000000000000e+03,5.588378906250000000e+01,-1.187499999999985789e-02,1.561999999999999922e+01,-6.507812500000031974e-02
3.411099999999999909e+03,5.533447265625000000e+01,3.562500000000001776e-02,1.553749999999999964e+01,-3.062500000000056843e-02
3.411199999999999818e+03,5.513305664062500000e+01,4.812499999999975131e-02,1.551999999999999957e+01,-3.664062500000042633e-02
3.411300000000000182e+03,5.520629882812500000e+01,2.562499999999978684e-02,1.544999999999999929e+01,-3.828125000000071054e-02
3.411400000000000091e+03,5.485839843750000000e+01,4.812499999999975131e-02,1.590750000000000064e+01,1.148437499999932498e-02
3.411500000000000000e+03,5.524291992187500000e+01,2.562499999999978684e-02,1.568999999999999950e+01,-5.796875000000056843e-02
3.411599999999999909e+03,5.438232421875000000e+01,6.312499999999987566e-02,1.558750000000000036e+01,-9.679687500000078160e-02
3.411699999999999818e+03,5.440063476562500000e+01,6.562499999999982236e-02,1.558000000000000007e+01,-7.164062500000056843e-02
3.411800000000000182e+03,5.452880859375000000e+01,4.562499999999980460e-02,1.558999999999999986e+01,-8.750000000000923706e-03
3.411900000000000091e+03,5.416259765625000000e+01,3.812499999999996447e-02,1.556000000000000050e+01,-5.250000000000110134e-02
3.412000000000000000e+03,5.412597656250000000e+01,4.562499999999980460e-02,1.559999999999999964e+01,-3.117187500000095923e-02
3.412099999999999909e+03,5.370483398437500000e+01,4.562499999999980460e-02,1.548749999999999893e+01,-9.187500000000081712e-02
3.412199999999999818e+03,5.377807617187500000e+01,4.562499999999980460e-02,1.556749999999999901e+01,-9.570312500000088818e-02
3.412300000000000182e+03,5.390625000000000000e+01,3.312500000000007105e-02,1.554999999999999893e+01,-6.726562500000099476e-02
3.412400000000000091e+03,5.350341796875000000e+01,3.562500000000001776e-02,1.548749999999999893e+01,-1.750000000000095923e-02
3.412500000000000000e+03,5.333862304687500000e+01,3.062500000000012434e-02,1.570999999999999908e+01,-6.945312500000078160e-02
3.412599999999999909e+03,5.311889648437500000e+01,2.062499999999989342e-02,1.566000000000000014e+01,-1.421875000000039080e-02
3.412699999999999818e+03,5.321044921875000000e+01,6.062499999999992895e-02,1.554749999999999943e+01,-1.367187500000088818e-02
3.412800000000000182e+03,5.326538085937500000e+01,4.062499999999991118e-02,1.561749999999999972e+01,-3.390625000000024869e-02
3.412900000000000091e+03,5.293579101562500000e+01,4.312499999999985789e-02,1.552999999999999936e+01,-4.265625000000028422e-02
3.413000000000000000e+03,5.333862304687500000e+01,5.312500000000008882e-02,1.552999999999999936e+01,-5.523437500000039080e-02
3.413099999999999909e+03,5.310058593750000000e+01,5.312500000000008882e-02,1.585249999999999915e+01,-2.242187500000092371e-02
3.413199999999999818e+03,5.317382812500000000e+01,2.562499999999978684e-02,1.558000000000000007e+01,-4.375000000000461853e-03
3.413300000000000182e+03,5.328369140625000000e+01,5.312500000000008882e-02,1.548000000000000043e+01,-7.601562500000103029e-02
3.413400000000000091e+03,5.293579101562500000e+01,5.812499999999998224e-02,1.550750000000000028e+01,-9.406250000000060396e-02
3.413500000000000000e+03,5.332031250000000000e+01,5.812499999999998224e-02,1.545500000000000007e+01,-6.234375000000103029e-02
3.413599999999999909e+03,5.310058593750000000e+01,2.562499999999978684e-02,1.565000000000000036e+01,-7.000000000000028422e-02
3.413699999999999818e+03,5.319213867187500000e+01,3.812499999999996447e-02,1.540000000000000036e+01,-4.429687500000056843e-02
3.413800000000000182e+03,5.379638671875000000e+01,3.562500000000001776e-02,1.541999999999999993e+01,-6.562500000000248690e-03
3.413900000000000091e+03,5.354003906250000000e+01,4.084999999999999964e+00,1.549750000000000050e+01,1.941953124999999858e+01
3.414000000000000000e+03,5.392456054687500000e+01,2.972500000000000142e+00,1.559500000000000064e+01,1.551210937500000142e+01
3.414099999999999909e+03,5.370483398437500000e+01,2.957500000000000018e+00,1.582499999999999929e+01,1.544757812500000149e+01
3.414199999999999818e+03,5.484008789062500000e+01,2.959999999999999964e+00,1.565000000000000036e+01,1.547656250000000000e+01
3.414300000000000182e+03,5.586547851562500000e+01,2.967499999999999805e+00,1.550999999999999979e+01,1.549570312500000036e+01
3.414400000000000091e+03,5.551757812500000000e+01,2.975000000000000089e+00,1.554999999999999893e+01,1.544320312500000014e+01
3.414500000000000000e+03,5.592041015625000000e+01,2.984999999999999876e+00,1.566750000000000043e+01,1.547437500000000021e+01
3.414599999999999909e+03,5.568237304687500000e+01,2.984999999999999876e+00,1.573000000000000043e+01,1.546507812500000156e+01
3.414699999999999818e+03,5.881347656250000000e+01,3.002499999999999947e+00,1.563749999999999929e+01,1.548312500000000114e+01
3.414800000000000182e+03,5.910644531250000000e+01,3.015000000000000124e+00,1.558999999999999986e+01,1.550882812500000085e+01
3.414900000000000091e+03,5.877685546875000000e+01,3.044999999999999929e+00,1.580499999999999972e+01,1.541640625000000142e+01
3.415000000000000000e+03,5.914306640625000000e+01,2.997500000000000053e+00,1.568999999999999950e+01,1.554710937500000156e+01
3.415099999999999909e+03,6.207275390625000000e+01,2.992500000000000160e+00,1.583499999999999908e+01,1.547875000000000156e+01
3.415199999999999818e+03,6.329956054687500000e+01,3.037500000000000089e+00,1.541999999999999993e+01,1.545687500000000014e+01
3.415300000000000182e+03,6.339111328125000000e+01,3.060000000000000053e+00,1.553999999999999915e+01,1.544101562500000036e+01
3.415400000000000091e+03,6.304321289062500000e+01,3.060000000000000053e+00,1.573000000000000043e+01,1.544867187500000050e+01
3.415500000000000000e+03,6.416015625000000000e+01,3.055000000000000160e+00,1.575999999999999979e+01,1.548312500000000114e+01
3.415599999999999909e+03,6.701660156250000000e+01,3.052500000000000213e+00,1.557750000000000057e+01,1.547601562500000050e+01
3.415699999999999818e+03,6.732788085937500000e+01,3.067499999999999893e+00,1.566750000000000043e+01,1.547875000000000156e+01
3.415800000000000182e+03,6.740112304687500000e+01,3.047499999999999876e+00,1.566999999999999993e+01,1.549296875000000107e+01
3.415900000000000091e+03,6.703491210937500000e+01,3.069999999999999840e+00,1.541999999999999993e+01,1.542625000000000135e+01
3.416000000000000000e+03,7.045898437500000000e+01,3.082500000000000018e+00,1.564749999999999908e+01,1.549406250000000007e+01
3.416099999999999909e+03,7.049560546875000000e+01,3.129999999999999893e+00,1.550750000000000028e+01,1.547820312500000028e+01
3.416199999999999818e+03,7.075195312500000000e+01,3.095000000000000195e+00,1.548000000000000043e+01,1.541093750000000107e+01
3.416300000000000182e+03,7.082519531250000000e+01,3.112499999999999822e+00,1.551999999999999957e+01,1.550773437500000007e+01
3.416400000000000091e+03,7.177734375000000000e+01,3.117500000000000160e+00,1.571499999999999986e+01,1.546945312500000114e+01
3.416500000000000000e+03,7.375488281250000000e+01,3.152499999999999858e+00,1.565750000000000064e+01,1.544156250000000163e+01
3.416599999999999909e+03,7.340698242187500000e+01,3.162500000000000089e+00,1.552999999999999936e+01,1.544101562500000036e+01
3.416699999999999818e+03,7.368164062500000000e+01,3.077500000000000124e+00,1.571749999999999936e+01,1.547656250000000000e+01
3.416800000000000182e+03,7.371826171875000000e+01,3.182500000000000107e+00,1.547499999999999964e+01,1.546671875000000007e+01
3.416900000000000091e+03,7.582397460937500000e+01,3.189999999999999947e+00,1.554999999999999893e+01,1.544648437500000071e+01
3.417000000000000000e+03,7.648315429687500000e+01,3.167499999999999982e+00,1.580749999999999922e+01,1.549789062500000014e+01
3.417099999999999909e+03,7.609863281250000000e+01,3.172499999999999876e+00,1.544999999999999929e+01,1.544375000000000142e+01
3.417199999999999818e+03,7.635498046875000000e+01,3.185000000000000053e+00,1.540000000000000036e+01,1.547054687500000014e+01
3.417300000000000182e+03,7.822265625000000000e+01,3.189999999999999947e+00,1.550000000000000000e+01,1.550937500000000036e+01
3.417400000000000091e+03,7.855224609375000000e+01,3.187500000000000000e+00,1.567999999999999972e+01,1.543992187500000135e+01
3.417500000000000000e+03,7.901000976562500000e+01,3.192499999999999893e+00,1.559750000000000014e+01,1.546671875000000007e+01
3.417599999999999909e+03,7.858886718750000000e+01,3.225000000000000089e+00,1.543500000000000050e+01,1.541531250000000064e+01
3.417699999999999818e+03,7.911987304687500000e+01,3.257499999999999840e+00,1.550000000000000000e+01,1.548640624999999993e+01
3.417800000000000182e+03,8.111572265625000000e+01,3.217499999999999805e+00,1.549000000000000021e+01,1.544976562500000128e+01
3.417900000000000091e+03,8.084106445312500000e+01,3.217499999999999805e+00,1.559500000000000064e+01,1.545031250000000078e+01
3.418000000000000000e+03,8.131713867187500000e+01,3.240000000000000213e+00,1.549000000000000021e+01,1.547929687500000107e+01
3.418099999999999909e+03,8.089599609375000000e+01,3.245000000000000107e+00,1.550999999999999979e+01,1.544539062499999993e+01
3.418199999999999818e+03,8.309326171875000000e+01,3.254999999999999893e+00,1.566999999999999993e+01,1.543609375000000128e+01
3.418300000000000182e+03,8.344116210937500000e+01,3.245000000000000107e+00,1.570749999999999957e+01,1.546890625000000163e+01
3.418400000000000091e+03,8.305664062500000000e+01,3.287500000000000089e+00,1.555749999999999922e+01,1.551210937500000142e+01
3.418500000000000000e+03,8.353271484375000000e+01,3.242500000000000160e+00,1.559999999999999964e+01,1.545085937500000028e+01
3.418599999999999909e+03,8.399047851562500000e+01,3.247500000000000053e+00,1.548749999999999893e+01,1.540328125000000092e+01
3.418699999999999818e+03,8.536376953125000000e+01,3.292499999999999982e+00,1.553999999999999915e+01,1.545359375000000135e+01
3.418800000000000182e+03,8.545532226562500000e+01,3.334999999999999964e+00,1.551999999999999957e+01,1.548257812500000163e+01
3.418900000000000091e+03,8.505249023437500000e+01,3.277499999999999858e+00,1.550999999999999979e+01,1.545085937500000028e+01
3.419000000000000000e+03,8.554687500000000000e+01,3.299999999999999822e+00,1.564499999999999957e+01,1.544867187500000050e+01
3.419099999999999909e+03,8.699340820312500000e+01,3.297499999999999876e+00,1.572000000000000064e+01,1.543718750000000028e+01
3.419199999999999818e+03,8.746948242187500000e+01,3.307500000000000107e+00,1.550999999999999979e+01,1.543609375000000128e+01
3.419300000000000182e+03,8.750610351562500000e+01,3.172499999999999876e+00,1.533999999999999986e+01,1.546890625000000163e+01
3.419400000000000091e+03,8.710327148437500000e+01,3.327500000000000124e+00,1.566750000000000043e+01,1.551976562500000156e+01
3.419500000000000000e+03,8.900756835937500000e+01,3.310000000000000053e+00,1.574000000000000021e+01,1.545359375000000135e+01
3.419599999999999909e+03,8.908081054687500000e+01,3.290000000000000036e+00,1.569749999999999979e+01,1.547929687500000107e+01
3.419699999999999818e+03,8.937377929687500000e+01,3.365000000000000213e+00,1.553999999999999915e+01,1.547164062500000092e+01
3.419800000000000182e+03,8.941040039062500000e+01,3.367500000000000160e+00,1.547749999999999915e+01,1.550335937500000050e+01
3.419900000000000091e+03,8.926391601562500000e+01,3.342500000000000249e+00,1.565000000000000036e+01,1.549296875000000107e+01
3.420000000000000000e+03,9.133300781250000000e+01,3.342500000000000249e+00,1.564749999999999908e+01,1.547875000000000156e+01
3.420099999999999909e+03,9.094848632812500000e+01,3.430000000000000160e+00,1.565000000000000036e+01,1.550171875000000021e+01
3.420199999999999818e+03,9.133300781250000000e+01,3.362499999999999822e+00,1.568999999999999950e+01,1.548093750000000135e+01
3.420300000000000182e+03,9.131469726562500000e+01,3.395000000000000018e+00,1.588499999999999979e+01,1.546398437500000078e+01
3.420400000000000091e+03,9.252319335937500000e+01,3.345000000000000195e+00,1.556499999999999950e+01,1.546070312500000021e+01
3.420500000000000000e+03,9.325561523437500000e+01,3.395000000000000018e+00,1.552999999999999936e+01,1.545906249999999993e+01
3.420599999999999909e+03,9.274291992187500000e+01,3.424999999999999822e+00,1.546749999999999936e+01,1.547492187500000149e+01
3.420699999999999818e+03,9.316406250000000000e+01,3.417499999999999982e+00,1.534999999999999964e+01,1.548093750000000135e+01
3.420800000000000182e+03,9.396972656250000000e+01,3.442499999999999893e+00,1.544749999999999979e+01,1.545578125000000114e+01
3.420900000000000091e+03,9.453735351562500000e+01,3.402499999999999858e+00,1.559750000000000014e+01,1.541531250000000064e+01
3.421000000000000000e+03,9.510498046875000000e+01,3.435000000000000053e+00,1.546499999999999986e+01,1.545140625000000156e+01
3.421099999999999909e+03,9.451904296875000000e+01,3.457500000000000018e+00,1.533750000000000036e+01,1.547218750000000043e+01
3.421199999999999818e+03,9.497680664062500000e+01,3.467500000000000249e+00,1.550000000000000000e+01,1.546015625000000071e+01
3.421300000000000182e+03,9.658813476562500000e+01,3.419999999999999929e+00,1.540000000000000036e+01,1.549734375000000064e+01
3.421400000000000091e+03,9.633178710937500000e+01,3.442499999999999893e+00,1.564000000000000057e+01,1.546179687500000099e+01
3.421500000000000000e+03,9.688110351562500000e+01,3.442499999999999893e+00,1.549750000000000050e+01,1.544976562500000128e+01
3.421599999999999909e+03,9.631347656250000000e+01,3.482499999999999929e+00,1.553999999999999915e+01,1.551210937500000142e+01
3.421699999999999818e+03,9.807128906250000000e+01,3.464999999999999858e+00,1.556000000000000050e+01,1.550500000000000078e+01
3.421800000000000182e+03,9.852905273437500000e+01,3.492500000000000160e+00,1.564000000000000057e+01,1.551265625000000092e+01
3.421900000000000091e+03,9.821777343750000000e+01,3.450000000000000178e+00,1.576999999999999957e+01,1.545687500000000014e+01
3.422000000000000000e+03,9.867553710937500000e+01,3.475000000000000089e+00,1.570500000000000007e+01,1.547109375000000142e+01
3.422099999999999909e+03,9.851074218750000000e+01,3.512500000000000178e+00,1.568500000000000050e+01,1.545687500000000014e+01
3.422199999999999818e+03,1.001586914062500000e+02,3.509999999999999787e+00,1.558000000000000007e+01,1.550500000000000078e+01
3.422300000000000182e+03,1.002136230468750000e+02,3.540000000000000036e+00,1.569999999999999929e+01,1.542460937500000107e+01
3.422400000000000091e+03,9.990234375000000000e+01,3.530000000000000249e+00,1.566499999999999915e+01,1.543773437500000156e+01
3.422500000000000000e+03,1.003784179687500000e+02,3.547499999999999876e+00,1.553749999999999964e+01,1.542515625000000057e+01
3.422599999999999909e+03,1.012939453125000000e+02,3.544999999999999929e+00,1.568999999999999950e+01,1.544976562500000128e+01
3.422699999999999818e+03,1.019531250000000000e+02,3.580000000000000071e+00,1.552999999999999936e+01,1.546453125000000028e+01
3.422800000000000182e+03,1.018981933593750000e+02,3.532499999999999751e+00,1.558999999999999986e+01,1.544210937500000114e+01
3.422900000000000091e+03,1.015686035156250000e+02,3.582500000000000018e+00,1.554999999999999893e+01,1.548148437500000085e+01
3.423000000000000000e+03,1.030517578125000000e+02,3.562500000000000000e+00,1.551750000000000007e+01,1.542679687500000085e+01
3.423099999999999909e+03,1.031799316406250000e+02,3.552500000000000213e+00,1.573000000000000043e+01,1.548531250000000092e+01
3.423199999999999818e+03,1.036560058593750000e+02,3.555000000000000160e+00,1.556000000000000050e+01,1.548257812500000163e+01
3.423300000000000182e+03,1.035827636718750000e+02,3.562500000000000000e+00,1.568999999999999950e+01,1.544976562500000128e+01
3.423400000000000091e+03,1.033081054687500000e+02,3.584999999999999964e+00,1.570749999999999957e+01,1.548203125000000036e+01
3.423500000000000000e+03,1.055053710937500000e+02,3.597500000000000142e+00,1.552999999999999936e+01,1.543554687500000000e+01
3.423599999999999909e+03,1.050109863281250000e+02,3.584999999999999964e+00,1.549000000000000021e+01,1.551867187500000078e+01
3.423699999999999818e+03,1.054870605468750000e+02,3.632500000000000284e+00,1.554999999999999893e+01,1.548750000000000071e+01
3.423800000000000182e+03,1.054138183593750000e+02,3.649999999999999911e+00,1.590750000000000064e+01,1.548804687500000021e+01
3.423900000000000091e+03,1.064208984375000000e+02,3.612499999999999822e+00,1.569500000000000028e+01,1.543062500000000092e+01
3.424000000000000000e+03,1.073181152343750000e+02,3.600000000000000089e+00,1.560999999999999943e+01,1.545851562500000043e+01
3.424099999999999909e+03,1.066955566406250000e+02,3.627499999999999947e+00,1.556000000000000050e+01,1.548148437500000085e+01
3.424199999999999818e+03,1.071899414062500000e+02,3.662500000000000089e+00,1.565000000000000036e+01,1.543062500000000092e+01
3.424300000000000182e+03,1.075195312500000000e+02,3.617500000000000160e+00,1.566999999999999993e+01,1.546726562500000135e+01
3.424400000000000091e+03,1.084350585937500000e+02,3.692499999999999893e+00,1.585249999999999915e+01,1.550062500000000121e+01
3.424500000000000000e+03,1.089843750000000000e+02,3.662500000000000089e+00,1.540000000000000036e+01,1.541804687499999993e+01
3.424599999999999909e+03,1.083984375000000000e+02,3.665000000000000036e+00,1.554999999999999893e+01,1.544757812500000149e+01
3.424699999999999818e+03,1.088745117187500000e+02,3.712499999999999911e+00,1.559750000000000014e+01,1.548367187500000064e+01
3.424800000000000182e+03,1.103576660156250000e+02,3.697499999999999787e+00,1.553999999999999915e+01,1.544921875000000000e+01
3.424900000000000091e+03,1.102294921875000000e+02,3.714999999999999858e+00,1.572749999999999915e+01,1.545906249999999993e+01
3.425000000000000000e+03,1.107421875000000000e+02,3.709999999999999964e+00,1.565499999999999936e+01,1.550718750000000057e+01
3.425099999999999909e+03,1.101013183593750000e+02,3.742500000000000160e+00,1.586500000000000021e+01,1.547656250000000000e+01
3.425199999999999818e+03,1.116577148437500000e+02,3.750000000000000000e+00,1.558499999999999908e+01,1.546234375000000050e+01
3.425300000000000182e+03,1.121520996093750000e+02,3.747500000000000053e+00,1.568999999999999950e+01,1.546015625000000071e+01
3.425400000000000091e+03,1.118591308593750000e+02,3.759999999999999787e+00,1.563499999999999979e+01,1.544757812500000149e+01
3.425500000000000000e+03,1.124267578125000000e+02,3.772499999999999964e+00,1.552999999999999936e+01,1.551539062500000021e+01
3.425599999999999909e+03,1.118041992187500000e+02,3.817499999999999893e+00,1.550999999999999979e+01,1.546507812500000156e+01
3.425699999999999818e+03,1.140014648437500000e+02,3.797499999999999876e+00,1.539000000000000057e+01,1.550882812500000085e+01
3.425800000000000182e+03,1.140014648437500000e+02,3.814999999999999947e+00,1.565499999999999936e+01,1.550281250000000099e+01
3.425900000000000091e+03,1.137084960937500000e+02,3.850000000000000089e+00,1.560749999999999993e+01,1.546835937500000036e+01
3.426000000000000000e+03,1.142211914062500000e+02,3.847500000000000142e+00,1.555749999999999922e+01,1.543117187500000043e+01
3.426099999999999909e+03,1.150085449218750000e+02,3.837499999999999911e+00,1.567750000000000021e+01,1.544265625000000064e+01
3.426199999999999818e+03,1.158142089843750000e+02,3.850000000000000089e+00,1.559999999999999964e+01,1.548914062500000099e+01
3.426300000000000182e+03,1.156860351562500000e+02,3.890000000000000124e+00,1.551750000000000007e+01,1.549898437500000092e+01
3.426400000000000091e+03,1.154113769531250000e+02,3.890000000000000124e+00,1.549750000000000050e+01,1.542570312500000007e+01
3.426500000000000000e+03,1.166748046875000000e+02,3.902499999999999858e+00,1.558999999999999986e+01,1.545960937500000121e+01
3.426599999999999909e+03,1.170593261718750000e+02,3.922499999999999876e+00,1.562999999999999901e+01,1.544812500000000099e+01
3.426699999999999818e+03,1.176086425781250000e+02,3.939999999999999947e+00,1.540750000000000064e+01,1.546070312500000021e+01
3.426800000000000182e+03,1.174987792968750000e+02,3.924999999999999822e+00,1.567999999999999972e+01,1.544484375000000043e+01
3.426900000000000091e+03,1.172607421875000000e+02,3.964999999999999858e+00,1.550999999999999979e+01,1.546289062500000000e+01
3.427000000000000000e+03,1.193481445312500000e+02,3.969999999999999751e+00,1.560999999999999943e+01,1.548804687500000021e+01
3.427099999999999909e+03,1.188903808593750000e+02,3.990000000000000213e+00,1.551750000000000007e+01,1.543882812500000057e+01
3.427199999999999818e+03,1.194396972656250000e+02,4.015000000000000568e+00,1.551500000000000057e+01,1.543773437500000156e+01
3.427300000000000182e+03,1.192932128906250000e+02,3.967500000000000249e+00,1.537999999999999901e+01,1.550171875000000021e+01
3.427400000000000091e+03,1.203918457031250000e+02,4.049999999999999822e+00,1.560749999999999993e+01,1.544867187500000050e+01
3.427500000000000000e+03,1.214355468750000000e+02,4.052500000000000213e+00,1.555749999999999922e+01,1.538851562500000014e+01
3.427599999999999909e+03,1.207763671875000000e+02,4.042500000000000426e+00,1.542999999999999972e+01,1.547273437499999993e+01
3.427699999999999818e+03,1.213623046875000000e+02,4.049999999999999822e+00,1.568999999999999950e+01,1.545468750000000036e+01
3.427800000000000182e+03,1.214355468750000000e+02,4.067499999999999893e+00,1.555749999999999922e+01,1.547109375000000142e+01
3.427900000000000091e+03,1.227722167968750000e+02,4.087500000000000355e+00,1.576750000000000007e+01,1.548421875000000014e+01
3.428000000000000000e+03,1.233764648437500000e+02,4.105000000000000426e+00,1.534750000000000014e+01,1.549570312500000036e+01
3.428099999999999909e+03,1.226806640625000000e+02,4.150000000000000355e+00,1.562749999999999950e+01,1.543171874999999993e+01
3.428199999999999818e+03,1.232849121093750000e+02,4.122500000000000497e+00,1.556000000000000050e+01,1.542734375000000036e+01
3.428300000000000182e+03,1.237243652343750000e+02,4.147499999999999964e+00,1.566750000000000043e+01,1.544484375000000043e+01
3.428400000000000091e+03,1.235412597656250000e+02,4.144999999999999574e+00,1.547749999999999915e+01,1.541093750000000107e+01
3.428500000000000000e+03,1.240356445312500000e+02,4.174999999999999822e+00,1.575249999999999950e+01,1.542898437500000064e+01
3.428599999999999909e+03,1.233947753906250000e+02,4.179999999999999716e+00,1.548749999999999893e+01,1.549132812500000078e+01
3.428699999999999818e+03,1.239624023437500000e+02,4.207499999999999574e+00,1.532750000000000057e+01,1.547875000000000156e+01
3.428800000000000182e+03,1.237792968750000000e+02,4.240000000000000213e+00,1.562999999999999901e+01,1.545796875000000092e+01
3.428900000000000091e+03,1.235595703125000000e+02,4.262500000000000178e+00,1.551500000000000057e+01,1.542953125000000014e+01
3.429000000000000000e+03,1.240722656250000000e+02,4.301874999999999893e+00,1.547499999999999964e+01,1.545960937500000121e+01
3.429099999999999909e+03,1.233398437500000000e+02,4.062499999999991118e-02,1.578250000000000064e+01,-4.484375000000095923e-02
3.429199999999999818e+03,1.239624023437500000e+02,6.062499999999992895e-02,1.550750000000000028e+01,-7.601562500000103029e-02
3.429300000000000182e+03,1.238159179687500000e+02,3.812499999999996447e-02,1.560999999999999943e+01,-9.296875000000071054e-02
3.429400000000000091e+03,1.235595703125000000e+02,5.312500000000008882e-02,1.547749999999999915e+01,-6.890625000000039080e-02
3.429500000000000000e+03,1.240356445312500000e+02,3.062500000000012434e-02,1.548749999999999893e+01,-9.460937500000099476e-02
3.429599999999999909e+03,1.225158691406250000e+02,3.312500000000007105e-02,1.551999999999999957e+01,-4.156250000000039080e-02
3.429699999999999818e+03,1.228637695312500000e+02,7.312500000000010658e-02,1.569999999999999929e+01,-2.078125000000063949e-02
3.429800000000000182e+03,1.226806640625000000e+02,2.812499999999973355e-02,1.561999999999999922e+01,-7.273437500000046185e-02
3.429900000000000091e+03,1.224426269531250000e+02,5.562500000000003553e-02,1.575750000000000028e+01,-3.117187500000095923e-02
3.430000000000000000e+03,1.223144531250000000e+02,3.562500000000001776e-02,1.583750000000000036e+01,-2.406250000000031974e-02
3.430099999999999909e+03,1.198242187500000000e+02,4.562499999999980460e-02,1.559999999999999964e+01,-1.312500000000049738e-02
3.430199999999999818e+03,1.202819824218750000e+02,6.312499999999987566e-02,1.525999999999999979e+01,-2.406250000000031974e-02
3.430300000000000182e+03,1.200805664062500000e+02,6.249999999998756550e-04,1.541000000000000014e+01,-3.554687500000053291e-02
3.430400000000000091e+03,1.198791503906250000e+02,2.812499999999973355e-02,1.559750000000000014e+01,-1.192187500000008171e-01
3.430500000000000000e+03,1.168029785156250000e+02,6.562499999999982236e-02,1.554999999999999893e+01,-6.179687500000063949e-02
3.430599999999999909e+03,1.157409667968750000e+02,3.562500000000001776e-02,1.549750000000000050e+01,-6.179687500000063949e-02
3.430699999999999818e+03,1.162353515625000000e+02,2.562499999999978684e-02,1.547000000000000064e+01,-5.578125000000078160e-02
3.430800000000000182e+03,1.161071777343750000e+02,7.812500000000000000e-02,1.545999999999999908e+01,-7.000000000000028422e-02
3.430900000000000091e+03,1.135070800781250000e+02,6.062499999999992895e-02,1.582249999999999979e+01,-6.343750000000092371e-02
3.431000000000000000e+03,1.124084472656250000e+02,7.312500000000010658e-02,1.569500000000000028e+01,-2.789062500000039080e-02
3.431099999999999909e+03,1.117126464843750000e+02,6.062499999999992895e-02,1.561749999999999972e+01,-7.437500000000074607e-02
3.431199999999999818e+03,1.122619628906250000e+02,-1.631249999999999645e-01,1.538749999999999929e+01,-1.750000000000095923e-02
3.431300000000000182e+03,1.121337890625000000e+02,2.812499999999973355e-02,1.553999999999999915e+01,-6.453125000000081712e-02
3.431400000000000091e+03,1.087097167968750000e+02,5.562500000000003553e-02,1.559999999999999964e+01,-4.703125000000074607e-02
3.431500000000000000e+03,1.090026855468750000e+02,3.812499999999996447e-02,1.565750000000000064e+01,-4.375000000000106581e-02
3.431599999999999909e+03,1.084350585937500000e+02,3.312500000000007105e-02,1.551999999999999957e+01,-2.078125000000063949e-02
3.431699999999999818e+03,1.089294433593750000e+02,3.312500000000007105e-02,1.564000000000000057e+01,-5.578125000000078160e-02
3.431800000000000182e+03,1.066406250000000000e+02,3.312500000000007105e-02,1.570999999999999908e+01,7.109374999999751310e-03
3.431900000000000091e+03,1.057250976562500000e+02,4.812499999999975131e-02,1.535749999999999993e+01,-4.429687500000056843e-02
3.432000000000000000e+03,1.062377929687500000e+02,5.562500000000003553e-02,1.561999999999999922e+01,-2.460937500000071054e-02
3.432099999999999909e+03,1.055969238281250000e+02,4.062499999999991118e-02,1.558750000000000036e+01,-3.171875000000046185e-02
3.432199999999999818e+03,1.054504394531250000e+02,2.062499999999989342e-02,1.553999999999999915e+01,-6.289062500000053291e-02
3.432300000000000182e+03,1.036193847656250000e+02,1.674999999999999822e-01,1.551999999999999957e+01,-1.093750000000781597e-03
3.432400000000000091e+03,1.031616210937500000e+02,3.812499999999996447e-02,1.542999999999999972e+01,-3.281250000000035527e-02
3.432500000000000000e+03,1.036926269531250000e+02,1.562500000000000000e-02,1.550999999999999979e+01,-2.187500000000053291e-02
3.432599999999999909e+03,1.031066894531250000e+02,5.062500000000014211e-02,1.554999999999999893e+01,-3.828125000000071054e-02
3.432699999999999818e+03,1.015502929687500000e+02,3.812499999999996447e-02,1.574000000000000021e+01,-2.789062500000039080e-02
3.432800000000000182e+03,1.012207031250000000e+02,4.062499999999991118e-02,1.552500000000000036e+01,-3.171875000000046185e-02
3.432900000000000091e+03,1.009094238281250000e+02,5.562500000000003553e-02,1.559750000000000014e+01,-5.414062500000049738e-02
3.433000000000000000e+03,1.014038085937500000e+02,5.812499999999998224e-02,1.546499999999999986e+01,-4.867187500000103029e-02
3.433099999999999909e+03,9.955444335937500000e+01,3.062500000000012434e-02,1.565499999999999936e+01,-3.281250000000568434e-03
3.433199999999999818e+03,9.926147460937500000e+01,3.312500000000007105e-02,1.570999999999999908e+01,-6.453125000000081712e-02
3.433300000000000182e+03,9.916992187500000000e+01,4.562499999999980460e-02,1.577999999999999936e+01,1.585937499999889866e-02
3.433400000000000091e+03,9.884033203125000000e+01,2.812499999999973355e-02,1.547000000000000064e+01,-7.218750000000095923e-02
3.433500000000000000e+03,9.929809570312500000e+01,2.562499999999978684e-02,1.563749999999999929e+01,-6.945312500000078160e-02
3.433599999999999909e+03,9.704589843750000000e+01,4.562499999999980460e-02,1.565000000000000036e+01,4.374999999999928946e-02
3.433699999999999818e+03,9.739379882812500000e+01,3.812499999999996447e-02,1.558750000000000036e+01,-5.687500000000067502e-02
3.433800000000000182e+03,9.733886718750000000e+01,4.312499999999985789e-02,1.544999999999999929e+01,-2.625000000000099476e-02
3.433900000000000091e+03,9.697265625000000000e+01,6.812499999999976907e-02,1.585249999999999915e+01,-7.164062500000056843e-02
3.434000000000000000e+03,9.603881835937500000e+01,6.062499999999992895e-02,1.538749999999999929e+01,-6.070312500000074607e-02
3.434099999999999909e+03,9.517822265625000000e+01,3.562500000000001776e-02,1.569999999999999929e+01,-1.914062500000035527e-02
3.434199999999999818e+03,9.556274414062500000e+01,3.562500000000001776e-02,1.559999999999999964e+01,-5.031250000000042633e-02
3.434300000000000182e+03,9.552612304687500000e+01,7.374999999999998224e-02,1.558999999999999986e+01,-7.382812500000035527e-02
3.434400000000000091e+03,9.472045898437500000e+01,4.062499999999991118e-02,1.563749999999999929e+01,-5.031250000000042633e-02
3.434500000000000000e+03,9.402465820312500000e+01,5.312500000000008882e-02,1.581250000000000000e+01,3.335937499999896971e-02
3.434599999999999909e+03,9.342041015625000000e+01,6.562499999999982236e-02,1.540000000000000036e+01,-4.867187500000103029e-02
3.434699999999999818e+03,9.384155273437500000e+01,3.062500000000012434e-02,1.562500000000000000e+01,-3.992187500000099476e-02
3.434800000000000182e+03,9.384155273437500000e+01,4.812499999999975131e-02,1.562999999999999901e+01,-6.343750000000092371e-02
3.434900000000000091e+03,9.208374023437500000e+01,4.312499999999985789e-02,1.558000000000000007e+01,-1.039062500000031974e-02
3.435000000000000000e+03,9.239501953125000000e+01,3.562500000000001776e-02,1.573000000000000043e+01,-2.625000000000099476e-02
3.435099999999999909e+03,9.184570312500000000e+01,3.812499999999996447e-02,1.570999999999999908e+01,-6.945312500000078160e-02
3.435199999999999818e+03,9.226684570312500000e+01,4.062499999999991118e-02,1.566750000000000043e+01,2.734374999999289457e-03
3.435300000000000182e+03,9.129638671875000000e+01,3.812499999999996447e-02,1.556499999999999950e+01,-8.585937500000095923e-02
3.435400000000000091e+03,9.036254882812500000e+01,1.562500000000000000e-02,1.569749999999999979e+01,-7.656250000001030287e-03
3.435500000000000000e+03,9.087524414062500000e+01,2.812499999999973355e-02,1.555749999999999922e+01,-5.523437500000039080e-02
3.435599999999999909e+03,9.034423828125000000e+01,4.312499999999985789e-02,1.559750000000000014e+01,-8.695312500000085265e-02
3.435699999999999818e+03,9.069213867187500000e+01,1.312500000000005329e-02,1.542999999999999972e+01,-4.867187500000103029e-02
3.435800000000000182e+03,8.930053710937500000e+01,2.062499999999989342e-02,1.554999999999999893e+01,-6.343750000000092371e-02
3.435900000000000091e+03,8.887939453125000000e+01,1.562500000000000000e-02,1.533000000000000007e+01,-6.125000000000024869e-02
3.436000000000000000e+03,8.933715820312500000e+01,7.312500000000010658e-02,1.574000000000000021e+01,-6.343750000000092371e-02
3.436099999999999909e+03,8.887939453125000000e+01,5.062500000000014211e-02,1.561999999999999922e+01,-6.726562500000099476e-02
3.436199999999999818e+03,8.809204101562500000e+01,3.312500000000007105e-02,1.564000000000000057e+01,-6.617187500000110134e-02
3.436300000000000182e+03,8.785400390625000000e+01,2.312499999999984013e-02,1.548749999999999893e+01,-8.640625000000046185e-02
3.436400000000000091e+03,8.748779296875000000e+01,2.562499999999978684e-02,1.573000000000000043e+01,1.148437499999932498e-02
3.436500000000000000e+03,8.794555664062500000e+01,3.812499999999996447e-02,1.569999999999999929e+01,-4.976562500000092371e-02
3.436599999999999909e+03,8.703002929687500000e+01,4.062499999999991118e-02,1.553999999999999915e+01,-3.281250000000035527e-02
3.436699999999999818e+03,8.646240234375000000e+01,1.562500000000000000e-02,1.545999999999999908e+01,-3.882812500000110134e-02
3.436800000000000182e+03,8.642578125000000000e+01,8.062499999999994671e-02,1.552999999999999936e+01,-3.937500000000060396e-02
3.436900000000000091e+03,8.604125976562500000e+01,4.812499999999975131e-02,1.558000000000000007e+01,2.242187499999914735e-02
3.437000000000000000e+03,8.655395507812500000e+01,2.562499999999978684e-02,1.552749999999999986e+01,-6.781250000000049738e-02
3.437099999999999909e+03,8.492431640625000000e+01,4.812499999999975131e-02,1.552999999999999936e+01,-3.062500000000056843e-02
3.437199999999999818e+03,8.510742187500000000e+01,6.812499999999976907e-02,1.570999999999999908e+01,-8.203125000000532907e-03
3.437300000000000182e+03,8.512573242187500000e+01,4.812499999999975131e-02,1.575000000000000000e+01,-3.992187500000099476e-02
3.437400000000000091e+03,8.475952148437500000e+01,3.124999999999822364e-03,1.541999999999999993e+01,-6.453125000000081712e-02
3.437500000000000000e+03,8.448486328125000000e+01,4.562499999999980460e-02,1.554499999999999993e+01,-3.171875000000046185e-02
3.437599999999999909e+03,8.349609375000000000e+01,6.562499999999982236e-02,1.561999999999999922e+01,-5.359375000000099476e-02
3.437699999999999818e+03,8.382568359375000000e+01,2.812499999999973355e-02,1.560999999999999943e+01,-9.242187500000031974e-02
3.437800000000000182e+03,8.384399414062500000e+01,4.812499999999975131e-02,1.547749999999999915e+01,-9.187500000000081712e-02
3.437900000000000091e+03,8.345947265625000000e+01,4.062499999999991118e-02,1.569999999999999929e+01,-4.484375000000095923e-02
3.438000000000000000e+03,8.272705078125000000e+01,5.062500000000014211e-02,1.566249999999999964e+01,-4.593750000000085265e-02
3.438099999999999909e+03,8.217773437500000000e+01,5.062500000000014211e-02,1.549750000000000050e+01,-4.375000000000106581e-02
3.438199999999999818e+03,8.254394531250000000e+01,6.062499999999992895e-02,1.546499999999999986e+01,-1.968750000000074607e-02
3.438300000000000182e+03,8.254394531250000000e+01,3.812499999999996447e-02,1.563749999999999929e+01,-3.937500000000060396e-02
3.438400000000000091e+03,8.118896484375000000e+01,6.812499999999976907e-02,1.556000000000000050e+01,-7.328125000000085265e-02
3.438500000000000000e+03,8.133544921875000000e+01,5.812499999999998224e-02,1.564749999999999908e+01,-6.015625000000746070e-03
3.438599999999999909e+03,8.087768554687500000e+01,1.306249999999997691e-01,1.560500000000000043e+01,-8.881784197001252323e-16
3.438699999999999818e+03,8.120727539062500000e+01,2.312499999999984013e-02,1.567999999999999972e+01,-8.640625000000046185e-02
3.438800000000000182e+03,8.093261718750000000e+01,2.562499999999978684e-02,1.562500000000000000e+01,-2.953125000000067502e-02
3.438900000000000091e+03,7.972412109375000000e+01,5.812499999999998224e-02,1.546749999999999936e+01,-5.468750000000088818e-02
3.439000000000000000e+03,8.012695312500000000e+01,6.812499999999976907e-02,1.548749999999999893e+01,-2.460937500000071054e-02
3.439099999999999909e+03,7.966918945312500000e+01,2.312499999999984013e-02,1.559999999999999964e+01,-3.718750000000081712e-02
3.439199999999999818e+03,7.999877929687500000e+01,8.124999999999715783e-03,1.551500000000000057e+01,-2.351562500000081712e-02
3.439300000000000182e+03,7.901000976562500000e+01,6.812499999999976907e-02,1.533999999999999986e+01,-7.328125000000085265e-02
3.439400000000000091e+03,7.851562500000000000e+01,5.312500000000008882e-02,1.551999999999999957e+01,3.828124999999182876e-03
3.439500000000000000e+03,7.893676757812500000e+01,4.062499999999991118e-02,1.561999999999999922e+01,-6.125000000000024869e-02
3.439599999999999909e+03,7.851562500000000000e+01,1.368749999999998579e-01,1.524000000000000021e+01,-1.531250000000028422e-02
3.439699999999999818e+03,7.818603515625000000e+01,5.812499999999998224e-02,1.562500000000000000e+01,-7.875000000000031974e-02
3.439800000000000182e+03,7.765502929687500000e+01,1.812499999999994671e-02,1.559500000000000064e+01,-4.867187500000103029e-02
3.439900000000000091e+03,7.727050781250000000e+01,5.562500000000003553e-02,1.565750000000000064e+01,-9.515625000000049738e-02
3.440000000000000000e+03,7.772827148437500000e+01,-1.031249999999999112e-01,1.568750000000000000e+01,-5.250000000000110134e-02
3.440099999999999909e+03,7.730712890625000000e+01,6.812499999999976907e-02,1.549000000000000021e+01,-1.804687500000046185e-02
3.440199999999999818e+03,7.655639648437500000e+01,5.312500000000008882e-02,1.568999999999999950e+01,1.476562499999900524e-02
3.440300000000000182e+03,7.651977539062500000e+01,4.062499999999991118e-02,1.550999999999999979e+01,-5.468750000000088818e-02
3.440400000000000091e+03,7.617187500000000000e+01,1.062500000000010658e-02,1.551500000000000057e+01,-5.250000000000110134e-02
3.440500000000000000e+03,7.662963867187500000e+01,5.562500000000003553e-02,1.559750000000000014e+01,1.367187499999911182e-02
3.440599999999999909e+03,7.536621093750000000e+01,6.812499999999976907e-02,1.574750000000000050e+01,-3.281250000000035527e-02
3.440699999999999818e+03,7.538452148437500000e+01,5.812499999999998224e-02,1.556749999999999901e+01,-6.343750000000092371e-02
3.440800000000000182e+03,7.542114257812500000e+01,3.812499999999996447e-02,1.582499999999999929e+01,-5.468750000000088818e-02
3.440900000000000091e+03,7.509155273437500000e+01,4.562499999999980460e-02,1.541999999999999993e+01,-1.640625000000106581e-02
3.441000000000000000e+03,7.540283203125000000e+01,-2.562500000000000888e-01,1.538749999999999929e+01,2.078124999999975131e-02
3.441099999999999909e+03,7.404785156250000000e+01,5.562500000000003553e-02,1.548749999999999893e+01,-7.273437500000046185e-02
3.441199999999999818e+03,7.426757812500000000e+01,4.812499999999975131e-02,1.571749999999999936e+01,-2.351562500000081712e-02
3.441300000000000182e+03,7.430419921875000000e+01,2.812499999999973355e-02,1.547499999999999964e+01,-6.726562500000099476e-02
3.441400000000000091e+03,7.395629882812500000e+01,2.812499999999973355e-02,1.550750000000000028e+01,-8.203125000000088818e-02
3.441500000000000000e+03,7.344360351562500000e+01,3.062500000000012434e-02,1.551999999999999957e+01,-1.585937500000067502e-02
3.441599999999999909e+03,7.294921875000000000e+01,5.312500000000008882e-02,1.558750000000000036e+01,-7.601562500000103029e-02
3.441699999999999818e+03,7.316894531250000000e+01,9.937499999999976907e-02,1.567999999999999972e+01,4.374999999999928946e-02
3.441800000000000182e+03,7.322387695312500000e+01,6.812499999999976907e-02,1.565000000000000036e+01,-2.023437500000024869e-02
3.441900000000000091e+03,7.241821289062500000e+01,4.312499999999985789e-02,1.554499999999999993e+01,-4.156250000000039080e-02
3.442000000000000000e+03,7.234497070312500000e+01,3.812499999999996447e-02,1.586749999999999972e+01,-1.585937500000067502e-02
3.442099999999999909e+03,7.190551757812500000e+01,7.812500000000000000e-02,1.561749999999999972e+01,-7.437500000000074607e-02
3.442199999999999818e+03,7.214355468750000000e+01,8.124999999999715783e-03,1.555749999999999922e+01,-8.476562500000106581e-02
3.442300000000000182e+03,7.219848632812500000e+01,3.312500000000007105e-02,1.547749999999999915e+01,5.468749999995026201e-04
3.442400000000000091e+03,7.095336914062500000e+01,5.562500000000003553e-02,1.556749999999999901e+01,-4.101562500000088818e-02
3.442500000000000000e+03,7.126464843750000000e+01,3.312500000000007105e-02,1.564000000000000057e+01,-7.328125000000085265e-02
3.442599999999999909e+03,7.091674804687500000e+01,2.312499999999984013e-02,1.581250000000000000e+01,-5.085937500000081712e-02
3.442699999999999818e+03,7.117309570312500000e+01,6.062499999999992895e-02,1.561500000000000021e+01,-9.734375000000028422e-02
3.442800000000000182e+03,7.053222656250000000e+01,4.062499999999991118e-02,1.580499999999999972e+01,-3.664062500000042633e-02
3.442900000000000091e+03,6.987304687500000000e+01,8.312499999999989342e-02,1.549750000000000050e+01,-5.578125000000078160e-02
3.443000000000000000e+03,7.027587890625000000e+01,-6.874999999999964473e-03,1.547749999999999915e+01,-3.664062500000042633e-02
3.443099999999999909e+03,6.994628906250000000e+01,4.562499999999980460e-02,1.553500000000000014e+01,-1.421875000000039080e-02
3.443199999999999818e+03,7.012939453125000000e+01,1.062500000000010658e-02,1.561749999999999972e+01,-6.398437500000042633e-02
3.443300000000000182e+03,6.928710937500000000e+01,5.812499999999998224e-02,1.590249999999999986e+01,-3.007812500000106581e-02
3.443400000000000091e+03,6.886596679687500000e+01,4.562499999999980460e-02,1.547000000000000064e+01,-1.203125000000060396e-02
3.443500000000000000e+03,6.928710937500000000e+01,3.562500000000001776e-02,1.551500000000000057e+01,-5.304687500000060396e-02
3.443599999999999909e+03,6.893920898437500000e+01,3.562500000000001776e-02,1.546749999999999936e+01,-8.203125000000532907e-03
3.443699999999999818e+03,6.842651367187500000e+01,-2.600000000000002309e-01,1.570999999999999908e+01,-2.023437500000024869e-02
3.443800000000000182e+03,6.829833984375000000e+01,2.812499999999973355e-02,1.562999999999999901e+01,-3.171875000000046185e-02
3.443900000000000091e+03,6.796875000000000000e+01,1.312500000000005329e-02,1.558999999999999986e+01,-4.320312500000067502e-02
3.444000000000000000e+03,6.838989257812500000e+01,5.562500000000003553e-02,1.565750000000000064e+01,-5.195312500000071054e-02
3.444099999999999909e+03,6.776733398437500000e+01,3.562500000000001776e-02,1.541999999999999993e+01,-2.242187500000092371e-02
3.444199999999999818e+03,6.738281250000000000e+01,-2.000000000000001776e-02,1.565000000000000036e+01,-3.226562500000085265e-02
3.444300000000000182e+03,6.740112304687500000e+01,3.562500000000001776e-02,1.532000000000000028e+01,-2.898437500000028422e-02
3.444400000000000091e+03,6.705322265625000000e+01,3.312500000000007105e-02,1.548000000000000043e+01,-2.734375000001065814e-03
3.444500000000000000e+03,6.747436523437500000e+01,2.312499999999984013e-02,1.574000000000000021e+01,1.203124999999971578e-02
3.444599999999999909e+03,6.633911132812500000e+01,5.562500000000003553e-02,1.568750000000000000e+01,-2.242187500000092371e-02
3.444699999999999818e+03,6.646728515625000000e+01,1.312500000000005329e-02,1.548749999999999893e+01,-3.828125000000071054e-02
3.444800000000000182e+03,6.652221679687500000e+01,3.062500000000012434e-02,1.553999999999999915e+01,-1.640625000000106581e-02
3.444900000000000091e+03,6.621093750000000000e+01,3.312500000000007105e-02,1.573749999999999893e+01,-4.703125000000074607e-02
3.445000000000000000e+03,6.610107421875000000e+01,4.062499999999991118e-02,1.564749999999999908e+01,-6.835937500000088818e-02
3.445099999999999909e+03,6.544189453125000000e+01,3.062500000000012434e-02,1.570999999999999908e+01,-8.093750000000099476e-02
3.445199999999999818e+03,6.564331054687500000e+01,7.062500000000015987e-02,1.554999999999999893e+01,-6.890625000000039080e-02
3.445300000000000182e+03,6.573486328125000000e+01,3.124999999999822364e-03,1.538749999999999929e+01,-7.218750000000095923e-02
3.445400000000000091e+03,6.535034179687500000e+01,4.062499999999991118e-02,1.574750000000000050e+01,-8.093750000000099476e-02
3.445500000000000000e+03,6.494750976562500000e+01,5.562500000000003553e-02,1.559500000000000064e+01,-6.507812500000031974e-02
3.445599999999999909e+03,6.456298828125000000e+01,6.812499999999976907e-02,1.566499999999999915e+01,3.828124999999182876e-03
3.445699999999999818e+03,6.476440429687500000e+01,3.062500000000012434e-02,1.580250000000000021e+01,-6.015625000000035527e-02
3.445800000000000182e+03,6.483764648437500000e+01,5.562500000000003553e-02,1.561999999999999922e+01,-3.609375000000092371e-02
3.445900000000000091e+03,6.384887695312500000e+01,4.312499999999985789e-02,1.571499999999999986e+01,-5.250000000000110134e-02
3.446000000000000000e+03,6.412353515625000000e+01,5.312500000000008882e-02,1.565750000000000064e+01,-4.648437500000035527e-02
3.446099999999999909e+03,6.373901367187500000e+01,4.062499999999991118e-02,1.544999999999999929e+01,-2.570312500000060396e-02
3.446199999999999818e+03,6.394042968750000000e+01,3.062500000000012434e-02,1.569749999999999979e+01,3.499999999999925393e-02
3.446300000000000182e+03,6.388549804687500000e+01,3.312500000000007105e-02,1.562749999999999950e+01,-5.195312500000071054e-02
3.446400000000000091e+03,6.287841796875000000e+01,5.312500000000008882e-02,1.570999999999999908e+01,-2.515625000000110134e-02
3.446500000000000000e+03,6.322631835937500000e+01,6.812499999999976907e-02,1.545749999999999957e+01,-8.203125000000088818e-02
3.446599999999999909e+03,6.291503906250000000e+01,5.812499999999998224e-02,1.531749999999999901e+01,9.843749999999040767e-03
3.446699999999999818e+03,6.311645507812500000e+01,4.562499999999980460e-02,1.566499999999999915e+01,-3.554687500000053291e-02
3.446800000000000182e+03,6.253051757812500000e+01,3.562500000000001776e-02,1.582499999999999929e+01,-7.000000000000028422e-02
3.446900000000000091e+03,6.209106445312500000e+01,4.062499999999991118e-02,1.564749999999999908e+01,-3.226562500000085265e-02
3.447000000000000000e+03,6.243896484375000000e+01,5.062500000000014211e-02,1.544999999999999929e+01,-2.734375000001065814e-03
3.447099999999999909e+03,6.212768554687500000e+01,4.562499999999980460e-02,1.565499999999999936e+01,-7.546875000000063949e-02
3.447199999999999818e+03,6.190795898437500000e+01,4.812499999999975131e-02,1.576999999999999957e+01,-3.281250000000035527e-02
3.447300000000000182e+03,6.157836914062500000e+01,1.562500000000000000e-02,1.565000000000000036e+01,-2.898437500000028422e-02
3.447400000000000091e+03,6.124877929687500000e+01,7.312500000000010658e-02,1.558000000000000007e+01,-1.148437500000110134e-02
3.447500000000000000e+03,6.166992187500000000e+01,7.562500000000005329e-02,1.537749999999999950e+01,-6.453125000000081712e-02
3.447599999999999909e+03,6.135864257812500000e+01,3.812499999999996447e-02,1.566750000000000043e+01,-2.898437500000028422e-02
3.447699999999999818e+03,6.075439453125000000e+01,4.312499999999985789e-02,1.573499999999999943e+01,9.296874999999538147e-03
3.447800000000000182e+03,6.077270507812500000e+01,6.312499999999987566e-02,1.575000000000000000e+01,-3.718750000000081712e-02
3.447900000000000091e+03,6.046142578125000000e+01,4.062499999999991118e-02,1.557750000000000057e+01,1.859374999999907629e-02
3.448000000000000000e+03,6.086425781250000000e+01,5.062500000000014211e-02,1.564000000000000057e+01,-3.828125000000071054e-02
3.448099999999999909e+03,6.005859375000000000e+01,6.562499999999982236e-02,1.558000000000000007e+01,-4.812500000000063949e-02
3.448199999999999818e+03,6.007690429687500000e+01,5.312500000000008882e-02,1.553749999999999964e+01,-5.304687500000060396e-02
3.448300000000000182e+03,6.011352539062500000e+01,2.312499999999984013e-02,1.540750000000000064e+01,-3.554687500000053291e-02
3.448400000000000091e+03,5.976562500000000000e+01,5.312500000000008882e-02,1.551750000000000007e+01,-2.953125000000067502e-02
3.448500000000000000e+03,6.007690429687500000e+01,5.062500000000014211e-02,1.560999999999999943e+01,-7.984375000000110134e-02
3.448599999999999909e+03,5.919799804687500000e+01,7.812500000000000000e-02,1.557000000000000028e+01,-3.226562500000085265e-02
3.448699999999999818e+03,5.930786132812500000e+01,6.312499999999987566e-02,1.564499999999999957e+01,-1.082812500000009948e-01
3.448800000000000182e+03,5.941772460937500000e+01,2.312499999999984013e-02,1.569999999999999929e+01,-7.000000000000028422e-02
3.448900000000000091e+03,5.905151367187500000e+01,4.062499999999991118e-02,1.561999999999999922e+01,-6.179687500000063949e-02
3.449000000000000000e+03,5.888671875000000000e+01,3.062500000000012434e-02,1.576999999999999957e+01,-6.617187500000110134e-02
3.449099999999999909e+03,5.844726562500000000e+01,8.124999999999715783e-03,1.574000000000000021e+01,-3.390625000000024869e-02
3.449199999999999818e+03,5.859375000000000000e+01,3.812499999999996447e-02,1.551999999999999957e+01,-2.460937500000071054e-02
3.449300000000000182e+03,5.870361328125000000e+01,4.812499999999975131e-02,1.560749999999999993e+01,-1.914062500000035527e-02
3.449400000000000091e+03,5.813598632812500000e+01,5.312500000000008882e-02,1.567750000000000021e+01,-2.734375000000088818e-02
3.449500000000000000e+03,5.806274414062500000e+01,1.562500000000000000e-02,1.553999999999999915e+01,-3.937500000000060396e-02
3.449599999999999909e+03,5.776977539062500000e+01,6.312499999999987566e-02,1.552999999999999936e+01,-6.015625000000035527e-02
3.449699999999999818e+03,5.795288085937500000e+01,3.124999999999822364e-03,1.569999999999999929e+01,-6.234375000000103029e-02
3.449800000000000182e+03,5.797119140625000000e+01,3.062500000000012434e-02,1.550999999999999979e+01,-6.343750000000092371e-02
3.449900000000000091e+03,5.716552734375000000e+01,2.312499999999984013e-02,1.587500000000000000e+01,-3.117187500000095923e-02
3.450000000000000000e+03,5.744018554687500000e+01,3.312500000000007105e-02,1.568999999999999950e+01,-2.023437500000024869e-02
3.450099999999999909e+03,5.718383789062500000e+01,7.062500000000015987e-02,1.574499999999999922e+01,-8.203125000000088818e-02
3.450199999999999818e+03,5.733032226562500000e+01,4.812499999999975131e-02,1.549750000000000050e+01,-4.648437500000035527e-02
3.450300000000000182e+03,5.692749023437500000e+01,3.062500000000012434e-02,1.560999999999999943e+01,-1.312500000000049738e-02
3.450400000000000091e+03,5.639648437500000000e+01,5.062500000000014211e-02,1.558999999999999986e+01,-2.734375000000088818e-02
3.450500000000000000e+03,5.672607421875000000e+01,1.812499999999994671e-02,1.554749999999999943e+01,3.828124999999182876e-03
3.450599999999999909e+03,5.643310546875000000e+01,3.812499999999996447e-02,1.560500000000000043e+01,-8.257812500000039080e-02
3.450699999999999818e+03,5.659790039062500000e+01,5.062500000000014211e-02,1.570999999999999908e+01,-2.242187500000092371e-02
3.450800000000000182e+03,5.603027343750000000e+01,1.062500000000010658e-02,1.566999999999999993e+01,-7.656250000000053291e-02
3.450900000000000091e+03,5.570068359375000000e+01,3.312500000000007105e-02,1.561999999999999922e+01,-5.796875000000056843e-02
3.451000000000000000e+03,5.606689453125000000e+01,5.812499999999998224e-02,1.546749999999999936e+01,-2.789062500000039080e-02
3.451099999999999909e+03,5.575561523437500000e+01,2.312499999999984013e-02,1.575000000000000000e+01,-4.976562500000092371e-02
3.451199999999999818e+03,5.544433593750000000e+01,5.062500000000014211e-02,1.575999999999999979e+01,-9.296875000000426326e-03
3.451300000000000182e+03,5.538940429687500000e+01,5.562500000000003553e-02,1.537749999999999950e+01,-5.523437500000039080e-02
3.451400000000000091e+03,5.504150390625000000e+01,1.312500000000005329e-02,1.579250000000000043e+01,-3.007812500000106581e-02
3.451500000000000000e+03,5.542602539062500000e+01,3.312500000000007105e-02,1.554749999999999943e+01,-4.101562500000088818e-02
3.451599999999999909e+03,5.509643554687500000e+01,2.312499999999984013e-02,1.587999999999999901e+01,-4.210937500000078160e-02
3.451699999999999818e+03,5.474853515625000000e+01,4.312499999999985789e-02,1.565750000000000064e+01,3.773437499999943157e-02
3.451800000000000182e+03,5.478515625000000000e+01,5.812499999999998224e-02,1.556749999999999901e+01,-4.757812500000024869e-02
3.451900000000000091e+03,5.445556640625000000e+01,4.562499999999980460e-02,1.575999999999999979e+01,-8.859375000000024869e-02
3.452000000000000000e+03,5.482177734375000000e+01,6.562499999999982236e-02,1.567499999999999893e+01,-4.046875000000049738e-02
3.452099999999999909e+03,5.405273437500000000e+01,5.562500000000003553e-02,1.539749999999999908e+01,-2.460937500000071054e-02
3.452199999999999818e+03,5.410766601562500000e+01,4.812499999999975131e-02,1.558999999999999986e+01,-9.515625000000049738e-02
3.452300000000000182e+03,5.416259765625000000e+01,4.562499999999980460e-02,1.568999999999999950e+01,-3.335937500000074607e-02
3.452400000000000091e+03,5.386962890625000000e+01,1.562500000000000000e-02,1.559999999999999964e+01,-8.039062500000060396e-02
3.452500000000000000e+03,5.394287109375000000e+01,4.812499999999975131e-02,1.570500000000000007e+01,-2.953125000000067502e-02
3.452599999999999909e+03,5.339355468750000000e+01,2.062499999999989342e-02,1.558999999999999986e+01,-7.109375000000639488e-03
3.452699999999999818e+03,5.350341796875000000e+01,2.312499999999984013e-02,1.544749999999999979e+01,-5.304687500000060396e-02
3.452800000000000182e+03,5.357666015625000000e+01,2.312499999999984013e-02,1.550750000000000028e+01,-2.734375000000088818e-02
3.452900000000000091e+03,5.324707031250000000e+01,2.562499999999978684e-02,1.550750000000000028e+01,-2.296875000000042633e-02
3.453000000000000000e+03,5.306396484375000000e+01,4.312499999999985789e-02,1.568999999999999950e+01,-7.164062500000056843e-02
3.453099999999999909e+03,5.278930664062500000e+01,7.812500000000000000e-02,1.572000000000000064e+01,-4.429687500000056843e-02
3.453199999999999818e+03,5.289916992187500000e+01,1.562500000000000000e-02,1.566499999999999915e+01,-6.562500000000071054e-02
3.453300000000000182e+03,5.299072265625000000e+01,6.312499999999987566e-02,1.575750000000000028e+01,-4.375000000000106581e-02
3.453400000000000091e+03,5.223999023437500000e+01,4.312499999999985789e-02,1.576999999999999957e+01,-5.796875000000056843e-02
3.453500000000000000e+03,5.240478515625000000e+01,3.312500000000007105e-02,1.558750000000000036e+01,-5.960937500000085265e-02
