time,temperature,ch1,ch3,ch5
8.381000000000000227e+02,5.601196289062500000e+01,1.312500000000005329e-02,1.523000000000000043e+01,-1.695312500000056843e-02
8.382000000000000455e+02,5.592041015625000000e+01,2.062499999999989342e-02,1.535500000000000043e+01,-6.015625000000035527e-02
8.382999999999999545e+02,5.588378906250000000e+01,5.562500000000003553e-02,1.527250000000000085e+01,-5.414062500000049738e-02
8.383999999999999773e+02,5.608520507812500000e+01,3.205000000000000071e+00,1.546499999999999986e+01,1.723695312499999943e+01
8.385000000000000000e+02,5.568237304687500000e+01,2.792499999999999982e+00,1.560750000000000171e+01,1.551210937500000142e+01
8.386000000000000227e+02,5.608520507812500000e+01,2.807500000000000107e+00,1.553999999999999915e+01,1.552687500000000043e+01
8.387000000000000455e+02,5.595703125000000000e+01,2.847500000000000142e+00,1.518499999999999872e+01,1.543937500000000007e+01
8.387999999999999545e+02,5.668945312500000000e+01,2.865000000000000213e+00,1.551249999999999929e+01,1.554601562500000078e+01
8.388999999999999773e+02,5.753173828125000000e+01,2.852500000000000036e+00,1.519750000000000156e+01,1.547054687500000014e+01
8.390000000000000000e+02,5.718383789062500000e+01,2.907500000000000195e+00,1.536500000000000199e+01,1.550773437500000007e+01
8.391000000000000227e+02,5.753173828125000000e+01,2.895000000000000018e+00,1.549249999999999972e+01,1.549898437500000092e+01
8.392000000000000455e+02,5.744018554687500000e+01,2.842499999999999805e+00,1.544249999999999901e+01,1.549515625000000085e+01
8.392999999999999545e+02,6.013183593750000000e+01,2.912500000000000089e+00,1.534250000000000114e+01,1.548640624999999993e+01
8.393999999999999773e+02,6.053466796875000000e+01,2.930000000000000160e+00,1.533000000000000185e+01,1.556078125000000156e+01
8.395000000000000000e+02,6.015014648437500000e+01,2.919999999999999929e+00,1.551750000000000185e+01,1.546453125000000028e+01
8.396000000000000227e+02,6.055297851562500000e+01,2.937500000000000000e+00,1.535999999999999943e+01,1.548421875000000014e+01
8.397000000000000455e+02,6.373901367187500000e+01,2.952500000000000124e+00,1.518750000000000000e+01,1.547109375000000142e+01
8.397999999999999545e+02,6.458129882812500000e+01,2.957500000000000018e+00,1.534250000000000114e+01,1.550335937500000050e+01
8.398999999999999773e+02,6.480102539062500000e+01,2.927500000000000213e+00,1.539250000000000185e+01,1.546617187500000057e+01
8.400000000000000000e+02,6.437988281250000000e+01,2.967499999999999805e+00,1.562249999999999872e+01,1.549023437500000000e+01
8.401000000000000227e+02,6.617431640625000000e+01,2.964999999999999858e+00,1.528999999999999915e+01,1.548476562500000142e+01
8.402000000000000455e+02,6.958007812500000000e+01,2.992500000000000160e+00,1.537999999999999901e+01,1.551812500000000128e+01
8.402999999999999545e+02,6.967163085937500000e+01,3.002499999999999947e+00,1.525000000000000000e+01,1.549406250000000007e+01
8.403999999999999773e+02,6.990966796875000000e+01,2.984999999999999876e+00,1.540500000000000114e+01,1.548914062500000099e+01
8.405000000000000000e+02,6.945190429687500000e+01,2.975000000000000089e+00,1.535000000000000142e+01,1.552085937500000057e+01
8.406000000000000227e+02,7.384643554687500000e+01,2.990000000000000213e+00,1.512999999999999901e+01,1.547601562500000050e+01
8.407000000000000455e+02,7.410278320312500000e+01,3.015000000000000124e+00,1.528750000000000142e+01,1.548585937500000043e+01
8.407999999999999545e+02,7.410278320312500000e+01,3.015000000000000124e+00,1.545250000000000057e+01,1.543609375000000128e+01
8.408999999999999773e+02,7.432250976562500000e+01,3.012500000000000178e+00,1.546249999999999858e+01,1.547710937500000128e+01
8.410000000000000000e+02,7.595214843750000000e+01,3.015000000000000124e+00,1.558000000000000185e+01,1.548148437500000085e+01
8.411000000000000227e+02,7.791137695312500000e+01,3.049999999999999822e+00,1.533999999999999986e+01,1.548695312500000121e+01
8.412000000000000455e+02,7.770996093750000000e+01,2.967499999999999805e+00,1.543250000000000099e+01,1.547437500000000021e+01
8.412999999999999545e+02,7.770996093750000000e+01,3.029999999999999805e+00,1.544750000000000156e+01,1.547546875000000099e+01
8.413999999999999773e+02,7.800292968750000000e+01,3.122500000000000053e+00,1.528750000000000142e+01,1.548640624999999993e+01
8.415000000000000000e+02,8.036499023437500000e+01,3.057500000000000107e+00,1.535750000000000171e+01,1.549625000000000163e+01
8.416000000000000227e+02,8.102416992187500000e+01,3.100000000000000089e+00,1.529250000000000043e+01,1.547875000000000156e+01
8.417000000000000455e+02,8.080444335937500000e+01,2.604999999999999982e+00,1.533249999999999957e+01,1.549789062500000014e+01
8.417999999999999545e+02,8.084106445312500000e+01,3.115000000000000213e+00,1.541250000000000142e+01,1.550335937500000050e+01
8.418999999999999773e+02,8.342285156250000000e+01,3.115000000000000213e+00,1.543250000000000099e+01,1.557445312500000156e+01
8.420000000000000000e+02,8.345947265625000000e+01,3.104999999999999982e+00,1.522500000000000142e+01,1.547984375000000057e+01
8.421000000000000227e+02,8.395385742187500000e+01,3.117500000000000160e+00,1.535249999999999915e+01,1.548039062500000007e+01
8.422000000000000455e+02,8.371582031250000000e+01,3.097500000000000142e+00,1.535000000000000142e+01,1.550281250000000099e+01
8.422999999999999545e+02,8.486938476562500000e+01,3.132499999999999840e+00,1.522500000000000142e+01,1.548750000000000071e+01
8.423999999999999773e+02,8.638916015625000000e+01,3.145000000000000018e+00,1.529250000000000043e+01,1.549242187500000156e+01
8.425000000000000000e+02,8.593139648437500000e+01,3.142500000000000071e+00,1.539000000000000057e+01,1.547054687500000014e+01
8.426000000000000227e+02,8.646240234375000000e+01,3.117500000000000160e+00,1.526500000000000057e+01,1.551812500000000128e+01
8.427000000000000455e+02,8.616943359375000000e+01,3.147499999999999964e+00,1.542999999999999972e+01,1.545468750000000036e+01
8.427999999999999545e+02,8.845825195312500000e+01,3.154999999999999805e+00,1.528500000000000014e+01,1.551101562500000064e+01
8.428999999999999773e+02,8.884277343750000000e+01,3.147499999999999964e+00,1.548750000000000071e+01,1.546507812500000156e+01
8.430000000000000000e+02,8.834838867187500000e+01,3.145000000000000018e+00,1.530750000000000099e+01,1.549734375000000064e+01
8.431000000000000227e+02,8.887939453125000000e+01,3.117500000000000160e+00,1.541250000000000142e+01,1.550445312500000128e+01
8.432000000000000455e+02,9.010620117187500000e+01,3.147499999999999964e+00,1.515500000000000114e+01,1.546562500000000107e+01
8.432999999999999545e+02,9.083862304687500000e+01,3.172499999999999876e+00,1.549249999999999972e+01,1.548914062500000099e+01
8.433999999999999773e+02,9.102172851562500000e+01,3.185000000000000053e+00,1.535000000000000142e+01,1.544867187500000050e+01
8.435000000000000000e+02,9.050903320312500000e+01,3.200000000000000178e+00,1.544249999999999901e+01,1.550882812500000085e+01
8.436000000000000227e+02,9.144287109375000000e+01,3.222500000000000142e+00,1.542249999999999943e+01,1.546507812500000156e+01
8.437000000000000455e+02,9.277954101562500000e+01,3.180000000000000160e+00,1.551750000000000185e+01,1.547218750000000043e+01
8.437999999999999545e+02,9.298095703125000000e+01,3.202500000000000124e+00,1.537000000000000099e+01,1.546289062500000000e+01
8.438999999999999773e+02,9.318237304687500000e+01,3.229999999999999982e+00,1.541250000000000142e+01,1.548148437500000085e+01
8.440000000000000000e+02,9.266967773437500000e+01,3.232499999999999929e+00,1.541000000000000014e+01,1.552195312500000135e+01
8.441000000000000227e+02,9.492187500000000000e+01,3.202500000000000124e+00,1.536749999999999972e+01,1.548476562500000142e+01
8.442000000000000455e+02,9.483032226562500000e+01,3.177500000000000213e+00,1.546999999999999886e+01,1.549679687500000114e+01
8.442999999999999545e+02,9.499511718750000000e+01,3.229999999999999982e+00,1.543250000000000099e+01,1.552906250000000021e+01
8.443999999999999773e+02,9.515991210937500000e+01,3.240000000000000213e+00,1.539999999999999858e+01,1.546890625000000163e+01
8.445000000000000000e+02,9.576416015625000000e+01,3.240000000000000213e+00,1.518499999999999872e+01,1.552359375000000163e+01
8.446000000000000227e+02,9.710083007812500000e+01,3.247500000000000053e+00,1.533749999999999858e+01,1.549351562500000057e+01
8.447000000000000455e+02,9.673461914062500000e+01,3.254999999999999893e+00,1.567249999999999943e+01,1.548750000000000071e+01
8.447999999999999545e+02,9.689941406250000000e+01,3.234999999999999876e+00,1.562999999999999901e+01,1.556679687500000142e+01
8.448999999999999773e+02,9.708251953125000000e+01,3.262500000000000178e+00,1.542249999999999943e+01,1.546890625000000163e+01
8.450000000000000000e+02,9.836425781250000000e+01,3.247500000000000053e+00,1.547250000000000014e+01,1.552031250000000107e+01
8.451000000000000227e+02,9.902343750000000000e+01,3.234999999999999876e+00,1.542249999999999943e+01,1.550062500000000121e+01
8.452000000000000455e+02,9.863891601562500000e+01,3.254999999999999893e+00,1.551000000000000156e+01,1.550882812500000085e+01
8.452999999999999545e+02,9.880371093750000000e+01,3.207500000000000018e+00,1.527749999999999986e+01,1.551757812500000000e+01
8.453999999999999773e+02,1.004699707031250000e+02,3.265000000000000124e+00,1.529749999999999943e+01,1.550992187500000163e+01
8.455000000000000000e+02,1.002502441406250000e+02,3.285000000000000142e+00,1.541250000000000142e+01,1.546015625000000071e+01
8.456000000000000227e+02,1.008361816406250000e+02,3.287500000000000089e+00,1.535249999999999915e+01,1.550335937500000050e+01
8.457000000000000455e+02,1.004150390625000000e+02,3.270000000000000018e+00,1.542999999999999972e+01,1.546070312500000021e+01
8.457999999999999545e+02,1.012390136718750000e+02,3.299999999999999822e+00,1.539999999999999858e+01,1.548476562500000142e+01
8.458999999999999773e+02,1.024658203125000000e+02,3.240000000000000213e+00,1.503000000000000114e+01,1.547382812500000071e+01
8.460000000000000000e+02,1.019348144531250000e+02,3.299999999999999822e+00,1.535999999999999943e+01,1.549898437500000092e+01
8.461000000000000227e+02,1.025207519531250000e+02,3.347500000000000142e+00,1.551750000000000185e+01,1.550664062500000107e+01
8.462000000000000455e+02,1.021362304687500000e+02,3.317499999999999893e+00,1.539999999999999858e+01,1.546343750000000128e+01
8.462999999999999545e+02,1.038940429687500000e+02,3.359999999999999876e+00,1.511749999999999972e+01,1.544265625000000064e+01
8.463999999999999773e+02,1.041870117187500000e+02,3.322499999999999787e+00,1.553249999999999886e+01,1.548367187500000064e+01
8.465000000000000000e+02,1.036376953125000000e+02,3.337499999999999911e+00,1.523499999999999943e+01,1.552523437500000014e+01
8.466000000000000227e+02,1.042053222656250000e+02,3.327500000000000124e+00,1.568499999999999872e+01,1.547601562500000050e+01
8.467000000000000455e+02,1.049926757812500000e+02,3.322499999999999787e+00,1.524500000000000099e+01,1.549679687500000114e+01
8.467999999999999545e+02,1.056884765625000000e+02,3.387500000000000178e+00,1.544000000000000128e+01,1.549515625000000085e+01
8.468999999999999773e+02,1.059082031250000000e+02,3.377499999999999947e+00,1.532000000000000028e+01,1.547328125000000121e+01
8.470000000000000000e+02,1.053588867187500000e+02,3.379999999999999893e+00,1.522500000000000142e+01,1.547710937500000128e+01
8.471000000000000227e+02,1.062377929687500000e+02,3.395000000000000018e+00,1.525750000000000028e+01,1.547328125000000121e+01
8.472000000000000455e+02,1.070251464843750000e+02,3.379999999999999893e+00,1.533249999999999957e+01,1.549460937500000135e+01
8.472999999999999545e+02,1.073547363281250000e+02,3.370000000000000107e+00,1.541750000000000043e+01,1.550226562500000149e+01
8.473999999999999773e+02,1.075195312500000000e+02,3.424999999999999822e+00,1.526249999999999929e+01,1.550664062500000107e+01
8.475000000000000000e+02,1.069519042968750000e+02,3.370000000000000107e+00,1.523499999999999943e+01,1.547929687500000107e+01
8.476000000000000227e+02,1.090576171875000000e+02,3.504999999999999893e+00,1.519249999999999901e+01,1.550718750000000057e+01
8.477000000000000455e+02,1.087829589843750000e+02,3.405000000000000249e+00,1.523750000000000071e+01,1.546179687500000099e+01
8.477999999999999545e+02,1.090576171875000000e+02,3.395000000000000018e+00,1.528500000000000014e+01,1.553726562500000163e+01
8.478999999999999773e+02,1.092041015625000000e+02,3.399999999999999911e+00,1.505000000000000071e+01,1.549296875000000107e+01
8.480000000000000000e+02,1.096069335937500000e+02,3.412500000000000089e+00,1.538250000000000028e+01,1.552195312500000135e+01
8.481000000000000227e+02,1.108337402343750000e+02,3.407500000000000195e+00,1.516499999999999915e+01,1.550007812499999993e+01
8.482000000000000455e+02,1.104125976562500000e+02,3.444999999999999840e+00,1.530999999999999872e+01,1.551812500000000128e+01
8.482999999999999545e+02,1.106689453125000000e+02,3.410000000000000142e+00,1.516750000000000043e+01,1.545085937500000028e+01
8.483999999999999773e+02,1.107788085937500000e+02,3.424999999999999822e+00,1.534499999999999886e+01,1.550117187500000071e+01
8.485000000000000000e+02,1.117675781250000000e+02,3.439999999999999947e+00,1.537999999999999901e+01,1.552250000000000085e+01
8.486000000000000227e+02,1.124816894531250000e+02,3.479999999999999982e+00,1.526000000000000156e+01,1.547273437499999993e+01
8.487000000000000455e+02,1.119689941406250000e+02,3.462499999999999911e+00,1.533749999999999858e+01,1.552796875000000121e+01
8.487999999999999545e+02,1.122802734375000000e+02,3.472500000000000142e+00,1.546750000000000114e+01,1.557335937500000078e+01
8.488999999999999773e+02,1.136901855468750000e+02,3.455000000000000071e+00,1.549249999999999972e+01,1.548914062500000099e+01
8.490000000000000000e+02,1.134704589843750000e+02,3.452500000000000124e+00,1.550250000000000128e+01,1.553234375000000078e+01
8.491000000000000227e+02,1.140747070312500000e+02,3.452500000000000124e+00,1.542500000000000071e+01,1.545796875000000092e+01
8.492000000000000455e+02,1.135803222656250000e+02,3.472500000000000142e+00,1.550250000000000128e+01,1.553343750000000156e+01
8.492999999999999545e+02,1.145324707031250000e+02,3.490000000000000213e+00,1.551000000000000156e+01,1.547000000000000064e+01
8.493999999999999773e+02,1.154846191406250000e+02,3.487499999999999822e+00,1.549249999999999972e+01,1.551320312500000043e+01
8.495000000000000000e+02,1.149902343750000000e+02,3.535000000000000142e+00,1.542750000000000199e+01,1.543828125000000107e+01
8.496000000000000227e+02,1.155761718750000000e+02,3.490000000000000213e+00,1.539999999999999858e+01,1.552359375000000163e+01
8.497000000000000455e+02,1.150817871093750000e+02,3.542499999999999982e+00,1.539999999999999858e+01,1.547382812500000071e+01
8.497999999999999545e+02,1.168395996093750000e+02,3.470000000000000195e+00,1.537999999999999901e+01,1.551648437500000099e+01
8.498999999999999773e+02,1.170410156250000000e+02,3.495000000000000107e+00,1.552250000000000085e+01,1.546343750000000128e+01
8.500000000000000000e+02,1.165466308593750000e+02,3.515000000000000124e+00,1.530750000000000099e+01,1.555093750000000163e+01
8.501000000000000227e+02,1.171875000000000000e+02,3.527499999999999858e+00,1.528750000000000142e+01,1.545085937500000028e+01
8.502000000000000455e+02,1.177368164062500000e+02,3.544999999999999929e+00,1.530999999999999872e+01,1.550609375000000156e+01
8.502999999999999545e+02,1.184692382812500000e+02,3.530000000000000249e+00,1.548250000000000171e+01,1.546234375000000050e+01
8.503999999999999773e+02,1.185974121093750000e+02,3.560000000000000053e+00,1.525000000000000000e+01,1.546289062500000000e+01
8.505000000000000000e+02,1.180847167968750000e+02,3.560000000000000053e+00,1.556250000000000000e+01,1.549187500000000028e+01
8.506000000000000227e+02,1.189636230468750000e+02,3.562500000000000000e+00,1.539250000000000185e+01,1.551046875000000114e+01
8.507000000000000455e+02,1.196777343750000000e+02,3.542499999999999982e+00,1.531749999999999901e+01,1.550554687500000028e+01
8.507999999999999545e+02,1.201538085937500000e+02,3.552500000000000213e+00,1.520250000000000057e+01,1.551976562500000156e+01
8.508999999999999773e+02,1.201721191406250000e+02,3.564999999999999947e+00,1.532000000000000028e+01,1.552140625000000007e+01
8.510000000000000000e+02,1.196594238281250000e+02,3.582500000000000018e+00,1.537750000000000128e+01,1.547820312500000028e+01
8.511000000000000227e+02,1.216369628906250000e+02,3.589999999999999858e+00,1.542249999999999943e+01,1.551539062500000021e+01
8.512000000000000455e+02,1.212524414062500000e+02,3.567499999999999893e+00,1.528750000000000142e+01,1.548421875000000014e+01
8.512999999999999545e+02,1.216369628906250000e+02,3.584999999999999964e+00,1.532000000000000028e+01,1.550664062500000107e+01
8.513999999999999773e+02,1.216552734375000000e+02,3.589999999999999858e+00,1.555750000000000099e+01,1.548968750000000050e+01
8.515000000000000000e+02,1.222595214843750000e+02,3.570000000000000284e+00,1.539000000000000057e+01,1.546453125000000028e+01
8.516000000000000227e+02,1.234130859375000000e+02,3.594999999999999751e+00,1.528750000000000142e+01,1.552468750000000064e+01
8.517000000000000455e+02,1.228454589843750000e+02,3.607499999999999929e+00,1.566750000000000043e+01,1.552085937500000057e+01
8.517999999999999545e+02,1.232482910156250000e+02,3.615000000000000213e+00,1.542999999999999972e+01,1.546562500000000107e+01
8.518999999999999773e+02,1.233947753906250000e+02,3.657499999999999751e+00,1.530750000000000099e+01,1.553289062500000028e+01
8.520000000000000000e+02,1.243103027343750000e+02,3.622500000000000053e+00,1.520500000000000185e+01,1.551648437500000099e+01
8.521000000000000227e+02,1.250244140625000000e+02,3.627499999999999947e+00,1.532750000000000057e+01,1.553398437500000107e+01
8.522000000000000455e+02,1.244201660156250000e+02,3.642500000000000071e+00,1.555999999999999872e+01,1.550226562500000149e+01
8.522999999999999545e+02,1.248229980468750000e+02,3.647499999999999964e+00,1.513749999999999929e+01,1.547656250000000000e+01
8.523999999999999773e+02,1.261596679687500000e+02,3.677500000000000213e+00,1.522749999999999915e+01,1.550445312500000128e+01
8.525000000000000000e+02,1.258666992187500000e+02,3.672499999999999876e+00,1.534250000000000114e+01,1.554164062500000121e+01
8.526000000000000227e+02,1.265258789062500000e+02,3.655000000000000249e+00,1.554250000000000043e+01,1.547929687500000107e+01
8.527000000000000455e+02,1.259216308593750000e+02,3.649999999999999911e+00,1.539000000000000057e+01,1.546726562500000135e+01
8.527999999999999545e+02,1.271301269531250000e+02,3.687500000000000000e+00,1.549000000000000199e+01,1.548695312500000121e+01
8.528999999999999773e+02,1.279724121093750000e+02,3.685000000000000053e+00,1.537249999999999872e+01,1.551976562500000156e+01
8.530000000000000000e+02,1.274963378906250000e+02,3.669999999999999929e+00,1.535000000000000142e+01,1.549734375000000064e+01
8.531000000000000227e+02,1.281555175781250000e+02,3.734999999999999876e+00,1.519249999999999901e+01,1.552250000000000085e+01
8.532000000000000455e+02,1.274963378906250000e+02,3.717500000000000249e+00,1.546249999999999858e+01,1.554601562500000078e+01
8.532999999999999545e+02,1.280456542968750000e+02,3.719999999999999751e+00,1.543750000000000000e+01,1.547710937500000128e+01
8.533999999999999773e+02,1.280822753906250000e+02,3.714999999999999858e+00,1.556250000000000000e+01,1.550335937500000050e+01
8.535000000000000000e+02,1.276245117187500000e+02,3.754999999999999893e+00,1.550750000000000028e+01,1.547328125000000121e+01
8.536000000000000227e+02,1.282470703125000000e+02,3.062500000000012434e-02,1.553999999999999915e+01,-7.054687500000067502e-02
8.537000000000000455e+02,1.276428222656250000e+02,4.562499999999980460e-02,1.544249999999999901e+01,-2.734375000000088818e-02
8.537999999999999545e+02,1.280273437500000000e+02,1.312500000000005329e-02,1.550000000000000000e+01,-4.156250000000039080e-02
8.538999999999999773e+02,1.281188964843750000e+02,4.312499999999985789e-02,1.548250000000000171e+01,-3.281250000000035527e-02
8.540000000000000000e+02,1.276062011718750000e+02,2.062499999999989342e-02,1.542999999999999972e+01,-4.539062500000046185e-02
8.541000000000000227e+02,1.281555175781250000e+02,4.562499999999980460e-02,1.517500000000000071e+01,-2.187500000000053291e-02
8.542000000000000455e+02,1.273864746093750000e+02,1.081249999999998046e-01,1.541250000000000142e+01,-3.281250000000568434e-03
8.542999999999999545e+02,1.277526855468750000e+02,5.562500000000003553e-02,1.527250000000000085e+01,-6.343750000000092371e-02
8.543999999999999773e+02,1.277893066406250000e+02,3.062500000000012434e-02,1.567750000000000199e+01,8.749999999999147349e-03
8.545000000000000000e+02,1.272766113281250000e+02,1.312500000000005329e-02,1.535999999999999943e+01,-2.734375000000088818e-02
8.546000000000000227e+02,1.261047363281250000e+02,3.812499999999996447e-02,1.523000000000000043e+01,-7.000000000000028422e-02
8.547000000000000455e+02,1.253356933593750000e+02,1.812499999999994671e-02,1.509499999999999886e+01,-3.171875000000046185e-02
8.547999999999999545e+02,1.257202148437500000e+02,7.312500000000010658e-02,1.527499999999999858e+01,-6.234375000000103029e-02
8.548999999999999773e+02,1.257751464843750000e+02,3.562500000000001776e-02,1.542249999999999943e+01,-3.718750000000081712e-02
8.550000000000000000e+02,1.228088378906250000e+02,6.562499999999982236e-02,1.560249999999999915e+01,1.203124999999971578e-02
8.551000000000000227e+02,1.223876953125000000e+02,7.062500000000015987e-02,1.553249999999999886e+01,-4.539062500000046185e-02
8.552000000000000455e+02,1.217651367187500000e+02,3.562500000000001776e-02,1.525000000000000000e+01,-4.539062500000046185e-02
8.552999999999999545e+02,1.221130371093750000e+02,3.062500000000012434e-02,1.526000000000000156e+01,-6.015625000000746070e-03
8.553999999999999773e+02,1.215087890625000000e+02,5.562500000000003553e-02,1.544249999999999901e+01,-5.085937500000081712e-02
8.555000000000000000e+02,1.169860839843750000e+02,3.312500000000007105e-02,1.506250000000000000e+01,-1.257812500000099476e-02
8.556000000000000227e+02,1.173889160156250000e+02,2.062499999999989342e-02,1.507750000000000057e+01,-4.976562500000092371e-02
8.557000000000000455e+02,1.168579101562500000e+02,2.812499999999973355e-02,1.529749999999999943e+01,4.648437499999946709e-02
8.557999999999999545e+02,1.171875000000000000e+02,3.562500000000001776e-02,1.505000000000000071e+01,-3.882812500000110134e-02
8.558999999999999773e+02,1.136535644531250000e+02,4.062499999999991118e-02,1.523250000000000171e+01,-2.406250000000031974e-02
8.560000000000000000e+02,1.126098632812500000e+02,1.062500000000010658e-02,1.522500000000000142e+01,-4.375000000000106581e-02
8.561000000000000227e+02,1.131774902343750000e+02,2.062499999999989342e-02,1.515749999999999886e+01,-2.406250000000031974e-02
8.562000000000000455e+02,1.126831054687500000e+02,2.062499999999989342e-02,1.530999999999999872e+01,2.953124999999889866e-02
8.562999999999999545e+02,1.109802246093750000e+02,4.562499999999980460e-02,1.533500000000000085e+01,-4.484375000000095923e-02
8.563999999999999773e+02,1.096618652343750000e+02,1.562500000000000000e-02,1.535000000000000142e+01,1.749999999999918288e-02
8.565000000000000000e+02,1.090759277343750000e+02,3.312500000000007105e-02,1.548250000000000171e+01,1.749999999999918288e-02
8.566000000000000227e+02,1.096984863281250000e+02,2.812499999999973355e-02,1.526750000000000185e+01,-1.640625000000106581e-02
8.567000000000000455e+02,1.091674804687500000e+02,3.312500000000007105e-02,1.509250000000000114e+01,-3.828125000000071054e-02
8.567999999999999545e+02,1.068603515625000000e+02,2.562499999999978684e-02,1.534750000000000014e+01,-3.445312500000063949e-02
8.568999999999999773e+02,1.068237304687500000e+02,1.062500000000010658e-02,1.532499999999999929e+01,-1.093750000000781597e-03
8.570000000000000000e+02,1.063110351562500000e+02,1.562500000000000000e-02,1.542750000000000199e+01,-2.570312500000060396e-02
8.571000000000000227e+02,1.068786621093750000e+02,3.312500000000007105e-02,1.538250000000000028e+01,-4.593750000000085265e-02
8.572000000000000455e+02,1.044616699218750000e+02,3.062500000000012434e-02,1.536749999999999972e+01,-4.156250000000039080e-02
8.572999999999999545e+02,1.041503906250000000e+02,3.812499999999996447e-02,1.541250000000000142e+01,-2.187500000000675016e-03
8.573999999999999773e+02,1.042968750000000000e+02,3.312500000000007105e-02,1.538250000000000028e+01,-5.468750000003907985e-04
8.575000000000000000e+02,1.037658691406250000e+02,5.562500000000003553e-02,1.525000000000000000e+01,1.148437499999932498e-02
8.576000000000000227e+02,1.036376953125000000e+02,4.062499999999991118e-02,1.518499999999999872e+01,-8.203125000000532907e-03
8.577000000000000455e+02,1.018249511718750000e+02,5.062500000000014211e-02,1.545250000000000057e+01,-2.242187500000092371e-02
8.577999999999999545e+02,1.020446777343750000e+02,6.562499999999982236e-02,1.526750000000000185e+01,-4.867187500000103029e-02
8.578999999999999773e+02,1.021728515625000000e+02,3.062500000000012434e-02,1.546249999999999858e+01,-5.578125000000078160e-02
8.580000000000000000e+02,1.016967773437500000e+02,-2.299999999999999822e-01,1.521999999999999886e+01,-2.187500000000053291e-02
8.581000000000000227e+02,1.004882812500000000e+02,5.312500000000008882e-02,1.537750000000000128e+01,-6.234375000000103029e-02
8.582000000000000455e+02,9.982910156250000000e+01,3.062500000000012434e-02,1.546000000000000085e+01,-2.351562500000081712e-02
8.582999999999999545e+02,1.000671386718750000e+02,2.312499999999984013e-02,1.530750000000000099e+01,-7.109375000000639488e-03
8.583999999999999773e+02,1.001953125000000000e+02,-2.187500000000008882e-02,1.524500000000000099e+01,-5.851562500000095923e-02
8.585000000000000000e+02,9.851074218750000000e+01,6.249999999998756550e-04,1.532000000000000028e+01,-8.804687500000074607e-02
8.586000000000000227e+02,9.856567382812500000e+01,2.812499999999973355e-02,1.534750000000000014e+01,-4.320312500000067502e-02
8.587000000000000455e+02,9.810791015625000000e+01,6.062499999999992895e-02,1.547250000000000014e+01,-6.835937500000088818e-02
8.587999999999999545e+02,9.830932617187500000e+01,6.562499999999982236e-02,1.547749999999999915e+01,-6.726562500000099476e-02
8.588999999999999773e+02,9.836425781250000000e+01,1.812499999999994671e-02,1.548750000000000071e+01,-2.078125000000063949e-02
8.590000000000000000e+02,9.642333984375000000e+01,2.062499999999989342e-02,1.532000000000000028e+01,-1.585937500000067502e-02
8.591000000000000227e+02,9.695434570312500000e+01,4.312499999999985789e-02,1.539250000000000185e+01,-4.101562500000088818e-02
8.592000000000000455e+02,9.651489257812500000e+01,2.812499999999973355e-02,1.542249999999999943e+01,-4.812500000000063949e-02
8.592999999999999545e+02,9.671630859375000000e+01,4.062499999999991118e-02,1.551750000000000185e+01,-3.390625000000024869e-02
8.593999999999999773e+02,9.561767578125000000e+01,5.562500000000003553e-02,1.541250000000000142e+01,-8.148437500000049738e-02
8.595000000000000000e+02,9.490356445312500000e+01,4.562499999999980460e-02,1.550250000000000128e+01,-4.867187500000103029e-02
8.596000000000000227e+02,9.545288085937500000e+01,3.124999999999822364e-03,1.533749999999999858e+01,1.476562499999900524e-02
8.597000000000000455e+02,9.505004882812500000e+01,1.562500000000000000e-02,1.539999999999999858e+01,-5.140625000000031974e-02
8.597999999999999545e+02,9.457397460937500000e+01,2.562499999999978684e-02,1.530250000000000199e+01,-4.375000000000461853e-03
8.598999999999999773e+02,9.407958984375000000e+01,4.062499999999991118e-02,1.527250000000000085e+01,-1.186718750000004263e-01
8.600000000000000000e+02,9.356689453125000000e+01,3.062500000000012434e-02,1.542249999999999943e+01,-1.093750000000781597e-03
8.601000000000000227e+02,9.415283203125000000e+01,2.812499999999973355e-02,1.510000000000000142e+01,-7.382812500000035527e-02
8.602000000000000455e+02,9.375000000000000000e+01,1.812499999999994671e-02,1.529500000000000171e+01,-2.734375000000088818e-02
8.602999999999999545e+02,9.272460937500000000e+01,6.249999999998756550e-04,1.533249999999999957e+01,-1.859375000000085265e-02
8.603999999999999773e+02,9.274291992187500000e+01,3.812499999999996447e-02,1.520500000000000185e+01,-3.281250000000035527e-02
8.605000000000000000e+02,9.230346679687500000e+01,4.312499999999985789e-02,1.535750000000000171e+01,-2.351562500000081712e-02
8.606000000000000227e+02,9.283447265625000000e+01,3.812499999999996447e-02,1.552749999999999986e+01,-5.140625000000031974e-02
8.607000000000000455e+02,9.149780273437500000e+01,3.812499999999996447e-02,1.525499999999999901e+01,-3.718750000000081712e-02
8.607999999999999545e+02,9.129638671875000000e+01,2.562499999999978684e-02,1.564499999999999957e+01,-2.351562500000081712e-02
8.608999999999999773e+02,9.146118164062500000e+01,3.812499999999996447e-02,1.529749999999999943e+01,-5.250000000000110134e-02
8.610000000000000000e+02,9.096679687500000000e+01,4.312499999999985789e-02,1.525250000000000128e+01,-6.343750000000092371e-02
8.611000000000000227e+02,9.131469726562500000e+01,6.312499999999987566e-02,1.527250000000000085e+01,-3.062500000000056843e-02
8.612000000000000455e+02,9.006958007812500000e+01,5.312500000000008882e-02,1.546750000000000114e+01,-3.718750000000081712e-02
8.612999999999999545e+02,9.019775390625000000e+01,1.562500000000000000e-02,1.507750000000000057e+01,-7.382812500000035527e-02
8.613999999999999773e+02,9.036254882812500000e+01,7.062500000000015987e-02,1.535999999999999943e+01,-9.296875000000426326e-03
8.615000000000000000e+02,8.984985351562500000e+01,4.062499999999991118e-02,1.550000000000000000e+01,-5.468750000000088818e-02
8.616000000000000227e+02,8.931884765625000000e+01,2.312499999999984013e-02,1.553249999999999886e+01,-7.820312500000081712e-02
8.617000000000000455e+02,8.884277343750000000e+01,3.124999999999822364e-03,1.521499999999999986e+01,-4.921875000000053291e-02
8.617999999999999545e+02,8.897094726562500000e+01,2.812499999999973355e-02,1.547250000000000014e+01,-9.625000000000039080e-02
8.618999999999999773e+02,8.917236328125000000e+01,5.062500000000014211e-02,1.532250000000000156e+01,-2.460937500000071054e-02
8.620000000000000000e+02,8.801879882812500000e+01,1.312500000000005329e-02,1.525750000000000028e+01,-7.820312500000081712e-02
8.621000000000000227e+02,8.811035156250000000e+01,3.062500000000012434e-02,1.551249999999999929e+01,-3.445312500000063949e-02
8.622000000000000455e+02,8.776245117187500000e+01,3.312500000000007105e-02,1.560249999999999915e+01,-3.773437500000031974e-02
8.622999999999999545e+02,8.787231445312500000e+01,2.312499999999984013e-02,1.536250000000000071e+01,-1.421875000000039080e-02
8.623999999999999773e+02,8.805541992187500000e+01,4.812499999999975131e-02,1.570749999999999957e+01,2.351562499999904077e-02
8.625000000000000000e+02,8.651733398437500000e+01,5.312500000000008882e-02,1.547250000000000014e+01,-5.906250000000046185e-02
8.626000000000000227e+02,8.699340820312500000e+01,4.312499999999985789e-02,1.557750000000000057e+01,-3.554687500000053291e-02
8.627000000000000455e+02,8.666381835937500000e+01,2.562499999999978684e-02,1.528999999999999915e+01,-6.125000000000024869e-02
8.627999999999999545e+02,8.675537109375000000e+01,1.062500000000010658e-02,1.537999999999999901e+01,-7.054687500000067502e-02
8.628999999999999773e+02,8.615112304687500000e+01,3.312500000000007105e-02,1.541250000000000142e+01,-7.218750000000095923e-02
8.630000000000000000e+02,8.549194335937500000e+01,6.312499999999987566e-02,1.533999999999999986e+01,-1.421875000000039080e-02
8.631000000000000227e+02,8.594970703125000000e+01,2.812499999999973355e-02,1.539750000000000085e+01,-5.195312500000071054e-02
8.632000000000000455e+02,8.562011718750000000e+01,1.062500000000010658e-02,1.543250000000000099e+01,-3.500000000000103029e-02
8.632999999999999545e+02,8.540039062500000000e+01,5.562500000000003553e-02,1.519999999999999929e+01,1.148437499999932498e-02
8.633999999999999773e+02,8.486938476562500000e+01,3.562500000000001776e-02,1.535249999999999915e+01,-2.843750000000078160e-02
8.635000000000000000e+02,8.435668945312500000e+01,2.312499999999984013e-02,1.536749999999999972e+01,-7.000000000000028422e-02
8.636000000000000227e+02,8.490600585937500000e+01,3.062500000000012434e-02,1.521499999999999986e+01,-1.033593750000010303e-01
8.637000000000000455e+02,8.457641601562500000e+01,-6.749999999999989342e-02,1.522749999999999915e+01,-5.796875000000056843e-02
8.637999999999999545e+02,8.377075195312500000e+01,1.562500000000000000e-02,1.529749999999999943e+01,-2.625000000000099476e-02
8.638999999999999773e+02,8.386230468750000000e+01,4.562499999999980460e-02,1.532750000000000057e+01,-1.640625000000106581e-02
8.640000000000000000e+02,8.333129882812500000e+01,2.312499999999984013e-02,1.531500000000000128e+01,-2.570312500000060396e-02
8.641000000000000227e+02,8.391723632812500000e+01,5.062500000000014211e-02,1.540249999999999986e+01,3.609374999999914735e-02
8.642000000000000455e+02,8.292846679687500000e+01,1.812499999999994671e-02,1.548250000000000171e+01,-2.679687500000049738e-02
8.642999999999999545e+02,8.269042968750000000e+01,-6.874999999999964473e-03,1.541000000000000014e+01,4.374999999999573674e-03
8.643999999999999773e+02,8.283691406250000000e+01,2.312499999999984013e-02,1.554250000000000043e+01,-9.460937500000099476e-02
8.645000000000000000e+02,8.237915039062500000e+01,-4.375000000000017764e-03,1.546000000000000085e+01,-3.117187500000095923e-02
8.646000000000000227e+02,8.283691406250000000e+01,2.062499999999989342e-02,1.543750000000000000e+01,-2.898437500000028422e-02
8.647000000000000455e+02,8.171997070312500000e+01,1.312500000000005329e-02,1.561250000000000071e+01,-9.843750000000817124e-03
8.647999999999999545e+02,8.179321289062500000e+01,1.812499999999994671e-02,1.552250000000000085e+01,-5.468750000000355271e-03
8.648999999999999773e+02,8.193969726562500000e+01,4.312499999999985789e-02,1.546999999999999886e+01,-3.937500000000060396e-02
8.650000000000000000e+02,8.144531250000000000e+01,5.562500000000003553e-02,1.558749999999999858e+01,-5.031250000000042633e-02
8.651000000000000227e+02,8.111572265625000000e+01,2.312499999999984013e-02,1.525750000000000028e+01,-6.179687500000063949e-02
8.652000000000000455e+02,8.067626953125000000e+01,5.812499999999998224e-02,1.528249999999999886e+01,-8.804687500000074607e-02
8.652999999999999545e+02,8.080444335937500000e+01,2.562499999999978684e-02,1.520749999999999957e+01,-4.648437500000035527e-02
8.653999999999999773e+02,8.095092773437500000e+01,1.562500000000000000e-02,1.524500000000000099e+01,-2.843750000000078160e-02
8.655000000000000000e+02,8.007202148437500000e+01,4.562499999999980460e-02,1.528750000000000142e+01,-3.554687500000053291e-02
8.656000000000000227e+02,8.007202148437500000e+01,4.812499999999975131e-02,1.524749999999999872e+01,-4.648437500000035527e-02
8.657000000000000455e+02,7.979736328125000000e+01,2.562499999999978684e-02,1.521999999999999886e+01,-6.671875000000060396e-02
8.657999999999999545e+02,7.987060546875000000e+01,1.562500000000000000e-02,1.524749999999999872e+01,-4.046875000000049738e-02
8.658999999999999773e+02,8.005371093750000000e+01,5.312500000000008882e-02,1.526750000000000185e+01,-3.937500000000060396e-02
8.660000000000000000e+02,7.875366210937500000e+01,2.312499999999984013e-02,1.514250000000000185e+01,-3.500000000000103029e-02
8.661000000000000227e+02,7.919311523437500000e+01,5.312500000000008882e-02,1.537249999999999872e+01,-1.421875000000039080e-02
8.662000000000000455e+02,7.891845703125000000e+01,6.312499999999987566e-02,1.521750000000000114e+01,-3.007812500000106581e-02
8.662999999999999545e+02,7.895507812500000000e+01,4.562499999999980460e-02,1.537000000000000099e+01,-1.312500000000049738e-02
8.663999999999999773e+02,7.853393554687500000e+01,4.062499999999991118e-02,1.546000000000000085e+01,-2.625000000000099476e-02
8.665000000000000000e+02,7.780151367187500000e+01,2.812499999999973355e-02,1.531500000000000128e+01,-7.164062500000056843e-02
8.666000000000000227e+02,7.825927734375000000e+01,5.312500000000008882e-02,1.539999999999999858e+01,8.749999999999147349e-03
8.667000000000000455e+02,7.802124023437500000e+01,6.249999999998756550e-04,1.532250000000000156e+01,-1.093750000000071054e-02
8.667999999999999545e+02,7.798461914062500000e+01,2.812499999999973355e-02,1.519999999999999929e+01,1.257812499999921840e-02
8.668999999999999773e+02,7.747192382812500000e+01,3.812499999999996447e-02,1.548499999999999943e+01,-6.179687500000063949e-02
8.670000000000000000e+02,7.695922851562500000e+01,-4.375000000000017764e-03,1.530499999999999972e+01,-6.015625000000746070e-03
8.671000000000000227e+02,7.745361328125000000e+01,5.312500000000008882e-02,1.532000000000000028e+01,-2.679687500000049738e-02
8.672000000000000455e+02,7.717895507812500000e+01,1.812499999999994671e-02,1.556749999999999901e+01,-1.039062500000031974e-02
8.672999999999999545e+02,7.657470703125000000e+01,3.062500000000012434e-02,1.538250000000000028e+01,-4.156250000000039080e-02
8.673999999999999773e+02,7.664794921875000000e+01,2.062499999999989342e-02,1.536250000000000071e+01,-5.304687500000060396e-02
8.675000000000000000e+02,7.615356445312500000e+01,2.062499999999989342e-02,1.510999999999999943e+01,-2.187500000000053291e-02
8.676000000000000227e+02,7.666625976562500000e+01,6.812499999999976907e-02,1.530250000000000199e+01,-2.625000000000099476e-02
8.677000000000000455e+02,7.598876953125000000e+01,8.124999999999715783e-03,1.534750000000000014e+01,-3.937500000000060396e-02
8.677999999999999545e+02,7.571411132812500000e+01,3.124999999999822364e-03,1.529500000000000171e+01,-5.468750000000088818e-02
8.678999999999999773e+02,7.580566406250000000e+01,5.312500000000008882e-02,1.530750000000000099e+01,-3.554687500000053291e-02
8.680000000000000000e+02,7.540283203125000000e+01,4.312499999999985789e-02,1.540749999999999886e+01,-4.156250000000039080e-02
8.681000000000000227e+02,7.582397460937500000e+01,4.562499999999980460e-02,1.538250000000000028e+01,-1.968750000000074607e-02
8.682000000000000455e+02,7.487182617187500000e+01,4.562499999999980460e-02,1.527499999999999858e+01,-4.539062500000046185e-02
8.682999999999999545e+02,7.483520507812500000e+01,2.062499999999989342e-02,1.537249999999999872e+01,-2.460937500000071054e-02
8.683999999999999773e+02,7.501831054687500000e+01,5.312500000000008882e-02,1.556250000000000000e+01,-4.484375000000095923e-02
8.685000000000000000e+02,7.456054687500000000e+01,1.818749999999997868e-01,1.529250000000000043e+01,-1.203125000000060396e-02
8.686000000000000227e+02,7.443237304687500000e+01,5.812499999999998224e-02,1.514000000000000057e+01,2.187499999998898659e-03
8.687000000000000455e+02,7.401123046875000000e+01,4.812499999999975131e-02,1.535249999999999915e+01,6.015624999998969713e-03
8.687999999999999545e+02,7.406616210937500000e+01,5.624999999999769074e-03,1.540749999999999886e+01,-2.078125000000063949e-02
8.688999999999999773e+02,7.421264648437500000e+01,4.312499999999985789e-02,1.548000000000000043e+01,2.296874999999953815e-02
8.690000000000000000e+02,7.360839843750000000e+01,3.812499999999996447e-02,1.528500000000000014e+01,-2.570312500000060396e-02
8.691000000000000227e+02,7.348022460937500000e+01,5.062500000000014211e-02,1.517750000000000199e+01,-6.125000000000024869e-02
8.692000000000000455e+02,7.322387695312500000e+01,5.562500000000003553e-02,1.545749999999999957e+01,-3.445312500000063949e-02
8.692999999999999545e+02,7.324218750000000000e+01,3.062500000000012434e-02,1.534750000000000014e+01,-3.609375000000092371e-02
8.693999999999999773e+02,7.342529296875000000e+01,5.812499999999998224e-02,1.539250000000000185e+01,-2.242187500000092371e-02
8.695000000000000000e+02,7.238159179687500000e+01,3.312500000000007105e-02,1.543250000000000099e+01,-4.757812500000024869e-02
8.696000000000000227e+02,7.274780273437500000e+01,3.812499999999996447e-02,1.539250000000000185e+01,-1.203125000000060396e-02
8.697000000000000455e+02,7.245483398437500000e+01,4.062499999999991118e-02,1.544999999999999929e+01,-3.664062500000042633e-02
8.697999999999999545e+02,7.256469726562500000e+01,3.562500000000001776e-02,1.529250000000000043e+01,-4.210937500000078160e-02
8.698999999999999773e+02,7.227172851562500000e+01,1.562500000000000000e-02,1.540249999999999986e+01,-8.476562500000106581e-02
8.700000000000000000e+02,7.146606445312500000e+01,3.062500000000012434e-02,1.529749999999999943e+01,-6.617187500000110134e-02
8.701000000000000227e+02,7.192382812500000000e+01,1.812499999999994671e-02,1.528000000000000114e+01,-7.218750000000095923e-02
8.702000000000000455e+02,7.170410156250000000e+01,1.062500000000010658e-02,1.552250000000000085e+01,-4.757812500000024869e-02
8.702999999999999545e+02,7.174072265625000000e+01,5.562500000000003553e-02,1.533749999999999858e+01,-4.429687500000056843e-02
8.703999999999999773e+02,7.119140625000000000e+01,3.312500000000007105e-02,1.507499999999999929e+01,-3.773437500000031974e-02
8.705000000000000000e+02,7.075195312500000000e+01,2.562499999999978684e-02,1.523750000000000071e+01,-3.609375000000092371e-02
8.706000000000000227e+02,7.120971679687500000e+01,5.062500000000014211e-02,1.539999999999999858e+01,-7.765625000000042633e-02
8.707000000000000455e+02,7.097167968750000000e+01,-4.375000000000017764e-03,1.522749999999999915e+01,-1.804687500000046185e-02
8.707999999999999545e+02,7.056884765625000000e+01,2.062499999999989342e-02,1.544249999999999901e+01,-4.265625000000028422e-02
8.708999999999999773e+02,7.062377929687500000e+01,3.562500000000001776e-02,1.543250000000000099e+01,-4.976562500000092371e-02
8.710000000000000000e+02,7.012939453125000000e+01,3.562500000000001776e-02,1.556250000000000000e+01,3.445312499999975131e-02
8.711000000000000227e+02,7.062377929687500000e+01,5.062500000000014211e-02,1.533249999999999957e+01,-5.687500000000067502e-02
8.712000000000000455e+02,7.016601562500000000e+01,4.312499999999985789e-02,1.541250000000000142e+01,-8.421875000000067502e-02
8.712999999999999545e+02,6.976318359375000000e+01,2.062499999999989342e-02,1.531749999999999901e+01,4.101562499999911182e-02
8.713999999999999773e+02,6.992797851562500000e+01,6.562499999999982236e-02,1.535249999999999915e+01,-7.656250000001030287e-03
8.715000000000000000e+02,6.947021484375000000e+01,2.312499999999984013e-02,1.531749999999999901e+01,-8.750000000000923706e-03
8.716000000000000227e+02,6.992797851562500000e+01,4.562499999999980460e-02,1.539250000000000185e+01,-3.281250000000568434e-03
8.717000000000000455e+02,6.908569335937500000e+01,6.812499999999976907e-02,1.518750000000000000e+01,-4.703125000000074607e-02
8.717999999999999545e+02,6.906738281250000000e+01,5.312500000000008882e-02,1.530000000000000071e+01,-6.781250000000049738e-02
8.718999999999999773e+02,6.919555664062500000e+01,3.312500000000007105e-02,1.527499999999999858e+01,-8.750000000000923706e-03
8.720000000000000000e+02,6.873779296875000000e+01,4.312499999999985789e-02,1.527749999999999986e+01,-7.164062500000056843e-02
8.721000000000000227e+02,6.882934570312500000e+01,3.312500000000007105e-02,1.552250000000000085e+01,-3.445312500000063949e-02
8.722000000000000455e+02,6.842651367187500000e+01,3.312500000000007105e-02,1.547250000000000014e+01,-2.679687500000049738e-02
8.722999999999999545e+02,6.846313476562500000e+01,4.562499999999980460e-02,1.532250000000000156e+01,-6.453125000000081712e-02
8.723999999999999773e+02,6.860961914062500000e+01,2.312499999999984013e-02,1.544249999999999901e+01,-4.320312500000067502e-02
8.725000000000000000e+02,6.817016601562500000e+01,4.562499999999980460e-02,1.535000000000000142e+01,-1.531250000000028422e-02
8.726000000000000227e+02,6.806030273437500000e+01,2.062499999999989342e-02,1.539000000000000057e+01,-3.937500000000060396e-02
8.727000000000000455e+02,6.778564453125000000e+01,3.812499999999996447e-02,1.525499999999999901e+01,-2.187500000000053291e-02
8.727999999999999545e+02,6.784057617187500000e+01,1.812499999999994671e-02,1.537249999999999872e+01,-5.085937500000081712e-02
8.728999999999999773e+02,6.800537109375000000e+01,2.312499999999984013e-02,1.553750000000000142e+01,4.265624999999939604e-02
8.730000000000000000e+02,6.699829101562500000e+01,7.062500000000015987e-02,1.520749999999999957e+01,-4.539062500000046185e-02
8.731000000000000227e+02,6.730957031250000000e+01,3.812499999999996447e-02,1.539250000000000185e+01,5.468749999999467093e-03
8.732000000000000455e+02,6.712646484375000000e+01,4.124999999999978684e-02,1.530250000000000199e+01,-2.187500000000053291e-02
8.732999999999999545e+02,6.718139648437500000e+01,4.062499999999991118e-02,1.530499999999999972e+01,-1.476562500000078160e-02
8.733999999999999773e+02,6.710815429687500000e+01,2.562499999999978684e-02,1.541250000000000142e+01,1.695312499999968026e-02
8.735000000000000000e+02,6.630249023437500000e+01,4.312499999999985789e-02,1.529500000000000171e+01,2.078124999999975131e-02
8.736000000000000227e+02,6.672363281250000000e+01,2.312499999999984013e-02,1.532499999999999929e+01,-1.093750000000071054e-02
8.737000000000000455e+02,6.650390625000000000e+01,-6.874999999999964473e-03,1.547250000000000014e+01,-2.023437500000024869e-02
8.737999999999999545e+02,6.654052734375000000e+01,3.562500000000001776e-02,1.528999999999999915e+01,-5.468750000003907985e-04
8.738999999999999773e+02,6.617431640625000000e+01,4.062499999999991118e-02,1.525499999999999901e+01,-4.429687500000056843e-02
8.740000000000000000e+02,6.569824218750000000e+01,1.312500000000005329e-02,1.551999999999999957e+01,-3.664062500000042633e-02
8.741000000000000227e+02,6.611938476562500000e+01,2.562499999999978684e-02,1.536749999999999972e+01,-5.906250000000046185e-02
8.742000000000000455e+02,6.588134765625000000e+01,4.312499999999985789e-02,1.528999999999999915e+01,1.585937499999889866e-02
8.742999999999999545e+02,6.562500000000000000e+01,5.812499999999998224e-02,1.537249999999999872e+01,-8.695312500000085265e-02
8.743999999999999773e+02,6.560668945312500000e+01,3.562500000000001776e-02,1.527749999999999986e+01,-1.055468750000008171e-01
8.745000000000000000e+02,6.520385742187500000e+01,3.062500000000012434e-02,1.530750000000000099e+01,-4.539062500000046185e-02
8.746000000000000227e+02,6.562500000000000000e+01,4.312499999999985789e-02,1.520500000000000185e+01,-4.046875000000049738e-02
8.747000000000000455e+02,6.538696289062500000e+01,8.812499999999978684e-02,1.533000000000000185e+01,1.421874999999950262e-02
8.747999999999999545e+02,6.489257812500000000e+01,2.562499999999978684e-02,1.532250000000000156e+01,-3.171875000000046185e-02
8.748999999999999773e+02,6.500244140625000000e+01,2.312499999999984013e-02,1.537000000000000099e+01,-2.187500000000053291e-02
8.750000000000000000e+02,6.461791992187500000e+01,1.812499999999994671e-02,1.554250000000000043e+01,-3.718750000000081712e-02
8.751000000000000227e+02,6.502075195312500000e+01,6.062499999999992895e-02,1.526999999999999957e+01,-3.062500000000056843e-02
8.752000000000000455e+02,6.432495117187500000e+01,3.812499999999996447e-02,1.524749999999999872e+01,1.203124999999971578e-02
8.752999999999999545e+02,6.421508789062500000e+01,4.062499999999991118e-02,1.536250000000000071e+01,-9.843750000000817124e-03
8.753999999999999773e+02,6.441650390625000000e+01,4.062499999999991118e-02,1.532750000000000057e+01,-1.476562500000078160e-02
8.755000000000000000e+02,6.399536132812500000e+01,-1.875000000000071054e-03,1.540249999999999986e+01,-1.039062500000031974e-02
8.756000000000000227e+02,6.427001953125000000e+01,-1.850000000000000533e-01,1.539999999999999858e+01,-3.117187500000095923e-02
8.757000000000000455e+02,6.375732421875000000e+01,4.062499999999991118e-02,1.546750000000000114e+01,-2.679687500000049738e-02
8.757999999999999545e+02,6.375732421875000000e+01,1.312500000000005329e-02,1.528750000000000142e+01,-5.414062500000049738e-02
8.758999999999999773e+02,6.386718750000000000e+01,1.062500000000010658e-02,1.528000000000000114e+01,-1.257812500000099476e-02
8.760000000000000000e+02,6.344604492187500000e+01,3.812499999999996447e-02,1.521750000000000114e+01,-5.031250000000042633e-02
8.761000000000000227e+02,6.333618164062500000e+01,3.312500000000007105e-02,1.553000000000000114e+01,-7.929687500000071054e-02
8.762000000000000455e+02,6.309814453125000000e+01,2.312499999999984013e-02,1.542999999999999972e+01,-1.968750000000074607e-02
8.762999999999999545e+02,6.309814453125000000e+01,1.062500000000010658e-02,1.530250000000000199e+01,-2.351562500000081712e-02
8.763999999999999773e+02,6.326293945312500000e+01,5.062500000000014211e-02,1.539750000000000085e+01,-5.468750000003907985e-04
8.765000000000000000e+02,6.253051757812500000e+01,5.562500000000003553e-02,1.541000000000000014e+01,-2.953125000000067502e-02
8.766000000000000227e+02,6.278686523437500000e+01,5.312500000000008882e-02,1.535000000000000142e+01,-3.773437500000031974e-02
8.767000000000000455e+02,6.256713867187500000e+01,3.812499999999996447e-02,1.520250000000000057e+01,-5.414062500000049738e-02
8.767999999999999545e+02,6.264038085937500000e+01,3.312500000000007105e-02,1.505750000000000099e+01,1.148437499999932498e-02
8.768999999999999773e+02,6.275024414062500000e+01,2.312499999999984013e-02,1.525000000000000000e+01,-2.679687500000049738e-02
8.770000000000000000e+02,6.188964843750000000e+01,2.312499999999984013e-02,1.534750000000000014e+01,-3.773437500000031974e-02
8.771000000000000227e+02,6.232910156250000000e+01,4.062499999999991118e-02,1.528750000000000142e+01,-1.804687500000046185e-02
8.772000000000000455e+02,6.207275390625000000e+01,3.812499999999996447e-02,1.532750000000000057e+01,-2.570312500000060396e-02
8.772999999999999545e+02,6.210937500000000000e+01,1.812499999999994671e-02,1.518750000000000000e+01,-2.351562500000081712e-02
8.773999999999999773e+02,6.188964843750000000e+01,4.562499999999980460e-02,1.524500000000000099e+01,-2.679687500000049738e-02
8.775000000000000000e+02,6.134033203125000000e+01,4.812499999999975131e-02,1.545500000000000185e+01,-6.398437500000042633e-02
8.776000000000000227e+02,6.179809570312500000e+01,7.562500000000005329e-02,1.532000000000000028e+01,7.656249999999253930e-03
8.777000000000000455e+02,6.157836914062500000e+01,2.062499999999989342e-02,1.530000000000000071e+01,-4.320312500000067502e-02
8.777999999999999545e+02,6.150512695312500000e+01,5.312500000000008882e-02,1.533749999999999858e+01,2.406249999999943157e-02
8.778999999999999773e+02,6.146850585937500000e+01,5.062500000000014211e-02,1.526000000000000156e+01,-2.132812500000103029e-02
8.780000000000000000e+02,6.106567382812500000e+01,1.062500000000010658e-02,1.530000000000000071e+01,4.374999999999573674e-03
8.781000000000000227e+02,6.146850585937500000e+01,4.312499999999985789e-02,1.548250000000000171e+01,1.531249999999939604e-02
8.782000000000000455e+02,6.130371093750000000e+01,3.812499999999996447e-02,1.521999999999999886e+01,-1.640625000000284217e-03
8.782999999999999545e+02,6.132202148437500000e+01,4.062499999999991118e-02,1.550250000000000128e+01,-5.523437500000039080e-02
8.783999999999999773e+02,6.146850585937500000e+01,2.062499999999989342e-02,1.554250000000000043e+01,-3.062500000000056843e-02
8.785000000000000000e+02,6.104736328125000000e+01,1.812499999999994671e-02,1.540249999999999986e+01,-5.304687500000060396e-02
8.786000000000000227e+02,6.145019531250000000e+01,3.372500000000000053e+00,1.529500000000000171e+01,1.735125000000000028e+01
8.787000000000000455e+02,6.128540039062500000e+01,2.935000000000000053e+00,1.519000000000000128e+01,1.554164062500000121e+01
8.787999999999999545e+02,6.132202148437500000e+01,2.924999999999999822e+00,1.535249999999999915e+01,1.553343750000000156e+01
8.788999999999999773e+02,6.148681640625000000e+01,2.937500000000000000e+00,1.514250000000000185e+01,1.554273437500000021e+01
8.790000000000000000e+02,6.106567382812500000e+01,2.942499999999999893e+00,1.549000000000000199e+01,1.555148437500000114e+01
8.791000000000000227e+02,6.159667968750000000e+01,2.957500000000000018e+00,1.537999999999999901e+01,1.550226562500000149e+01
8.792000000000000455e+02,6.260375976562500000e+01,2.977500000000000036e+00,1.518750000000000000e+01,1.547109375000000142e+01
8.792999999999999545e+02,6.271362304687500000e+01,2.977500000000000036e+00,1.531749999999999901e+01,1.544265625000000064e+01
8.793999999999999773e+02,6.289672851562500000e+01,2.967499999999999805e+00,1.555999999999999872e+01,1.550226562500000149e+01
8.795000000000000000e+02,6.245727539062500000e+01,3.009999999999999787e+00,1.529500000000000171e+01,1.556570312500000064e+01
8.796000000000000227e+02,6.538696289062500000e+01,3.015000000000000124e+00,1.539999999999999858e+01,1.549023437500000000e+01
8.797000000000000455e+02,6.557006835937500000e+01,3.032500000000000195e+00,1.503500000000000014e+01,1.550664062500000107e+01
8.797999999999999545e+02,6.564331054687500000e+01,2.997500000000000053e+00,1.557000000000000028e+01,1.545851562500000043e+01
8.798999999999999773e+02,6.578979492187500000e+01,3.024999999999999911e+00,1.555250000000000199e+01,1.547984375000000057e+01
8.800000000000000000e+02,6.723632812500000000e+01,3.049999999999999822e+00,1.543250000000000099e+01,1.550390625000000000e+01
8.801000000000000227e+02,6.981811523437500000e+01,3.067499999999999893e+00,1.520749999999999957e+01,1.547054687500000014e+01
8.802000000000000455e+02,6.967163085937500000e+01,3.055000000000000160e+00,1.536500000000000199e+01,1.550281250000000099e+01
8.802999999999999545e+02,6.974487304687500000e+01,3.064999999999999947e+00,1.522500000000000142e+01,1.548257812500000163e+01
8.803999999999999773e+02,6.989135742187500000e+01,3.029999999999999805e+00,1.533000000000000185e+01,1.551484375000000071e+01
8.805000000000000000e+02,7.391967773437500000e+01,3.044999999999999929e+00,1.535999999999999943e+01,1.549898437500000092e+01
8.806000000000000227e+02,7.470703125000000000e+01,3.047499999999999876e+00,1.508000000000000185e+01,1.543664062500000078e+01
8.807000000000000455e+02,7.443237304687500000e+01,3.080000000000000071e+00,1.549000000000000199e+01,1.544320312500000014e+01
8.807999999999999545e+02,7.456054687500000000e+01,3.060000000000000053e+00,1.535999999999999943e+01,1.548039062500000007e+01
8.808999999999999773e+02,7.781982421875000000e+01,3.069999999999999840e+00,1.534750000000000014e+01,1.551812500000000128e+01
8.810000000000000000e+02,7.835083007812500000e+01,3.089999999999999858e+00,1.515749999999999886e+01,1.551265625000000092e+01
8.811000000000000227e+02,7.886352539062500000e+01,3.115000000000000213e+00,1.526249999999999929e+01,1.552960937500000149e+01
8.812000000000000455e+02,7.857055664062500000e+01,3.100000000000000089e+00,1.524249999999999972e+01,1.547273437499999993e+01
8.812999999999999545e+02,7.932128906250000000e+01,3.092499999999999805e+00,1.527749999999999986e+01,1.551156250000000014e+01
8.813999999999999773e+02,8.206787109375000000e+01,3.097500000000000142e+00,1.551999999999999957e+01,1.548148437500000085e+01
8.815000000000000000e+02,8.171997070312500000e+01,3.117500000000000160e+00,1.541000000000000014e+01,1.549351562500000057e+01
8.816000000000000227e+02,8.226928710937500000e+01,3.129999999999999893e+00,1.532000000000000028e+01,1.556460937500000163e+01
8.817000000000000455e+02,8.192138671875000000e+01,3.142500000000000071e+00,1.539750000000000085e+01,1.546398437500000078e+01
8.817999999999999545e+02,8.464965820312500000e+01,3.132499999999999840e+00,1.539750000000000085e+01,1.548148437500000085e+01
8.818999999999999773e+02,8.512573242187500000e+01,3.147499999999999964e+00,1.527250000000000085e+01,1.549187500000000028e+01
8.820000000000000000e+02,8.464965820312500000e+01,3.149999999999999911e+00,1.542000000000000171e+01,1.551867187500000078e+01
8.821000000000000227e+02,8.518066406250000000e+01,3.172499999999999876e+00,1.533749999999999858e+01,1.549515625000000085e+01
8.822000000000000455e+02,8.646240234375000000e+01,3.147499999999999964e+00,1.539750000000000085e+01,1.549132812500000078e+01
8.822999999999999545e+02,8.768920898437500000e+01,3.149999999999999911e+00,1.536749999999999972e+01,1.547710937500000128e+01
8.823999999999999773e+02,8.783569335937500000e+01,3.185000000000000053e+00,1.539000000000000057e+01,1.544867187500000050e+01
8.825000000000000000e+02,8.734130859375000000e+01,3.185000000000000053e+00,1.519249999999999901e+01,1.550828125000000135e+01
8.826000000000000227e+02,8.792724609375000000e+01,3.197499999999999787e+00,1.539999999999999858e+01,1.546070312500000021e+01
8.827000000000000455e+02,8.977661132812500000e+01,3.160000000000000142e+00,1.521499999999999986e+01,1.550171875000000021e+01
8.827999999999999545e+02,9.010620117187500000e+01,3.160000000000000142e+00,1.551000000000000156e+01,1.550609375000000156e+01
8.828999999999999773e+02,9.021606445312500000e+01,3.182500000000000107e+00,1.535000000000000142e+01,1.551539062500000021e+01
8.830000000000000000e+02,8.977661132812500000e+01,3.214999999999999858e+00,1.543750000000000000e+01,1.551429687500000121e+01
8.831000000000000227e+02,9.212036132812500000e+01,3.202500000000000124e+00,1.542249999999999943e+01,1.550828125000000135e+01
8.832000000000000455e+02,9.210205078125000000e+01,3.200000000000000178e+00,1.541250000000000142e+01,1.553781250000000114e+01
8.832999999999999545e+02,9.235839843750000000e+01,3.197499999999999787e+00,1.526750000000000185e+01,1.552414062500000114e+01
8.833999999999999773e+02,9.243164062500000000e+01,3.207500000000000018e+00,1.537750000000000128e+01,1.550500000000000078e+01
8.835000000000000000e+02,9.276123046875000000e+01,3.217499999999999805e+00,1.562249999999999872e+01,1.550609375000000156e+01
8.836000000000000227e+02,9.455566406250000000e+01,3.250000000000000000e+00,1.508249999999999957e+01,1.548148437500000085e+01
8.837000000000000455e+02,9.417114257812500000e+01,3.185000000000000053e+00,1.544999999999999929e+01,1.551320312500000043e+01
8.837999999999999545e+02,9.442749023437500000e+01,3.227500000000000036e+00,1.531250000000000000e+01,1.556406250000000036e+01
8.838999999999999773e+02,9.453735351562500000e+01,3.240000000000000213e+00,1.525750000000000028e+01,1.552031250000000107e+01
8.840000000000000000e+02,9.592895507812500000e+01,3.237499999999999822e+00,1.517249999999999943e+01,1.547820312500000028e+01
8.841000000000000227e+02,9.662475585937500000e+01,3.242500000000000160e+00,1.538250000000000028e+01,1.549898437500000092e+01
8.842000000000000455e+02,9.616699218750000000e+01,3.214999999999999858e+00,1.524249999999999972e+01,1.546562500000000107e+01
8.842999999999999545e+02,9.644165039062500000e+01,3.240000000000000213e+00,1.536749999999999972e+01,1.547492187500000149e+01
8.843999999999999773e+02,9.792480468750000000e+01,3.322499999999999787e+00,1.532000000000000028e+01,1.554328125000000149e+01
8.845000000000000000e+02,9.796142578125000000e+01,3.254999999999999893e+00,1.553249999999999886e+01,1.550062500000000121e+01
8.846000000000000227e+02,9.851074218750000000e+01,3.277499999999999858e+00,1.524749999999999872e+01,1.553289062500000028e+01
8.847000000000000455e+02,9.805297851562500000e+01,3.302500000000000213e+00,1.554250000000000043e+01,1.550882812500000085e+01
8.847999999999999545e+02,9.867553710937500000e+01,3.280000000000000249e+00,1.514000000000000057e+01,1.551703125000000050e+01
8.848999999999999773e+02,1.002685546875000000e+02,3.282500000000000195e+00,1.519500000000000028e+01,1.550882812500000085e+01
8.850000000000000000e+02,9.990234375000000000e+01,3.294999999999999929e+00,1.537000000000000099e+01,1.550500000000000078e+01
8.851000000000000227e+02,1.004150390625000000e+02,3.270000000000000018e+00,1.520250000000000057e+01,1.550117187500000071e+01
8.852000000000000455e+02,9.995727539062500000e+01,3.274999999999999911e+00,1.551750000000000185e+01,1.554109374999999993e+01
8.852999999999999545e+02,1.018066406250000000e+02,3.307500000000000107e+00,1.522749999999999915e+01,1.549789062500000014e+01
8.853999999999999773e+02,1.021179199218750000e+02,3.287500000000000089e+00,1.540249999999999986e+01,1.549078125000000128e+01
8.855000000000000000e+02,1.017150878906250000e+02,3.310000000000000053e+00,1.537999999999999901e+01,1.545414062500000085e+01
8.856000000000000227e+02,1.022460937500000000e+02,3.339999999999999858e+00,1.543250000000000099e+01,1.548312500000000114e+01
8.857000000000000455e+02,1.027587890625000000e+02,3.345000000000000195e+00,1.540249999999999986e+01,1.551265625000000092e+01
8.857999999999999545e+02,1.037658691406250000e+02,3.330000000000000071e+00,1.528750000000000142e+01,1.552085937500000057e+01
8.858999999999999773e+02,1.038574218750000000e+02,3.282500000000000195e+00,1.526000000000000156e+01,1.545960937500000121e+01
8.860000000000000000e+02,1.033996582031250000e+02,3.332500000000000018e+00,1.532499999999999929e+01,1.550226562500000149e+01
8.861000000000000227e+02,1.039123535156250000e+02,3.334999999999999964e+00,1.559750000000000014e+01,1.555750000000000099e+01
8.862000000000000455e+02,1.050292968750000000e+02,3.357499999999999929e+00,1.542249999999999943e+01,1.553671875000000036e+01
8.862999999999999545e+02,1.054870605468750000e+02,3.537500000000000089e+00,1.526999999999999957e+01,1.554820312500000057e+01
8.863999999999999773e+02,1.055419921875000000e+02,3.354999999999999982e+00,1.535249999999999915e+01,1.552250000000000085e+01
8.865000000000000000e+02,1.050476074218750000e+02,3.354999999999999982e+00,1.533749999999999858e+01,1.547710937500000128e+01
8.866000000000000227e+02,1.070800781250000000e+02,3.375000000000000000e+00,1.539000000000000057e+01,1.549187500000000028e+01
8.867000000000000455e+02,1.068054199218750000e+02,3.382499999999999840e+00,1.537999999999999901e+01,1.544976562500000128e+01
8.867999999999999545e+02,1.072082519531250000e+02,3.377499999999999947e+00,1.552250000000000085e+01,1.552031250000000107e+01
8.868999999999999773e+02,1.072631835937500000e+02,3.410000000000000142e+00,1.531749999999999901e+01,1.549734375000000064e+01
8.870000000000000000e+02,1.074279785156250000e+02,3.392500000000000071e+00,1.518499999999999872e+01,1.553070312500000050e+01
8.871000000000000227e+02,1.089843750000000000e+02,3.379999999999999893e+00,1.522749999999999915e+01,1.549515625000000085e+01
8.872000000000000455e+02,1.084350585937500000e+02,3.399999999999999911e+00,1.546499999999999986e+01,1.548148437500000085e+01
8.872999999999999545e+02,1.088012695312500000e+02,3.412500000000000089e+00,1.537500000000000000e+01,1.551210937500000142e+01
8.873999999999999773e+02,1.088378906250000000e+02,3.412500000000000089e+00,1.546750000000000114e+01,1.553671875000000036e+01
8.875000000000000000e+02,1.098815917968750000e+02,3.450000000000000178e+00,1.526500000000000057e+01,1.552304687500000036e+01
8.876000000000000227e+02,1.105773925781250000e+02,3.422499999999999876e+00,1.544750000000000156e+01,1.552414062500000114e+01
8.877000000000000455e+02,1.100280761718750000e+02,3.427500000000000213e+00,1.552250000000000085e+01,1.551374999999999993e+01
8.877999999999999545e+02,1.104125976562500000e+02,3.432500000000000107e+00,1.541250000000000142e+01,1.556734375000000092e+01
8.878999999999999773e+02,1.115844726562500000e+02,3.439999999999999947e+00,1.520500000000000185e+01,1.552796875000000121e+01
8.880000000000000000e+02,1.115478515625000000e+02,3.450000000000000178e+00,1.537249999999999872e+01,1.551101562500000064e+01
8.881000000000000227e+02,1.121520996093750000e+02,3.475000000000000089e+00,1.542000000000000171e+01,1.544921875000000000e+01
8.882000000000000455e+02,1.116210937500000000e+02,3.442499999999999893e+00,1.530999999999999872e+01,1.542734375000000036e+01
8.882999999999999545e+02,1.123168945312500000e+02,3.482499999999999929e+00,1.553249999999999886e+01,1.548695312500000121e+01
8.883999999999999773e+02,1.136169433593750000e+02,3.502499999999999947e+00,1.532250000000000156e+01,1.550937500000000036e+01
8.885000000000000000e+02,1.131958007812500000e+02,3.472500000000000142e+00,1.532750000000000057e+01,1.548039062500000007e+01
8.886000000000000227e+02,1.137634277343750000e+02,3.475000000000000089e+00,1.528500000000000014e+01,1.552304687500000036e+01
8.887000000000000455e+02,1.131774902343750000e+02,3.437500000000000000e+00,1.530000000000000071e+01,1.550445312500000128e+01
8.887999999999999545e+02,1.150451660156250000e+02,3.504999999999999893e+00,1.530499999999999972e+01,1.546398437500000078e+01
8.888999999999999773e+02,1.152282714843750000e+02,3.512500000000000178e+00,1.558749999999999858e+01,1.558812500000000156e+01
8.890000000000000000e+02,1.148071289062500000e+02,3.495000000000000107e+00,1.542750000000000199e+01,1.552796875000000121e+01
8.891000000000000227e+02,1.153747558593750000e+02,3.455000000000000071e+00,1.523499999999999943e+01,1.548750000000000071e+01
8.892000000000000455e+02,1.157592773437500000e+02,3.482499999999999929e+00,1.536500000000000199e+01,1.545742187500000142e+01
8.892999999999999545e+02,1.168029785156250000e+02,3.464999999999999858e+00,1.520500000000000185e+01,1.548804687500000021e+01
8.893999999999999773e+02,1.168762207031250000e+02,3.455000000000000071e+00,1.538749999999999929e+01,1.550117187500000071e+01
8.895000000000000000e+02,1.164184570312500000e+02,3.552500000000000213e+00,1.520250000000000057e+01,1.552414062500000114e+01
8.896000000000000227e+02,1.170227050781250000e+02,3.547499999999999876e+00,1.515749999999999886e+01,1.548914062500000099e+01
8.897000000000000455e+02,1.178466796875000000e+02,3.537500000000000089e+00,1.524249999999999972e+01,1.548039062500000007e+01
8.897999999999999545e+02,1.183227539062500000e+02,3.527499999999999858e+00,1.536749999999999972e+01,1.549789062500000014e+01
8.898999999999999773e+02,1.182861328125000000e+02,3.555000000000000160e+00,1.528249999999999886e+01,1.552085937500000057e+01
8.900000000000000000e+02,1.179382324218750000e+02,3.615000000000000213e+00,1.533999999999999986e+01,1.550609375000000156e+01
8.901000000000000227e+02,1.198791503906250000e+02,3.575000000000000178e+00,1.526750000000000185e+01,1.547820312500000028e+01
8.902000000000000455e+02,1.194946289062500000e+02,3.567499999999999893e+00,1.539750000000000085e+01,1.551921875000000028e+01
8.902999999999999545e+02,1.199890136718750000e+02,3.567499999999999893e+00,1.520749999999999957e+01,1.547218750000000043e+01
8.903999999999999773e+02,1.199890136718750000e+02,3.577500000000000124e+00,1.508749999999999858e+01,1.552578125000000142e+01
8.905000000000000000e+02,1.202087402343750000e+02,3.557500000000000107e+00,1.535750000000000171e+01,1.547820312500000028e+01
8.906000000000000227e+02,1.215637207031250000e+02,3.580000000000000071e+00,1.534250000000000114e+01,1.550937500000000036e+01
8.907000000000000455e+02,1.209960937500000000e+02,3.600000000000000089e+00,1.515500000000000114e+01,1.554437500000000050e+01
8.907999999999999545e+02,1.214538574218750000e+02,3.620000000000000107e+00,1.520749999999999957e+01,1.548148437500000085e+01
8.908999999999999773e+02,1.214721679687500000e+02,3.557500000000000107e+00,1.532750000000000057e+01,1.548148437500000085e+01
8.910000000000000000e+02,1.225158691406250000e+02,3.580000000000000071e+00,1.552749999999999986e+01,1.548968750000000050e+01
8.911000000000000227e+02,1.232299804687500000e+02,3.604999999999999982e+00,1.542000000000000171e+01,1.550718750000000057e+01
8.912000000000000455e+02,1.225891113281250000e+02,3.582500000000000018e+00,1.530499999999999972e+01,1.549789062500000014e+01
8.912999999999999545e+02,1.230651855468750000e+02,3.607499999999999929e+00,1.512500000000000000e+01,1.550718750000000057e+01
8.913999999999999773e+02,1.242004394531250000e+02,3.575000000000000178e+00,1.542249999999999943e+01,1.549460937500000135e+01
8.915000000000000000e+02,1.241271972656250000e+02,3.622500000000000053e+00,1.532000000000000028e+01,1.554054687500000043e+01
8.916000000000000227e+02,1.247314453125000000e+02,3.615000000000000213e+00,1.560249999999999915e+01,1.544429687500000092e+01
8.917000000000000455e+02,1.241088867187500000e+02,3.637500000000000178e+00,1.529500000000000171e+01,1.544046875000000085e+01
8.917999999999999545e+02,1.251159667968750000e+02,3.652499999999999858e+00,1.528249999999999886e+01,1.550828125000000135e+01
8.918999999999999773e+02,1.261047363281250000e+02,3.647499999999999964e+00,1.519750000000000156e+01,1.553671875000000036e+01
8.920000000000000000e+02,1.257568359375000000e+02,3.652499999999999858e+00,1.528750000000000142e+01,1.553945312500000142e+01
8.921000000000000227e+02,1.263244628906250000e+02,3.662500000000000089e+00,1.536250000000000071e+01,1.544320312500000014e+01
8.922000000000000455e+02,1.256835937500000000e+02,3.642500000000000071e+00,1.513749999999999929e+01,1.555421875000000043e+01
8.922999999999999545e+02,1.275512695312500000e+02,3.657499999999999751e+00,1.528500000000000014e+01,1.550062500000000121e+01
8.923999999999999773e+02,1.276245117187500000e+02,3.665000000000000036e+00,1.541750000000000043e+01,1.550335937500000050e+01
8.925000000000000000e+02,1.272583007812500000e+02,3.657499999999999751e+00,1.518250000000000099e+01,1.549406250000000007e+01
8.926000000000000227e+02,1.278076171875000000e+02,3.712499999999999911e+00,1.519249999999999901e+01,1.547765625000000078e+01
8.927000000000000455e+02,1.283020019531250000e+02,3.734999999999999876e+00,1.543250000000000099e+01,1.548585937500000043e+01
8.927999999999999545e+02,1.292724609375000000e+02,3.709999999999999964e+00,1.543250000000000099e+01,1.548750000000000071e+01
8.928999999999999773e+02,1.292175292968750000e+02,3.717500000000000249e+00,1.509750000000000014e+01,1.553015625000000099e+01
8.930000000000000000e+02,1.288513183593750000e+02,3.692499999999999893e+00,1.526750000000000185e+01,1.547218750000000043e+01
8.931000000000000227e+02,1.296203613281250000e+02,3.689999999999999947e+00,1.516499999999999915e+01,1.543117187500000043e+01
8.932000000000000455e+02,1.300231933593750000e+02,3.732499999999999929e+00,1.542750000000000199e+01,1.553343750000000156e+01
8.932999999999999545e+02,1.305541992187500000e+02,3.742500000000000160e+00,1.543250000000000099e+01,1.550718750000000057e+01
8.933999999999999773e+02,1.305175781250000000e+02,3.747500000000000053e+00,1.527749999999999986e+01,1.553617187500000085e+01
8.935000000000000000e+02,1.301330566406250000e+02,3.782499999999999751e+00,1.523250000000000171e+01,1.552304687500000036e+01
8.936000000000000227e+02,1.308288574218750000e+02,3.765000000000000124e+00,1.537999999999999901e+01,1.551648437500000099e+01
8.937000000000000455e+02,1.301696777343750000e+02,3.794999999999999929e+00,1.528000000000000114e+01,1.549570312500000036e+01
8.937999999999999545e+02,1.307189941406250000e+02,6.249999999998756550e-04,1.542249999999999943e+01,-4.046875000000049738e-02
8.938999999999999773e+02,1.306091308593750000e+02,2.562499999999978684e-02,1.530750000000000099e+01,-5.578125000000078160e-02
8.940000000000000000e+02,1.302429199218750000e+02,4.312499999999985789e-02,1.524500000000000099e+01,-4.156250000000039080e-02
8.941000000000000227e+02,1.308471679687500000e+02,4.062499999999991118e-02,1.527749999999999986e+01,-1.695312500000056843e-02
8.942000000000000455e+02,1.301879882812500000e+02,3.812499999999996447e-02,1.553249999999999886e+01,-4.921875000000053291e-02
8.942999999999999545e+02,1.307006835937500000e+02,2.312499999999984013e-02,1.519500000000000028e+01,-3.500000000000103029e-02
8.943999999999999773e+02,1.306091308593750000e+02,3.312500000000007105e-02,1.526500000000000057e+01,-3.773437500000031974e-02
8.945000000000000000e+02,1.294921875000000000e+02,4.562499999999980460e-02,1.526500000000000057e+01,-4.539062500000046185e-02
8.946000000000000227e+02,1.300415039062500000e+02,4.312499999999985789e-02,1.533000000000000185e+01,-6.671875000000060396e-02
8.947000000000000455e+02,1.294006347656250000e+02,4.562499999999980460e-02,1.526750000000000185e+01,-2.953125000000067502e-02
8.947999999999999545e+02,1.299133300781250000e+02,4.312499999999985789e-02,1.549000000000000199e+01,-3.554687500000053291e-02
8.948999999999999773e+02,1.277343750000000000e+02,5.312500000000008882e-02,1.539250000000000185e+01,-1.082812500000009948e-01
8.950000000000000000e+02,1.269836425781250000e+02,2.312499999999984013e-02,1.527250000000000085e+01,-2.406250000000031974e-02
8.951000000000000227e+02,1.275329589843750000e+02,1.312500000000005329e-02,1.527499999999999858e+01,-6.617187500000110134e-02
8.952000000000000455e+02,1.268737792968750000e+02,3.562500000000001776e-02,1.539250000000000185e+01,-2.843750000000078160e-02
8.952999999999999545e+02,1.256286621093750000e+02,5.062500000000014211e-02,1.535000000000000142e+01,-9.843750000000817124e-03
8.953999999999999773e+02,1.234313964843750000e+02,-9.374999999999911182e-03,1.537500000000000000e+01,-5.359375000000099476e-02
8.955000000000000000e+02,1.229736328125000000e+02,5.062500000000014211e-02,1.530499999999999972e+01,1.531249999999939604e-02
8.956000000000000227e+02,1.235412597656250000e+02,6.312499999999987566e-02,1.517500000000000071e+01,-1.148437500000110134e-02
8.957000000000000455e+02,1.229003906250000000e+02,1.562500000000000000e-02,1.537000000000000099e+01,-2.679687500000049738e-02
8.957999999999999545e+02,1.185974121093750000e+02,7.062500000000015987e-02,1.528500000000000014e+01,-2.789062500000039080e-02
8.958999999999999773e+02,1.182495117187500000e+02,8.124999999999715783e-03,1.519500000000000028e+01,-3.062500000000056843e-02
8.960000000000000000e+02,1.178466796875000000e+02,3.812499999999996447e-02,1.535000000000000142e+01,9.296874999999538147e-03
8.961000000000000227e+02,1.183959960937500000e+02,3.062500000000012434e-02,1.528750000000000142e+01,-9.843750000000817124e-03
8.962000000000000455e+02,1.147888183593750000e+02,8.124999999999715783e-03,1.537249999999999872e+01,2.242187499999914735e-02
8.962999999999999545e+02,1.141296386718750000e+02,2.562499999999978684e-02,1.563250000000000028e+01,-2.625000000000099476e-02
8.963999999999999773e+02,1.141662597656250000e+02,5.312500000000008882e-02,1.526750000000000185e+01,-4.210937500000078160e-02
8.965000000000000000e+02,1.137268066406250000e+02,5.312500000000008882e-02,1.553000000000000114e+01,-3.226562500000085265e-02
8.966000000000000227e+02,1.134521484375000000e+02,2.812499999999973355e-02,1.538250000000000028e+01,-5.085937500000081712e-02
8.967000000000000455e+02,1.105590820312500000e+02,1.812499999999994671e-02,1.537999999999999901e+01,-8.750000000000035527e-02
8.967999999999999545e+02,1.108703613281250000e+02,2.562499999999978684e-02,1.528000000000000114e+01,-5.851562500000095923e-02
8.968999999999999773e+02,1.108520507812500000e+02,2.812499999999973355e-02,1.542249999999999943e+01,-4.703125000000074607e-02
8.970000000000000000e+02,1.104309082031250000e+02,3.312500000000007105e-02,1.529749999999999943e+01,-3.992187500000099476e-02
8.971000000000000227e+02,1.084899902343750000e+02,2.312499999999984013e-02,1.528750000000000142e+01,-3.171875000000046185e-02
8.972000000000000455e+02,1.076293945312500000e+02,3.562500000000001776e-02,1.514999999999999858e+01,1.093749999999005240e-03
8.972999999999999545e+02,1.079956054687500000e+02,8.312499999999989342e-02,1.536250000000000071e+01,-1.476562500000078160e-02
8.973999999999999773e+02,1.080505371093750000e+02,3.812499999999996447e-02,1.547250000000000014e+01,-1.093750000000071054e-02
8.975000000000000000e+02,1.062377929687500000e+02,3.312500000000007105e-02,1.532750000000000057e+01,-6.453125000000081712e-02
8.976000000000000227e+02,1.057800292968750000e+02,2.737500000000001599e-01,1.541250000000000142e+01,-4.375000000000106581e-02
8.977000000000000455e+02,1.052307128906250000e+02,3.312500000000007105e-02,1.553249999999999886e+01,-6.726562500000099476e-02
8.977999999999999545e+02,1.055603027343750000e+02,4.562499999999980460e-02,1.538749999999999929e+01,-5.742187500000106581e-02
8.978999999999999773e+02,1.056335449218750000e+02,3.812499999999996447e-02,1.533999999999999986e+01,-2.570312500000060396e-02
8.980000000000000000e+02,1.031799316406250000e+02,4.562499999999980460e-02,1.533000000000000185e+01,-1.750000000000095923e-02
8.981000000000000227e+02,1.036376953125000000e+02,5.312500000000008882e-02,1.533749999999999858e+01,-5.250000000000110134e-02
8.982000000000000455e+02,1.031433105468750000e+02,2.562499999999978684e-02,1.537000000000000099e+01,-7.765625000000042633e-02
8.982999999999999545e+02,1.034545898437500000e+02,4.062499999999991118e-02,1.508000000000000185e+01,-6.015625000000746070e-03
8.983999999999999773e+02,1.020080566406250000e+02,4.812499999999975131e-02,1.553000000000000114e+01,-4.210937500000078160e-02
8.985000000000000000e+02,1.012207031250000000e+02,2.312499999999984013e-02,1.529749999999999943e+01,1.640624999999396039e-03
8.986000000000000227e+02,1.017700195312500000e+02,2.062499999999989342e-02,1.554250000000000043e+01,-2.023437500000024869e-02
8.987000000000000455e+02,1.012573242187500000e+02,2.562499999999978684e-02,1.537999999999999901e+01,-1.750000000000095923e-02
8.987999999999999545e+02,1.008544921875000000e+02,3.562500000000001776e-02,1.532250000000000156e+01,-3.007812500000106581e-02
8.988999999999999773e+02,9.990234375000000000e+01,4.312499999999985789e-02,1.537999999999999901e+01,-1.476562500000078160e-02
8.990000000000000000e+02,9.940795898437500000e+01,1.812499999999994671e-02,1.552250000000000085e+01,9.296874999999538147e-03
8.991000000000000227e+02,9.997558593750000000e+01,7.062500000000015987e-02,1.557499999999999929e+01,-2.406250000000031974e-02
8.992000000000000455e+02,9.948120117187500000e+01,-4.999999999999893419e-03,1.528750000000000142e+01,-6.015625000000035527e-02
8.992999999999999545e+02,9.832763671875000000e+01,2.312499999999984013e-02,1.526999999999999957e+01,-1.531250000000028422e-02
8.993999999999999773e+02,9.821777343750000000e+01,4.812499999999975131e-02,1.553750000000000142e+01,-3.828125000000959233e-03
8.995000000000000000e+02,9.779663085937500000e+01,3.812499999999996447e-02,1.544249999999999901e+01,-3.609375000000092371e-02
8.996000000000000227e+02,9.832763671875000000e+01,3.562500000000001776e-02,1.534250000000000114e+01,-1.585937500000067502e-02
8.997000000000000455e+02,9.688110351562500000e+01,6.812499999999976907e-02,1.541750000000000043e+01,-2.734375000000088818e-02
8.997999999999999545e+02,9.675292968750000000e+01,8.124999999999715783e-03,1.528249999999999886e+01,6.015624999999946709e-02
8.998999999999999773e+02,9.684448242187500000e+01,4.312499999999985789e-02,1.555750000000000099e+01,-2.843750000000078160e-02
9.000000000000000000e+02,9.642333984375000000e+01,5.312500000000008882e-02,1.539250000000000185e+01,-3.664062500000042633e-02
9.001000000000000227e+02,9.667968750000000000e+01,1.562500000000000000e-02,1.554500000000000171e+01,-5.851562500000095923e-02
9.002000000000000455e+02,9.514160156250000000e+01,3.562500000000001776e-02,1.540249999999999986e+01,-4.812500000000063949e-02
9.002999999999999545e+02,9.537963867187500000e+01,1.812499999999994671e-02,1.562249999999999872e+01,-5.250000000000110134e-02
9.003999999999999773e+02,9.545288085937500000e+01,4.312499999999985789e-02,1.528999999999999915e+01,-1.203125000000060396e-02
9.005000000000000000e+02,9.499511718750000000e+01,3.562500000000001776e-02,1.548000000000000043e+01,-3.062500000000056843e-02
9.006000000000000227e+02,9.442749023437500000e+01,1.812499999999994671e-02,1.534250000000000114e+01,-7.546875000000063949e-02
9.007000000000000455e+02,9.378662109375000000e+01,2.562499999999978684e-02,1.548250000000000171e+01,-4.757812500000024869e-02
9.007999999999999545e+02,9.407958984375000000e+01,1.312500000000005329e-02,1.541750000000000043e+01,-3.062500000000056843e-02
9.008999999999999773e+02,9.411621093750000000e+01,-7.374999999999998224e-02,1.526500000000000057e+01,-8.750000000000923706e-03
9.010000000000000000e+02,9.299926757812500000e+01,5.062500000000014211e-02,1.526500000000000057e+01,-9.843750000000106581e-02
9.011000000000000227e+02,9.296264648437500000e+01,3.062500000000012434e-02,1.532000000000000028e+01,-1.804687500000046185e-02
9.012000000000000455e+02,9.244995117187500000e+01,3.562500000000001776e-02,1.527499999999999858e+01,-7.765625000000042633e-02
9.012999999999999545e+02,9.277954101562500000e+01,1.562500000000000000e-02,1.508000000000000185e+01,-8.750000000000923706e-03
9.013999999999999773e+02,9.283447265625000000e+01,5.062500000000014211e-02,1.530499999999999972e+01,-2.843750000000078160e-02
9.015000000000000000e+02,9.122314453125000000e+01,5.812499999999998224e-02,1.543250000000000099e+01,-1.093750000000071054e-02
9.016000000000000227e+02,9.175415039062500000e+01,4.562499999999980460e-02,1.542249999999999943e+01,-3.718750000000081712e-02
9.017000000000000455e+02,9.125976562500000000e+01,1.562500000000000000e-02,1.543250000000000099e+01,-9.843750000000106581e-02
9.017999999999999545e+02,9.155273437500000000e+01,5.562500000000003553e-02,1.537750000000000128e+01,-1.476562500000078160e-02
9.018999999999999773e+02,9.065551757812500000e+01,4.312499999999985789e-02,1.523750000000000071e+01,-1.082812500000009948e-01
9.020000000000000000e+02,8.999633789062500000e+01,7.812500000000000000e-02,1.540749999999999886e+01,-1.421875000000039080e-02
9.021000000000000227e+02,9.049072265625000000e+01,4.312499999999985789e-02,1.528249999999999886e+01,-1.476562500000078160e-02
9.022000000000000455e+02,9.008789062500000000e+01,7.312500000000010658e-02,1.520749999999999957e+01,-5.578125000000078160e-02
9.022999999999999545e+02,9.005126953125000000e+01,1.812499999999994671e-02,1.547250000000000014e+01,-5.742187500000106581e-02
9.023999999999999773e+02,8.935546875000000000e+01,7.062500000000015987e-02,1.530999999999999872e+01,-3.718750000000081712e-02
9.025000000000000000e+02,8.887939453125000000e+01,3.062500000000012434e-02,1.517500000000000071e+01,-6.617187500000110134e-02
9.026000000000000227e+02,8.937377929687500000e+01,4.312499999999985789e-02,1.547250000000000014e+01,-8.750000000000923706e-03
9.027000000000000455e+02,8.898925781250000000e+01,9.750000000000014211e-02,1.530000000000000071e+01,-4.156250000000039080e-02
9.027999999999999545e+02,8.816528320312500000e+01,4.312499999999985789e-02,1.531500000000000128e+01,-1.750000000000095923e-02
9.028999999999999773e+02,8.812866210937500000e+01,4.062499999999991118e-02,1.530000000000000071e+01,-4.265625000000028422e-02
9.030000000000000000e+02,8.765258789062500000e+01,2.812499999999973355e-02,1.534250000000000114e+01,-5.031250000000042633e-02
9.031000000000000227e+02,8.820190429687500000e+01,2.062499999999989342e-02,1.552250000000000085e+01,-8.203125000000532907e-03
9.032000000000000455e+02,8.712158203125000000e+01,4.312499999999985789e-02,1.534250000000000114e+01,-4.101562500000088818e-02
9.032999999999999545e+02,8.706665039062500000e+01,5.812499999999998224e-02,1.530750000000000099e+01,-4.210937500000078160e-02
9.033999999999999773e+02,8.712158203125000000e+01,6.312499999999987566e-02,1.539000000000000057e+01,-2.898437500000028422e-02
9.035000000000000000e+02,8.666381835937500000e+01,2.812499999999973355e-02,1.539999999999999858e+01,-1.093750000000071054e-02
9.036000000000000227e+02,8.715820312500000000e+01,5.312500000000008882e-02,1.553750000000000142e+01,-1.093750000000071054e-02
9.037000000000000455e+02,8.576660156250000000e+01,6.812499999999976907e-02,1.534250000000000114e+01,-4.921875000000053291e-02
9.037999999999999545e+02,8.598632812500000000e+01,-1.875000000000071054e-03,1.522500000000000142e+01,-2.406250000000031974e-02
9.038999999999999773e+02,8.604125976562500000e+01,5.562500000000003553e-02,1.546000000000000085e+01,-6.945312500000078160e-02
9.040000000000000000e+02,8.560180664062500000e+01,1.562500000000000000e-02,1.534499999999999886e+01,-6.671875000000060396e-02
9.041000000000000227e+02,8.529052734375000000e+01,2.312499999999984013e-02,1.528999999999999915e+01,6.015624999998969713e-03
9.042000000000000455e+02,8.468627929687500000e+01,5.312500000000008882e-02,1.535249999999999915e+01,-5.468750000000088818e-02
9.042999999999999545e+02,8.496093750000000000e+01,4.812499999999975131e-02,1.541250000000000142e+01,-3.390625000000024869e-02
9.043999999999999773e+02,8.503417968750000000e+01,5.312500000000008882e-02,1.525499999999999901e+01,-6.234375000000103029e-02
9.045000000000000000e+02,8.424682617187500000e+01,5.562500000000003553e-02,1.528249999999999886e+01,-8.367187500000028422e-02
9.046000000000000227e+02,8.411865234375000000e+01,6.062499999999992895e-02,1.540749999999999886e+01,-5.468750000000088818e-02
9.047000000000000455e+02,8.371582031250000000e+01,7.062500000000015987e-02,1.537500000000000000e+01,-4.921875000000852651e-03
9.047999999999999545e+02,8.395385742187500000e+01,3.062500000000012434e-02,1.519249999999999901e+01,-6.835937500000088818e-02
9.048999999999999773e+02,8.402709960937500000e+01,2.062499999999989342e-02,1.525750000000000028e+01,-5.031250000000042633e-02
9.050000000000000000e+02,8.269042968750000000e+01,2.562499999999978684e-02,1.538250000000000028e+01,7.109374999999751310e-03
9.051000000000000227e+02,8.309326171875000000e+01,2.062499999999989342e-02,1.537999999999999901e+01,-1.312500000000049738e-02
9.052000000000000455e+02,8.267211914062500000e+01,4.062499999999991118e-02,1.534750000000000014e+01,-3.335937500000074607e-02
9.052999999999999545e+02,8.291015625000000000e+01,4.812499999999975131e-02,1.547749999999999915e+01,-6.562500000000071054e-02
9.053999999999999773e+02,8.230590820312500000e+01,6.312499999999987566e-02,1.530999999999999872e+01,-4.593750000000085265e-02
9.055000000000000000e+02,8.159179687500000000e+01,5.312500000000008882e-02,1.554250000000000043e+01,-3.664062500000042633e-02
9.056000000000000227e+02,8.206787109375000000e+01,5.562500000000003553e-02,1.518499999999999872e+01,-2.406250000000031974e-02
9.057000000000000455e+02,8.170166015625000000e+01,2.812499999999973355e-02,1.537000000000000099e+01,-6.562500000000248690e-03
9.057999999999999545e+02,8.179321289062500000e+01,3.312500000000007105e-02,1.549249999999999972e+01,-1.750000000000095923e-02
9.058999999999999773e+02,8.117065429687500000e+01,3.562500000000001776e-02,1.526500000000000057e+01,-2.953125000000067502e-02
9.060000000000000000e+02,8.069458007812500000e+01,3.812499999999996447e-02,1.557000000000000028e+01,-1.039062500000031974e-02
9.061000000000000227e+02,8.117065429687500000e+01,5.812499999999998224e-02,1.532000000000000028e+01,-4.265625000000028422e-02
9.062000000000000455e+02,8.084106445312500000e+01,4.562499999999980460e-02,1.524500000000000099e+01,-3.773437500000031974e-02
9.062999999999999545e+02,8.027343750000000000e+01,1.812499999999994671e-02,1.546249999999999858e+01,2.351562499999904077e-02
9.063999999999999773e+02,8.021850585937500000e+01,5.562500000000003553e-02,1.536500000000000199e+01,-4.539062500000046185e-02
9.065000000000000000e+02,7.979736328125000000e+01,2.312499999999984013e-02,1.536250000000000071e+01,-1.531250000000028422e-02
9.066000000000000227e+02,8.023681640625000000e+01,6.562499999999982236e-02,1.546249999999999858e+01,-4.539062500000046185e-02
9.067000000000000455e+02,7.950439453125000000e+01,5.312500000000008882e-02,1.530000000000000071e+01,-1.476562500000078160e-02
9.067999999999999545e+02,7.924804687500000000e+01,3.062500000000012434e-02,1.529250000000000043e+01,-7.273437500000046185e-02
9.068999999999999773e+02,7.932128906250000000e+01,5.562500000000003553e-02,1.517750000000000199e+01,-3.445312500000063949e-02
9.070000000000000000e+02,7.888183593750000000e+01,7.312500000000010658e-02,1.519249999999999901e+01,-1.044531250000009237e-01
9.071000000000000227e+02,7.935791015625000000e+01,2.062499999999989342e-02,1.549249999999999972e+01,-7.656250000001030287e-03
9.072000000000000455e+02,7.816772460937500000e+01,4.812499999999975131e-02,1.545749999999999957e+01,-7.164062500000056843e-02
9.072999999999999545e+02,7.833251953125000000e+01,3.562500000000001776e-02,1.537000000000000099e+01,2.570312499999971578e-02
9.073999999999999773e+02,7.838745117187500000e+01,4.562499999999980460e-02,1.523750000000000071e+01,-1.640625000000106581e-02
9.075000000000000000e+02,7.796630859375000000e+01,4.562499999999980460e-02,1.528999999999999915e+01,-1.695312500000056843e-02
9.076000000000000227e+02,7.785644531250000000e+01,3.812499999999996447e-02,1.537999999999999901e+01,3.828124999999182876e-03
9.077000000000000455e+02,7.732543945312500000e+01,3.062500000000012434e-02,1.530750000000000099e+01,-9.789062500000067502e-02
9.077999999999999545e+02,7.749023437500000000e+01,1.062500000000010658e-02,1.556250000000000000e+01,-2.296875000000042633e-02
9.078999999999999773e+02,7.763671875000000000e+01,3.562500000000001776e-02,1.529749999999999943e+01,-2.789062500000039080e-02
9.080000000000000000e+02,7.694091796875000000e+01,1.312500000000005329e-02,1.522500000000000142e+01,-1.750000000000095923e-02
9.081000000000000227e+02,7.679443359375000000e+01,1.312500000000005329e-02,1.539250000000000185e+01,3.828124999999182876e-03
9.082000000000000455e+02,7.639160156250000000e+01,1.812499999999994671e-02,1.530499999999999972e+01,-6.945312500000078160e-02
9.082999999999999545e+02,7.659301757812500000e+01,1.062500000000010658e-02,1.529500000000000171e+01,-1.804687500000046185e-02
9.083999999999999773e+02,7.670288085937500000e+01,3.062500000000012434e-02,1.541000000000000014e+01,-5.195312500000071054e-02
9.085000000000000000e+02,7.556762695312500000e+01,-6.874999999999964473e-03,1.544249999999999901e+01,-2.351562500000081712e-02
9.086000000000000227e+02,7.595214843750000000e+01,3.562500000000001776e-02,1.537000000000000099e+01,-3.828125000000959233e-03
9.087000000000000455e+02,7.562255859375000000e+01,6.062499999999992895e-02,1.521750000000000114e+01,-1.968750000000074607e-02
9.087999999999999545e+02,7.578735351562500000e+01,1.562500000000000000e-02,1.542999999999999972e+01,-3.335937500000074607e-02
9.088999999999999773e+02,7.547607421875000000e+01,7.562500000000005329e-02,1.525750000000000028e+01,-8.750000000000035527e-02
9.090000000000000000e+02,7.470703125000000000e+01,4.062499999999991118e-02,1.544999999999999929e+01,-6.015625000000035527e-02
9.091000000000000227e+02,7.520141601562500000e+01,2.062499999999989342e-02,1.514000000000000057e+01,-3.390625000000024869e-02
9.092000000000000455e+02,7.483520507812500000e+01,5.312500000000008882e-02,1.537249999999999872e+01,-3.226562500000085265e-02
9.092999999999999545e+02,7.498168945312500000e+01,3.812499999999996447e-02,1.547250000000000014e+01,-6.070312500000074607e-02
9.093999999999999773e+02,7.437744140625000000e+01,5.562500000000003553e-02,1.516250000000000142e+01,-7.109375000000106581e-02
9.095000000000000000e+02,7.386474609375000000e+01,2.312499999999984013e-02,1.512750000000000128e+01,-7.984375000000110134e-02
9.096000000000000227e+02,7.435913085937500000e+01,1.812499999999994671e-02,1.530750000000000099e+01,-2.187500000000675016e-03
9.097000000000000455e+02,7.402954101562500000e+01,2.062499999999989342e-02,1.532250000000000156e+01,-4.757812500000024869e-02
9.097999999999999545e+02,7.366333007812500000e+01,2.812499999999973355e-02,1.524749999999999872e+01,-5.085937500000081712e-02
9.098999999999999773e+02,7.362670898437500000e+01,5.312500000000008882e-02,1.538250000000000028e+01,-3.937500000000060396e-02
9.100000000000000000e+02,7.318725585937500000e+01,1.562500000000000000e-02,1.549249999999999972e+01,-4.976562500000092371e-02
9.101000000000000227e+02,7.364501953125000000e+01,5.812499999999998224e-02,1.521750000000000114e+01,-3.937500000000060396e-02
9.102000000000000455e+02,7.309570312500000000e+01,4.812499999999975131e-02,1.536500000000000199e+01,-1.695312500000056843e-02
9.102999999999999545e+02,7.271118164062500000e+01,1.562500000000000000e-02,1.524749999999999872e+01,-4.976562500000092371e-02
9.103999999999999773e+02,7.278442382812500000e+01,-6.874999999999964473e-03,1.528000000000000114e+01,-4.429687500000056843e-02
9.105000000000000000e+02,7.239990234375000000e+01,6.062499999999992895e-02,1.536250000000000071e+01,-1.640625000000284217e-03
9.106000000000000227e+02,7.283935546875000000e+01,3.062500000000012434e-02,1.547250000000000014e+01,-8.750000000000923706e-03
9.107000000000000455e+02,7.188720703125000000e+01,4.062499999999991118e-02,1.540249999999999986e+01,-1.312500000000049738e-02
9.107999999999999545e+02,7.197875976562500000e+01,4.062499999999991118e-02,1.513250000000000028e+01,-5.195312500000071054e-02
9.108999999999999773e+02,7.207031250000000000e+01,6.812499999999976907e-02,1.571249999999999858e+01,-1.859375000000085265e-02
9.110000000000000000e+02,7.166748046875000000e+01,2.312499999999984013e-02,1.545250000000000057e+01,-4.976562500000092371e-02
9.111000000000000227e+02,7.170410156250000000e+01,1.562500000000000000e-02,1.537999999999999901e+01,-9.132812500000042633e-02
9.112000000000000455e+02,7.113647460937500000e+01,3.562500000000001776e-02,1.526999999999999957e+01,-1.476562500000078160e-02
9.112999999999999545e+02,7.130126953125000000e+01,5.562500000000003553e-02,1.535750000000000171e+01,-3.117187500000095923e-02
9.113999999999999773e+02,7.137451171875000000e+01,4.312499999999985789e-02,1.541000000000000014e+01,-6.234375000000103029e-02
9.115000000000000000e+02,7.098999023437500000e+01,8.124999999999715783e-03,1.523750000000000071e+01,-3.609375000000092371e-02
9.116000000000000227e+02,7.078857421875000000e+01,7.062500000000015987e-02,1.544000000000000128e+01,-3.390625000000024869e-02
9.117000000000000455e+02,7.042236328125000000e+01,1.312500000000005329e-02,1.535000000000000142e+01,-1.039062500000031974e-02
9.117999999999999545e+02,7.060546875000000000e+01,4.562499999999980460e-02,1.553999999999999915e+01,-4.046875000000049738e-02
9.118999999999999773e+02,7.071533203125000000e+01,3.062500000000012434e-02,1.508000000000000185e+01,-3.007812500000106581e-02
9.120000000000000000e+02,6.968994140625000000e+01,6.562499999999982236e-02,1.514000000000000057e+01,-4.320312500000067502e-02
9.121000000000000227e+02,7.005615234375000000e+01,5.312500000000008882e-02,1.510000000000000142e+01,-4.976562500000092371e-02
9.122000000000000455e+02,6.974487304687500000e+01,2.062499999999989342e-02,1.545250000000000057e+01,-6.398437500000042633e-02
9.122999999999999545e+02,6.989135742187500000e+01,5.812499999999998224e-02,1.507499999999999929e+01,-2.843750000000078160e-02
9.123999999999999773e+02,6.979980468750000000e+01,1.562500000000000000e-02,1.539750000000000085e+01,1.804687499999957367e-02
9.125000000000000000e+02,6.906738281250000000e+01,2.812499999999973355e-02,1.538500000000000156e+01,-1.039062500000031974e-02
9.126000000000000227e+02,6.941528320312500000e+01,2.312499999999984013e-02,1.552250000000000085e+01,-7.710937500000092371e-02
9.127000000000000455e+02,6.914062500000000000e+01,2.312499999999984013e-02,1.521750000000000114e+01,-3.281250000000568434e-03
9.127999999999999545e+02,6.928710937500000000e+01,2.562499999999978684e-02,1.540249999999999986e+01,-2.296875000000042633e-02
9.128999999999999773e+02,6.877441406250000000e+01,2.312499999999984013e-02,1.530250000000000199e+01,-2.406250000000031974e-02
9.130000000000000000e+02,6.828002929687500000e+01,-6.874999999999964473e-03,1.539999999999999858e+01,-3.117187500000095923e-02
9.131000000000000227e+02,6.870117187500000000e+01,1.312500000000005329e-02,1.530999999999999872e+01,-3.828125000000959233e-03
9.132000000000000455e+02,6.846313476562500000e+01,3.062500000000012434e-02,1.555250000000000199e+01,-4.156250000000039080e-02
9.132999999999999545e+02,6.820678710937500000e+01,2.562499999999978684e-02,1.533000000000000185e+01,2.187499999998898659e-03
9.133999999999999773e+02,6.809692382812500000e+01,1.562500000000000000e-02,1.548000000000000043e+01,-3.390625000000024869e-02
9.135000000000000000e+02,6.767578125000000000e+01,3.312500000000007105e-02,1.539250000000000185e+01,-2.625000000000099476e-02
9.136000000000000227e+02,6.811523437500000000e+01,1.562500000000000000e-02,1.539750000000000085e+01,-8.531250000000056843e-02
9.137000000000000455e+02,6.785888671875000000e+01,3.812499999999996447e-02,1.540249999999999986e+01,-8.039062500000060396e-02
9.137999999999999545e+02,6.734619140625000000e+01,4.812499999999975131e-02,1.539750000000000085e+01,-3.773437500000031974e-02
9.138999999999999773e+02,6.738281250000000000e+01,3.562500000000001776e-02,1.550000000000000000e+01,-4.976562500000092371e-02
9.140000000000000000e+02,6.699829101562500000e+01,2.562499999999978684e-02,1.542249999999999943e+01,-2.078125000000063949e-02
9.141000000000000227e+02,6.743774414062500000e+01,1.812499999999994671e-02,1.510750000000000171e+01,-3.554687500000053291e-02
9.142000000000000455e+02,6.670532226562500000e+01,5.812499999999998224e-02,1.526750000000000185e+01,-1.132031250000009592e-01
9.142999999999999545e+02,6.672363281250000000e+01,4.812499999999975131e-02,1.557250000000000156e+01,2.679687499999960920e-02
9.143999999999999773e+02,6.679687500000000000e+01,1.562500000000000000e-02,1.519000000000000128e+01,-2.351562500000081712e-02
9.145000000000000000e+02,6.639404296875000000e+01,2.812499999999973355e-02,1.546249999999999858e+01,-4.320312500000067502e-02
9.146000000000000227e+02,6.659545898437500000e+01,4.312499999999985789e-02,1.533000000000000185e+01,1.367187499999911182e-02
9.147000000000000455e+02,6.595458984375000000e+01,4.562499999999980460e-02,1.546750000000000114e+01,-3.773437500000031974e-02
9.147999999999999545e+02,6.606445312500000000e+01,2.312499999999984013e-02,1.547749999999999915e+01,-3.882812500000110134e-02
9.148999999999999773e+02,6.622924804687500000e+01,2.062499999999989342e-02,1.551249999999999929e+01,-4.046875000000049738e-02
9.150000000000000000e+02,6.578979492187500000e+01,3.312500000000007105e-02,1.549000000000000199e+01,-5.796875000000056843e-02
9.151000000000000227e+02,6.573486328125000000e+01,4.812499999999975131e-02,1.551249999999999929e+01,-9.132812500000042633e-02
9.152000000000000455e+02,6.546020507812500000e+01,5.812499999999998224e-02,1.539250000000000185e+01,-3.226562500000085265e-02
9.152999999999999545e+02,6.555175781250000000e+01,3.062500000000012434e-02,1.527250000000000085e+01,-5.468750000003907985e-04
9.153999999999999773e+02,6.567993164062500000e+01,2.312499999999984013e-02,1.546249999999999858e+01,-5.195312500000071054e-02
9.155000000000000000e+02,6.491088867187500000e+01,5.562500000000003553e-02,1.515749999999999886e+01,-4.046875000000049738e-02
9.156000000000000227e+02,6.513061523437500000e+01,3.312500000000007105e-02,1.554250000000000043e+01,-5.140625000000031974e-02
9.157000000000000455e+02,6.485595703125000000e+01,4.812499999999975131e-02,1.530750000000000099e+01,-2.351562500000081712e-02
9.157999999999999545e+02,6.498413085937500000e+01,5.312500000000008882e-02,1.516250000000000142e+01,-7.875000000000031974e-02
9.158999999999999773e+02,6.503906250000000000e+01,3.562500000000001776e-02,1.539000000000000057e+01,-1.367187500000088818e-02
9.160000000000000000e+02,6.412353515625000000e+01,4.062499999999991118e-02,1.562249999999999872e+01,-2.898437500000028422e-02
9.161000000000000227e+02,6.452636718750000000e+01,2.562499999999978684e-02,1.536500000000000199e+01,-4.539062500000046185e-02
9.162000000000000455e+02,6.427001953125000000e+01,2.312499999999984013e-02,1.526750000000000185e+01,-2.187500000000053291e-02
9.162999999999999545e+02,6.434326171875000000e+01,5.562500000000003553e-02,1.524249999999999972e+01,-4.265625000000028422e-02
9.163999999999999773e+02,6.408691406250000000e+01,4.062499999999991118e-02,1.535999999999999943e+01,-9.406250000000060396e-02
9.165000000000000000e+02,6.359252929687500000e+01,2.812499999999973355e-02,1.541499999999999915e+01,-1.585937500000067502e-02
9.166000000000000227e+02,6.397705078125000000e+01,2.312499999999984013e-02,1.528249999999999886e+01,-6.125000000000024869e-02
9.167000000000000455e+02,6.379394531250000000e+01,5.062500000000014211e-02,1.538250000000000028e+01,-1.039062500000031974e-02
9.167999999999999545e+02,6.359252929687500000e+01,6.249999999998756550e-04,1.554250000000000043e+01,-1.093750000000781597e-03
9.168999999999999773e+02,6.339111328125000000e+01,3.312500000000007105e-02,1.519249999999999901e+01,-7.218750000000095923e-02
9.170000000000000000e+02,6.295166015625000000e+01,3.812499999999996447e-02,1.534750000000000014e+01,-2.515625000000110134e-02
9.171000000000000227e+02,6.339111328125000000e+01,6.249999999998756550e-04,1.530999999999999872e+01,-9.843750000000817124e-03
9.172000000000000455e+02,6.313476562500000000e+01,-1.187499999999985789e-02,1.530750000000000099e+01,-2.296875000000042633e-02
9.172999999999999545e+02,6.280517578125000000e+01,4.312499999999985789e-02,1.521499999999999986e+01,-5.195312500000071054e-02
9.173999999999999773e+02,6.289672851562500000e+01,4.312499999999985789e-02,1.519750000000000156e+01,-1.367187500000088818e-02
9.175000000000000000e+02,6.249389648437500000e+01,2.562499999999978684e-02,1.520749999999999957e+01,-1.323437500000004263e-01
9.176000000000000227e+02,6.291503906250000000e+01,1.312500000000005329e-02,1.534250000000000114e+01,-2.843750000000078160e-02
9.177000000000000455e+02,6.229248046875000000e+01,3.812499999999996447e-02,1.537249999999999872e+01,9.843749999999040767e-03
9.177999999999999545e+02,6.227416992187500000e+01,5.562500000000003553e-02,1.538250000000000028e+01,3.554687499999964473e-02
9.178999999999999773e+02,6.234741210937500000e+01,2.062499999999989342e-02,1.530750000000000099e+01,3.171874999999957367e-02
9.180000000000000000e+02,6.198120117187500000e+01,2.562499999999978684e-02,1.524500000000000099e+01,-9.078125000000092371e-02
9.181000000000000227e+02,6.238403320312500000e+01,4.562499999999980460e-02,1.546000000000000085e+01,-2.187500000000053291e-02
9.182000000000000455e+02,6.216430664062500000e+01,6.062499999999992895e-02,1.534499999999999886e+01,-5.687500000000067502e-02
9.182999999999999545e+02,6.225585937500000000e+01,2.562499999999978684e-02,1.535750000000000171e+01,-5.906250000000046185e-02
9.183999999999999773e+02,6.234741210937500000e+01,5.562500000000003553e-02,1.512750000000000128e+01,-1.968750000000074607e-02
9.185000000000000000e+02,6.198120117187500000e+01,4.062499999999991118e-02,1.543250000000000099e+01,-4.648437500000035527e-02
9.186000000000000227e+02,6.238403320312500000e+01,5.812499999999998224e-02,1.553249999999999886e+01,-8.312500000000078160e-02
9.187000000000000455e+02,6.216430664062500000e+01,4.062499999999991118e-02,1.535249999999999915e+01,-8.257812500000039080e-02
9.187999999999999545e+02,6.227416992187500000e+01,3.412500000000000089e+00,1.544750000000000156e+01,1.739664062500000341e+01
9.188999999999999773e+02,6.234741210937500000e+01,2.935000000000000053e+00,1.548250000000000171e+01,1.545742187500000142e+01
9.190000000000000000e+02,6.209106445312500000e+01,2.947499999999999787e+00,1.527499999999999858e+01,1.549242187500000156e+01
9.191000000000000227e+02,6.256713867187500000e+01,2.977500000000000036e+00,1.527749999999999986e+01,1.551429687500000121e+01
9.192000000000000455e+02,6.234741210937500000e+01,2.972500000000000142e+00,1.527749999999999986e+01,1.549843750000000142e+01
9.192999999999999545e+02,6.245727539062500000e+01,3.002499999999999947e+00,1.535750000000000171e+01,1.551320312500000043e+01
9.193999999999999773e+02,6.256713867187500000e+01,2.992500000000000160e+00,1.526750000000000185e+01,1.546507812500000156e+01
9.195000000000000000e+02,6.384887695312500000e+01,2.992500000000000160e+00,1.510999999999999943e+01,1.546015625000000071e+01
9.196000000000000227e+02,6.445312500000000000e+01,3.017500000000000071e+00,1.548750000000000071e+01,1.548640624999999993e+01
9.197000000000000455e+02,6.416015625000000000e+01,2.990000000000000213e+00,1.529749999999999943e+01,1.550007812499999993e+01
9.197999999999999545e+02,6.428833007812500000e+01,3.035000000000000142e+00,1.510249999999999915e+01,1.547929687500000107e+01
9.198999999999999773e+02,6.674194335937500000e+01,3.022499999999999964e+00,1.510750000000000171e+01,1.550335937500000050e+01
9.200000000000000000e+02,6.725463867187500000e+01,2.987499999999999822e+00,1.524500000000000099e+01,1.553507812500000007e+01
9.201000000000000227e+02,6.773071289062500000e+01,3.055000000000000160e+00,1.540500000000000114e+01,1.554546875000000128e+01
9.202000000000000455e+02,6.743774414062500000e+01,3.042499999999999982e+00,1.532000000000000028e+01,1.549789062500000014e+01
9.202999999999999545e+02,6.837158203125000000e+01,3.060000000000000053e+00,1.530750000000000099e+01,1.549460937500000135e+01
9.203999999999999773e+02,7.183227539062500000e+01,3.064999999999999947e+00,1.535000000000000142e+01,1.547109375000000142e+01
9.205000000000000000e+02,7.157592773437500000e+01,3.042499999999999982e+00,1.530750000000000099e+01,1.550445312500000128e+01
9.206000000000000227e+02,7.205200195312500000e+01,3.075000000000000178e+00,1.545250000000000057e+01,1.551976562500000156e+01
9.207000000000000455e+02,7.170410156250000000e+01,3.077500000000000124e+00,1.546249999999999858e+01,1.548203125000000036e+01
9.207999999999999545e+02,7.600708007812500000e+01,3.112499999999999822e+00,1.557000000000000028e+01,1.552250000000000085e+01
9.208999999999999773e+02,7.668457031250000000e+01,3.064999999999999947e+00,1.525750000000000028e+01,1.549843750000000142e+01
9.210000000000000000e+02,7.630004882812500000e+01,3.100000000000000089e+00,1.556250000000000000e+01,1.546179687500000099e+01
9.211000000000000227e+02,7.673950195312500000e+01,3.104999999999999982e+00,1.542999999999999972e+01,1.552250000000000085e+01
9.212000000000000455e+02,7.846069335937500000e+01,3.127499999999999947e+00,1.530750000000000099e+01,1.551101562500000064e+01
9.212999999999999545e+02,8.045654296875000000e+01,3.117500000000000160e+00,1.552749999999999986e+01,1.549679687500000114e+01
9.213999999999999773e+02,8.062133789062500000e+01,3.134999999999999787e+00,1.533249999999999957e+01,1.548968750000000050e+01
9.215000000000000000e+02,8.018188476562500000e+01,3.147499999999999964e+00,1.555250000000000199e+01,1.548476562500000142e+01
9.216000000000000227e+02,8.069458007812500000e+01,3.117500000000000160e+00,1.535000000000000142e+01,1.550335937500000050e+01
9.217000000000000455e+02,8.336791992187500000e+01,3.112499999999999822e+00,1.516250000000000142e+01,1.550062500000000121e+01
9.217999999999999545e+02,8.384399414062500000e+01,3.134999999999999787e+00,1.511749999999999972e+01,1.550281250000000099e+01
9.218999999999999773e+02,8.391723632812500000e+01,3.147499999999999964e+00,1.545250000000000057e+01,1.553835937500000064e+01
9.220000000000000000e+02,8.351440429687500000e+01,3.172499999999999876e+00,1.521249999999999858e+01,1.548640624999999993e+01
9.221000000000000227e+02,8.620605468750000000e+01,3.197499999999999787e+00,1.518499999999999872e+01,1.551046875000000114e+01
9.222000000000000455e+02,8.633422851562500000e+01,3.160000000000000142e+00,1.535750000000000171e+01,1.547546875000000099e+01
9.222999999999999545e+02,8.664550781250000000e+01,3.172499999999999876e+00,1.526000000000000156e+01,1.553179687500000128e+01
9.223999999999999773e+02,8.668212890625000000e+01,3.174999999999999822e+00,1.533500000000000085e+01,1.551593750000000149e+01
9.225000000000000000e+02,8.704833984375000000e+01,3.202500000000000124e+00,1.543250000000000099e+01,1.553289062500000028e+01
9.226000000000000227e+02,8.931884765625000000e+01,3.202500000000000124e+00,1.551999999999999957e+01,1.547109375000000142e+01
9.227000000000000455e+02,8.893432617187500000e+01,3.197499999999999787e+00,1.519500000000000028e+01,1.551921875000000028e+01
9.227999999999999545e+02,8.926391601562500000e+01,3.207500000000000018e+00,1.527499999999999858e+01,1.547929687500000107e+01
9.228999999999999773e+02,8.928222656250000000e+01,3.209999999999999964e+00,1.526750000000000185e+01,1.543554687500000000e+01
9.230000000000000000e+02,9.116821289062500000e+01,3.222500000000000142e+00,1.541750000000000043e+01,1.552414062500000114e+01
9.231000000000000227e+02,9.190063476562500000e+01,3.194999999999999840e+00,1.511749999999999972e+01,1.551320312500000043e+01
9.232000000000000455e+02,9.142456054687500000e+01,3.212499999999999911e+00,1.528500000000000014e+01,1.548421875000000014e+01
9.232999999999999545e+02,9.179077148437500000e+01,3.270000000000000018e+00,1.521999999999999886e+01,1.547601562500000050e+01
9.233999999999999773e+02,9.325561523437500000e+01,3.240000000000000213e+00,1.527749999999999986e+01,1.547328125000000121e+01
9.235000000000000000e+02,9.356689453125000000e+01,3.214999999999999858e+00,1.523250000000000171e+01,1.548531250000000092e+01
9.236000000000000227e+02,9.413452148437500000e+01,3.250000000000000000e+00,1.536749999999999972e+01,1.550554687500000028e+01
9.237000000000000455e+02,9.364013671875000000e+01,3.257499999999999840e+00,1.533000000000000185e+01,1.553835937500000064e+01
9.237999999999999545e+02,9.404296875000000000e+01,3.232499999999999929e+00,1.531500000000000128e+01,1.551046875000000114e+01
9.238999999999999773e+02,9.602050781250000000e+01,3.259999999999999787e+00,1.525750000000000028e+01,1.546671875000000007e+01
9.240000000000000000e+02,9.570922851562500000e+01,3.267500000000000071e+00,1.532000000000000028e+01,1.550718750000000057e+01
9.241000000000000227e+02,9.622192382812500000e+01,3.272499999999999964e+00,1.559250000000000114e+01,1.551921875000000028e+01
9.242000000000000455e+02,9.576416015625000000e+01,3.294999999999999929e+00,1.526500000000000057e+01,1.551210937500000142e+01
9.242999999999999545e+02,9.786987304687500000e+01,3.299999999999999822e+00,1.542999999999999972e+01,1.551156250000000014e+01
9.243999999999999773e+02,9.818115234375000000e+01,3.290000000000000036e+00,1.527499999999999858e+01,1.553507812500000007e+01
9.245000000000000000e+02,9.781494140625000000e+01,3.267500000000000071e+00,1.524000000000000199e+01,1.551867187500000078e+01
9.246000000000000227e+02,9.832763671875000000e+01,3.287500000000000089e+00,1.561250000000000071e+01,1.548312500000000114e+01
9.247000000000000455e+02,9.878540039062500000e+01,3.290000000000000036e+00,1.535000000000000142e+01,1.551703125000000050e+01
9.247999999999999545e+02,1.000488281250000000e+02,3.317499999999999893e+00,1.537249999999999872e+01,1.551593750000000149e+01
9.248999999999999773e+02,1.001037597656250000e+02,3.322499999999999787e+00,1.530250000000000199e+01,1.548367187500000064e+01
9.250000000000000000e+02,9.973754882812500000e+01,3.347500000000000142e+00,1.503999999999999915e+01,1.551976562500000156e+01
9.251000000000000227e+02,1.002685546875000000e+02,3.345000000000000195e+00,1.542999999999999972e+01,1.551156250000000014e+01
9.252000000000000455e+02,1.013854980468750000e+02,3.352500000000000036e+00,1.535999999999999943e+01,1.558046875000000142e+01
9.252999999999999545e+02,1.019165039062500000e+02,3.345000000000000195e+00,1.550000000000000000e+01,1.544210937500000114e+01
9.253999999999999773e+02,1.019165039062500000e+02,3.354999999999999982e+00,1.544999999999999929e+01,1.552195312500000135e+01
9.255000000000000000e+02,1.015502929687500000e+02,3.367500000000000160e+00,1.557750000000000057e+01,1.547546875000000099e+01
9.256000000000000227e+02,1.034729003906250000e+02,3.382499999999999840e+00,1.533000000000000185e+01,1.548750000000000071e+01
9.257000000000000455e+02,1.032897949218750000e+02,3.372500000000000053e+00,1.521999999999999886e+01,1.548476562500000142e+01
9.257999999999999545e+02,1.037109375000000000e+02,3.387500000000000178e+00,1.525750000000000028e+01,1.549296875000000107e+01
9.258999999999999773e+02,1.036926269531250000e+02,3.372500000000000053e+00,1.524000000000000199e+01,1.545851562500000043e+01
9.260000000000000000e+02,1.038208007812500000e+02,3.362499999999999822e+00,1.526500000000000057e+01,1.542406250000000156e+01
9.261000000000000227e+02,1.055969238281250000e+02,3.372500000000000053e+00,1.519999999999999929e+01,1.548968750000000050e+01
9.262000000000000455e+02,1.050842285156250000e+02,3.367500000000000160e+00,1.529250000000000043e+01,1.545578125000000114e+01
9.262999999999999545e+02,1.055236816406250000e+02,3.424999999999999822e+00,1.535249999999999915e+01,1.554000000000000092e+01
9.263999999999999773e+02,1.054687500000000000e+02,3.427500000000000213e+00,1.507000000000000028e+01,1.547054687500000014e+01
9.265000000000000000e+02,1.066955566406250000e+02,3.377499999999999947e+00,1.544000000000000128e+01,1.554656250000000028e+01
9.266000000000000227e+02,1.073730468750000000e+02,3.467500000000000249e+00,1.549749999999999872e+01,1.550609375000000156e+01
9.267000000000000455e+02,1.068054199218750000e+02,3.407500000000000195e+00,1.542000000000000171e+01,1.549734375000000064e+01
9.267999999999999545e+02,1.072265625000000000e+02,3.422499999999999876e+00,1.525499999999999901e+01,1.545140625000000156e+01
9.268999999999999773e+02,1.083435058593750000e+02,3.412500000000000089e+00,1.543250000000000099e+01,1.545906249999999993e+01
9.270000000000000000e+02,1.084899902343750000e+02,3.432500000000000107e+00,1.506749999999999901e+01,1.549843750000000142e+01
9.271000000000000227e+02,1.090942382812500000e+02,3.455000000000000071e+00,1.542249999999999943e+01,1.551648437500000099e+01
9.272000000000000455e+02,1.084716796875000000e+02,3.455000000000000071e+00,1.530250000000000199e+01,1.554328125000000149e+01
9.272999999999999545e+02,1.090942382812500000e+02,3.439999999999999947e+00,1.541000000000000014e+01,1.547109375000000142e+01
9.273999999999999773e+02,1.105407714843750000e+02,3.464999999999999858e+00,1.541000000000000014e+01,1.549296875000000107e+01
9.275000000000000000e+02,1.102478027343750000e+02,3.457500000000000018e+00,1.533749999999999858e+01,1.550664062500000107e+01
9.276000000000000227e+02,1.107788085937500000e+02,3.455000000000000071e+00,1.533749999999999858e+01,1.544812500000000099e+01
9.277000000000000455e+02,1.101745605468750000e+02,3.500000000000000000e+00,1.523750000000000071e+01,1.553890625000000014e+01
9.277999999999999545e+02,1.120422363281250000e+02,3.450000000000000178e+00,1.518750000000000000e+01,1.553343750000000156e+01
9.278999999999999773e+02,1.121704101562500000e+02,3.477500000000000036e+00,1.556250000000000000e+01,1.553015625000000099e+01
9.280000000000000000e+02,1.118408203125000000e+02,3.512500000000000178e+00,1.539750000000000085e+01,1.555476562499999993e+01
9.281000000000000227e+02,1.123901367187500000e+02,3.509999999999999787e+00,1.539999999999999858e+01,1.549460937500000135e+01
9.282000000000000455e+02,1.126281738281250000e+02,3.507500000000000284e+00,1.511749999999999972e+01,1.553945312500000142e+01
9.282999999999999545e+02,1.138549804687500000e+02,3.500000000000000000e+00,1.553999999999999915e+01,1.552523437500000014e+01
9.283999999999999773e+02,1.138000488281250000e+02,3.520000000000000018e+00,1.549000000000000199e+01,1.548640624999999993e+01
9.285000000000000000e+02,1.134338378906250000e+02,3.532499999999999751e+00,1.544249999999999901e+01,1.546945312500000114e+01
9.286000000000000227e+02,1.139831542968750000e+02,3.515000000000000124e+00,1.529749999999999943e+01,1.560562500000000163e+01
9.287000000000000455e+02,1.149902343750000000e+02,3.487499999999999822e+00,1.508999999999999986e+01,1.549789062500000014e+01
9.287999999999999545e+02,1.155212402343750000e+02,3.520000000000000018e+00,1.533999999999999986e+01,1.549625000000000163e+01
9.288999999999999773e+02,1.154846191406250000e+02,3.535000000000000142e+00,1.538749999999999929e+01,1.549625000000000163e+01
9.290000000000000000e+02,1.151550292968750000e+02,3.524999999999999911e+00,1.538250000000000028e+01,1.554328125000000149e+01
9.291000000000000227e+02,1.169677734375000000e+02,3.537500000000000089e+00,1.526750000000000185e+01,1.554546875000000128e+01
9.292000000000000455e+02,1.166564941406250000e+02,3.517500000000000071e+00,1.537249999999999872e+01,1.548421875000000014e+01
9.292999999999999545e+02,1.171691894531250000e+02,3.560000000000000053e+00,1.523750000000000071e+01,1.552414062500000114e+01
9.293999999999999773e+02,1.170959472656250000e+02,3.552500000000000213e+00,1.533999999999999986e+01,1.547328125000000121e+01
9.295000000000000000e+02,1.173706054687500000e+02,3.567499999999999893e+00,1.527499999999999858e+01,1.551812500000000128e+01
9.296000000000000227e+02,1.188720703125000000e+02,3.549999999999999822e+00,1.542999999999999972e+01,1.550335937500000050e+01
9.297000000000000455e+02,1.182678222656250000e+02,3.584999999999999964e+00,1.545250000000000057e+01,1.548421875000000014e+01
9.297999999999999545e+02,1.187988281250000000e+02,3.572499999999999787e+00,1.532750000000000057e+01,1.547984375000000057e+01
9.298999999999999773e+02,1.186523437500000000e+02,3.544999999999999929e+00,1.552250000000000085e+01,1.550390625000000000e+01
9.300000000000000000e+02,1.197326660156250000e+02,3.577500000000000124e+00,1.535000000000000142e+01,1.549953125000000043e+01
9.301000000000000227e+02,1.204101562500000000e+02,3.597500000000000142e+00,1.539250000000000185e+01,1.550773437500000007e+01
9.302000000000000455e+02,1.197875976562500000e+02,3.604999999999999982e+00,1.558749999999999858e+01,1.553289062500000028e+01
9.302999999999999545e+02,1.203186035156250000e+02,3.589999999999999858e+00,1.530999999999999872e+01,1.554437500000000050e+01
9.303999999999999773e+02,1.213989257812500000e+02,3.607499999999999929e+00,1.533000000000000185e+01,1.548968750000000050e+01
9.305000000000000000e+02,1.214538574218750000e+02,3.600000000000000089e+00,1.541000000000000014e+01,1.550335937500000050e+01
9.306000000000000227e+02,1.220031738281250000e+02,3.637500000000000178e+00,1.531500000000000128e+01,1.554218750000000071e+01
9.307000000000000455e+02,1.213623046875000000e+02,3.655000000000000249e+00,1.520250000000000057e+01,1.553671875000000036e+01
9.307999999999999545e+02,1.221862792968750000e+02,3.625000000000000000e+00,1.548750000000000071e+01,1.555203125000000064e+01
9.308999999999999773e+02,1.233215332031250000e+02,3.629999999999999893e+00,1.534750000000000014e+01,1.548367187500000064e+01
9.310000000000000000e+02,1.231018066406250000e+02,3.640000000000000124e+00,1.516000000000000014e+01,1.550281250000000099e+01
9.311000000000000227e+02,1.236145019531250000e+02,3.634999999999999787e+00,1.528249999999999886e+01,1.549843750000000142e+01
9.312000000000000455e+02,1.229919433593750000e+02,3.617500000000000160e+00,1.542249999999999943e+01,1.554109374999999993e+01
9.312999999999999545e+02,1.249328613281250000e+02,3.669999999999999929e+00,1.532750000000000057e+01,1.547820312500000028e+01
9.313999999999999773e+02,1.250061035156250000e+02,3.682500000000000107e+00,1.536250000000000071e+01,1.549789062500000014e+01
9.315000000000000000e+02,1.246948242187500000e+02,3.674999999999999822e+00,1.528249999999999886e+01,1.552687500000000043e+01
9.316000000000000227e+02,1.252075195312500000e+02,3.707500000000000018e+00,1.530999999999999872e+01,1.545796875000000092e+01
9.317000000000000455e+02,1.256103515625000000e+02,3.705000000000000071e+00,1.512000000000000099e+01,1.547000000000000064e+01
9.317999999999999545e+02,1.267089843750000000e+02,3.700000000000000178e+00,1.534499999999999886e+01,1.552796875000000121e+01
9.318999999999999773e+02,1.265625000000000000e+02,3.697499999999999787e+00,1.521249999999999858e+01,1.544484375000000043e+01
9.320000000000000000e+02,1.263061523437500000e+02,3.695000000000000284e+00,1.543750000000000000e+01,1.545906249999999993e+01
9.321000000000000227e+02,1.269287109375000000e+02,3.705000000000000071e+00,1.518750000000000000e+01,1.550664062500000107e+01
9.322000000000000455e+02,1.276977539062500000e+02,3.709999999999999964e+00,1.543250000000000099e+01,1.548804687500000021e+01
9.322999999999999545e+02,1.283020019531250000e+02,3.705000000000000071e+00,1.520500000000000185e+01,1.546617187500000057e+01
9.323999999999999773e+02,1.281738281250000000e+02,3.782499999999999751e+00,1.537000000000000099e+01,1.554601562500000078e+01
9.325000000000000000e+02,1.279174804687500000e+02,3.780000000000000249e+00,1.535750000000000171e+01,1.545523437500000163e+01
9.326000000000000227e+02,1.297851562500000000e+02,3.794999999999999929e+00,1.549000000000000199e+01,1.553507812500000007e+01
9.327000000000000455e+02,1.293457031250000000e+02,3.782499999999999751e+00,1.532750000000000057e+01,1.549734375000000064e+01
9.327999999999999545e+02,1.299499511718750000e+02,3.790000000000000036e+00,1.542249999999999943e+01,1.555476562499999993e+01
9.328999999999999773e+02,1.297668457031250000e+02,3.810000000000000053e+00,1.518499999999999872e+01,1.546890625000000163e+01
9.330000000000000000e+02,1.303344726562500000e+02,3.802500000000000213e+00,1.526000000000000156e+01,1.549953125000000043e+01
9.331000000000000227e+02,1.315979003906250000e+02,3.799999999999999822e+00,1.544000000000000128e+01,1.551101562500000064e+01
9.332000000000000455e+02,1.309387207031250000e+02,3.832500000000000018e+00,1.532750000000000057e+01,1.549296875000000107e+01
9.332999999999999545e+02,1.315063476562500000e+02,3.754999999999999893e+00,1.511749999999999972e+01,1.556515625000000114e+01
9.333999999999999773e+02,1.313415527343750000e+02,3.822499999999999787e+00,1.539250000000000185e+01,1.550445312500000128e+01
9.335000000000000000e+02,1.319641113281250000e+02,3.810000000000000053e+00,1.549000000000000199e+01,1.550062500000000121e+01
9.336000000000000227e+02,1.324951171875000000e+02,3.822499999999999787e+00,1.527250000000000085e+01,1.549078125000000128e+01
9.337000000000000455e+02,1.318542480468750000e+02,3.859999999999999876e+00,1.549249999999999972e+01,1.550226562500000149e+01
9.337999999999999545e+02,1.324584960937500000e+02,3.832500000000000018e+00,1.534750000000000014e+01,1.548968750000000050e+01
9.338999999999999773e+02,1.322570800781250000e+02,3.879999999999999893e+00,1.549749999999999872e+01,1.550773437500000007e+01
9.340000000000000000e+02,1.320373535156250000e+02,1.062500000000010658e-02,1.559499999999999886e+01,-4.757812500000024869e-02
9.341000000000000227e+02,1.325317382812500000e+02,2.812499999999973355e-02,1.536749999999999972e+01,-3.445312500000063949e-02
9.342000000000000455e+02,1.318176269531250000e+02,5.624999999999769074e-03,1.522749999999999915e+01,-7.929687500000071054e-02
9.342999999999999545e+02,1.324401855468750000e+02,2.562499999999978684e-02,1.554749999999999943e+01,-6.179687500000063949e-02
9.343999999999999773e+02,1.322204589843750000e+02,4.562499999999980460e-02,1.519500000000000028e+01,-6.835937500000088818e-02
9.345000000000000000e+02,1.319824218750000000e+02,1.812499999999994671e-02,1.542999999999999972e+01,-8.093750000000099476e-02
9.346000000000000227e+02,1.325500488281250000e+02,6.312499999999987566e-02,1.528750000000000142e+01,-4.593750000000085265e-02
9.347000000000000455e+02,1.318359375000000000e+02,5.312500000000008882e-02,1.557250000000000156e+01,4.429687499999968026e-02
9.347999999999999545e+02,1.313049316406250000e+02,5.812499999999998224e-02,1.549749999999999872e+01,-5.851562500000095923e-02
9.348999999999999773e+02,1.310302734375000000e+02,2.062499999999989342e-02,1.521999999999999886e+01,-7.328125000000085265e-02
9.350000000000000000e+02,1.308105468750000000e+02,-9.374999999999911182e-03,1.528999999999999915e+01,1.585937499999889866e-02
9.351000000000000227e+02,1.313049316406250000e+02,3.062500000000012434e-02,1.539999999999999858e+01,1.695312499999968026e-02
9.352000000000000455e+02,1.285766601562500000e+02,5.312500000000008882e-02,1.526500000000000057e+01,-1.203125000000060396e-02
9.352999999999999545e+02,1.282653808593750000e+02,1.812499999999994671e-02,1.548250000000000171e+01,-4.648437500000035527e-02
9.353999999999999773e+02,1.280273437500000000e+02,4.562499999999980460e-02,1.546249999999999858e+01,2.789062499999950262e-02
9.355000000000000000e+02,1.278259277343750000e+02,1.812499999999994671e-02,1.536500000000000199e+01,4.921874999999076294e-03
9.356000000000000227e+02,1.276245117187500000e+02,3.812499999999996447e-02,1.518499999999999872e+01,-3.828125000000071054e-02
9.357000000000000455e+02,1.234313964843750000e+02,5.062500000000014211e-02,1.509250000000000114e+01,-1.476562500000078160e-02
9.357999999999999545e+02,1.238342285156250000e+02,3.562500000000001776e-02,1.524000000000000199e+01,-2.734375000000088818e-02
9.358999999999999773e+02,1.236877441406250000e+02,8.124999999999715783e-03,1.525250000000000128e+01,-3.281250000000035527e-02
9.360000000000000000e+02,1.233947753906250000e+02,1.562500000000000000e-02,1.526500000000000057e+01,-1.859375000000085265e-02
9.361000000000000227e+02,1.197875976562500000e+02,1.562500000000000000e-02,1.557750000000000057e+01,-1.066406250000007105e-01
9.362000000000000455e+02,1.185241699218750000e+02,-6.874999999999964473e-03,1.526000000000000156e+01,-3.500000000000103029e-02
9.362999999999999545e+02,1.190185546875000000e+02,3.562500000000001776e-02,1.560999999999999943e+01,-4.539062500000046185e-02
9.363999999999999773e+02,1.189086914062500000e+02,2.812499999999973355e-02,1.517000000000000171e+01,-2.515625000000110134e-02
9.365000000000000000e+02,1.162536621093750000e+02,4.812499999999975131e-02,1.516250000000000142e+01,-4.429687500000056843e-02
9.366000000000000227e+02,1.151550292968750000e+02,8.124999999999715783e-03,1.518499999999999872e+01,-3.992187500000099476e-02
9.367000000000000455e+02,1.144958496093750000e+02,1.312500000000005329e-02,1.536250000000000071e+01,1.093749999999005240e-03
9.367999999999999545e+02,1.149536132812500000e+02,8.124999999999715783e-03,1.536250000000000071e+01,-3.390625000000024869e-02
9.368999999999999773e+02,1.149169921875000000e+02,6.312499999999987566e-02,1.555250000000000199e+01,-2.351562500000081712e-02
9.370000000000000000e+02,1.115661621093750000e+02,7.312500000000010658e-02,1.520749999999999957e+01,-3.828125000000071054e-02
9.371000000000000227e+02,1.119323730468750000e+02,6.812499999999976907e-02,1.524749999999999872e+01,-4.593750000000085265e-02
9.372000000000000455e+02,1.112915039062500000e+02,5.312500000000008882e-02,1.528999999999999915e+01,-3.117187500000095923e-02
9.372999999999999545e+02,1.118041992187500000e+02,3.312500000000007105e-02,1.530000000000000071e+01,-8.640625000000046185e-02
9.373999999999999773e+02,1.094055175781250000e+02,1.812499999999994671e-02,1.518250000000000099e+01,3.828124999999182876e-03
9.375000000000000000e+02,1.086181640625000000e+02,2.812499999999973355e-02,1.532000000000000028e+01,2.351562499999904077e-02
9.376000000000000227e+02,1.090942382812500000e+02,2.062499999999989342e-02,1.524500000000000099e+01,5.468749999999467093e-03
9.377000000000000455e+02,1.084533691406250000e+02,1.156250000000000888e-01,1.534750000000000014e+01,6.562499999999360512e-03
9.377999999999999545e+02,1.081420898437500000e+02,3.062500000000012434e-02,1.518750000000000000e+01,-4.539062500000046185e-02
9.378999999999999773e+02,1.066772460937500000e+02,2.812499999999973355e-02,1.534250000000000114e+01,3.828124999999182876e-03
9.380000000000000000e+02,1.062927246093750000e+02,6.312499999999987566e-02,1.530999999999999872e+01,-5.414062500000049738e-02
9.381000000000000227e+02,1.067871093750000000e+02,5.062500000000014211e-02,1.516000000000000014e+01,-2.078125000000063949e-02
9.382000000000000455e+02,1.061828613281250000e+02,1.562500000000000000e-02,1.533000000000000185e+01,-5.250000000000110134e-02
9.382999999999999545e+02,1.046997070312500000e+02,5.062500000000014211e-02,1.526000000000000156e+01,-4.539062500000046185e-02
9.383999999999999773e+02,1.044982910156250000e+02,-8.125000000000159872e-03,1.523499999999999943e+01,-6.289062500000053291e-02
9.385000000000000000e+02,1.041687011718750000e+02,4.562499999999980460e-02,1.537999999999999901e+01,-2.679687500000049738e-02
9.386000000000000227e+02,1.046997070312500000e+02,2.812499999999973355e-02,1.528750000000000142e+01,-2.734375000000088818e-02
9.387000000000000455e+02,1.027587890625000000e+02,4.812499999999975131e-02,1.557250000000000156e+01,-3.937500000000060396e-02
9.387999999999999545e+02,1.026306152343750000e+02,2.812499999999973355e-02,1.544999999999999929e+01,-2.679687500000049738e-02
9.388999999999999773e+02,1.025939941406250000e+02,4.312499999999985789e-02,1.515749999999999886e+01,-4.921875000000053291e-02
9.390000000000000000e+02,1.022827148437500000e+02,2.312499999999984013e-02,1.536250000000000071e+01,-6.945312500000078160e-02
9.391000000000000227e+02,1.025939941406250000e+02,7.062500000000015987e-02,1.512249999999999872e+01,-2.187500000000675016e-03
9.392000000000000455e+02,1.004699707031250000e+02,2.312499999999984013e-02,1.504500000000000171e+01,-2.734375000001065814e-03
9.392999999999999545e+02,1.007995605468750000e+02,3.562500000000001776e-02,1.550000000000000000e+01,-5.851562500000095923e-02
9.393999999999999773e+02,1.007629394531250000e+02,2.312499999999984013e-02,1.515749999999999886e+01,7.656249999999253930e-03
9.395000000000000000e+02,1.004150390625000000e+02,2.062499999999989342e-02,1.520500000000000185e+01,-2.679687500000049738e-02
9.396000000000000227e+02,9.966430664062500000e+01,2.312499999999984013e-02,1.538749999999999929e+01,-5.359375000000099476e-02
9.397000000000000455e+02,9.887695312500000000e+01,3.312500000000007105e-02,1.542249999999999943e+01,-2.296875000000042633e-02
9.397999999999999545e+02,9.933471679687500000e+01,3.562500000000001776e-02,1.543750000000000000e+01,-7.929687500000071054e-02
9.398999999999999773e+02,9.931640625000000000e+01,2.562499999999978684e-02,1.531749999999999901e+01,-8.914062500000063949e-02
9.400000000000000000e+02,9.818115234375000000e+01,6.812499999999976907e-02,1.522250000000000014e+01,-3.664062500000042633e-02
9.401000000000000227e+02,9.796142578125000000e+01,4.312499999999985789e-02,1.538749999999999929e+01,-5.304687500000060396e-02
9.402000000000000455e+02,9.739379882812500000e+01,5.312500000000008882e-02,1.521999999999999886e+01,-7.656250000001030287e-03
9.402999999999999545e+02,9.783325195312500000e+01,2.562499999999978684e-02,1.527749999999999986e+01,-1.859375000000085265e-02
9.403999999999999773e+02,9.779663085937500000e+01,5.312500000000008882e-02,1.526750000000000185e+01,-2.843750000000078160e-02
9.405000000000000000e+02,9.618530273437500000e+01,3.312500000000007105e-02,1.532250000000000156e+01,-2.187500000000053291e-02
9.406000000000000227e+02,9.655151367187500000e+01,2.312499999999984013e-02,1.535249999999999915e+01,-8.148437500000049738e-02
9.407000000000000455e+02,9.603881835937500000e+01,4.312499999999985789e-02,1.542249999999999943e+01,-3.554687500000053291e-02
9.407999999999999545e+02,9.640502929687500000e+01,5.562500000000003553e-02,1.553750000000000142e+01,-6.835937500000088818e-02
9.408999999999999773e+02,9.534301757812500000e+01,5.812499999999998224e-02,1.539750000000000085e+01,-3.609375000000092371e-02
9.410000000000000000e+02,9.475708007812500000e+01,1.312500000000005329e-02,1.533999999999999986e+01,-2.953125000000067502e-02
9.411000000000000227e+02,9.521484375000000000e+01,7.062500000000015987e-02,1.535750000000000171e+01,-6.125000000000024869e-02
9.412000000000000455e+02,9.468383789062500000e+01,4.062499999999991118e-02,1.522250000000000014e+01,-5.632812500000028422e-02
9.412999999999999545e+02,9.473876953125000000e+01,1.562500000000000000e-02,1.552250000000000085e+01,-4.593750000000085265e-02
9.413999999999999773e+02,9.384155273437500000e+01,4.812499999999975131e-02,1.536749999999999972e+01,-4.976562500000092371e-02
9.415000000000000000e+02,9.345703125000000000e+01,-1.556250000000001243e-01,1.552250000000000085e+01,9.843749999999040767e-03
9.416000000000000227e+02,9.391479492187500000e+01,2.062499999999989342e-02,1.527749999999999986e+01,-6.015625000000035527e-02
9.417000000000000455e+02,9.343872070312500000e+01,3.812499999999996447e-02,1.540749999999999886e+01,8.203124999999644729e-03
9.417999999999999545e+02,9.276123046875000000e+01,1.562500000000000000e-02,1.532000000000000028e+01,-2.789062500000039080e-02
9.418999999999999773e+02,9.259643554687500000e+01,4.812499999999975131e-02,1.537249999999999872e+01,-5.195312500000071054e-02
9.420000000000000000e+02,9.221191406250000000e+01,5.062500000000014211e-02,1.529500000000000171e+01,-3.281250000000035527e-02
9.421000000000000227e+02,9.270629882812500000e+01,4.812499999999975131e-02,1.519000000000000128e+01,-3.937500000000060396e-02
9.422000000000000455e+02,9.142456054687500000e+01,5.812499999999998224e-02,1.514000000000000057e+01,-1.312500000000049738e-02
9.422999999999999545e+02,9.136962890625000000e+01,6.062499999999992895e-02,1.533749999999999858e+01,-8.148437500000049738e-02
9.423999999999999773e+02,9.142456054687500000e+01,3.312500000000007105e-02,1.534750000000000014e+01,-1.203125000000060396e-02
9.425000000000000000e+02,9.102172851562500000e+01,2.562499999999978684e-02,1.537000000000000099e+01,-2.187500000000675016e-03
9.426000000000000227e+02,9.149780273437500000e+01,6.062499999999992895e-02,1.544000000000000128e+01,-6.453125000000081712e-02
9.427000000000000455e+02,8.984985351562500000e+01,2.562499999999978684e-02,1.514250000000000185e+01,8.749999999999147349e-03
9.427999999999999545e+02,9.017944335937500000e+01,6.812499999999976907e-02,1.544249999999999901e+01,-7.710937500000092371e-02
9.428999999999999773e+02,9.019775390625000000e+01,2.812499999999973355e-02,1.525750000000000028e+01,-7.328125000000085265e-02
9.430000000000000000e+02,8.981323242187500000e+01,4.562499999999980460e-02,1.520500000000000185e+01,-4.703125000000074607e-02
9.431000000000000227e+02,8.939208984375000000e+01,5.062500000000014211e-02,1.539750000000000085e+01,-2.515625000000110134e-02
9.432000000000000455e+02,8.869628906250000000e+01,4.312499999999985789e-02,1.537249999999999872e+01,3.882812499999932498e-02
9.432999999999999545e+02,8.908081054687500000e+01,6.812499999999976907e-02,1.535750000000000171e+01,-5.468750000003907985e-04
9.433999999999999773e+02,8.908081054687500000e+01,1.812499999999994671e-02,1.544249999999999901e+01,2.187499999999964473e-02
9.435000000000000000e+02,8.823852539062500000e+01,1.812499999999994671e-02,1.535249999999999915e+01,-2.953125000000067502e-02
9.436000000000000227e+02,8.812866210937500000e+01,6.812499999999976907e-02,1.545250000000000057e+01,-1.804687500000046185e-02
9.437000000000000455e+02,8.759765625000000000e+01,2.812499999999973355e-02,1.544500000000000028e+01,-6.343750000000092371e-02
9.437999999999999545e+02,8.794555664062500000e+01,1.312500000000005329e-02,1.546000000000000085e+01,-3.992187500000099476e-02
9.438999999999999773e+02,8.800048828125000000e+01,2.062499999999989342e-02,1.524500000000000099e+01,-2.078125000000063949e-02
9.440000000000000000e+02,8.660888671875000000e+01,5.312500000000008882e-02,1.532000000000000028e+01,-3.062500000000056843e-02
9.441000000000000227e+02,8.704833984375000000e+01,6.312499999999987566e-02,1.534250000000000114e+01,-3.882812500000110134e-02
9.442000000000000455e+02,8.653564453125000000e+01,7.812500000000000000e-02,1.512999999999999901e+01,1.093749999999005240e-03
9.442999999999999545e+02,8.686523437500000000e+01,3.812499999999996447e-02,1.541499999999999915e+01,-5.523437500000039080e-02
9.443999999999999773e+02,8.616943359375000000e+01,6.312499999999987566e-02,1.543250000000000099e+01,-4.867187500000103029e-02
9.445000000000000000e+02,8.554687500000000000e+01,2.312499999999984013e-02,1.535249999999999915e+01,-4.156250000000039080e-02
9.446000000000000227e+02,8.598632812500000000e+01,3.062500000000012434e-02,1.545250000000000057e+01,-3.937500000000060396e-02
9.447000000000000455e+02,8.554687500000000000e+01,2.062499999999989342e-02,1.546000000000000085e+01,-2.625000000000099476e-02
9.447999999999999545e+02,8.576660156250000000e+01,8.124999999999715783e-03,1.535500000000000043e+01,-7.437500000000074607e-02
9.448999999999999773e+02,8.492431640625000000e+01,4.312499999999985789e-02,1.541000000000000014e+01,-6.179687500000063949e-02
9.450000000000000000e+02,8.453979492187500000e+01,3.812499999999996447e-02,1.525250000000000128e+01,1.093749999999893419e-02
9.451000000000000227e+02,8.497924804687500000e+01,4.062499999999991118e-02,1.522500000000000142e+01,4.374999999999573674e-03
9.452000000000000455e+02,8.453979492187500000e+01,2.312499999999984013e-02,1.539999999999999858e+01,-1.640625000000284217e-03
9.452999999999999545e+02,8.397216796875000000e+01,6.062499999999992895e-02,1.519249999999999901e+01,-2.406250000000031974e-02
9.453999999999999773e+02,8.391723632812500000e+01,3.812499999999996447e-02,1.548250000000000171e+01,1.203124999999971578e-02
9.455000000000000000e+02,8.355102539062500000e+01,6.562499999999982236e-02,1.523499999999999943e+01,-7.382812500000035527e-02
9.456000000000000227e+02,8.395385742187500000e+01,1.062500000000010658e-02,1.544750000000000156e+01,-6.726562500000099476e-02
9.457000000000000455e+02,8.305664062500000000e+01,4.062499999999991118e-02,1.539250000000000185e+01,-5.031250000000042633e-02
9.457999999999999545e+02,8.300170898437500000e+01,4.062499999999991118e-02,1.519249999999999901e+01,-1.203125000000060396e-02
9.458999999999999773e+02,8.294677734375000000e+01,4.312499999999985789e-02,1.532250000000000156e+01,8.203124999999644729e-03
9.460000000000000000e+02,8.261718750000000000e+01,5.812499999999998224e-02,1.537000000000000099e+01,-8.203125000000532907e-03
9.461000000000000227e+02,8.307495117187500000e+01,2.062499999999989342e-02,1.542249999999999943e+01,-3.937500000000060396e-02
9.462000000000000455e+02,8.170166015625000000e+01,2.562499999999978684e-02,1.522500000000000142e+01,-3.664062500000042633e-02
9.462999999999999545e+02,8.199462890625000000e+01,2.812499999999973355e-02,1.538250000000000028e+01,-3.281250000000035527e-02
9.463999999999999773e+02,8.203125000000000000e+01,4.062499999999991118e-02,1.535750000000000171e+01,-3.281250000000035527e-02
9.465000000000000000e+02,8.162841796875000000e+01,3.062500000000012434e-02,1.550250000000000128e+01,-7.109375000000639488e-03
9.466000000000000227e+02,8.139038085937500000e+01,1.812499999999994671e-02,1.558000000000000185e+01,-4.265625000000028422e-02
9.467000000000000455e+02,8.078613281250000000e+01,3.062500000000012434e-02,1.507000000000000028e+01,-2.187500000000053291e-02
9.467999999999999545e+02,8.106079101562500000e+01,3.312500000000007105e-02,1.527749999999999986e+01,-3.992187500000099476e-02
9.468999999999999773e+02,8.109741210937500000e+01,6.312499999999987566e-02,1.530250000000000199e+01,-7.929687500000071054e-02
9.470000000000000000e+02,8.054809570312500000e+01,3.562500000000001776e-02,1.520749999999999957e+01,6.015624999998969713e-03
9.471000000000000227e+02,8.034667968750000000e+01,6.062499999999992895e-02,1.539750000000000085e+01,-1.312500000000049738e-02
9.472000000000000455e+02,7.985229492187500000e+01,3.124999999999822364e-03,1.555999999999999872e+01,-2.843750000000078160e-02
9.472999999999999545e+02,8.018188476562500000e+01,4.562499999999980460e-02,1.529749999999999943e+01,-7.328125000000085265e-02
9.473999999999999773e+02,8.014526367187500000e+01,2.562499999999978684e-02,1.527749999999999986e+01,-3.937500000000060396e-02
9.475000000000000000e+02,7.902832031250000000e+01,4.562499999999980460e-02,1.522749999999999915e+01,-7.109375000000106581e-02
9.476000000000000227e+02,7.937622070312500000e+01,2.312499999999984013e-02,1.543250000000000099e+01,-1.421875000000039080e-02
9.477000000000000455e+02,7.899169921875000000e+01,4.062499999999991118e-02,1.545250000000000057e+01,-3.609375000000092371e-02
9.477999999999999545e+02,7.921142578125000000e+01,5.062500000000014211e-02,1.534250000000000114e+01,-5.906250000000046185e-02
9.478999999999999773e+02,7.875366210937500000e+01,1.562500000000000000e-02,1.528249999999999886e+01,-7.109375000000639488e-03
9.480000000000000000e+02,7.805786132812500000e+01,3.812499999999996447e-02,1.525000000000000000e+01,-7.054687500000067502e-02
9.481000000000000227e+02,7.849731445312500000e+01,3.312500000000007105e-02,1.539499999999999957e+01,-5.468750000000088818e-02
9.482000000000000455e+02,7.807617187500000000e+01,2.062499999999989342e-02,1.529500000000000171e+01,-1.367187500000088818e-02
9.482999999999999545e+02,7.835083007812500000e+01,1.562500000000000000e-02,1.528000000000000114e+01,-3.500000000000103029e-02
9.483999999999999773e+02,7.750854492187500000e+01,4.812499999999975131e-02,1.528999999999999915e+01,-4.375000000000106581e-02
9.485000000000000000e+02,7.708740234375000000e+01,4.062499999999991118e-02,1.523750000000000071e+01,-3.828125000000959233e-03
9.486000000000000227e+02,7.756347656250000000e+01,5.812499999999998224e-02,1.544999999999999929e+01,-3.117187500000095923e-02
9.487000000000000455e+02,7.714233398437500000e+01,4.062499999999991118e-02,1.527499999999999858e+01,-3.062500000000056843e-02
9.487999999999999545e+02,7.677612304687500000e+01,3.312500000000007105e-02,1.543250000000000099e+01,-3.609375000000092371e-02
9.488999999999999773e+02,7.664794921875000000e+01,3.812499999999996447e-02,1.537999999999999901e+01,-8.367187500000028422e-02
9.490000000000000000e+02,7.631835937500000000e+01,2.812499999999973355e-02,1.538749999999999929e+01,-2.296875000000042633e-02
9.491000000000000227e+02,7.672119140625000000e+01,5.062500000000014211e-02,1.561500000000000199e+01,-3.937500000000060396e-02
9.492000000000000455e+02,7.609863281250000000e+01,3.812499999999996447e-02,1.533500000000000085e+01,-5.031250000000042633e-02
9.492999999999999545e+02,7.595214843750000000e+01,1.312500000000005329e-02,1.551999999999999957e+01,-6.234375000000103029e-02
9.493999999999999773e+02,7.598876953125000000e+01,1.812499999999994671e-02,1.552250000000000085e+01,-1.367187500000088818e-02
9.495000000000000000e+02,7.562255859375000000e+01,4.062499999999991118e-02,1.534750000000000014e+01,-5.359375000000099476e-02
9.496000000000000227e+02,7.606201171875000000e+01,-1.875000000000071054e-03,1.535999999999999943e+01,-6.125000000000024869e-02
9.497000000000000455e+02,7.496337890625000000e+01,3.312500000000007105e-02,1.537750000000000128e+01,-3.937500000000060396e-02
9.497999999999999545e+02,7.510986328125000000e+01,2.062499999999989342e-02,1.546999999999999886e+01,-5.359375000000099476e-02
9.498999999999999773e+02,7.518310546875000000e+01,8.124999999999715783e-03,1.537000000000000099e+01,-5.250000000000110134e-02
9.500000000000000000e+02,7.481689453125000000e+01,6.812499999999976907e-02,1.509499999999999886e+01,-4.210937500000078160e-02
9.501000000000000227e+02,7.470703125000000000e+01,7.062500000000015987e-02,1.540749999999999886e+01,-1.203125000000060396e-02
9.502000000000000455e+02,7.408447265625000000e+01,2.562499999999978684e-02,1.534250000000000114e+01,-2.953125000000067502e-02
9.502999999999999545e+02,7.430419921875000000e+01,5.312500000000008882e-02,1.537500000000000000e+01,-9.296875000000426326e-03
9.503999999999999773e+02,7.437744140625000000e+01,4.812499999999975131e-02,1.531500000000000128e+01,-4.921875000000053291e-02
9.505000000000000000e+02,7.395629882812500000e+01,4.812499999999975131e-02,1.534750000000000014e+01,-2.187500000000053291e-02
9.506000000000000227e+02,7.368164062500000000e+01,-4.375000000000017764e-03,1.539000000000000057e+01,-4.703125000000074607e-02
9.507000000000000455e+02,7.326049804687500000e+01,4.062499999999991118e-02,1.530000000000000071e+01,-2.734375000001065814e-03
9.507999999999999545e+02,7.355346679687500000e+01,3.062500000000012434e-02,1.558749999999999858e+01,-1.093750000000071054e-02
9.508999999999999773e+02,7.355346679687500000e+01,2.312499999999984013e-02,1.539499999999999957e+01,-3.007812500000106581e-02
9.510000000000000000e+02,7.263793945312500000e+01,2.312499999999984013e-02,1.558249999999999957e+01,-9.460937500000099476e-02
9.511000000000000227e+02,7.291259765625000000e+01,3.812499999999996447e-02,1.542249999999999943e+01,-4.210937500000078160e-02
9.512000000000000455e+02,7.250976562500000000e+01,5.062500000000014211e-02,1.539999999999999858e+01,6.015624999998969713e-03
9.512999999999999545e+02,7.283935546875000000e+01,3.562500000000001776e-02,1.549249999999999972e+01,-4.265625000000028422e-02
9.513999999999999773e+02,7.256469726562500000e+01,3.062500000000012434e-02,1.560249999999999915e+01,-2.242187500000092371e-02
9.515000000000000000e+02,7.185058593750000000e+01,3.812499999999996447e-02,1.540249999999999986e+01,1.093749999999005240e-03
9.516000000000000227e+02,7.223510742187500000e+01,5.562500000000003553e-02,1.498499999999999943e+01,-8.750000000000923706e-03
9.517000000000000455e+02,7.190551757812500000e+01,3.062500000000012434e-02,1.536749999999999972e+01,-2.953125000000067502e-02
9.517999999999999545e+02,7.210693359375000000e+01,1.562500000000000000e-02,1.518250000000000099e+01,-2.679687500000049738e-02
9.518999999999999773e+02,7.155761718750000000e+01,3.062500000000012434e-02,1.534499999999999886e+01,-5.796875000000056843e-02
9.520000000000000000e+02,7.113647460937500000e+01,1.062500000000010658e-02,1.529250000000000043e+01,-1.093750000000071054e-02
9.521000000000000227e+02,7.153930664062500000e+01,4.312499999999985789e-02,1.542249999999999943e+01,-4.429687500000056843e-02
9.522000000000000455e+02,7.115478515625000000e+01,4.062499999999991118e-02,1.533749999999999858e+01,-6.562500000000071054e-02
9.522999999999999545e+02,7.093505859375000000e+01,3.124999999999822364e-03,1.543250000000000099e+01,-6.781250000000049738e-02
9.523999999999999773e+02,7.077026367187500000e+01,5.062500000000014211e-02,1.541750000000000043e+01,-6.781250000000049738e-02
9.525000000000000000e+02,7.038574218750000000e+01,4.562499999999980460e-02,1.520749999999999957e+01,-5.851562500000095923e-02
9.526000000000000227e+02,7.082519531250000000e+01,1.312500000000005329e-02,1.553249999999999886e+01,-2.296875000000042633e-02
9.527000000000000455e+02,7.042236328125000000e+01,1.574999999999997513e-01,1.541750000000000043e+01,-6.015625000000746070e-03
9.527999999999999545e+02,7.003784179687500000e+01,-1.875000000000071054e-03,1.540249999999999986e+01,-4.703125000000074607e-02
9.528999999999999773e+02,7.011108398437500000e+01,1.562500000000000000e-02,1.541250000000000142e+01,-5.960937500000085265e-02
9.530000000000000000e+02,6.972656250000000000e+01,2.312499999999984013e-02,1.547250000000000014e+01,-1.071875000000011013e-01
9.531000000000000227e+02,7.011108398437500000e+01,3.562500000000001776e-02,1.548750000000000071e+01,-2.625000000000099476e-02
9.532000000000000455e+02,6.917724609375000000e+01,3.812499999999996447e-02,1.549749999999999872e+01,-5.906250000000046185e-02
9.532999999999999545e+02,6.928710937500000000e+01,8.124999999999715783e-03,1.537500000000000000e+01,-3.992187500000099476e-02
9.533999999999999773e+02,6.941528320312500000e+01,6.062499999999992895e-02,1.550250000000000128e+01,-2.843750000000078160e-02
9.535000000000000000e+02,6.904907226562500000e+01,4.812499999999975131e-02,1.544000000000000128e+01,-7.054687500000067502e-02
9.536000000000000227e+02,6.914062500000000000e+01,5.312500000000008882e-02,1.529749999999999943e+01,-3.828125000000071054e-02
9.537000000000000455e+02,6.851806640625000000e+01,1.062500000000010658e-02,1.545749999999999957e+01,-2.187500000000053291e-02
9.537999999999999545e+02,6.875610351562500000e+01,-6.874999999999964473e-03,1.526500000000000057e+01,-3.882812500000110134e-02
9.538999999999999773e+02,6.879272460937500000e+01,7.562500000000005329e-02,1.549249999999999972e+01,-3.500000000000103029e-02
9.540000000000000000e+02,6.844482421875000000e+01,4.312499999999985789e-02,1.555999999999999872e+01,-7.382812500000035527e-02
9.541000000000000227e+02,6.829833984375000000e+01,1.812499999999994671e-02,1.550000000000000000e+01,1.093749999999005240e-03
9.542000000000000455e+02,6.791381835937500000e+01,2.562499999999978684e-02,1.529500000000000171e+01,-1.039062500000031974e-02
9.542999999999999545e+02,6.811523437500000000e+01,4.062499999999991118e-02,1.527499999999999858e+01,2.242187499999914735e-02
9.543999999999999773e+02,6.815185546875000000e+01,4.312499999999985789e-02,1.513749999999999929e+01,-5.796875000000056843e-02
9.545000000000000000e+02,6.738281250000000000e+01,1.562500000000000000e-02,1.529500000000000171e+01,5.468749999995026201e-04
9.546000000000000227e+02,6.767578125000000000e+01,3.812499999999996447e-02,1.552250000000000085e+01,-7.164062500000056843e-02
9.547000000000000455e+02,6.727294921875000000e+01,1.062500000000010658e-02,1.548000000000000043e+01,1.367187499999911182e-02
9.547999999999999545e+02,6.752929687500000000e+01,2.062499999999989342e-02,1.517750000000000199e+01,-7.656250000001030287e-03
9.548999999999999773e+02,6.749267578125000000e+01,4.312499999999985789e-02,1.530499999999999972e+01,-2.789062500000039080e-02
9.550000000000000000e+02,6.654052734375000000e+01,6.312499999999987566e-02,1.535000000000000142e+01,-1.750000000000095923e-02
9.551000000000000227e+02,6.694335937500000000e+01,4.312499999999985789e-02,1.518499999999999872e+01,-3.281250000000035527e-02
9.552000000000000455e+02,6.655883789062500000e+01,2.062499999999989342e-02,1.520500000000000185e+01,-3.828125000000071054e-02
9.552999999999999545e+02,6.681518554687500000e+01,1.062500000000010658e-02,1.549249999999999972e+01,-3.718750000000081712e-02
9.553999999999999773e+02,6.635742187500000000e+01,1.562500000000000000e-02,1.553249999999999886e+01,-2.187500000000053291e-02
9.555000000000000000e+02,6.593627929687500000e+01,2.312499999999984013e-02,1.532499999999999929e+01,3.499999999999925393e-02
9.556000000000000227e+02,6.630249023437500000e+01,1.812499999999994671e-02,1.534750000000000014e+01,-1.148437500000110134e-02
9.557000000000000455e+02,6.600952148437500000e+01,4.062499999999991118e-02,1.539750000000000085e+01,1.093749999999893419e-02
9.557999999999999545e+02,6.588134765625000000e+01,6.062499999999992895e-02,1.550250000000000128e+01,-2.187500000000053291e-02
9.558999999999999773e+02,6.569824218750000000e+01,4.812499999999975131e-02,1.542249999999999943e+01,-3.226562500000085265e-02
9.560000000000000000e+02,6.533203125000000000e+01,2.812499999999973355e-02,1.524000000000000199e+01,-2.242187500000092371e-02
9.561000000000000227e+02,6.569824218750000000e+01,5.812499999999998224e-02,1.549249999999999972e+01,-5.742187500000106581e-02
9.562000000000000455e+02,6.538696289062500000e+01,4.312499999999985789e-02,1.516499999999999915e+01,5.468749999995026201e-04
9.562999999999999545e+02,6.514892578125000000e+01,6.562499999999982236e-02,1.532750000000000057e+01,-4.648437500000035527e-02
9.563999999999999773e+02,6.520385742187500000e+01,4.562499999999980460e-02,1.517000000000000171e+01,1.421874999999950262e-02
9.565000000000000000e+02,6.485595703125000000e+01,2.812499999999973355e-02,1.533000000000000185e+01,-1.804687500000046185e-02
9.566000000000000227e+02,6.518554687500000000e+01,2.062499999999989342e-02,1.533000000000000185e+01,-3.500000000000103029e-02
9.567000000000000455e+02,6.445312500000000000e+01,5.062500000000014211e-02,1.542999999999999972e+01,-3.335937500000074607e-02
9.567999999999999545e+02,6.447143554687500000e+01,2.812499999999973355e-02,1.537000000000000099e+01,-6.726562500000099476e-02
9.568999999999999773e+02,6.456298828125000000e+01,3.562500000000001776e-02,1.542999999999999972e+01,-1.585937500000067502e-02
9.570000000000000000e+02,6.423339843750000000e+01,3.562500000000001776e-02,1.516000000000000014e+01,-1.022656250000002487e-01
9.571000000000000227e+02,6.450805664062500000e+01,4.812499999999975131e-02,1.539000000000000057e+01,-3.281250000000035527e-02
9.572000000000000455e+02,6.384887695312500000e+01,5.312500000000008882e-02,1.527749999999999986e+01,-4.593750000000085265e-02
9.572999999999999545e+02,6.397705078125000000e+01,1.562500000000000000e-02,1.533000000000000185e+01,1.148437499999932498e-02
9.573999999999999773e+02,6.408691406250000000e+01,3.062500000000012434e-02,1.545749999999999957e+01,-2.242187500000092371e-02
9.575000000000000000e+02,6.377563476562500000e+01,9.187499999999992895e-02,1.525499999999999901e+01,-1.421875000000039080e-02
9.576000000000000227e+02,6.359252929687500000e+01,3.812499999999996447e-02,1.538250000000000028e+01,-2.187500000000675016e-03
9.577000000000000455e+02,6.320800781250000000e+01,1.562500000000000000e-02,1.543250000000000099e+01,-1.640625000000284217e-03
9.577999999999999545e+02,6.337280273437500000e+01,5.062500000000014211e-02,1.520250000000000057e+01,-7.437500000000074607e-02
9.578999999999999773e+02,6.346435546875000000e+01,2.812499999999973355e-02,1.541000000000000014e+01,-1.968750000000074607e-02
9.580000000000000000e+02,6.284179687500000000e+01,-1.875000000000071054e-03,1.544249999999999901e+01,-2.023437500000024869e-02
9.581000000000000227e+02,6.302490234375000000e+01,5.062500000000014211e-02,1.533249999999999957e+01,-1.093750000000071054e-02
9.582000000000000455e+02,6.273193359375000000e+01,2.562499999999978684e-02,1.543750000000000000e+01,-3.664062500000042633e-02
9.582999999999999545e+02,6.287841796875000000e+01,1.562500000000000000e-02,1.529250000000000043e+01,-6.125000000000024869e-02
9.583999999999999773e+02,6.295166015625000000e+01,1.812499999999994671e-02,1.553249999999999886e+01,-4.484375000000095923e-02
9.585000000000000000e+02,6.262207031250000000e+01,1.062500000000010658e-02,1.523499999999999943e+01,-1.367187500000088818e-02
9.586000000000000227e+02,6.296997070312500000e+01,3.062500000000012434e-02,1.549249999999999972e+01,-8.585937500000095923e-02
9.587000000000000455e+02,6.271362304687500000e+01,1.562500000000000000e-02,1.532000000000000028e+01,-2.898437500000028422e-02
9.587999999999999545e+02,6.291503906250000000e+01,5.062500000000014211e-02,1.527499999999999858e+01,2.734374999999289457e-03
9.588999999999999773e+02,6.293334960937500000e+01,2.312499999999984013e-02,1.544000000000000128e+01,-2.296875000000042633e-02
9.590000000000000000e+02,6.256713867187500000e+01,3.787500000000000089e+00,1.579250000000000043e+01,1.738460937500000014e+01
9.591000000000000227e+02,6.298828125000000000e+01,3.022499999999999964e+00,1.533749999999999858e+01,1.554328125000000149e+01
9.592000000000000455e+02,6.267700195312500000e+01,3.007499999999999840e+00,1.551249999999999929e+01,1.549078125000000128e+01
9.592999999999999545e+02,6.304321289062500000e+01,2.997500000000000053e+00,1.528750000000000142e+01,1.547000000000000064e+01
9.593999999999999773e+02,6.351928710937500000e+01,3.015000000000000124e+00,1.566750000000000043e+01,1.552796875000000121e+01
9.595000000000000000e+02,6.320800781250000000e+01,3.027499999999999858e+00,1.519750000000000156e+01,1.556898437500000121e+01
9.596000000000000227e+02,6.361083984375000000e+01,3.020000000000000018e+00,1.546750000000000114e+01,1.550445312500000128e+01
9.597000000000000455e+02,6.328125000000000000e+01,3.029999999999999805e+00,1.539250000000000185e+01,1.549679687500000114e+01
9.597999999999999545e+02,6.557006835937500000e+01,3.062500000000000000e+00,1.530000000000000071e+01,1.556132812500000107e+01
9.598999999999999773e+02,6.584472656250000000e+01,3.029999999999999805e+00,1.555250000000000199e+01,1.550718750000000057e+01
9.600000000000000000e+02,6.549682617187500000e+01,3.075000000000000178e+00,1.522500000000000142e+01,1.548093750000000135e+01
9.601000000000000227e+02,6.595458984375000000e+01,3.084999999999999964e+00,1.532000000000000028e+01,1.550500000000000078e+01
9.602000000000000455e+02,6.776733398437500000e+01,3.055000000000000160e+00,1.554250000000000043e+01,1.550117187500000071e+01
9.602999999999999545e+02,6.934204101562500000e+01,3.080000000000000071e+00,1.551249999999999929e+01,1.551867187500000078e+01
9.603999999999999773e+02,6.945190429687500000e+01,3.122500000000000053e+00,1.541000000000000014e+01,1.551101562500000064e+01
9.605000000000000000e+02,6.912231445312500000e+01,3.100000000000000089e+00,1.524749999999999872e+01,1.550664062500000107e+01
9.606000000000000227e+02,6.965332031250000000e+01,3.122500000000000053e+00,1.539250000000000185e+01,1.554820312500000057e+01
9.607000000000000455e+02,7.346191406250000000e+01,3.122500000000000053e+00,1.527499999999999858e+01,1.549843750000000142e+01
9.607999999999999545e+02,7.397460937500000000e+01,3.115000000000000213e+00,1.506749999999999901e+01,1.550281250000000099e+01
9.608999999999999773e+02,7.404785156250000000e+01,3.125000000000000000e+00,1.514999999999999858e+01,1.548859375000000149e+01
9.610000000000000000e+02,7.371826171875000000e+01,3.122500000000000053e+00,1.519500000000000028e+01,1.549460937500000135e+01
9.611000000000000227e+02,7.785644531250000000e+01,3.122500000000000053e+00,1.516499999999999915e+01,1.550609375000000156e+01
9.612000000000000455e+02,7.822265625000000000e+01,3.125000000000000000e+00,1.533000000000000185e+01,1.549242187500000156e+01
9.612999999999999545e+02,7.853393554687500000e+01,3.147499999999999964e+00,1.546000000000000085e+01,1.546945312500000114e+01
9.613999999999999773e+02,7.857055664062500000e+01,3.147499999999999964e+00,1.522500000000000142e+01,1.549078125000000128e+01
9.615000000000000000e+02,7.961425781250000000e+01,3.169999999999999929e+00,1.551999999999999957e+01,1.552906250000000021e+01
9.616000000000000227e+02,8.230590820312500000e+01,3.189999999999999947e+00,1.556250000000000000e+01,1.548804687500000021e+01
9.617000000000000455e+02,8.192138671875000000e+01,3.549999999999999822e+00,1.521249999999999858e+01,1.549570312500000036e+01
9.617999999999999545e+02,8.225097656250000000e+01,3.177500000000000213e+00,1.537249999999999872e+01,1.549296875000000107e+01
9.618999999999999773e+02,8.228759765625000000e+01,3.189999999999999947e+00,1.539250000000000185e+01,1.553671875000000036e+01
9.620000000000000000e+02,8.492431640625000000e+01,3.192499999999999893e+00,1.531749999999999901e+01,1.553289062500000028e+01
9.621000000000000227e+02,8.558349609375000000e+01,3.232499999999999929e+00,1.539000000000000057e+01,1.562914062500000156e+01
9.622000000000000455e+02,8.514404296875000000e+01,3.197499999999999787e+00,1.556749999999999901e+01,1.548421875000000014e+01
9.622999999999999545e+02,8.549194335937500000e+01,3.200000000000000178e+00,1.533000000000000185e+01,1.548804687500000021e+01
9.623999999999999773e+02,8.746948242187500000e+01,3.207500000000000018e+00,1.557000000000000028e+01,1.553398437500000107e+01
9.625000000000000000e+02,8.794555664062500000e+01,3.242500000000000160e+00,1.533749999999999858e+01,1.545414062500000085e+01
9.626000000000000227e+02,8.838500976562500000e+01,3.220000000000000195e+00,1.552250000000000085e+01,1.547656250000000000e+01
9.627000000000000455e+02,8.787231445312500000e+01,3.202500000000000124e+00,1.541499999999999915e+01,1.548750000000000071e+01
9.627999999999999545e+02,8.873291015625000000e+01,3.267500000000000071e+00,1.545500000000000185e+01,1.547328125000000121e+01
9.628999999999999773e+02,9.074707031250000000e+01,3.242500000000000160e+00,1.537000000000000099e+01,1.551320312500000043e+01
9.630000000000000000e+02,9.054565429687500000e+01,3.240000000000000213e+00,1.539000000000000057e+01,1.548531250000000092e+01
9.631000000000000227e+02,9.098510742187500000e+01,3.259999999999999787e+00,1.558249999999999957e+01,1.553617187500000085e+01
9.632000000000000455e+02,9.049072265625000000e+01,3.112499999999999822e+00,1.563250000000000028e+01,1.546289062500000000e+01
9.632999999999999545e+02,9.298095703125000000e+01,3.292499999999999982e+00,1.525250000000000128e+01,1.544921875000000000e+01
9.633999999999999773e+02,9.325561523437500000e+01,3.280000000000000249e+00,1.548000000000000043e+01,1.550117187500000071e+01
9.635000000000000000e+02,9.296264648437500000e+01,3.310000000000000053e+00,1.528750000000000142e+01,1.554437500000000050e+01
9.636000000000000227e+02,9.340209960937500000e+01,3.282500000000000195e+00,1.535249999999999915e+01,1.552359375000000163e+01
9.637000000000000455e+02,9.409790039062500000e+01,3.272499999999999964e+00,1.514000000000000057e+01,1.546617187500000057e+01
9.637999999999999545e+02,9.556274414062500000e+01,3.299999999999999822e+00,1.543250000000000099e+01,1.545468750000000036e+01
9.638999999999999773e+02,9.556274414062500000e+01,3.265000000000000124e+00,1.546999999999999886e+01,1.550171875000000021e+01
9.640000000000000000e+02,9.530639648437500000e+01,3.317499999999999893e+00,1.535249999999999915e+01,1.555585937500000071e+01
9.641000000000000227e+02,9.572753906250000000e+01,3.327500000000000124e+00,1.535249999999999915e+01,1.553453125000000057e+01
9.642000000000000455e+02,9.715576171875000000e+01,3.312500000000000000e+00,1.545250000000000057e+01,1.550992187500000163e+01
9.642999999999999545e+02,9.774169921875000000e+01,3.297499999999999876e+00,1.530999999999999872e+01,1.548585937500000043e+01
9.643999999999999773e+02,9.763183593750000000e+01,3.584999999999999964e+00,1.530000000000000071e+01,1.547929687500000107e+01
9.645000000000000000e+02,9.737548828125000000e+01,3.357499999999999929e+00,1.520749999999999957e+01,1.551046875000000114e+01
9.646000000000000227e+02,9.942626953125000000e+01,3.337499999999999911e+00,1.521750000000000114e+01,1.544429687500000092e+01
9.647000000000000455e+02,9.924316406250000000e+01,3.339999999999999858e+00,1.529250000000000043e+01,1.550554687500000028e+01
9.647999999999999545e+02,9.968261718750000000e+01,3.354999999999999982e+00,1.541250000000000142e+01,1.549351562500000057e+01
9.648999999999999773e+02,9.971923828125000000e+01,3.342500000000000249e+00,1.532250000000000156e+01,1.546726562500000135e+01
9.650000000000000000e+02,1.001037597656250000e+02,3.379999999999999893e+00,1.544249999999999901e+01,1.550062500000000121e+01
9.651000000000000227e+02,1.017883300781250000e+02,3.390000000000000124e+00,1.546249999999999858e+01,1.553562500000000135e+01
9.652000000000000455e+02,1.012390136718750000e+02,3.379999999999999893e+00,1.544249999999999901e+01,1.556406250000000036e+01
9.652999999999999545e+02,1.017333984375000000e+02,3.357499999999999929e+00,1.502499999999999858e+01,1.550390625000000000e+01
9.653999999999999773e+02,1.016601562500000000e+02,3.379999999999999893e+00,1.542000000000000171e+01,1.553398437500000107e+01
9.655000000000000000e+02,1.031066894531250000e+02,3.399999999999999911e+00,1.550000000000000000e+01,1.546343750000000128e+01
9.656000000000000227e+02,1.037292480468750000e+02,3.347500000000000142e+00,1.536749999999999972e+01,1.547765625000000078e+01
9.657000000000000455e+02,1.031616210937500000e+02,3.402499999999999858e+00,1.546999999999999886e+01,1.551156250000000014e+01
9.657999999999999545e+02,1.036376953125000000e+02,3.439999999999999947e+00,1.532250000000000156e+01,1.548968750000000050e+01
9.658999999999999773e+02,1.048278808593750000e+02,3.379999999999999893e+00,1.533999999999999986e+01,1.547109375000000142e+01
9.660000000000000000e+02,1.050476074218750000e+02,3.405000000000000249e+00,1.514000000000000057e+01,1.549843750000000142e+01
9.661000000000000227e+02,1.055236816406250000e+02,3.455000000000000071e+00,1.545500000000000185e+01,1.548859375000000149e+01
9.662000000000000455e+02,1.049194335937500000e+02,3.384999999999999787e+00,1.544249999999999901e+01,1.551867187500000078e+01
9.662999999999999545e+02,1.056152343750000000e+02,3.432500000000000107e+00,1.528249999999999886e+01,1.553890625000000014e+01
9.663999999999999773e+02,1.070800781250000000e+02,3.427500000000000213e+00,1.521000000000000085e+01,1.549460937500000135e+01
9.665000000000000000e+02,1.068786621093750000e+02,3.442499999999999893e+00,1.539750000000000085e+01,1.548804687500000021e+01
9.666000000000000227e+02,1.073730468750000000e+02,3.450000000000000178e+00,1.541750000000000043e+01,1.550773437500000007e+01
9.667000000000000455e+02,1.067687988281250000e+02,3.479999999999999982e+00,1.530000000000000071e+01,1.549242187500000156e+01
9.667999999999999545e+02,1.088745117187500000e+02,3.459999999999999964e+00,1.534750000000000014e+01,1.548531250000000092e+01
9.668999999999999773e+02,1.089294433593750000e+02,3.472500000000000142e+00,1.551249999999999929e+01,1.551539062500000021e+01
9.670000000000000000e+02,1.087097167968750000e+02,3.479999999999999982e+00,1.550250000000000128e+01,1.552906250000000021e+01
9.671000000000000227e+02,1.091857910156250000e+02,3.459999999999999964e+00,1.544000000000000128e+01,1.552085937500000057e+01
9.672000000000000455e+02,1.095520019531250000e+02,3.450000000000000178e+00,1.537750000000000128e+01,1.554382812500000099e+01
9.672999999999999545e+02,1.107421875000000000e+02,3.502499999999999947e+00,1.533749999999999858e+01,1.551156250000000014e+01
9.673999999999999773e+02,1.106140136718750000e+02,3.484999999999999876e+00,1.537249999999999872e+01,1.552632812500000092e+01
9.675000000000000000e+02,1.104125976562500000e+02,3.477500000000000036e+00,1.527250000000000085e+01,1.552140625000000007e+01
9.676000000000000227e+02,1.108703613281250000e+02,3.515000000000000124e+00,1.517500000000000071e+01,1.552031250000000107e+01
9.677000000000000455e+02,1.118408203125000000e+02,3.517500000000000071e+00,1.532000000000000028e+01,1.550062500000000121e+01
9.677999999999999545e+02,1.125000000000000000e+02,3.524999999999999911e+00,1.549000000000000199e+01,1.549625000000000163e+01
9.678999999999999773e+02,1.123168945312500000e+02,3.504999999999999893e+00,1.541000000000000014e+01,1.543226562500000121e+01
9.680000000000000000e+02,1.121337890625000000e+02,3.537500000000000089e+00,1.511250000000000071e+01,1.548312500000000114e+01
9.681000000000000227e+02,1.139831542968750000e+02,3.552500000000000213e+00,1.540249999999999986e+01,1.551484375000000071e+01
9.682000000000000455e+02,1.136352539062500000e+02,3.542499999999999982e+00,1.529749999999999943e+01,1.550664062500000107e+01
9.682999999999999545e+02,1.141845703125000000e+02,3.547499999999999876e+00,1.552250000000000085e+01,1.553781250000000114e+01
9.683999999999999773e+02,1.140197753906250000e+02,3.564999999999999947e+00,1.550250000000000128e+01,1.551265625000000092e+01
9.685000000000000000e+02,1.144409179687500000e+02,3.564999999999999947e+00,1.528999999999999915e+01,1.553562500000000135e+01
9.686000000000000227e+02,1.159240722656250000e+02,3.544999999999999929e+00,1.522749999999999915e+01,1.547765625000000078e+01
9.687000000000000455e+02,1.153564453125000000e+02,3.575000000000000178e+00,1.526500000000000057e+01,1.547492187500000149e+01
9.687999999999999545e+02,1.158691406250000000e+02,3.572499999999999787e+00,1.518250000000000099e+01,1.551539062500000021e+01
9.688999999999999773e+02,1.157409667968750000e+02,3.570000000000000284e+00,1.526750000000000185e+01,1.549132812500000078e+01
9.690000000000000000e+02,1.171142578125000000e+02,3.600000000000000089e+00,1.546750000000000114e+01,1.552414062500000114e+01
9.691000000000000227e+02,1.177001953125000000e+02,3.602500000000000036e+00,1.507499999999999929e+01,1.550937500000000036e+01
9.692000000000000455e+02,1.170593261718750000e+02,3.587499999999999911e+00,1.515249999999999986e+01,1.556515625000000114e+01
9.692999999999999545e+02,1.176086425781250000e+02,3.617500000000000160e+00,1.530499999999999972e+01,1.555585937500000071e+01
9.693999999999999773e+02,1.186340332031250000e+02,3.632500000000000284e+00,1.522749999999999915e+01,1.552031250000000107e+01
9.695000000000000000e+02,1.188171386718750000e+02,3.617500000000000160e+00,1.546249999999999858e+01,1.548257812500000163e+01
9.696000000000000227e+02,1.192749023437500000e+02,3.575000000000000178e+00,1.518750000000000000e+01,1.549406250000000007e+01
9.697000000000000455e+02,1.186340332031250000e+02,3.602500000000000036e+00,1.568750000000000000e+01,1.555859375000000000e+01
9.697999999999999545e+02,1.196044921875000000e+02,3.622500000000000053e+00,1.538749999999999929e+01,1.547820312500000028e+01
9.698999999999999773e+02,1.207031250000000000e+02,3.645000000000000018e+00,1.551249999999999929e+01,1.547710937500000128e+01
9.700000000000000000e+02,1.205383300781250000e+02,3.612499999999999822e+00,1.563749999999999929e+01,1.549843750000000142e+01
9.701000000000000227e+02,1.209960937500000000e+02,3.682500000000000107e+00,1.538749999999999929e+01,1.548148437500000085e+01
9.702000000000000455e+02,1.203369140625000000e+02,3.362499999999999822e+00,1.533999999999999986e+01,1.545796875000000092e+01
9.702999999999999545e+02,1.223327636718750000e+02,3.687500000000000000e+00,1.544999999999999929e+01,1.544101562500000036e+01
9.703999999999999773e+02,1.223327636718750000e+02,3.709999999999999964e+00,1.539000000000000057e+01,1.550335937500000050e+01
9.705000000000000000e+02,1.221496582031250000e+02,3.695000000000000284e+00,1.530750000000000099e+01,1.553835937500000064e+01
9.706000000000000227e+02,1.225891113281250000e+02,3.352500000000000036e+00,1.558249999999999957e+01,1.546781250000000085e+01
9.707000000000000455e+02,1.229919433593750000e+02,3.667499999999999982e+00,1.546249999999999858e+01,1.552085937500000057e+01
9.707999999999999545e+02,1.241271972656250000e+02,3.729999999999999982e+00,1.510750000000000171e+01,1.554710937500000156e+01
9.708999999999999773e+02,1.239440917968750000e+02,3.734999999999999876e+00,1.547250000000000014e+01,1.547765625000000078e+01
9.710000000000000000e+02,1.237609863281250000e+02,3.712499999999999911e+00,1.548750000000000071e+01,1.549789062500000014e+01
9.711000000000000227e+02,1.243469238281250000e+02,3.732499999999999929e+00,1.526500000000000057e+01,1.547273437499999993e+01
9.712000000000000455e+02,1.251708984375000000e+02,3.742500000000000160e+00,1.532000000000000028e+01,1.548859375000000149e+01
9.712999999999999545e+02,1.258483886718750000e+02,3.762500000000000178e+00,1.559250000000000114e+01,1.545742187500000142e+01
9.713999999999999773e+02,1.255920410156250000e+02,3.770000000000000018e+00,1.512750000000000128e+01,1.548750000000000071e+01
9.715000000000000000e+02,1.254821777343750000e+02,3.792499999999999982e+00,1.526750000000000185e+01,1.549898437500000092e+01
9.716000000000000227e+02,1.272583007812500000e+02,3.762500000000000178e+00,1.534499999999999886e+01,1.546070312500000021e+01
9.717000000000000455e+02,1.268188476562500000e+02,3.750000000000000000e+00,1.549249999999999972e+01,1.552195312500000135e+01
9.717999999999999545e+02,1.274230957031250000e+02,3.802500000000000213e+00,1.525000000000000000e+01,1.547437500000000021e+01
9.718999999999999773e+02,1.272033691406250000e+02,3.774999999999999911e+00,1.542999999999999972e+01,1.546617187500000057e+01
9.720000000000000000e+02,1.279541015625000000e+02,3.777499999999999858e+00,1.544249999999999901e+01,1.546671875000000007e+01
9.721000000000000227e+02,1.291625976562500000e+02,3.830000000000000071e+00,1.530250000000000199e+01,1.550335937500000050e+01
9.722000000000000455e+02,1.285400390625000000e+02,3.842500000000000249e+00,1.544750000000000156e+01,1.553125000000000000e+01
9.722999999999999545e+02,1.291625976562500000e+02,3.822499999999999787e+00,1.543750000000000000e+01,1.548968750000000050e+01
9.723999999999999773e+02,1.288879394531250000e+02,3.857499999999999929e+00,1.544999999999999929e+01,1.546453125000000028e+01
9.725000000000000000e+02,1.302795410156250000e+02,3.865000000000000213e+00,1.501000000000000156e+01,1.547820312500000028e+01
9.726000000000000227e+02,1.307922363281250000e+02,3.902499999999999858e+00,1.543750000000000000e+01,1.552578125000000142e+01
9.727000000000000455e+02,1.301513671875000000e+02,4.042500000000000426e+00,1.542249999999999943e+01,1.552140625000000007e+01
9.727999999999999545e+02,1.307556152343750000e+02,4.125000000000000000e+00,1.524749999999999872e+01,1.551539062500000021e+01
9.728999999999999773e+02,1.319458007812500000e+02,4.134999999999999787e+00,1.524749999999999872e+01,1.548695312500000121e+01
9.730000000000000000e+02,1.321472167968750000e+02,4.172500000000000320e+00,1.527250000000000085e+01,1.556406250000000036e+01
9.731000000000000227e+02,1.326232910156250000e+02,4.195000000000000284e+00,1.525750000000000028e+01,1.548148437500000085e+01
9.732000000000000455e+02,1.319458007812500000e+02,4.237499999999999822e+00,1.525250000000000128e+01,1.555585937500000071e+01
9.732999999999999545e+02,1.332092285156250000e+02,4.297500000000000320e+00,1.539499999999999957e+01,1.552031250000000107e+01
9.733999999999999773e+02,1.341430664062500000e+02,4.273749999999999716e+00,1.524749999999999872e+01,1.549953125000000043e+01
9.735000000000000000e+02,1.340881347656250000e+02,4.360000000000000320e+00,1.545250000000000057e+01,1.552359375000000163e+01
9.736000000000000227e+02,1.345092773437500000e+02,4.367499999999999716e+00,1.531749999999999901e+01,1.552031250000000107e+01
9.737000000000000455e+02,1.338317871093750000e+02,4.357499999999999929e+00,1.524000000000000199e+01,1.546453125000000028e+01
9.737999999999999545e+02,1.353881835937500000e+02,4.442499999999999893e+00,1.523499999999999943e+01,1.543937500000000007e+01
9.738999999999999773e+02,1.351684570312500000e+02,4.365000000000000213e+00,1.537750000000000128e+01,1.548695312500000121e+01
9.740000000000000000e+02,1.350952148437500000e+02,4.360000000000000320e+00,1.537750000000000128e+01,1.551593750000000149e+01
9.741000000000000227e+02,1.354980468750000000e+02,4.370000000000000107e+00,1.534250000000000114e+01,1.549296875000000107e+01
9.742000000000000455e+02,1.348388671875000000e+02,4.062499999999991118e-02,1.540749999999999886e+01,-4.210937500000078160e-02
9.742999999999999545e+02,1.354431152343750000e+02,4.562499999999980460e-02,1.531500000000000128e+01,-2.351562500000081712e-02
9.743999999999999773e+02,1.351867675781250000e+02,4.312499999999985789e-02,1.535500000000000043e+01,-2.296875000000042633e-02
9.745000000000000000e+02,1.351135253906250000e+02,4.562499999999980460e-02,1.530999999999999872e+01,-4.156250000000039080e-02
9.746000000000000227e+02,1.355163574218750000e+02,3.312500000000007105e-02,1.549000000000000199e+01,-4.703125000000074607e-02
9.747000000000000455e+02,1.348388671875000000e+02,6.562499999999982236e-02,1.523250000000000171e+01,-4.320312500000067502e-02
9.747999999999999545e+02,1.355163574218750000e+02,1.812499999999994671e-02,1.527499999999999858e+01,-7.109375000000106581e-02
9.748999999999999773e+02,1.351501464843750000e+02,2.812499999999973355e-02,1.526999999999999957e+01,-1.367187500000088818e-02
9.750000000000000000e+02,1.350769042968750000e+02,4.562499999999980460e-02,1.504500000000000171e+01,-2.132812500000103029e-02
9.751000000000000227e+02,1.344909667968750000e+02,2.312499999999984013e-02,1.520500000000000185e+01,-6.562500000000248690e-03
9.752000000000000455e+02,1.336120605468750000e+02,3.812499999999996447e-02,1.527499999999999858e+01,4.921874999999964473e-02
9.752999999999999545e+02,1.342712402343750000e+02,2.812499999999973355e-02,1.534750000000000014e+01,1.585937499999889866e-02
9.753999999999999773e+02,1.340148925781250000e+02,1.062500000000010658e-02,1.542249999999999943e+01,8.203124999999644729e-03
9.755000000000000000e+02,1.319274902343750000e+02,3.562500000000001776e-02,1.540249999999999986e+01,-5.468750000000088818e-02
9.756000000000000227e+02,1.312866210937500000e+02,3.062500000000012434e-02,1.532000000000000028e+01,-3.992187500000099476e-02
9.757000000000000455e+02,1.305358886718750000e+02,4.812499999999975131e-02,1.530999999999999872e+01,3.828124999999182876e-03
9.757999999999999545e+02,1.311767578125000000e+02,-1.250000000000195399e-03,1.522749999999999915e+01,-2.679687500000049738e-02
9.758999999999999773e+02,1.308654785156250000e+02,3.312500000000007105e-02,1.520749999999999957e+01,-3.828125000000959233e-03
9.760000000000000000e+02,1.263244628906250000e+02,2.812499999999973355e-02,1.529749999999999943e+01,-4.867187500000103029e-02
9.761000000000000227e+02,1.264709472656250000e+02,1.562500000000000000e-02,1.544249999999999901e+01,-6.453125000000081712e-02
9.762000000000000455e+02,1.258850097656250000e+02,-9.374999999999911182e-03,1.540749999999999886e+01,-1.148437500000003553e-01
9.762999999999999545e+02,1.264709472656250000e+02,1.562500000000000000e-02,1.539000000000000057e+01,-9.296875000000071054e-02
9.763999999999999773e+02,1.220031738281250000e+02,2.062499999999989342e-02,1.547749999999999915e+01,-8.881784197001252323e-16
9.765000000000000000e+02,1.211059570312500000e+02,4.312499999999985789e-02,1.539000000000000057e+01,-2.460937500000071054e-02
9.766000000000000227e+02,1.214904785156250000e+02,5.062500000000014211e-02,1.521499999999999986e+01,-9.242187500000031974e-02
9.767000000000000455e+02,1.208496093750000000e+02,5.312500000000008882e-02,1.551750000000000185e+01,-6.343750000000092371e-02
9.767999999999999545e+02,1.194213867187500000e+02,3.562500000000001776e-02,1.520500000000000185e+01,-5.414062500000049738e-02
9.768999999999999773e+02,1.172973632812500000e+02,3.062500000000012434e-02,1.551750000000000185e+01,-2.351562500000081712e-02
9.770000000000000000e+02,1.170959472656250000e+02,2.812499999999973355e-02,1.544500000000000028e+01,1.312499999999960920e-02
9.771000000000000227e+02,1.174804687500000000e+02,-1.875000000000071054e-03,1.521750000000000114e+01,-3.882812500000110134e-02
9.772000000000000455e+02,1.168395996093750000e+02,4.812499999999975131e-02,1.544249999999999901e+01,-8.203125000000532907e-03
9.772999999999999545e+02,1.143676757812500000e+02,-3.624999999999989342e-02,1.520250000000000057e+01,-2.351562500000081712e-02
9.773999999999999773e+02,1.139465332031250000e+02,2.562499999999978684e-02,1.512249999999999872e+01,-5.468750000000355271e-03
9.775000000000000000e+02,1.138000488281250000e+02,1.812499999999994671e-02,1.552250000000000085e+01,-2.460937500000071054e-02
9.776000000000000227e+02,1.141662597656250000e+02,1.312500000000005329e-02,1.524249999999999972e+01,-5.359375000000099476e-02
9.777000000000000455e+02,1.114929199218750000e+02,5.624999999999769074e-03,1.525250000000000128e+01,-3.171875000000046185e-02
9.777999999999999545e+02,1.113464355468750000e+02,4.562499999999980460e-02,1.517000000000000171e+01,-6.015625000000035527e-02
9.778999999999999773e+02,1.111450195312500000e+02,3.312500000000007105e-02,1.519750000000000156e+01,-4.703125000000074607e-02
9.780000000000000000e+02,1.108886718750000000e+02,7.312500000000010658e-02,1.524500000000000099e+01,-7.875000000000031974e-02
9.781000000000000227e+02,1.107604980468750000e+02,6.312499999999987566e-02,1.533000000000000185e+01,2.679687499999960920e-02
9.782000000000000455e+02,1.083435058593750000e+02,2.062499999999989342e-02,1.539250000000000185e+01,-3.609375000000092371e-02
9.782999999999999545e+02,1.088195800781250000e+02,5.062500000000014211e-02,1.546999999999999886e+01,-3.500000000000103029e-02
9.783999999999999773e+02,1.086547851562500000e+02,2.812499999999973355e-02,1.537249999999999872e+01,-1.585937500000067502e-02
9.785000000000000000e+02,1.084533691406250000e+02,4.562499999999980460e-02,1.529749999999999943e+01,-3.390625000000024869e-02
9.786000000000000227e+02,1.069335937500000000e+02,6.249999999998756550e-04,1.533249999999999957e+01,-7.000000000000028422e-02
9.787000000000000455e+02,1.060913085937500000e+02,3.562500000000001776e-02,1.535249999999999915e+01,-7.656250000001030287e-03
9.787999999999999545e+02,1.066040039062500000e+02,5.312500000000008882e-02,1.531500000000000128e+01,-3.609375000000092371e-02
9.788999999999999773e+02,1.064758300781250000e+02,3.812499999999996447e-02,1.539499999999999957e+01,-1.640625000000284217e-03
9.790000000000000000e+02,1.049926757812500000e+02,5.624999999999769074e-03,1.537750000000000128e+01,-2.734375000000088818e-02
9.791000000000000227e+02,1.047912597656250000e+02,1.312500000000005329e-02,1.530499999999999972e+01,-9.296875000000426326e-03
9.792000000000000455e+02,1.041687011718750000e+02,5.624999999999769074e-03,1.524749999999999872e+01,3.062499999999968026e-02
9.792999999999999545e+02,1.046630859375000000e+02,3.062500000000012434e-02,1.533000000000000185e+01,-2.023437500000024869e-02
9.793999999999999773e+02,1.045166015625000000e+02,4.062499999999991118e-02,1.537000000000000099e+01,-1.148437500000110134e-02
9.795000000000000000e+02,1.026123046875000000e+02,3.812499999999996447e-02,1.539999999999999858e+01,-5.578125000000078160e-02
9.796000000000000227e+02,1.029602050781250000e+02,4.562499999999980460e-02,1.524500000000000099e+01,-1.640625000000106581e-02
9.797000000000000455e+02,1.023376464843750000e+02,1.562500000000000000e-02,1.530250000000000199e+01,-7.437500000000074607e-02
9.797999999999999545e+02,1.028869628906250000e+02,-1.187499999999985789e-02,1.539250000000000185e+01,-2.023437500000024869e-02
9.798999999999999773e+02,1.012939453125000000e+02,7.062500000000015987e-02,1.537249999999999872e+01,-2.515625000000110134e-02
9.800000000000000000e+02,1.007995605468750000e+02,3.812499999999996447e-02,1.540749999999999886e+01,-4.375000000000461853e-03
9.801000000000000227e+02,1.012390136718750000e+02,6.312499999999987566e-02,1.501750000000000185e+01,-9.625000000000039080e-02
9.802000000000000455e+02,1.006713867187500000e+02,4.062499999999991118e-02,1.532000000000000028e+01,-4.648437500000035527e-02
9.802999999999999545e+02,1.005065917968750000e+02,2.312499999999984013e-02,1.539750000000000085e+01,-3.992187500000099476e-02
9.803999999999999773e+02,9.962768554687500000e+01,2.812499999999973355e-02,1.519500000000000028e+01,-1.531250000000028422e-02
9.805000000000000000e+02,9.931640625000000000e+01,5.062500000000014211e-02,1.531749999999999901e+01,-9.023437500000053291e-02
9.806000000000000227e+02,9.975585937500000000e+01,4.062499999999991118e-02,1.514499999999999957e+01,-1.585937500000067502e-02
9.807000000000000455e+02,9.916992187500000000e+01,7.812500000000000000e-02,1.521249999999999858e+01,-2.351562500000081712e-02
9.807999999999999545e+02,9.827270507812500000e+01,2.812499999999973355e-02,1.522749999999999915e+01,-5.851562500000095923e-02
9.808999999999999773e+02,9.808959960937500000e+01,3.562500000000001776e-02,1.512000000000000099e+01,-4.265625000000028422e-02
9.810000000000000000e+02,9.783325195312500000e+01,5.812499999999998224e-02,1.537249999999999872e+01,-5.359375000000099476e-02
9.811000000000000227e+02,9.827270507812500000e+01,4.062499999999991118e-02,1.507750000000000057e+01,-3.882812500000110134e-02
9.812000000000000455e+02,9.664306640625000000e+01,4.312499999999985789e-02,1.537249999999999872e+01,-3.062500000000056843e-02
9.812999999999999545e+02,9.678955078125000000e+01,3.812499999999996447e-02,1.525750000000000028e+01,3.992187499999921840e-02
9.813999999999999773e+02,9.664306640625000000e+01,2.562499999999978684e-02,1.530999999999999872e+01,-4.703125000000074607e-02
9.815000000000000000e+02,9.640502929687500000e+01,1.562500000000000000e-02,1.547749999999999915e+01,6.562499999999360512e-03
9.816000000000000227e+02,9.662475585937500000e+01,4.062499999999991118e-02,1.549249999999999972e+01,-4.812500000000063949e-02
9.817000000000000455e+02,9.501342773437500000e+01,4.812499999999975131e-02,1.520500000000000185e+01,-4.156250000000039080e-02
9.817999999999999545e+02,9.543457031250000000e+01,6.562499999999982236e-02,1.519249999999999901e+01,3.171874999999957367e-02
9.818999999999999773e+02,9.537963867187500000e+01,1.062500000000010658e-02,1.524749999999999872e+01,-5.304687500000060396e-02
9.820000000000000000e+02,9.514160156250000000e+01,3.312500000000007105e-02,1.530999999999999872e+01,1.367187499999911182e-02
9.821000000000000227e+02,9.439086914062500000e+01,5.312500000000008882e-02,1.543750000000000000e+01,6.562499999999360512e-03
9.822000000000000455e+02,9.367675781250000000e+01,6.062499999999992895e-02,1.525250000000000128e+01,-4.921875000000852651e-03
9.822999999999999545e+02,9.415283203125000000e+01,4.562499999999980460e-02,1.525750000000000028e+01,-6.179687500000063949e-02
9.823999999999999773e+02,9.404296875000000000e+01,4.312499999999985789e-02,1.535500000000000043e+01,2.789062499999950262e-02
9.825000000000000000e+02,9.314575195312500000e+01,5.062500000000014211e-02,1.540749999999999886e+01,-1.640625000000284217e-03
9.826000000000000227e+02,9.305419921875000000e+01,3.562500000000001776e-02,1.548000000000000043e+01,-1.968750000000074607e-02
9.827000000000000455e+02,9.248657226562500000e+01,3.312500000000007105e-02,1.531500000000000128e+01,-5.578125000000078160e-02
9.827999999999999545e+02,9.292602539062500000e+01,2.312499999999984013e-02,1.546249999999999858e+01,-5.742187500000106581e-02
9.828999999999999773e+02,9.290771484375000000e+01,2.562499999999978684e-02,1.530000000000000071e+01,-4.921875000000053291e-02
9.830000000000000000e+02,9.149780273437500000e+01,1.062500000000010658e-02,1.512999999999999901e+01,-2.789062500000039080e-02
9.831000000000000227e+02,9.186401367187500000e+01,4.312499999999985789e-02,1.540500000000000114e+01,-3.828125000000959233e-03
9.832000000000000455e+02,9.129638671875000000e+01,3.562500000000001776e-02,1.535249999999999915e+01,3.335937499999896971e-02
9.832999999999999545e+02,9.173583984375000000e+01,1.812499999999994671e-02,1.537750000000000128e+01,-7.492187500000024869e-02
9.833999999999999773e+02,9.078369140625000000e+01,2.312499999999984013e-02,1.542249999999999943e+01,-2.023437500000024869e-02
9.835000000000000000e+02,9.030761718750000000e+01,2.812499999999973355e-02,1.542750000000000199e+01,-3.226562500000085265e-02
9.836000000000000227e+02,9.071044921875000000e+01,1.312500000000005329e-02,1.519750000000000156e+01,-3.281250000000035527e-02
9.837000000000000455e+02,9.019775390625000000e+01,1.812499999999994671e-02,1.525750000000000028e+01,-5.414062500000049738e-02
9.837999999999999545e+02,9.025268554687500000e+01,4.812499999999975131e-02,1.529749999999999943e+01,1.859374999999907629e-02
9.838999999999999773e+02,8.937377929687500000e+01,-3.943750000000001421e-01,1.534250000000000114e+01,-1.148437500000110134e-02
9.840000000000000000e+02,8.906250000000000000e+01,-1.437500000000024869e-02,1.565749999999999886e+01,-4.046875000000049738e-02
9.841000000000000227e+02,8.952026367187500000e+01,2.562499999999978684e-02,1.546000000000000085e+01,1.749999999999918288e-02
9.842000000000000455e+02,8.895263671875000000e+01,3.312500000000007105e-02,1.535999999999999943e+01,-2.953125000000067502e-02
9.842999999999999545e+02,8.842163085937500000e+01,1.812499999999994671e-02,1.549249999999999972e+01,-1.476562500000078160e-02
9.843999999999999773e+02,8.825683593750000000e+01,6.812499999999976907e-02,1.537249999999999872e+01,-3.937500000000060396e-02
9.845000000000000000e+02,8.803710937500000000e+01,4.562499999999980460e-02,1.542999999999999972e+01,-4.976562500000092371e-02
9.846000000000000227e+02,8.842163085937500000e+01,2.062499999999989342e-02,1.533000000000000185e+01,-3.773437500000031974e-02
9.847000000000000455e+02,8.717651367187500000e+01,4.062499999999991118e-02,1.539999999999999858e+01,-4.429687500000056843e-02
9.847999999999999545e+02,8.721313476562500000e+01,3.562500000000001776e-02,1.556250000000000000e+01,-4.210937500000078160e-02
9.848999999999999773e+02,8.713989257812500000e+01,1.312500000000005329e-02,1.541750000000000043e+01,-3.062500000000056843e-02
9.850000000000000000e+02,8.688354492187500000e+01,2.562499999999978684e-02,1.521000000000000085e+01,-2.187500000000053291e-02
9.851000000000000227e+02,8.728637695312500000e+01,1.062500000000010658e-02,1.544999999999999929e+01,-7.875000000000031974e-02
9.852000000000000455e+02,8.583984375000000000e+01,-1.187499999999985789e-02,1.532000000000000028e+01,1.914062499999946709e-02
9.852999999999999545e+02,8.618774414062500000e+01,2.562499999999978684e-02,1.521750000000000114e+01,-1.968750000000074607e-02
9.853999999999999773e+02,8.613281250000000000e+01,2.312499999999984013e-02,1.542750000000000199e+01,-5.906250000000046185e-02
9.855000000000000000e+02,8.587646484375000000e+01,-4.375000000000017764e-03,1.528750000000000142e+01,-6.781250000000049738e-02
9.856000000000000227e+02,8.536376953125000000e+01,5.562500000000003553e-02,1.535249999999999915e+01,-3.007812500000106581e-02
9.857000000000000455e+02,8.470458984375000000e+01,4.562499999999980460e-02,1.533749999999999858e+01,-5.468750000000088818e-02
9.857999999999999545e+02,8.507080078125000000e+01,4.312499999999985789e-02,1.545749999999999957e+01,-2.187500000000675016e-03
9.858999999999999773e+02,8.505249023437500000e+01,4.062499999999991118e-02,1.528249999999999886e+01,-5.140625000000031974e-02
9.860000000000000000e+02,8.435668945312500000e+01,5.812499999999998224e-02,1.537750000000000128e+01,-1.421875000000039080e-02
9.861000000000000227e+02,8.421020507812500000e+01,4.562499999999980460e-02,1.540249999999999986e+01,-1.585937500000067502e-02
9.862000000000000455e+02,8.369750976562500000e+01,5.812499999999998224e-02,1.543750000000000000e+01,1.093749999999005240e-03
9.862999999999999545e+02,8.410034179687500000e+01,3.562500000000001776e-02,1.535000000000000142e+01,-3.554687500000053291e-02
9.863999999999999773e+02,8.408203125000000000e+01,6.562499999999982236e-02,1.516250000000000142e+01,-2.023437500000024869e-02
9.865000000000000000e+02,8.289184570312500000e+01,3.062500000000012434e-02,1.536749999999999972e+01,-5.468750000000355271e-03
9.866000000000000227e+02,8.320312500000000000e+01,3.124999999999822364e-03,1.533749999999999858e+01,-1.203125000000060396e-02
9.867000000000000455e+02,8.267211914062500000e+01,2.312499999999984013e-02,1.540749999999999886e+01,-4.976562500000092371e-02
9.867999999999999545e+02,8.307495117187500000e+01,2.062499999999989342e-02,1.534499999999999886e+01,-1.695312500000056843e-02
9.868999999999999773e+02,8.236083984375000000e+01,-5.250000000000021316e-02,1.523750000000000071e+01,8.203124999999644729e-03
9.870000000000000000e+02,8.181152343750000000e+01,4.812499999999975131e-02,1.534250000000000114e+01,-1.750000000000095923e-02
9.871000000000000227e+02,8.219604492187500000e+01,4.812499999999975131e-02,1.537999999999999901e+01,-1.148437500000110134e-02
9.872000000000000455e+02,8.164672851562500000e+01,3.562500000000001776e-02,1.540500000000000114e+01,2.734374999999289457e-03
9.872999999999999545e+02,8.201293945312500000e+01,8.562499999999984013e-02,1.539999999999999858e+01,-2.023437500000024869e-02
9.873999999999999773e+02,8.120727539062500000e+01,3.312500000000007105e-02,1.532250000000000156e+01,-3.281250000000568434e-03
9.875000000000000000e+02,8.087768554687500000e+01,2.312499999999984013e-02,1.538500000000000156e+01,-7.328125000000085265e-02
9.876000000000000227e+02,8.131713867187500000e+01,2.312499999999984013e-02,1.546750000000000114e+01,-6.562500000000248690e-03
9.877000000000000455e+02,8.078613281250000000e+01,5.562500000000003553e-02,1.532750000000000057e+01,-8.750000000000923706e-03
9.877999999999999545e+02,8.043823242187500000e+01,4.562499999999980460e-02,1.535500000000000043e+01,-1.203125000000060396e-02
9.878999999999999773e+02,8.025512695312500000e+01,2.812499999999973355e-02,1.531749999999999901e+01,-2.023437500000024869e-02
9.880000000000000000e+02,7.996215820312500000e+01,3.812499999999996447e-02,1.555250000000000199e+01,-6.125000000000024869e-02
9.881000000000000227e+02,8.038330078125000000e+01,3.062500000000012434e-02,1.512000000000000099e+01,-1.093750000000781597e-03
9.882000000000000455e+02,7.948608398437500000e+01,3.062500000000012434e-02,1.551249999999999929e+01,-3.992187500000099476e-02
9.882999999999999545e+02,7.948608398437500000e+01,4.062499999999991118e-02,1.539000000000000057e+01,3.281249999999680256e-03
9.883999999999999773e+02,7.946777343750000000e+01,2.312499999999984013e-02,1.528249999999999886e+01,-5.742187500000106581e-02
9.885000000000000000e+02,7.917480468750000000e+01,5.062500000000014211e-02,1.539750000000000085e+01,1.640624999999396039e-03
9.886000000000000227e+02,7.959594726562500000e+01,5.062500000000014211e-02,1.523250000000000171e+01,-4.210937500000078160e-02
9.887000000000000455e+02,7.825927734375000000e+01,3.562500000000001776e-02,1.537500000000000000e+01,-6.343750000000092371e-02
9.887999999999999545e+02,7.858886718750000000e+01,8.124999999999715783e-03,1.552250000000000085e+01,-4.812500000000063949e-02
9.888999999999999773e+02,7.855224609375000000e+01,4.062499999999991118e-02,1.540249999999999986e+01,-6.015625000000035527e-02
9.890000000000000000e+02,7.829589843750000000e+01,4.062499999999991118e-02,1.538250000000000028e+01,-6.015625000000746070e-03
9.891000000000000227e+02,7.798461914062500000e+01,1.562500000000000000e-02,1.528750000000000142e+01,-8.640625000000046185e-02
9.892000000000000455e+02,7.732543945312500000e+01,3.062500000000012434e-02,1.526000000000000156e+01,-4.265625000000028422e-02
9.892999999999999545e+02,7.769165039062500000e+01,6.562499999999982236e-02,1.508749999999999858e+01,-3.609375000000092371e-02
9.893999999999999773e+02,7.767333984375000000e+01,4.062499999999991118e-02,1.535249999999999915e+01,-5.851562500000095923e-02
9.895000000000000000e+02,7.721557617187500000e+01,3.062500000000012434e-02,1.542249999999999943e+01,-3.062500000000056843e-02
9.896000000000000227e+02,7.701416015625000000e+01,2.562499999999978684e-02,1.520500000000000185e+01,-4.867187500000103029e-02
9.897000000000000455e+02,7.650146484375000000e+01,1.062500000000010658e-02,1.543250000000000099e+01,-4.976562500000092371e-02
9.897999999999999545e+02,7.683105468750000000e+01,4.812499999999975131e-02,1.539000000000000057e+01,-1.804687500000046185e-02
9.898999999999999773e+02,7.684936523437500000e+01,6.062499999999992895e-02,1.539000000000000057e+01,-4.046875000000049738e-02
9.900000000000000000e+02,7.589721679687500000e+01,4.312499999999985789e-02,1.558249999999999957e+01,4.539062499999957367e-02
9.901000000000000227e+02,7.615356445312500000e+01,6.062499999999992895e-02,1.503000000000000114e+01,-3.773437500000031974e-02
9.902000000000000455e+02,7.573242187500000000e+01,-4.375000000000017764e-03,1.542249999999999943e+01,-9.187500000000081712e-02
9.902999999999999545e+02,7.608032226562500000e+01,2.812499999999973355e-02,1.542750000000000199e+01,-1.203125000000060396e-02
9.903999999999999773e+02,7.564086914062500000e+01,4.562499999999980460e-02,1.547250000000000014e+01,-4.101562500000088818e-02
9.905000000000000000e+02,7.498168945312500000e+01,4.062499999999991118e-02,1.524500000000000099e+01,-4.210937500000078160e-02
9.906000000000000227e+02,7.532958984375000000e+01,5.562500000000003553e-02,1.531749999999999901e+01,-1.695312500000056843e-02
9.907000000000000455e+02,7.490844726562500000e+01,-1.437500000000024869e-02,1.547250000000000014e+01,3.773437499999943157e-02
9.907999999999999545e+02,7.523803710937500000e+01,8.062499999999994671e-02,1.524249999999999972e+01,-7.109375000000639488e-03
9.908999999999999773e+02,7.450561523437500000e+01,2.812499999999973355e-02,1.533999999999999986e+01,-8.750000000000923706e-03
9.910000000000000000e+02,7.419433593750000000e+01,2.312499999999984013e-02,1.532750000000000057e+01,-7.273437500000046185e-02
9.911000000000000227e+02,7.457885742187500000e+01,7.062500000000015987e-02,1.538500000000000156e+01,-3.007812500000106581e-02
9.912000000000000455e+02,7.412109375000000000e+01,4.562499999999980460e-02,1.547250000000000014e+01,-3.500000000000103029e-02
9.912999999999999545e+02,7.390136718750000000e+01,3.312500000000007105e-02,1.530999999999999872e+01,-5.304687500000060396e-02
9.913999999999999773e+02,7.373657226562500000e+01,3.812499999999996447e-02,1.523750000000000071e+01,-1.695312500000056843e-02
9.915000000000000000e+02,7.344360351562500000e+01,3.812499999999996447e-02,1.571999999999999886e+01,-4.210937500000078160e-02
9.916000000000000227e+02,7.382812500000000000e+01,4.812499999999975131e-02,1.537999999999999901e+01,-1.804687500000046185e-02
9.917000000000000455e+02,7.315063476562500000e+01,1.312500000000005329e-02,1.543250000000000099e+01,-4.265625000000028422e-02
9.917999999999999545e+02,7.294921875000000000e+01,4.062499999999991118e-02,1.573499999999999943e+01,1.640624999999396039e-03
9.918999999999999773e+02,7.293090820312500000e+01,1.812499999999994671e-02,1.509750000000000014e+01,-6.507812500000031974e-02
9.920000000000000000e+02,7.269287109375000000e+01,-4.375000000000017764e-03,1.541250000000000142e+01,-6.398437500000042633e-02
9.921000000000000227e+02,7.305908203125000000e+01,3.062500000000012434e-02,1.526999999999999957e+01,-1.859375000000085265e-02
9.922000000000000455e+02,7.197875976562500000e+01,3.812499999999996447e-02,1.545250000000000057e+01,1.585937499999889866e-02
9.922999999999999545e+02,7.225341796875000000e+01,7.812500000000000000e-02,1.539750000000000085e+01,-4.265625000000028422e-02
9.923999999999999773e+02,7.225341796875000000e+01,3.312500000000007105e-02,1.516750000000000043e+01,-2.187500000000675016e-03
9.925000000000000000e+02,7.194213867187500000e+01,4.562499999999980460e-02,1.534250000000000114e+01,-3.500000000000103029e-02
9.926000000000000227e+02,7.190551757812500000e+01,8.124999999999715783e-03,1.541000000000000014e+01,-6.398437500000042633e-02
9.927000000000000455e+02,7.124633789062500000e+01,5.812499999999998224e-02,1.564250000000000185e+01,-4.539062500000046185e-02
9.927999999999999545e+02,7.157592773437500000e+01,2.562499999999978684e-02,1.525750000000000028e+01,-4.210937500000078160e-02
9.928999999999999773e+02,7.153930664062500000e+01,1.312500000000005329e-02,1.561250000000000071e+01,-5.578125000000078160e-02
9.930000000000000000e+02,7.128295898437500000e+01,4.562499999999980460e-02,1.559250000000000114e+01,-5.031250000000042633e-02
9.931000000000000227e+02,7.098999023437500000e+01,5.562500000000003553e-02,1.566000000000000014e+01,-6.890625000000039080e-02
9.932000000000000455e+02,7.053222656250000000e+01,6.812499999999976907e-02,1.540249999999999986e+01,-2.570312500000060396e-02
9.932999999999999545e+02,7.084350585937500000e+01,4.312499999999985789e-02,1.546999999999999886e+01,-9.789062500000067502e-02
9.933999999999999773e+02,7.084350585937500000e+01,3.812499999999996447e-02,1.548250000000000171e+01,-2.515625000000110134e-02
9.935000000000000000e+02,7.001953125000000000e+01,2.312499999999984013e-02,1.510000000000000142e+01,-3.554687500000053291e-02
9.936000000000000227e+02,7.023925781250000000e+01,2.562499999999978684e-02,1.530000000000000071e+01,-2.023437500000024869e-02
9.937000000000000455e+02,6.985473632812500000e+01,1.312500000000005329e-02,1.530750000000000099e+01,-5.523437500000039080e-02
9.937999999999999545e+02,7.014770507812500000e+01,1.562500000000000000e-02,1.537249999999999872e+01,3.281249999999680256e-03
9.938999999999999773e+02,6.996459960937500000e+01,2.312499999999984013e-02,1.527250000000000085e+01,-2.515625000000110134e-02
9.940000000000000000e+02,6.928710937500000000e+01,1.562500000000000000e-02,1.545250000000000057e+01,-8.804687500000074607e-02
9.941000000000000227e+02,6.963500976562500000e+01,4.312499999999985789e-02,1.547749999999999915e+01,-6.070312500000074607e-02
9.942000000000000455e+02,6.919555664062500000e+01,5.062500000000014211e-02,1.547250000000000014e+01,-6.015625000000035527e-02
9.942999999999999545e+02,6.956176757812500000e+01,1.812499999999994671e-02,1.537750000000000128e+01,8.203124999999644729e-03
9.943999999999999773e+02,6.892089843750000000e+01,2.812499999999973355e-02,1.533749999999999858e+01,-3.281250000000568434e-03
9.945000000000000000e+02,6.859130859375000000e+01,5.312500000000008882e-02,1.543250000000000099e+01,-3.609375000000092371e-02
9.946000000000000227e+02,6.895751953125000000e+01,8.124999999999715783e-03,1.539999999999999858e+01,-1.367187500000088818e-02
9.947000000000000455e+02,6.851806640625000000e+01,5.812499999999998224e-02,1.539250000000000185e+01,-4.429687500000056843e-02
9.947999999999999545e+02,6.844482421875000000e+01,-6.874999999999964473e-03,1.521750000000000114e+01,-5.796875000000056843e-02
9.948999999999999773e+02,6.824340820312500000e+01,2.562499999999978684e-02,1.528750000000000142e+01,-7.546875000000063949e-02
9.950000000000000000e+02,6.798706054687500000e+01,5.312500000000008882e-02,1.526249999999999929e+01,7.656249999999253930e-03
9.951000000000000227e+02,6.833496093750000000e+01,1.812499999999994671e-02,1.545250000000000057e+01,-2.515625000000110134e-02
9.952000000000000455e+02,6.795043945312500000e+01,4.812499999999975131e-02,1.543250000000000099e+01,-8.148437500000049738e-02
9.952999999999999545e+02,6.758422851562500000e+01,7.312500000000010658e-02,1.523750000000000071e+01,-1.421875000000039080e-02
9.953999999999999773e+02,6.754760742187500000e+01,4.062499999999991118e-02,1.528750000000000142e+01,-1.968750000000074607e-02
9.955000000000000000e+02,6.727294921875000000e+01,1.312500000000005329e-02,1.546249999999999858e+01,-3.335937500000074607e-02
9.956000000000000227e+02,6.762084960937500000e+01,4.562499999999980460e-02,1.528000000000000114e+01,-1.804687500000046185e-02
9.957000000000000455e+02,6.672363281250000000e+01,3.312500000000007105e-02,1.514000000000000057e+01,-8.750000000000923706e-03
9.957999999999999545e+02,6.697998046875000000e+01,5.312500000000008882e-02,1.550750000000000028e+01,-2.460937500000071054e-02
9.958999999999999773e+02,6.688842773437500000e+01,3.062500000000012434e-02,1.532750000000000057e+01,-2.625000000000099476e-02
9.960000000000000000e+02,6.672363281250000000e+01,2.312499999999984013e-02,1.544000000000000128e+01,-4.484375000000095923e-02
9.961000000000000227e+02,6.677856445312500000e+01,4.062499999999991118e-02,1.554250000000000043e+01,-5.960937500000085265e-02
9.962000000000000455e+02,6.602783203125000000e+01,7.874999999999987566e-02,1.539000000000000057e+01,-4.976562500000092371e-02
9.962999999999999545e+02,6.635742187500000000e+01,5.812499999999998224e-02,1.524000000000000199e+01,-3.335937500000074607e-02
9.963999999999999773e+02,6.632080078125000000e+01,3.124999999999822364e-03,1.530750000000000099e+01,-2.296875000000042633e-02
9.965000000000000000e+02,6.610107421875000000e+01,2.312499999999984013e-02,1.553000000000000114e+01,-8.750000000000923706e-03
9.966000000000000227e+02,6.591796875000000000e+01,4.562499999999980460e-02,1.518499999999999872e+01,-6.562500000000248690e-03
9.967000000000000455e+02,6.546020507812500000e+01,6.062499999999992895e-02,1.546249999999999858e+01,-3.062500000000056843e-02
9.967999999999999545e+02,6.575317382812500000e+01,4.062499999999991118e-02,1.543750000000000000e+01,-7.601562500000103029e-02
9.968999999999999773e+02,6.573486328125000000e+01,1.562500000000000000e-02,1.531500000000000128e+01,-6.671875000000060396e-02
9.970000000000000000e+02,6.507568359375000000e+01,1.562500000000000000e-02,1.539999999999999858e+01,-4.046875000000049738e-02
9.971000000000000227e+02,6.525878906250000000e+01,6.312499999999987566e-02,1.533500000000000085e+01,-8.421875000000067502e-02
9.972000000000000455e+02,6.485595703125000000e+01,2.812499999999973355e-02,1.518750000000000000e+01,4.921874999999076294e-03
9.972999999999999545e+02,6.511230468750000000e+01,4.562499999999980460e-02,1.506749999999999901e+01,8.749999999999147349e-03
9.973999999999999773e+02,6.511230468750000000e+01,5.062500000000014211e-02,1.509250000000000114e+01,-8.914062500000063949e-02
9.975000000000000000e+02,6.434326171875000000e+01,2.312499999999984013e-02,1.525750000000000028e+01,1.695312499999968026e-02
9.976000000000000227e+02,6.459960937500000000e+01,2.312499999999984013e-02,1.556250000000000000e+01,-4.429687500000056843e-02
9.977000000000000455e+02,6.423339843750000000e+01,3.812499999999996447e-02,1.533999999999999986e+01,-5.796875000000056843e-02
9.977999999999999545e+02,6.452636718750000000e+01,4.562499999999980460e-02,1.535500000000000043e+01,-6.289062500000053291e-02
9.978999999999999773e+02,6.410522460937500000e+01,6.062499999999992895e-02,1.532000000000000028e+01,-7.710937500000092371e-02
9.980000000000000000e+02,6.381225585937500000e+01,1.562500000000000000e-02,1.537249999999999872e+01,-8.312500000000078160e-02
9.981000000000000227e+02,6.414184570312500000e+01,3.562500000000001776e-02,1.494500000000000028e+01,-2.187500000000675016e-03
9.982000000000000455e+02,6.373901367187500000e+01,6.062499999999992895e-02,1.537249999999999872e+01,-9.078125000000092371e-02
9.982999999999999545e+02,6.381225585937500000e+01,3.062500000000012434e-02,1.534250000000000114e+01,-5.414062500000049738e-02
9.983999999999999773e+02,6.351928710937500000e+01,8.124999999999715783e-03,1.533999999999999986e+01,-2.625000000000099476e-02
9.985000000000000000e+02,6.328125000000000000e+01,3.812499999999996447e-02,1.539750000000000085e+01,1.093749999999005240e-03
9.986000000000000227e+02,6.362915039062500000e+01,5.812499999999998224e-02,1.567500000000000071e+01,-1.039062500000031974e-02
9.987000000000000455e+02,6.322631835937500000e+01,2.562499999999978684e-02,1.528750000000000142e+01,-5.195312500000071054e-02
9.987999999999999545e+02,6.340942382812500000e+01,3.124999999999822364e-03,1.510999999999999943e+01,-5.851562500000095923e-02
9.988999999999999773e+02,6.340942382812500000e+01,4.562499999999980460e-02,1.535249999999999915e+01,1.640624999999396039e-03
9.990000000000000000e+02,6.318969726562500000e+01,4.062499999999991118e-02,1.544000000000000128e+01,-2.132812500000103029e-02
9.991000000000000227e+02,6.350097656250000000e+01,4.562499999999980460e-02,1.529749999999999943e+01,-2.515625000000110134e-02
9.992000000000000455e+02,6.315307617187500000e+01,3.537500000000000089e+00,1.522250000000000014e+01,1.735343750000000185e+01
9.992999999999999545e+02,6.344604492187500000e+01,3.037500000000000089e+00,1.528999999999999915e+01,1.549406250000000007e+01
9.993999999999999773e+02,6.340942382812500000e+01,3.007499999999999840e+00,1.551999999999999957e+01,1.552031250000000107e+01
9.995000000000000000e+02,6.320800781250000000e+01,2.987499999999999822e+00,1.527749999999999986e+01,1.552468750000000064e+01
9.996000000000000227e+02,6.372070312500000000e+01,2.990000000000000213e+00,1.533999999999999986e+01,1.554820312500000057e+01
9.997000000000000455e+02,6.421508789062500000e+01,3.037500000000000089e+00,1.545250000000000057e+01,1.554765625000000107e+01
9.997999999999999545e+02,6.454467773437500000e+01,2.997500000000000053e+00,1.523750000000000071e+01,1.552195312500000135e+01
9.998999999999999773e+02,6.452636718750000000e+01,3.002499999999999947e+00,1.523499999999999943e+01,1.550937500000000036e+01
1.000000000000000000e+03,6.428833007812500000e+01,3.022499999999999964e+00,1.544750000000000156e+01,1.552851562500000071e+01
1.000100000000000023e+03,6.687011718750000000e+01,3.052500000000000213e+00,1.557250000000000156e+01,1.547765625000000078e+01
1.000200000000000045e+03,6.679687500000000000e+01,3.024999999999999911e+00,1.550000000000000000e+01,1.548914062500000099e+01
1.000299999999999955e+03,6.712646484375000000e+01,3.037500000000000089e+00,1.517500000000000071e+01,1.547601562500000050e+01
1.000399999999999977e+03,6.712646484375000000e+01,3.064999999999999947e+00,1.547250000000000014e+01,1.553234375000000078e+01
1.000500000000000000e+03,6.890258789062500000e+01,3.047499999999999876e+00,1.537999999999999901e+01,1.549242187500000156e+01
1.000600000000000023e+03,7.097167968750000000e+01,3.049999999999999822e+00,1.530000000000000071e+01,1.547492187500000149e+01
1.000700000000000045e+03,7.062377929687500000e+01,3.092499999999999805e+00,1.541250000000000142e+01,1.556406250000000036e+01
1.000799999999999955e+03,7.095336914062500000e+01,3.069999999999999840e+00,1.559750000000000014e+01,1.544484375000000043e+01
1.000899999999999977e+03,7.089843750000000000e+01,3.095000000000000195e+00,1.535000000000000142e+01,1.545960937500000121e+01
1.001000000000000000e+03,7.527465820312500000e+01,3.109999999999999876e+00,1.525750000000000028e+01,1.550390625000000000e+01
1.001100000000000023e+03,7.589721679687500000e+01,3.075000000000000178e+00,1.533000000000000185e+01,1.549843750000000142e+01
1.001200000000000045e+03,7.545776367187500000e+01,3.084999999999999964e+00,1.530750000000000099e+01,1.553179687500000128e+01
1.001299999999999955e+03,7.582397460937500000e+01,3.129999999999999893e+00,1.526750000000000185e+01,1.549625000000000163e+01
1.001399999999999977e+03,7.910156250000000000e+01,3.112499999999999822e+00,1.528000000000000114e+01,1.550664062500000107e+01
1.001500000000000000e+03,7.974243164062500000e+01,3.142500000000000071e+00,1.533249999999999957e+01,1.557335937500000078e+01
1.001600000000000023e+03,8.014526367187500000e+01,3.112499999999999822e+00,1.543250000000000099e+01,1.550609375000000156e+01
1.001700000000000045e+03,7.966918945312500000e+01,3.097500000000000142e+00,1.505000000000000071e+01,1.547820312500000028e+01
1.001799999999999955e+03,8.104248046875000000e+01,3.125000000000000000e+00,1.525750000000000028e+01,1.551429687500000121e+01
1.001899999999999977e+03,8.342285156250000000e+01,3.125000000000000000e+00,1.541000000000000014e+01,1.553289062500000028e+01
1.002000000000000000e+03,8.329467773437500000e+01,3.152499999999999858e+00,1.533249999999999957e+01,1.550828125000000135e+01
1.002100000000000023e+03,8.364257812500000000e+01,3.145000000000000018e+00,1.544750000000000156e+01,1.546179687500000099e+01
1.002200000000000045e+03,8.318481445312500000e+01,3.152499999999999858e+00,1.503999999999999915e+01,1.553890625000000014e+01
1.002299999999999955e+03,8.640747070312500000e+01,3.165000000000000036e+00,1.537000000000000099e+01,1.555914062500000128e+01
1.002399999999999977e+03,8.659057617187500000e+01,3.167499999999999982e+00,1.567750000000000199e+01,1.557062500000000149e+01
1.002500000000000000e+03,8.642578125000000000e+01,3.132499999999999840e+00,1.522749999999999915e+01,1.552851562500000071e+01
1.002600000000000023e+03,8.679199218750000000e+01,3.147499999999999964e+00,1.537999999999999901e+01,1.550171875000000021e+01
1.002700000000000045e+03,8.792724609375000000e+01,3.185000000000000053e+00,1.525250000000000128e+01,1.550335937500000050e+01
1.002799999999999955e+03,8.922729492187500000e+01,3.185000000000000053e+00,1.540249999999999986e+01,1.552578125000000142e+01
1.002899999999999977e+03,8.919067382812500000e+01,3.209999999999999964e+00,1.527749999999999986e+01,1.553015625000000099e+01
1.003000000000000000e+03,8.902587890625000000e+01,3.197499999999999787e+00,1.528750000000000142e+01,1.548367187500000064e+01
1.003100000000000023e+03,8.942871093750000000e+01,3.202500000000000124e+00,1.539000000000000057e+01,1.550171875000000021e+01
1.003200000000000045e+03,9.125976562500000000e+01,3.229999999999999982e+00,1.550250000000000128e+01,1.553617187500000085e+01
1.003299999999999955e+03,9.184570312500000000e+01,3.200000000000000178e+00,1.530499999999999972e+01,1.553015625000000099e+01
1.003399999999999977e+03,9.173583984375000000e+01,3.242500000000000160e+00,1.526500000000000057e+01,1.548367187500000064e+01
1.003500000000000000e+03,9.149780273437500000e+01,3.194999999999999840e+00,1.519500000000000028e+01,1.552632812500000092e+01
1.003600000000000023e+03,9.389648437500000000e+01,3.352500000000000036e+00,1.533500000000000085e+01,1.549734375000000064e+01
1.003700000000000045e+03,9.367675781250000000e+01,3.229999999999999982e+00,1.546750000000000114e+01,1.551539062500000021e+01
1.003799999999999955e+03,9.413452148437500000e+01,3.192499999999999893e+00,1.530499999999999972e+01,1.546890625000000163e+01
1.003899999999999977e+03,9.404296875000000000e+01,3.252499999999999947e+00,1.537999999999999901e+01,1.554382812500000099e+01
1.004000000000000000e+03,9.483032226562500000e+01,3.217499999999999805e+00,1.550250000000000128e+01,1.545687500000000014e+01
1.004100000000000023e+03,9.638671875000000000e+01,3.172499999999999876e+00,1.543250000000000099e+01,1.550773437500000007e+01
1.004200000000000045e+03,9.581909179687500000e+01,3.265000000000000124e+00,1.512500000000000000e+01,1.546507812500000156e+01
1.004299999999999955e+03,9.631347656250000000e+01,3.245000000000000107e+00,1.511749999999999972e+01,1.554984375000000085e+01
1.004399999999999977e+03,9.620361328125000000e+01,3.262500000000000178e+00,1.524749999999999872e+01,1.547382812500000071e+01
1.004500000000000000e+03,9.788818359375000000e+01,3.274999999999999911e+00,1.542000000000000171e+01,1.551539062500000021e+01
1.004600000000000023e+03,9.843750000000000000e+01,3.302500000000000213e+00,1.536749999999999972e+01,1.557718750000000085e+01
1.004700000000000045e+03,9.783325195312500000e+01,3.265000000000000124e+00,1.536749999999999972e+01,1.549406250000000007e+01
1.004799999999999955e+03,9.836425781250000000e+01,3.297499999999999876e+00,1.524749999999999872e+01,1.549679687500000114e+01
1.004899999999999977e+03,9.971923828125000000e+01,3.325000000000000178e+00,1.560750000000000171e+01,1.551757812500000000e+01
1.005000000000000000e+03,9.999389648437500000e+01,3.314999999999999947e+00,1.535750000000000171e+01,1.543882812500000057e+01
1.005100000000000023e+03,1.004516601562500000e+02,3.350000000000000089e+00,1.551750000000000185e+01,1.550226562500000149e+01
1.005200000000000045e+03,9.982910156250000000e+01,3.334999999999999964e+00,1.530750000000000099e+01,1.555531250000000121e+01
1.005299999999999955e+03,1.008178710937500000e+02,3.305000000000000160e+00,1.546999999999999886e+01,1.550117187500000071e+01
1.005399999999999977e+03,1.018798828125000000e+02,3.334999999999999964e+00,1.527749999999999986e+01,1.552578125000000142e+01
1.005500000000000000e+03,1.018615722656250000e+02,3.352500000000000036e+00,1.536250000000000071e+01,1.550281250000000099e+01
1.005600000000000023e+03,1.022460937500000000e+02,3.319999999999999840e+00,1.535249999999999915e+01,1.551046875000000114e+01
1.005700000000000045e+03,1.016418457031250000e+02,3.330000000000000071e+00,1.546999999999999886e+01,1.547109375000000142e+01
1.005799999999999955e+03,1.037841796875000000e+02,3.342500000000000249e+00,1.530750000000000099e+01,1.548585937500000043e+01
1.005899999999999977e+03,1.038208007812500000e+02,3.342500000000000249e+00,1.540249999999999986e+01,1.547765625000000078e+01
1.006000000000000000e+03,1.036926269531250000e+02,3.314999999999999947e+00,1.536500000000000199e+01,1.549898437500000092e+01
1.006100000000000023e+03,1.040222167968750000e+02,3.347500000000000142e+00,1.541750000000000043e+01,1.550882812500000085e+01
1.006200000000000045e+03,1.045898437500000000e+02,3.384999999999999787e+00,1.532000000000000028e+01,1.549843750000000142e+01
1.006299999999999955e+03,1.057800292968750000e+02,3.334999999999999964e+00,1.521750000000000114e+01,1.554765625000000107e+01
1.006399999999999977e+03,1.055969238281250000e+02,3.347500000000000142e+00,1.519500000000000028e+01,1.547820312500000028e+01
1.006500000000000000e+03,1.054687500000000000e+02,3.367500000000000160e+00,1.539250000000000185e+01,1.549789062500000014e+01
1.006600000000000023e+03,1.059631347656250000e+02,3.347500000000000142e+00,1.539250000000000185e+01,1.546781250000000085e+01
1.006700000000000045e+03,1.068420410156250000e+02,3.379999999999999893e+00,1.525000000000000000e+01,1.549078125000000128e+01
1.006799999999999955e+03,1.074829101562500000e+02,3.359999999999999876e+00,1.533999999999999986e+01,1.552742187499999993e+01
1.006899999999999977e+03,1.072814941406250000e+02,3.372500000000000053e+00,1.551249999999999929e+01,1.548750000000000071e+01
1.007000000000000000e+03,1.071716308593750000e+02,3.412500000000000089e+00,1.553249999999999886e+01,1.552195312500000135e+01
1.007100000000000023e+03,1.090209960937500000e+02,3.390000000000000124e+00,1.535999999999999943e+01,1.546726562500000135e+01
1.007200000000000045e+03,1.086181640625000000e+02,3.417499999999999982e+00,1.532000000000000028e+01,1.554437500000000050e+01
1.007299999999999955e+03,1.092224121093750000e+02,3.430000000000000160e+00,1.520500000000000185e+01,1.551046875000000114e+01
1.007399999999999977e+03,1.090209960937500000e+02,3.455000000000000071e+00,1.519999999999999929e+01,1.547218750000000043e+01
1.007500000000000000e+03,1.097717285156250000e+02,3.412500000000000089e+00,1.507000000000000028e+01,1.552687500000000043e+01
1.007600000000000023e+03,1.109252929687500000e+02,3.430000000000000160e+00,1.544249999999999901e+01,1.549898437500000092e+01
1.007700000000000045e+03,1.103393554687500000e+02,3.452500000000000124e+00,1.539000000000000057e+01,1.552250000000000085e+01
1.007799999999999955e+03,1.108886718750000000e+02,3.452500000000000124e+00,1.523250000000000171e+01,1.548312500000000114e+01
1.007899999999999977e+03,1.106872558593750000e+02,3.422499999999999876e+00,1.536749999999999972e+01,1.549898437500000092e+01
1.008000000000000000e+03,1.120971679687500000e+02,3.455000000000000071e+00,1.549249999999999972e+01,1.545523437500000163e+01
1.008100000000000023e+03,1.125732421875000000e+02,3.467500000000000249e+00,1.535000000000000142e+01,1.549242187500000156e+01
1.008200000000000045e+03,1.119323730468750000e+02,3.490000000000000213e+00,1.514000000000000057e+01,1.549898437500000092e+01
1.008299999999999955e+03,1.125366210937500000e+02,3.495000000000000107e+00,1.522500000000000142e+01,1.547875000000000156e+01
1.008399999999999977e+03,1.135437011718750000e+02,3.477500000000000036e+00,1.525499999999999901e+01,1.550007812499999993e+01
1.008500000000000000e+03,1.137268066406250000e+02,3.482499999999999929e+00,1.532000000000000028e+01,1.553289062500000028e+01
1.008600000000000023e+03,1.141662597656250000e+02,3.475000000000000089e+00,1.545250000000000057e+01,1.547492187500000149e+01
1.008700000000000045e+03,1.135070800781250000e+02,3.500000000000000000e+00,1.562999999999999901e+01,1.557117187500000099e+01
1.008799999999999955e+03,1.146789550781250000e+02,3.492500000000000160e+00,1.523250000000000171e+01,1.548367187500000064e+01
1.008899999999999977e+03,1.154296875000000000e+02,3.537500000000000089e+00,1.550250000000000128e+01,1.544921875000000000e+01
1.009000000000000000e+03,1.153747558593750000e+02,3.515000000000000124e+00,1.539499999999999957e+01,1.554656250000000028e+01
1.009100000000000023e+03,1.157775878906250000e+02,3.527499999999999858e+00,1.529250000000000043e+01,1.548421875000000014e+01
1.009200000000000045e+03,1.151367187500000000e+02,3.482499999999999929e+00,1.535249999999999915e+01,1.553890625000000014e+01
1.009299999999999955e+03,1.172241210937500000e+02,3.524999999999999911e+00,1.560000000000000142e+01,1.553179687500000128e+01
1.009399999999999977e+03,1.171325683593750000e+02,3.537500000000000089e+00,1.518250000000000099e+01,1.549351562500000057e+01
1.009500000000000000e+03,1.170959472656250000e+02,3.555000000000000160e+00,1.525250000000000128e+01,1.555859375000000000e+01
1.009600000000000023e+03,1.174621582031250000e+02,3.587499999999999911e+00,1.532000000000000028e+01,1.547820312500000028e+01
1.009700000000000045e+03,1.179016113281250000e+02,3.540000000000000036e+00,1.517500000000000071e+01,1.546125000000000149e+01
1.009799999999999955e+03,1.189270019531250000e+02,3.540000000000000036e+00,1.525499999999999901e+01,1.547000000000000064e+01
1.009899999999999977e+03,1.186706542968750000e+02,3.560000000000000053e+00,1.546249999999999858e+01,1.549351562500000057e+01
1.010000000000000000e+03,1.185791015625000000e+02,3.570000000000000284e+00,1.540749999999999886e+01,1.548750000000000071e+01
1.010100000000000023e+03,1.192382812500000000e+02,3.557500000000000107e+00,1.528500000000000014e+01,1.550718750000000057e+01
1.010200000000000045e+03,1.198791503906250000e+02,3.537500000000000089e+00,1.530250000000000199e+01,1.547875000000000156e+01
1.010299999999999955e+03,1.205749511718750000e+02,3.584999999999999964e+00,1.542999999999999972e+01,1.548914062500000099e+01
1.010399999999999977e+03,1.202819824218750000e+02,3.597500000000000142e+00,1.533000000000000185e+01,1.551648437500000099e+01
1.010500000000000000e+03,1.202453613281250000e+02,3.577500000000000124e+00,1.533000000000000185e+01,1.549406250000000007e+01
1.010600000000000023e+03,1.220031738281250000e+02,3.594999999999999751e+00,1.528750000000000142e+01,1.549460937500000135e+01
1.010700000000000045e+03,1.215454101562500000e+02,3.575000000000000178e+00,1.542000000000000171e+01,1.553398437500000107e+01
1.010799999999999955e+03,1.221496582031250000e+02,3.622500000000000053e+00,1.510000000000000142e+01,1.547546875000000099e+01
1.010899999999999977e+03,1.218750000000000000e+02,3.597500000000000142e+00,1.530499999999999972e+01,1.551210937500000142e+01
1.011000000000000000e+03,1.227722167968750000e+02,3.597500000000000142e+00,1.528750000000000142e+01,1.544101562500000036e+01
1.011100000000000023e+03,1.236877441406250000e+02,3.589999999999999858e+00,1.526249999999999929e+01,1.553562500000000135e+01
1.011200000000000045e+03,1.231201171875000000e+02,3.632500000000000284e+00,1.555250000000000199e+01,1.557718750000000085e+01
1.011299999999999955e+03,1.237792968750000000e+02,3.617500000000000160e+00,1.535750000000000171e+01,1.545085937500000028e+01
1.011399999999999977e+03,1.233764648437500000e+02,3.592500000000000249e+00,1.548250000000000171e+01,1.546945312500000114e+01
1.011500000000000000e+03,1.249511718750000000e+02,3.620000000000000107e+00,1.537249999999999872e+01,1.553726562500000163e+01
1.011600000000000023e+03,1.253723144531250000e+02,3.604999999999999982e+00,1.566250000000000142e+01,1.552359375000000163e+01
1.011700000000000045e+03,1.247497558593750000e+02,3.667499999999999982e+00,1.548250000000000171e+01,1.546179687500000099e+01
1.011799999999999955e+03,1.253723144531250000e+02,3.669999999999999929e+00,1.526750000000000185e+01,1.548039062500000007e+01
1.011899999999999977e+03,1.263427734375000000e+02,3.647499999999999964e+00,1.511250000000000071e+01,1.552468750000000064e+01
1.012000000000000000e+03,1.266723632812500000e+02,3.649999999999999911e+00,1.539250000000000185e+01,1.550773437500000007e+01
1.012100000000000023e+03,1.269836425781250000e+02,3.602500000000000036e+00,1.523750000000000071e+01,1.550007812499999993e+01
1.012200000000000045e+03,1.263610839843750000e+02,3.649999999999999911e+00,1.558249999999999957e+01,1.551210937500000142e+01
1.012299999999999955e+03,1.277343750000000000e+02,3.682500000000000107e+00,1.540749999999999886e+01,1.548312500000000114e+01
1.012399999999999977e+03,1.280639648437500000e+02,3.674999999999999822e+00,1.516750000000000043e+01,1.552796875000000121e+01
1.012500000000000000e+03,1.281738281250000000e+02,3.714999999999999858e+00,1.536749999999999972e+01,1.547273437499999993e+01
1.012600000000000023e+03,1.284851074218750000e+02,3.729999999999999982e+00,1.521999999999999886e+01,1.553726562500000163e+01
1.012700000000000045e+03,1.278076171875000000e+02,3.692499999999999893e+00,1.542999999999999972e+01,1.547656250000000000e+01
1.012799999999999955e+03,1.299499511718750000e+02,3.734999999999999876e+00,1.543750000000000000e+01,1.556406250000000036e+01
1.012899999999999977e+03,1.296569824218750000e+02,3.752499999999999947e+00,1.538749999999999929e+01,1.546671875000000007e+01
1.013000000000000000e+03,1.297485351562500000e+02,3.729999999999999982e+00,1.528750000000000142e+01,1.549406250000000007e+01
1.013100000000000023e+03,1.300781250000000000e+02,3.742500000000000160e+00,1.556250000000000000e+01,1.551539062500000021e+01
1.013200000000000045e+03,1.306457519531250000e+02,3.725000000000000089e+00,1.542249999999999943e+01,1.547437500000000021e+01
1.013299999999999955e+03,1.316711425781250000e+02,3.747500000000000053e+00,1.491750000000000043e+01,1.552468750000000064e+01
1.013399999999999977e+03,1.313232421875000000e+02,3.754999999999999893e+00,1.535750000000000171e+01,1.551703125000000050e+01
1.013500000000000000e+03,1.313598632812500000e+02,3.752499999999999947e+00,1.527749999999999986e+01,1.555914062500000128e+01
1.013600000000000023e+03,1.321655273437500000e+02,3.752499999999999947e+00,1.549249999999999972e+01,1.546343750000000128e+01
1.013700000000000045e+03,1.325134277343750000e+02,3.807500000000000107e+00,1.512000000000000099e+01,1.551429687500000121e+01
1.013799999999999955e+03,1.332275390625000000e+02,3.790000000000000036e+00,1.535000000000000142e+01,1.554273437500000021e+01
1.013899999999999977e+03,1.327514648437500000e+02,3.907499999999999751e+00,1.532250000000000156e+01,1.551320312500000043e+01
1.014000000000000000e+03,1.328430175781250000e+02,3.794999999999999929e+00,1.554250000000000043e+01,1.549296875000000107e+01
1.014100000000000023e+03,1.332824707031250000e+02,3.794999999999999929e+00,1.553249999999999886e+01,1.550171875000000021e+01
1.014200000000000045e+03,1.326416015625000000e+02,3.810000000000000053e+00,1.532000000000000028e+01,1.553015625000000099e+01
1.014299999999999955e+03,1.333007812500000000e+02,3.825000000000000178e+00,1.555250000000000199e+01,1.546179687500000099e+01
1.014399999999999977e+03,1.329162597656250000e+02,4.062499999999991118e-02,1.550250000000000128e+01,-6.781250000000049738e-02
1.014500000000000000e+03,1.329711914062500000e+02,4.062499999999991118e-02,1.541000000000000014e+01,-4.375000000000106581e-02
1.014600000000000023e+03,1.332641601562500000e+02,1.312500000000005329e-02,1.508500000000000085e+01,-2.679687500000049738e-02
1.014700000000000045e+03,1.326232910156250000e+02,-9.374999999999911182e-03,1.548250000000000171e+01,1.257812499999921840e-02
1.014799999999999955e+03,1.333007812500000000e+02,1.812499999999994671e-02,1.535249999999999915e+01,-4.867187500000103029e-02
1.014899999999999977e+03,1.328430175781250000e+02,3.124999999999822364e-03,1.553750000000000142e+01,-3.281250000000568434e-03
1.015000000000000000e+03,1.326599121093750000e+02,2.562499999999978684e-02,1.552250000000000085e+01,-3.554687500000053291e-02
1.015100000000000023e+03,1.329895019531250000e+02,2.812499999999973355e-02,1.525000000000000000e+01,-2.898437500000028422e-02
1.015200000000000045e+03,1.323303222656250000e+02,2.562499999999978684e-02,1.523750000000000071e+01,-6.015625000000746070e-03
1.015299999999999955e+03,1.329345703125000000e+02,3.062500000000012434e-02,1.524749999999999872e+01,-5.632812500000028422e-02
1.015399999999999977e+03,1.307556152343750000e+02,6.249999999998756550e-04,1.508999999999999986e+01,-4.921875000000053291e-02
1.015500000000000000e+03,1.306091308593750000e+02,4.062499999999991118e-02,1.535999999999999943e+01,-3.335937500000074607e-02
1.015600000000000023e+03,1.308837890625000000e+02,2.562499999999978684e-02,1.527749999999999986e+01,-9.296875000000426326e-03
1.015700000000000045e+03,1.302429199218750000e+02,5.062500000000014211e-02,1.533999999999999986e+01,-5.414062500000049738e-02
1.015799999999999955e+03,1.288330078125000000e+02,5.562500000000003553e-02,1.547250000000000014e+01,-1.640625000000284217e-03
1.015899999999999977e+03,1.268554687500000000e+02,4.062499999999991118e-02,1.525750000000000028e+01,-3.828125000000959233e-03
1.016000000000000000e+03,1.268554687500000000e+02,5.562500000000003553e-02,1.528750000000000142e+01,-7.820312500000081712e-02
1.016100000000000023e+03,1.272216796875000000e+02,3.562500000000001776e-02,1.540249999999999986e+01,-6.179687500000063949e-02
1.016200000000000045e+03,1.265441894531250000e+02,5.562500000000003553e-02,1.529250000000000043e+01,-3.882812500000110134e-02
1.016299999999999955e+03,1.224426269531250000e+02,3.062500000000012434e-02,1.553999999999999915e+01,-4.703125000000074607e-02
1.016399999999999977e+03,1.218750000000000000e+02,4.812499999999975131e-02,1.518499999999999872e+01,-1.804687500000046185e-02
1.016500000000000000e+03,1.218566894531250000e+02,2.812499999999973355e-02,1.529250000000000043e+01,3.554687499999964473e-02
1.016600000000000023e+03,1.222045898437500000e+02,3.562500000000001776e-02,1.526750000000000185e+01,-1.531250000000028422e-02
1.016700000000000045e+03,1.179931640625000000e+02,5.562500000000003553e-02,1.529749999999999943e+01,-7.656250000001030287e-03
1.016799999999999955e+03,1.177551269531250000e+02,2.062499999999989342e-02,1.525499999999999901e+01,-3.664062500000042633e-02
1.016899999999999977e+03,1.174621582031250000e+02,5.624999999999769074e-03,1.527250000000000085e+01,-2.734375000000088818e-02
1.017000000000000000e+03,1.174072265625000000e+02,3.562500000000001776e-02,1.516499999999999915e+01,-9.406250000000060396e-02
1.017100000000000023e+03,1.163269042968750000e+02,4.312499999999985789e-02,1.530250000000000199e+01,-6.617187500000110134e-02
1.017200000000000045e+03,1.136901855468750000e+02,2.562499999999978684e-02,1.545250000000000057e+01,-2.296875000000042633e-02
1.017299999999999955e+03,1.141479492187500000e+02,6.312499999999987566e-02,1.537249999999999872e+01,9.296874999999538147e-03
1.017399999999999977e+03,1.138549804687500000e+02,7.312500000000010658e-02,1.544000000000000128e+01,-2.187500000000053291e-02
1.017500000000000000e+03,1.138183593750000000e+02,5.562500000000003553e-02,1.551249999999999929e+01,-7.601562500000103029e-02
1.017600000000000023e+03,1.114562988281250000e+02,1.562500000000000000e-02,1.519249999999999901e+01,-2.023437500000024869e-02
1.017700000000000045e+03,1.105224609375000000e+02,1.812499999999994671e-02,1.526750000000000185e+01,-5.960937500000085265e-02
1.017799999999999955e+03,1.111450195312500000e+02,3.062500000000012434e-02,1.518499999999999872e+01,-3.828125000000071054e-02
1.017899999999999977e+03,1.108886718750000000e+02,4.562499999999980460e-02,1.537999999999999901e+01,-6.945312500000078160e-02
1.018000000000000000e+03,1.089843750000000000e+02,2.812499999999973355e-02,1.530750000000000099e+01,-2.625000000000099476e-02
1.018100000000000023e+03,1.087280273437500000e+02,4.062499999999991118e-02,1.537249999999999872e+01,-1.203125000000060396e-02
1.018200000000000045e+03,1.080871582031250000e+02,6.562499999999982236e-02,1.520500000000000185e+01,1.640624999999928946e-02
1.018299999999999955e+03,1.086364746093750000e+02,5.062500000000014211e-02,1.544249999999999901e+01,-3.171875000000046185e-02
1.018399999999999977e+03,1.081237792968750000e+02,2.562499999999978684e-02,1.554250000000000043e+01,6.015624999998969713e-03
1.018500000000000000e+03,1.061645507812500000e+02,2.562499999999978684e-02,1.516000000000000014e+01,-3.007812500000106581e-02
1.018600000000000023e+03,1.064575195312500000e+02,3.812499999999996447e-02,1.523499999999999943e+01,-5.960937500000085265e-02
1.018700000000000045e+03,1.058166503906250000e+02,3.062500000000012434e-02,1.539000000000000057e+01,-2.187500000000675016e-03
1.018799999999999955e+03,1.064208984375000000e+02,1.062500000000010658e-02,1.539750000000000085e+01,-2.953125000000067502e-02
1.018899999999999977e+03,1.044433593750000000e+02,5.312500000000008882e-02,1.511250000000000071e+01,-1.531250000000028422e-02
1.019000000000000000e+03,1.041137695312500000e+02,3.812499999999996447e-02,1.542999999999999972e+01,1.749999999999918288e-02
1.019100000000000023e+03,1.044616699218750000e+02,1.812499999999994671e-02,1.546249999999999858e+01,-6.179687500000063949e-02
1.019200000000000045e+03,1.038391113281250000e+02,1.562500000000000000e-02,1.557750000000000057e+01,-4.484375000000095923e-02
1.019299999999999955e+03,1.033813476562500000e+02,1.062500000000010658e-02,1.554749999999999943e+01,-4.101562500000088818e-02
1.019399999999999977e+03,1.024658203125000000e+02,2.562499999999978684e-02,1.539999999999999858e+01,-5.250000000000110134e-02
1.019500000000000000e+03,1.022644042968750000e+02,2.062499999999989342e-02,1.546000000000000085e+01,-6.890625000000039080e-02
1.019600000000000023e+03,1.026306152343750000e+02,2.562499999999978684e-02,1.532000000000000028e+01,1.203124999999971578e-02
1.019700000000000045e+03,1.020446777343750000e+02,3.312500000000007105e-02,1.541750000000000043e+01,-3.500000000000103029e-02
1.019799999999999955e+03,1.009826660156250000e+02,1.562500000000000000e-02,1.537999999999999901e+01,-5.578125000000078160e-02
1.019899999999999977e+03,1.006896972656250000e+02,6.062499999999992895e-02,1.532750000000000057e+01,-2.351562500000081712e-02
1.020000000000000000e+03,1.005615234375000000e+02,3.062500000000012434e-02,1.541000000000000014e+01,-5.687500000000067502e-02
1.020100000000000023e+03,1.008911132812500000e+02,2.312499999999984013e-02,1.538250000000000028e+01,-5.304687500000060396e-02
1.020200000000000045e+03,9.916992187500000000e+01,2.812499999999973355e-02,1.533749999999999858e+01,-5.796875000000056843e-02
1.020299999999999955e+03,9.937133789062500000e+01,6.062499999999992895e-02,1.512249999999999872e+01,-4.812500000000063949e-02
1.020399999999999977e+03,9.918823242187500000e+01,4.312499999999985789e-02,1.538250000000000028e+01,-6.015625000000035527e-02
1.020500000000000000e+03,9.907836914062500000e+01,6.312499999999987566e-02,1.528249999999999886e+01,-4.648437500000035527e-02
1.020600000000000023e+03,9.895019531250000000e+01,2.812499999999973355e-02,1.530750000000000099e+01,-3.281250000000568434e-03
1.020700000000000045e+03,9.737548828125000000e+01,1.312500000000005329e-02,1.540749999999999886e+01,1.695312499999968026e-02
1.020799999999999955e+03,9.785156250000000000e+01,5.062500000000014211e-02,1.538250000000000028e+01,-6.781250000000049738e-02
1.020899999999999977e+03,9.770507812500000000e+01,1.562500000000000000e-02,1.553249999999999886e+01,-6.015625000000035527e-02
1.021000000000000000e+03,9.759521484375000000e+01,3.062500000000012434e-02,1.522250000000000014e+01,-5.468750000000088818e-02
1.021100000000000023e+03,9.675292968750000000e+01,8.062499999999994671e-02,1.521000000000000085e+01,-3.445312500000063949e-02
1.021200000000000045e+03,9.603881835937500000e+01,1.062500000000010658e-02,1.517500000000000071e+01,-1.148437500000110134e-02
1.021299999999999955e+03,9.656982421875000000e+01,1.812499999999994671e-02,1.512000000000000099e+01,-5.195312500000071054e-02
1.021399999999999977e+03,9.640502929687500000e+01,4.062499999999991118e-02,1.521999999999999886e+01,-4.210937500000078160e-02
1.021500000000000000e+03,9.547119140625000000e+01,1.562500000000000000e-02,1.530000000000000071e+01,-6.726562500000099476e-02
1.021600000000000023e+03,9.532470703125000000e+01,3.812499999999996447e-02,1.537999999999999901e+01,-7.656250000001030287e-03
1.021700000000000045e+03,9.475708007812500000e+01,3.062500000000012434e-02,1.528249999999999886e+01,5.742187499999928946e-02
1.021799999999999955e+03,9.528808593750000000e+01,2.562499999999978684e-02,1.530750000000000099e+01,-2.187500000000053291e-02
1.021899999999999977e+03,9.501342773437500000e+01,2.312499999999984013e-02,1.533500000000000085e+01,-3.664062500000042633e-02
1.022000000000000000e+03,9.371337890625000000e+01,4.312499999999985789e-02,1.555250000000000199e+01,-6.070312500000074607e-02
1.022100000000000023e+03,9.404296875000000000e+01,6.062499999999992895e-02,1.517500000000000071e+01,2.679687499999960920e-02
1.022200000000000045e+03,9.345703125000000000e+01,1.062500000000010658e-02,1.512750000000000128e+01,-2.351562500000081712e-02
1.022299999999999955e+03,9.395141601562500000e+01,6.812499999999976907e-02,1.533249999999999957e+01,-3.390625000000024869e-02
1.022399999999999977e+03,9.281616210937500000e+01,4.562499999999980460e-02,1.530000000000000071e+01,-2.242187500000092371e-02
1.022500000000000000e+03,9.246826171875000000e+01,3.312500000000007105e-02,1.524749999999999872e+01,-5.414062500000049738e-02
1.022600000000000023e+03,9.285278320312500000e+01,2.562499999999978684e-02,1.539250000000000185e+01,1.640624999999396039e-03
1.022700000000000045e+03,9.226684570312500000e+01,6.812499999999976907e-02,1.542000000000000171e+01,-1.640625000000106581e-02
1.022799999999999955e+03,9.230346679687500000e+01,3.562500000000001776e-02,1.546249999999999858e+01,-4.921875000000852651e-03
1.022899999999999977e+03,9.151611328125000000e+01,3.312500000000007105e-02,1.553000000000000114e+01,-3.773437500000031974e-02
1.023000000000000000e+03,9.136962890625000000e+01,3.562500000000001776e-02,1.515749999999999886e+01,-1.317968750000009237e-01
1.023100000000000023e+03,9.171752929687500000e+01,3.062500000000012434e-02,1.530000000000000071e+01,-1.039062500000031974e-02
1.023200000000000045e+03,9.116821289062500000e+01,2.062499999999989342e-02,1.553750000000000142e+01,1.148437499999932498e-02
1.023299999999999955e+03,9.054565429687500000e+01,2.312499999999984013e-02,1.549249999999999972e+01,-3.937500000000060396e-02
1.023399999999999977e+03,9.032592773437500000e+01,2.312499999999984013e-02,1.533999999999999986e+01,-5.906250000000046185e-02
1.023500000000000000e+03,9.019775390625000000e+01,4.312499999999985789e-02,1.523250000000000171e+01,6.562499999999360512e-03
1.023600000000000023e+03,9.050903320312500000e+01,4.562499999999980460e-02,1.550250000000000128e+01,4.921874999999076294e-03
1.023700000000000045e+03,8.909912109375000000e+01,4.562499999999980460e-02,1.507000000000000028e+01,1.039062499999943157e-02
1.023799999999999955e+03,8.926391601562500000e+01,2.812499999999973355e-02,1.546249999999999858e+01,-6.070312500000074607e-02
1.023899999999999977e+03,8.909912109375000000e+01,3.062500000000012434e-02,1.528000000000000114e+01,-2.187500000000675016e-03
1.024000000000000000e+03,8.891601562500000000e+01,2.312499999999984013e-02,1.528500000000000014e+01,-6.070312500000074607e-02
1.024099999999999909e+03,8.913574218750000000e+01,2.312499999999984013e-02,1.543250000000000099e+01,-2.843750000000078160e-02
1.024200000000000045e+03,8.770751953125000000e+01,5.062500000000014211e-02,1.549000000000000199e+01,3.281249999999680256e-03
1.024299999999999955e+03,8.814697265625000000e+01,4.062499999999991118e-02,1.533999999999999986e+01,-2.187500000000675016e-03
1.024400000000000091e+03,8.801879882812500000e+01,3.812499999999996447e-02,1.542249999999999943e+01,-6.726562500000099476e-02
1.024500000000000000e+03,8.783569335937500000e+01,4.562499999999980460e-02,1.528750000000000142e+01,-2.679687500000049738e-02
1.024599999999999909e+03,8.732299804687500000e+01,3.062500000000012434e-02,1.526750000000000185e+01,2.953124999999889866e-02
1.024700000000000045e+03,8.662719726562500000e+01,3.124999999999822364e-03,1.530750000000000099e+01,-5.632812500000028422e-02
1.024799999999999955e+03,8.715820312500000000e+01,4.812499999999975131e-02,1.542999999999999972e+01,-4.101562500000088818e-02
1.024900000000000091e+03,8.703002929687500000e+01,5.562500000000003553e-02,1.507000000000000028e+01,-4.429687500000056843e-02
1.025000000000000000e+03,8.620605468750000000e+01,-9.374999999999911182e-03,1.534750000000000014e+01,-3.117187500000095923e-02
1.025099999999999909e+03,8.613281250000000000e+01,5.812499999999998224e-02,1.529500000000000171e+01,-6.890625000000039080e-02
1.025200000000000045e+03,8.560180664062500000e+01,-2.075000000000000178e-01,1.521750000000000114e+01,-3.281250000000568434e-03
1.025299999999999955e+03,8.604125976562500000e+01,2.312499999999984013e-02,1.534499999999999886e+01,-9.078125000000092371e-02
1.025400000000000091e+03,8.594970703125000000e+01,2.312499999999984013e-02,1.530750000000000099e+01,-2.898437500000028422e-02
1.025500000000000000e+03,8.481445312500000000e+01,2.062499999999989342e-02,1.539250000000000185e+01,-7.109375000000639488e-03
1.025599999999999909e+03,8.507080078125000000e+01,2.312499999999984013e-02,1.547749999999999915e+01,-3.718750000000081712e-02
1.025700000000000045e+03,8.455810546875000000e+01,3.062500000000012434e-02,1.544750000000000156e+01,-1.203125000000060396e-02
1.025799999999999955e+03,8.496093750000000000e+01,4.062499999999991118e-02,1.535000000000000142e+01,1.914062499999946709e-02
1.025900000000000091e+03,8.410034179687500000e+01,5.312500000000008882e-02,1.524249999999999972e+01,-1.968750000000074607e-02
1.026000000000000000e+03,8.373413085937500000e+01,1.562500000000000000e-02,1.526750000000000185e+01,-2.406250000000031974e-02
1.026099999999999909e+03,8.408203125000000000e+01,3.812499999999996447e-02,1.528999999999999915e+01,-1.367187500000088818e-02
1.026200000000000045e+03,8.356933593750000000e+01,3.562500000000001776e-02,1.544000000000000128e+01,-3.226562500000085265e-02
1.026299999999999955e+03,8.380737304687500000e+01,2.562499999999978684e-02,1.537000000000000099e+01,-1.640625000000284217e-03
1.026400000000000091e+03,8.307495117187500000e+01,5.312500000000008882e-02,1.532000000000000028e+01,-2.898437500000028422e-02
1.026500000000000000e+03,8.281860351562500000e+01,1.812499999999994671e-02,1.548250000000000171e+01,-4.210937500000078160e-02
1.026599999999999909e+03,8.316650390625000000e+01,8.812499999999978684e-02,1.532750000000000057e+01,-1.804687500000046185e-02
1.026700000000000045e+03,8.265380859375000000e+01,5.812499999999998224e-02,1.546999999999999886e+01,-5.523437500000039080e-02
1.026799999999999955e+03,8.223266601562500000e+01,2.562499999999978684e-02,1.519750000000000156e+01,-3.664062500000042633e-02
1.026900000000000091e+03,8.199462890625000000e+01,1.225000000000000533e-01,1.519500000000000028e+01,-3.117187500000095923e-02
1.027000000000000000e+03,8.182983398437500000e+01,5.312500000000008882e-02,1.553249999999999886e+01,-2.078125000000063949e-02
1.027099999999999909e+03,8.217773437500000000e+01,3.812499999999996447e-02,1.537249999999999872e+01,-4.265625000000028422e-02
1.027200000000000045e+03,8.100585937500000000e+01,3.312500000000007105e-02,1.527749999999999986e+01,-1.859375000000085265e-02
1.027299999999999955e+03,8.113403320312500000e+01,3.062500000000012434e-02,1.528999999999999915e+01,-8.148437500000049738e-02
1.027400000000000091e+03,8.100585937500000000e+01,5.812499999999998224e-02,1.539250000000000185e+01,-4.812500000000063949e-02
1.027500000000000000e+03,8.080444335937500000e+01,5.812499999999998224e-02,1.532250000000000156e+01,-5.195312500000071054e-02
1.027599999999999909e+03,8.115234375000000000e+01,4.062499999999991118e-02,1.535750000000000171e+01,-2.187500000000675016e-03
1.027700000000000045e+03,7.981567382812500000e+01,4.062499999999991118e-02,1.528999999999999915e+01,-1.093750000000071054e-02
1.027799999999999955e+03,8.021850585937500000e+01,5.812499999999998224e-02,1.559250000000000114e+01,-3.828125000000071054e-02
1.027900000000000091e+03,8.010864257812500000e+01,5.812499999999998224e-02,1.540749999999999886e+01,-5.031250000000042633e-02
1.028000000000000000e+03,7.994384765625000000e+01,5.062500000000014211e-02,1.514999999999999858e+01,-4.101562500000088818e-02
1.028099999999999909e+03,7.955932617187500000e+01,6.812499999999976907e-02,1.542000000000000171e+01,-1.585937500000067502e-02
1.028200000000000045e+03,7.888183593750000000e+01,1.812499999999994671e-02,1.519500000000000028e+01,2.406249999999943157e-02
1.028299999999999955e+03,7.930297851562500000e+01,3.562500000000001776e-02,1.535249999999999915e+01,-6.070312500000074607e-02
1.028400000000000091e+03,7.922973632812500000e+01,4.812499999999975131e-02,1.533249999999999957e+01,-4.101562500000088818e-02
1.028500000000000000e+03,7.873535156250000000e+01,2.562499999999978684e-02,1.533249999999999957e+01,-6.015625000000746070e-03
1.028599999999999909e+03,7.860717773437500000e+01,-4.375000000000017764e-03,1.538250000000000028e+01,-7.710937500000092371e-02
1.028700000000000045e+03,7.807617187500000000e+01,3.562500000000001776e-02,1.540749999999999886e+01,-7.000000000000028422e-02
1.028799999999999955e+03,7.851562500000000000e+01,2.562499999999978684e-02,1.523000000000000043e+01,-2.351562500000081712e-02
1.028900000000000091e+03,7.842407226562500000e+01,4.062499999999991118e-02,1.544249999999999901e+01,-3.718750000000081712e-02
1.029000000000000000e+03,7.743530273437500000e+01,4.062499999999991118e-02,1.523000000000000043e+01,-5.304687500000060396e-02
1.029099999999999909e+03,7.767333984375000000e+01,1.562500000000000000e-02,1.553750000000000142e+01,-5.250000000000110134e-02
1.029200000000000045e+03,7.719726562500000000e+01,3.812499999999996447e-02,1.533000000000000185e+01,-3.445312500000063949e-02
1.029299999999999955e+03,7.763671875000000000e+01,2.562499999999978684e-02,1.544000000000000128e+01,-5.140625000000031974e-02
1.029400000000000091e+03,7.690429687500000000e+01,4.312499999999985789e-02,1.530750000000000099e+01,-7.273437500000046185e-02
1.029500000000000000e+03,7.653808593750000000e+01,2.562499999999978684e-02,1.529250000000000043e+01,7.109374999999751310e-03
1.029599999999999909e+03,7.684936523437500000e+01,4.812499999999975131e-02,1.539250000000000185e+01,-1.859375000000085265e-02
1.029700000000000045e+03,7.633666992187500000e+01,5.062500000000014211e-02,1.551249999999999929e+01,-8.881784197001252323e-16
1.029799999999999955e+03,7.666625976562500000e+01,2.562499999999978684e-02,1.526750000000000185e+01,-1.640625000000106581e-02
1.029900000000000091e+03,7.595214843750000000e+01,2.312499999999984013e-02,1.527749999999999986e+01,-9.570312500000088818e-02
1.030000000000000000e+03,7.569580078125000000e+01,4.312499999999985789e-02,1.534250000000000114e+01,-4.593750000000085265e-02
1.030099999999999909e+03,7.604370117187500000e+01,3.562500000000001776e-02,1.548750000000000071e+01,-4.210937500000078160e-02
1.030200000000000045e+03,7.554931640625000000e+01,4.812499999999975131e-02,1.545250000000000057e+01,-7.656250000001030287e-03
1.030299999999999955e+03,7.532958984375000000e+01,3.562500000000001776e-02,1.534750000000000014e+01,-5.414062500000049738e-02
1.030400000000000091e+03,7.510986328125000000e+01,2.812499999999973355e-02,1.510000000000000142e+01,-3.828125000000071054e-02
1.030500000000000000e+03,7.490844726562500000e+01,4.062499999999991118e-02,1.527250000000000085e+01,-2.242187500000092371e-02
1.030599999999999909e+03,7.527465820312500000e+01,-1.912500000000001421e-01,1.537000000000000099e+01,-2.789062500000039080e-02
1.030700000000000045e+03,7.445068359375000000e+01,6.062499999999992895e-02,1.529749999999999943e+01,-6.562500000000248690e-03
1.030799999999999955e+03,7.452392578125000000e+01,1.175000000000001599e-01,1.522749999999999915e+01,-4.320312500000067502e-02
1.030900000000000091e+03,7.439575195312500000e+01,2.812499999999973355e-02,1.536250000000000071e+01,-2.843750000000078160e-02
1.031000000000000000e+03,7.421264648437500000e+01,2.812499999999973355e-02,1.535249999999999915e+01,-5.250000000000110134e-02
1.031099999999999909e+03,7.457885742187500000e+01,5.812499999999998224e-02,1.534750000000000014e+01,-4.539062500000046185e-02
1.031200000000000045e+03,7.337036132812500000e+01,4.562499999999980460e-02,1.535999999999999943e+01,-1.367187500000088818e-02
1.031299999999999955e+03,7.368164062500000000e+01,-2.000000000000001776e-01,1.563500000000000156e+01,-4.046875000000049738e-02
1.031400000000000091e+03,7.360839843750000000e+01,3.562500000000001776e-02,1.532000000000000028e+01,6.562499999999360512e-03
1.031500000000000000e+03,7.340698242187500000e+01,3.062500000000012434e-02,1.526249999999999929e+01,2.515624999999932498e-02
1.031599999999999909e+03,7.324218750000000000e+01,2.562499999999978684e-02,1.554250000000000043e+01,-3.718750000000081712e-02
1.031700000000000045e+03,7.258300781250000000e+01,8.124999999999715783e-03,1.543250000000000099e+01,-7.328125000000085265e-02
1.031799999999999955e+03,7.296752929687500000e+01,3.812499999999996447e-02,1.522749999999999915e+01,2.078124999999975131e-02
1.031900000000000091e+03,7.291259765625000000e+01,-9.374999999999911182e-03,1.543250000000000099e+01,-6.015625000000035527e-02
1.032000000000000000e+03,7.256469726562500000e+01,5.812499999999998224e-02,1.528750000000000142e+01,-6.015625000000746070e-03
1.032099999999999909e+03,7.234497070312500000e+01,2.562499999999978684e-02,1.518250000000000099e+01,-1.203125000000060396e-02
1.032200000000000045e+03,7.190551757812500000e+01,4.312499999999985789e-02,1.539250000000000185e+01,-1.968750000000074607e-02
1.032299999999999955e+03,7.227172851562500000e+01,4.062499999999991118e-02,1.553000000000000114e+01,-1.312500000000049738e-02
1.032400000000000091e+03,7.218017578125000000e+01,8.124999999999715783e-03,1.532000000000000028e+01,-2.296875000000042633e-02
1.032500000000000000e+03,7.139282226562500000e+01,2.312499999999984013e-02,1.519249999999999901e+01,-5.468750000000088818e-02
1.032599999999999909e+03,7.166748046875000000e+01,1.312500000000005329e-02,1.542249999999999943e+01,-5.468750000000355271e-03
1.032700000000000045e+03,7.122802734375000000e+01,3.062500000000012434e-02,1.524249999999999972e+01,-2.953125000000067502e-02
1.032799999999999955e+03,7.155761718750000000e+01,4.562499999999980460e-02,1.525750000000000028e+01,8.203124999999644729e-03
1.032900000000000091e+03,7.113647460937500000e+01,6.312499999999987566e-02,1.515500000000000114e+01,-6.015625000000035527e-02
1.033000000000000000e+03,7.064208984375000000e+01,4.812499999999975131e-02,1.542249999999999943e+01,-3.226562500000085265e-02
1.033099999999999909e+03,7.093505859375000000e+01,3.812499999999996447e-02,1.551000000000000156e+01,-4.921875000000053291e-02
1.033200000000000045e+03,7.049560546875000000e+01,4.562499999999980460e-02,1.511749999999999972e+01,-5.851562500000095923e-02
1.033299999999999955e+03,7.088012695312500000e+01,1.562500000000000000e-02,1.544999999999999929e+01,-4.101562500000088818e-02
1.033400000000000091e+03,7.018432617187500000e+01,5.062500000000014211e-02,1.535000000000000142e+01,-4.976562500000092371e-02
1.033500000000000000e+03,6.990966796875000000e+01,5.562500000000003553e-02,1.528500000000000014e+01,-3.828125000000959233e-03
1.033599999999999909e+03,7.025756835937500000e+01,3.312500000000007105e-02,1.548250000000000171e+01,-6.125000000000024869e-02
1.033700000000000045e+03,6.979980468750000000e+01,2.062499999999989342e-02,1.542249999999999943e+01,3.062499999999968026e-02
1.033799999999999955e+03,6.963500976562500000e+01,1.562500000000000000e-02,1.552749999999999986e+01,-4.046875000000049738e-02
1.033900000000000091e+03,6.937866210937500000e+01,5.312500000000008882e-02,1.538250000000000028e+01,-1.421875000000039080e-02
1.034000000000000000e+03,6.921386718750000000e+01,4.062499999999991118e-02,1.539250000000000185e+01,-6.179687500000063949e-02
1.034099999999999909e+03,6.952514648437500000e+01,3.062500000000012434e-02,1.541750000000000043e+01,-4.156250000000039080e-02
1.034200000000000045e+03,6.895751953125000000e+01,4.312499999999985789e-02,1.529250000000000043e+01,-2.898437500000028422e-02
1.034299999999999955e+03,6.881103515625000000e+01,2.812499999999973355e-02,1.510249999999999915e+01,-4.593750000000085265e-02
1.034400000000000091e+03,6.871948242187500000e+01,5.062500000000014211e-02,1.508000000000000185e+01,-3.500000000000103029e-02
1.034500000000000000e+03,6.851806640625000000e+01,4.812499999999975131e-02,1.549249999999999972e+01,-6.289062500000053291e-02
1.034599999999999909e+03,6.881103515625000000e+01,4.062499999999991118e-02,1.533249999999999957e+01,2.187499999998898659e-03
1.034700000000000045e+03,6.785888671875000000e+01,4.062499999999991118e-02,1.534250000000000114e+01,2.242187499999914735e-02
1.034799999999999955e+03,6.818847656250000000e+01,5.312500000000008882e-02,1.534250000000000114e+01,-4.429687500000056843e-02
1.034900000000000091e+03,6.809692382812500000e+01,3.562500000000001776e-02,1.524249999999999972e+01,-5.140625000000031974e-02
1.035000000000000000e+03,6.791381835937500000e+01,4.812499999999975131e-02,1.557250000000000156e+01,-3.882812500000110134e-02
1.035099999999999909e+03,6.791381835937500000e+01,3.062500000000012434e-02,1.532000000000000028e+01,9.296874999999538147e-03
1.035200000000000045e+03,6.721801757812500000e+01,3.124999999999822364e-03,1.535999999999999943e+01,1.093749999999893419e-02
1.035299999999999955e+03,6.754760742187500000e+01,6.062499999999992895e-02,1.537500000000000000e+01,-4.210937500000078160e-02
1.035400000000000091e+03,6.751098632812500000e+01,3.124999999999822364e-03,1.554250000000000043e+01,-2.187500000000053291e-02
1.035500000000000000e+03,6.729125976562500000e+01,3.312500000000007105e-02,1.555250000000000199e+01,2.734374999999289457e-03
1.035599999999999909e+03,6.708984375000000000e+01,2.812499999999973355e-02,1.538250000000000028e+01,-6.562500000000248690e-03
1.035700000000000045e+03,6.657714843750000000e+01,4.062499999999991118e-02,1.533999999999999986e+01,-1.968750000000074607e-02
1.035799999999999955e+03,6.696166992187500000e+01,5.062500000000014211e-02,1.533999999999999986e+01,1.640624999999396039e-03
1.035900000000000091e+03,6.688842773437500000e+01,5.562500000000003553e-02,1.544000000000000128e+01,-6.453125000000081712e-02
1.036000000000000000e+03,6.621093750000000000e+01,1.312500000000005329e-02,1.530999999999999872e+01,-4.156250000000039080e-02
1.036099999999999909e+03,6.643066406250000000e+01,3.062500000000012434e-02,1.543750000000000000e+01,-4.156250000000039080e-02
1.036200000000000045e+03,6.600952148437500000e+01,5.562500000000003553e-02,1.533000000000000185e+01,-4.976562500000092371e-02
1.036299999999999955e+03,6.635742187500000000e+01,5.812499999999998224e-02,1.524749999999999872e+01,-4.539062500000046185e-02
1.036400000000000091e+03,6.613769531250000000e+01,4.312499999999985789e-02,1.542750000000000199e+01,-4.976562500000092371e-02
1.036500000000000000e+03,6.553344726562500000e+01,2.312499999999984013e-02,1.535999999999999943e+01,-9.296875000000426326e-03
1.036599999999999909e+03,6.580810546875000000e+01,2.312499999999984013e-02,1.542000000000000171e+01,-3.281250000000035527e-02
1.036700000000000045e+03,6.540527343750000000e+01,4.562499999999980460e-02,1.505999999999999872e+01,-3.937500000000060396e-02
1.036799999999999955e+03,6.577148437500000000e+01,2.562499999999978684e-02,1.516750000000000043e+01,-2.515625000000110134e-02
1.036900000000000091e+03,6.518554687500000000e+01,5.624999999999769074e-03,1.531749999999999901e+01,-4.375000000000106581e-02
1.037000000000000000e+03,6.494750976562500000e+01,2.812499999999973355e-02,1.528750000000000142e+01,-3.281250000000568434e-03
1.037099999999999909e+03,6.524047851562500000e+01,5.562500000000003553e-02,1.515749999999999886e+01,-5.195312500000071054e-02
1.037200000000000045e+03,6.481933593750000000e+01,6.562499999999982236e-02,1.527250000000000085e+01,-6.125000000000024869e-02
1.037299999999999955e+03,6.483764648437500000e+01,3.312500000000007105e-02,1.537500000000000000e+01,-6.507812500000031974e-02
1.037400000000000091e+03,6.463623046875000000e+01,4.812499999999975131e-02,1.529500000000000171e+01,8.203124999999644729e-03
1.037500000000000000e+03,6.443481445312500000e+01,4.062499999999991118e-02,1.546999999999999886e+01,-1.421875000000039080e-02
1.037599999999999909e+03,6.470947265625000000e+01,1.562500000000000000e-02,1.529500000000000171e+01,-1.695312500000056843e-02
1.037700000000000045e+03,6.432495117187500000e+01,2.812499999999973355e-02,1.532000000000000028e+01,6.343749999999914735e-02
1.037799999999999955e+03,6.408691406250000000e+01,5.812499999999998224e-02,1.537999999999999901e+01,-2.351562500000081712e-02
1.037900000000000091e+03,6.399536132812500000e+01,2.062499999999989342e-02,1.519999999999999929e+01,1.476562499999900524e-02
1.038000000000000000e+03,6.383056640625000000e+01,3.312500000000007105e-02,1.541250000000000142e+01,-1.148437500000110134e-02
1.038099999999999909e+03,6.410522460937500000e+01,6.249999999998756550e-04,1.519000000000000128e+01,-5.250000000000110134e-02
1.038200000000000045e+03,6.324462890625000000e+01,5.562500000000003553e-02,1.532499999999999929e+01,-3.445312500000063949e-02
1.038299999999999955e+03,6.350097656250000000e+01,1.562500000000000000e-02,1.551750000000000185e+01,-4.484375000000095923e-02
1.038400000000000091e+03,6.335449218750000000e+01,3.312500000000007105e-02,1.536500000000000199e+01,1.695312499999968026e-02
1.038500000000000000e+03,6.322631835937500000e+01,3.562500000000001776e-02,1.532000000000000028e+01,8.203124999999644729e-03
1.038599999999999909e+03,6.340942382812500000e+01,5.312500000000008882e-02,1.537750000000000128e+01,-7.492187500000024869e-02
1.038700000000000045e+03,6.280517578125000000e+01,1.800000000000001599e-01,1.526249999999999929e+01,-3.007812500000106581e-02
1.038799999999999955e+03,6.311645507812500000e+01,3.812499999999996447e-02,1.537750000000000128e+01,-2.187500000000053291e-02
1.038900000000000091e+03,6.309814453125000000e+01,2.312499999999984013e-02,1.537000000000000099e+01,-7.437500000000074607e-02
1.039000000000000000e+03,6.293334960937500000e+01,5.062500000000014211e-02,1.539999999999999858e+01,-3.281250000000035527e-02
1.039099999999999909e+03,6.320800781250000000e+01,2.312499999999984013e-02,1.544999999999999929e+01,-6.234375000000103029e-02
1.039200000000000045e+03,6.278686523437500000e+01,-6.499999999999994671e-02,1.563250000000000028e+01,-2.898437500000028422e-02
1.039299999999999955e+03,6.315307617187500000e+01,4.312499999999985789e-02,1.527749999999999986e+01,-1.695312500000056843e-02
1.039400000000000091e+03,6.306152343750000000e+01,3.492500000000000160e+00,1.553249999999999886e+01,1.732828125000000341e+01
1.039500000000000000e+03,6.293334960937500000e+01,2.967499999999999805e+00,1.541250000000000142e+01,1.548312500000000114e+01
1.039599999999999909e+03,6.318969726562500000e+01,3.024999999999999911e+00,1.529749999999999943e+01,1.549734375000000064e+01
1.039700000000000045e+03,6.282348632812500000e+01,3.032500000000000195e+00,1.545749999999999957e+01,1.550937500000000036e+01
1.039799999999999955e+03,6.313476562500000000e+01,3.060000000000000053e+00,1.546750000000000114e+01,1.551976562500000156e+01
1.039900000000000091e+03,6.320800781250000000e+01,3.040000000000000036e+00,1.564250000000000185e+01,1.546726562500000135e+01
1.040000000000000000e+03,6.427001953125000000e+01,3.064999999999999947e+00,1.537999999999999901e+01,1.556296875000000135e+01
1.040099999999999909e+03,6.461791992187500000e+01,3.069999999999999840e+00,1.528000000000000114e+01,1.551484375000000071e+01
1.040200000000000045e+03,6.419677734375000000e+01,3.084999999999999964e+00,1.539250000000000185e+01,1.546617187500000057e+01
1.040299999999999955e+03,6.456298828125000000e+01,3.095000000000000195e+00,1.533749999999999858e+01,1.548804687500000021e+01
1.040400000000000091e+03,6.703491210937500000e+01,3.069999999999999840e+00,1.528999999999999915e+01,1.550226562500000149e+01
1.040500000000000000e+03,6.730957031250000000e+01,3.107499999999999929e+00,1.562750000000000128e+01,1.553726562500000163e+01
1.040599999999999909e+03,6.760253906250000000e+01,3.102500000000000036e+00,1.557250000000000156e+01,1.555476562499999993e+01
1.040700000000000045e+03,6.723632812500000000e+01,3.100000000000000089e+00,1.539250000000000185e+01,1.554000000000000092e+01
1.040799999999999955e+03,6.941528320312500000e+01,3.134999999999999787e+00,1.543499999999999872e+01,1.546343750000000128e+01
1.040900000000000091e+03,7.159423828125000000e+01,3.165000000000000036e+00,1.535999999999999943e+01,1.549132812500000078e+01
1.041000000000000000e+03,7.152099609375000000e+01,3.174999999999999822e+00,1.537000000000000099e+01,1.549843750000000142e+01
1.041099999999999909e+03,7.181396484375000000e+01,3.202500000000000124e+00,1.539000000000000057e+01,1.546890625000000163e+01
1.041200000000000045e+03,7.135620117187500000e+01,3.157500000000000195e+00,1.534250000000000114e+01,1.547437500000000021e+01
1.041299999999999955e+03,7.650146484375000000e+01,3.172499999999999876e+00,1.539999999999999858e+01,1.549078125000000128e+01
1.041400000000000091e+03,7.673950195312500000e+01,3.229999999999999982e+00,1.540749999999999886e+01,1.548093750000000135e+01
1.041500000000000000e+03,7.662963867187500000e+01,3.187500000000000000e+00,1.530750000000000099e+01,1.549296875000000107e+01
1.041599999999999909e+03,7.695922851562500000e+01,3.169999999999999929e+00,1.522749999999999915e+01,1.545523437500000163e+01
1.041700000000000045e+03,7.944946289062500000e+01,3.222500000000000142e+00,1.515749999999999886e+01,1.545578125000000114e+01
1.041799999999999955e+03,8.096923828125000000e+01,3.229999999999999982e+00,1.530499999999999972e+01,1.553234375000000078e+01
1.041900000000000091e+03,8.089599609375000000e+01,3.232499999999999929e+00,1.522500000000000142e+01,1.544703125000000021e+01
1.042000000000000000e+03,8.076782226562500000e+01,3.229999999999999982e+00,1.540249999999999986e+01,1.546015625000000071e+01
1.042099999999999909e+03,8.164672851562500000e+01,3.247500000000000053e+00,1.533999999999999986e+01,1.545195312500000107e+01
1.042200000000000045e+03,8.389892578125000000e+01,3.232499999999999929e+00,1.533999999999999986e+01,1.553945312500000142e+01
1.042299999999999955e+03,8.455810546875000000e+01,3.245000000000000107e+00,1.539250000000000185e+01,1.543609375000000128e+01
1.042400000000000091e+03,8.435668945312500000e+01,3.262500000000000178e+00,1.560000000000000142e+01,1.550937500000000036e+01
1.042500000000000000e+03,8.424682617187500000e+01,3.257499999999999840e+00,1.521499999999999986e+01,1.552195312500000135e+01
1.042599999999999909e+03,8.732299804687500000e+01,3.232499999999999929e+00,1.524749999999999872e+01,1.551101562500000064e+01
1.042700000000000045e+03,8.713989257812500000e+01,3.277499999999999858e+00,1.535999999999999943e+01,1.550445312500000128e+01
1.042799999999999955e+03,8.759765625000000000e+01,3.245000000000000107e+00,1.527499999999999858e+01,1.550171875000000021e+01
1.042900000000000091e+03,8.746948242187500000e+01,3.227500000000000036e+00,1.535999999999999943e+01,1.552796875000000121e+01
1.043000000000000000e+03,8.891601562500000000e+01,3.274999999999999911e+00,1.533249999999999957e+01,1.552414062500000114e+01
1.043099999999999909e+03,9.036254882812500000e+01,3.299999999999999822e+00,1.546249999999999858e+01,1.556953125000000071e+01
1.043200000000000045e+03,8.983154296875000000e+01,3.322499999999999787e+00,1.525750000000000028e+01,1.554054687500000043e+01
1.043299999999999955e+03,9.032592773437500000e+01,3.307500000000000107e+00,1.526500000000000057e+01,1.555203125000000064e+01
1.043400000000000091e+03,9.014282226562500000e+01,3.327500000000000124e+00,1.520749999999999957e+01,1.554273437500000021e+01
1.043500000000000000e+03,9.254150390625000000e+01,3.310000000000000053e+00,1.529749999999999943e+01,1.554437500000000050e+01
1.043599999999999909e+03,9.298095703125000000e+01,3.330000000000000071e+00,1.545250000000000057e+01,1.550062500000000121e+01
1.043700000000000045e+03,9.244995117187500000e+01,3.317499999999999893e+00,1.497749999999999915e+01,1.553453125000000057e+01
1.043799999999999955e+03,9.294433593750000000e+01,3.274999999999999911e+00,1.535500000000000043e+01,1.550281250000000099e+01
1.043900000000000091e+03,9.466552734375000000e+01,3.345000000000000195e+00,1.543750000000000000e+01,1.550609375000000156e+01
1.044000000000000000e+03,9.499511718750000000e+01,3.332500000000000018e+00,1.526750000000000185e+01,1.550992187500000163e+01
1.044099999999999909e+03,9.530639648437500000e+01,3.347500000000000142e+00,1.546000000000000085e+01,1.554546875000000128e+01
1.044200000000000045e+03,9.468383789062500000e+01,3.370000000000000107e+00,1.532000000000000028e+01,1.550445312500000128e+01
1.044299999999999955e+03,9.602050781250000000e+01,3.365000000000000213e+00,1.515500000000000114e+01,1.551101562500000064e+01
1.044400000000000091e+03,9.717407226562500000e+01,3.352500000000000036e+00,1.549249999999999972e+01,1.548203125000000036e+01
1.044500000000000000e+03,9.717407226562500000e+01,3.377499999999999947e+00,1.520500000000000185e+01,1.551429687500000121e+01
1.044599999999999909e+03,9.752197265625000000e+01,3.379999999999999893e+00,1.533500000000000085e+01,1.545085937500000028e+01
1.044700000000000045e+03,9.693603515625000000e+01,3.422499999999999876e+00,1.518250000000000099e+01,1.563187500000000085e+01
1.044799999999999955e+03,9.942626953125000000e+01,3.412500000000000089e+00,1.529749999999999943e+01,1.549515625000000085e+01
1.044900000000000091e+03,9.937133789062500000e+01,3.337499999999999911e+00,1.533500000000000085e+01,1.554273437500000021e+01
1.045000000000000000e+03,9.931640625000000000e+01,3.290000000000000036e+00,1.554250000000000043e+01,1.552578125000000142e+01
1.045099999999999909e+03,9.962768554687500000e+01,3.357499999999999929e+00,1.546249999999999858e+01,1.555968750000000078e+01
1.045200000000000045e+03,1.004699707031250000e+02,3.325000000000000178e+00,1.544999999999999929e+01,1.547273437499999993e+01
1.045299999999999955e+03,1.016784667968750000e+02,3.357499999999999929e+00,1.509750000000000014e+01,1.551429687500000121e+01
1.045400000000000091e+03,1.014404296875000000e+02,3.384999999999999787e+00,1.537000000000000099e+01,1.548421875000000014e+01
1.045500000000000000e+03,1.014404296875000000e+02,3.365000000000000213e+00,1.512999999999999901e+01,1.547765625000000078e+01
1.045599999999999909e+03,1.020263671875000000e+02,3.367500000000000160e+00,1.548000000000000043e+01,1.551539062500000021e+01
1.045700000000000045e+03,1.029785156250000000e+02,3.757500000000000284e+00,1.537249999999999872e+01,1.551210937500000142e+01
1.045799999999999955e+03,1.036193847656250000e+02,3.392500000000000071e+00,1.542249999999999943e+01,1.550007812499999993e+01
1.045900000000000091e+03,1.033264160156250000e+02,3.382499999999999840e+00,1.541250000000000142e+01,1.550554687500000028e+01
1.046000000000000000e+03,1.033081054687500000e+02,3.407500000000000195e+00,1.522749999999999915e+01,1.552687500000000043e+01
1.046099999999999909e+03,1.051940917968750000e+02,3.442499999999999893e+00,1.533500000000000085e+01,1.558484375000000099e+01
1.046200000000000045e+03,1.047912597656250000e+02,3.447499999999999787e+00,1.522500000000000142e+01,1.550609375000000156e+01
1.046299999999999955e+03,1.053955078125000000e+02,3.464999999999999858e+00,1.539999999999999858e+01,1.555257812500000014e+01
1.046400000000000091e+03,1.051574707031250000e+02,3.475000000000000089e+00,1.551000000000000156e+01,1.555257812500000014e+01
1.046500000000000000e+03,1.062011718750000000e+02,3.472500000000000142e+00,1.505999999999999872e+01,1.550992187500000163e+01
1.046599999999999909e+03,1.072265625000000000e+02,3.467500000000000249e+00,1.524249999999999972e+01,1.551046875000000114e+01
1.046700000000000045e+03,1.066223144531250000e+02,3.515000000000000124e+00,1.525750000000000028e+01,1.549406250000000007e+01
1.046799999999999955e+03,1.072265625000000000e+02,3.515000000000000124e+00,1.530999999999999872e+01,1.548531250000000092e+01
1.046900000000000091e+03,1.069519042968750000e+02,3.502499999999999947e+00,1.523750000000000071e+01,1.551320312500000043e+01
1.047000000000000000e+03,1.085998535156250000e+02,3.544999999999999929e+00,1.542999999999999972e+01,1.552742187499999993e+01
1.047099999999999909e+03,1.090209960937500000e+02,3.522499999999999964e+00,1.528999999999999915e+01,1.550992187500000163e+01
1.047200000000000045e+03,1.083984375000000000e+02,3.509999999999999787e+00,1.537000000000000099e+01,1.548312500000000114e+01
1.047299999999999955e+03,1.090576171875000000e+02,3.557500000000000107e+00,1.551249999999999929e+01,1.550937500000000036e+01
1.047400000000000091e+03,1.101745605468750000e+02,3.560000000000000053e+00,1.539999999999999858e+01,1.550390625000000000e+01
1.047500000000000000e+03,1.105407714843750000e+02,3.584999999999999964e+00,1.525750000000000028e+01,1.554765625000000107e+01
1.047599999999999909e+03,1.108337402343750000e+02,3.589999999999999858e+00,1.551000000000000156e+01,1.547656250000000000e+01
1.047700000000000045e+03,1.102661132812500000e+02,3.537500000000000089e+00,1.537249999999999872e+01,1.548968750000000050e+01
1.047799999999999955e+03,1.115295410156250000e+02,3.560000000000000053e+00,1.530750000000000099e+01,1.550718750000000057e+01
1.047900000000000091e+03,1.121520996093750000e+02,3.592500000000000249e+00,1.535500000000000043e+01,1.547984375000000057e+01
1.048000000000000000e+03,1.122619628906250000e+02,3.592500000000000249e+00,1.529500000000000171e+01,1.552031250000000107e+01
1.048099999999999909e+03,1.125000000000000000e+02,3.609999999999999876e+00,1.559499999999999886e+01,1.552304687500000036e+01
1.048200000000000045e+03,1.119506835937500000e+02,3.609999999999999876e+00,1.516499999999999915e+01,1.554109374999999993e+01
1.048299999999999955e+03,1.142028808593750000e+02,3.612499999999999822e+00,1.508999999999999986e+01,1.547492187500000149e+01
1.048400000000000091e+03,1.140014648437500000e+02,3.607499999999999929e+00,1.543250000000000099e+01,1.550062500000000121e+01
1.048500000000000000e+03,1.140563964843750000e+02,3.607499999999999929e+00,1.539999999999999858e+01,1.548367187500000064e+01
1.048599999999999909e+03,1.143310546875000000e+02,3.604999999999999982e+00,1.543750000000000000e+01,1.552742187499999993e+01
1.048700000000000045e+03,1.150634765625000000e+02,3.642500000000000071e+00,1.529500000000000171e+01,1.554656250000000028e+01
1.048799999999999955e+03,1.161254882812500000e+02,3.632500000000000284e+00,1.551999999999999957e+01,1.547164062500000092e+01
1.048900000000000091e+03,1.157958984375000000e+02,3.662500000000000089e+00,1.539000000000000057e+01,1.548750000000000071e+01
1.049000000000000000e+03,1.159057617187500000e+02,3.685000000000000053e+00,1.525499999999999901e+01,1.553671875000000036e+01
1.049099999999999909e+03,1.165466308593750000e+02,3.680000000000000160e+00,1.519500000000000028e+01,1.549296875000000107e+01
1.049200000000000045e+03,1.171875000000000000e+02,3.665000000000000036e+00,1.522250000000000014e+01,1.552414062500000114e+01
1.049299999999999955e+03,1.178833007812500000e+02,3.652499999999999858e+00,1.530999999999999872e+01,1.551812500000000128e+01
1.049400000000000091e+03,1.174621582031250000e+02,3.695000000000000284e+00,1.543250000000000099e+01,1.554546875000000128e+01
1.049500000000000000e+03,1.175537109375000000e+02,3.667499999999999982e+00,1.535999999999999943e+01,1.548257812500000163e+01
1.049599999999999909e+03,1.193664550781250000e+02,3.709999999999999964e+00,1.541250000000000142e+01,1.557226562500000000e+01
1.049700000000000045e+03,1.188903808593750000e+02,3.687500000000000000e+00,1.561250000000000071e+01,1.548750000000000071e+01
1.049799999999999955e+03,1.195678710937500000e+02,3.689999999999999947e+00,1.544999999999999929e+01,1.549078125000000128e+01
1.049900000000000091e+03,1.191833496093750000e+02,3.719999999999999751e+00,1.538250000000000028e+01,1.549898437500000092e+01
1.050000000000000000e+03,1.204284667968750000e+02,3.727500000000000036e+00,1.535750000000000171e+01,1.551593750000000149e+01
1.050099999999999909e+03,1.213256835937500000e+02,3.725000000000000089e+00,1.530999999999999872e+01,1.548804687500000021e+01
1.050200000000000045e+03,1.207031250000000000e+02,3.782499999999999751e+00,1.537999999999999901e+01,1.554929687500000135e+01
1.050299999999999955e+03,1.213806152343750000e+02,3.747500000000000053e+00,1.548000000000000043e+01,1.548695312500000121e+01
1.050400000000000091e+03,1.210327148437500000e+02,3.770000000000000018e+00,1.556500000000000128e+01,1.549078125000000128e+01
1.050500000000000000e+03,1.227355957031250000e+02,3.759999999999999787e+00,1.517999999999999972e+01,1.546289062500000000e+01
1.050599999999999909e+03,1.230834960937500000e+02,3.772499999999999964e+00,1.537999999999999901e+01,1.546398437500000078e+01
1.050700000000000045e+03,1.224609375000000000e+02,3.807500000000000107e+00,1.523499999999999943e+01,1.556351562500000085e+01
1.050799999999999955e+03,1.230834960937500000e+02,3.790000000000000036e+00,1.549749999999999872e+01,1.550828125000000135e+01
1.050900000000000091e+03,1.241088867187500000e+02,3.799999999999999822e+00,1.554250000000000043e+01,1.549734375000000064e+01
1.051000000000000000e+03,1.244934082031250000e+02,3.832500000000000018e+00,1.541250000000000142e+01,1.551921875000000028e+01
1.051099999999999909e+03,1.247863769531250000e+02,3.820000000000000284e+00,1.537999999999999901e+01,1.549843750000000142e+01
1.051200000000000045e+03,1.241638183593750000e+02,3.782499999999999751e+00,1.542500000000000071e+01,1.547710937500000128e+01
1.051299999999999955e+03,1.256469726562500000e+02,3.827500000000000124e+00,1.518250000000000099e+01,1.551374999999999993e+01
1.051400000000000091e+03,1.260131835937500000e+02,3.832500000000000018e+00,1.519750000000000156e+01,1.545851562500000043e+01
1.051500000000000000e+03,1.261596679687500000e+02,3.852500000000000036e+00,1.552250000000000085e+01,1.553507812500000007e+01
1.051599999999999909e+03,1.264526367187500000e+02,3.867500000000000160e+00,1.523750000000000071e+01,1.548640624999999993e+01
1.051700000000000045e+03,1.258483886718750000e+02,3.862499999999999822e+00,1.553999999999999915e+01,1.556078125000000156e+01
1.051799999999999955e+03,1.281738281250000000e+02,3.837499999999999911e+00,1.532750000000000057e+01,1.553453125000000057e+01
1.051900000000000091e+03,1.278442382812500000e+02,3.867500000000000160e+00,1.533999999999999986e+01,1.553015625000000099e+01
1.052000000000000000e+03,1.279724121093750000e+02,3.867500000000000160e+00,1.532000000000000028e+01,1.546781250000000085e+01
1.052099999999999909e+03,1.282653808593750000e+02,3.912500000000000089e+00,1.544249999999999901e+01,1.551320312500000043e+01
1.052200000000000045e+03,1.289978027343750000e+02,3.892500000000000071e+00,1.517249999999999943e+01,1.555093750000000163e+01
1.052299999999999955e+03,1.299865722656250000e+02,3.897499999999999964e+00,1.532000000000000028e+01,1.554437500000000050e+01
1.052400000000000091e+03,1.295288085937500000e+02,3.939999999999999947e+00,1.500750000000000028e+01,1.554656250000000028e+01
1.052500000000000000e+03,1.297302246093750000e+02,3.950000000000000178e+00,1.534750000000000014e+01,1.554984375000000085e+01
1.052599999999999909e+03,1.307006835937500000e+02,3.875000000000000000e+00,1.536749999999999972e+01,1.549953125000000043e+01
1.052700000000000045e+03,1.311035156250000000e+02,3.877499999999999947e+00,1.516250000000000142e+01,1.546289062500000000e+01
1.052799999999999955e+03,1.318359375000000000e+02,3.912500000000000089e+00,1.543750000000000000e+01,1.551703125000000050e+01
1.052900000000000091e+03,1.313049316406250000e+02,4.032499999999999751e+00,1.539750000000000085e+01,1.548312500000000114e+01
1.053000000000000000e+03,1.315429687500000000e+02,3.990000000000000213e+00,1.529500000000000171e+01,1.547546875000000099e+01
1.053099999999999909e+03,1.333190917968750000e+02,3.962499999999999911e+00,1.518250000000000099e+01,1.551921875000000028e+01
1.053200000000000045e+03,1.328430175781250000e+02,3.997500000000000053e+00,1.545250000000000057e+01,1.547492187500000149e+01
1.053299999999999955e+03,1.334838867187500000e+02,4.019999999999999574e+00,1.523499999999999943e+01,1.552250000000000085e+01
1.053400000000000091e+03,1.329895019531250000e+02,4.044999999999999929e+00,1.547250000000000014e+01,1.550226562500000149e+01
1.053500000000000000e+03,1.345642089843750000e+02,4.040000000000000036e+00,1.546249999999999858e+01,1.548421875000000014e+01
1.053599999999999909e+03,1.352600097656250000e+02,4.052500000000000213e+00,1.510999999999999943e+01,1.548968750000000050e+01
1.053700000000000045e+03,1.346923828125000000e+02,4.217500000000000249e+00,1.535999999999999943e+01,1.550992187500000163e+01
1.053799999999999955e+03,1.353332519531250000e+02,4.105000000000000426e+00,1.530000000000000071e+01,1.552687500000000043e+01
1.053900000000000091e+03,1.351684570312500000e+02,4.127499999999999503e+00,1.542000000000000171e+01,1.548531250000000092e+01
1.054000000000000000e+03,1.366699218750000000e+02,4.094999999999999751e+00,1.544000000000000128e+01,1.548039062500000007e+01
1.054099999999999909e+03,1.369079589843750000e+02,4.115000000000000213e+00,1.535000000000000142e+01,1.551703125000000050e+01
1.054200000000000045e+03,1.363586425781250000e+02,4.120000000000000107e+00,1.547250000000000014e+01,1.548968750000000050e+01
1.054299999999999955e+03,1.370361328125000000e+02,4.102500000000000036e+00,1.548250000000000171e+01,1.552359375000000163e+01
1.054400000000000091e+03,1.365966796875000000e+02,4.122500000000000497e+00,1.539499999999999957e+01,1.550882812500000085e+01
1.054500000000000000e+03,1.368713378906250000e+02,4.182500000000000107e+00,1.542249999999999943e+01,1.551703125000000050e+01
1.054599999999999909e+03,1.370361328125000000e+02,3.562500000000001776e-02,1.532499999999999929e+01,-3.937500000000060396e-02
1.054700000000000045e+03,1.364868164062500000e+02,3.312500000000007105e-02,1.556749999999999901e+01,-2.789062500000039080e-02
1.054799999999999955e+03,1.371643066406250000e+02,6.249999999998756550e-04,1.525750000000000028e+01,-1.421875000000039080e-02
1.054900000000000091e+03,1.366333007812500000e+02,5.812499999999998224e-02,1.562249999999999872e+01,-2.625000000000099476e-02
1.055000000000000000e+03,1.368713378906250000e+02,6.062499999999992895e-02,1.537000000000000099e+01,-3.062500000000056843e-02
1.055099999999999909e+03,1.370727539062500000e+02,4.562499999999980460e-02,1.530000000000000071e+01,-3.609375000000092371e-02
1.055200000000000045e+03,1.364501953125000000e+02,5.562500000000003553e-02,1.527749999999999986e+01,-2.078125000000063949e-02
1.055299999999999955e+03,1.364501953125000000e+02,4.312499999999985789e-02,1.519000000000000128e+01,-1.640625000000106581e-02
1.055400000000000091e+03,1.358825683593750000e+02,3.124999999999822364e-03,1.550250000000000128e+01,-7.382812500000035527e-02
1.055500000000000000e+03,1.361572265625000000e+02,3.562500000000001776e-02,1.546000000000000085e+01,5.468749999995026201e-04
1.055599999999999909e+03,1.363403320312500000e+02,4.562499999999980460e-02,1.546249999999999858e+01,1.968749999999896971e-02
1.055700000000000045e+03,1.336120605468750000e+02,4.812499999999975131e-02,1.551000000000000156e+01,-1.476562500000078160e-02
1.055799999999999955e+03,1.339782714843750000e+02,2.562499999999978684e-02,1.535999999999999943e+01,-8.881784197001252323e-16
1.055900000000000091e+03,1.334289550781250000e+02,5.312500000000008882e-02,1.562249999999999872e+01,-1.148437500000110134e-02
1.056000000000000000e+03,1.336669921875000000e+02,6.812499999999976907e-02,1.529500000000000171e+01,-1.695312500000056843e-02
1.056099999999999909e+03,1.318542480468750000e+02,2.062499999999989342e-02,1.549000000000000199e+01,2.679687499999960920e-02
1.056200000000000045e+03,1.291625976562500000e+02,1.812499999999994671e-02,1.535000000000000142e+01,-5.578125000000078160e-02
1.056299999999999955e+03,1.297302246093750000e+02,3.812499999999996447e-02,1.533500000000000085e+01,1.367187499999911182e-02
1.056400000000000091e+03,1.292541503906250000e+02,5.562500000000003553e-02,1.537750000000000128e+01,-6.671875000000060396e-02
1.056500000000000000e+03,1.294372558593750000e+02,3.124999999999822364e-03,1.555999999999999872e+01,-4.703125000000074607e-02
1.056599999999999909e+03,1.246398925781250000e+02,2.062499999999989342e-02,1.530000000000000071e+01,6.562499999999360512e-03
1.056700000000000045e+03,1.236694335937500000e+02,1.312500000000005329e-02,1.551999999999999957e+01,2.624999999999921840e-02
1.056799999999999955e+03,1.243103027343750000e+02,2.562499999999978684e-02,1.528500000000000014e+01,-2.460937500000071054e-02
1.056900000000000091e+03,1.238891601562500000e+02,2.062499999999989342e-02,1.529250000000000043e+01,-2.734375000000088818e-02
1.057000000000000000e+03,1.206298828125000000e+02,2.312499999999984013e-02,1.536749999999999972e+01,-3.554687500000053291e-02
1.057099999999999909e+03,1.198974609375000000e+02,2.062499999999989342e-02,1.531500000000000128e+01,-5.250000000000110134e-02
1.057200000000000045e+03,1.192382812500000000e+02,5.812499999999998224e-02,1.526000000000000156e+01,-4.593750000000085265e-02
1.057299999999999955e+03,1.198974609375000000e+02,1.812499999999994671e-02,1.542750000000000199e+01,-2.734375000001065814e-03
1.057400000000000091e+03,1.183593750000000000e+02,4.312499999999985789e-02,1.521499999999999986e+01,-1.914062500000035527e-02
1.057500000000000000e+03,1.160156250000000000e+02,1.812499999999994671e-02,1.520749999999999957e+01,-1.476562500000078160e-02
1.057599999999999909e+03,1.161804199218750000e+02,1.562500000000000000e-02,1.523250000000000171e+01,-7.656250000000053291e-02
1.057700000000000045e+03,1.155761718750000000e+02,4.062499999999991118e-02,1.528000000000000114e+01,-3.992187500000099476e-02
1.057799999999999955e+03,1.161804199218750000e+02,3.312500000000007105e-02,1.513250000000000028e+01,-5.523437500000039080e-02
1.057900000000000091e+03,1.131225585937500000e+02,4.812499999999975131e-02,1.540749999999999886e+01,-1.132031250000009592e-01
1.058000000000000000e+03,1.129211425781250000e+02,1.062500000000010658e-02,1.536250000000000071e+01,9.296874999999538147e-03
1.058099999999999909e+03,1.131591796875000000e+02,4.562499999999980460e-02,1.535249999999999915e+01,1.640624999999928946e-02
1.058200000000000045e+03,1.125183105468750000e+02,8.124999999999715783e-03,1.532000000000000028e+01,-1.968750000000074607e-02
1.058299999999999955e+03,1.113464355468750000e+02,2.062499999999989342e-02,1.530750000000000099e+01,-4.648437500000035527e-02
1.058400000000000091e+03,1.101379394531250000e+02,4.812499999999975131e-02,1.549249999999999972e+01,-7.656250000001030287e-03
1.058500000000000000e+03,1.101562500000000000e+02,4.812499999999975131e-02,1.530999999999999872e+01,-6.015625000000035527e-02
1.058599999999999909e+03,1.104309082031250000e+02,7.062500000000015987e-02,1.527250000000000085e+01,-1.585937500000067502e-02
1.058700000000000045e+03,1.097534179687500000e+02,2.562499999999978684e-02,1.546000000000000085e+01,-3.390625000000024869e-02
1.058799999999999955e+03,1.082519531250000000e+02,4.062499999999991118e-02,1.510750000000000171e+01,2.078124999999975131e-02
1.058900000000000091e+03,1.078125000000000000e+02,5.312500000000008882e-02,1.523499999999999943e+01,-7.109375000000106581e-02
1.059000000000000000e+03,1.078125000000000000e+02,2.181250000000001243e-01,1.529749999999999943e+01,3.828124999999182876e-03
1.059099999999999909e+03,1.081420898437500000e+02,3.562500000000001776e-02,1.555999999999999872e+01,2.515624999999932498e-02
1.059200000000000045e+03,1.058532714843750000e+02,1.812499999999994671e-02,1.512750000000000128e+01,-1.968750000000074607e-02
1.059299999999999955e+03,1.061645507812500000e+02,3.812499999999996447e-02,1.541000000000000014e+01,-4.921875000000053291e-02
1.059400000000000091e+03,1.058166503906250000e+02,3.812499999999996447e-02,1.542999999999999972e+01,-4.703125000000074607e-02
1.059500000000000000e+03,1.058898925781250000e+02,3.062500000000012434e-02,1.527250000000000085e+01,-1.039062500000031974e-02
1.059599999999999909e+03,1.051757812500000000e+02,4.562499999999980460e-02,1.546999999999999886e+01,-7.929687500000071054e-02
1.059700000000000045e+03,1.036743164062500000e+02,2.062499999999989342e-02,1.531500000000000128e+01,-4.210937500000078160e-02
1.059799999999999955e+03,1.042602539062500000e+02,2.562499999999978684e-02,1.547749999999999915e+01,-1.804687500000046185e-02
1.059900000000000091e+03,1.039123535156250000e+02,-9.374999999999911182e-03,1.542249999999999943e+01,-5.140625000000031974e-02
1.060000000000000000e+03,1.039489746093750000e+02,6.312499999999987566e-02,1.544249999999999901e+01,-2.187500000000675016e-03
1.060099999999999909e+03,1.025939941406250000e+02,1.812499999999994671e-02,1.532000000000000028e+01,-6.507812500000031974e-02
1.060200000000000045e+03,1.019531250000000000e+02,4.562499999999980460e-02,1.538749999999999929e+01,-3.445312500000063949e-02
1.060299999999999955e+03,1.025390625000000000e+02,3.312500000000007105e-02,1.526750000000000185e+01,-2.789062500000039080e-02
1.060400000000000091e+03,1.022460937500000000e+02,1.312500000000005329e-02,1.510999999999999943e+01,-6.671875000000060396e-02
1.060500000000000000e+03,1.010009765625000000e+02,3.124999999999822364e-03,1.532499999999999929e+01,-5.796875000000056843e-02
1.060599999999999909e+03,1.009094238281250000e+02,4.312499999999985789e-02,1.533500000000000085e+01,2.515624999999932498e-02
1.060700000000000045e+03,1.003417968750000000e+02,2.062499999999989342e-02,1.536250000000000071e+01,7.109374999999751310e-03
1.060799999999999955e+03,1.008728027343750000e+02,1.562500000000000000e-02,1.536250000000000071e+01,4.921874999999076294e-03
1.060900000000000091e+03,1.002868652343750000e+02,4.312499999999985789e-02,1.544249999999999901e+01,-4.265625000000028422e-02
1.061000000000000000e+03,9.909667968750000000e+01,2.562499999999978684e-02,1.554250000000000043e+01,-1.914062500000035527e-02
1.061099999999999909e+03,9.933471679687500000e+01,4.312499999999985789e-02,1.543250000000000099e+01,-1.585937500000067502e-02
1.061200000000000045e+03,9.874877929687500000e+01,6.062499999999992895e-02,1.537000000000000099e+01,-7.601562500000103029e-02
1.061299999999999955e+03,9.927978515625000000e+01,5.312500000000008882e-02,1.515249999999999986e+01,-5.468750000000088818e-02
1.061400000000000091e+03,9.777832031250000000e+01,3.812499999999996447e-02,1.509499999999999886e+01,-6.671875000000060396e-02
1.061500000000000000e+03,9.761352539062500000e+01,2.812499999999973355e-02,1.521750000000000114e+01,-8.881784197001252323e-16
1.061599999999999909e+03,9.790649414062500000e+01,2.062499999999989342e-02,1.544000000000000128e+01,-3.007812500000106581e-02
1.061700000000000045e+03,9.733886718750000000e+01,4.062499999999991118e-02,1.526999999999999957e+01,-4.156250000000039080e-02
1.061799999999999955e+03,9.708251953125000000e+01,3.312500000000007105e-02,1.531749999999999901e+01,-4.375000000000106581e-02
1.061900000000000091e+03,9.635009765625000000e+01,5.312500000000008882e-02,1.528750000000000142e+01,-4.593750000000085265e-02
1.062000000000000000e+03,9.631347656250000000e+01,2.812499999999973355e-02,1.542000000000000171e+01,-3.390625000000024869e-02
1.062099999999999909e+03,9.662475585937500000e+01,3.562500000000001776e-02,1.529250000000000043e+01,-6.562500000000071054e-02
1.062200000000000045e+03,9.602050781250000000e+01,5.562500000000003553e-02,1.539000000000000057e+01,-6.671875000000060396e-02
1.062299999999999955e+03,9.536132812500000000e+01,4.312499999999985789e-02,1.539999999999999858e+01,-3.609375000000092371e-02
1.062400000000000091e+03,9.508666992187500000e+01,5.562500000000003553e-02,1.526500000000000057e+01,-1.859375000000085265e-02
1.062500000000000000e+03,9.506835937500000000e+01,-1.875000000000071054e-03,1.530999999999999872e+01,-2.296875000000042633e-02
1.062599999999999909e+03,9.534301757812500000e+01,1.312500000000005329e-02,1.555750000000000099e+01,-6.726562500000099476e-02
1.062700000000000045e+03,9.373168945312500000e+01,5.812499999999998224e-02,1.528000000000000114e+01,-2.843750000000078160e-02
1.062799999999999955e+03,9.413452148437500000e+01,3.562500000000001776e-02,1.528249999999999886e+01,2.242187499999914735e-02
1.062900000000000091e+03,9.387817382812500000e+01,-4.375000000000017764e-03,1.543250000000000099e+01,-2.625000000000099476e-02
1.063000000000000000e+03,9.380493164062500000e+01,6.312499999999987566e-02,1.523250000000000171e+01,-6.562500000000248690e-03
1.063099999999999909e+03,9.356689453125000000e+01,1.312500000000005329e-02,1.539999999999999858e+01,-1.312500000000049738e-02
1.063200000000000045e+03,9.226684570312500000e+01,7.062500000000015987e-02,1.525499999999999901e+01,2.187499999999964473e-02
1.063299999999999955e+03,9.279785156250000000e+01,2.812499999999973355e-02,1.537000000000000099e+01,-7.000000000000028422e-02
1.063400000000000091e+03,9.255981445312500000e+01,3.312500000000007105e-02,1.547250000000000014e+01,-7.109375000000639488e-03
1.063500000000000000e+03,9.254150390625000000e+01,4.062499999999991118e-02,1.544000000000000128e+01,-4.976562500000092371e-02
1.063599999999999909e+03,9.169921875000000000e+01,4.812499999999975131e-02,1.555000000000000071e+01,-1.585937500000067502e-02
1.063700000000000045e+03,9.104003906250000000e+01,4.062499999999991118e-02,1.544249999999999901e+01,-2.187500000000675016e-03
1.063799999999999955e+03,9.153442382812500000e+01,2.812499999999973355e-02,1.538250000000000028e+01,-1.804687500000046185e-02
1.063900000000000091e+03,9.133300781250000000e+01,6.062499999999992895e-02,1.533999999999999986e+01,-7.437500000000074607e-02
1.064000000000000000e+03,9.050903320312500000e+01,2.812499999999973355e-02,1.526249999999999929e+01,-3.281250000000035527e-02
1.064099999999999909e+03,9.049072265625000000e+01,5.062500000000014211e-02,1.550250000000000128e+01,-3.007812500000106581e-02
1.064200000000000045e+03,8.992309570312500000e+01,4.312499999999985789e-02,1.553750000000000142e+01,-3.828125000000071054e-02
1.064299999999999955e+03,9.047241210937500000e+01,7.062500000000015987e-02,1.522250000000000014e+01,-6.617187500000110134e-02
1.064400000000000091e+03,9.006958007812500000e+01,4.312499999999985789e-02,1.524249999999999972e+01,-4.210937500000078160e-02
1.064500000000000000e+03,8.904418945312500000e+01,6.562499999999982236e-02,1.551249999999999929e+01,-5.414062500000049738e-02
1.064599999999999909e+03,8.926391601562500000e+01,1.562500000000000000e-02,1.538250000000000028e+01,-1.859375000000085265e-02
1.064700000000000045e+03,8.873291015625000000e+01,4.812499999999975131e-02,1.532499999999999929e+01,-3.718750000000081712e-02
1.064799999999999955e+03,8.928222656250000000e+01,1.562500000000000000e-02,1.500000000000000000e+01,-4.429687500000056843e-02
1.064900000000000091e+03,8.809204101562500000e+01,3.562500000000001776e-02,1.539999999999999858e+01,-3.664062500000042633e-02
1.065000000000000000e+03,8.792724609375000000e+01,4.812499999999975131e-02,1.530499999999999972e+01,7.109374999999751310e-03
1.065099999999999909e+03,8.816528320312500000e+01,6.312499999999987566e-02,1.529749999999999943e+01,-4.320312500000067502e-02
1.065200000000000045e+03,8.765258789062500000e+01,3.812499999999996447e-02,1.541750000000000043e+01,-5.468750000000088818e-02
1.065299999999999955e+03,8.770751953125000000e+01,4.562499999999980460e-02,1.529250000000000043e+01,-4.648437500000035527e-02
1.065400000000000091e+03,8.695678710937500000e+01,2.062499999999989342e-02,1.532250000000000156e+01,-6.289062500000053291e-02
1.065500000000000000e+03,8.690185546875000000e+01,3.812499999999996447e-02,1.545749999999999957e+01,-4.484375000000095923e-02
1.065599999999999909e+03,8.717651367187500000e+01,6.812499999999976907e-02,1.539750000000000085e+01,-2.187500000000675016e-03
1.065700000000000045e+03,8.660888671875000000e+01,4.312499999999985789e-02,1.552749999999999986e+01,-5.195312500000071054e-02
1.065799999999999955e+03,8.613281250000000000e+01,-6.874999999999964473e-03,1.555750000000000099e+01,-1.585937500000067502e-02
1.065900000000000091e+03,8.587646484375000000e+01,2.312499999999984013e-02,1.530999999999999872e+01,-3.828125000000071054e-02
1.066000000000000000e+03,8.580322265625000000e+01,3.062500000000012434e-02,1.548250000000000171e+01,-3.773437500000031974e-02
1.066099999999999909e+03,8.605957031250000000e+01,4.812499999999975131e-02,1.551999999999999957e+01,-4.812500000000063949e-02
1.066200000000000045e+03,8.475952148437500000e+01,4.812499999999975131e-02,1.539000000000000057e+01,-7.492187500000024869e-02
1.066299999999999955e+03,8.507080078125000000e+01,4.312499999999985789e-02,1.538749999999999929e+01,-7.054687500000067502e-02
1.066400000000000091e+03,8.488769531250000000e+01,5.312500000000008882e-02,1.549749999999999872e+01,-1.640625000000106581e-02
1.066500000000000000e+03,8.479614257812500000e+01,8.124999999999982236e-02,1.510249999999999915e+01,-4.867187500000103029e-02
1.066599999999999909e+03,8.481445312500000000e+01,2.562499999999978684e-02,1.526500000000000057e+01,-3.007812500000106581e-02
1.066700000000000045e+03,8.360595703125000000e+01,5.312500000000008882e-02,1.538250000000000028e+01,-3.335937500000074607e-02
1.066799999999999955e+03,8.404541015625000000e+01,2.062499999999989342e-02,1.547250000000000014e+01,-1.093750000000781597e-03
1.066900000000000091e+03,8.386230468750000000e+01,3.562500000000001776e-02,1.532000000000000028e+01,-4.921875000000053291e-02
1.067000000000000000e+03,8.380737304687500000e+01,4.312499999999985789e-02,1.543750000000000000e+01,-1.257812500000099476e-02
1.067099999999999909e+03,8.320312500000000000e+01,4.812499999999975131e-02,1.550250000000000128e+01,-3.554687500000053291e-02
1.067200000000000045e+03,8.254394531250000000e+01,5.062500000000014211e-02,1.550000000000000000e+01,-1.640625000000284217e-03
1.067299999999999955e+03,8.300170898437500000e+01,4.562499999999980460e-02,1.530000000000000071e+01,-4.320312500000067502e-02
1.067400000000000091e+03,8.283691406250000000e+01,2.312499999999984013e-02,1.537000000000000099e+01,-3.335937500000074607e-02
1.067500000000000000e+03,8.228759765625000000e+01,4.312499999999985789e-02,1.539750000000000085e+01,-3.500000000000103029e-02
1.067599999999999909e+03,8.221435546875000000e+01,3.562500000000001776e-02,1.535249999999999915e+01,-2.679687500000049738e-02
1.067700000000000045e+03,8.166503906250000000e+01,2.312499999999984013e-02,1.541250000000000142e+01,-2.460937500000071054e-02
1.067799999999999955e+03,8.214111328125000000e+01,1.812499999999994671e-02,1.524749999999999872e+01,-2.679687500000049738e-02
1.067900000000000091e+03,8.192138671875000000e+01,5.624999999999769074e-03,1.547749999999999915e+01,3.828124999999182876e-03
1.068000000000000000e+03,8.106079101562500000e+01,2.812499999999973355e-02,1.528750000000000142e+01,-2.023437500000024869e-02
1.068099999999999909e+03,8.128051757812500000e+01,6.249999999998756550e-04,1.541250000000000142e+01,-4.976562500000092371e-02
1.068200000000000045e+03,8.076782226562500000e+01,5.312500000000008882e-02,1.521499999999999986e+01,-4.320312500000067502e-02
1.068299999999999955e+03,8.122558593750000000e+01,4.562499999999980460e-02,1.520500000000000185e+01,-3.281250000000035527e-02
1.068400000000000091e+03,8.027343750000000000e+01,6.312499999999987566e-02,1.520749999999999957e+01,-7.437500000000074607e-02
1.068500000000000000e+03,8.001708984375000000e+01,3.062500000000012434e-02,1.518750000000000000e+01,-4.375000000000461853e-03
1.068599999999999909e+03,8.027343750000000000e+01,1.062500000000010658e-02,1.538749999999999929e+01,-2.460937500000071054e-02
1.068700000000000045e+03,7.976074218750000000e+01,8.124999999999715783e-03,1.524249999999999972e+01,-3.445312500000063949e-02
1.068799999999999955e+03,7.994384765625000000e+01,5.812499999999998224e-02,1.532250000000000156e+01,-1.421875000000039080e-02
1.068900000000000091e+03,7.919311523437500000e+01,4.312499999999985789e-02,1.540249999999999986e+01,-2.625000000000099476e-02
1.069000000000000000e+03,7.911987304687500000e+01,5.812499999999998224e-02,1.536749999999999972e+01,-5.304687500000060396e-02
1.069099999999999909e+03,7.937622070312500000e+01,1.312500000000005329e-02,1.544999999999999929e+01,3.828124999999182876e-03
1.069200000000000045e+03,7.886352539062500000e+01,1.312500000000005329e-02,1.541000000000000014e+01,-6.945312500000078160e-02
1.069299999999999955e+03,7.860717773437500000e+01,4.312499999999985789e-02,1.524000000000000199e+01,-5.468750000003907985e-04
1.069400000000000091e+03,7.835083007812500000e+01,4.312499999999985789e-02,1.524500000000000099e+01,2.679687499999960920e-02
1.069500000000000000e+03,7.831420898437500000e+01,2.812499999999973355e-02,1.532000000000000028e+01,-5.523437500000039080e-02
1.069599999999999909e+03,7.858886718750000000e+01,5.062500000000014211e-02,1.537750000000000128e+01,-5.960937500000085265e-02
1.069700000000000045e+03,7.741699218750000000e+01,4.062499999999991118e-02,1.556250000000000000e+01,7.109374999999751310e-03
1.069799999999999955e+03,7.765502929687500000e+01,1.812499999999994671e-02,1.539250000000000185e+01,-3.335937500000074607e-02
1.069900000000000091e+03,7.749023437500000000e+01,5.312500000000008882e-02,1.530499999999999972e+01,-7.109375000000639488e-03
1.070000000000000000e+03,7.736206054687500000e+01,4.812499999999975131e-02,1.522500000000000142e+01,1.093749999999005240e-03
1.070099999999999909e+03,7.761840820312500000e+01,4.312499999999985789e-02,1.542000000000000171e+01,-5.031250000000042633e-02
1.070200000000000045e+03,7.637329101562500000e+01,6.312499999999987566e-02,1.549000000000000199e+01,3.554687499999964473e-02
1.070299999999999955e+03,7.681274414062500000e+01,3.062500000000012434e-02,1.528750000000000142e+01,-4.210937500000078160e-02
1.070400000000000091e+03,7.664794921875000000e+01,3.812499999999996447e-02,1.531500000000000128e+01,-7.656250000001030287e-03
1.070500000000000000e+03,7.657470703125000000e+01,3.312500000000007105e-02,1.522749999999999915e+01,-9.296875000000426326e-03
1.070599999999999909e+03,7.617187500000000000e+01,1.062500000000010658e-02,1.522250000000000014e+01,-4.812500000000063949e-02
1.070700000000000045e+03,7.554931640625000000e+01,3.062500000000012434e-02,1.519500000000000028e+01,2.570312499999971578e-02
1.070799999999999955e+03,7.602539062500000000e+01,2.812499999999973355e-02,1.526249999999999929e+01,6.015624999998969713e-03
1.070900000000000091e+03,7.582397460937500000e+01,2.812499999999973355e-02,1.511749999999999972e+01,2.679687499999960920e-02
1.071000000000000000e+03,7.538452148437500000e+01,2.312499999999984013e-02,1.530750000000000099e+01,1.585937499999889866e-02
1.071099999999999909e+03,7.523803710937500000e+01,5.312500000000008882e-02,1.555000000000000071e+01,-2.734375000000088818e-02
1.071200000000000045e+03,7.472534179687500000e+01,5.062500000000014211e-02,1.546249999999999858e+01,-4.703125000000074607e-02
1.071299999999999955e+03,7.520141601562500000e+01,2.062499999999989342e-02,1.526500000000000057e+01,-3.773437500000031974e-02
1.071400000000000091e+03,7.505493164062500000e+01,5.562500000000003553e-02,1.536250000000000071e+01,-7.273437500000046185e-02
1.071500000000000000e+03,7.424926757812500000e+01,6.312499999999987566e-02,1.560249999999999915e+01,-3.773437500000031974e-02
1.071599999999999909e+03,7.445068359375000000e+01,7.812500000000000000e-02,1.522500000000000142e+01,-4.484375000000095923e-02
1.071700000000000045e+03,7.393798828125000000e+01,4.812499999999975131e-02,1.543750000000000000e+01,-4.703125000000074607e-02
1.071799999999999955e+03,7.437744140625000000e+01,2.312499999999984013e-02,1.540249999999999986e+01,3.281249999999680256e-03
1.071900000000000091e+03,7.377319335937500000e+01,4.312499999999985789e-02,1.523750000000000071e+01,-2.734375000000088818e-02
1.072000000000000000e+03,7.346191406250000000e+01,-1.875000000000071054e-03,1.508749999999999858e+01,7.656249999999253930e-03
1.072099999999999909e+03,7.373657226562500000e+01,2.812499999999973355e-02,1.528750000000000142e+01,-2.132812500000103029e-02
1.072200000000000045e+03,7.326049804687500000e+01,4.812499999999975131e-02,1.532499999999999929e+01,1.421874999999950262e-02
1.072299999999999955e+03,7.362670898437500000e+01,6.562499999999982236e-02,1.526500000000000057e+01,-4.539062500000046185e-02
1.072400000000000091e+03,7.278442382812500000e+01,2.812499999999973355e-02,1.524500000000000099e+01,-5.359375000000099476e-02
1.072500000000000000e+03,7.261962890625000000e+01,4.062499999999991118e-02,1.517999999999999972e+01,-2.843750000000078160e-02
1.072599999999999909e+03,7.293090820312500000e+01,5.062500000000014211e-02,1.553249999999999886e+01,-2.242187500000092371e-02
1.072700000000000045e+03,7.245483398437500000e+01,3.562500000000001776e-02,1.533249999999999957e+01,-1.148437500000110134e-02
1.072799999999999955e+03,7.230834960937500000e+01,4.562499999999980460e-02,1.521249999999999858e+01,-4.539062500000046185e-02
1.072900000000000091e+03,7.207031250000000000e+01,3.562500000000001776e-02,1.520500000000000185e+01,-4.976562500000092371e-02
1.073000000000000000e+03,7.197875976562500000e+01,7.312500000000010658e-02,1.532250000000000156e+01,-6.398437500000042633e-02
1.073099999999999909e+03,7.225341796875000000e+01,4.562499999999980460e-02,1.523499999999999943e+01,-4.156250000000039080e-02
1.073200000000000045e+03,7.141113281250000000e+01,1.812499999999994671e-02,1.531749999999999901e+01,-1.148437500000110134e-02
1.073299999999999955e+03,7.146606445312500000e+01,1.062500000000010658e-02,1.512000000000000099e+01,-5.468750000003907985e-04
1.073400000000000091e+03,7.139282226562500000e+01,2.312499999999984013e-02,1.517249999999999943e+01,-4.757812500000024869e-02
1.073500000000000000e+03,7.126464843750000000e+01,2.062499999999989342e-02,1.522749999999999915e+01,-1.968750000000074607e-02
1.073599999999999909e+03,7.153930664062500000e+01,2.312499999999984013e-02,1.533749999999999858e+01,-1.312500000000049738e-02
1.073700000000000045e+03,7.042236328125000000e+01,1.562500000000000000e-02,1.520250000000000057e+01,-3.664062500000042633e-02
1.073799999999999955e+03,7.078857421875000000e+01,3.812499999999996447e-02,1.543250000000000099e+01,-2.570312500000060396e-02
1.073900000000000091e+03,7.066040039062500000e+01,5.312500000000008882e-02,1.524000000000000199e+01,5.468749999995026201e-04
1.074000000000000000e+03,7.055053710937500000e+01,5.312500000000008882e-02,1.513250000000000028e+01,-1.367187500000088818e-02
1.074099999999999909e+03,7.033081054687500000e+01,3.312500000000007105e-02,1.546000000000000085e+01,-3.828125000000071054e-02
1.074200000000000045e+03,6.967163085937500000e+01,2.812499999999973355e-02,1.561500000000000199e+01,1.039062499999943157e-02
1.074299999999999955e+03,7.011108398437500000e+01,4.062499999999991118e-02,1.553999999999999915e+01,-5.140625000000031974e-02
1.074400000000000091e+03,7.000122070312500000e+01,6.312499999999987566e-02,1.537999999999999901e+01,-2.132812500000103029e-02
1.074500000000000000e+03,6.974487304687500000e+01,5.562500000000003553e-02,1.524500000000000099e+01,-3.718750000000081712e-02
1.074599999999999909e+03,6.956176757812500000e+01,4.062499999999991118e-02,1.549249999999999972e+01,-6.070312500000074607e-02
1.074700000000000045e+03,6.904907226562500000e+01,5.062500000000014211e-02,1.549249999999999972e+01,-2.242187500000092371e-02
1.074799999999999955e+03,6.947021484375000000e+01,2.562499999999978684e-02,1.513250000000000028e+01,-6.289062500000053291e-02
1.074900000000000091e+03,6.937866210937500000e+01,3.562500000000001776e-02,1.519249999999999901e+01,-4.375000000000106581e-02
1.075000000000000000e+03,6.862792968750000000e+01,1.062500000000010658e-02,1.519999999999999929e+01,-3.445312500000063949e-02
1.075099999999999909e+03,6.882934570312500000e+01,1.812499999999994671e-02,1.536250000000000071e+01,-3.554687500000053291e-02
1.075200000000000045e+03,6.838989257812500000e+01,5.562500000000003553e-02,1.526500000000000057e+01,-1.039062500000031974e-02
1.075299999999999955e+03,6.881103515625000000e+01,5.624999999999769074e-03,1.517750000000000199e+01,-1.367187500000088818e-02
1.075400000000000091e+03,6.835327148437500000e+01,2.062499999999989342e-02,1.536749999999999972e+01,2.789062499999950262e-02
1.075500000000000000e+03,6.798706054687500000e+01,2.062499999999989342e-02,1.512500000000000000e+01,-2.132812500000103029e-02
1.075599999999999909e+03,6.826171875000000000e+01,1.062500000000010658e-02,1.540749999999999886e+01,-4.593750000000085265e-02
1.075700000000000045e+03,6.778564453125000000e+01,4.562499999999980460e-02,1.542000000000000171e+01,9.843749999999040767e-03
1.075799999999999955e+03,6.818847656250000000e+01,2.812499999999973355e-02,1.528999999999999915e+01,-4.101562500000088818e-02
1.075900000000000091e+03,6.752929687500000000e+01,1.562500000000000000e-02,1.539250000000000185e+01,-5.796875000000056843e-02
1.076000000000000000e+03,6.738281250000000000e+01,2.062499999999989342e-02,1.548250000000000171e+01,-6.507812500000031974e-02
1.076099999999999909e+03,6.760253906250000000e+01,5.312500000000008882e-02,1.549249999999999972e+01,-4.210937500000078160e-02
1.076200000000000045e+03,6.718139648437500000e+01,3.562500000000001776e-02,1.539250000000000185e+01,-3.609375000000092371e-02
1.076299999999999955e+03,6.705322265625000000e+01,-9.374999999999911182e-03,1.546750000000000114e+01,-3.882812500000110134e-02
1.076400000000000091e+03,6.677856445312500000e+01,6.249999999998756550e-04,1.530499999999999972e+01,2.734374999999289457e-03
1.076500000000000000e+03,6.668701171875000000e+01,2.312499999999984013e-02,1.530750000000000099e+01,1.476562499999900524e-02
1.076599999999999909e+03,6.692504882812500000e+01,1.562500000000000000e-02,1.532499999999999929e+01,-2.078125000000063949e-02
1.076700000000000045e+03,6.635742187500000000e+01,1.312500000000005329e-02,1.531749999999999901e+01,-1.804687500000046185e-02
1.076799999999999955e+03,6.628417968750000000e+01,3.062500000000012434e-02,1.518499999999999872e+01,-6.289062500000053291e-02
1.076900000000000091e+03,6.622924804687500000e+01,1.312500000000005329e-02,1.540500000000000114e+01,-1.585937500000067502e-02
1.077000000000000000e+03,6.604614257812500000e+01,2.062499999999989342e-02,1.527250000000000085e+01,3.117187499999918288e-02
1.077099999999999909e+03,6.632080078125000000e+01,4.562499999999980460e-02,1.550250000000000128e+01,-5.304687500000060396e-02
1.077200000000000045e+03,6.533203125000000000e+01,8.124999999999715783e-03,1.541499999999999915e+01,-7.656250000001030287e-03
1.077299999999999955e+03,6.566162109375000000e+01,2.812499999999973355e-02,1.531749999999999901e+01,-1.968750000000074607e-02
1.077400000000000091e+03,6.557006835937500000e+01,7.562500000000005329e-02,1.510999999999999943e+01,-3.882812500000110134e-02
1.077500000000000000e+03,6.546020507812500000e+01,4.312499999999985789e-02,1.510000000000000142e+01,-7.109375000000106581e-02
1.077599999999999909e+03,6.535034179687500000e+01,1.812499999999994671e-02,1.541000000000000014e+01,-7.218750000000095923e-02
1.077700000000000045e+03,6.467285156250000000e+01,4.562499999999980460e-02,1.534250000000000114e+01,-2.734375000001065814e-03
1.077799999999999955e+03,6.507568359375000000e+01,1.812499999999994671e-02,1.537000000000000099e+01,-2.789062500000039080e-02
1.077900000000000091e+03,6.494750976562500000e+01,2.562499999999978684e-02,1.520500000000000185e+01,-6.726562500000099476e-02
1.078000000000000000e+03,6.487426757812500000e+01,1.062500000000010658e-02,1.564750000000000085e+01,-7.109375000000639488e-03
1.078099999999999909e+03,6.465454101562500000e+01,4.062499999999991118e-02,1.539250000000000185e+01,-3.937500000000060396e-02
1.078200000000000045e+03,6.416015625000000000e+01,3.812499999999996447e-02,1.528500000000000014e+01,-3.828125000000959233e-03
1.078299999999999955e+03,6.454467773437500000e+01,2.062499999999989342e-02,1.562999999999999901e+01,-3.445312500000063949e-02
1.078400000000000091e+03,6.448974609375000000e+01,2.562499999999978684e-02,1.526000000000000156e+01,3.062499999999968026e-02
1.078500000000000000e+03,6.386718750000000000e+01,4.062499999999991118e-02,1.528999999999999915e+01,1.476562499999900524e-02
1.078599999999999909e+03,6.401367187500000000e+01,4.312499999999985789e-02,1.535999999999999943e+01,-4.210937500000078160e-02
1.078700000000000045e+03,6.357421875000000000e+01,2.312499999999984013e-02,1.540749999999999886e+01,1.312499999999960920e-02
1.078799999999999955e+03,6.397705078125000000e+01,4.062499999999991118e-02,1.544999999999999929e+01,4.757812499999936051e-02
1.078900000000000091e+03,6.384887695312500000e+01,2.812499999999973355e-02,1.548000000000000043e+01,-2.898437500000028422e-02
1.079000000000000000e+03,6.377563476562500000e+01,6.249999999998756550e-04,1.550250000000000128e+01,4.374999999999573674e-03
1.079099999999999909e+03,6.401367187500000000e+01,2.312499999999984013e-02,1.553999999999999915e+01,-3.445312500000063949e-02
1.079200000000000045e+03,6.362915039062500000e+01,3.062500000000012434e-02,1.559250000000000114e+01,-6.726562500000099476e-02
1.079299999999999955e+03,6.397705078125000000e+01,3.812499999999996447e-02,1.542249999999999943e+01,-5.906250000000046185e-02
1.079400000000000091e+03,6.386718750000000000e+01,6.812499999999976907e-02,1.527499999999999858e+01,-2.679687500000049738e-02
1.079500000000000000e+03,6.373901367187500000e+01,6.062499999999992895e-02,1.511749999999999972e+01,-1.203125000000060396e-02
1.079599999999999909e+03,6.399536132812500000e+01,3.542499999999999982e+00,1.540249999999999986e+01,1.745296875000000014e+01
1.079700000000000045e+03,6.357421875000000000e+01,2.719999999999999751e+00,1.507499999999999929e+01,1.556953125000000071e+01
1.079799999999999955e+03,6.399536132812500000e+01,3.107499999999999929e+00,1.516250000000000142e+01,1.556515625000000114e+01
1.079900000000000091e+03,6.397705078125000000e+01,3.095000000000000195e+00,1.533000000000000185e+01,1.547328125000000121e+01
1.080000000000000000e+03,6.386718750000000000e+01,3.069999999999999840e+00,1.549249999999999972e+01,1.553453125000000057e+01
1.080099999999999909e+03,6.414184570312500000e+01,3.109999999999999876e+00,1.559250000000000114e+01,1.545414062500000085e+01
1.080200000000000045e+03,6.362915039062500000e+01,3.084999999999999964e+00,1.534250000000000114e+01,1.551976562500000156e+01
1.080299999999999955e+03,6.589965820312500000e+01,3.102500000000000036e+00,1.557250000000000156e+01,1.552250000000000085e+01
1.080400000000000091e+03,6.586303710937500000e+01,3.157500000000000195e+00,1.547250000000000014e+01,1.552578125000000142e+01
1.080500000000000000e+03,6.577148437500000000e+01,3.129999999999999893e+00,1.550250000000000128e+01,1.552851562500000071e+01
1.080599999999999909e+03,6.602783203125000000e+01,3.160000000000000142e+00,1.532250000000000156e+01,1.548968750000000050e+01
1.080700000000000045e+03,6.822509765625000000e+01,3.172499999999999876e+00,1.542249999999999943e+01,1.548968750000000050e+01
1.080799999999999955e+03,6.926879882812500000e+01,3.152499999999999858e+00,1.521249999999999858e+01,1.551757812500000000e+01
1.080900000000000091e+03,6.915893554687500000e+01,3.162500000000000089e+00,1.553000000000000114e+01,1.552468750000000064e+01
1.081000000000000000e+03,6.904907226562500000e+01,3.182500000000000107e+00,1.532499999999999929e+01,1.552632812500000092e+01
1.081099999999999909e+03,7.117309570312500000e+01,3.214999999999999858e+00,1.522500000000000142e+01,1.548039062500000007e+01
1.081200000000000045e+03,7.324218750000000000e+01,3.192499999999999893e+00,1.539499999999999957e+01,1.550609375000000156e+01
1.081299999999999955e+03,7.377319335937500000e+01,3.200000000000000178e+00,1.532499999999999929e+01,1.549242187500000156e+01
1.081400000000000091e+03,7.360839843750000000e+01,3.209999999999999964e+00,1.548000000000000043e+01,1.552304687500000036e+01
1.081500000000000000e+03,7.355346679687500000e+01,3.232499999999999929e+00,1.547250000000000014e+01,1.551757812500000000e+01
1.081599999999999909e+03,7.835083007812500000e+01,3.207500000000000018e+00,1.517249999999999943e+01,1.549460937500000135e+01
1.081700000000000045e+03,7.820434570312500000e+01,3.234999999999999876e+00,1.534250000000000114e+01,1.545359375000000135e+01
1.081799999999999955e+03,7.873535156250000000e+01,3.209999999999999964e+00,1.544249999999999901e+01,1.551648437500000099e+01
1.081900000000000091e+03,7.851562500000000000e+01,3.254999999999999893e+00,1.528500000000000014e+01,1.553179687500000128e+01
1.082000000000000000e+03,8.142700195312500000e+01,3.247500000000000053e+00,1.519750000000000156e+01,1.546289062500000000e+01
1.082099999999999909e+03,8.270874023437500000e+01,3.252499999999999947e+00,1.521750000000000114e+01,1.551757812500000000e+01
1.082200000000000045e+03,8.225097656250000000e+01,3.234999999999999876e+00,1.527749999999999986e+01,1.552085937500000057e+01
1.082299999999999955e+03,8.274536132812500000e+01,3.272499999999999964e+00,1.548250000000000171e+01,1.548531250000000092e+01
1.082400000000000091e+03,8.298339843750000000e+01,3.280000000000000249e+00,1.558249999999999957e+01,1.550664062500000107e+01
1.082500000000000000e+03,8.576660156250000000e+01,3.257499999999999840e+00,1.529749999999999943e+01,1.551101562500000064e+01
1.082599999999999909e+03,8.615112304687500000e+01,3.265000000000000124e+00,1.518750000000000000e+01,1.548531250000000092e+01
1.082700000000000045e+03,8.560180664062500000e+01,3.254999999999999893e+00,1.549000000000000199e+01,1.551812500000000128e+01
1.082799999999999955e+03,8.616943359375000000e+01,3.257499999999999840e+00,1.533999999999999986e+01,1.547492187500000149e+01
1.082900000000000091e+03,8.860473632812500000e+01,3.312500000000000000e+00,1.523499999999999943e+01,1.549187500000000028e+01
1.083000000000000000e+03,8.898925781250000000e+01,3.310000000000000053e+00,1.524749999999999872e+01,1.553234375000000078e+01
1.083099999999999909e+03,8.926391601562500000e+01,3.317499999999999893e+00,1.537000000000000099e+01,1.546781250000000085e+01
1.083200000000000045e+03,8.875122070312500000e+01,3.339999999999999858e+00,1.535249999999999915e+01,1.546070312500000021e+01
1.083299999999999955e+03,9.080200195312500000e+01,3.367500000000000160e+00,1.525499999999999901e+01,1.546617187500000057e+01
1.083400000000000091e+03,9.166259765625000000e+01,3.345000000000000195e+00,1.543250000000000099e+01,1.545851562500000043e+01
1.083500000000000000e+03,9.173583984375000000e+01,3.339999999999999858e+00,1.533749999999999858e+01,1.548968750000000050e+01
1.083599999999999909e+03,9.199218750000000000e+01,3.362499999999999822e+00,1.533999999999999986e+01,1.547437500000000021e+01
1.083700000000000045e+03,9.138793945312500000e+01,3.370000000000000107e+00,1.537249999999999872e+01,1.548695312500000121e+01
1.083799999999999955e+03,9.442749023437500000e+01,3.372500000000000053e+00,1.529749999999999943e+01,1.551046875000000114e+01
1.083900000000000091e+03,9.428100585937500000e+01,3.392500000000000071e+00,1.531749999999999901e+01,1.550718750000000057e+01
1.084000000000000000e+03,9.439086914062500000e+01,3.419999999999999929e+00,1.558999999999999986e+01,1.556132812500000107e+01
1.084099999999999909e+03,9.459228515625000000e+01,3.382499999999999840e+00,1.506250000000000000e+01,1.545742187500000142e+01
1.084200000000000045e+03,9.585571289062500000e+01,3.437500000000000000e+00,1.516750000000000043e+01,1.556460937500000163e+01
1.084299999999999955e+03,9.688110351562500000e+01,3.397499999999999964e+00,1.533249999999999957e+01,1.542460937500000107e+01
1.084400000000000091e+03,9.658813476562500000e+01,3.417499999999999982e+00,1.550250000000000128e+01,1.545851562500000043e+01
1.084500000000000000e+03,9.666137695312500000e+01,3.419999999999999929e+00,1.538749999999999929e+01,1.547328125000000121e+01
1.084599999999999909e+03,9.763183593750000000e+01,3.402499999999999858e+00,1.536250000000000071e+01,1.554546875000000128e+01
1.084700000000000045e+03,9.856567382812500000e+01,3.424999999999999822e+00,1.539000000000000057e+01,1.545031250000000078e+01
1.084799999999999955e+03,9.918823242187500000e+01,3.444999999999999840e+00,1.543250000000000099e+01,1.552523437500000014e+01
1.084900000000000091e+03,9.885864257812500000e+01,3.464999999999999858e+00,1.521249999999999858e+01,1.544101562500000036e+01
1.085000000000000000e+03,9.896850585937500000e+01,3.447499999999999787e+00,1.554250000000000043e+01,1.548695312500000121e+01
1.085099999999999909e+03,1.011108398437500000e+02,3.455000000000000071e+00,1.542999999999999972e+01,1.549078125000000128e+01
1.085200000000000045e+03,1.007080078125000000e+02,3.459999999999999964e+00,1.539250000000000185e+01,1.547929687500000107e+01
1.085299999999999955e+03,1.013122558593750000e+02,3.520000000000000018e+00,1.522749999999999915e+01,1.552906250000000021e+01
1.085400000000000091e+03,1.009826660156250000e+02,3.477500000000000036e+00,1.533000000000000185e+01,1.553507812500000007e+01
1.085500000000000000e+03,1.025207519531250000e+02,3.470000000000000195e+00,1.559250000000000114e+01,1.550937500000000036e+01
1.085599999999999909e+03,1.033813476562500000e+02,3.524999999999999911e+00,1.516250000000000142e+01,1.549679687500000114e+01
1.085700000000000045e+03,1.027954101562500000e+02,3.497500000000000053e+00,1.527499999999999858e+01,1.549296875000000107e+01
1.085799999999999955e+03,1.033996582031250000e+02,3.517500000000000071e+00,1.528750000000000142e+01,1.553234375000000078e+01
1.085900000000000091e+03,1.033447265625000000e+02,3.522499999999999964e+00,1.533000000000000185e+01,1.552523437500000014e+01
1.086000000000000000e+03,1.050842285156250000e+02,3.524999999999999911e+00,1.546249999999999858e+01,1.547546875000000099e+01
1.086099999999999909e+03,1.053588867187500000e+02,3.544999999999999929e+00,1.526750000000000185e+01,1.551867187500000078e+01
1.086200000000000045e+03,1.048095703125000000e+02,3.544999999999999929e+00,1.530499999999999972e+01,1.548257812500000163e+01
1.086299999999999955e+03,1.053955078125000000e+02,3.542499999999999982e+00,1.544249999999999901e+01,1.553015625000000099e+01
1.086400000000000091e+03,1.067871093750000000e+02,3.564999999999999947e+00,1.553750000000000142e+01,1.553781250000000114e+01
1.086500000000000000e+03,1.072082519531250000e+02,3.549999999999999822e+00,1.541000000000000014e+01,1.549078125000000128e+01
1.086599999999999909e+03,1.074279785156250000e+02,3.572499999999999787e+00,1.533749999999999858e+01,1.553507812500000007e+01
1.086700000000000045e+03,1.068237304687500000e+02,3.562500000000000000e+00,1.569999999999999929e+01,1.548257812500000163e+01
1.086799999999999955e+03,1.084899902343750000e+02,3.622500000000000053e+00,1.539250000000000185e+01,1.549734375000000064e+01
1.086900000000000091e+03,1.088928222656250000e+02,3.607499999999999929e+00,1.533999999999999986e+01,1.549132812500000078e+01
1.087000000000000000e+03,1.090759277343750000e+02,3.600000000000000089e+00,1.540249999999999986e+01,1.550882812500000085e+01
1.087099999999999909e+03,1.093139648437500000e+02,3.607499999999999929e+00,1.537000000000000099e+01,1.545742187500000142e+01
1.087200000000000045e+03,1.087829589843750000e+02,3.745000000000000107e+00,1.549249999999999972e+01,1.550992187500000163e+01
1.087299999999999955e+03,1.110717773437500000e+02,3.602500000000000036e+00,1.540249999999999986e+01,1.551101562500000064e+01
1.087400000000000091e+03,1.107238769531250000e+02,3.620000000000000107e+00,1.561250000000000071e+01,1.554218750000000071e+01
1.087500000000000000e+03,1.109069824218750000e+02,3.622500000000000053e+00,1.535000000000000142e+01,1.551867187500000078e+01
1.087599999999999909e+03,1.111083984375000000e+02,3.642500000000000071e+00,1.543750000000000000e+01,1.553070312500000050e+01
1.087700000000000045e+03,1.120422363281250000e+02,3.645000000000000018e+00,1.542999999999999972e+01,1.550937500000000036e+01
1.087799999999999955e+03,1.130310058593750000e+02,3.640000000000000124e+00,1.521249999999999858e+01,1.550062500000000121e+01
1.087900000000000091e+03,1.126281738281250000e+02,3.660000000000000142e+00,1.521750000000000114e+01,1.549460937500000135e+01
1.088000000000000000e+03,1.128112792968750000e+02,3.649999999999999911e+00,1.533000000000000185e+01,1.554164062500000121e+01
1.088099999999999909e+03,1.137634277343750000e+02,3.665000000000000036e+00,1.530499999999999972e+01,1.547929687500000107e+01
1.088200000000000045e+03,1.142028808593750000e+02,3.665000000000000036e+00,1.533000000000000185e+01,1.552414062500000114e+01
1.088299999999999955e+03,1.148803710937500000e+02,3.645000000000000018e+00,1.532250000000000156e+01,1.544812500000000099e+01
1.088400000000000091e+03,1.144042968750000000e+02,3.697499999999999787e+00,1.525750000000000028e+01,1.549460937500000135e+01
1.088500000000000000e+03,1.145874023437500000e+02,3.702500000000000124e+00,1.537000000000000099e+01,1.549351562500000057e+01
1.088599999999999909e+03,1.164550781250000000e+02,3.732499999999999929e+00,1.537249999999999872e+01,1.551101562500000064e+01
1.088700000000000045e+03,1.160522460937500000e+02,3.667499999999999982e+00,1.515749999999999886e+01,1.551156250000000014e+01
1.088799999999999955e+03,1.166564941406250000e+02,3.689999999999999947e+00,1.525250000000000128e+01,1.552960937500000149e+01
1.088900000000000091e+03,1.162170410156250000e+02,3.695000000000000284e+00,1.524500000000000099e+01,1.549570312500000036e+01
1.089000000000000000e+03,1.177551269531250000e+02,3.722500000000000142e+00,1.553249999999999886e+01,1.552359375000000163e+01
1.089099999999999909e+03,1.183959960937500000e+02,3.742500000000000160e+00,1.543750000000000000e+01,1.554492187500000000e+01
1.089200000000000045e+03,1.178283691406250000e+02,3.762500000000000178e+00,1.532250000000000156e+01,1.550335937500000050e+01
1.089299999999999955e+03,1.184875488281250000e+02,3.740000000000000213e+00,1.539000000000000057e+01,1.555148437500000114e+01
1.089400000000000091e+03,1.183959960937500000e+02,3.740000000000000213e+00,1.541250000000000142e+01,1.546562500000000107e+01
1.089500000000000000e+03,1.199157714843750000e+02,3.770000000000000018e+00,1.530000000000000071e+01,1.553343750000000156e+01
1.089599999999999909e+03,1.201171875000000000e+02,3.792499999999999982e+00,1.548250000000000171e+01,1.552250000000000085e+01
1.089700000000000045e+03,1.195312500000000000e+02,3.774999999999999911e+00,1.521499999999999986e+01,1.550609375000000156e+01
1.089799999999999955e+03,1.201904296875000000e+02,3.787500000000000089e+00,1.506749999999999901e+01,1.556023437500000028e+01
1.089900000000000091e+03,1.213073730468750000e+02,3.794999999999999929e+00,1.533999999999999986e+01,1.546398437500000078e+01
1.090000000000000000e+03,1.217468261718750000e+02,3.810000000000000053e+00,1.547250000000000014e+01,1.547765625000000078e+01
1.090099999999999909e+03,1.219482421875000000e+02,3.777499999999999858e+00,1.535000000000000142e+01,1.550828125000000135e+01
1.090200000000000045e+03,1.213256835937500000e+02,3.814999999999999947e+00,1.540749999999999886e+01,1.548476562500000142e+01
1.090299999999999955e+03,1.231201171875000000e+02,3.830000000000000071e+00,1.535000000000000142e+01,1.548093750000000135e+01
1.090400000000000091e+03,1.232849121093750000e+02,3.844999999999999751e+00,1.546999999999999886e+01,1.550992187500000163e+01
1.090500000000000000e+03,1.235595703125000000e+02,3.837499999999999911e+00,1.526249999999999929e+01,1.548804687500000021e+01
1.090599999999999909e+03,1.237243652343750000e+02,3.854999999999999982e+00,1.555250000000000199e+01,1.553617187500000085e+01
1.090700000000000045e+03,1.232299804687500000e+02,3.854999999999999982e+00,1.549749999999999872e+01,1.552960937500000149e+01
1.090799999999999955e+03,1.254821777343750000e+02,3.854999999999999982e+00,1.522500000000000142e+01,1.547601562500000050e+01
1.090900000000000091e+03,1.250610351562500000e+02,3.877499999999999947e+00,1.545749999999999957e+01,1.548421875000000014e+01
1.091000000000000000e+03,1.253540039062500000e+02,3.852500000000000036e+00,1.524000000000000199e+01,1.549242187500000156e+01
1.091099999999999909e+03,1.254455566406250000e+02,3.892500000000000071e+00,1.527250000000000085e+01,1.550882812500000085e+01
1.091200000000000045e+03,1.265075683593750000e+02,4.060000000000000497e+00,1.538250000000000028e+01,1.550554687500000028e+01
1.091299999999999955e+03,1.274047851562500000e+02,3.910000000000000142e+00,1.526750000000000185e+01,1.551265625000000092e+01
1.091400000000000091e+03,1.268554687500000000e+02,3.927500000000000213e+00,1.549249999999999972e+01,1.547164062500000092e+01
1.091500000000000000e+03,1.271301269531250000e+02,3.910000000000000142e+00,1.539999999999999858e+01,1.549953125000000043e+01
1.091599999999999909e+03,1.282836914062500000e+02,3.927500000000000213e+00,1.544999999999999929e+01,1.552687500000000043e+01
1.091700000000000045e+03,1.284484863281250000e+02,3.955000000000000071e+00,1.539000000000000057e+01,1.557500000000000107e+01
1.091799999999999955e+03,1.291076660156250000e+02,3.950000000000000178e+00,1.535999999999999943e+01,1.554656250000000028e+01
1.091900000000000091e+03,1.285583496093750000e+02,4.004999999999999893e+00,1.530999999999999872e+01,1.556789062500000043e+01
1.092000000000000000e+03,1.288879394531250000e+02,3.979999999999999982e+00,1.533749999999999858e+01,1.553398437500000107e+01
1.092099999999999909e+03,1.307373046875000000e+02,4.004999999999999893e+00,1.531749999999999901e+01,1.553289062500000028e+01
1.092200000000000045e+03,1.302795410156250000e+02,4.035000000000000142e+00,1.532000000000000028e+01,1.553562500000000135e+01
1.092299999999999955e+03,1.309387207031250000e+02,4.060000000000000497e+00,1.532250000000000156e+01,1.549679687500000114e+01
1.092400000000000091e+03,1.303710937500000000e+02,4.049999999999999822e+00,1.533000000000000185e+01,1.548859375000000149e+01
1.092500000000000000e+03,1.322387695312500000e+02,4.047500000000000320e+00,1.527250000000000085e+01,1.545687500000000014e+01
1.092599999999999909e+03,1.326965332031250000e+02,4.032499999999999751e+00,1.538250000000000028e+01,1.547164062500000092e+01
1.092700000000000045e+03,1.321838378906250000e+02,4.105000000000000426e+00,1.498000000000000043e+01,1.548531250000000092e+01
1.092799999999999955e+03,1.328247070312500000e+02,4.075000000000000178e+00,1.523750000000000071e+01,1.551976562500000156e+01
1.092900000000000091e+03,1.329345703125000000e+02,4.084999999999999964e+00,1.542999999999999972e+01,1.551703125000000050e+01
1.093000000000000000e+03,1.343627929687500000e+02,4.089999999999999858e+00,1.530750000000000099e+01,1.551429687500000121e+01
1.093099999999999909e+03,1.345275878906250000e+02,4.117499999999999716e+00,1.541750000000000043e+01,1.547875000000000156e+01
1.093200000000000045e+03,1.339965820312500000e+02,4.157499999999999751e+00,1.518750000000000000e+01,1.553234375000000078e+01
1.093299999999999955e+03,1.346374511718750000e+02,4.140000000000000568e+00,1.541250000000000142e+01,1.554656250000000028e+01
1.093400000000000091e+03,1.359191894531250000e+02,4.162499999999999645e+00,1.538749999999999929e+01,1.546781250000000085e+01
1.093500000000000000e+03,1.364135742187500000e+02,4.157499999999999751e+00,1.524249999999999972e+01,1.549460937500000135e+01
1.093599999999999909e+03,1.365417480468750000e+02,4.189999999999999503e+00,1.538500000000000156e+01,1.543882812500000057e+01
1.093700000000000045e+03,1.360290527343750000e+02,4.240000000000000213e+00,1.521750000000000114e+01,1.552796875000000121e+01
1.093799999999999955e+03,1.380798339843750000e+02,4.252499999999999503e+00,1.529749999999999943e+01,1.547437500000000021e+01
1.093900000000000091e+03,1.379333496093750000e+02,4.288750000000000284e+00,1.537999999999999901e+01,1.555968750000000078e+01
1.094000000000000000e+03,1.383178710937500000e+02,4.250000000000000000e+00,1.566250000000000142e+01,1.554601562500000078e+01
1.094099999999999909e+03,1.383728027343750000e+02,4.250000000000000000e+00,1.515249999999999986e+01,1.549734375000000064e+01
1.094200000000000045e+03,1.382812500000000000e+02,4.259999999999999787e+00,1.505999999999999872e+01,1.544156250000000163e+01
1.094299999999999955e+03,1.399108886718750000e+02,4.327500000000000568e+00,1.534250000000000114e+01,1.545851562500000043e+01
1.094400000000000091e+03,1.393615722656250000e+02,4.337500000000000355e+00,1.526249999999999929e+01,1.548695312500000121e+01
1.094500000000000000e+03,1.397094726562500000e+02,4.594999999999999751e+00,1.542000000000000171e+01,1.544812500000000099e+01
1.094599999999999909e+03,1.398193359375000000e+02,4.339999999999999858e+00,1.542249999999999943e+01,1.549789062500000014e+01
1.094700000000000045e+03,1.392883300781250000e+02,4.355000000000000426e+00,1.539250000000000185e+01,1.557773437500000036e+01
1.094799999999999955e+03,1.399658203125000000e+02,4.562499999999980460e-02,1.539000000000000057e+01,-6.562500000000248690e-03
1.094900000000000091e+03,1.393615722656250000e+02,3.062500000000012434e-02,1.519750000000000156e+01,-3.226562500000085265e-02
1.095000000000000000e+03,1.397277832031250000e+02,6.312499999999987566e-02,1.533749999999999858e+01,-3.445312500000063949e-02
1.095099999999999909e+03,1.398193359375000000e+02,5.812499999999998224e-02,1.524500000000000099e+01,-2.023437500000024869e-02
1.095200000000000045e+03,1.392700195312500000e+02,2.312499999999984013e-02,1.519249999999999901e+01,-5.523437500000039080e-02
1.095299999999999955e+03,1.399841308593750000e+02,2.812499999999973355e-02,1.528750000000000142e+01,-2.460937500000071054e-02
1.095400000000000091e+03,1.393249511718750000e+02,2.812499999999973355e-02,1.532250000000000156e+01,-5.250000000000110134e-02
1.095500000000000000e+03,1.396362304687500000e+02,2.312499999999984013e-02,1.517249999999999943e+01,-2.132812500000103029e-02
1.095599999999999909e+03,1.388671875000000000e+02,2.062499999999989342e-02,1.522500000000000142e+01,6.562499999999360512e-03
1.095700000000000045e+03,1.382812500000000000e+02,4.812499999999975131e-02,1.551999999999999957e+01,-1.044531250000009237e-01
1.095799999999999955e+03,1.389770507812500000e+02,4.562499999999980460e-02,1.526000000000000156e+01,-7.656250000001030287e-03
1.095900000000000091e+03,1.383544921875000000e+02,4.062499999999991118e-02,1.561250000000000071e+01,-2.023437500000024869e-02
1.096000000000000000e+03,1.362670898437500000e+02,5.062500000000014211e-02,1.540749999999999886e+01,-2.515625000000110134e-02
1.096099999999999909e+03,1.359375000000000000e+02,2.812499999999973355e-02,1.525250000000000128e+01,-4.484375000000095923e-02
1.096200000000000045e+03,1.354064941406250000e+02,1.812499999999994671e-02,1.518499999999999872e+01,-4.156250000000039080e-02
1.096299999999999955e+03,1.360473632812500000e+02,2.062499999999989342e-02,1.516750000000000043e+01,-5.250000000000110134e-02
1.096400000000000091e+03,1.330810546875000000e+02,4.812499999999975131e-02,1.530499999999999972e+01,-5.960937500000085265e-02
1.096500000000000000e+03,1.313415527343750000e+02,5.562500000000003553e-02,1.538500000000000156e+01,1.421874999999950262e-02
1.096599999999999909e+03,1.314331054687500000e+02,6.312499999999987566e-02,1.545250000000000057e+01,-1.257812500000099476e-02
1.096700000000000045e+03,1.308837890625000000e+02,3.562500000000001776e-02,1.528999999999999915e+01,-3.226562500000085265e-02
1.096799999999999955e+03,1.315612792968750000e+02,3.062500000000012434e-02,1.536250000000000071e+01,3.992187499999921840e-02
1.096900000000000091e+03,1.258483886718750000e+02,2.562499999999978684e-02,1.508000000000000185e+01,-2.789062500000039080e-02
1.097000000000000000e+03,1.258300781250000000e+02,2.312499999999984013e-02,1.519750000000000156e+01,-2.242187500000092371e-02
1.097099999999999909e+03,1.259399414062500000e+02,5.312500000000008882e-02,1.540249999999999986e+01,-3.335937500000074607e-02
1.097200000000000045e+03,1.253906250000000000e+02,3.812499999999996447e-02,1.527749999999999986e+01,-3.937500000000060396e-02
1.097299999999999955e+03,1.225524902343750000e+02,1.812499999999994671e-02,1.531749999999999901e+01,-2.843750000000078160e-02
1.097400000000000091e+03,1.211608886718750000e+02,5.812499999999998224e-02,1.530999999999999872e+01,-6.015625000000746070e-03
1.097500000000000000e+03,1.214172363281250000e+02,7.312500000000010658e-02,1.524500000000000099e+01,-2.953125000000067502e-02
1.097599999999999909e+03,1.215087890625000000e+02,5.062500000000014211e-02,1.541000000000000014e+01,-2.132812500000103029e-02
1.097700000000000045e+03,1.199340820312500000e+02,7.062500000000015987e-02,1.537249999999999872e+01,-3.117187500000095923e-02
1.097799999999999955e+03,1.181030273437500000e+02,3.312500000000007105e-02,1.551249999999999929e+01,-3.335937500000074607e-02
1.097900000000000091e+03,1.175354003906250000e+02,8.124999999999715783e-03,1.521499999999999986e+01,4.374999999999573674e-03
1.098000000000000000e+03,1.177551269531250000e+02,6.062499999999992895e-02,1.540749999999999886e+01,-5.414062500000049738e-02
1.098099999999999909e+03,1.179382324218750000e+02,3.062500000000012434e-02,1.527749999999999986e+01,-2.679687500000049738e-02
1.098200000000000045e+03,1.146423339843750000e+02,3.562500000000001776e-02,1.541000000000000014e+01,1.421874999999950262e-02
1.098299999999999955e+03,1.150085449218750000e+02,3.562500000000001776e-02,1.528999999999999915e+01,-3.062500000000056843e-02
1.098400000000000091e+03,1.145324707031250000e+02,1.812499999999994671e-02,1.541499999999999915e+01,-2.132812500000103029e-02
1.098500000000000000e+03,1.147338867187500000e+02,6.562499999999982236e-02,1.531749999999999901e+01,-1.257812500000099476e-02
1.098599999999999909e+03,1.131591796875000000e+02,1.999999999999997335e-01,1.526249999999999929e+01,3.828124999999182876e-03
1.098700000000000045e+03,1.116943359375000000e+02,3.812499999999996447e-02,1.529749999999999943e+01,1.148437499999932498e-02
1.098799999999999955e+03,1.123168945312500000e+02,3.562500000000001776e-02,1.535000000000000142e+01,-4.210937500000078160e-02
1.098900000000000091e+03,1.118408203125000000e+02,3.062500000000012434e-02,1.549749999999999872e+01,-3.281250000000568434e-03
1.099000000000000000e+03,1.118041992187500000e+02,3.562500000000001776e-02,1.533749999999999858e+01,-2.734375000001065814e-03
1.099099999999999909e+03,1.099365234375000000e+02,9.687499999999982236e-02,1.552250000000000085e+01,-8.531250000000056843e-02
1.099200000000000045e+03,1.092956542968750000e+02,1.812499999999994671e-02,1.551999999999999957e+01,5.468749999995026201e-04
1.099299999999999955e+03,1.098815917968750000e+02,1.812499999999994671e-02,1.505000000000000071e+01,-1.585937500000067502e-02
1.099400000000000091e+03,1.094238281250000000e+02,3.062500000000012434e-02,1.550250000000000128e+01,-3.117187500000095923e-02
1.099500000000000000e+03,1.078308105468750000e+02,2.562499999999978684e-02,1.545749999999999957e+01,-1.367187500000088818e-02
1.099599999999999909e+03,1.077575683593750000e+02,5.062500000000014211e-02,1.525250000000000128e+01,-6.562500000000248690e-03
1.099700000000000045e+03,1.071533203125000000e+02,3.812499999999996447e-02,1.535000000000000142e+01,-3.390625000000024869e-02
1.099799999999999955e+03,1.077941894531250000e+02,2.812499999999973355e-02,1.517500000000000071e+01,-2.132812500000103029e-02
1.099900000000000091e+03,1.064025878906250000e+02,3.062500000000012434e-02,1.532000000000000028e+01,-5.523437500000039080e-02
1.100000000000000000e+03,1.057434082031250000e+02,2.312499999999984013e-02,1.538749999999999929e+01,2.242187499999914735e-02
1.100099999999999909e+03,1.059448242187500000e+02,2.562499999999978684e-02,1.515500000000000114e+01,6.015624999998969713e-03
1.100200000000000045e+03,1.053588867187500000e+02,2.562499999999978684e-02,1.532750000000000057e+01,-2.515625000000110134e-02
1.100299999999999955e+03,1.059814453125000000e+02,6.312499999999987566e-02,1.523000000000000043e+01,-2.953125000000067502e-02
1.100400000000000091e+03,1.038574218750000000e+02,9.499999999999975131e-02,1.514999999999999858e+01,-2.406250000000031974e-02
1.100500000000000000e+03,1.038574218750000000e+02,3.312500000000007105e-02,1.526249999999999929e+01,-5.468750000003907985e-04
1.100599999999999909e+03,1.041320800781250000e+02,5.624999999999769074e-03,1.539999999999999858e+01,-1.312500000000049738e-02
1.100700000000000045e+03,1.035278320312500000e+02,4.562499999999980460e-02,1.529250000000000043e+01,-3.773437500000031974e-02
1.100799999999999955e+03,1.028869628906250000e+02,5.812499999999998224e-02,1.537000000000000099e+01,-2.242187500000092371e-02
1.100900000000000091e+03,1.021911621093750000e+02,3.562500000000001776e-02,1.515500000000000114e+01,-5.851562500000095923e-02
1.101000000000000000e+03,1.023010253906250000e+02,3.062500000000012434e-02,1.550250000000000128e+01,-6.015625000000035527e-02
1.101099999999999909e+03,1.025024414062500000e+02,1.812499999999994671e-02,1.519500000000000028e+01,-7.875000000000031974e-02
1.101200000000000045e+03,1.014953613281250000e+02,4.562499999999980460e-02,1.532499999999999929e+01,-5.851562500000095923e-02
1.101299999999999955e+03,1.009826660156250000e+02,6.312499999999987566e-02,1.518750000000000000e+01,-5.414062500000049738e-02
1.101400000000000091e+03,1.005981445312500000e+02,3.062500000000012434e-02,1.532750000000000057e+01,-2.843750000000078160e-02
1.101500000000000000e+03,1.006896972656250000e+02,2.062499999999989342e-02,1.527749999999999986e+01,-5.578125000000078160e-02
1.101599999999999909e+03,1.008728027343750000e+02,2.562499999999978684e-02,1.539000000000000057e+01,-2.242187500000092371e-02
1.101700000000000045e+03,9.909667968750000000e+01,2.812499999999973355e-02,1.518750000000000000e+01,-1.695312500000056843e-02
1.101799999999999955e+03,9.949951171875000000e+01,1.062500000000010658e-02,1.539250000000000185e+01,3.828124999999182876e-03
1.101900000000000091e+03,9.918823242187500000e+01,3.312500000000007105e-02,1.554250000000000043e+01,-2.570312500000060396e-02
1.102000000000000000e+03,9.929809570312500000e+01,5.562500000000003553e-02,1.552250000000000085e+01,-6.453125000000081712e-02
1.102099999999999909e+03,9.854736328125000000e+01,3.124999999999822364e-03,1.528999999999999915e+01,-3.007812500000106581e-02
1.102200000000000045e+03,9.759521484375000000e+01,8.124999999999715783e-03,1.513500000000000156e+01,-4.921875000000053291e-02
1.102299999999999955e+03,9.812622070312500000e+01,3.562500000000001776e-02,1.526500000000000057e+01,-1.203125000000060396e-02
1.102400000000000091e+03,9.779663085937500000e+01,9.249999999999980460e-02,1.495749999999999957e+01,-5.304687500000060396e-02
1.102500000000000000e+03,9.783325195312500000e+01,6.312499999999987566e-02,1.527749999999999986e+01,-2.570312500000060396e-02
1.102599999999999909e+03,9.686279296875000000e+01,4.312499999999985789e-02,1.527749999999999986e+01,-2.132812500000103029e-02
1.102700000000000045e+03,9.629516601562500000e+01,8.124999999999715783e-03,1.523499999999999943e+01,3.554687499999964473e-02
1.102799999999999955e+03,9.684448242187500000e+01,2.812499999999973355e-02,1.541750000000000043e+01,-9.296875000000426326e-03
1.102900000000000091e+03,9.647827148437500000e+01,2.312499999999984013e-02,1.537500000000000000e+01,-5.796875000000056843e-02
1.103000000000000000e+03,9.550781250000000000e+01,6.812499999999976907e-02,1.531250000000000000e+01,-6.289062500000053291e-02
1.103099999999999909e+03,9.548950195312500000e+01,1.562500000000000000e-02,1.537249999999999872e+01,3.828124999999182876e-03
1.103200000000000045e+03,9.495849609375000000e+01,2.562499999999978684e-02,1.537249999999999872e+01,7.656249999999253930e-03
1.103299999999999955e+03,9.548950195312500000e+01,3.562500000000001776e-02,1.530250000000000199e+01,-5.085937500000081712e-02
1.103400000000000091e+03,9.457397460937500000e+01,3.562500000000001776e-02,1.537999999999999901e+01,-6.617187500000110134e-02
1.103500000000000000e+03,9.400634765625000000e+01,3.062500000000012434e-02,1.546000000000000085e+01,-6.234375000000103029e-02
1.103599999999999909e+03,9.422607421875000000e+01,7.062500000000015987e-02,1.539999999999999858e+01,-6.343750000000092371e-02
1.103700000000000045e+03,9.365844726562500000e+01,1.562500000000000000e-02,1.545250000000000057e+01,-3.992187500000099476e-02
1.103799999999999955e+03,9.420776367187500000e+01,4.562499999999980460e-02,1.530000000000000071e+01,-2.078125000000063949e-02
1.103900000000000091e+03,9.268798828125000000e+01,3.062500000000012434e-02,1.546249999999999858e+01,-7.710937500000092371e-02
1.104000000000000000e+03,9.266967773437500000e+01,3.562500000000001776e-02,1.552250000000000085e+01,-3.390625000000024869e-02
1.104099999999999909e+03,9.292602539062500000e+01,5.562500000000003553e-02,1.539250000000000185e+01,-4.320312500000067502e-02
1.104200000000000045e+03,9.234008789062500000e+01,3.562500000000001776e-02,1.521750000000000114e+01,-5.359375000000099476e-02
1.104299999999999955e+03,9.195556640625000000e+01,4.312499999999985789e-02,1.521249999999999858e+01,-4.703125000000074607e-02
1.104400000000000091e+03,9.140625000000000000e+01,3.062500000000012434e-02,1.537000000000000099e+01,-1.312500000000049738e-02
1.104500000000000000e+03,9.144287109375000000e+01,6.562499999999982236e-02,1.535999999999999943e+01,-8.640625000000046185e-02
1.104599999999999909e+03,9.168090820312500000e+01,5.062500000000014211e-02,1.539499999999999957e+01,-4.593750000000085265e-02
1.104700000000000045e+03,9.091186523437500000e+01,5.812499999999998224e-02,1.532499999999999929e+01,-2.132812500000103029e-02
1.104799999999999955e+03,9.060058593750000000e+01,4.812499999999975131e-02,1.528750000000000142e+01,-5.523437500000039080e-02
1.104900000000000091e+03,9.030761718750000000e+01,3.812499999999996447e-02,1.520749999999999957e+01,-6.890625000000039080e-02
1.105000000000000000e+03,9.038085937500000000e+01,6.312499999999987566e-02,1.536500000000000199e+01,-7.546875000000063949e-02
1.105099999999999909e+03,9.054565429687500000e+01,2.812499999999973355e-02,1.547250000000000014e+01,9.843749999999040767e-03
1.105200000000000045e+03,8.902587890625000000e+01,4.312499999999985789e-02,1.532000000000000028e+01,-3.171875000000046185e-02
1.105299999999999955e+03,8.950195312500000000e+01,5.062500000000014211e-02,1.537500000000000000e+01,-1.695312500000056843e-02
1.105400000000000091e+03,8.917236328125000000e+01,4.312499999999985789e-02,1.541250000000000142e+01,-2.843750000000078160e-02
1.105500000000000000e+03,8.926391601562500000e+01,1.062500000000010658e-02,1.540749999999999886e+01,-2.460937500000071054e-02
1.105599999999999909e+03,8.887939453125000000e+01,5.562500000000003553e-02,1.536500000000000199e+01,-1.367187500000088818e-02
1.105700000000000045e+03,8.785400390625000000e+01,2.062499999999989342e-02,1.539250000000000185e+01,-3.937500000000060396e-02
1.105799999999999955e+03,8.836669921875000000e+01,5.312500000000008882e-02,1.557250000000000156e+01,-4.921875000000053291e-02
1.105900000000000091e+03,8.811035156250000000e+01,5.062500000000014211e-02,1.537000000000000099e+01,-2.187500000000675016e-03
1.106000000000000000e+03,8.814697265625000000e+01,3.562500000000001776e-02,1.536749999999999972e+01,-8.203125000000088818e-02
1.106099999999999909e+03,8.734130859375000000e+01,5.812499999999998224e-02,1.531500000000000128e+01,-3.390625000000024869e-02
1.106200000000000045e+03,8.671875000000000000e+01,2.812499999999973355e-02,1.532000000000000028e+01,-2.679687500000049738e-02
1.106299999999999955e+03,8.726806640625000000e+01,1.562500000000000000e-02,1.527499999999999858e+01,-7.273437500000046185e-02
1.106400000000000091e+03,8.703002929687500000e+01,3.312500000000007105e-02,1.551750000000000185e+01,-3.390625000000024869e-02
1.106500000000000000e+03,8.616943359375000000e+01,5.062500000000014211e-02,1.549249999999999972e+01,-1.640625000000106581e-02
1.106599999999999909e+03,8.616943359375000000e+01,3.812499999999996447e-02,1.527499999999999858e+01,7.656249999999253930e-03
1.106700000000000045e+03,8.560180664062500000e+01,4.312499999999985789e-02,1.536250000000000071e+01,-6.398437500000042633e-02
1.106799999999999955e+03,8.615112304687500000e+01,5.562500000000003553e-02,1.535750000000000171e+01,-3.992187500000099476e-02
1.106900000000000091e+03,8.556518554687500000e+01,4.562499999999980460e-02,1.544000000000000128e+01,-6.835937500000088818e-02
1.107000000000000000e+03,8.497924804687500000e+01,4.312499999999985789e-02,1.541000000000000014e+01,-3.117187500000095923e-02
1.107099999999999909e+03,8.516235351562500000e+01,6.374999999999975131e-02,1.526750000000000185e+01,-5.359375000000099476e-02
1.107200000000000045e+03,8.466796875000000000e+01,-1.875000000000071054e-03,1.558249999999999957e+01,-4.484375000000095923e-02
1.107299999999999955e+03,8.519897460937500000e+01,3.312500000000007105e-02,1.563250000000000028e+01,4.101562499999911182e-02
1.107400000000000091e+03,8.400878906250000000e+01,3.124999999999822364e-03,1.540500000000000114e+01,-2.132812500000103029e-02
1.107500000000000000e+03,8.397216796875000000e+01,8.062499999999994671e-02,1.550000000000000000e+01,-2.570312500000060396e-02
1.107599999999999909e+03,8.417358398437500000e+01,5.062500000000014211e-02,1.537750000000000128e+01,-5.523437500000039080e-02
1.107700000000000045e+03,8.364257812500000000e+01,4.812499999999975131e-02,1.533249999999999957e+01,9.843749999999040767e-03
1.107799999999999955e+03,8.355102539062500000e+01,5.062500000000014211e-02,1.547250000000000014e+01,-3.718750000000081712e-02
1.107900000000000091e+03,8.289184570312500000e+01,6.312499999999987566e-02,1.542249999999999943e+01,-8.203125000000532907e-03
1.108000000000000000e+03,8.292846679687500000e+01,5.312500000000008882e-02,1.532000000000000028e+01,-1.750000000000095923e-02
1.108099999999999909e+03,8.314819335937500000e+01,-1.687500000000019540e-02,1.537750000000000128e+01,-5.468750000000088818e-02
1.108200000000000045e+03,8.258056640625000000e+01,4.062499999999991118e-02,1.526500000000000057e+01,-8.203125000000532907e-03
1.108299999999999955e+03,8.230590820312500000e+01,5.312500000000008882e-02,1.541250000000000142e+01,2.187499999998898659e-03
1.108400000000000091e+03,8.201293945312500000e+01,3.562500000000001776e-02,1.566000000000000014e+01,1.039062499999943157e-02
1.108500000000000000e+03,8.203125000000000000e+01,3.062500000000012434e-02,1.515500000000000114e+01,-1.640625000000106581e-02
1.108599999999999909e+03,8.223266601562500000e+01,1.312500000000005329e-02,1.561250000000000071e+01,-5.468750000000088818e-02
1.108700000000000045e+03,8.100585937500000000e+01,5.812499999999998224e-02,1.521999999999999886e+01,-1.421875000000039080e-02
1.108799999999999955e+03,8.137207031250000000e+01,3.812499999999996447e-02,1.548000000000000043e+01,-1.695312500000056843e-02
1.108900000000000091e+03,8.113403320312500000e+01,3.062500000000012434e-02,1.546249999999999858e+01,6.015624999998969713e-03
1.109000000000000000e+03,8.113403320312500000e+01,3.812499999999996447e-02,1.555999999999999872e+01,-8.148437500000049738e-02
1.109099999999999909e+03,8.098754882812500000e+01,2.062499999999989342e-02,1.521499999999999986e+01,-1.257812500000099476e-02
1.109200000000000045e+03,7.996215820312500000e+01,4.062499999999991118e-02,1.530000000000000071e+01,-4.867187500000103029e-02
1.109299999999999955e+03,8.041992187500000000e+01,3.062500000000012434e-02,1.542999999999999972e+01,-4.539062500000046185e-02
1.109400000000000091e+03,8.016357421875000000e+01,2.562499999999978684e-02,1.527250000000000085e+01,-1.914062500000035527e-02
1.109500000000000000e+03,8.021850585937500000e+01,5.812499999999998224e-02,1.554749999999999943e+01,2.953124999999889866e-02
1.109599999999999909e+03,7.959594726562500000e+01,2.562499999999978684e-02,1.526500000000000057e+01,-3.664062500000042633e-02
1.109700000000000045e+03,7.904663085937500000e+01,4.312499999999985789e-02,1.508999999999999986e+01,-4.593750000000085265e-02
1.109799999999999955e+03,7.955932617187500000e+01,4.562499999999980460e-02,1.537000000000000099e+01,-4.156250000000039080e-02
1.109900000000000091e+03,7.930297851562500000e+01,3.062500000000012434e-02,1.534250000000000114e+01,-3.335937500000074607e-02
1.110000000000000000e+03,7.875366210937500000e+01,2.812499999999973355e-02,1.548000000000000043e+01,1.640624999999928946e-02
1.110099999999999909e+03,7.864379882812500000e+01,1.812499999999994671e-02,1.535999999999999943e+01,-8.750000000000923706e-03
1.110200000000000045e+03,7.814941406250000000e+01,5.062500000000014211e-02,1.528000000000000114e+01,2.351562499999904077e-02
1.110299999999999955e+03,7.866210937500000000e+01,4.062499999999991118e-02,1.544249999999999901e+01,-3.281250000000035527e-02
1.110400000000000091e+03,7.838745117187500000e+01,6.312499999999987566e-02,1.540249999999999986e+01,-1.093750000000071054e-02
1.110500000000000000e+03,7.767333984375000000e+01,2.812499999999973355e-02,1.530499999999999972e+01,-5.195312500000071054e-02
1.110599999999999909e+03,7.783813476562500000e+01,-1.187499999999985789e-02,1.546999999999999886e+01,1.421874999999950262e-02
1.110700000000000045e+03,7.732543945312500000e+01,5.812499999999998224e-02,1.564750000000000085e+01,-2.351562500000081712e-02
1.110799999999999955e+03,7.783813476562500000e+01,8.124999999999715783e-03,1.563500000000000156e+01,-7.656250000001030287e-03
1.110900000000000091e+03,7.683105468750000000e+01,1.562500000000000000e-02,1.532000000000000028e+01,1.585937499999889866e-02
1.111000000000000000e+03,7.672119140625000000e+01,5.062500000000014211e-02,1.530000000000000071e+01,-3.500000000000103029e-02
1.111099999999999909e+03,7.692260742187500000e+01,4.062499999999991118e-02,1.542750000000000199e+01,2.789062499999950262e-02
1.111200000000000045e+03,7.642822265625000000e+01,3.812499999999996447e-02,1.537000000000000099e+01,2.242187499999914735e-02
1.111299999999999955e+03,7.651977539062500000e+01,-9.374999999999911182e-03,1.532750000000000057e+01,-6.835937500000088818e-02
1.111400000000000091e+03,7.593383789062500000e+01,3.562500000000001776e-02,1.530750000000000099e+01,-6.289062500000053291e-02
1.111500000000000000e+03,7.591552734375000000e+01,2.562499999999978684e-02,1.526999999999999957e+01,-3.828125000000959233e-03
1.111599999999999909e+03,7.609863281250000000e+01,4.812499999999975131e-02,1.536749999999999972e+01,3.828124999999182876e-03
1.111700000000000045e+03,7.564086914062500000e+01,5.312500000000008882e-02,1.522250000000000014e+01,-4.648437500000035527e-02
1.111799999999999955e+03,7.547607421875000000e+01,2.312499999999984013e-02,1.533999999999999986e+01,-5.250000000000110134e-02
1.111900000000000091e+03,7.525634765625000000e+01,4.562499999999980460e-02,1.525250000000000128e+01,-1.148437500000110134e-02
1.112000000000000000e+03,7.523803710937500000e+01,1.312500000000005329e-02,1.541000000000000014e+01,-6.125000000000024869e-02
1.112099999999999909e+03,7.542114257812500000e+01,3.124999999999822364e-03,1.540749999999999886e+01,-3.992187500000099476e-02
1.112200000000000045e+03,7.435913085937500000e+01,2.312499999999984013e-02,1.534250000000000114e+01,-4.703125000000074607e-02
1.112299999999999955e+03,7.463378906250000000e+01,-1.875000000000071054e-03,1.545749999999999957e+01,-1.914062500000035527e-02
1.112400000000000091e+03,7.441406250000000000e+01,8.625000000000015987e-02,1.529749999999999943e+01,3.281249999999680256e-03
1.112500000000000000e+03,7.445068359375000000e+01,6.062499999999992895e-02,1.512500000000000000e+01,-1.367187500000088818e-02
1.112599999999999909e+03,7.446899414062500000e+01,7.062500000000015987e-02,1.533000000000000185e+01,-4.539062500000046185e-02
1.112700000000000045e+03,7.337036132812500000e+01,5.562500000000003553e-02,1.549000000000000199e+01,-4.375000000000106581e-02
1.112799999999999955e+03,7.380981445312500000e+01,4.312499999999985789e-02,1.510999999999999943e+01,-1.137500000000004619e-01
1.112900000000000091e+03,7.362670898437500000e+01,6.812499999999976907e-02,1.527250000000000085e+01,-4.593750000000085265e-02
1.113000000000000000e+03,7.355346679687500000e+01,-1.875000000000071054e-03,1.523750000000000071e+01,-1.203125000000060396e-02
1.113099999999999909e+03,7.322387695312500000e+01,4.562499999999980460e-02,1.522250000000000014e+01,-1.859375000000085265e-02
1.113200000000000045e+03,7.265625000000000000e+01,7.062500000000015987e-02,1.515749999999999886e+01,-9.843750000000817124e-03
1.113299999999999955e+03,7.313232421875000000e+01,1.562500000000000000e-02,1.539750000000000085e+01,-7.656250000001030287e-03
1.113400000000000091e+03,7.294921875000000000e+01,5.062500000000014211e-02,1.526750000000000185e+01,-1.367187500000088818e-02
1.113500000000000000e+03,7.256469726562500000e+01,1.562500000000000000e-02,1.528500000000000014e+01,-6.015625000000746070e-03
1.113599999999999909e+03,7.245483398437500000e+01,5.812499999999998224e-02,1.529749999999999943e+01,-2.515625000000110134e-02
1.113700000000000045e+03,7.192382812500000000e+01,3.062500000000012434e-02,1.529749999999999943e+01,-3.554687500000053291e-02
1.113799999999999955e+03,7.245483398437500000e+01,1.812499999999994671e-02,1.551999999999999957e+01,3.828124999999893419e-02
1.113900000000000091e+03,7.219848632812500000e+01,1.124999999999998224e-01,1.517500000000000071e+01,-1.039062500000031974e-02
1.114000000000000000e+03,7.155761718750000000e+01,2.562499999999978684e-02,1.531749999999999901e+01,-5.632812500000028422e-02
1.114099999999999909e+03,7.175903320312500000e+01,3.062500000000012434e-02,1.538250000000000028e+01,-5.250000000000110134e-02
1.114200000000000045e+03,7.124633789062500000e+01,6.812499999999976907e-02,1.517750000000000199e+01,-2.679687500000049738e-02
1.114299999999999955e+03,7.170410156250000000e+01,5.812499999999998224e-02,1.530250000000000199e+01,-1.968750000000074607e-02
1.114400000000000091e+03,7.097167968750000000e+01,5.062500000000014211e-02,1.529250000000000043e+01,1.312499999999960920e-02
1.114500000000000000e+03,7.080688476562500000e+01,8.124999999999715783e-03,1.545250000000000057e+01,-4.375000000000106581e-02
1.114599999999999909e+03,7.097167968750000000e+01,4.812499999999975131e-02,1.538250000000000028e+01,-1.804687500000046185e-02
1.114700000000000045e+03,7.058715820312500000e+01,2.312499999999984013e-02,1.553999999999999915e+01,-5.851562500000095923e-02
1.114799999999999955e+03,7.080688476562500000e+01,4.812499999999975131e-02,1.551750000000000185e+01,-2.351562500000081712e-02
1.114900000000000091e+03,7.003784179687500000e+01,3.062500000000012434e-02,1.542750000000000199e+01,-2.843750000000078160e-02
1.115000000000000000e+03,7.003784179687500000e+01,5.062500000000014211e-02,1.535999999999999943e+01,-2.898437500000028422e-02
1.115099999999999909e+03,7.018432617187500000e+01,3.812499999999996447e-02,1.512000000000000099e+01,-4.976562500000092371e-02
1.115200000000000045e+03,6.974487304687500000e+01,2.562499999999978684e-02,1.522500000000000142e+01,-7.218750000000095923e-02
1.115299999999999955e+03,6.965332031250000000e+01,4.062499999999991118e-02,1.532000000000000028e+01,-4.484375000000095923e-02
1.115400000000000091e+03,6.943359375000000000e+01,2.562499999999978684e-02,1.528750000000000142e+01,-1.859375000000085265e-02
1.115500000000000000e+03,6.945190429687500000e+01,2.312499999999984013e-02,1.520749999999999957e+01,-4.976562500000092371e-02
1.115599999999999909e+03,6.965332031250000000e+01,4.812499999999975131e-02,1.533749999999999858e+01,-4.484375000000095923e-02
1.115700000000000045e+03,6.875610351562500000e+01,2.812499999999973355e-02,1.549000000000000199e+01,-4.867187500000103029e-02
1.115799999999999955e+03,6.888427734375000000e+01,5.624999999999769074e-03,1.521499999999999986e+01,-2.351562500000081712e-02
1.115900000000000091e+03,6.873779296875000000e+01,1.000000000000000888e-01,1.534750000000000014e+01,-3.226562500000085265e-02
1.116000000000000000e+03,6.873779296875000000e+01,5.812499999999998224e-02,1.524749999999999872e+01,-3.664062500000042633e-02
1.116099999999999909e+03,6.892089843750000000e+01,1.812499999999994671e-02,1.515749999999999886e+01,-3.117187500000095923e-02
1.116200000000000045e+03,6.793212890625000000e+01,3.562500000000001776e-02,1.533500000000000085e+01,-2.242187500000092371e-02
1.116299999999999955e+03,6.829833984375000000e+01,4.562499999999980460e-02,1.553999999999999915e+01,-6.781250000000049738e-02
1.116400000000000091e+03,6.813354492187500000e+01,2.562499999999978684e-02,1.534750000000000014e+01,-1.367187500000088818e-02
1.116500000000000000e+03,6.811523437500000000e+01,2.562499999999978684e-02,1.547250000000000014e+01,4.374999999999573674e-03
1.116599999999999909e+03,6.782226562500000000e+01,5.312500000000008882e-02,1.534750000000000014e+01,-4.046875000000049738e-02
1.116700000000000045e+03,6.727294921875000000e+01,2.062499999999989342e-02,1.522749999999999915e+01,-3.226562500000085265e-02
1.116799999999999955e+03,6.774902343750000000e+01,3.312500000000007105e-02,1.532250000000000156e+01,-5.578125000000078160e-02
1.116900000000000091e+03,6.752929687500000000e+01,2.312499999999984013e-02,1.524249999999999972e+01,-6.726562500000099476e-02
1.117000000000000000e+03,6.734619140625000000e+01,5.812499999999998224e-02,1.528750000000000142e+01,-2.679687500000049738e-02
1.117099999999999909e+03,6.712646484375000000e+01,5.812499999999998224e-02,1.531749999999999901e+01,-7.601562500000103029e-02
1.117200000000000045e+03,6.668701171875000000e+01,4.062499999999991118e-02,1.544000000000000128e+01,-7.875000000000031974e-02
1.117299999999999955e+03,6.712646484375000000e+01,1.312500000000005329e-02,1.530499999999999972e+01,-1.531250000000028422e-02
1.117400000000000091e+03,6.694335937500000000e+01,6.812499999999976907e-02,1.532250000000000156e+01,-6.289062500000053291e-02
1.117500000000000000e+03,6.639404296875000000e+01,3.124999999999822364e-03,1.519999999999999929e+01,-6.398437500000042633e-02
1.117599999999999909e+03,6.654052734375000000e+01,6.062499999999992895e-02,1.547250000000000014e+01,4.210937499999900524e-02
1.117700000000000045e+03,6.606445312500000000e+01,6.062499999999992895e-02,1.528750000000000142e+01,-6.125000000000024869e-02
1.117799999999999955e+03,6.650390625000000000e+01,2.812499999999973355e-02,1.558249999999999957e+01,-7.328125000000085265e-02
1.117900000000000091e+03,6.597290039062500000e+01,1.562500000000000000e-02,1.535999999999999943e+01,-6.343750000000092371e-02
1.118000000000000000e+03,6.575317382812500000e+01,8.562499999999984013e-02,1.545250000000000057e+01,-5.085937500000081712e-02
1.118099999999999909e+03,6.591796875000000000e+01,1.312500000000005329e-02,1.522500000000000142e+01,-8.640625000000046185e-02
1.118200000000000045e+03,6.544189453125000000e+01,4.812499999999975131e-02,1.534250000000000114e+01,-1.804687500000046185e-02
1.118299999999999955e+03,6.589965820312500000e+01,2.812499999999973355e-02,1.539250000000000185e+01,-5.632812500000028422e-02
1.118400000000000091e+03,6.518554687500000000e+01,1.562500000000000000e-02,1.554250000000000043e+01,-1.312500000000049738e-02
1.118500000000000000e+03,6.509399414062500000e+01,4.312499999999985789e-02,1.530000000000000071e+01,-4.539062500000046185e-02
1.118599999999999909e+03,6.531372070312500000e+01,3.062500000000012434e-02,1.535999999999999943e+01,-7.000000000000028422e-02
1.118700000000000045e+03,6.487426757812500000e+01,5.062500000000014211e-02,1.513250000000000028e+01,-6.726562500000099476e-02
1.118799999999999955e+03,6.487426757812500000e+01,6.249999999998756550e-04,1.536749999999999972e+01,-8.093750000000099476e-02
1.118900000000000091e+03,6.469116210937500000e+01,3.562500000000001776e-02,1.528000000000000114e+01,-9.351562500000110134e-02
1.119000000000000000e+03,6.459960937500000000e+01,2.812499999999973355e-02,1.503999999999999915e+01,-3.500000000000103029e-02
1.119099999999999909e+03,6.480102539062500000e+01,5.062500000000014211e-02,1.522250000000000014e+01,-5.468750000000355271e-03
1.119200000000000045e+03,6.434326171875000000e+01,3.812499999999996447e-02,1.528999999999999915e+01,-4.593750000000085265e-02
1.119299999999999955e+03,6.467285156250000000e+01,5.062500000000014211e-02,1.529500000000000171e+01,-3.281250000000035527e-02
1.119400000000000091e+03,6.456298828125000000e+01,6.062499999999992895e-02,1.521750000000000114e+01,-7.109375000000106581e-02
1.119500000000000000e+03,6.452636718750000000e+01,4.812499999999975131e-02,1.533749999999999858e+01,-2.078125000000063949e-02
1.119599999999999909e+03,6.470947265625000000e+01,2.562499999999978684e-02,1.535000000000000142e+01,-5.468750000000088818e-02
1.119700000000000045e+03,6.430664062500000000e+01,4.812499999999975131e-02,1.548250000000000171e+01,-6.671875000000060396e-02
1.119799999999999955e+03,6.470947265625000000e+01,3.577500000000000124e+00,1.538250000000000028e+01,1.749070312500000313e+01
1.119900000000000091e+03,6.448974609375000000e+01,3.037500000000000089e+00,1.553999999999999915e+01,1.547437500000000021e+01
1.120000000000000000e+03,6.452636718750000000e+01,3.027499999999999858e+00,1.530000000000000071e+01,1.549953125000000043e+01
1.120099999999999909e+03,6.505737304687500000e+01,3.077500000000000124e+00,1.539000000000000057e+01,1.547765625000000078e+01
1.120200000000000045e+03,6.474609375000000000e+01,3.097500000000000142e+00,1.550250000000000128e+01,1.549242187500000156e+01
1.120299999999999955e+03,6.518554687500000000e+01,3.092499999999999805e+00,1.536250000000000071e+01,1.549460937500000135e+01
1.120400000000000091e+03,6.503906250000000000e+01,3.117500000000000160e+00,1.557000000000000028e+01,1.549734375000000064e+01
1.120500000000000000e+03,6.507568359375000000e+01,3.127499999999999947e+00,1.520250000000000057e+01,1.555257812500000014e+01
1.120599999999999909e+03,6.738281250000000000e+01,3.095000000000000195e+00,1.562249999999999872e+01,1.551593750000000149e+01
1.120700000000000045e+03,6.705322265625000000e+01,3.134999999999999787e+00,1.524500000000000099e+01,1.553726562500000163e+01
1.120799999999999955e+03,6.747436523437500000e+01,3.180000000000000160e+00,1.551249999999999929e+01,1.548914062500000099e+01
1.120900000000000091e+03,6.730957031250000000e+01,3.177500000000000213e+00,1.498000000000000043e+01,1.551210937500000142e+01
1.121000000000000000e+03,7.023925781250000000e+01,3.129999999999999893e+00,1.541499999999999915e+01,1.552085937500000057e+01
1.121099999999999909e+03,7.098999023437500000e+01,3.134999999999999787e+00,1.531749999999999901e+01,1.549515625000000085e+01
1.121200000000000045e+03,7.053222656250000000e+01,3.174999999999999822e+00,1.546249999999999858e+01,1.550937500000000036e+01
1.121299999999999955e+03,7.104492187500000000e+01,3.192499999999999893e+00,1.535999999999999943e+01,1.549679687500000114e+01
1.121400000000000091e+03,7.309570312500000000e+01,3.220000000000000195e+00,1.535999999999999943e+01,1.551320312500000043e+01
1.121500000000000000e+03,7.553100585937500000e+01,3.189999999999999947e+00,1.535999999999999943e+01,1.551703125000000050e+01
1.121599999999999909e+03,7.580566406250000000e+01,3.075000000000000178e+00,1.531749999999999901e+01,1.549460937500000135e+01
1.121700000000000045e+03,7.531127929687500000e+01,3.252499999999999947e+00,1.535500000000000043e+01,1.550281250000000099e+01
1.121799999999999955e+03,7.580566406250000000e+01,3.247500000000000053e+00,1.517249999999999943e+01,1.549242187500000156e+01
1.121900000000000091e+03,7.994384765625000000e+01,3.240000000000000213e+00,1.547250000000000014e+01,1.552796875000000121e+01
1.122000000000000000e+03,8.029174804687500000e+01,3.214999999999999858e+00,1.526249999999999929e+01,1.553398437500000107e+01
1.122099999999999909e+03,8.052978515625000000e+01,3.252499999999999947e+00,1.529250000000000043e+01,1.547218750000000043e+01
1.122200000000000045e+03,8.003540039062500000e+01,3.247500000000000053e+00,1.537000000000000099e+01,1.548914062500000099e+01
1.122299999999999955e+03,8.333129882812500000e+01,3.302500000000000213e+00,1.522250000000000014e+01,1.553945312500000142e+01
1.122400000000000091e+03,8.406372070312500000e+01,3.277499999999999858e+00,1.532000000000000028e+01,1.547765625000000078e+01
1.122500000000000000e+03,8.411865234375000000e+01,3.267500000000000071e+00,1.522500000000000142e+01,1.547656250000000000e+01
1.122599999999999909e+03,8.433837890625000000e+01,3.287500000000000089e+00,1.538250000000000028e+01,1.549351562500000057e+01
1.122700000000000045e+03,8.448486328125000000e+01,3.294999999999999929e+00,1.523250000000000171e+01,1.552578125000000142e+01
1.122799999999999955e+03,8.754272460937500000e+01,3.299999999999999822e+00,1.529500000000000171e+01,1.551210937500000142e+01
1.122900000000000091e+03,8.732299804687500000e+01,3.299999999999999822e+00,1.545749999999999957e+01,1.547601562500000050e+01
1.123000000000000000e+03,8.746948242187500000e+01,3.312500000000000000e+00,1.532000000000000028e+01,1.555039062500000036e+01
1.123099999999999909e+03,8.763427734375000000e+01,3.299999999999999822e+00,1.529749999999999943e+01,1.543718750000000028e+01
1.123200000000000045e+03,8.975830078125000000e+01,3.327500000000000124e+00,1.533249999999999957e+01,1.550554687500000028e+01
1.123299999999999955e+03,9.063720703125000000e+01,3.357499999999999929e+00,1.532499999999999929e+01,1.552796875000000121e+01
1.123400000000000091e+03,9.034423828125000000e+01,3.347500000000000142e+00,1.543250000000000099e+01,1.554929687500000135e+01
1.123500000000000000e+03,9.047241210937500000e+01,3.330000000000000071e+00,1.534250000000000114e+01,1.551593750000000149e+01
1.123599999999999909e+03,9.215698242187500000e+01,3.334999999999999964e+00,1.536500000000000199e+01,1.554492187500000000e+01
1.123700000000000045e+03,9.277954101562500000e+01,3.334999999999999964e+00,1.525000000000000000e+01,1.554437500000000050e+01
1.123799999999999955e+03,9.340209960937500000e+01,3.377499999999999947e+00,1.546249999999999858e+01,1.549515625000000085e+01
1.123900000000000091e+03,9.305419921875000000e+01,3.384999999999999787e+00,1.533999999999999986e+01,1.552687500000000043e+01
1.124000000000000000e+03,9.316406250000000000e+01,3.359999999999999876e+00,1.524749999999999872e+01,1.550609375000000156e+01
1.124099999999999909e+03,9.570922851562500000e+01,3.377499999999999947e+00,1.528750000000000142e+01,1.552742187499999993e+01
1.124200000000000045e+03,9.532470703125000000e+01,3.392500000000000071e+00,1.538250000000000028e+01,1.546671875000000007e+01
1.124299999999999955e+03,9.594726562500000000e+01,3.402499999999999858e+00,1.527749999999999986e+01,1.548804687500000021e+01
1.124400000000000091e+03,9.554443359375000000e+01,3.417499999999999982e+00,1.539750000000000085e+01,1.549679687500000114e+01
1.124500000000000000e+03,9.754028320312500000e+01,3.405000000000000249e+00,1.561250000000000071e+01,1.545960937500000121e+01
1.124599999999999909e+03,9.814453125000000000e+01,3.367500000000000160e+00,1.535999999999999943e+01,1.548914062500000099e+01
1.124700000000000045e+03,9.765014648437500000e+01,3.412500000000000089e+00,1.570250000000000057e+01,1.548804687500000021e+01
1.124799999999999955e+03,9.821777343750000000e+01,3.422499999999999876e+00,1.548499999999999943e+01,1.547109375000000142e+01
1.124900000000000091e+03,9.869384765625000000e+01,3.439999999999999947e+00,1.528750000000000142e+01,1.549296875000000107e+01
1.125000000000000000e+03,1.002685546875000000e+02,3.432500000000000107e+00,1.537000000000000099e+01,1.553671875000000036e+01
1.125099999999999909e+03,1.004516601562500000e+02,3.464999999999999858e+00,1.546750000000000114e+01,1.552468750000000064e+01
1.125200000000000045e+03,9.997558593750000000e+01,3.470000000000000195e+00,1.539000000000000057e+01,1.546070312500000021e+01
1.125299999999999955e+03,1.005249023437500000e+02,3.452500000000000124e+00,1.527499999999999858e+01,1.547710937500000128e+01
1.125400000000000091e+03,1.020080566406250000e+02,3.472500000000000142e+00,1.533999999999999986e+01,1.548039062500000007e+01
1.125500000000000000e+03,1.024291992187500000e+02,3.502499999999999947e+00,1.524749999999999872e+01,1.552304687500000036e+01
1.125599999999999909e+03,1.025573730468750000e+02,3.507500000000000284e+00,1.561250000000000071e+01,1.547820312500000028e+01
1.125700000000000045e+03,1.020629882812500000e+02,3.484999999999999876e+00,1.535999999999999943e+01,1.549789062500000014e+01
1.125799999999999955e+03,1.041503906250000000e+02,3.500000000000000000e+00,1.548000000000000043e+01,1.549570312500000036e+01
1.125900000000000091e+03,1.042419433593750000e+02,3.444999999999999840e+00,1.516499999999999915e+01,1.556734375000000092e+01
1.126000000000000000e+03,1.045532226562500000e+02,3.507500000000000284e+00,1.542000000000000171e+01,1.553562500000000135e+01
1.126099999999999909e+03,1.046813964843750000e+02,3.544999999999999929e+00,1.535000000000000142e+01,1.550937500000000036e+01
1.126200000000000045e+03,1.043334960937500000e+02,3.542499999999999982e+00,1.540249999999999986e+01,1.548968750000000050e+01
1.126299999999999955e+03,1.066040039062500000e+02,3.532499999999999751e+00,1.516499999999999915e+01,1.550062500000000121e+01
1.126400000000000091e+03,1.061828613281250000e+02,3.557500000000000107e+00,1.533500000000000085e+01,1.550117187500000071e+01
1.126500000000000000e+03,1.064392089843750000e+02,3.552500000000000213e+00,1.528500000000000014e+01,1.554273437500000021e+01
1.126599999999999909e+03,1.065856933593750000e+02,3.564999999999999947e+00,1.522749999999999915e+01,1.549679687500000114e+01
1.126700000000000045e+03,1.078308105468750000e+02,3.542499999999999982e+00,1.548250000000000171e+01,1.550992187500000163e+01
1.126799999999999955e+03,1.086364746093750000e+02,3.542499999999999982e+00,1.529500000000000171e+01,1.547054687500000014e+01
1.126900000000000091e+03,1.081787109375000000e+02,3.562500000000000000e+00,1.529500000000000171e+01,1.553234375000000078e+01
1.127000000000000000e+03,1.084350585937500000e+02,3.622500000000000053e+00,1.524500000000000099e+01,1.550007812499999993e+01
1.127099999999999909e+03,1.096252441406250000e+02,3.609999999999999876e+00,1.540749999999999886e+01,1.554492187500000000e+01
1.127200000000000045e+03,1.098999023437500000e+02,3.615000000000000213e+00,1.510249999999999915e+01,1.549843750000000142e+01
1.127299999999999955e+03,1.105407714843750000e+02,3.604999999999999982e+00,1.540749999999999886e+01,1.555750000000000099e+01
1.127400000000000091e+03,1.100830078125000000e+02,3.612499999999999822e+00,1.523250000000000171e+01,1.547875000000000156e+01
1.127500000000000000e+03,1.103393554687500000e+02,3.762500000000000178e+00,1.557750000000000057e+01,1.556898437500000121e+01
1.127599999999999909e+03,1.122619628906250000e+02,3.637500000000000178e+00,1.543250000000000099e+01,1.554492187500000000e+01
1.127700000000000045e+03,1.118408203125000000e+02,3.617500000000000160e+00,1.528000000000000114e+01,1.544320312500000014e+01
1.127799999999999955e+03,1.124633789062500000e+02,3.629999999999999893e+00,1.535000000000000142e+01,1.548585937500000043e+01
1.127900000000000091e+03,1.119323730468750000e+02,3.640000000000000124e+00,1.530499999999999972e+01,1.548476562500000142e+01
1.128000000000000000e+03,1.137634277343750000e+02,3.637500000000000178e+00,1.519999999999999929e+01,1.545085937500000028e+01
1.128099999999999909e+03,1.141662597656250000e+02,3.640000000000000124e+00,1.552250000000000085e+01,1.550882812500000085e+01
1.128200000000000045e+03,1.136718750000000000e+02,3.669999999999999929e+00,1.508500000000000085e+01,1.548367187500000064e+01
1.128299999999999955e+03,1.142761230468750000e+02,3.680000000000000160e+00,1.537249999999999872e+01,1.547054687500000014e+01
1.128400000000000091e+03,1.145141601562500000e+02,3.707500000000000018e+00,1.530999999999999872e+01,1.546453125000000028e+01
1.128500000000000000e+03,1.159240722656250000e+02,3.695000000000000284e+00,1.542000000000000171e+01,1.553289062500000028e+01
1.128599999999999909e+03,1.160705566406250000e+02,3.714999999999999858e+00,1.535999999999999943e+01,1.550062500000000121e+01
1.128700000000000045e+03,1.155395507812500000e+02,3.687500000000000000e+00,1.532250000000000156e+01,1.550664062500000107e+01
1.128799999999999955e+03,1.161987304687500000e+02,3.700000000000000178e+00,1.556250000000000000e+01,1.546453125000000028e+01
1.128900000000000091e+03,1.172790527343750000e+02,3.705000000000000071e+00,1.532000000000000028e+01,1.556242187500000007e+01
1.129000000000000000e+03,1.177551269531250000e+02,3.700000000000000178e+00,1.512999999999999901e+01,1.548093750000000135e+01
1.129099999999999909e+03,1.178649902343750000e+02,3.719999999999999751e+00,1.532750000000000057e+01,1.547492187500000149e+01
1.129200000000000045e+03,1.173889160156250000e+02,3.709999999999999964e+00,1.536749999999999972e+01,1.548148437500000085e+01
1.129299999999999955e+03,1.192382812500000000e+02,3.737499999999999822e+00,1.539250000000000185e+01,1.549132812500000078e+01
1.129400000000000091e+03,1.191101074218750000e+02,3.435000000000000053e+00,1.535999999999999943e+01,1.546617187500000057e+01
1.129500000000000000e+03,1.194763183593750000e+02,3.712499999999999911e+00,1.533999999999999986e+01,1.549953125000000043e+01
1.129599999999999909e+03,1.195678710937500000e+02,3.737499999999999822e+00,1.537999999999999901e+01,1.548585937500000043e+01
1.129700000000000045e+03,1.194030761718750000e+02,3.745000000000000107e+00,1.533999999999999986e+01,1.549789062500000014e+01
1.129799999999999955e+03,1.214355468750000000e+02,3.792499999999999982e+00,1.530999999999999872e+01,1.553945312500000142e+01
1.129900000000000091e+03,1.209411621093750000e+02,3.747500000000000053e+00,1.538250000000000028e+01,1.549187500000000028e+01
1.130000000000000000e+03,1.212890625000000000e+02,3.772499999999999964e+00,1.539499999999999957e+01,1.550828125000000135e+01
1.130099999999999909e+03,1.213623046875000000e+02,3.762500000000000178e+00,1.510500000000000043e+01,1.547820312500000028e+01
1.130200000000000045e+03,1.224975585937500000e+02,3.814999999999999947e+00,1.532750000000000057e+01,1.553015625000000099e+01
1.130299999999999955e+03,1.232849121093750000e+02,3.825000000000000178e+00,1.538749999999999929e+01,1.549734375000000064e+01
1.130400000000000091e+03,1.227355957031250000e+02,3.787500000000000089e+00,1.514250000000000185e+01,1.550937500000000036e+01
1.130500000000000000e+03,1.231567382812500000e+02,3.844999999999999751e+00,1.533999999999999986e+01,1.552195312500000135e+01
1.130599999999999909e+03,1.243103027343750000e+02,3.854999999999999982e+00,1.557000000000000028e+01,1.549843750000000142e+01
1.130700000000000045e+03,1.243469238281250000e+02,3.839999999999999858e+00,1.501000000000000156e+01,1.546617187500000057e+01
1.130799999999999955e+03,1.250427246093750000e+02,3.839999999999999858e+00,1.536749999999999972e+01,1.550937500000000036e+01
1.130900000000000091e+03,1.244567871093750000e+02,3.844999999999999751e+00,1.519249999999999901e+01,1.548585937500000043e+01
1.131000000000000000e+03,1.249877929687500000e+02,3.890000000000000124e+00,1.533999999999999986e+01,1.550500000000000078e+01
1.131099999999999909e+03,1.266174316406250000e+02,3.879999999999999893e+00,1.526750000000000185e+01,1.553125000000000000e+01
1.131200000000000045e+03,1.261962890625000000e+02,3.867500000000000160e+00,1.534499999999999886e+01,1.547601562500000050e+01
1.131299999999999955e+03,1.268005371093750000e+02,3.922499999999999876e+00,1.533000000000000185e+01,1.546179687500000099e+01
1.131400000000000091e+03,1.262145996093750000e+02,3.919999999999999929e+00,1.536250000000000071e+01,1.542898437500000064e+01
1.131500000000000000e+03,1.281372070312500000e+02,3.922499999999999876e+00,1.535000000000000142e+01,1.550609375000000156e+01
1.131599999999999909e+03,1.284484863281250000e+02,3.912500000000000089e+00,1.542750000000000199e+01,1.550062500000000121e+01
1.131700000000000045e+03,1.279907226562500000e+02,3.955000000000000071e+00,1.540249999999999986e+01,1.550117187500000071e+01
1.131799999999999955e+03,1.286315917968750000e+02,4.243750000000000355e+00,1.528249999999999886e+01,1.553726562500000163e+01
1.131900000000000091e+03,1.289794921875000000e+02,3.962499999999999911e+00,1.540249999999999986e+01,1.544210937500000114e+01
1.132000000000000000e+03,1.301879882812500000e+02,3.997500000000000053e+00,1.503750000000000142e+01,1.545359375000000135e+01
1.132099999999999909e+03,1.302429199218750000e+02,3.992500000000000160e+00,1.536749999999999972e+01,1.551374999999999993e+01
1.132200000000000045e+03,1.297851562500000000e+02,4.052500000000000213e+00,1.542249999999999943e+01,1.555148437500000114e+01
1.132299999999999955e+03,1.304077148437500000e+02,4.002499999999999503e+00,1.524500000000000099e+01,1.550062500000000121e+01
1.132400000000000091e+03,1.315063476562500000e+02,4.052500000000000213e+00,1.537249999999999872e+01,1.553070312500000050e+01
1.132500000000000000e+03,1.320373535156250000e+02,4.015000000000000568e+00,1.532000000000000028e+01,1.552796875000000121e+01
1.132599999999999909e+03,1.320556640625000000e+02,4.062500000000000000e+00,1.516750000000000043e+01,1.552796875000000121e+01
1.132700000000000045e+03,1.315795898437500000e+02,4.052500000000000213e+00,1.532750000000000057e+01,1.549898437500000092e+01
1.132799999999999955e+03,1.337951660156250000e+02,4.087500000000000355e+00,1.526249999999999929e+01,1.549789062500000014e+01
1.132900000000000091e+03,1.335021972656250000e+02,4.134999999999999787e+00,1.527499999999999858e+01,1.548039062500000007e+01
1.133000000000000000e+03,1.339965820312500000e+02,4.107499999999999929e+00,1.542999999999999972e+01,1.551757812500000000e+01
1.133099999999999909e+03,1.339599609375000000e+02,4.155000000000000249e+00,1.533999999999999986e+01,1.551429687500000121e+01
1.133200000000000045e+03,1.344177246093750000e+02,4.169999999999999929e+00,1.522500000000000142e+01,1.549734375000000064e+01
1.133299999999999955e+03,1.359924316406250000e+02,4.179999999999999716e+00,1.528500000000000014e+01,1.546289062500000000e+01
1.133400000000000091e+03,1.354431152343750000e+02,4.205000000000000071e+00,1.535000000000000142e+01,1.546617187500000057e+01
1.133500000000000000e+03,1.359008789062500000e+02,4.242499999999999716e+00,1.520250000000000057e+01,1.550554687500000028e+01
1.133599999999999909e+03,1.358642578125000000e+02,4.189999999999999503e+00,1.536749999999999972e+01,1.553726562500000163e+01
1.133700000000000045e+03,1.372558593750000000e+02,4.319374999999999964e+00,1.534750000000000014e+01,1.553234375000000078e+01
1.133799999999999955e+03,1.380432128906250000e+02,4.347500000000000142e+00,1.533000000000000185e+01,1.554109374999999993e+01
1.133900000000000091e+03,1.374206542968750000e+02,4.327500000000000568e+00,1.560249999999999915e+01,1.550171875000000021e+01
1.134000000000000000e+03,1.378784179687500000e+02,4.362499999999999822e+00,1.521249999999999858e+01,1.547164062500000092e+01
1.134099999999999909e+03,1.393432617187500000e+02,4.367499999999999716e+00,1.542249999999999943e+01,1.555421875000000043e+01
1.134200000000000045e+03,1.393981933593750000e+02,4.402499999999999858e+00,1.530000000000000071e+01,1.549953125000000043e+01
1.134299999999999955e+03,1.400207519531250000e+02,4.410000000000000142e+00,1.510500000000000043e+01,1.550390625000000000e+01
1.134400000000000091e+03,1.394165039062500000e+02,4.464999999999999858e+00,1.552250000000000085e+01,1.549296875000000107e+01
1.134500000000000000e+03,1.401489257812500000e+02,4.617499999999999716e+00,1.540749999999999886e+01,1.551539062500000021e+01
1.134599999999999909e+03,1.408081054687500000e+02,4.462500000000000355e+00,1.528249999999999886e+01,1.558375000000000021e+01
1.134700000000000045e+03,1.404418945312500000e+02,4.459999999999999964e+00,1.507000000000000028e+01,1.554328125000000149e+01
1.134799999999999955e+03,1.410461425781250000e+02,4.477500000000000036e+00,1.548250000000000171e+01,1.555203125000000064e+01
1.134900000000000091e+03,1.404052734375000000e+02,4.495000000000000107e+00,1.538749999999999929e+01,1.553015625000000099e+01
1.135000000000000000e+03,1.409545898437500000e+02,2.312499999999984013e-02,1.533249999999999957e+01,-1.968750000000074607e-02
1.135099999999999909e+03,1.409545898437500000e+02,3.562500000000001776e-02,1.532250000000000156e+01,1.039062499999943157e-02
1.135200000000000045e+03,1.405151367187500000e+02,3.562500000000001776e-02,1.541750000000000043e+01,-4.320312500000067502e-02
1.135299999999999955e+03,1.411743164062500000e+02,2.312499999999984013e-02,1.533999999999999986e+01,-4.539062500000046185e-02
1.135400000000000091e+03,1.405334472656250000e+02,2.062499999999989342e-02,1.518250000000000099e+01,-7.437500000000074607e-02
1.135500000000000000e+03,1.409912109375000000e+02,1.562500000000000000e-02,1.524749999999999872e+01,-4.703125000000074607e-02
1.135599999999999909e+03,1.409362792968750000e+02,4.312499999999985789e-02,1.533000000000000185e+01,-7.109375000000106581e-02
1.135700000000000045e+03,1.405517578125000000e+02,3.312500000000007105e-02,1.540249999999999986e+01,-4.812500000000063949e-02
1.135799999999999955e+03,1.410827636718750000e+02,3.562500000000001776e-02,1.524249999999999972e+01,-1.804687500000046185e-02
1.135900000000000091e+03,1.392700195312500000e+02,5.312500000000008882e-02,1.558000000000000185e+01,-3.554687500000053291e-02
1.136000000000000000e+03,1.396728515625000000e+02,3.312500000000007105e-02,1.543250000000000099e+01,-1.968750000000074607e-02
1.136099999999999909e+03,1.396728515625000000e+02,5.562500000000003553e-02,1.550000000000000000e+01,-4.375000000000106581e-02
1.136200000000000045e+03,1.392700195312500000e+02,3.312500000000007105e-02,1.520500000000000185e+01,-1.017187500000007461e-01
1.136299999999999955e+03,1.370178222656250000e+02,3.312500000000007105e-02,1.542999999999999972e+01,1.476562499999900524e-02
1.136400000000000091e+03,1.359375000000000000e+02,-6.874999999999964473e-03,1.542249999999999943e+01,-1.695312500000056843e-02
1.136500000000000000e+03,1.363403320312500000e+02,2.312499999999984013e-02,1.549000000000000199e+01,-1.148437500000003553e-01
1.136599999999999909e+03,1.363769531250000000e+02,-4.375000000000017764e-03,1.526249999999999929e+01,-1.093750000000071054e-02
1.136700000000000045e+03,1.330993652343750000e+02,1.062500000000010658e-02,1.537249999999999872e+01,-2.296875000000042633e-02
1.136799999999999955e+03,1.317260742187500000e+02,4.062499999999991118e-02,1.539250000000000185e+01,-2.570312500000060396e-02
1.136900000000000091e+03,1.309936523437500000e+02,4.062499999999991118e-02,1.536749999999999972e+01,-4.429687500000056843e-02
1.137000000000000000e+03,1.314514160156250000e+02,6.812499999999976907e-02,1.535249999999999915e+01,-4.429687500000056843e-02
1.137099999999999909e+03,1.314880371093750000e+02,3.812499999999996447e-02,1.542000000000000171e+01,-1.312500000000049738e-02
1.137200000000000045e+03,1.261413574218750000e+02,1.562500000000000000e-02,1.520500000000000185e+01,-6.890625000000039080e-02
1.137299999999999955e+03,1.264343261718750000e+02,-1.437500000000024869e-02,1.525250000000000128e+01,-1.804687500000046185e-02
1.137400000000000091e+03,1.258300781250000000e+02,2.812499999999973355e-02,1.526999999999999957e+01,-2.679687500000049738e-02
1.137500000000000000e+03,1.262329101562500000e+02,5.562500000000003553e-02,1.548499999999999943e+01,-3.171875000000046185e-02
1.137599999999999909e+03,1.228088378906250000e+02,3.062500000000012434e-02,1.536749999999999972e+01,-1.093750000000781597e-03
1.137700000000000045e+03,1.215270996093750000e+02,2.562499999999978684e-02,1.544000000000000128e+01,3.828124999999182876e-03
1.137799999999999955e+03,1.221130371093750000e+02,5.312500000000008882e-02,1.529749999999999943e+01,-5.687500000000067502e-02
1.137900000000000091e+03,1.215454101562500000e+02,2.312499999999984013e-02,1.542999999999999972e+01,-3.828125000000959233e-03
1.138000000000000000e+03,1.207214355468750000e+02,5.562500000000003553e-02,1.551249999999999929e+01,-4.046875000000049738e-02
1.138099999999999909e+03,1.185791015625000000e+02,5.062500000000014211e-02,1.546249999999999858e+01,-3.445312500000063949e-02
1.138200000000000045e+03,1.180114746093750000e+02,1.562500000000000000e-02,1.528750000000000142e+01,-7.492187500000024869e-02
1.138299999999999955e+03,1.185974121093750000e+02,4.562499999999980460e-02,1.552250000000000085e+01,9.296874999999538147e-03
1.138400000000000091e+03,1.180480957031250000e+02,6.312499999999987566e-02,1.547250000000000014e+01,-2.679687500000049738e-02
1.138500000000000000e+03,1.156677246093750000e+02,8.812499999999978684e-02,1.539250000000000185e+01,-5.851562500000095923e-02
1.138599999999999909e+03,1.155212402343750000e+02,3.312500000000007105e-02,1.542999999999999972e+01,-1.093750000000071054e-02
1.138700000000000045e+03,1.150085449218750000e+02,4.312499999999985789e-02,1.550000000000000000e+01,-3.007812500000106581e-02
1.138799999999999955e+03,1.155944824218750000e+02,-1.875000000000071054e-03,1.549249999999999972e+01,2.734374999999289457e-03
1.138900000000000091e+03,1.131774902343750000e+02,2.312499999999984013e-02,1.529749999999999943e+01,-5.414062500000049738e-02
1.139000000000000000e+03,1.127563476562500000e+02,2.312499999999984013e-02,1.522500000000000142e+01,-3.828125000000071054e-02
1.139099999999999909e+03,1.127746582031250000e+02,1.312500000000005329e-02,1.528999999999999915e+01,1.859374999999907629e-02
1.139200000000000045e+03,1.122802734375000000e+02,3.312500000000007105e-02,1.532000000000000028e+01,-4.648437500000035527e-02
1.139299999999999955e+03,1.125183105468750000e+02,5.812499999999998224e-02,1.530000000000000071e+01,-4.867187500000103029e-02
1.139400000000000091e+03,1.101379394531250000e+02,5.062500000000014211e-02,1.528000000000000114e+01,-1.914062500000035527e-02
1.139500000000000000e+03,1.104125976562500000e+02,2.062499999999989342e-02,1.544750000000000156e+01,-4.976562500000092371e-02
1.139599999999999909e+03,1.104858398437500000e+02,4.062499999999991118e-02,1.533500000000000085e+01,-1.257812500000099476e-02
1.139700000000000045e+03,1.099731445312500000e+02,6.062499999999992895e-02,1.521750000000000114e+01,1.093749999999893419e-02
1.139799999999999955e+03,1.087280273437500000e+02,6.812499999999976907e-02,1.535999999999999943e+01,-1.088281250000004974e-01
1.139900000000000091e+03,1.079956054687500000e+02,5.062500000000014211e-02,1.532499999999999929e+01,-2.023437500000024869e-02
1.140000000000000000e+03,1.082885742187500000e+02,3.562500000000001776e-02,1.530999999999999872e+01,-1.585937500000067502e-02
1.140099999999999909e+03,1.083801269531250000e+02,9.687499999999982236e-02,1.549249999999999972e+01,-1.000781250000004619e-01
1.140200000000000045e+03,1.067871093750000000e+02,1.812499999999994671e-02,1.523750000000000071e+01,-3.390625000000024869e-02
1.140299999999999955e+03,1.066040039062500000e+02,3.562500000000001776e-02,1.542000000000000171e+01,1.640624999999396039e-03
1.140400000000000091e+03,1.060913085937500000e+02,8.124999999999715783e-03,1.550250000000000128e+01,-4.046875000000049738e-02
1.140500000000000000e+03,1.063659667968750000e+02,3.312500000000007105e-02,1.525750000000000028e+01,-7.601562500000103029e-02
1.140599999999999909e+03,1.065124511718750000e+02,1.562500000000000000e-02,1.535750000000000171e+01,-7.109375000000639488e-03
1.140700000000000045e+03,1.043518066406250000e+02,2.312499999999984013e-02,1.508000000000000185e+01,-5.085937500000081712e-02
1.140799999999999955e+03,1.048645019531250000e+02,1.562500000000000000e-02,1.526500000000000057e+01,-2.898437500000028422e-02
1.140900000000000091e+03,1.043884277343750000e+02,4.312499999999985789e-02,1.542249999999999943e+01,-2.023437500000024869e-02
1.141000000000000000e+03,1.046447753906250000e+02,1.062500000000010658e-02,1.544000000000000128e+01,-1.093750000000781597e-03
1.141099999999999909e+03,1.034362792968750000e+02,2.562499999999978684e-02,1.521750000000000114e+01,-3.117187500000095923e-02
1.141200000000000045e+03,1.025939941406250000e+02,5.624999999999769074e-03,1.535000000000000142e+01,-2.898437500000028422e-02
1.141299999999999955e+03,1.031250000000000000e+02,5.812499999999998224e-02,1.542000000000000171e+01,-3.992187500000099476e-02
1.141400000000000091e+03,1.026672363281250000e+02,2.562499999999978684e-02,1.524000000000000199e+01,-4.593750000000085265e-02
1.141500000000000000e+03,1.023742675781250000e+02,-6.250000000000000000e-02,1.549249999999999972e+01,-2.132812500000103029e-02
1.141599999999999909e+03,1.015136718750000000e+02,1.312500000000005329e-02,1.533500000000000085e+01,-2.406250000000031974e-02
1.141700000000000045e+03,1.009643554687500000e+02,2.312499999999984013e-02,1.523499999999999943e+01,2.351562499999904077e-02
1.141799999999999955e+03,1.015502929687500000e+02,6.249999999998756550e-04,1.538250000000000028e+01,-4.265625000000028422e-02
1.141900000000000091e+03,1.010742187500000000e+02,2.812499999999973355e-02,1.534250000000000114e+01,-6.179687500000063949e-02
1.142000000000000000e+03,1.000671386718750000e+02,-5.250000000000021316e-02,1.549749999999999872e+01,-2.515625000000110134e-02
1.142099999999999909e+03,1.001037597656250000e+02,1.312500000000005329e-02,1.528000000000000114e+01,-2.953125000000067502e-02
1.142200000000000045e+03,9.959106445312500000e+01,2.062499999999989342e-02,1.540249999999999986e+01,-2.515625000000110134e-02
1.142299999999999955e+03,1.001403808593750000e+02,1.562500000000000000e-02,1.542999999999999972e+01,-6.453125000000081712e-02
1.142400000000000091e+03,9.871215820312500000e+01,2.312499999999984013e-02,1.548250000000000171e+01,1.640624999999928946e-02
1.142500000000000000e+03,9.856567382812500000e+01,3.562500000000001776e-02,1.534750000000000014e+01,-7.218750000000095923e-02
1.142599999999999909e+03,9.869384765625000000e+01,4.562499999999980460e-02,1.518750000000000000e+01,-2.242187500000092371e-02
1.142700000000000045e+03,9.819946289062500000e+01,6.312499999999987566e-02,1.549000000000000199e+01,-2.789062500000039080e-02
1.142799999999999955e+03,9.863891601562500000e+01,1.812499999999994671e-02,1.522500000000000142e+01,-2.789062500000039080e-02
1.142900000000000091e+03,9.706420898437500000e+01,5.062500000000014211e-02,1.533249999999999957e+01,-3.937500000000060396e-02
1.143000000000000000e+03,9.724731445312500000e+01,4.562499999999980460e-02,1.532000000000000028e+01,-2.570312500000060396e-02
1.143099999999999909e+03,9.735717773437500000e+01,2.062499999999989342e-02,1.548000000000000043e+01,-5.632812500000028422e-02
1.143200000000000045e+03,9.686279296875000000e+01,1.062500000000010658e-02,1.537249999999999872e+01,1.203124999999971578e-02
1.143299999999999955e+03,9.633178710937500000e+01,4.812499999999975131e-02,1.512000000000000099e+01,4.374999999999573674e-03
1.143400000000000091e+03,9.570922851562500000e+01,-9.374999999999911182e-03,1.539999999999999858e+01,2.406249999999943157e-02
1.143500000000000000e+03,9.598388671875000000e+01,1.312500000000005329e-02,1.528750000000000142e+01,-3.281250000000035527e-02
1.143599999999999909e+03,9.605712890625000000e+01,2.562499999999978684e-02,1.548000000000000043e+01,-4.703125000000074607e-02
1.143700000000000045e+03,9.486694335937500000e+01,2.812499999999973355e-02,1.542000000000000171e+01,-6.617187500000110134e-02
1.143799999999999955e+03,9.483032226562500000e+01,1.562500000000000000e-02,1.541250000000000142e+01,-5.250000000000110134e-02
1.143900000000000091e+03,9.444580078125000000e+01,4.312499999999985789e-02,1.521499999999999986e+01,-6.562500000000248690e-03
1.144000000000000000e+03,9.466552734375000000e+01,1.562500000000000000e-02,1.517500000000000071e+01,1.640624999999396039e-03
1.144099999999999909e+03,9.477539062500000000e+01,2.062499999999989342e-02,1.537249999999999872e+01,-3.335937500000074607e-02
1.144200000000000045e+03,9.312744140625000000e+01,2.562499999999978684e-02,1.541000000000000014e+01,-8.093750000000099476e-02
1.144299999999999955e+03,9.360351562500000000e+01,5.062500000000014211e-02,1.519000000000000128e+01,-3.992187500000099476e-02
1.144400000000000091e+03,9.323730468750000000e+01,4.562499999999980460e-02,1.532000000000000028e+01,3.281249999999680256e-03
1.144500000000000000e+03,9.342041015625000000e+01,7.062500000000015987e-02,1.539250000000000185e+01,-4.429687500000056843e-02
1.144599999999999909e+03,9.261474609375000000e+01,2.812499999999973355e-02,1.531749999999999901e+01,-4.375000000000461853e-03
1.144700000000000045e+03,9.179077148437500000e+01,6.812499999999976907e-02,1.523499999999999943e+01,-4.593750000000085265e-02
1.144799999999999955e+03,9.230346679687500000e+01,4.062499999999991118e-02,1.544000000000000128e+01,-5.578125000000078160e-02
1.144900000000000091e+03,9.188232421875000000e+01,1.812499999999994671e-02,1.532250000000000156e+01,-2.679687500000049738e-02
1.145000000000000000e+03,9.179077148437500000e+01,2.562499999999978684e-02,1.537999999999999901e+01,-3.281250000000568434e-03
1.145099999999999909e+03,9.107666015625000000e+01,1.562500000000000000e-02,1.530999999999999872e+01,-6.125000000000024869e-02
1.145200000000000045e+03,9.058227539062500000e+01,2.562499999999978684e-02,1.526999999999999957e+01,-4.921875000000053291e-02
1.145299999999999955e+03,9.107666015625000000e+01,5.312500000000008882e-02,1.544249999999999901e+01,-2.132812500000103029e-02
1.145400000000000091e+03,9.072875976562500000e+01,2.312499999999984013e-02,1.524249999999999972e+01,8.749999999999147349e-03
1.145500000000000000e+03,8.988647460937500000e+01,5.562500000000003553e-02,1.517500000000000071e+01,-8.881784197001252323e-16
1.145599999999999909e+03,8.990478515625000000e+01,3.312500000000007105e-02,1.541750000000000043e+01,-2.351562500000081712e-02
1.145700000000000045e+03,8.944702148437500000e+01,3.062500000000012434e-02,1.548250000000000171e+01,-5.250000000000110134e-02
1.145799999999999955e+03,8.999633789062500000e+01,3.812499999999996447e-02,1.541250000000000142e+01,-1.695312500000056843e-02
1.145900000000000091e+03,8.898925781250000000e+01,3.312500000000007105e-02,1.543750000000000000e+01,-2.898437500000028422e-02
1.146000000000000000e+03,8.867797851562500000e+01,3.312500000000007105e-02,1.533500000000000085e+01,-4.976562500000092371e-02
1.146099999999999909e+03,8.886108398437500000e+01,3.312500000000007105e-02,1.532000000000000028e+01,-6.507812500000031974e-02
1.146200000000000045e+03,8.836669921875000000e+01,4.062499999999991118e-02,1.539999999999999858e+01,-2.078125000000063949e-02
1.146299999999999955e+03,8.886108398437500000e+01,1.049999999999999822e-01,1.516750000000000043e+01,3.281249999999946709e-02
1.146400000000000091e+03,8.748779296875000000e+01,1.812499999999994671e-02,1.531500000000000128e+01,-6.289062500000053291e-02
1.146500000000000000e+03,8.759765625000000000e+01,4.562499999999980460e-02,1.537750000000000128e+01,-6.234375000000103029e-02
1.146599999999999909e+03,8.778076171875000000e+01,4.812499999999975131e-02,1.530750000000000099e+01,-4.156250000000039080e-02
1.146700000000000045e+03,8.726806640625000000e+01,3.562500000000001776e-02,1.539000000000000057e+01,-4.757812500000024869e-02
1.146799999999999955e+03,8.695678710937500000e+01,2.312499999999984013e-02,1.548250000000000171e+01,-3.117187500000095923e-02
1.146900000000000091e+03,8.644409179687500000e+01,7.062500000000015987e-02,1.546249999999999858e+01,-5.742187500000106581e-02
1.147000000000000000e+03,8.659057617187500000e+01,5.062500000000014211e-02,1.550250000000000128e+01,-5.195312500000071054e-02
1.147099999999999909e+03,8.670043945312500000e+01,5.812499999999998224e-02,1.533749999999999858e+01,-4.320312500000067502e-02
1.147200000000000045e+03,8.583984375000000000e+01,1.812499999999994671e-02,1.562000000000000099e+01,-3.718750000000081712e-02
1.147299999999999955e+03,8.572998046875000000e+01,3.062500000000012434e-02,1.524000000000000199e+01,-3.937500000000060396e-02
1.147400000000000091e+03,8.538208007812500000e+01,-4.375000000000017764e-03,1.525750000000000028e+01,4.374999999999573674e-03
1.147500000000000000e+03,8.549194335937500000e+01,3.312500000000007105e-02,1.514250000000000185e+01,-5.250000000000110134e-02
1.147599999999999909e+03,8.563842773437500000e+01,2.062499999999989342e-02,1.535500000000000043e+01,-7.273437500000046185e-02
1.147700000000000045e+03,8.422851562500000000e+01,3.562500000000001776e-02,1.553000000000000114e+01,-4.976562500000092371e-02
1.147799999999999955e+03,8.461303710937500000e+01,5.062500000000014211e-02,1.532000000000000028e+01,-6.179687500000063949e-02
1.147900000000000091e+03,8.435668945312500000e+01,1.312500000000005329e-02,1.547749999999999915e+01,4.648437499999946709e-02
1.148000000000000000e+03,8.450317382812500000e+01,3.812499999999996447e-02,1.526000000000000156e+01,-1.148437500000110134e-02
1.148099999999999909e+03,8.393554687500000000e+01,2.562499999999978684e-02,1.548750000000000071e+01,-3.882812500000110134e-02
1.148200000000000045e+03,8.318481445312500000e+01,5.312500000000008882e-02,1.539999999999999858e+01,-7.656250000001030287e-03
1.148299999999999955e+03,8.369750976562500000e+01,4.062499999999991118e-02,1.527749999999999986e+01,-3.882812500000110134e-02
1.148400000000000091e+03,8.338623046875000000e+01,2.312499999999984013e-02,1.533249999999999957e+01,-2.023437500000024869e-02
1.148500000000000000e+03,8.340454101562500000e+01,1.062500000000010658e-02,1.551249999999999929e+01,-2.078125000000063949e-02
1.148599999999999909e+03,8.276367187500000000e+01,-1.875000000000071054e-03,1.544249999999999901e+01,3.335937499999896971e-02
1.148700000000000045e+03,8.225097656250000000e+01,2.062499999999989342e-02,1.548750000000000071e+01,-1.039062500000031974e-02
1.148799999999999955e+03,8.280029296875000000e+01,2.562499999999978684e-02,1.544249999999999901e+01,-3.226562500000085265e-02
1.148900000000000091e+03,8.247070312500000000e+01,3.312500000000007105e-02,1.536250000000000071e+01,-3.828125000000959233e-03
1.149000000000000000e+03,8.173828125000000000e+01,4.562499999999980460e-02,1.525499999999999901e+01,-2.242187500000092371e-02
1.149099999999999909e+03,8.177490234375000000e+01,3.812499999999996447e-02,1.546999999999999886e+01,8.749999999999147349e-03
1.149200000000000045e+03,8.126220703125000000e+01,5.312500000000008882e-02,1.527499999999999858e+01,-8.203125000000532907e-03
1.149299999999999955e+03,8.179321289062500000e+01,4.062499999999991118e-02,1.554250000000000043e+01,-4.867187500000103029e-02
1.149400000000000091e+03,8.098754882812500000e+01,2.312499999999984013e-02,1.546249999999999858e+01,-6.015625000000746070e-03
1.149500000000000000e+03,8.069458007812500000e+01,4.562499999999980460e-02,1.542249999999999943e+01,-2.296875000000042633e-02
1.149599999999999909e+03,8.082275390625000000e+01,3.562500000000001776e-02,1.550250000000000128e+01,-4.976562500000092371e-02
1.149700000000000045e+03,8.032836914062500000e+01,3.812499999999996447e-02,1.512999999999999901e+01,-4.648437500000035527e-02
1.149799999999999955e+03,8.089599609375000000e+01,6.812499999999976907e-02,1.542249999999999943e+01,-2.789062500000039080e-02
1.149900000000000091e+03,7.981567382812500000e+01,8.124999999999715783e-03,1.530499999999999972e+01,5.468749999999467093e-03
1.150000000000000000e+03,7.990722656250000000e+01,6.249999999998756550e-04,1.536749999999999972e+01,-3.062500000000056843e-02
1.150099999999999909e+03,8.001708984375000000e+01,1.562500000000000000e-02,1.539750000000000085e+01,-2.515625000000110134e-02
1.150200000000000045e+03,7.955932617187500000e+01,5.312500000000008882e-02,1.550250000000000128e+01,-4.484375000000095923e-02
1.150299999999999955e+03,7.937622070312500000e+01,1.306249999999997691e-01,1.539000000000000057e+01,-4.484375000000095923e-02
1.150400000000000091e+03,7.884521484375000000e+01,1.312500000000005329e-02,1.535999999999999943e+01,-6.125000000000024869e-02
1.150500000000000000e+03,7.899169921875000000e+01,1.062500000000010658e-02,1.534499999999999886e+01,-4.648437500000035527e-02
1.150599999999999909e+03,7.913818359375000000e+01,3.062500000000012434e-02,1.550250000000000128e+01,-9.296875000000426326e-03
1.150700000000000045e+03,7.849731445312500000e+01,2.062499999999989342e-02,1.535999999999999943e+01,-4.757812500000024869e-02
1.150799999999999955e+03,7.836914062500000000e+01,2.312499999999984013e-02,1.550250000000000128e+01,-2.898437500000028422e-02
1.150900000000000091e+03,7.807617187500000000e+01,5.562500000000003553e-02,1.537999999999999901e+01,-1.093750000000071054e-02
1.151000000000000000e+03,7.820434570312500000e+01,2.812499999999973355e-02,1.537999999999999901e+01,1.585937499999889866e-02
1.151099999999999909e+03,7.833251953125000000e+01,6.062499999999992895e-02,1.517249999999999943e+01,-1.640625000000284217e-03
1.151200000000000045e+03,7.705078125000000000e+01,4.812499999999975131e-02,1.524749999999999872e+01,1.367187499999911182e-02
1.151299999999999955e+03,7.747192382812500000e+01,4.812499999999975131e-02,1.542750000000000199e+01,-3.445312500000063949e-02
1.151400000000000091e+03,7.719726562500000000e+01,1.312500000000005329e-02,1.533249999999999957e+01,-5.031250000000042633e-02
1.151500000000000000e+03,7.727050781250000000e+01,-3.312500000000007105e-02,1.533999999999999986e+01,-3.554687500000053291e-02
1.151599999999999909e+03,7.694091796875000000e+01,2.812499999999973355e-02,1.542249999999999943e+01,-4.046875000000049738e-02
1.151700000000000045e+03,7.617187500000000000e+01,4.312499999999985789e-02,1.540749999999999886e+01,-1.367187500000088818e-02
1.151799999999999955e+03,7.662963867187500000e+01,3.312500000000007105e-02,1.548750000000000071e+01,-3.609375000000092371e-02
1.151900000000000091e+03,7.637329101562500000e+01,8.124999999999715783e-03,1.524500000000000099e+01,-3.718750000000081712e-02
1.152000000000000000e+03,7.648315429687500000e+01,3.124999999999822364e-03,1.543250000000000099e+01,-4.976562500000092371e-02
1.152099999999999909e+03,7.586059570312500000e+01,5.624999999999769074e-03,1.533749999999999858e+01,-6.671875000000060396e-02
1.152200000000000045e+03,7.538452148437500000e+01,2.312499999999984013e-02,1.524749999999999872e+01,-4.429687500000056843e-02
1.152299999999999955e+03,7.578735351562500000e+01,2.312499999999984013e-02,1.535000000000000142e+01,-4.484375000000095923e-02
1.152400000000000091e+03,7.554931640625000000e+01,3.312500000000007105e-02,1.541000000000000014e+01,-4.648437500000035527e-02
1.152500000000000000e+03,7.501831054687500000e+01,2.812499999999973355e-02,1.522500000000000142e+01,-5.195312500000071054e-02
1.152599999999999909e+03,7.501831054687500000e+01,6.312499999999987566e-02,1.538749999999999929e+01,-6.125000000000024869e-02
1.152700000000000045e+03,7.456054687500000000e+01,2.399999999999997691e-01,1.569999999999999929e+01,-1.968750000000074607e-02
1.152799999999999955e+03,7.501831054687500000e+01,4.562499999999980460e-02,1.525750000000000028e+01,-4.757812500000024869e-02
1.152900000000000091e+03,7.448730468750000000e+01,3.124999999999822364e-03,1.517750000000000199e+01,-5.687500000000067502e-02
1.153000000000000000e+03,7.408447265625000000e+01,5.312500000000008882e-02,1.535000000000000142e+01,-1.367187500000088818e-02
1.153099999999999909e+03,7.421264648437500000e+01,3.312500000000007105e-02,1.538500000000000156e+01,-2.570312500000060396e-02
1.153200000000000045e+03,7.377319335937500000e+01,3.812499999999996447e-02,1.548250000000000171e+01,1.859374999999907629e-02
1.153299999999999955e+03,7.424926757812500000e+01,5.312500000000008882e-02,1.534750000000000014e+01,-4.320312500000067502e-02
1.153400000000000091e+03,7.333374023437500000e+01,5.624999999999769074e-03,1.544999999999999929e+01,-2.351562500000081712e-02
1.153500000000000000e+03,7.337036132812500000e+01,4.812499999999975131e-02,1.536250000000000071e+01,-3.445312500000063949e-02
1.153599999999999909e+03,7.349853515625000000e+01,7.312500000000010658e-02,1.529250000000000043e+01,-2.679687500000049738e-02
1.153700000000000045e+03,7.305908203125000000e+01,5.062500000000014211e-02,1.518750000000000000e+01,-2.734375000001065814e-03
1.153799999999999955e+03,7.305908203125000000e+01,1.312500000000005329e-02,1.539250000000000185e+01,-1.914062500000035527e-02
1.153900000000000091e+03,7.260131835937500000e+01,4.062499999999991118e-02,1.525499999999999901e+01,-7.546875000000063949e-02
1.154000000000000000e+03,7.267456054687500000e+01,3.562500000000001776e-02,1.520749999999999957e+01,-3.226562500000085265e-02
1.154099999999999909e+03,7.282104492187500000e+01,8.124999999999715783e-03,1.543499999999999872e+01,-9.843750000000817124e-03
1.154200000000000045e+03,7.238159179687500000e+01,6.312499999999987566e-02,1.538749999999999929e+01,-6.398437500000042633e-02
1.154299999999999955e+03,7.201538085937500000e+01,4.062499999999991118e-02,1.527250000000000085e+01,2.953124999999889866e-02
1.154400000000000091e+03,7.177734375000000000e+01,5.062500000000014211e-02,1.535000000000000142e+01,-3.992187500000099476e-02
1.154500000000000000e+03,7.185058593750000000e+01,2.062499999999989342e-02,1.539750000000000085e+01,2.187499999998898659e-03
1.154599999999999909e+03,7.199707031250000000e+01,3.562500000000001776e-02,1.548499999999999943e+01,-7.492187500000024869e-02
1.154700000000000045e+03,7.108154296875000000e+01,5.312500000000008882e-02,1.539499999999999957e+01,-8.093750000000099476e-02
1.154799999999999955e+03,7.141113281250000000e+01,2.562499999999978684e-02,1.523499999999999943e+01,-1.093750000000071054e-02
1.154900000000000091e+03,7.117309570312500000e+01,4.062499999999991118e-02,1.521499999999999986e+01,-7.984375000000110134e-02
1.155000000000000000e+03,7.120971679687500000e+01,2.312499999999984013e-02,1.551999999999999957e+01,-1.695312500000056843e-02
1.155099999999999909e+03,7.115478515625000000e+01,1.562500000000000000e-02,1.556250000000000000e+01,-3.609375000000092371e-02
1.155200000000000045e+03,7.027587890625000000e+01,3.812499999999996447e-02,1.531500000000000128e+01,-2.078125000000063949e-02
1.155299999999999955e+03,7.071533203125000000e+01,1.062500000000010658e-02,1.520500000000000185e+01,7.656249999999253930e-03
1.155400000000000091e+03,7.044067382812500000e+01,6.812499999999976907e-02,1.553000000000000114e+01,-5.031250000000042633e-02
1.155500000000000000e+03,7.055053710937500000e+01,6.312499999999987566e-02,1.541250000000000142e+01,-5.250000000000110134e-02
1.155599999999999909e+03,7.007446289062500000e+01,1.562500000000000000e-02,1.535000000000000142e+01,-6.562500000000248690e-03
1.155700000000000045e+03,6.956176757812500000e+01,6.249999999998756550e-04,1.540749999999999886e+01,-4.976562500000092371e-02
1.155799999999999955e+03,7.001953125000000000e+01,3.812499999999996447e-02,1.538500000000000156e+01,-7.656250000001030287e-03
1.155900000000000091e+03,6.978149414062500000e+01,2.312499999999984013e-02,1.523750000000000071e+01,-4.593750000000085265e-02
1.156000000000000000e+03,6.939697265625000000e+01,1.312500000000005329e-02,1.535999999999999943e+01,-2.406250000000031974e-02
1.156099999999999909e+03,6.934204101562500000e+01,8.124999999999715783e-03,1.528500000000000014e+01,-1.585937500000067502e-02
1.156200000000000045e+03,6.888427734375000000e+01,3.312500000000007105e-02,1.528000000000000114e+01,-8.203125000000088818e-02
1.156299999999999955e+03,6.932373046875000000e+01,3.562500000000001776e-02,1.532000000000000028e+01,-6.015625000000746070e-03
1.156400000000000091e+03,6.903076171875000000e+01,5.312500000000008882e-02,1.564750000000000085e+01,-4.539062500000046185e-02
1.156500000000000000e+03,6.859130859375000000e+01,3.562500000000001776e-02,1.532750000000000057e+01,-1.039062500000031974e-02
1.156599999999999909e+03,6.868286132812500000e+01,4.062499999999991118e-02,1.542999999999999972e+01,-4.046875000000049738e-02
1.156700000000000045e+03,6.829833984375000000e+01,1.093750000000000000e-01,1.519249999999999901e+01,-2.570312500000060396e-02
1.156799999999999955e+03,6.871948242187500000e+01,6.562499999999982236e-02,1.524749999999999872e+01,-9.625000000000039080e-02
1.156900000000000091e+03,6.789550781250000000e+01,5.062500000000014211e-02,1.541250000000000142e+01,-7.820312500000081712e-02
1.157000000000000000e+03,6.785888671875000000e+01,3.693749999999997868e-01,1.551249999999999929e+01,2.296874999999953815e-02
1.157099999999999909e+03,6.798706054687500000e+01,2.562499999999978684e-02,1.522500000000000142e+01,1.968749999999896971e-02
1.157200000000000045e+03,6.756591796875000000e+01,8.124999999999715783e-03,1.517249999999999943e+01,-4.375000000000106581e-02
1.157299999999999955e+03,6.773071289062500000e+01,-1.875000000000071054e-03,1.523000000000000043e+01,-5.851562500000095923e-02
1.157400000000000091e+03,6.719970703125000000e+01,4.562499999999980460e-02,1.536749999999999972e+01,3.117187499999918288e-02
1.157500000000000000e+03,6.723632812500000000e+01,1.062500000000010658e-02,1.558249999999999957e+01,-5.195312500000071054e-02
1.157599999999999909e+03,6.741943359375000000e+01,4.562499999999980460e-02,1.520749999999999957e+01,-1.859375000000085265e-02
1.157700000000000045e+03,6.697998046875000000e+01,-6.874999999999964473e-03,1.529749999999999943e+01,8.749999999999147349e-03
1.157799999999999955e+03,6.683349609375000000e+01,4.562499999999980460e-02,1.510000000000000142e+01,-1.367187500000088818e-02
1.157900000000000091e+03,6.657714843750000000e+01,4.312499999999985789e-02,1.536250000000000071e+01,-5.031250000000042633e-02
1.158000000000000000e+03,6.663208007812500000e+01,2.062499999999989342e-02,1.546249999999999858e+01,-2.515625000000110134e-02
1.158099999999999909e+03,6.681518554687500000e+01,5.312500000000008882e-02,1.532000000000000028e+01,-4.156250000000039080e-02
1.158200000000000045e+03,6.595458984375000000e+01,3.312500000000007105e-02,1.542249999999999943e+01,4.648437499999946709e-02
1.158299999999999955e+03,6.617431640625000000e+01,4.312499999999985789e-02,1.546249999999999858e+01,-5.906250000000046185e-02
1.158400000000000091e+03,6.599121093750000000e+01,1.812499999999994671e-02,1.549500000000000099e+01,-2.351562500000081712e-02
1.158500000000000000e+03,6.606445312500000000e+01,4.312499999999985789e-02,1.514000000000000057e+01,-2.734375000000088818e-02
1.158599999999999909e+03,6.615600585937500000e+01,4.562499999999980460e-02,1.521000000000000085e+01,-7.820312500000081712e-02
1.158700000000000045e+03,6.520385742187500000e+01,2.812499999999973355e-02,1.539250000000000185e+01,-2.570312500000060396e-02
1.158799999999999955e+03,6.564331054687500000e+01,2.562499999999978684e-02,1.521499999999999986e+01,-5.578125000000078160e-02
1.158900000000000091e+03,6.540527343750000000e+01,4.812499999999975131e-02,1.551249999999999929e+01,-2.132812500000103029e-02
1.159000000000000000e+03,6.546020507812500000e+01,3.312500000000007105e-02,1.520250000000000057e+01,-2.296875000000042633e-02
1.159099999999999909e+03,6.513061523437500000e+01,5.812499999999998224e-02,1.535000000000000142e+01,3.117187499999918288e-02
1.159200000000000045e+03,6.470947265625000000e+01,2.812499999999973355e-02,1.546249999999999858e+01,1.093749999999893419e-02
1.159299999999999955e+03,6.509399414062500000e+01,1.562500000000000000e-02,1.545250000000000057e+01,-4.320312500000067502e-02
1.159400000000000091e+03,6.485595703125000000e+01,3.062500000000012434e-02,1.548250000000000171e+01,1.640624999999396039e-03
1.159500000000000000e+03,6.489257812500000000e+01,-6.874999999999964473e-03,1.543750000000000000e+01,4.593749999999907629e-02
1.159599999999999909e+03,6.500244140625000000e+01,4.062499999999991118e-02,1.528750000000000142e+01,-2.843750000000078160e-02
1.159700000000000045e+03,6.459960937500000000e+01,3.312500000000007105e-02,1.504500000000000171e+01,-6.343750000000092371e-02
1.159799999999999955e+03,6.503906250000000000e+01,8.124999999999715783e-03,1.538749999999999929e+01,-2.132812500000103029e-02
1.159900000000000091e+03,6.480102539062500000e+01,2.312499999999984013e-02,1.539999999999999858e+01,-5.468750000003907985e-04
1.160000000000000000e+03,6.478271484375000000e+01,3.524999999999999911e+00,1.542249999999999943e+01,1.751257812500000099e+01
1.160099999999999909e+03,6.496582031250000000e+01,2.997500000000000053e+00,1.548750000000000071e+01,1.551593750000000149e+01
1.160200000000000045e+03,6.458129882812500000e+01,3.032500000000000195e+00,1.534250000000000114e+01,1.546125000000000149e+01
1.160299999999999955e+03,6.500244140625000000e+01,3.052500000000000213e+00,1.546999999999999886e+01,1.547710937500000128e+01
1.160400000000000091e+03,6.542358398437500000e+01,3.062500000000000000e+00,1.544249999999999901e+01,1.550882812500000085e+01
1.160500000000000000e+03,6.575317382812500000e+01,3.057500000000000107e+00,1.520749999999999957e+01,1.558046875000000142e+01
1.160599999999999909e+03,6.589965820312500000e+01,3.095000000000000195e+00,1.541250000000000142e+01,1.553781250000000114e+01
1.160700000000000045e+03,6.551513671875000000e+01,3.095000000000000195e+00,1.537999999999999901e+01,1.550062500000000121e+01
1.160799999999999955e+03,6.613769531250000000e+01,3.077500000000000124e+00,1.539250000000000185e+01,1.551812500000000128e+01
1.160900000000000091e+03,6.804199218750000000e+01,3.120000000000000107e+00,1.530750000000000099e+01,1.548203125000000036e+01
1.161000000000000000e+03,6.822509765625000000e+01,3.082500000000000018e+00,1.549249999999999972e+01,1.550664062500000107e+01
1.161099999999999909e+03,6.838989257812500000e+01,3.072499999999999787e+00,1.539750000000000085e+01,1.552414062500000114e+01
1.161200000000000045e+03,6.793212890625000000e+01,3.080000000000000071e+00,1.535999999999999943e+01,1.555640625000000021e+01
1.161299999999999955e+03,7.174072265625000000e+01,3.129999999999999893e+00,1.530750000000000099e+01,1.546343750000000128e+01
1.161400000000000091e+03,7.194213867187500000e+01,3.132499999999999840e+00,1.536500000000000199e+01,1.548750000000000071e+01
1.161500000000000000e+03,7.208862304687500000e+01,3.122500000000000053e+00,1.536749999999999972e+01,1.549296875000000107e+01
1.161599999999999909e+03,7.219848632812500000e+01,3.152499999999999858e+00,1.530499999999999972e+01,1.551265625000000092e+01
1.161700000000000045e+03,7.428588867187500000e+01,3.157500000000000195e+00,1.527499999999999858e+01,1.547710937500000128e+01
1.161799999999999955e+03,7.694091796875000000e+01,3.167499999999999982e+00,1.521499999999999986e+01,1.549570312500000036e+01
1.161900000000000091e+03,7.672119140625000000e+01,3.172499999999999876e+00,1.549000000000000199e+01,1.550773437500000007e+01
1.162000000000000000e+03,7.686767578125000000e+01,3.207500000000000018e+00,1.533249999999999957e+01,1.545140625000000156e+01
1.162099999999999909e+03,7.697753906250000000e+01,3.182500000000000107e+00,1.537000000000000099e+01,1.552140625000000007e+01
1.162200000000000045e+03,8.065795898437500000e+01,3.167499999999999982e+00,1.527250000000000085e+01,1.548476562500000142e+01
1.162299999999999955e+03,8.146362304687500000e+01,3.202500000000000124e+00,1.555999999999999872e+01,1.552468750000000064e+01
1.162400000000000091e+03,8.115234375000000000e+01,3.200000000000000178e+00,1.531749999999999901e+01,1.552359375000000163e+01
1.162500000000000000e+03,8.129882812500000000e+01,3.185000000000000053e+00,1.547250000000000014e+01,1.550718750000000057e+01
1.162599999999999909e+03,8.435668945312500000e+01,3.227500000000000036e+00,1.520749999999999957e+01,1.552796875000000121e+01
1.162700000000000045e+03,8.463134765625000000e+01,3.245000000000000107e+00,1.530250000000000199e+01,1.559414062500000142e+01
1.162799999999999955e+03,8.519897460937500000e+01,3.252499999999999947e+00,1.526249999999999929e+01,1.549406250000000007e+01
1.162900000000000091e+03,8.483276367187500000e+01,3.220000000000000195e+00,1.521750000000000114e+01,1.549953125000000043e+01
1.163000000000000000e+03,8.582153320312500000e+01,3.292499999999999982e+00,1.516750000000000043e+01,1.547710937500000128e+01
1.163099999999999909e+03,8.812866210937500000e+01,3.225000000000000089e+00,1.533000000000000185e+01,1.548640624999999993e+01
1.163200000000000045e+03,8.772583007812500000e+01,3.265000000000000124e+00,1.535000000000000142e+01,1.553453125000000057e+01
1.163299999999999955e+03,8.827514648437500000e+01,3.274999999999999911e+00,1.517750000000000199e+01,1.550609375000000156e+01
1.163400000000000091e+03,8.789062500000000000e+01,3.245000000000000107e+00,1.542249999999999943e+01,1.556460937500000163e+01
1.163500000000000000e+03,9.069213867187500000e+01,3.299999999999999822e+00,1.528249999999999886e+01,1.550554687500000028e+01
1.163599999999999909e+03,9.107666015625000000e+01,3.307500000000000107e+00,1.522250000000000014e+01,1.552140625000000007e+01
1.163700000000000045e+03,9.067382812500000000e+01,3.270000000000000018e+00,1.524000000000000199e+01,1.551374999999999993e+01
1.163799999999999955e+03,9.118652343750000000e+01,3.330000000000000071e+00,1.541750000000000043e+01,1.545523437500000163e+01
1.163900000000000091e+03,9.250488281250000000e+01,3.307500000000000107e+00,1.537249999999999872e+01,1.546835937500000036e+01
1.164000000000000000e+03,9.360351562500000000e+01,3.312500000000000000e+00,1.527749999999999986e+01,1.548750000000000071e+01
1.164099999999999909e+03,9.376831054687500000e+01,3.305000000000000160e+00,1.565749999999999886e+01,1.548750000000000071e+01
1.164200000000000045e+03,9.327392578125000000e+01,3.307500000000000107e+00,1.506500000000000128e+01,1.554492187500000000e+01
1.164299999999999955e+03,9.387817382812500000e+01,3.312500000000000000e+00,1.557000000000000028e+01,1.550882812500000085e+01
1.164400000000000091e+03,9.563598632812500000e+01,3.365000000000000213e+00,1.530999999999999872e+01,1.550171875000000021e+01
1.164500000000000000e+03,9.600219726562500000e+01,3.337499999999999911e+00,1.521499999999999986e+01,1.554765625000000107e+01
1.164599999999999909e+03,9.613037109375000000e+01,3.354999999999999982e+00,1.532750000000000057e+01,1.547164062500000092e+01
1.164700000000000045e+03,9.569091796875000000e+01,3.332500000000000018e+00,1.541750000000000043e+01,1.548367187500000064e+01
1.164799999999999955e+03,9.818115234375000000e+01,3.377499999999999947e+00,1.550750000000000028e+01,1.553125000000000000e+01
1.164900000000000091e+03,9.801635742187500000e+01,3.357499999999999929e+00,1.555250000000000199e+01,1.546453125000000028e+01
1.165000000000000000e+03,9.832763671875000000e+01,3.384999999999999787e+00,1.567750000000000199e+01,1.550664062500000107e+01
1.165099999999999909e+03,9.845581054687500000e+01,3.375000000000000000e+00,1.557750000000000057e+01,1.552960937500000149e+01
1.165200000000000045e+03,9.898681640625000000e+01,3.322499999999999787e+00,1.529500000000000171e+01,1.555476562499999993e+01
1.165299999999999955e+03,1.006896972656250000e+02,3.397499999999999964e+00,1.521249999999999858e+01,1.551703125000000050e+01
1.165400000000000091e+03,1.002319335937500000e+02,3.417499999999999982e+00,1.553249999999999886e+01,1.551921875000000028e+01
1.165500000000000000e+03,1.005615234375000000e+02,3.435000000000000053e+00,1.544249999999999901e+01,1.548257812500000163e+01
1.165599999999999909e+03,1.006347656250000000e+02,3.455000000000000071e+00,1.544500000000000028e+01,1.548914062500000099e+01
1.165700000000000045e+03,1.020263671875000000e+02,3.437500000000000000e+00,1.521249999999999858e+01,1.546890625000000163e+01
1.165799999999999955e+03,1.027404785156250000e+02,3.452500000000000124e+00,1.510500000000000043e+01,1.550445312500000128e+01
1.165900000000000091e+03,1.022277832031250000e+02,3.417499999999999982e+00,1.517249999999999943e+01,1.548750000000000071e+01
1.166000000000000000e+03,1.025756835937500000e+02,3.467500000000000249e+00,1.546249999999999858e+01,1.551046875000000114e+01
1.166099999999999909e+03,1.041137695312500000e+02,3.444999999999999840e+00,1.533999999999999986e+01,1.549187500000000028e+01
1.166200000000000045e+03,1.041687011718750000e+02,3.462499999999999911e+00,1.536250000000000071e+01,1.547273437499999993e+01
1.166299999999999955e+03,1.047546386718750000e+02,3.462499999999999911e+00,1.546249999999999858e+01,1.552632812500000092e+01
1.166400000000000091e+03,1.042053222656250000e+02,3.424999999999999822e+00,1.554250000000000043e+01,1.551539062500000021e+01
1.166500000000000000e+03,1.051025390625000000e+02,3.470000000000000195e+00,1.539250000000000185e+01,1.555203125000000064e+01
1.166599999999999909e+03,1.065856933593750000e+02,3.464999999999999858e+00,1.552250000000000085e+01,1.550335937500000050e+01
1.166700000000000045e+03,1.061828613281250000e+02,3.439999999999999947e+00,1.553999999999999915e+01,1.554656250000000028e+01
1.166799999999999955e+03,1.067687988281250000e+02,3.512500000000000178e+00,1.547250000000000014e+01,1.550445312500000128e+01
1.166900000000000091e+03,1.062377929687500000e+02,3.515000000000000124e+00,1.521999999999999886e+01,1.547109375000000142e+01
1.167000000000000000e+03,1.083068847656250000e+02,3.520000000000000018e+00,1.543250000000000099e+01,1.551648437500000099e+01
1.167099999999999909e+03,1.085266113281250000e+02,3.509999999999999787e+00,1.537999999999999901e+01,1.548859375000000149e+01
1.167200000000000045e+03,1.080688476562500000e+02,3.502499999999999947e+00,1.527749999999999986e+01,1.549679687500000114e+01
1.167299999999999955e+03,1.087097167968750000e+02,3.509999999999999787e+00,1.523499999999999943e+01,1.552195312500000135e+01
1.167400000000000091e+03,1.092773437500000000e+02,3.515000000000000124e+00,1.537249999999999872e+01,1.548367187500000064e+01
1.167500000000000000e+03,1.103027343750000000e+02,3.540000000000000036e+00,1.539250000000000185e+01,1.548476562500000142e+01
1.167599999999999909e+03,1.103393554687500000e+02,3.564999999999999947e+00,1.513749999999999929e+01,1.550882812500000085e+01
1.167700000000000045e+03,1.098815917968750000e+02,3.577500000000000124e+00,1.533999999999999986e+01,1.550882812500000085e+01
1.167799999999999955e+03,1.106140136718750000e+02,3.547499999999999876e+00,1.537500000000000000e+01,1.548859375000000149e+01
1.167900000000000091e+03,1.116394042968750000e+02,3.544999999999999929e+00,1.528999999999999915e+01,1.554382812500000099e+01
1.168000000000000000e+03,1.120971679687500000e+02,3.597500000000000142e+00,1.524749999999999872e+01,1.548695312500000121e+01
1.168099999999999909e+03,1.121520996093750000e+02,3.580000000000000071e+00,1.546750000000000114e+01,1.543171874999999993e+01
1.168200000000000045e+03,1.116760253906250000e+02,3.570000000000000284e+00,1.530750000000000099e+01,1.551046875000000114e+01
1.168299999999999955e+03,1.138183593750000000e+02,3.587499999999999911e+00,1.533749999999999858e+01,1.559085937500000085e+01
1.168400000000000091e+03,1.134887695312500000e+02,3.594999999999999751e+00,1.530999999999999872e+01,1.551976562500000156e+01
1.168500000000000000e+03,1.138916015625000000e+02,3.587499999999999911e+00,1.519500000000000028e+01,1.550937500000000036e+01
1.168599999999999909e+03,1.139282226562500000e+02,3.587499999999999911e+00,1.536749999999999972e+01,1.548804687500000021e+01
1.168700000000000045e+03,1.144592285156250000e+02,3.597500000000000142e+00,1.519750000000000156e+01,1.549734375000000064e+01
1.168799999999999955e+03,1.158142089843750000e+02,3.647499999999999964e+00,1.547250000000000014e+01,1.549406250000000007e+01
1.168900000000000091e+03,1.152832031250000000e+02,3.604999999999999982e+00,1.514250000000000185e+01,1.552359375000000163e+01
1.169000000000000000e+03,1.156860351562500000e+02,3.652499999999999858e+00,1.520500000000000185e+01,1.549625000000000163e+01
1.169099999999999909e+03,1.157592773437500000e+02,3.652499999999999858e+00,1.533999999999999986e+01,1.555367187500000092e+01
1.169200000000000045e+03,1.169128417968750000e+02,3.629999999999999893e+00,1.537249999999999872e+01,1.553234375000000078e+01
1.169299999999999955e+03,1.176086425781250000e+02,3.662500000000000089e+00,1.522749999999999915e+01,1.547437500000000021e+01
1.169400000000000091e+03,1.170043945312500000e+02,3.655000000000000249e+00,1.527499999999999858e+01,1.553562500000000135e+01
1.169500000000000000e+03,1.174255371093750000e+02,3.682500000000000107e+00,1.533000000000000185e+01,1.547656250000000000e+01
1.169599999999999909e+03,1.187438964843750000e+02,3.640000000000000124e+00,1.510999999999999943e+01,1.548312500000000114e+01
1.169700000000000045e+03,1.186889648437500000e+02,3.687500000000000000e+00,1.528000000000000114e+01,1.550664062500000107e+01
1.169799999999999955e+03,1.193115234375000000e+02,3.647499999999999964e+00,1.554250000000000043e+01,1.548640624999999993e+01
1.169900000000000091e+03,1.186706542968750000e+02,3.692499999999999893e+00,1.526000000000000156e+01,1.550937500000000036e+01
1.170000000000000000e+03,1.197692871093750000e+02,3.697499999999999787e+00,1.549749999999999872e+01,1.553453125000000057e+01
1.170099999999999909e+03,1.208862304687500000e+02,3.707500000000000018e+00,1.548000000000000043e+01,1.551484375000000071e+01
1.170200000000000045e+03,1.205383300781250000e+02,3.705000000000000071e+00,1.544249999999999901e+01,1.553343750000000156e+01
1.170299999999999955e+03,1.211242675781250000e+02,3.722500000000000142e+00,1.559250000000000114e+01,1.555585937500000071e+01
1.170400000000000091e+03,1.204833984375000000e+02,3.707500000000000018e+00,1.541000000000000014e+01,1.555203125000000064e+01
1.170500000000000000e+03,1.225341796875000000e+02,3.709999999999999964e+00,1.516499999999999915e+01,1.547273437499999993e+01
1.170599999999999909e+03,1.226257324218750000e+02,3.742500000000000160e+00,1.530250000000000199e+01,1.549898437500000092e+01
1.170700000000000045e+03,1.222229003906250000e+02,3.734999999999999876e+00,1.539250000000000185e+01,1.551757812500000000e+01
1.170799999999999955e+03,1.228088378906250000e+02,3.752499999999999947e+00,1.532000000000000028e+01,1.552359375000000163e+01
1.170900000000000091e+03,1.234130859375000000e+02,3.799999999999999822e+00,1.561250000000000071e+01,1.551539062500000021e+01
1.171000000000000000e+03,1.243469238281250000e+02,3.772499999999999964e+00,1.542249999999999943e+01,1.549898437500000092e+01
1.171099999999999909e+03,1.243286132812500000e+02,3.762500000000000178e+00,1.554250000000000043e+01,1.550117187500000071e+01
1.171200000000000045e+03,1.239440917968750000e+02,3.822499999999999787e+00,1.552250000000000085e+01,1.549898437500000092e+01
1.171299999999999955e+03,1.248229980468750000e+02,3.794999999999999929e+00,1.536500000000000199e+01,1.549078125000000128e+01
1.171400000000000091e+03,1.255371093750000000e+02,3.797499999999999876e+00,1.533749999999999858e+01,1.547929687500000107e+01
1.171500000000000000e+03,1.260681152343750000e+02,3.802500000000000213e+00,1.548250000000000171e+01,1.548968750000000050e+01
1.171599999999999909e+03,1.260314941406250000e+02,3.839999999999999858e+00,1.555999999999999872e+01,1.549078125000000128e+01
1.171700000000000045e+03,1.256103515625000000e+02,3.774999999999999911e+00,1.530750000000000099e+01,1.550335937500000050e+01
1.171799999999999955e+03,1.277343750000000000e+02,3.839999999999999858e+00,1.530499999999999972e+01,1.552632812500000092e+01
1.171900000000000091e+03,1.272766113281250000e+02,3.839999999999999858e+00,1.516499999999999915e+01,1.548914062500000099e+01
1.172000000000000000e+03,1.277893066406250000e+02,3.859999999999999876e+00,1.549749999999999872e+01,1.551210937500000142e+01
1.172099999999999909e+03,1.277160644531250000e+02,3.842500000000000249e+00,1.544249999999999901e+01,1.550062500000000121e+01
1.172200000000000045e+03,1.284851074218750000e+02,3.830000000000000071e+00,1.542000000000000171e+01,1.548531250000000092e+01
1.172299999999999955e+03,1.296936035156250000e+02,3.879999999999999893e+00,1.528500000000000014e+01,1.555476562499999993e+01
1.172400000000000091e+03,1.290893554687500000e+02,3.892500000000000071e+00,1.542249999999999943e+01,1.553398437500000107e+01
1.172500000000000000e+03,1.295654296875000000e+02,3.915000000000000036e+00,1.528500000000000014e+01,1.550007812499999993e+01
1.172599999999999909e+03,1.295471191406250000e+02,3.899999999999999911e+00,1.533000000000000185e+01,1.554328125000000149e+01
1.172700000000000045e+03,1.307739257812500000e+02,3.924999999999999822e+00,1.516750000000000043e+01,1.554820312500000057e+01
1.172799999999999955e+03,1.314147949218750000e+02,3.917499999999999982e+00,1.542000000000000171e+01,1.551101562500000064e+01
1.172900000000000091e+03,1.307739257812500000e+02,3.922499999999999876e+00,1.522250000000000014e+01,1.553453125000000057e+01
1.173000000000000000e+03,1.312866210937500000e+02,3.917499999999999982e+00,1.537249999999999872e+01,1.550335937500000050e+01
1.173099999999999909e+03,1.326599121093750000e+02,3.947499999999999787e+00,1.528750000000000142e+01,1.550992187500000163e+01
1.173200000000000045e+03,1.325134277343750000e+02,3.964999999999999858e+00,1.532250000000000156e+01,1.545906249999999993e+01
1.173299999999999955e+03,1.331542968750000000e+02,3.990000000000000213e+00,1.524000000000000199e+01,1.551429687500000121e+01
1.173400000000000091e+03,1.324768066406250000e+02,3.990000000000000213e+00,1.551249999999999929e+01,1.548859375000000149e+01
1.173500000000000000e+03,1.339233398437500000e+02,3.984999999999999876e+00,1.531749999999999901e+01,1.550664062500000107e+01
1.173599999999999909e+03,1.346923828125000000e+02,4.025000000000000355e+00,1.528500000000000014e+01,1.547546875000000099e+01
1.173700000000000045e+03,1.343811035156250000e+02,4.019999999999999574e+00,1.542999999999999972e+01,1.551429687500000121e+01
1.173799999999999955e+03,1.349304199218750000e+02,4.049999999999999822e+00,1.541250000000000142e+01,1.549187500000000028e+01
1.173900000000000091e+03,1.342712402343750000e+02,4.052500000000000213e+00,1.524249999999999972e+01,1.554437500000000050e+01
1.174000000000000000e+03,1.364501953125000000e+02,4.047500000000000320e+00,1.530000000000000071e+01,1.559140625000000036e+01
1.174099999999999909e+03,1.364318847656250000e+02,4.077500000000000568e+00,1.547749999999999915e+01,1.548750000000000071e+01
1.174200000000000045e+03,1.360656738281250000e+02,4.060000000000000497e+00,1.520749999999999957e+01,1.550335937500000050e+01
1.174299999999999955e+03,1.366333007812500000e+02,4.099999999999999645e+00,1.553000000000000114e+01,1.552906250000000021e+01
1.174400000000000091e+03,1.375122070312500000e+02,4.110000000000000320e+00,1.537750000000000128e+01,1.554000000000000092e+01
1.174500000000000000e+03,1.383911132812500000e+02,4.155000000000000249e+00,1.542999999999999972e+01,1.551374999999999993e+01
1.174599999999999909e+03,1.382812500000000000e+02,4.152499999999999858e+00,1.554749999999999943e+01,1.547164062500000092e+01
1.174700000000000045e+03,1.379516601562500000e+02,4.150000000000000355e+00,1.519500000000000028e+01,1.553398437500000107e+01
1.174799999999999955e+03,1.386108398437500000e+02,4.167500000000000426e+00,1.538250000000000028e+01,1.551101562500000064e+01
1.174900000000000091e+03,1.380615234375000000e+02,4.187500000000000000e+00,1.521000000000000085e+01,1.548312500000000114e+01
1.175000000000000000e+03,1.386108398437500000e+02,4.240000000000000213e+00,1.537000000000000099e+01,1.556242187500000007e+01
1.175099999999999909e+03,1.384826660156250000e+02,4.242499999999999716e+00,1.516499999999999915e+01,1.547984375000000057e+01
1.175200000000000045e+03,1.381896972656250000e+02,2.562499999999978684e-02,1.548250000000000171e+01,1.203124999999971578e-02
1.175299999999999955e+03,1.387390136718750000e+02,7.062500000000015987e-02,1.534499999999999886e+01,-3.226562500000085265e-02
1.175400000000000091e+03,1.380615234375000000e+02,2.812499999999973355e-02,1.519500000000000028e+01,-5.195312500000071054e-02
1.175500000000000000e+03,1.386108398437500000e+02,4.562499999999980460e-02,1.527749999999999986e+01,-4.210937500000078160e-02
1.175599999999999909e+03,1.384643554687500000e+02,3.062500000000012434e-02,1.543750000000000000e+01,-2.132812500000103029e-02
1.175700000000000045e+03,1.381896972656250000e+02,3.312500000000007105e-02,1.533999999999999986e+01,-3.609375000000092371e-02
1.175799999999999955e+03,1.387573242187500000e+02,6.812499999999976907e-02,1.531500000000000128e+01,-8.750000000000923706e-03
1.175900000000000091e+03,1.380615234375000000e+02,4.062499999999991118e-02,1.549749999999999872e+01,-2.843750000000078160e-02
1.176000000000000000e+03,1.386474609375000000e+02,2.312499999999984013e-02,1.512750000000000128e+01,-4.812500000000063949e-02
1.176099999999999909e+03,1.382629394531250000e+02,1.062500000000010658e-02,1.526500000000000057e+01,-2.898437500000028422e-02
1.176200000000000045e+03,1.363586425781250000e+02,3.312500000000007105e-02,1.537249999999999872e+01,-3.445312500000063949e-02
1.176299999999999955e+03,1.368896484375000000e+02,4.812499999999975131e-02,1.524500000000000099e+01,-5.906250000000046185e-02
1.176400000000000091e+03,1.362121582031250000e+02,6.062499999999992895e-02,1.527250000000000085e+01,-2.078125000000063949e-02
1.176500000000000000e+03,1.367431640625000000e+02,5.312500000000008882e-02,1.540749999999999886e+01,-3.992187500000099476e-02
1.176599999999999909e+03,1.333740234375000000e+02,3.312500000000007105e-02,1.537000000000000099e+01,-5.250000000000110134e-02
1.176700000000000045e+03,1.325683593750000000e+02,3.062500000000012434e-02,1.553999999999999915e+01,-2.078125000000063949e-02
1.176799999999999955e+03,1.331542968750000000e+02,2.562499999999978684e-02,1.539999999999999858e+01,-3.882812500000110134e-02
1.176900000000000091e+03,1.324951171875000000e+02,3.562500000000001776e-02,1.544000000000000128e+01,-4.703125000000074607e-02
1.177000000000000000e+03,1.300964355468750000e+02,2.812499999999973355e-02,1.536250000000000071e+01,-4.429687500000056843e-02
1.177099999999999909e+03,1.279174804687500000e+02,2.312499999999984013e-02,1.520749999999999957e+01,-3.554687500000053291e-02
1.177200000000000045e+03,1.274597167968750000e+02,2.812499999999973355e-02,1.522250000000000014e+01,-7.000000000000028422e-02
1.177299999999999955e+03,1.280090332031250000e+02,4.062499999999991118e-02,1.512000000000000099e+01,-1.148437500000110134e-02
1.177400000000000091e+03,1.273864746093750000e+02,2.312499999999984013e-02,1.539250000000000185e+01,-3.171875000000046185e-02
1.177500000000000000e+03,1.233581542968750000e+02,2.312499999999984013e-02,1.542999999999999972e+01,-2.570312500000060396e-02
1.177599999999999909e+03,1.230102539062500000e+02,3.812499999999996447e-02,1.522500000000000142e+01,-4.429687500000056843e-02
1.177700000000000045e+03,1.226074218750000000e+02,1.312500000000005329e-02,1.537249999999999872e+01,-6.562500000000071054e-02
1.177799999999999955e+03,1.232116699218750000e+02,1.812499999999994671e-02,1.526249999999999929e+01,2.734374999999911182e-02
1.177900000000000091e+03,1.193481445312500000e+02,4.812499999999975131e-02,1.534250000000000114e+01,1.695312499999968026e-02
1.178000000000000000e+03,1.191467285156250000e+02,3.562500000000001776e-02,1.526750000000000185e+01,-6.562500000000248690e-03
1.178099999999999909e+03,1.191101074218750000e+02,3.062500000000012434e-02,1.562000000000000099e+01,-4.703125000000074607e-02
1.178200000000000045e+03,1.187622070312500000e+02,4.812499999999975131e-02,1.518750000000000000e+01,-2.898437500000028422e-02
1.178299999999999955e+03,1.179565429687500000e+02,5.312500000000008882e-02,1.535500000000000043e+01,-2.351562500000081712e-02
1.178400000000000091e+03,1.155395507812500000e+02,5.312500000000008882e-02,1.540249999999999986e+01,-4.648437500000035527e-02
1.178500000000000000e+03,1.159606933593750000e+02,7.562500000000005329e-02,1.526249999999999929e+01,-4.867187500000103029e-02
1.178599999999999909e+03,1.159606933593750000e+02,5.812499999999998224e-02,1.538749999999999929e+01,3.828124999999182876e-03
1.178700000000000045e+03,1.155395507812500000e+02,4.562499999999980460e-02,1.528500000000000014e+01,-5.250000000000110134e-02
1.178799999999999955e+03,1.134887695312500000e+02,7.562500000000005329e-02,1.510000000000000142e+01,-4.210937500000078160e-02
1.178900000000000091e+03,1.126464843750000000e+02,3.562500000000001776e-02,1.505499999999999972e+01,-3.937500000000060396e-02
1.179000000000000000e+03,1.131591796875000000e+02,3.812499999999996447e-02,1.513749999999999929e+01,-2.734375000000088818e-02
1.179099999999999909e+03,1.131408691406250000e+02,4.812499999999975131e-02,1.541000000000000014e+01,-5.468750000003907985e-04
1.179200000000000045e+03,1.108703613281250000e+02,2.812499999999973355e-02,1.538250000000000028e+01,-7.656250000000053291e-02
1.179299999999999955e+03,1.107788085937500000e+02,1.812499999999994671e-02,1.526000000000000156e+01,-4.812500000000063949e-02
1.179400000000000091e+03,1.102294921875000000e+02,2.562499999999978684e-02,1.533999999999999986e+01,-5.250000000000110134e-02
1.179500000000000000e+03,1.106323242187500000e+02,3.562500000000001776e-02,1.520749999999999957e+01,1.640624999999396039e-03
1.179599999999999909e+03,1.101745605468750000e+02,1.812499999999994671e-02,1.543250000000000099e+01,-6.234375000000103029e-02
1.179700000000000045e+03,1.081787109375000000e+02,4.812499999999975131e-02,1.551000000000000156e+01,-1.093750000000781597e-03
1.179799999999999955e+03,1.087097167968750000e+02,1.062500000000010658e-02,1.544249999999999901e+01,-6.234375000000103029e-02
1.179900000000000091e+03,1.081787109375000000e+02,3.562500000000001776e-02,1.532000000000000028e+01,-1.585937500000067502e-02
1.180000000000000000e+03,1.085449218750000000e+02,1.812499999999994671e-02,1.549000000000000199e+01,2.406249999999943157e-02
1.180099999999999909e+03,1.067871093750000000e+02,2.812499999999973355e-02,1.535000000000000142e+01,-3.281250000000035527e-02
1.180200000000000045e+03,1.061462402343750000e+02,3.812499999999996447e-02,1.537999999999999901e+01,-5.906250000000046185e-02
1.180299999999999955e+03,1.066955566406250000e+02,6.562499999999982236e-02,1.528750000000000142e+01,-5.468750000000355271e-03
1.180400000000000091e+03,1.060913085937500000e+02,1.062500000000010658e-02,1.542249999999999943e+01,-6.726562500000099476e-02
1.180500000000000000e+03,1.054870605468750000e+02,5.312500000000008882e-02,1.530750000000000099e+01,1.148437499999932498e-02
1.180599999999999909e+03,1.047546386718750000e+02,3.562500000000001776e-02,1.526249999999999929e+01,-4.210937500000078160e-02
1.180700000000000045e+03,1.043151855468750000e+02,2.562499999999978684e-02,1.527749999999999986e+01,-1.312500000000049738e-02
1.180799999999999955e+03,1.048461914062500000e+02,2.812499999999973355e-02,1.532499999999999929e+01,-1.585937500000067502e-02
1.180900000000000091e+03,1.043151855468750000e+02,3.062500000000012434e-02,1.547250000000000014e+01,-1.695312500000056843e-02
1.181000000000000000e+03,1.031066894531250000e+02,4.312499999999985789e-02,1.540249999999999986e+01,-7.929687500000071054e-02
1.181099999999999909e+03,1.030517578125000000e+02,3.562500000000001776e-02,1.534750000000000014e+01,-2.734375000000088818e-02
1.181200000000000045e+03,1.025756835937500000e+02,3.812499999999996447e-02,1.567750000000000199e+01,2.734374999999289457e-03
1.181299999999999955e+03,1.031616210937500000e+02,5.062500000000014211e-02,1.541250000000000142e+01,-3.664062500000042633e-02
1.181400000000000091e+03,1.014221191406250000e+02,4.312499999999985789e-02,1.533500000000000085e+01,-5.523437500000039080e-02
1.181500000000000000e+03,1.014770507812500000e+02,3.812499999999996447e-02,1.535249999999999915e+01,1.640624999999396039e-03
1.181599999999999909e+03,1.015319824218750000e+02,6.312499999999987566e-02,1.515749999999999886e+01,-9.023437500000053291e-02
1.181700000000000045e+03,1.011108398437500000e+02,3.562500000000001776e-02,1.534499999999999886e+01,-8.695312500000085265e-02
1.181799999999999955e+03,1.010009765625000000e+02,1.312500000000005329e-02,1.535000000000000142e+01,-6.781250000000049738e-02
1.181900000000000091e+03,9.966430664062500000e+01,4.312499999999985789e-02,1.535000000000000142e+01,2.187499999998898659e-03
1.182000000000000000e+03,1.000122070312500000e+02,3.062500000000012434e-02,1.518750000000000000e+01,-1.695312500000056843e-02
1.182099999999999909e+03,1.000305175781250000e+02,3.812499999999996447e-02,1.536749999999999972e+01,-2.296875000000042633e-02
1.182200000000000045e+03,9.960937500000000000e+01,1.562500000000000000e-02,1.535999999999999943e+01,-3.937500000000060396e-02
1.182299999999999955e+03,9.885864257812500000e+01,5.062500000000014211e-02,1.553999999999999915e+01,-2.789062500000039080e-02
1.182400000000000091e+03,9.825439453125000000e+01,3.312500000000007105e-02,1.530750000000000099e+01,1.968749999999896971e-02
1.182500000000000000e+03,9.856567382812500000e+01,4.812499999999975131e-02,1.527749999999999986e+01,-2.679687500000049738e-02
1.182599999999999909e+03,9.862060546875000000e+01,8.124999999999715783e-03,1.539000000000000057e+01,1.312499999999960920e-02
1.182700000000000045e+03,9.728393554687500000e+01,3.562500000000001776e-02,1.534750000000000014e+01,-1.197656250000003197e-01
1.182799999999999955e+03,9.744873046875000000e+01,3.562500000000001776e-02,1.519000000000000128e+01,-2.625000000000099476e-02
1.182900000000000091e+03,9.695434570312500000e+01,1.562500000000000000e-02,1.541000000000000014e+01,-4.210937500000078160e-02
1.183000000000000000e+03,9.728393554687500000e+01,1.562500000000000000e-02,1.515500000000000114e+01,-1.203125000000060396e-02
1.183099999999999909e+03,9.708251953125000000e+01,5.312500000000008882e-02,1.546249999999999858e+01,-6.015625000000746070e-03
1.183200000000000045e+03,9.554443359375000000e+01,1.812499999999994671e-02,1.526999999999999957e+01,-3.664062500000042633e-02
1.183299999999999955e+03,9.605712890625000000e+01,6.249999999998756550e-04,1.538250000000000028e+01,-7.437500000000074607e-02
1.183400000000000091e+03,9.554443359375000000e+01,2.562499999999978684e-02,1.510999999999999943e+01,-4.648437500000035527e-02
1.183500000000000000e+03,9.589233398437500000e+01,1.312500000000005329e-02,1.555250000000000199e+01,6.015624999998969713e-03
1.183599999999999909e+03,9.492187500000000000e+01,5.062500000000014211e-02,1.557750000000000057e+01,-2.789062500000039080e-02
1.183700000000000045e+03,9.431762695312500000e+01,6.312499999999987566e-02,1.539000000000000057e+01,-6.343750000000092371e-02
1.183799999999999955e+03,9.483032226562500000e+01,5.062500000000014211e-02,1.537750000000000128e+01,5.468749999999467093e-03
1.183900000000000091e+03,9.435424804687500000e+01,4.062499999999991118e-02,1.550250000000000128e+01,9.296874999999538147e-03
1.184000000000000000e+03,9.393310546875000000e+01,2.312499999999984013e-02,1.510999999999999943e+01,-2.570312500000060396e-02
1.184099999999999909e+03,9.345703125000000000e+01,2.062499999999989342e-02,1.557000000000000028e+01,-1.859375000000085265e-02
1.184200000000000045e+03,9.298095703125000000e+01,-2.812500000000017764e-02,1.535999999999999943e+01,-5.687500000000067502e-02
1.184299999999999955e+03,9.353027343750000000e+01,6.062499999999992895e-02,1.539000000000000057e+01,-5.140625000000031974e-02
1.184400000000000091e+03,9.307250976562500000e+01,5.312500000000008882e-02,1.537000000000000099e+01,8.203124999999644729e-03
1.184500000000000000e+03,9.223022460937500000e+01,4.062499999999991118e-02,1.530499999999999972e+01,-1.476562500000078160e-02
1.184599999999999909e+03,9.221191406250000000e+01,2.562499999999978684e-02,1.542249999999999943e+01,2.351562499999904077e-02
1.184700000000000045e+03,9.180908203125000000e+01,4.062499999999991118e-02,1.535750000000000171e+01,2.734374999999289457e-03
1.184799999999999955e+03,9.226684570312500000e+01,5.312500000000008882e-02,1.537249999999999872e+01,2.296874999999953815e-02
1.184900000000000091e+03,9.100341796875000000e+01,7.312500000000010658e-02,1.533249999999999957e+01,-7.656250000001030287e-03
1.185000000000000000e+03,9.102172851562500000e+01,4.312499999999985789e-02,1.535000000000000142e+01,5.468749999999467093e-03
1.185099999999999909e+03,9.113159179687500000e+01,8.124999999999715783e-03,1.530499999999999972e+01,-1.531250000000028422e-02
1.185200000000000045e+03,9.069213867187500000e+01,1.812499999999994671e-02,1.542000000000000171e+01,-6.179687500000063949e-02
1.185299999999999955e+03,9.078369140625000000e+01,-6.874999999999964473e-03,1.541499999999999915e+01,-5.085937500000081712e-02
1.185400000000000091e+03,8.957519531250000000e+01,2.812499999999973355e-02,1.534250000000000114e+01,-2.789062500000039080e-02
1.185500000000000000e+03,8.984985351562500000e+01,4.812499999999975131e-02,1.535999999999999943e+01,-1.531250000000028422e-02
1.185599999999999909e+03,8.992309570312500000e+01,3.312500000000007105e-02,1.540249999999999986e+01,1.257812499999921840e-02
1.185700000000000045e+03,8.948364257812500000e+01,3.312500000000007105e-02,1.541750000000000043e+01,-1.968750000000074607e-02
1.185799999999999955e+03,8.895263671875000000e+01,1.812499999999994671e-02,1.528750000000000142e+01,-4.101562500000088818e-02
1.185900000000000091e+03,8.847656250000000000e+01,3.062500000000012434e-02,1.532750000000000057e+01,-2.187500000000675016e-03
1.186000000000000000e+03,8.876953125000000000e+01,2.562499999999978684e-02,1.547749999999999915e+01,-3.226562500000085265e-02
1.186099999999999909e+03,8.882446289062500000e+01,3.312500000000007105e-02,1.528500000000000014e+01,4.921874999999076294e-03
1.186200000000000045e+03,8.774414062500000000e+01,6.062499999999992895e-02,1.554749999999999943e+01,-2.679687500000049738e-02
1.186299999999999955e+03,8.790893554687500000e+01,4.062499999999991118e-02,1.521499999999999986e+01,-7.273437500000046185e-02
1.186400000000000091e+03,8.746948242187500000e+01,3.312500000000007105e-02,1.557250000000000156e+01,-6.562500000000248690e-03
1.186500000000000000e+03,8.774414062500000000e+01,2.062499999999989342e-02,1.533999999999999986e+01,-5.523437500000039080e-02
1.186599999999999909e+03,8.781738281250000000e+01,3.312500000000007105e-02,1.539750000000000085e+01,-9.296875000000426326e-03
1.186700000000000045e+03,8.631591796875000000e+01,2.312499999999984013e-02,1.530750000000000099e+01,-4.429687500000056843e-02
1.186799999999999955e+03,8.679199218750000000e+01,3.812499999999996447e-02,1.535000000000000142e+01,-5.796875000000056843e-02
1.186900000000000091e+03,8.635253906250000000e+01,6.062499999999992895e-02,1.529749999999999943e+01,-6.562500000000248690e-03
1.187000000000000000e+03,8.662719726562500000e+01,2.562499999999978684e-02,1.538749999999999929e+01,-7.656250000001030287e-03
1.187099999999999909e+03,8.587646484375000000e+01,2.562499999999978684e-02,1.541000000000000014e+01,-4.757812500000024869e-02
1.187200000000000045e+03,8.532714843750000000e+01,3.312500000000007105e-02,1.533249999999999957e+01,-3.281250000000568434e-03
1.187299999999999955e+03,8.582153320312500000e+01,-5.874999999999985789e-02,1.530750000000000099e+01,-4.976562500000092371e-02
1.187400000000000091e+03,8.541870117187500000e+01,2.312499999999984013e-02,1.520250000000000057e+01,-8.750000000000923706e-03
1.187500000000000000e+03,8.514404296875000000e+01,4.312499999999985789e-02,1.535999999999999943e+01,-8.881784197001252323e-16
1.187599999999999909e+03,8.461303710937500000e+01,2.812499999999973355e-02,1.533999999999999986e+01,-2.187500000000053291e-02
1.187700000000000045e+03,8.419189453125000000e+01,4.312499999999985789e-02,1.531500000000000128e+01,-9.843750000000817124e-03
1.187799999999999955e+03,8.468627929687500000e+01,4.312499999999985789e-02,1.535000000000000142e+01,-2.132812500000103029e-02
1.187900000000000091e+03,8.426513671875000000e+01,5.312500000000008882e-02,1.534499999999999886e+01,-2.734375000001065814e-03
1.188000000000000000e+03,8.362426757812500000e+01,5.812499999999998224e-02,1.529250000000000043e+01,-3.335937500000074607e-02
1.188099999999999909e+03,8.362426757812500000e+01,4.562499999999980460e-02,1.535999999999999943e+01,-1.804687500000046185e-02
1.188200000000000045e+03,8.320312500000000000e+01,2.562499999999978684e-02,1.537249999999999872e+01,-2.296875000000042633e-02
1.188299999999999955e+03,8.371582031250000000e+01,3.062500000000012434e-02,1.553249999999999886e+01,-8.881784197001252323e-16
1.188400000000000091e+03,8.267211914062500000e+01,4.062499999999991118e-02,1.539000000000000057e+01,-9.843750000000817124e-03
1.188500000000000000e+03,8.263549804687500000e+01,5.062500000000014211e-02,1.532000000000000028e+01,6.562499999999360512e-03
1.188599999999999909e+03,8.272705078125000000e+01,2.312499999999984013e-02,1.544000000000000128e+01,-1.695312500000056843e-02
1.188700000000000045e+03,8.230590820312500000e+01,5.312500000000008882e-02,1.554749999999999943e+01,-4.757812500000024869e-02
1.188799999999999955e+03,8.263549804687500000e+01,1.062500000000010658e-02,1.547250000000000014e+01,-2.351562500000081712e-02
1.188900000000000091e+03,8.142700195312500000e+01,5.062500000000014211e-02,1.535500000000000043e+01,-3.828125000000071054e-02
1.189000000000000000e+03,8.166503906250000000e+01,4.562499999999980460e-02,1.544999999999999929e+01,-3.992187500000099476e-02
1.189099999999999909e+03,8.170166015625000000e+01,3.312500000000007105e-02,1.520749999999999957e+01,-4.703125000000074607e-02
1.189200000000000045e+03,8.131713867187500000e+01,4.562499999999980460e-02,1.542750000000000199e+01,-6.125000000000024869e-02
1.189299999999999955e+03,8.098754882812500000e+01,3.312500000000007105e-02,1.545250000000000057e+01,4.374999999999573674e-03
1.189400000000000091e+03,8.051147460937500000e+01,4.062499999999991118e-02,1.558249999999999957e+01,-1.203125000000060396e-02
1.189500000000000000e+03,8.071289062500000000e+01,3.812499999999996447e-02,1.528000000000000114e+01,1.148437499999932498e-02
1.189599999999999909e+03,8.078613281250000000e+01,5.062500000000014211e-02,1.560999999999999943e+01,7.109374999999751310e-03
1.189700000000000045e+03,7.994384765625000000e+01,5.812499999999998224e-02,1.534750000000000014e+01,5.468749999995026201e-04
1.189799999999999955e+03,8.001708984375000000e+01,5.312500000000008882e-02,1.543750000000000000e+01,-1.859375000000085265e-02
1.189900000000000091e+03,7.959594726562500000e+01,1.562500000000000000e-02,1.543250000000000099e+01,-4.429687500000056843e-02
1.190000000000000000e+03,7.983398437500000000e+01,3.812499999999996447e-02,1.535750000000000171e+01,-2.734375000001065814e-03
1.190099999999999909e+03,7.987060546875000000e+01,-4.375000000000017764e-03,1.567750000000000199e+01,-2.023437500000024869e-02
1.190200000000000045e+03,7.877197265625000000e+01,3.062500000000012434e-02,1.519249999999999901e+01,-8.203125000000088818e-02
1.190299999999999955e+03,7.917480468750000000e+01,8.124999999999715783e-03,1.544000000000000128e+01,-9.843750000000817124e-03
1.190400000000000091e+03,7.882690429687500000e+01,5.312500000000008882e-02,1.523250000000000171e+01,-3.281250000000568434e-03
1.190500000000000000e+03,7.902832031250000000e+01,3.562500000000001776e-02,1.550499999999999901e+01,-5.195312500000071054e-02
1.190599999999999909e+03,7.844238281250000000e+01,1.312500000000005329e-02,1.526500000000000057e+01,-2.570312500000060396e-02
1.190700000000000045e+03,7.780151367187500000e+01,-6.874999999999964473e-03,1.530000000000000071e+01,-5.851562500000095923e-02
1.190799999999999955e+03,7.827758789062500000e+01,4.062499999999991118e-02,1.515249999999999986e+01,-3.500000000000103029e-02
1.190900000000000091e+03,7.792968750000000000e+01,8.124999999999715783e-03,1.553249999999999886e+01,-2.679687500000049738e-02
1.191000000000000000e+03,7.791137695312500000e+01,2.812499999999973355e-02,1.542000000000000171e+01,-2.570312500000060396e-02
1.191099999999999909e+03,7.739868164062500000e+01,4.312499999999985789e-02,1.530000000000000071e+01,-9.843750000000817124e-03
1.191200000000000045e+03,7.697753906250000000e+01,5.562500000000003553e-02,1.530499999999999972e+01,-5.359375000000099476e-02
1.191299999999999955e+03,7.741699218750000000e+01,3.812499999999996447e-02,1.549249999999999972e+01,-4.757812500000024869e-02
1.191400000000000091e+03,7.708740234375000000e+01,6.249999999998756550e-04,1.523750000000000071e+01,-5.085937500000081712e-02
1.191500000000000000e+03,7.657470703125000000e+01,4.062499999999991118e-02,1.541250000000000142e+01,-5.195312500000071054e-02
1.191599999999999909e+03,7.657470703125000000e+01,2.812499999999973355e-02,1.555750000000000099e+01,-4.375000000000461853e-03
1.191700000000000045e+03,7.615356445312500000e+01,4.562499999999980460e-02,1.529749999999999943e+01,-2.679687500000049738e-02
1.191799999999999955e+03,7.664794921875000000e+01,6.562499999999982236e-02,1.535249999999999915e+01,-3.828125000000071054e-02
1.191900000000000091e+03,7.580566406250000000e+01,4.062499999999991118e-02,1.541750000000000043e+01,-1.914062500000035527e-02
1.192000000000000000e+03,7.571411132812500000e+01,4.562499999999980460e-02,1.530499999999999972e+01,-2.898437500000028422e-02
1.192099999999999909e+03,7.578735351562500000e+01,3.562500000000001776e-02,1.536250000000000071e+01,-5.468750000000355271e-03
1.192200000000000045e+03,7.538452148437500000e+01,5.062500000000014211e-02,1.525499999999999901e+01,-5.140625000000031974e-02
1.192299999999999955e+03,7.586059570312500000e+01,2.062499999999989342e-02,1.526249999999999929e+01,-1.148437500000110134e-02
1.192400000000000091e+03,7.470703125000000000e+01,1.062500000000010658e-02,1.550250000000000128e+01,1.531249999999939604e-02
1.192500000000000000e+03,7.489013671875000000e+01,4.062499999999991118e-02,1.533999999999999986e+01,-5.140625000000031974e-02
1.192599999999999909e+03,7.500000000000000000e+01,3.062500000000012434e-02,1.551500000000000057e+01,1.203124999999971578e-02
1.192700000000000045e+03,7.456054687500000000e+01,5.812499999999998224e-02,1.556250000000000000e+01,-1.476562500000078160e-02
1.192799999999999955e+03,7.437744140625000000e+01,4.812499999999975131e-02,1.562000000000000099e+01,-3.390625000000024869e-02
1.192900000000000091e+03,7.390136718750000000e+01,1.562500000000000000e-02,1.527250000000000085e+01,-3.718750000000081712e-02
1.193000000000000000e+03,7.410278320312500000e+01,3.562500000000001776e-02,1.516250000000000142e+01,-5.304687500000060396e-02
1.193099999999999909e+03,7.417602539062500000e+01,7.562500000000005329e-02,1.548250000000000171e+01,-9.843750000000817124e-03
1.193200000000000045e+03,7.359008789062500000e+01,4.312499999999985789e-02,1.545250000000000057e+01,-5.632812500000028422e-02
1.193299999999999955e+03,7.359008789062500000e+01,4.062499999999991118e-02,1.541000000000000014e+01,-5.031250000000042633e-02
1.193400000000000091e+03,7.316894531250000000e+01,3.124999999999822364e-03,1.537000000000000099e+01,-2.734375000001065814e-03
1.193500000000000000e+03,7.335205078125000000e+01,3.312500000000007105e-02,1.525000000000000000e+01,-4.921875000000852651e-03
1.193599999999999909e+03,7.346191406250000000e+01,3.062500000000012434e-02,1.543750000000000000e+01,-3.773437500000031974e-02
1.193700000000000045e+03,7.236328125000000000e+01,2.062499999999989342e-02,1.530000000000000071e+01,-5.523437500000039080e-02
1.193799999999999955e+03,7.274780273437500000e+01,1.562500000000000000e-02,1.542000000000000171e+01,-4.484375000000095923e-02
1.193900000000000091e+03,7.238159179687500000e+01,2.312499999999984013e-02,1.551999999999999957e+01,1.312499999999960920e-02
1.194000000000000000e+03,7.256469726562500000e+01,2.812499999999973355e-02,1.559250000000000114e+01,-6.945312500000078160e-02
1.194099999999999909e+03,7.221679687500000000e+01,5.062500000000014211e-02,1.537000000000000099e+01,-8.312500000000078160e-02
1.194200000000000045e+03,7.159423828125000000e+01,2.562499999999978684e-02,1.536250000000000071e+01,3.062499999999968026e-02
1.194299999999999955e+03,7.205200195312500000e+01,2.812499999999973355e-02,1.530750000000000099e+01,-6.890625000000039080e-02
1.194400000000000091e+03,7.170410156250000000e+01,2.312499999999984013e-02,1.532750000000000057e+01,-1.148437500000110134e-02
1.194500000000000000e+03,7.186889648437500000e+01,2.562499999999978684e-02,1.512249999999999872e+01,-2.734375000001065814e-03
1.194599999999999909e+03,7.131958007812500000e+01,5.062500000000014211e-02,1.533999999999999986e+01,-8.093750000000099476e-02
1.194700000000000045e+03,7.086181640625000000e+01,2.812499999999973355e-02,1.552250000000000085e+01,-4.539062500000046185e-02
1.194799999999999955e+03,7.133789062500000000e+01,6.062499999999992895e-02,1.532499999999999929e+01,-3.062500000000056843e-02
1.194900000000000091e+03,7.102661132812500000e+01,5.624999999999769074e-03,1.544000000000000128e+01,-2.023437500000024869e-02
1.195000000000000000e+03,7.060546875000000000e+01,6.312499999999987566e-02,1.544999999999999929e+01,-3.226562500000085265e-02
1.195099999999999909e+03,7.058715820312500000e+01,3.312500000000007105e-02,1.528500000000000014e+01,-4.429687500000056843e-02
1.195200000000000045e+03,7.020263671875000000e+01,3.312500000000007105e-02,1.538749999999999929e+01,-8.367187500000028422e-02
1.195299999999999955e+03,7.066040039062500000e+01,5.624999999999769074e-03,1.536250000000000071e+01,-1.640625000000106581e-02
1.195400000000000091e+03,7.005615234375000000e+01,5.062500000000014211e-02,1.544000000000000128e+01,-1.968750000000074607e-02
1.195500000000000000e+03,6.983642578125000000e+01,4.812499999999975131e-02,1.511500000000000199e+01,-4.375000000000106581e-02
1.195599999999999909e+03,6.987304687500000000e+01,1.062500000000010658e-02,1.542249999999999943e+01,-4.265625000000028422e-02
1.195700000000000045e+03,6.952514648437500000e+01,6.812499999999976907e-02,1.530750000000000099e+01,-3.828125000000071054e-02
1.195799999999999955e+03,6.992797851562500000e+01,6.562499999999982236e-02,1.548250000000000171e+01,-3.500000000000103029e-02
1.195900000000000091e+03,6.908569335937500000e+01,3.812499999999996447e-02,1.536500000000000199e+01,-3.445312500000063949e-02
1.196000000000000000e+03,6.919555664062500000e+01,4.562499999999980460e-02,1.562249999999999872e+01,-3.828125000000071054e-02
1.196099999999999909e+03,6.926879882812500000e+01,4.562499999999980460e-02,1.509499999999999886e+01,-3.007812500000106581e-02
1.196200000000000045e+03,6.886596679687500000e+01,-1.687500000000019540e-02,1.510999999999999943e+01,4.374999999999573674e-03
1.196299999999999955e+03,6.884765625000000000e+01,5.312500000000008882e-02,1.530750000000000099e+01,-8.476562500000106581e-02
1.196400000000000091e+03,6.829833984375000000e+01,2.062499999999989342e-02,1.511749999999999972e+01,-1.585937500000067502e-02
1.196500000000000000e+03,6.844482421875000000e+01,6.562499999999982236e-02,1.546249999999999858e+01,-2.351562500000081712e-02
1.196599999999999909e+03,6.851806640625000000e+01,3.812499999999996447e-02,1.535999999999999943e+01,-3.500000000000103029e-02
1.196700000000000045e+03,6.818847656250000000e+01,3.124999999999822364e-03,1.532000000000000028e+01,-4.921875000000852651e-03
1.196799999999999955e+03,6.804199218750000000e+01,-1.743749999999999467e-01,1.516750000000000043e+01,2.734374999999289457e-03
1.196900000000000091e+03,6.771240234375000000e+01,2.062499999999989342e-02,1.530499999999999972e+01,4.429687499999968026e-02
1.197000000000000000e+03,6.789550781250000000e+01,3.062500000000012434e-02,1.540749999999999886e+01,-9.843750000000817124e-03
1.197099999999999909e+03,6.800537109375000000e+01,7.062500000000015987e-02,1.533999999999999986e+01,-7.656250000001030287e-03
1.197200000000000045e+03,6.708984375000000000e+01,3.062500000000012434e-02,1.553249999999999886e+01,-3.335937500000074607e-02
1.197299999999999955e+03,6.745605468750000000e+01,5.562500000000003553e-02,1.529500000000000171e+01,-4.757812500000024869e-02
1.197400000000000091e+03,6.716308593750000000e+01,2.812499999999973355e-02,1.526999999999999957e+01,-1.093750000000781597e-03
1.197500000000000000e+03,6.723632812500000000e+01,2.062499999999989342e-02,1.524500000000000099e+01,-5.031250000000042633e-02
1.197599999999999909e+03,6.716308593750000000e+01,5.812499999999998224e-02,1.521750000000000114e+01,-2.351562500000081712e-02
1.197700000000000045e+03,6.641235351562500000e+01,6.312499999999987566e-02,1.548000000000000043e+01,-6.179687500000063949e-02
1.197799999999999955e+03,6.687011718750000000e+01,1.812499999999994671e-02,1.514999999999999858e+01,-1.914062500000035527e-02
1.197900000000000091e+03,6.654052734375000000e+01,5.312500000000008882e-02,1.530499999999999972e+01,-5.085937500000081712e-02
1.198000000000000000e+03,6.668701171875000000e+01,5.062500000000014211e-02,1.527250000000000085e+01,-9.296875000000426326e-03
1.198099999999999909e+03,6.626586914062500000e+01,1.312500000000005329e-02,1.521249999999999858e+01,-3.882812500000110134e-02
1.198200000000000045e+03,6.582641601562500000e+01,6.812499999999976907e-02,1.539000000000000057e+01,-3.335937500000074607e-02
1.198299999999999955e+03,6.624755859375000000e+01,3.062500000000012434e-02,1.542249999999999943e+01,-1.640625000000284217e-03
1.198400000000000091e+03,6.591796875000000000e+01,6.062499999999992895e-02,1.533749999999999858e+01,-2.023437500000024869e-02
1.198500000000000000e+03,6.569824218750000000e+01,8.124999999999715783e-03,1.523750000000000071e+01,-6.125000000000024869e-02
1.198599999999999909e+03,6.562500000000000000e+01,3.562500000000001776e-02,1.526500000000000057e+01,-4.375000000000461853e-03
1.198700000000000045e+03,6.522216796875000000e+01,4.562499999999980460e-02,1.550000000000000000e+01,9.843749999999040767e-03
1.198799999999999955e+03,6.562500000000000000e+01,-1.875000000000071054e-03,1.520749999999999957e+01,-5.085937500000081712e-02
1.198900000000000091e+03,6.533203125000000000e+01,2.062499999999989342e-02,1.520749999999999957e+01,-5.796875000000056843e-02
1.199000000000000000e+03,6.489257812500000000e+01,3.812499999999996447e-02,1.543499999999999872e+01,-3.226562500000085265e-02
1.199099999999999909e+03,6.498413085937500000e+01,2.312499999999984013e-02,1.553249999999999886e+01,2.624999999999921840e-02
1.199200000000000045e+03,6.461791992187500000e+01,2.062499999999989342e-02,1.545250000000000057e+01,-3.171875000000046185e-02
1.199299999999999955e+03,6.502075195312500000e+01,3.312500000000007105e-02,1.516750000000000043e+01,8.749999999999147349e-03
1.199400000000000091e+03,6.423339843750000000e+01,2.062499999999989342e-02,1.529749999999999943e+01,-8.093750000000099476e-02
1.199500000000000000e+03,6.430664062500000000e+01,5.812499999999998224e-02,1.521499999999999986e+01,-4.976562500000092371e-02
1.199599999999999909e+03,6.439819335937500000e+01,1.062500000000010658e-02,1.498499999999999943e+01,-2.296875000000042633e-02
1.199700000000000045e+03,6.401367187500000000e+01,4.562499999999980460e-02,1.530750000000000099e+01,1.148437499999932498e-02
1.199799999999999955e+03,6.443481445312500000e+01,2.062499999999989342e-02,1.535000000000000142e+01,-2.132812500000103029e-02
1.199900000000000091e+03,6.412353515625000000e+01,5.062500000000014211e-02,1.524500000000000099e+01,-2.187500000000675016e-03
1.200000000000000000e+03,6.427001953125000000e+01,6.312499999999987566e-02,1.524000000000000199e+01,-3.500000000000103029e-02
1.200099999999999909e+03,6.441650390625000000e+01,1.812499999999994671e-02,1.539250000000000185e+01,-3.882812500000110134e-02
1.200200000000000045e+03,6.401367187500000000e+01,3.532499999999999751e+00,1.524500000000000099e+01,1.754812499999999886e+01
1.200299999999999955e+03,6.441650390625000000e+01,3.007499999999999840e+00,1.548250000000000171e+01,1.549187500000000028e+01
1.200400000000000091e+03,6.416015625000000000e+01,3.035000000000000142e+00,1.541250000000000142e+01,1.549898437500000092e+01
1.200500000000000000e+03,6.428833007812500000e+01,3.057500000000000107e+00,1.542249999999999943e+01,1.549351562500000057e+01
1.200599999999999909e+03,6.434326171875000000e+01,3.092499999999999805e+00,1.535999999999999943e+01,1.551374999999999993e+01
1.200700000000000045e+03,6.496582031250000000e+01,3.064999999999999947e+00,1.533000000000000185e+01,1.549460937500000135e+01
1.200799999999999955e+03,6.567993164062500000e+01,3.055000000000000160e+00,1.525750000000000028e+01,1.551921875000000028e+01
1.200900000000000091e+03,6.542358398437500000e+01,3.100000000000000089e+00,1.534250000000000114e+01,1.551812500000000128e+01
1.201000000000000000e+03,6.558837890625000000e+01,3.115000000000000213e+00,1.533249999999999957e+01,1.545960937500000121e+01
1.201099999999999909e+03,6.610107421875000000e+01,3.115000000000000213e+00,1.526999999999999957e+01,1.550281250000000099e+01
1.201200000000000045e+03,6.804199218750000000e+01,3.125000000000000000e+00,1.559250000000000114e+01,1.545304687500000007e+01
1.201299999999999955e+03,6.849975585937500000e+01,3.127499999999999947e+00,1.541250000000000142e+01,1.552250000000000085e+01
1.201400000000000091e+03,6.822509765625000000e+01,3.177500000000000213e+00,1.512000000000000099e+01,1.568820312500000114e+01
1.201500000000000000e+03,6.840820312500000000e+01,3.142500000000000071e+00,1.551249999999999929e+01,1.549132812500000078e+01
1.201599999999999909e+03,7.201538085937500000e+01,3.180000000000000160e+00,1.553249999999999886e+01,1.548750000000000071e+01
1.201700000000000045e+03,7.212524414062500000e+01,3.167499999999999982e+00,1.536250000000000071e+01,1.547382812500000071e+01
1.201799999999999955e+03,7.261962890625000000e+01,3.162500000000000089e+00,1.538749999999999929e+01,1.548203125000000036e+01
1.201900000000000091e+03,7.230834960937500000e+01,3.177500000000000213e+00,1.521249999999999858e+01,1.551703125000000050e+01
1.202000000000000000e+03,7.547607421875000000e+01,3.187500000000000000e+00,1.545250000000000057e+01,1.551156250000000014e+01
1.202099999999999909e+03,7.769165039062500000e+01,3.169999999999999929e+00,1.546000000000000085e+01,1.551539062500000021e+01
1.202200000000000045e+03,7.736206054687500000e+01,3.207500000000000018e+00,1.538500000000000156e+01,1.555531250000000121e+01
1.202299999999999955e+03,7.781982421875000000e+01,3.212499999999999911e+00,1.537999999999999901e+01,1.551539062500000021e+01
1.202400000000000091e+03,7.745361328125000000e+01,3.229999999999999982e+00,1.530750000000000099e+01,1.552031250000000107e+01
1.202500000000000000e+03,8.177490234375000000e+01,3.250000000000000000e+00,1.510249999999999915e+01,1.555312500000000142e+01
1.202599999999999909e+03,8.208618164062500000e+01,3.250000000000000000e+00,1.536250000000000071e+01,1.551539062500000021e+01
1.202700000000000045e+03,8.168334960937500000e+01,3.194999999999999840e+00,1.519750000000000156e+01,1.548257812500000163e+01
1.202799999999999955e+03,8.217773437500000000e+01,3.205000000000000071e+00,1.544249999999999901e+01,1.549132812500000078e+01
1.202900000000000091e+03,8.457641601562500000e+01,3.205000000000000071e+00,1.538250000000000028e+01,1.553890625000000014e+01
1.203000000000000000e+03,8.558349609375000000e+01,3.242500000000000160e+00,1.548000000000000043e+01,1.550445312500000128e+01
1.203099999999999909e+03,8.569335937500000000e+01,3.212499999999999911e+00,1.547250000000000014e+01,1.552742187499999993e+01
1.203200000000000045e+03,8.530883789062500000e+01,3.262500000000000178e+00,1.530750000000000099e+01,1.554710937500000156e+01
1.203299999999999955e+03,8.686523437500000000e+01,3.252499999999999947e+00,1.541250000000000142e+01,1.550992187500000163e+01
1.203400000000000091e+03,8.834838867187500000e+01,3.270000000000000018e+00,1.537249999999999872e+01,1.551703125000000050e+01
1.203500000000000000e+03,8.873291015625000000e+01,3.247500000000000053e+00,1.512000000000000099e+01,1.552851562500000071e+01
1.203599999999999909e+03,8.878784179687500000e+01,3.262500000000000178e+00,1.553750000000000142e+01,1.552031250000000107e+01
1.203700000000000045e+03,8.842163085937500000e+01,3.302500000000000213e+00,1.527250000000000085e+01,1.548804687500000021e+01
1.203799999999999955e+03,9.142456054687500000e+01,3.302500000000000213e+00,1.530750000000000099e+01,1.551046875000000114e+01
1.203900000000000091e+03,9.118652343750000000e+01,3.310000000000000053e+00,1.534499999999999886e+01,1.548039062500000007e+01
1.204000000000000000e+03,9.155273437500000000e+01,3.297499999999999876e+00,1.538250000000000028e+01,1.554000000000000092e+01
1.204099999999999909e+03,9.157104492187500000e+01,3.334999999999999964e+00,1.530000000000000071e+01,1.551429687500000121e+01
1.204200000000000045e+03,9.298095703125000000e+01,3.312500000000000000e+00,1.528500000000000014e+01,1.552742187499999993e+01
1.204299999999999955e+03,9.422607421875000000e+01,3.330000000000000071e+00,1.500000000000000000e+01,1.551374999999999993e+01
1.204400000000000091e+03,9.367675781250000000e+01,3.345000000000000195e+00,1.517249999999999943e+01,1.549023437500000000e+01
1.204500000000000000e+03,9.407958984375000000e+01,3.365000000000000213e+00,1.532000000000000028e+01,1.558484375000000099e+01
1.204599999999999909e+03,9.426269531250000000e+01,3.342500000000000249e+00,1.548000000000000043e+01,1.550226562500000149e+01
1.204700000000000045e+03,9.600219726562500000e+01,3.345000000000000195e+00,1.535999999999999943e+01,1.551265625000000092e+01
1.204799999999999955e+03,9.662475585937500000e+01,3.359999999999999876e+00,1.533749999999999858e+01,1.551757812500000000e+01
1.204900000000000091e+03,9.609375000000000000e+01,3.395000000000000018e+00,1.522250000000000014e+01,1.548531250000000092e+01
1.205000000000000000e+03,9.647827148437500000e+01,3.352500000000000036e+00,1.513749999999999929e+01,1.554492187500000000e+01
1.205099999999999909e+03,9.834594726562500000e+01,3.399999999999999911e+00,1.526249999999999929e+01,1.551539062500000021e+01
1.205200000000000045e+03,9.829101562500000000e+01,3.384999999999999787e+00,1.546999999999999886e+01,1.550500000000000078e+01
1.205299999999999955e+03,9.882202148437500000e+01,3.377499999999999947e+00,1.537000000000000099e+01,1.548968750000000050e+01
1.205400000000000091e+03,9.829101562500000000e+01,3.392500000000000071e+00,1.539250000000000185e+01,1.547164062500000092e+01
1.205500000000000000e+03,9.981079101562500000e+01,3.419999999999999929e+00,1.548000000000000043e+01,1.552578125000000142e+01
1.205599999999999909e+03,1.008361816406250000e+02,3.419999999999999929e+00,1.535750000000000171e+01,1.549515625000000085e+01
1.205700000000000045e+03,1.005432128906250000e+02,3.455000000000000071e+00,1.541250000000000142e+01,1.550882812500000085e+01
1.205799999999999955e+03,1.010375976562500000e+02,3.424999999999999822e+00,1.541000000000000014e+01,1.549023437500000000e+01
1.205900000000000091e+03,1.004699707031250000e+02,3.422499999999999876e+00,1.536500000000000199e+01,1.548367187500000064e+01
1.206000000000000000e+03,1.028503417968750000e+02,3.490000000000000213e+00,1.563250000000000028e+01,1.547929687500000107e+01
1.206099999999999909e+03,1.029785156250000000e+02,3.444999999999999840e+00,1.552749999999999986e+01,1.549734375000000064e+01
1.206200000000000045e+03,1.026306152343750000e+02,3.459999999999999964e+00,1.516750000000000043e+01,1.548585937500000043e+01
1.206299999999999955e+03,1.031616210937500000e+02,3.452500000000000124e+00,1.549249999999999972e+01,1.545742187500000142e+01
1.206400000000000091e+03,1.041320800781250000e+02,3.509999999999999787e+00,1.533000000000000185e+01,1.552304687500000036e+01
1.206500000000000000e+03,1.049743652343750000e+02,3.492500000000000160e+00,1.534250000000000114e+01,1.547054687500000014e+01
1.206599999999999909e+03,1.049560546875000000e+02,3.464999999999999858e+00,1.531749999999999901e+01,1.548093750000000135e+01
1.206700000000000045e+03,1.046081542968750000e+02,3.482499999999999929e+00,1.511749999999999972e+01,1.551265625000000092e+01
1.206799999999999955e+03,1.058166503906250000e+02,3.484999999999999876e+00,1.536500000000000199e+01,1.548640624999999993e+01
1.206900000000000091e+03,1.064208984375000000e+02,3.552500000000000213e+00,1.543499999999999872e+01,1.550007812499999993e+01
1.207000000000000000e+03,1.069152832031250000e+02,3.520000000000000018e+00,1.538250000000000028e+01,1.548312500000000114e+01
1.207099999999999909e+03,1.069152832031250000e+02,3.509999999999999787e+00,1.531500000000000128e+01,1.553890625000000014e+01
1.207200000000000045e+03,1.065490722656250000e+02,3.535000000000000142e+00,1.546249999999999858e+01,1.547164062500000092e+01
1.207299999999999955e+03,1.088012695312500000e+02,3.415000000000000036e+00,1.538250000000000028e+01,1.548203125000000036e+01
1.207400000000000091e+03,1.083984375000000000e+02,3.562500000000000000e+00,1.536250000000000071e+01,1.548640624999999993e+01
1.207500000000000000e+03,1.088745117187500000e+02,3.537500000000000089e+00,1.551249999999999929e+01,1.549296875000000107e+01
1.207599999999999909e+03,1.088012695312500000e+02,3.580000000000000071e+00,1.548250000000000171e+01,1.551921875000000028e+01
1.207700000000000045e+03,1.096801757812500000e+02,3.555000000000000160e+00,1.543250000000000099e+01,1.554109374999999993e+01
1.207799999999999955e+03,1.107238769531250000e+02,3.580000000000000071e+00,1.550750000000000028e+01,1.549132812500000078e+01
1.207900000000000091e+03,1.101928710937500000e+02,3.552500000000000213e+00,1.525250000000000128e+01,1.552085937500000057e+01
1.208000000000000000e+03,1.106323242187500000e+02,3.572499999999999787e+00,1.517750000000000199e+01,1.548421875000000014e+01
1.208099999999999909e+03,1.107238769531250000e+02,3.602500000000000036e+00,1.537000000000000099e+01,1.548148437500000085e+01
1.208200000000000045e+03,1.120605468750000000e+02,3.592500000000000249e+00,1.526249999999999929e+01,1.544265625000000064e+01
1.208299999999999955e+03,1.126464843750000000e+02,3.589999999999999858e+00,1.535000000000000142e+01,1.549187500000000028e+01
1.208400000000000091e+03,1.120422363281250000e+02,3.620000000000000107e+00,1.544249999999999901e+01,1.550117187500000071e+01
1.208500000000000000e+03,1.125183105468750000e+02,3.607499999999999929e+00,1.536500000000000199e+01,1.552960937500000149e+01
1.208599999999999909e+03,1.140380859375000000e+02,3.620000000000000107e+00,1.545250000000000057e+01,1.545468750000000036e+01
1.208700000000000045e+03,1.139282226562500000e+02,3.627499999999999947e+00,1.517500000000000071e+01,1.545414062500000085e+01
1.208799999999999955e+03,1.144775390625000000e+02,3.647499999999999964e+00,1.539250000000000185e+01,1.550335937500000050e+01
1.208900000000000091e+03,1.138549804687500000e+02,3.637500000000000178e+00,1.548499999999999943e+01,1.552304687500000036e+01
1.209000000000000000e+03,1.153930664062500000e+02,3.662500000000000089e+00,1.538749999999999929e+01,1.552851562500000071e+01
1.209099999999999909e+03,1.160156250000000000e+02,3.652499999999999858e+00,1.528750000000000142e+01,1.545523437500000163e+01
1.209200000000000045e+03,1.157409667968750000e+02,3.687500000000000000e+00,1.541000000000000014e+01,1.549132812500000078e+01
1.209299999999999955e+03,1.162719726562500000e+02,3.674999999999999822e+00,1.539000000000000057e+01,1.547875000000000156e+01
1.209400000000000091e+03,1.156494140625000000e+02,3.655000000000000249e+00,1.530000000000000071e+01,1.552414062500000114e+01
1.209500000000000000e+03,1.177734375000000000e+02,3.695000000000000284e+00,1.526999999999999957e+01,1.546562500000000107e+01
1.209599999999999909e+03,1.177368164062500000e+02,3.759999999999999787e+00,1.538250000000000028e+01,1.554546875000000128e+01
1.209700000000000045e+03,1.174621582031250000e+02,3.647499999999999964e+00,1.544000000000000128e+01,1.550007812499999993e+01
1.209799999999999955e+03,1.180114746093750000e+02,3.722500000000000142e+00,1.536500000000000199e+01,1.549679687500000114e+01
1.209900000000000091e+03,1.187805175781250000e+02,3.695000000000000284e+00,1.550250000000000128e+01,1.549460937500000135e+01
1.210000000000000000e+03,1.196411132812500000e+02,3.484999999999999876e+00,1.515749999999999886e+01,1.553671875000000036e+01
1.210099999999999909e+03,1.195861816406250000e+02,3.742500000000000160e+00,1.526750000000000185e+01,1.547765625000000078e+01
1.210200000000000045e+03,1.192382812500000000e+02,3.727500000000000036e+00,1.510750000000000171e+01,1.550500000000000078e+01
1.210299999999999955e+03,1.205200195312500000e+02,3.729999999999999982e+00,1.542999999999999972e+01,1.551921875000000028e+01
1.210400000000000091e+03,1.208496093750000000e+02,3.725000000000000089e+00,1.533249999999999957e+01,1.553070312500000050e+01
1.210500000000000000e+03,1.214172363281250000e+02,3.734999999999999876e+00,1.535000000000000142e+01,1.549078125000000128e+01
1.210599999999999909e+03,1.212890625000000000e+02,3.780000000000000249e+00,1.548250000000000171e+01,1.551156250000000014e+01
1.210700000000000045e+03,1.209960937500000000e+02,3.785000000000000142e+00,1.524500000000000099e+01,1.549351562500000057e+01
1.210799999999999955e+03,1.232116699218750000e+02,3.794999999999999929e+00,1.546750000000000114e+01,1.549679687500000114e+01
1.210900000000000091e+03,1.226806640625000000e+02,3.802500000000000213e+00,1.535999999999999943e+01,1.547601562500000050e+01
1.211000000000000000e+03,1.231933593750000000e+02,3.772499999999999964e+00,1.528750000000000142e+01,1.546125000000000149e+01
1.211099999999999909e+03,1.230468750000000000e+02,3.797499999999999876e+00,1.555250000000000199e+01,1.546726562500000135e+01
1.211200000000000045e+03,1.240356445312500000e+02,3.817499999999999893e+00,1.532750000000000057e+01,1.547546875000000099e+01
1.211299999999999955e+03,1.249694824218750000e+02,3.774999999999999911e+00,1.535750000000000171e+01,1.548640624999999993e+01
1.211400000000000091e+03,1.243286132812500000e+02,3.797499999999999876e+00,1.528000000000000114e+01,1.550773437500000007e+01
1.211500000000000000e+03,1.248962402343750000e+02,3.502499999999999947e+00,1.533999999999999986e+01,1.545359375000000135e+01
1.211599999999999909e+03,1.251159667968750000e+02,3.830000000000000071e+00,1.514999999999999858e+01,1.549570312500000036e+01
1.211700000000000045e+03,1.261779785156250000e+02,3.859999999999999876e+00,1.539750000000000085e+01,1.547273437499999993e+01
1.211799999999999955e+03,1.266906738281250000e+02,3.847500000000000142e+00,1.549249999999999972e+01,1.546179687500000099e+01
1.211900000000000091e+03,1.260314941406250000e+02,3.852500000000000036e+00,1.522250000000000014e+01,1.552250000000000085e+01
1.212000000000000000e+03,1.266540527343750000e+02,3.859999999999999876e+00,1.525000000000000000e+01,1.548093750000000135e+01
1.212099999999999909e+03,1.280639648437500000e+02,3.879999999999999893e+00,1.520749999999999957e+01,1.550937500000000036e+01
1.212200000000000045e+03,1.280273437500000000e+02,3.850000000000000089e+00,1.518250000000000099e+01,1.553835937500000064e+01
1.212299999999999955e+03,1.285034179687500000e+02,3.875000000000000000e+00,1.542249999999999943e+01,1.551156250000000014e+01
1.212400000000000091e+03,1.278625488281250000e+02,3.875000000000000000e+00,1.528750000000000142e+01,1.556078125000000156e+01
1.212500000000000000e+03,1.296020507812500000e+02,3.899999999999999911e+00,1.550750000000000028e+01,1.552414062500000114e+01
1.212599999999999909e+03,1.299133300781250000e+02,3.924999999999999822e+00,1.524500000000000099e+01,1.549296875000000107e+01
1.212700000000000045e+03,1.297302246093750000e+02,3.939999999999999947e+00,1.551249999999999929e+01,1.552085937500000057e+01
1.212799999999999955e+03,1.302246093750000000e+02,3.917499999999999982e+00,1.532000000000000028e+01,1.546835937500000036e+01
1.212900000000000091e+03,1.296203613281250000e+02,3.957500000000000018e+00,1.545250000000000057e+01,1.551429687500000121e+01
1.213000000000000000e+03,1.318542480468750000e+02,3.950000000000000178e+00,1.516750000000000043e+01,1.549789062500000014e+01
1.213099999999999909e+03,1.316894531250000000e+02,3.984999999999999876e+00,1.530000000000000071e+01,1.558320312500000071e+01
1.213200000000000045e+03,1.314880371093750000e+02,3.984999999999999876e+00,1.533000000000000185e+01,1.544375000000000142e+01
1.213299999999999955e+03,1.320190429687500000e+02,4.012500000000000178e+00,1.536250000000000071e+01,1.551046875000000114e+01
1.213400000000000091e+03,1.328979492187500000e+02,4.022499999999999964e+00,1.533249999999999957e+01,1.553945312500000142e+01
1.213500000000000000e+03,1.337402343750000000e+02,4.019999999999999574e+00,1.537750000000000128e+01,1.551046875000000114e+01
1.213599999999999909e+03,1.335021972656250000e+02,4.030000000000000249e+00,1.533500000000000085e+01,1.551374999999999993e+01
1.213700000000000045e+03,1.332824707031250000e+02,4.064999999999999503e+00,1.532000000000000028e+01,1.550882812500000085e+01
1.213799999999999955e+03,1.348205566406250000e+02,4.092500000000000249e+00,1.522250000000000014e+01,1.552250000000000085e+01
1.213900000000000091e+03,1.349304199218750000e+02,4.064999999999999503e+00,1.533749999999999858e+01,1.554054687500000043e+01
1.214000000000000000e+03,1.355895996093750000e+02,4.080000000000000071e+00,1.512999999999999901e+01,1.552085937500000057e+01
1.214099999999999909e+03,1.353149414062500000e+02,4.094999999999999751e+00,1.549000000000000199e+01,1.548750000000000071e+01
1.214200000000000045e+03,1.351318359375000000e+02,4.092500000000000249e+00,1.524249999999999972e+01,1.548914062500000099e+01
1.214299999999999955e+03,1.374572753906250000e+02,4.132500000000000284e+00,1.533000000000000185e+01,1.547437500000000021e+01
1.214400000000000091e+03,1.368347167968750000e+02,4.142500000000000071e+00,1.513250000000000028e+01,1.549187500000000028e+01
1.214500000000000000e+03,1.374389648437500000e+02,4.162499999999999645e+00,1.526750000000000185e+01,1.548695312500000121e+01
1.214599999999999909e+03,1.372375488281250000e+02,4.150000000000000355e+00,1.530750000000000099e+01,1.550117187500000071e+01
1.214700000000000045e+03,1.386291503906250000e+02,4.169999999999999929e+00,1.537999999999999901e+01,1.549789062500000014e+01
1.214799999999999955e+03,1.394165039062500000e+02,4.217500000000000249e+00,1.533000000000000185e+01,1.551429687500000121e+01
1.214900000000000091e+03,1.387573242187500000e+02,4.217500000000000249e+00,1.547250000000000014e+01,1.550609375000000156e+01
1.215000000000000000e+03,1.393615722656250000e+02,4.237499999999999822e+00,1.551249999999999929e+01,1.546453125000000028e+01
1.215099999999999909e+03,1.391601562500000000e+02,4.312500000000000000e+00,1.523250000000000171e+01,1.549625000000000163e+01
1.215200000000000045e+03,1.390502929687500000e+02,4.262500000000000178e+00,1.541250000000000142e+01,1.547492187500000149e+01
1.215299999999999955e+03,1.395263671875000000e+02,4.262500000000000178e+00,1.525499999999999901e+01,1.549679687500000114e+01
1.215400000000000091e+03,1.388488769531250000e+02,6.062499999999992895e-02,1.536749999999999972e+01,3.828124999999182876e-03
1.215500000000000000e+03,1.394531250000000000e+02,6.249999999998756550e-04,1.532000000000000028e+01,-1.093750000000071054e-02
1.215599999999999909e+03,1.392333984375000000e+02,1.562500000000000000e-02,1.519500000000000028e+01,-6.234375000000103029e-02
1.215700000000000045e+03,1.390502929687500000e+02,2.812499999999973355e-02,1.546750000000000114e+01,-3.117187500000095923e-02
1.215799999999999955e+03,1.395446777343750000e+02,3.312500000000007105e-02,1.520749999999999957e+01,-2.898437500000028422e-02
1.215900000000000091e+03,1.389038085937500000e+02,4.812499999999975131e-02,1.540249999999999986e+01,-3.335937500000074607e-02
1.216000000000000000e+03,1.392700195312500000e+02,8.124999999999715783e-03,1.572749999999999915e+01,-5.687500000000067502e-02
1.216099999999999909e+03,1.389221191406250000e+02,6.312499999999987566e-02,1.542750000000000199e+01,-4.757812500000024869e-02
1.216200000000000045e+03,1.387573242187500000e+02,1.562500000000000000e-02,1.527499999999999858e+01,-7.164062500000056843e-02
1.216299999999999955e+03,1.392333984375000000e+02,5.312500000000008882e-02,1.504500000000000171e+01,-4.648437500000035527e-02
1.216400000000000091e+03,1.380798339843750000e+02,5.562500000000003553e-02,1.540749999999999886e+01,-2.242187500000092371e-02
1.216500000000000000e+03,1.368896484375000000e+02,1.562500000000000000e-02,1.517249999999999943e+01,2.734374999999289457e-03
1.216599999999999909e+03,1.365417480468750000e+02,5.624999999999769074e-03,1.544999999999999929e+01,-6.945312500000078160e-02
1.216700000000000045e+03,1.363403320312500000e+02,3.062500000000012434e-02,1.532499999999999929e+01,-1.914062500000035527e-02
1.216799999999999955e+03,1.368347167968750000e+02,4.812499999999975131e-02,1.535000000000000142e+01,-6.617187500000110134e-02
1.216900000000000091e+03,1.325500488281250000e+02,1.562500000000000000e-02,1.529500000000000171e+01,1.312499999999960920e-02
1.217000000000000000e+03,1.327697753906250000e+02,-9.374999999999911182e-03,1.524500000000000099e+01,-5.140625000000031974e-02
1.217099999999999909e+03,1.325317382812500000e+02,2.562499999999978684e-02,1.553000000000000114e+01,2.734374999999289457e-03
1.217200000000000045e+03,1.323303222656250000e+02,6.062499999999992895e-02,1.523499999999999943e+01,-9.843750000000817124e-03
1.217299999999999955e+03,1.294372558593750000e+02,3.312500000000007105e-02,1.522749999999999915e+01,-5.742187500000106581e-02
1.217400000000000091e+03,1.267456054687500000e+02,2.062499999999989342e-02,1.537750000000000128e+01,-3.226562500000085265e-02
1.217500000000000000e+03,1.272033691406250000e+02,2.312499999999984013e-02,1.533999999999999986e+01,-5.195312500000071054e-02
1.217599999999999909e+03,1.270202636718750000e+02,1.812499999999994671e-02,1.537750000000000128e+01,-4.703125000000074607e-02
1.217700000000000045e+03,1.266723632812500000e+02,4.312499999999985789e-02,1.541000000000000014e+01,1.093749999999005240e-03
1.217799999999999955e+03,1.228271484375000000e+02,1.312500000000005329e-02,1.527499999999999858e+01,-3.718750000000081712e-02
1.217900000000000091e+03,1.219665527343750000e+02,2.062499999999989342e-02,1.553750000000000142e+01,-4.976562500000092371e-02
1.218000000000000000e+03,1.224792480468750000e+02,2.812499999999973355e-02,1.521499999999999986e+01,-3.609375000000092371e-02
1.218099999999999909e+03,1.223693847656250000e+02,2.062499999999989342e-02,1.514000000000000057e+01,-5.085937500000081712e-02
1.218200000000000045e+03,1.189636230468750000e+02,2.562499999999978684e-02,1.562000000000000099e+01,-5.031250000000042633e-02
1.218299999999999955e+03,1.187988281250000000e+02,6.812499999999976907e-02,1.549249999999999972e+01,-7.328125000000085265e-02
1.218400000000000091e+03,1.181579589843750000e+02,5.312500000000008882e-02,1.550250000000000128e+01,4.374999999999573674e-03
1.218500000000000000e+03,1.186889648437500000e+02,1.812499999999994671e-02,1.534250000000000114e+01,-1.695312500000056843e-02
1.218599999999999909e+03,1.170776367187500000e+02,-6.937499999999996447e-02,1.537000000000000099e+01,-4.812500000000063949e-02
1.218700000000000045e+03,1.152099609375000000e+02,3.062500000000012434e-02,1.555000000000000071e+01,3.499999999999925393e-02
1.218799999999999955e+03,1.156127929687500000e+02,4.312499999999985789e-02,1.537750000000000128e+01,-4.265625000000028422e-02
1.218900000000000091e+03,1.149536132812500000e+02,4.562499999999980460e-02,1.539250000000000185e+01,-5.250000000000110134e-02
1.219000000000000000e+03,1.154846191406250000e+02,4.562499999999980460e-02,1.525000000000000000e+01,-1.531250000000028422e-02
1.219099999999999909e+03,1.128845214843750000e+02,3.562500000000001776e-02,1.544750000000000156e+01,6.015624999998969713e-03
1.219200000000000045e+03,1.124084472656250000e+02,7.062500000000015987e-02,1.533000000000000185e+01,-1.050000000000004263e-01
1.219299999999999955e+03,1.128845214843750000e+02,1.312500000000005329e-02,1.522250000000000014e+01,-1.695312500000056843e-02
1.219400000000000091e+03,1.122436523437500000e+02,2.812499999999973355e-02,1.517999999999999972e+01,-5.085937500000081712e-02
1.219500000000000000e+03,1.109436035156250000e+02,2.312499999999984013e-02,1.542000000000000171e+01,9.296874999999538147e-03
1.219599999999999909e+03,1.103210449218750000e+02,2.312499999999984013e-02,1.551249999999999929e+01,-2.515625000000110134e-02
1.219700000000000045e+03,1.099914550781250000e+02,-4.312499999999985789e-02,1.549500000000000099e+01,-3.773437500000031974e-02
1.219799999999999955e+03,1.105224609375000000e+02,2.312499999999984013e-02,1.537249999999999872e+01,-3.882812500000110134e-02
1.219900000000000091e+03,1.094604492187500000e+02,7.312500000000010658e-02,1.530499999999999972e+01,-3.390625000000024869e-02
1.220000000000000000e+03,1.083435058593750000e+02,3.562500000000001776e-02,1.537999999999999901e+01,-6.507812500000031974e-02
1.220099999999999909e+03,1.081787109375000000e+02,2.312499999999984013e-02,1.530000000000000071e+01,-2.953125000000067502e-02
1.220200000000000045e+03,1.078857421875000000e+02,3.062500000000012434e-02,1.544999999999999929e+01,-2.351562500000081712e-02
1.220299999999999955e+03,1.083801269531250000e+02,7.562500000000005329e-02,1.531749999999999901e+01,-7.601562500000103029e-02
1.220400000000000091e+03,1.059814453125000000e+02,4.062499999999991118e-02,1.537750000000000128e+01,-3.718750000000081712e-02
1.220500000000000000e+03,1.062561035156250000e+02,6.812499999999976907e-02,1.524249999999999972e+01,-1.367187500000088818e-02
1.220599999999999909e+03,1.062011718750000000e+02,5.812499999999998224e-02,1.563250000000000028e+01,-1.640625000000106581e-02
1.220700000000000045e+03,1.058349609375000000e+02,5.562500000000003553e-02,1.526500000000000057e+01,-6.125000000000024869e-02
1.220799999999999955e+03,1.052490234375000000e+02,4.312499999999985789e-02,1.537999999999999901e+01,-2.789062500000039080e-02
1.220900000000000091e+03,1.040222167968750000e+02,2.562499999999978684e-02,1.519249999999999901e+01,-3.554687500000053291e-02
1.221000000000000000e+03,1.044433593750000000e+02,1.312500000000005329e-02,1.530499999999999972e+01,-9.460937500000099476e-02
1.221099999999999909e+03,1.043884277343750000e+02,3.812499999999996447e-02,1.520500000000000185e+01,-6.015625000000746070e-03
1.221200000000000045e+03,1.040405273437500000e+02,3.312500000000007105e-02,1.544750000000000156e+01,-6.562500000000248690e-03
1.221299999999999955e+03,1.030700683593750000e+02,1.812499999999994671e-02,1.533999999999999986e+01,-2.023437500000024869e-02
1.221400000000000091e+03,1.023925781250000000e+02,6.062499999999992895e-02,1.537999999999999901e+01,-2.187500000000053291e-02
1.221500000000000000e+03,1.028320312500000000e+02,3.312500000000007105e-02,1.504500000000000171e+01,6.015624999998969713e-03
1.221599999999999909e+03,1.027770996093750000e+02,-3.893750000000002487e-01,1.513500000000000156e+01,-2.023437500000024869e-02
1.221700000000000045e+03,1.011291503906250000e+02,4.562499999999980460e-02,1.535000000000000142e+01,-7.054687500000067502e-02
1.221799999999999955e+03,1.013671875000000000e+02,3.312500000000007105e-02,1.542000000000000171e+01,-4.156250000000039080e-02
1.221900000000000091e+03,1.007812500000000000e+02,6.062499999999992895e-02,1.519249999999999901e+01,-5.742187500000106581e-02
1.222000000000000000e+03,1.012207031250000000e+02,3.312500000000007105e-02,1.517249999999999943e+01,-6.562500000000071054e-02
1.222099999999999909e+03,1.006164550781250000e+02,6.812499999999976907e-02,1.524749999999999872e+01,-5.304687500000060396e-02
1.222200000000000045e+03,9.948120117187500000e+01,1.312500000000005329e-02,1.528249999999999886e+01,-2.953125000000067502e-02
1.222299999999999955e+03,9.993896484375000000e+01,5.312500000000008882e-02,1.550750000000000028e+01,-5.085937500000081712e-02
1.222400000000000091e+03,9.940795898437500000e+01,5.062500000000014211e-02,1.549249999999999972e+01,-3.281250000000035527e-02
1.222500000000000000e+03,9.986572265625000000e+01,4.062499999999991118e-02,1.533000000000000185e+01,-4.210937500000078160e-02
1.222599999999999909e+03,9.851074218750000000e+01,3.562500000000001776e-02,1.541750000000000043e+01,-2.078125000000063949e-02
1.222700000000000045e+03,9.805297851562500000e+01,1.562500000000000000e-02,1.543250000000000099e+01,-6.835937500000088818e-02
1.222799999999999955e+03,9.851074218750000000e+01,5.062500000000014211e-02,1.550250000000000128e+01,-3.609375000000092371e-02
1.222900000000000091e+03,9.799804687500000000e+01,4.312499999999985789e-02,1.537000000000000099e+01,-8.312500000000078160e-02
1.223000000000000000e+03,9.741210937500000000e+01,5.312500000000008882e-02,1.542999999999999972e+01,2.953124999999889866e-02
1.223099999999999909e+03,9.700927734375000000e+01,8.124999999999715783e-03,1.537249999999999872e+01,-3.281250000000568434e-03
1.223200000000000045e+03,9.664306640625000000e+01,4.312499999999985789e-02,1.512500000000000000e+01,-5.414062500000049738e-02
1.223299999999999955e+03,9.713745117187500000e+01,2.562499999999978684e-02,1.541499999999999915e+01,-8.367187500000028422e-02
1.223400000000000091e+03,9.644165039062500000e+01,2.062499999999989342e-02,1.533000000000000185e+01,-5.578125000000078160e-02
1.223500000000000000e+03,9.587402343750000000e+01,4.812499999999975131e-02,1.521999999999999886e+01,-3.062500000000056843e-02
1.223599999999999909e+03,9.580078125000000000e+01,5.312500000000008882e-02,1.547250000000000014e+01,2.187499999998898659e-03
1.223700000000000045e+03,9.548950195312500000e+01,-6.874999999999964473e-03,1.540249999999999986e+01,-4.046875000000049738e-02
1.223799999999999955e+03,9.592895507812500000e+01,2.062499999999989342e-02,1.534750000000000014e+01,-5.960937500000085265e-02
1.223900000000000091e+03,9.428100585937500000e+01,4.312499999999985789e-02,1.549249999999999972e+01,-8.585937500000095923e-02
1.224000000000000000e+03,9.453735351562500000e+01,-1.187499999999985789e-02,1.542500000000000071e+01,-2.406250000000031974e-02
1.224099999999999909e+03,9.448242187500000000e+01,4.812499999999975131e-02,1.508999999999999986e+01,-2.460937500000071054e-02
1.224200000000000045e+03,9.411621093750000000e+01,6.562499999999982236e-02,1.535000000000000142e+01,-2.078125000000063949e-02
1.224299999999999955e+03,9.395141601562500000e+01,5.812499999999998224e-02,1.542249999999999943e+01,-2.187500000000053291e-02
1.224400000000000091e+03,9.290771484375000000e+01,3.812499999999996447e-02,1.533999999999999986e+01,-2.078125000000063949e-02
1.224500000000000000e+03,9.329223632812500000e+01,5.062500000000014211e-02,1.529749999999999943e+01,-2.843750000000078160e-02
1.224599999999999909e+03,9.327392578125000000e+01,2.062499999999989342e-02,1.557750000000000057e+01,-2.679687500000049738e-02
1.224700000000000045e+03,9.288940429687500000e+01,3.812499999999996447e-02,1.514000000000000057e+01,-5.468750000000355271e-03
1.224799999999999955e+03,9.228515625000000000e+01,1.062500000000010658e-02,1.554250000000000043e+01,3.281249999999946709e-02
1.224900000000000091e+03,9.166259765625000000e+01,2.062499999999989342e-02,1.528750000000000142e+01,2.078124999999975131e-02
1.225000000000000000e+03,9.210205078125000000e+01,2.312499999999984013e-02,1.558249999999999957e+01,-4.484375000000095923e-02
1.225099999999999909e+03,9.210205078125000000e+01,1.312500000000005329e-02,1.526999999999999957e+01,-1.367187500000088818e-02
1.225200000000000045e+03,9.080200195312500000e+01,3.562500000000001776e-02,1.557250000000000156e+01,-3.554687500000053291e-02
1.225299999999999955e+03,9.102172851562500000e+01,4.062499999999991118e-02,1.528500000000000014e+01,1.093749999999005240e-03
1.225400000000000091e+03,9.047241210937500000e+01,6.562499999999982236e-02,1.539000000000000057e+01,-3.718750000000081712e-02
1.225500000000000000e+03,9.083862304687500000e+01,4.562499999999980460e-02,1.532499999999999929e+01,-1.476562500000078160e-02
1.225599999999999909e+03,9.061889648437500000e+01,4.062499999999991118e-02,1.550000000000000000e+01,3.062499999999968026e-02
1.225700000000000045e+03,8.944702148437500000e+01,2.312499999999984013e-02,1.530999999999999872e+01,-1.312500000000049738e-02
1.225799999999999955e+03,8.992309570312500000e+01,7.062500000000015987e-02,1.525000000000000000e+01,-3.937500000000060396e-02
1.225900000000000091e+03,8.941040039062500000e+01,3.312500000000007105e-02,1.521750000000000114e+01,1.585937499999889866e-02
1.226000000000000000e+03,8.979492187500000000e+01,3.812499999999996447e-02,1.537000000000000099e+01,-2.679687500000049738e-02
1.226099999999999909e+03,8.869628906250000000e+01,5.062500000000014211e-02,1.537249999999999872e+01,-3.062500000000056843e-02
1.226200000000000045e+03,8.823852539062500000e+01,1.312500000000005329e-02,1.534250000000000114e+01,-2.789062500000039080e-02
1.226299999999999955e+03,8.869628906250000000e+01,-4.375000000000017764e-03,1.530250000000000199e+01,-2.679687500000049738e-02
1.226400000000000091e+03,8.820190429687500000e+01,3.312500000000007105e-02,1.537999999999999901e+01,2.460937499999893419e-02
1.226500000000000000e+03,8.792724609375000000e+01,5.562500000000003553e-02,1.531500000000000128e+01,1.367187499999911182e-02
1.226599999999999909e+03,8.759765625000000000e+01,1.812499999999994671e-02,1.537000000000000099e+01,-2.351562500000081712e-02
1.226700000000000045e+03,8.723144531250000000e+01,4.062499999999991118e-02,1.537000000000000099e+01,1.476562499999900524e-02
1.226799999999999955e+03,8.768920898437500000e+01,6.312499999999987566e-02,1.549249999999999972e+01,-3.718750000000081712e-02
1.226900000000000091e+03,8.715820312500000000e+01,7.062500000000015987e-02,1.528000000000000114e+01,4.921874999999076294e-03
1.227000000000000000e+03,8.653564453125000000e+01,2.812499999999973355e-02,1.501750000000000185e+01,-2.515625000000110134e-02
1.227099999999999909e+03,8.646240234375000000e+01,3.312500000000007105e-02,1.506500000000000128e+01,-4.429687500000056843e-02
1.227200000000000045e+03,8.615112304687500000e+01,3.312500000000007105e-02,1.530250000000000199e+01,-8.585937500000095923e-02
1.227299999999999955e+03,8.659057617187500000e+01,3.812499999999996447e-02,1.559750000000000014e+01,-4.539062500000046185e-02
1.227400000000000091e+03,8.529052734375000000e+01,2.812499999999973355e-02,1.550750000000000028e+01,-8.881784197001252323e-16
1.227500000000000000e+03,8.547363281250000000e+01,4.562499999999980460e-02,1.532499999999999929e+01,-5.687500000000067502e-02
1.227599999999999909e+03,8.549194335937500000e+01,5.062500000000014211e-02,1.556250000000000000e+01,-6.781250000000049738e-02
1.227700000000000045e+03,8.512573242187500000e+01,6.562499999999982236e-02,1.540249999999999986e+01,4.976562499999914735e-02
1.227799999999999955e+03,8.516235351562500000e+01,5.624999999999769074e-03,1.529749999999999943e+01,-4.921875000000852651e-03
1.227900000000000091e+03,8.417358398437500000e+01,3.062500000000012434e-02,1.523750000000000071e+01,-1.421875000000039080e-02
1.228000000000000000e+03,8.448486328125000000e+01,2.562499999999978684e-02,1.542000000000000171e+01,1.749999999999918288e-02
1.228099999999999909e+03,8.448486328125000000e+01,5.062500000000014211e-02,1.546249999999999858e+01,-1.476562500000078160e-02
1.228200000000000045e+03,8.413696289062500000e+01,4.562499999999980460e-02,1.528500000000000014e+01,5.031249999999953815e-02
1.228299999999999955e+03,8.373413085937500000e+01,3.562500000000001776e-02,1.539999999999999858e+01,-8.750000000000923706e-03
1.228400000000000091e+03,8.322143554687500000e+01,-2.675000000000000711e-01,1.516499999999999915e+01,-4.593750000000085265e-02
1.228500000000000000e+03,8.356933593750000000e+01,1.812499999999994671e-02,1.549249999999999972e+01,2.789062499999950262e-02
1.228599999999999909e+03,8.356933593750000000e+01,1.562500000000000000e-02,1.532499999999999929e+01,-3.828125000000071054e-02
1.228700000000000045e+03,8.254394531250000000e+01,2.312499999999984013e-02,1.534499999999999886e+01,-1.695312500000056843e-02
1.228799999999999955e+03,8.267211914062500000e+01,4.812499999999975131e-02,1.532000000000000028e+01,-3.171875000000046185e-02
1.228900000000000091e+03,8.223266601562500000e+01,2.062499999999989342e-02,1.537249999999999872e+01,3.281249999999680256e-03
1.229000000000000000e+03,8.258056640625000000e+01,3.562500000000001776e-02,1.538500000000000156e+01,-1.804687500000046185e-02
1.229099999999999909e+03,8.252563476562500000e+01,5.562500000000003553e-02,1.520250000000000057e+01,-2.734375000000088818e-02
1.229200000000000045e+03,8.137207031250000000e+01,4.312499999999985789e-02,1.539750000000000085e+01,-9.843750000000817124e-03
1.229299999999999955e+03,8.177490234375000000e+01,3.312500000000007105e-02,1.538250000000000028e+01,1.093749999999005240e-03
1.229400000000000091e+03,8.131713867187500000e+01,5.812499999999998224e-02,1.551249999999999929e+01,-8.750000000000923706e-03
1.229500000000000000e+03,8.166503906250000000e+01,2.562499999999978684e-02,1.534250000000000114e+01,-4.593750000000085265e-02
1.229599999999999909e+03,8.091430664062500000e+01,4.562499999999980460e-02,1.527499999999999858e+01,-3.007812500000106581e-02
1.229700000000000045e+03,8.045654296875000000e+01,2.562499999999978684e-02,1.546750000000000114e+01,-1.750000000000095923e-02
1.229799999999999955e+03,8.087768554687500000e+01,3.312500000000007105e-02,1.555000000000000071e+01,-4.156250000000039080e-02
1.229900000000000091e+03,8.043823242187500000e+01,3.062500000000012434e-02,1.521999999999999886e+01,-8.203125000000532907e-03
1.230000000000000000e+03,8.027343750000000000e+01,2.312499999999984013e-02,1.518499999999999872e+01,-2.132812500000103029e-02
1.230099999999999909e+03,7.987060546875000000e+01,2.562499999999978684e-02,1.523750000000000071e+01,-9.242187500000031974e-02
1.230200000000000045e+03,7.954101562500000000e+01,4.312499999999985789e-02,1.530000000000000071e+01,-5.523437500000039080e-02
1.230299999999999955e+03,7.996215820312500000e+01,2.312499999999984013e-02,1.517249999999999943e+01,-1.312500000000049738e-02
1.230400000000000091e+03,7.954101562500000000e+01,6.249999999998756550e-04,1.522500000000000142e+01,-7.437500000000074607e-02
1.230500000000000000e+03,7.901000976562500000e+01,2.562499999999978684e-02,1.516250000000000142e+01,-9.843750000000817124e-03
1.230599999999999909e+03,7.901000976562500000e+01,8.312499999999989342e-02,1.531749999999999901e+01,-1.531250000000028422e-02
1.230700000000000045e+03,7.862548828125000000e+01,2.812499999999973355e-02,1.538250000000000028e+01,-5.304687500000060396e-02
1.230799999999999955e+03,7.906494140625000000e+01,2.312499999999984013e-02,1.521499999999999986e+01,3.281249999999680256e-03
1.230900000000000091e+03,7.809448242187500000e+01,2.812499999999973355e-02,1.533000000000000185e+01,-8.859375000000024869e-02
1.231000000000000000e+03,7.816772460937500000e+01,2.562499999999978684e-02,1.522250000000000014e+01,-3.609375000000092371e-02
1.231099999999999909e+03,7.818603515625000000e+01,5.624999999999769074e-03,1.541000000000000014e+01,-5.304687500000060396e-02
1.231200000000000045e+03,7.785644531250000000e+01,5.062500000000014211e-02,1.540249999999999986e+01,-3.773437500000031974e-02
1.231299999999999955e+03,7.811279296875000000e+01,1.562500000000000000e-02,1.557250000000000156e+01,1.039062499999943157e-02
1.231400000000000091e+03,7.706909179687500000e+01,5.812499999999998224e-02,1.544999999999999929e+01,-1.859375000000085265e-02
1.231500000000000000e+03,7.736206054687500000e+01,4.562499999999980460e-02,1.530499999999999972e+01,-5.687500000000067502e-02
1.231599999999999909e+03,7.732543945312500000e+01,4.562499999999980460e-02,1.508000000000000185e+01,-1.203125000000060396e-02
1.231700000000000045e+03,7.697753906250000000e+01,4.562499999999980460e-02,1.512000000000000099e+01,-3.226562500000085265e-02
1.231799999999999955e+03,7.664794921875000000e+01,5.312500000000008882e-02,1.530999999999999872e+01,-2.187500000000053291e-02
1.231900000000000091e+03,7.611694335937500000e+01,1.312500000000005329e-02,1.527250000000000085e+01,-2.460937500000071054e-02
1.232000000000000000e+03,7.642822265625000000e+01,-6.562500000000026645e-02,1.558999999999999986e+01,-1.039062500000031974e-02
1.232099999999999909e+03,7.648315429687500000e+01,3.562500000000001776e-02,1.545250000000000057e+01,-1.640625000000106581e-02
1.232200000000000045e+03,7.562255859375000000e+01,6.312499999999987566e-02,1.549749999999999872e+01,-4.867187500000103029e-02
1.232299999999999955e+03,7.576904296875000000e+01,1.812499999999994671e-02,1.530999999999999872e+01,3.281249999999680256e-03
1.232400000000000091e+03,7.534790039062500000e+01,4.062499999999991118e-02,1.536500000000000199e+01,-2.515625000000110134e-02
1.232500000000000000e+03,7.564086914062500000e+01,4.812499999999975131e-02,1.500250000000000128e+01,-5.414062500000049738e-02
1.232599999999999909e+03,7.562255859375000000e+01,8.062499999999994671e-02,1.532750000000000057e+01,-2.187500000000053291e-02
1.232700000000000045e+03,7.459716796875000000e+01,2.562499999999978684e-02,1.536250000000000071e+01,-2.734375000000088818e-02
1.232799999999999955e+03,7.494506835937500000e+01,5.312500000000008882e-02,1.520500000000000185e+01,1.093749999999893419e-02
1.232900000000000091e+03,7.452392578125000000e+01,3.562500000000001776e-02,1.544999999999999929e+01,-2.406250000000031974e-02
1.233000000000000000e+03,7.481689453125000000e+01,4.562499999999980460e-02,1.525499999999999901e+01,-4.648437500000035527e-02
1.233099999999999909e+03,7.432250976562500000e+01,7.562500000000005329e-02,1.535249999999999915e+01,2.734374999999911182e-02
1.233200000000000045e+03,7.386474609375000000e+01,3.562500000000001776e-02,1.530250000000000199e+01,-3.171875000000046185e-02
1.233299999999999955e+03,7.424926757812500000e+01,6.062499999999992895e-02,1.528500000000000014e+01,2.187499999998898659e-03
1.233400000000000091e+03,7.386474609375000000e+01,3.312500000000007105e-02,1.523750000000000071e+01,-1.750000000000095923e-02
1.233500000000000000e+03,7.391967773437500000e+01,8.124999999999715783e-03,1.529749999999999943e+01,-2.953125000000067502e-02
1.233599999999999909e+03,7.338867187500000000e+01,2.562499999999978684e-02,1.536250000000000071e+01,-4.703125000000074607e-02
1.233700000000000045e+03,7.302246093750000000e+01,8.062499999999994671e-02,1.549249999999999972e+01,5.468749999995026201e-04
1.233799999999999955e+03,7.344360351562500000e+01,5.312500000000008882e-02,1.553999999999999915e+01,3.828124999999893419e-02
1.233900000000000091e+03,7.304077148437500000e+01,1.062500000000010658e-02,1.546249999999999858e+01,-7.054687500000067502e-02
1.234000000000000000e+03,7.271118164062500000e+01,4.812499999999975131e-02,1.543750000000000000e+01,-3.117187500000095923e-02
1.234099999999999909e+03,7.265625000000000000e+01,2.812499999999973355e-02,1.538749999999999929e+01,3.828124999999182876e-03
1.234200000000000045e+03,7.230834960937500000e+01,9.187499999999992895e-02,1.542000000000000171e+01,3.828124999999182876e-03
1.234299999999999955e+03,7.274780273437500000e+01,4.312499999999985789e-02,1.558249999999999957e+01,-5.468750000003907985e-04
1.234400000000000091e+03,7.194213867187500000e+01,6.312499999999987566e-02,1.524500000000000099e+01,-9.843750000000817124e-03
1.234500000000000000e+03,7.188720703125000000e+01,8.124999999999715783e-03,1.519999999999999929e+01,-7.218750000000095923e-02
1.234599999999999909e+03,7.194213867187500000e+01,1.812499999999994671e-02,1.543250000000000099e+01,-1.148437500000110134e-02
1.234700000000000045e+03,7.166748046875000000e+01,2.562499999999978684e-02,1.533000000000000185e+01,-1.531250000000028422e-02
1.234799999999999955e+03,7.205200195312500000e+01,1.812499999999994671e-02,1.534250000000000114e+01,-6.125000000000024869e-02
1.234900000000000091e+03,7.100830078125000000e+01,4.562499999999980460e-02,1.536250000000000071e+01,-3.445312500000063949e-02
1.235000000000000000e+03,7.122802734375000000e+01,3.062500000000012434e-02,1.541750000000000043e+01,-3.171875000000046185e-02
1.235099999999999909e+03,7.128295898437500000e+01,2.062499999999989342e-02,1.533000000000000185e+01,-5.195312500000071054e-02
1.235200000000000045e+03,7.098999023437500000e+01,4.562499999999980460e-02,1.550250000000000128e+01,-3.226562500000085265e-02
1.235299999999999955e+03,7.082519531250000000e+01,3.812499999999996447e-02,1.512750000000000128e+01,-8.203125000000532907e-03
1.235400000000000091e+03,7.036743164062500000e+01,7.312500000000010658e-02,1.545250000000000057e+01,-1.859375000000085265e-02
1.235500000000000000e+03,7.066040039062500000e+01,6.062499999999992895e-02,1.513250000000000028e+01,-1.421875000000039080e-02
1.235599999999999909e+03,7.062377929687500000e+01,4.812499999999975131e-02,1.542249999999999943e+01,-5.250000000000110134e-02
1.235700000000000045e+03,7.005615234375000000e+01,2.062499999999989342e-02,1.527499999999999858e+01,-1.750000000000095923e-02
1.235799999999999955e+03,7.003784179687500000e+01,4.062499999999991118e-02,1.534250000000000114e+01,-7.328125000000085265e-02
1.235900000000000091e+03,6.967163085937500000e+01,4.062499999999991118e-02,1.544249999999999901e+01,-5.250000000000110134e-02
1.236000000000000000e+03,6.987304687500000000e+01,6.062499999999992895e-02,1.535750000000000171e+01,-4.046875000000049738e-02
1.236099999999999909e+03,6.998291015625000000e+01,4.562499999999980460e-02,1.520500000000000185e+01,-2.242187500000092371e-02
1.236200000000000045e+03,6.899414062500000000e+01,7.312500000000010658e-02,1.530999999999999872e+01,-3.937500000000060396e-02
1.236299999999999955e+03,6.934204101562500000e+01,2.062499999999989342e-02,1.539999999999999858e+01,-4.648437500000035527e-02
1.236400000000000091e+03,6.893920898437500000e+01,2.562499999999978684e-02,1.555000000000000071e+01,-5.632812500000028422e-02
1.236500000000000000e+03,6.921386718750000000e+01,7.312500000000010658e-02,1.523250000000000171e+01,-2.078125000000063949e-02
1.236599999999999909e+03,6.881103515625000000e+01,1.812499999999994671e-02,1.544249999999999901e+01,-1.148437500000110134e-02
1.236700000000000045e+03,6.824340820312500000e+01,3.062500000000012434e-02,1.517500000000000071e+01,-2.515625000000110134e-02
1.236799999999999955e+03,6.860961914062500000e+01,4.562499999999980460e-02,1.550750000000000028e+01,-4.593750000000085265e-02
1.236900000000000091e+03,6.828002929687500000e+01,5.624999999999769074e-03,1.529749999999999943e+01,8.203124999999644729e-03
1.237000000000000000e+03,6.846313476562500000e+01,4.562499999999980460e-02,1.528249999999999886e+01,9.296874999999538147e-03
1.237099999999999909e+03,6.796875000000000000e+01,-1.437500000000024869e-02,1.533249999999999957e+01,1.585937499999889866e-02
1.237200000000000045e+03,6.763916015625000000e+01,5.062500000000014211e-02,1.509499999999999886e+01,-5.851562500000095923e-02
1.237299999999999955e+03,6.802368164062500000e+01,4.312499999999985789e-02,1.534750000000000014e+01,-1.695312500000056843e-02
1.237400000000000091e+03,6.765747070312500000e+01,7.812500000000000000e-02,1.523499999999999943e+01,-9.843750000000106581e-02
1.237500000000000000e+03,6.747436523437500000e+01,3.812499999999996447e-02,1.521499999999999986e+01,-4.101562500000088818e-02
1.237599999999999909e+03,6.734619140625000000e+01,3.124999999999822364e-03,1.537000000000000099e+01,-2.132812500000103029e-02
1.237700000000000045e+03,6.708984375000000000e+01,5.062500000000014211e-02,1.535999999999999943e+01,2.296874999999953815e-02
1.237799999999999955e+03,6.745605468750000000e+01,5.562500000000003553e-02,1.522749999999999915e+01,2.023437499999936051e-02
1.237900000000000091e+03,6.688842773437500000e+01,2.312499999999984013e-02,1.537999999999999901e+01,7.109374999999751310e-03
1.238000000000000000e+03,6.674194335937500000e+01,1.312500000000005329e-02,1.534499999999999886e+01,-1.039062500000031974e-02
1.238099999999999909e+03,6.676025390625000000e+01,3.312500000000007105e-02,1.551000000000000156e+01,-5.414062500000049738e-02
1.238200000000000045e+03,6.646728515625000000e+01,2.812499999999973355e-02,1.557000000000000028e+01,-2.351562500000081712e-02
1.238299999999999955e+03,6.685180664062500000e+01,2.812499999999973355e-02,1.533249999999999957e+01,-3.554687500000053291e-02
1.238400000000000091e+03,6.595458984375000000e+01,6.062499999999992895e-02,1.537999999999999901e+01,-3.335937500000074607e-02
1.238500000000000000e+03,6.611938476562500000e+01,5.062500000000014211e-02,1.527749999999999986e+01,-2.953125000000067502e-02
1.238599999999999909e+03,6.615600585937500000e+01,5.812499999999998224e-02,1.543750000000000000e+01,-2.242187500000092371e-02
1.238700000000000045e+03,6.584472656250000000e+01,5.562500000000003553e-02,1.530750000000000099e+01,-1.367187500000088818e-02
1.238799999999999955e+03,6.582641601562500000e+01,1.812499999999994671e-02,1.515500000000000114e+01,-1.640625000000106581e-02
1.238900000000000091e+03,6.527709960937500000e+01,9.499999999999975131e-02,1.525499999999999901e+01,-3.062500000000056843e-02
1.239000000000000000e+03,6.549682617187500000e+01,3.312500000000007105e-02,1.554250000000000043e+01,1.421874999999950262e-02
1.239099999999999909e+03,6.557006835937500000e+01,2.562499999999978684e-02,1.565749999999999886e+01,-4.375000000000461853e-03
1.239200000000000045e+03,6.520385742187500000e+01,7.062500000000015987e-02,1.519750000000000156e+01,-1.750000000000095923e-02
1.239299999999999955e+03,6.516723632812500000e+01,3.812499999999996447e-02,1.543250000000000099e+01,-4.593750000000085265e-02
1.239400000000000091e+03,6.478271484375000000e+01,3.562500000000001776e-02,1.536250000000000071e+01,-6.234375000000103029e-02
1.239500000000000000e+03,6.498413085937500000e+01,4.562499999999980460e-02,1.526500000000000057e+01,-3.007812500000106581e-02
1.239599999999999909e+03,6.503906250000000000e+01,2.062499999999989342e-02,1.536250000000000071e+01,-2.023437500000024869e-02
1.239700000000000045e+03,6.423339843750000000e+01,2.312499999999984013e-02,1.539000000000000057e+01,-1.476562500000078160e-02
1.239799999999999955e+03,6.452636718750000000e+01,1.562500000000000000e-02,1.523750000000000071e+01,-6.562500000000248690e-03
