time,temperature,ch1,ch3,ch5
5.000000000000000000e-01,3.581542968750000000e+01,5.812499999999998224e-02,1.544999999999999929e+01,-4.976562500000092371e-02
5.999999999999999778e-01,3.581542968750000000e+01,2.562499999999978684e-02,1.543250000000000099e+01,-2.187500000000675016e-03
6.999999999999999556e-01,3.568725585937500000e+01,2.562499999999978684e-02,1.558999999999999986e+01,-5.468750000000088818e-02
8.000000000000000444e-01,3.583374023437500000e+01,2.312499999999984013e-02,1.544249999999999901e+01,5.468749999995026201e-04
9.000000000000000222e-01,3.561401367187500000e+01,3.002499999999999947e+00,1.511250000000000071e+01,1.684046874999999943e+01
1.000000000000000000e+00,3.583374023437500000e+01,2.747500000000000053e+00,1.571750000000000114e+01,1.552085937500000057e+01
1.100000000000000089e+00,3.579711914062500000e+01,2.750000000000000000e+00,1.509250000000000114e+01,1.555804687500000050e+01
1.199999999999999956e+00,3.570556640625000000e+01,2.790000000000000036e+00,1.552250000000000085e+01,1.554875000000000007e+01
1.300000000000000044e+00,3.585205078125000000e+01,2.757499999999999840e+00,1.555250000000000199e+01,1.548148437500000085e+01
1.399999999999999911e+00,3.632812500000000000e+01,2.827500000000000124e+00,1.537500000000000000e+01,1.555367187500000092e+01
1.500000000000000000e+00,3.691406250000000000e+01,2.745000000000000107e+00,1.539250000000000185e+01,1.551921875000000028e+01
1.600000000000000089e+00,3.689575195312500000e+01,2.827500000000000124e+00,1.535249999999999915e+01,1.548804687500000021e+01
1.699999999999999956e+00,3.680419921875000000e+01,2.827500000000000124e+00,1.552250000000000085e+01,1.549351562500000057e+01
1.800000000000000044e+00,3.702392578125000000e+01,2.812500000000000000e+00,1.528999999999999915e+01,1.556460937500000163e+01
1.899999999999999911e+00,3.925781250000000000e+01,2.750000000000000000e+00,1.516750000000000043e+01,1.552140625000000007e+01
2.000000000000000000e+00,3.962402343750000000e+01,2.832500000000000018e+00,1.538250000000000028e+01,1.550117187500000071e+01
2.100000000000000089e+00,3.962402343750000000e+01,2.859999999999999876e+00,1.553249999999999886e+01,1.555695312500000149e+01
2.200000000000000178e+00,3.951416015625000000e+01,2.857499999999999929e+00,1.530750000000000099e+01,1.554000000000000092e+01
2.299999999999999822e+00,4.284667968750000000e+01,2.842499999999999805e+00,1.520250000000000057e+01,1.550281250000000099e+01
2.399999999999999911e+00,4.321289062500000000e+01,2.827500000000000124e+00,1.514000000000000057e+01,1.547984375000000057e+01
2.500000000000000000e+00,4.352416992187500000e+01,2.884999999999999787e+00,1.530250000000000199e+01,1.550609375000000156e+01
2.600000000000000089e+00,4.346923828125000000e+01,2.867500000000000160e+00,1.519500000000000028e+01,1.546289062500000000e+01
2.700000000000000178e+00,4.517211914062500000e+01,2.877499999999999947e+00,1.525750000000000028e+01,1.553726562500000163e+01
2.799999999999999822e+00,4.824829101562500000e+01,2.867500000000000160e+00,1.551249999999999929e+01,1.554109374999999993e+01
2.899999999999999911e+00,4.804687500000000000e+01,2.870000000000000107e+00,1.544249999999999901e+01,1.549351562500000057e+01
3.000000000000000000e+00,4.837646484375000000e+01,2.884999999999999787e+00,1.534250000000000114e+01,1.549296875000000107e+01
3.100000000000000089e+00,4.828491210937500000e+01,2.919999999999999929e+00,1.539999999999999858e+01,1.551867187500000078e+01
3.200000000000000178e+00,5.233154296875000000e+01,2.895000000000000018e+00,1.551750000000000185e+01,1.548968750000000050e+01
3.299999999999999822e+00,5.288085937500000000e+01,2.910000000000000142e+00,1.546999999999999886e+01,1.549843750000000142e+01
3.399999999999999911e+00,5.249633789062500000e+01,2.907500000000000195e+00,1.517750000000000199e+01,1.553289062500000028e+01
3.500000000000000000e+00,5.286254882812500000e+01,2.917499999999999982e+00,1.556250000000000000e+01,1.544921875000000000e+01
3.600000000000000089e+00,5.540771484375000000e+01,2.927500000000000213e+00,1.535000000000000142e+01,1.553398437500000107e+01
3.700000000000000178e+00,5.637817382812500000e+01,2.955000000000000071e+00,1.545250000000000057e+01,1.552687500000000043e+01
3.799999999999999822e+00,5.663452148437500000e+01,2.952500000000000124e+00,1.540249999999999986e+01,1.552414062500000114e+01
3.899999999999999911e+00,5.623168945312500000e+01,2.964999999999999858e+00,1.524749999999999872e+01,1.555914062500000128e+01
4.000000000000000000e+00,5.689086914062500000e+01,2.939999999999999947e+00,1.538749999999999929e+01,1.548093750000000135e+01
4.099999999999999645e+00,5.943603515625000000e+01,2.975000000000000089e+00,1.556250000000000000e+01,1.550773437500000007e+01
4.200000000000000178e+00,5.950927734375000000e+01,2.995000000000000107e+00,1.528999999999999915e+01,1.553234375000000078e+01
4.299999999999999822e+00,5.971069335937500000e+01,2.942499999999999893e+00,1.531500000000000128e+01,1.544101562500000036e+01
4.400000000000000355e+00,5.932617187500000000e+01,2.982499999999999929e+00,1.546999999999999886e+01,1.543937500000000007e+01
4.500000000000000000e+00,6.210937500000000000e+01,2.979999999999999982e+00,1.547250000000000014e+01,1.553453125000000057e+01
4.599999999999999645e+00,6.236572265625000000e+01,2.959999999999999964e+00,1.557250000000000156e+01,1.544265625000000064e+01
4.700000000000000178e+00,6.232910156250000000e+01,2.972500000000000142e+00,1.525000000000000000e+01,1.550445312500000128e+01
4.799999999999999822e+00,6.253051757812500000e+01,3.002499999999999947e+00,1.541250000000000142e+01,1.549187500000000028e+01
4.900000000000000355e+00,6.326293945312500000e+01,2.997500000000000053e+00,1.528750000000000142e+01,1.550718750000000057e+01
5.000000000000000000e+00,6.498413085937500000e+01,3.002499999999999947e+00,1.529500000000000171e+01,1.545632812500000064e+01
5.099999999999999645e+00,6.489257812500000000e+01,2.972500000000000142e+00,1.536500000000000199e+01,1.552687500000000043e+01
5.200000000000000178e+00,6.487426757812500000e+01,3.007499999999999840e+00,1.537249999999999872e+01,1.550062500000000121e+01
5.299999999999999822e+00,6.503906250000000000e+01,3.029999999999999805e+00,1.549249999999999972e+01,1.543773437500000156e+01
5.400000000000000355e+00,6.670532226562500000e+01,3.009999999999999787e+00,1.535249999999999915e+01,1.553945312500000142e+01
5.500000000000000000e+00,6.738281250000000000e+01,2.979999999999999982e+00,1.526999999999999957e+01,1.545742187500000142e+01
5.599999999999999645e+00,6.718139648437500000e+01,3.020000000000000018e+00,1.537249999999999872e+01,1.550445312500000128e+01
5.700000000000000178e+00,6.719970703125000000e+01,3.017500000000000071e+00,1.530750000000000099e+01,1.556625000000000014e+01
5.799999999999999822e+00,6.895751953125000000e+01,3.012500000000000178e+00,1.550000000000000000e+01,1.548203125000000036e+01
5.900000000000000355e+00,6.901245117187500000e+01,3.035000000000000142e+00,1.530250000000000199e+01,1.550007812499999993e+01
6.000000000000000000e+00,6.947021484375000000e+01,3.027499999999999858e+00,1.537249999999999872e+01,1.550554687500000028e+01
6.099999999999999645e+00,6.928710937500000000e+01,2.997500000000000053e+00,1.542999999999999972e+01,1.554437500000000050e+01
6.200000000000000178e+00,6.967163085937500000e+01,2.990000000000000213e+00,1.528500000000000014e+01,1.550828125000000135e+01
6.299999999999999822e+00,7.141113281250000000e+01,3.002499999999999947e+00,1.526999999999999957e+01,1.551539062500000021e+01
6.400000000000000355e+00,7.098999023437500000e+01,3.029999999999999805e+00,1.533749999999999858e+01,1.551429687500000121e+01
6.500000000000000000e+00,7.146606445312500000e+01,3.032500000000000195e+00,1.521249999999999858e+01,1.554109374999999993e+01
6.599999999999999645e+00,7.126464843750000000e+01,3.024999999999999911e+00,1.544249999999999901e+01,1.549296875000000107e+01
6.700000000000000178e+00,7.296752929687500000e+01,3.037500000000000089e+00,1.530750000000000099e+01,1.547273437499999993e+01
6.799999999999999822e+00,7.337036132812500000e+01,3.040000000000000036e+00,1.546249999999999858e+01,1.549242187500000156e+01
6.900000000000000355e+00,7.291259765625000000e+01,3.022499999999999964e+00,1.525750000000000028e+01,1.554109374999999993e+01
7.000000000000000000e+00,7.337036132812500000e+01,3.042499999999999982e+00,1.565749999999999886e+01,1.552414062500000114e+01
7.099999999999999645e+00,7.423095703125000000e+01,3.047499999999999876e+00,1.546249999999999858e+01,1.551593750000000149e+01
7.200000000000000178e+00,7.498168945312500000e+01,3.077500000000000124e+00,1.534250000000000114e+01,1.552250000000000085e+01
7.299999999999999822e+00,7.518310546875000000e+01,3.052500000000000213e+00,1.532000000000000028e+01,1.551593750000000149e+01
7.400000000000000355e+00,7.470703125000000000e+01,3.044999999999999929e+00,1.518750000000000000e+01,1.546453125000000028e+01
7.500000000000000000e+00,7.520141601562500000e+01,3.075000000000000178e+00,1.521999999999999886e+01,1.548257812500000163e+01
7.599999999999999645e+00,7.662963867187500000e+01,3.072499999999999787e+00,1.541250000000000142e+01,1.553289062500000028e+01
7.700000000000000178e+00,7.677612304687500000e+01,3.075000000000000178e+00,1.532250000000000156e+01,1.546945312500000114e+01
7.799999999999999822e+00,7.697753906250000000e+01,3.089999999999999858e+00,1.537000000000000099e+01,1.547546875000000099e+01
7.900000000000000355e+00,7.651977539062500000e+01,3.077500000000000124e+00,1.551249999999999929e+01,1.550664062500000107e+01
8.000000000000000000e+00,7.835083007812500000e+01,3.060000000000000053e+00,1.554250000000000043e+01,1.552906250000000021e+01
8.099999999999999645e+00,7.847900390625000000e+01,3.084999999999999964e+00,1.523750000000000071e+01,1.551210937500000142e+01
8.199999999999999289e+00,7.849731445312500000e+01,3.107499999999999929e+00,1.532250000000000156e+01,1.553726562500000163e+01
8.300000000000000711e+00,7.869873046875000000e+01,3.080000000000000071e+00,1.545500000000000185e+01,1.550828125000000135e+01
8.400000000000000355e+00,7.884521484375000000e+01,3.112499999999999822e+00,1.517500000000000071e+01,1.546726562500000135e+01
8.500000000000000000e+00,8.025512695312500000e+01,3.067499999999999893e+00,1.510750000000000171e+01,1.552031250000000107e+01
8.599999999999999645e+00,8.005371093750000000e+01,3.102500000000000036e+00,1.549249999999999972e+01,1.555695312500000149e+01
8.699999999999999289e+00,8.010864257812500000e+01,3.095000000000000195e+00,1.533249999999999957e+01,1.551976562500000156e+01
8.800000000000000711e+00,8.031005859375000000e+01,3.125000000000000000e+00,1.522749999999999915e+01,1.550718750000000057e+01
8.900000000000000355e+00,8.128051757812500000e+01,3.109999999999999876e+00,1.524749999999999872e+01,1.548968750000000050e+01
9.000000000000000000e+00,8.190307617187500000e+01,3.117500000000000160e+00,1.527749999999999986e+01,1.552414062500000114e+01
9.099999999999999645e+00,8.164672851562500000e+01,3.115000000000000213e+00,1.560249999999999915e+01,1.550281250000000099e+01
9.199999999999999289e+00,8.173828125000000000e+01,3.127499999999999947e+00,1.522749999999999915e+01,1.544812500000000099e+01
9.300000000000000711e+00,8.296508789062500000e+01,3.125000000000000000e+00,1.543250000000000099e+01,1.550882812500000085e+01
9.400000000000000355e+00,8.296508789062500000e+01,3.122500000000000053e+00,1.530499999999999972e+01,1.553617187500000085e+01
9.500000000000000000e+00,8.353271484375000000e+01,3.147499999999999964e+00,1.541000000000000014e+01,1.546726562500000135e+01
9.599999999999999645e+00,8.325805664062500000e+01,3.147499999999999964e+00,1.539250000000000185e+01,1.550445312500000128e+01
9.699999999999999289e+00,8.349609375000000000e+01,3.174999999999999822e+00,1.524749999999999872e+01,1.551046875000000114e+01
9.800000000000000711e+00,8.505249023437500000e+01,3.147499999999999964e+00,1.533749999999999858e+01,1.550335937500000050e+01
9.900000000000000355e+00,8.459472656250000000e+01,3.157500000000000195e+00,1.508000000000000185e+01,1.552960937500000149e+01
1.000000000000000000e+01,8.514404296875000000e+01,3.169999999999999929e+00,1.529250000000000043e+01,1.547437500000000021e+01
1.009999999999999964e+01,8.485107421875000000e+01,3.145000000000000018e+00,1.535500000000000043e+01,1.552632812500000092e+01
1.019999999999999929e+01,8.616943359375000000e+01,3.052500000000000213e+00,1.513250000000000028e+01,1.547164062500000092e+01
1.030000000000000071e+01,8.662719726562500000e+01,3.127499999999999947e+00,1.538749999999999929e+01,1.548476562500000142e+01
1.040000000000000036e+01,8.613281250000000000e+01,3.167499999999999982e+00,1.521499999999999986e+01,1.548148437500000085e+01
1.050000000000000000e+01,8.662719726562500000e+01,3.174999999999999822e+00,1.515249999999999986e+01,1.549898437500000092e+01
1.059999999999999964e+01,8.703002929687500000e+01,3.185000000000000053e+00,1.530000000000000071e+01,1.549078125000000128e+01
1.069999999999999929e+01,8.790893554687500000e+01,3.169999999999999929e+00,1.538250000000000028e+01,1.555203125000000064e+01
1.080000000000000071e+01,8.811035156250000000e+01,3.187500000000000000e+00,1.552250000000000085e+01,1.552414062500000114e+01
1.090000000000000036e+01,8.761596679687500000e+01,3.167499999999999982e+00,1.530750000000000099e+01,1.553835937500000064e+01
1.100000000000000000e+01,8.814697265625000000e+01,3.194999999999999840e+00,1.526750000000000185e+01,1.550773437500000007e+01
1.109999999999999964e+01,8.913574218750000000e+01,3.202500000000000124e+00,1.539000000000000057e+01,1.552468750000000064e+01
1.119999999999999929e+01,8.933715820312500000e+01,3.212499999999999911e+00,1.535999999999999943e+01,1.550062500000000121e+01
1.130000000000000071e+01,8.953857421875000000e+01,3.185000000000000053e+00,1.528249999999999886e+01,1.547656250000000000e+01
1.140000000000000036e+01,8.900756835937500000e+01,3.192499999999999893e+00,1.528750000000000142e+01,1.550390625000000000e+01
1.150000000000000000e+01,9.067382812500000000e+01,3.192499999999999893e+00,1.546249999999999858e+01,1.548859375000000149e+01
1.159999999999999964e+01,9.071044921875000000e+01,3.165000000000000036e+00,1.522500000000000142e+01,1.552632812500000092e+01
1.169999999999999929e+01,9.080200195312500000e+01,3.207500000000000018e+00,1.549749999999999872e+01,1.551812500000000128e+01
1.180000000000000071e+01,9.102172851562500000e+01,3.212499999999999911e+00,1.530999999999999872e+01,1.547164062500000092e+01
1.190000000000000036e+01,9.093017578125000000e+01,3.217499999999999805e+00,1.527749999999999986e+01,1.552195312500000135e+01
1.200000000000000000e+01,9.244995117187500000e+01,3.209999999999999964e+00,1.525750000000000028e+01,1.554437500000000050e+01
1.209999999999999964e+01,9.213867187500000000e+01,3.217499999999999805e+00,1.533249999999999957e+01,1.552304687500000036e+01
1.219999999999999929e+01,9.223022460937500000e+01,3.217499999999999805e+00,1.539999999999999858e+01,1.551539062500000021e+01
1.230000000000000071e+01,9.246826171875000000e+01,3.247500000000000053e+00,1.520250000000000057e+01,1.544812500000000099e+01
1.240000000000000036e+01,9.325561523437500000e+01,3.234999999999999876e+00,1.541250000000000142e+01,1.551429687500000121e+01
1.250000000000000000e+01,9.398803710937500000e+01,3.217499999999999805e+00,1.521499999999999986e+01,1.548367187500000064e+01
1.259999999999999964e+01,9.358520507812500000e+01,3.227500000000000036e+00,1.546249999999999858e+01,1.551374999999999993e+01
1.269999999999999929e+01,9.376831054687500000e+01,3.265000000000000124e+00,1.541250000000000142e+01,1.551593750000000149e+01
1.280000000000000071e+01,9.479370117187500000e+01,3.242500000000000160e+00,1.530000000000000071e+01,1.550773437500000007e+01
1.290000000000000036e+01,9.479370117187500000e+01,3.242500000000000160e+00,1.540749999999999886e+01,1.543664062500000078e+01
1.300000000000000000e+01,9.539794921875000000e+01,3.254999999999999893e+00,1.576000000000000156e+01,1.549898437500000092e+01
1.309999999999999964e+01,9.505004882812500000e+01,3.237499999999999822e+00,1.520749999999999957e+01,1.550828125000000135e+01
1.319999999999999929e+01,9.521484375000000000e+01,3.247500000000000053e+00,1.519500000000000028e+01,1.556789062500000043e+01
1.330000000000000071e+01,9.667968750000000000e+01,3.287500000000000089e+00,1.533999999999999986e+01,1.555750000000000099e+01
1.340000000000000036e+01,9.624023437500000000e+01,3.274999999999999911e+00,1.554250000000000043e+01,1.547656250000000000e+01
1.350000000000000000e+01,9.678955078125000000e+01,3.265000000000000124e+00,1.555750000000000099e+01,1.554492187500000000e+01
1.359999999999999964e+01,9.640502929687500000e+01,3.270000000000000018e+00,1.521499999999999986e+01,1.545578125000000114e+01
1.369999999999999929e+01,9.779663085937500000e+01,3.277499999999999858e+00,1.524749999999999872e+01,1.551484375000000071e+01
1.380000000000000071e+01,9.823608398437500000e+01,3.302500000000000213e+00,1.537750000000000128e+01,1.547765625000000078e+01
1.390000000000000036e+01,9.774169921875000000e+01,3.267500000000000071e+00,1.542000000000000171e+01,1.550171875000000021e+01
1.400000000000000000e+01,9.830932617187500000e+01,3.302500000000000213e+00,1.539999999999999858e+01,1.550500000000000078e+01
1.409999999999999964e+01,9.854736328125000000e+01,3.319999999999999840e+00,1.532000000000000028e+01,1.550007812499999993e+01
1.419999999999999929e+01,9.944458007812500000e+01,3.302500000000000213e+00,1.528500000000000014e+01,1.549078125000000128e+01
1.430000000000000071e+01,9.962768554687500000e+01,3.299999999999999822e+00,1.533999999999999986e+01,1.550500000000000078e+01
1.440000000000000036e+01,9.911499023437500000e+01,3.285000000000000142e+00,1.552250000000000085e+01,1.545195312500000107e+01
1.450000000000000000e+01,9.971923828125000000e+01,3.292499999999999982e+00,1.568750000000000000e+01,1.551921875000000028e+01
1.459999999999999964e+01,1.005981445312500000e+02,3.280000000000000249e+00,1.524749999999999872e+01,1.545414062500000085e+01
1.469999999999999929e+01,1.008728027343750000e+02,3.302500000000000213e+00,1.549249999999999972e+01,1.552031250000000107e+01
1.480000000000000071e+01,1.010375976562500000e+02,3.319999999999999840e+00,1.541000000000000014e+01,1.552031250000000107e+01
1.490000000000000036e+01,1.005432128906250000e+02,3.310000000000000053e+00,1.537000000000000099e+01,1.550882812500000085e+01
1.500000000000000000e+01,1.021362304687500000e+02,3.312500000000000000e+00,1.525000000000000000e+01,1.548968750000000050e+01
1.509999999999999964e+01,1.020996093750000000e+02,3.342500000000000249e+00,1.536250000000000071e+01,1.544976562500000128e+01
1.519999999999999929e+01,1.022644042968750000e+02,3.325000000000000178e+00,1.522749999999999915e+01,1.548585937500000043e+01
1.530000000000000071e+01,1.024291992187500000e+02,3.352500000000000036e+00,1.537249999999999872e+01,1.549187500000000028e+01
1.540000000000000036e+01,1.021911621093750000e+02,3.334999999999999964e+00,1.517750000000000199e+01,1.548585937500000043e+01
1.550000000000000000e+01,1.038391113281250000e+02,3.342500000000000249e+00,1.544249999999999901e+01,1.553507812500000007e+01
1.559999999999999964e+01,1.035278320312500000e+02,3.319999999999999840e+00,1.532000000000000028e+01,1.554382812500000099e+01
1.569999999999999929e+01,1.037109375000000000e+02,3.339999999999999858e+00,1.546249999999999858e+01,1.547382812500000071e+01
1.580000000000000071e+01,1.038391113281250000e+02,3.354999999999999982e+00,1.548250000000000171e+01,1.550062500000000121e+01
1.590000000000000036e+01,1.033264160156250000e+02,3.379999999999999893e+00,1.550250000000000128e+01,1.548585937500000043e+01
1.600000000000000000e+01,1.039123535156250000e+02,-4.375000000000017764e-03,1.535249999999999915e+01,-3.335937500000074607e-02
1.610000000000000142e+01,1.034912109375000000e+02,3.812499999999996447e-02,1.531749999999999901e+01,-9.187500000000081712e-02
1.619999999999999929e+01,1.037292480468750000e+02,2.312499999999984013e-02,1.521750000000000114e+01,-4.265625000000028422e-02
1.630000000000000071e+01,1.038208007812500000e+02,3.312500000000007105e-02,1.521499999999999986e+01,-5.906250000000046185e-02
1.639999999999999858e+01,1.033081054687500000e+02,2.562499999999978684e-02,1.541499999999999915e+01,-4.156250000000039080e-02
1.650000000000000000e+01,1.039123535156250000e+02,5.812499999999998224e-02,1.523250000000000171e+01,-2.296875000000042633e-02
1.660000000000000142e+01,1.034729003906250000e+02,3.312500000000007105e-02,1.546249999999999858e+01,-4.265625000000028422e-02
1.669999999999999929e+01,1.036926269531250000e+02,3.312500000000007105e-02,1.553999999999999915e+01,-7.820312500000081712e-02
1.680000000000000071e+01,1.036376953125000000e+02,6.562499999999982236e-02,1.510500000000000043e+01,-6.289062500000053291e-02
1.689999999999999858e+01,1.031066894531250000e+02,6.312499999999987566e-02,1.530250000000000199e+01,-6.453125000000081712e-02
1.700000000000000000e+01,1.037109375000000000e+02,3.562500000000001776e-02,1.528249999999999886e+01,-5.031250000000042633e-02
1.710000000000000142e+01,1.032897949218750000e+02,4.812499999999975131e-02,1.558000000000000185e+01,-2.570312500000060396e-02
1.719999999999999929e+01,1.019531250000000000e+02,2.562499999999978684e-02,1.533000000000000185e+01,-2.898437500000028422e-02
1.730000000000000071e+01,1.017883300781250000e+02,1.562500000000000000e-02,1.537249999999999872e+01,-1.312500000000049738e-02
1.739999999999999858e+01,1.012207031250000000e+02,1.312500000000005329e-02,1.536250000000000071e+01,-3.664062500000042633e-02
1.750000000000000000e+01,1.018432617187500000e+02,2.062499999999989342e-02,1.522500000000000142e+01,-3.171875000000046185e-02
1.760000000000000142e+01,1.001403808593750000e+02,6.062499999999992895e-02,1.540249999999999986e+01,-6.125000000000024869e-02
1.769999999999999929e+01,9.840087890625000000e+01,1.562500000000000000e-02,1.530999999999999872e+01,-7.492187500000024869e-02
1.780000000000000071e+01,9.847412109375000000e+01,3.812499999999996447e-02,1.555000000000000071e+01,6.562499999999360512e-03
1.789999999999999858e+01,9.788818359375000000e+01,3.312500000000007105e-02,1.530000000000000071e+01,-6.726562500000099476e-02
1.800000000000000000e+01,9.851074218750000000e+01,3.124999999999822364e-03,1.562249999999999872e+01,-4.539062500000046185e-02
1.810000000000000142e+01,9.417114257812500000e+01,2.312499999999984013e-02,1.521999999999999886e+01,-6.890625000000039080e-02
1.819999999999999929e+01,9.398803710937500000e+01,6.562499999999982236e-02,1.534250000000000114e+01,-2.843750000000078160e-02
1.830000000000000071e+01,9.415283203125000000e+01,5.062500000000014211e-02,1.500000000000000000e+01,-6.015625000000746070e-03
1.839999999999999858e+01,9.364013671875000000e+01,1.562500000000000000e-02,1.529500000000000171e+01,-8.914062500000063949e-02
1.850000000000000000e+01,9.147949218750000000e+01,2.062499999999989342e-02,1.552250000000000085e+01,-5.195312500000071054e-02
1.860000000000000142e+01,9.021606445312500000e+01,1.562500000000000000e-02,1.544999999999999929e+01,-3.445312500000063949e-02
1.869999999999999929e+01,9.027099609375000000e+01,5.062500000000014211e-02,1.502250000000000085e+01,-1.585937500000067502e-02
1.880000000000000071e+01,9.043579101562500000e+01,1.312500000000005329e-02,1.535000000000000142e+01,-3.500000000000103029e-02
1.889999999999999858e+01,8.959350585937500000e+01,3.312500000000007105e-02,1.530750000000000099e+01,-4.046875000000049738e-02
1.900000000000000000e+01,8.757934570312500000e+01,2.562499999999978684e-02,1.510000000000000142e+01,-2.679687500000049738e-02
1.910000000000000142e+01,8.713989257812500000e+01,6.812499999999976907e-02,1.512000000000000099e+01,-5.304687500000060396e-02
1.919999999999999929e+01,8.724975585937500000e+01,4.312499999999985789e-02,1.516750000000000043e+01,-4.046875000000049738e-02
1.930000000000000071e+01,8.739624023437500000e+01,2.812499999999973355e-02,1.535750000000000171e+01,-6.125000000000024869e-02
1.939999999999999858e+01,8.488769531250000000e+01,2.312499999999984013e-02,1.536250000000000071e+01,-1.695312500000056843e-02
1.950000000000000000e+01,8.507080078125000000e+01,5.812499999999998224e-02,1.540249999999999986e+01,-3.226562500000085265e-02
1.960000000000000142e+01,8.475952148437500000e+01,8.124999999999715783e-03,1.525499999999999901e+01,-2.351562500000081712e-02
1.969999999999999929e+01,8.486938476562500000e+01,5.812499999999998224e-02,1.547250000000000014e+01,8.203124999999644729e-03
1.980000000000000071e+01,8.395385742187500000e+01,4.812499999999975131e-02,1.523750000000000071e+01,-4.210937500000078160e-02
1.989999999999999858e+01,8.256225585937500000e+01,2.562499999999978684e-02,1.540249999999999986e+01,1.148437499999932498e-02
2.000000000000000000e+01,8.303833007812500000e+01,3.562500000000001776e-02,1.546999999999999886e+01,-8.203125000000532907e-03
2.010000000000000142e+01,8.278198242187500000e+01,3.312500000000007105e-02,1.524500000000000099e+01,-3.992187500000099476e-02
2.019999999999999929e+01,8.285522460937500000e+01,1.562500000000000000e-02,1.530750000000000099e+01,-1.695312500000056843e-02
2.030000000000000071e+01,8.133544921875000000e+01,1.812499999999994671e-02,1.519500000000000028e+01,-6.835937500000088818e-02
2.039999999999999858e+01,8.074951171875000000e+01,5.624999999999769074e-03,1.533999999999999986e+01,-4.484375000000095923e-02
2.050000000000000000e+01,8.124389648437500000e+01,3.562500000000001776e-02,1.545250000000000057e+01,1.749999999999918288e-02
2.060000000000000142e+01,8.095092773437500000e+01,6.249999999998756550e-04,1.523499999999999943e+01,-6.343750000000092371e-02
2.069999999999999929e+01,7.979736328125000000e+01,1.312500000000005329e-02,1.560500000000000043e+01,-2.734375000001065814e-03
2.080000000000000071e+01,7.961425781250000000e+01,2.812499999999973355e-02,1.528999999999999915e+01,-6.070312500000074607e-02
2.089999999999999858e+01,7.910156250000000000e+01,2.312499999999984013e-02,1.515249999999999986e+01,-2.734375000000088818e-02
2.100000000000000000e+01,7.961425781250000000e+01,4.312499999999985789e-02,1.526000000000000156e+01,-5.085937500000081712e-02
2.110000000000000142e+01,7.893676757812500000e+01,1.312500000000005329e-02,1.553249999999999886e+01,-5.140625000000031974e-02
2.119999999999999929e+01,7.809448242187500000e+01,4.812499999999975131e-02,1.561250000000000071e+01,-4.429687500000056843e-02
2.130000000000000071e+01,7.822265625000000000e+01,1.312500000000005329e-02,1.546000000000000085e+01,-7.437500000000074607e-02
2.139999999999999858e+01,7.772827148437500000e+01,2.812499999999973355e-02,1.533249999999999957e+01,-7.492187500000024869e-02
2.150000000000000000e+01,7.820434570312500000e+01,2.312499999999984013e-02,1.553249999999999886e+01,-7.109375000000639488e-03
2.160000000000000142e+01,7.690429687500000000e+01,5.062500000000014211e-02,1.542249999999999943e+01,-1.531250000000028422e-02
2.169999999999999929e+01,7.683105468750000000e+01,6.062499999999992895e-02,1.519750000000000156e+01,-2.515625000000110134e-02
2.180000000000000071e+01,7.701416015625000000e+01,4.812499999999975131e-02,1.550250000000000128e+01,-1.695312500000056843e-02
2.189999999999999858e+01,7.653808593750000000e+01,3.062500000000012434e-02,1.528750000000000142e+01,-1.695312500000056843e-02
2.200000000000000000e+01,7.633666992187500000e+01,2.562499999999978684e-02,1.517750000000000199e+01,-6.617187500000110134e-02
2.210000000000000142e+01,7.567749023437500000e+01,8.124999999999715783e-03,1.525750000000000028e+01,-4.648437500000035527e-02
2.219999999999999929e+01,7.571411132812500000e+01,6.062499999999992895e-02,1.537000000000000099e+01,-1.968750000000074607e-02
2.230000000000000071e+01,7.587890625000000000e+01,4.312499999999985789e-02,1.528750000000000142e+01,-5.359375000000099476e-02
2.239999999999999858e+01,7.542114257812500000e+01,3.562500000000001776e-02,1.530000000000000071e+01,-5.140625000000031974e-02
2.250000000000000000e+01,7.481689453125000000e+01,4.312499999999985789e-02,1.557750000000000057e+01,-6.398437500000042633e-02
2.260000000000000142e+01,7.454223632812500000e+01,2.062499999999989342e-02,1.548499999999999943e+01,-7.218750000000095923e-02
2.269999999999999929e+01,7.459716796875000000e+01,6.812499999999976907e-02,1.533749999999999858e+01,-7.546875000000063949e-02
2.280000000000000071e+01,7.479858398437500000e+01,3.562500000000001776e-02,1.536250000000000071e+01,-1.312500000000049738e-02
2.289999999999999858e+01,7.351684570312500000e+01,4.562499999999980460e-02,1.541000000000000014e+01,-3.609375000000092371e-02
2.300000000000000000e+01,7.379150390625000000e+01,7.562500000000005329e-02,1.554250000000000043e+01,-7.492187500000024869e-02
2.310000000000000142e+01,7.357177734375000000e+01,4.812499999999975131e-02,1.564750000000000085e+01,-4.156250000000039080e-02
2.319999999999999929e+01,7.359008789062500000e+01,5.624999999999769074e-03,1.515749999999999886e+01,-2.078125000000063949e-02
2.330000000000000071e+01,7.348022460937500000e+01,4.062499999999991118e-02,1.556749999999999901e+01,-2.023437500000024869e-02
2.339999999999999858e+01,7.247314453125000000e+01,4.312499999999985789e-02,1.521499999999999986e+01,-4.976562500000092371e-02
2.350000000000000000e+01,7.289428710937500000e+01,2.312499999999984013e-02,1.533249999999999957e+01,-6.343750000000092371e-02
2.360000000000000142e+01,7.269287109375000000e+01,2.312499999999984013e-02,1.561250000000000071e+01,-4.539062500000046185e-02
2.369999999999999929e+01,7.271118164062500000e+01,6.062499999999992895e-02,1.545250000000000057e+01,1.640624999999396039e-03
2.380000000000000071e+01,7.208862304687500000e+01,3.562500000000001776e-02,1.533749999999999858e+01,-2.406250000000031974e-02
2.389999999999999858e+01,7.152099609375000000e+01,2.562499999999978684e-02,1.528999999999999915e+01,-4.976562500000092371e-02
2.400000000000000000e+01,7.203369140625000000e+01,5.562500000000003553e-02,1.521000000000000085e+01,-4.429687500000056843e-02
2.410000000000000142e+01,7.181396484375000000e+01,4.312499999999985789e-02,1.552250000000000085e+01,-6.289062500000053291e-02
2.419999999999999929e+01,7.124633789062500000e+01,4.062499999999991118e-02,1.536250000000000071e+01,-5.085937500000081712e-02
2.430000000000000071e+01,7.115478515625000000e+01,5.562500000000003553e-02,1.539000000000000057e+01,-4.156250000000039080e-02
2.439999999999999858e+01,7.075195312500000000e+01,3.312500000000007105e-02,1.525250000000000128e+01,-6.015625000000035527e-02
2.450000000000000000e+01,7.115478515625000000e+01,1.812499999999994671e-02,1.549249999999999972e+01,-5.578125000000078160e-02
2.460000000000000142e+01,7.089843750000000000e+01,6.062499999999992895e-02,1.562750000000000128e+01,-2.898437500000028422e-02
2.469999999999999929e+01,7.016601562500000000e+01,2.312499999999984013e-02,1.530750000000000099e+01,-4.210937500000078160e-02
2.480000000000000071e+01,7.027587890625000000e+01,5.812499999999998224e-02,1.536749999999999972e+01,-4.484375000000095923e-02
2.489999999999999858e+01,6.983642578125000000e+01,3.312500000000007105e-02,1.539250000000000185e+01,8.203124999999644729e-03
2.500000000000000000e+01,7.029418945312500000e+01,7.062500000000015987e-02,1.551249999999999929e+01,2.187499999998898659e-03
2.510000000000000142e+01,6.947021484375000000e+01,2.562499999999978684e-02,1.551249999999999929e+01,-3.171875000000046185e-02
2.519999999999999929e+01,6.937866210937500000e+01,1.312500000000005329e-02,1.524500000000000099e+01,-8.585937500000095923e-02
2.530000000000000071e+01,6.954345703125000000e+01,3.062500000000012434e-02,1.555000000000000071e+01,-6.015625000000746070e-03
2.539999999999999858e+01,6.914062500000000000e+01,4.062499999999991118e-02,1.533999999999999986e+01,-1.257812500000099476e-02
2.550000000000000000e+01,6.921386718750000000e+01,5.812499999999998224e-02,1.523250000000000171e+01,-1.110156250000002842e-01
2.560000000000000142e+01,6.855468750000000000e+01,4.575000000000000178e-01,1.558749999999999858e+01,-2.625000000000099476e-02
2.569999999999999929e+01,6.860961914062500000e+01,1.312500000000005329e-02,1.546999999999999886e+01,-5.468750000000088818e-02
2.580000000000000071e+01,6.877441406250000000e+01,2.562499999999978684e-02,1.536250000000000071e+01,-4.921875000000053291e-02
2.589999999999999858e+01,6.833496093750000000e+01,2.812499999999973355e-02,1.532000000000000028e+01,-4.757812500000024869e-02
2.600000000000000000e+01,6.813354492187500000e+01,3.562500000000001776e-02,1.556250000000000000e+01,-2.679687500000049738e-02
2.610000000000000142e+01,6.789550781250000000e+01,1.812499999999994671e-02,1.536250000000000071e+01,-3.062500000000056843e-02
2.619999999999999929e+01,6.789550781250000000e+01,1.562500000000000000e-02,1.537249999999999872e+01,-3.882812500000110134e-02
2.630000000000000071e+01,6.807861328125000000e+01,4.312499999999985789e-02,1.550000000000000000e+01,-8.881784197001252323e-16
2.639999999999999858e+01,6.710815429687500000e+01,2.062499999999989342e-02,1.515249999999999986e+01,-9.296875000000426326e-03
2.650000000000000000e+01,6.723632812500000000e+01,2.312499999999984013e-02,1.530999999999999872e+01,-3.992187500000099476e-02
2.660000000000000142e+01,6.708984375000000000e+01,3.562500000000001776e-02,1.519500000000000028e+01,-2.734375000000088818e-02
2.669999999999999929e+01,6.708984375000000000e+01,3.312500000000007105e-02,1.553000000000000114e+01,-5.906250000000046185e-02
2.680000000000000071e+01,6.721801757812500000e+01,6.812499999999976907e-02,1.510750000000000171e+01,3.773437499999943157e-02
2.689999999999999858e+01,6.619262695312500000e+01,1.562500000000000000e-02,1.524249999999999972e+01,-1.099218750000003908e-01
2.700000000000000000e+01,6.655883789062500000e+01,2.062499999999989342e-02,1.562249999999999872e+01,-2.187500000000053291e-02
2.710000000000000142e+01,6.639404296875000000e+01,6.062499999999992895e-02,1.524500000000000099e+01,3.281249999999680256e-03
2.719999999999999929e+01,6.639404296875000000e+01,5.312500000000008882e-02,1.519500000000000028e+01,-1.055468750000008171e-01
2.730000000000000071e+01,6.606445312500000000e+01,3.062500000000012434e-02,1.528000000000000114e+01,-3.171875000000046185e-02
2.739999999999999858e+01,6.555175781250000000e+01,1.562500000000000000e-02,1.535750000000000171e+01,-2.570312500000060396e-02
2.750000000000000000e+01,6.600952148437500000e+01,2.062499999999989342e-02,1.536250000000000071e+01,-4.757812500000024869e-02
2.760000000000000142e+01,6.578979492187500000e+01,1.924999999999998934e-01,1.536250000000000071e+01,-1.148437500000110134e-02
2.769999999999999929e+01,6.547851562500000000e+01,3.062500000000012434e-02,1.533000000000000185e+01,-1.367187500000088818e-02
2.780000000000000071e+01,6.525878906250000000e+01,5.812499999999998224e-02,1.564250000000000185e+01,-7.164062500000056843e-02
2.789999999999999858e+01,6.485595703125000000e+01,6.312499999999987566e-02,1.546499999999999986e+01,-5.687500000000067502e-02
2.800000000000000000e+01,6.525878906250000000e+01,2.812499999999973355e-02,1.551750000000000185e+01,-3.937500000000060396e-02
2.810000000000000142e+01,6.507568359375000000e+01,2.062499999999989342e-02,1.543250000000000099e+01,-5.906250000000046185e-02
2.819999999999999929e+01,6.456298828125000000e+01,4.562499999999980460e-02,1.528000000000000114e+01,-2.132812500000103029e-02
2.830000000000000071e+01,6.465454101562500000e+01,3.562500000000001776e-02,1.529250000000000043e+01,-6.945312500000078160e-02
2.839999999999999858e+01,6.423339843750000000e+01,4.062499999999991118e-02,1.544249999999999901e+01,-9.296875000000426326e-03
2.850000000000000000e+01,6.467285156250000000e+01,1.812499999999994671e-02,1.542249999999999943e+01,-4.046875000000049738e-02
2.860000000000000142e+01,6.401367187500000000e+01,2.312499999999984013e-02,1.530750000000000099e+01,1.148437499999932498e-02
2.869999999999999929e+01,6.386718750000000000e+01,2.312499999999984013e-02,1.549000000000000199e+01,-5.523437500000039080e-02
2.880000000000000071e+01,6.403198242187500000e+01,3.062500000000012434e-02,1.551249999999999929e+01,-5.742187500000106581e-02
2.889999999999999858e+01,6.362915039062500000e+01,2.562499999999978684e-02,1.530250000000000199e+01,-1.115625000000006750e-01
2.900000000000000000e+01,6.395874023437500000e+01,1.062500000000010658e-02,1.533999999999999986e+01,-3.882812500000110134e-02
2.910000000000000142e+01,6.328125000000000000e+01,2.812499999999973355e-02,1.556250000000000000e+01,-8.804687500000074607e-02
2.919999999999999929e+01,6.326293945312500000e+01,5.312500000000008882e-02,1.514000000000000057e+01,-1.246875000000002842e-01
2.930000000000000071e+01,6.346435546875000000e+01,-1.875000000000071054e-03,1.556250000000000000e+01,-8.203125000000088818e-02
2.939999999999999858e+01,6.304321289062500000e+01,4.062499999999991118e-02,1.519500000000000028e+01,-2.953125000000067502e-02
2.950000000000000000e+01,6.293334960937500000e+01,4.312499999999985789e-02,1.541750000000000043e+01,-4.976562500000092371e-02
2.960000000000000142e+01,6.265869140625000000e+01,5.812499999999998224e-02,1.535249999999999915e+01,-7.820312500000081712e-02
2.969999999999999929e+01,6.265869140625000000e+01,4.562499999999980460e-02,1.530499999999999972e+01,-4.976562500000092371e-02
2.980000000000000071e+01,6.282348632812500000e+01,3.562500000000001776e-02,1.537999999999999901e+01,-6.398437500000042633e-02
2.989999999999999858e+01,6.212768554687500000e+01,2.312499999999984013e-02,1.525750000000000028e+01,-1.121093750000010658e-01
3.000000000000000000e+01,6.227416992187500000e+01,3.062500000000012434e-02,1.535999999999999943e+01,-5.140625000000031974e-02
3.010000000000000142e+01,6.207275390625000000e+01,4.562499999999980460e-02,1.510500000000000043e+01,-1.192187500000008171e-01
3.019999999999999929e+01,6.207275390625000000e+01,2.812499999999973355e-02,1.524500000000000099e+01,-6.289062500000053291e-02
3.030000000000000071e+01,6.227416992187500000e+01,2.812499999999973355e-02,1.521499999999999986e+01,-2.023437500000024869e-02
3.039999999999999858e+01,6.126708984375000000e+01,6.062499999999992895e-02,1.530250000000000199e+01,9.843749999999040767e-03
3.050000000000000000e+01,6.168823242187500000e+01,4.062499999999991118e-02,1.530999999999999872e+01,-4.156250000000039080e-02
3.060000000000000142e+01,6.148681640625000000e+01,2.812499999999973355e-02,1.521499999999999986e+01,-4.156250000000039080e-02
3.069999999999999929e+01,6.148681640625000000e+01,6.062499999999992895e-02,1.523750000000000071e+01,-9.843750000000817124e-03
3.080000000000000071e+01,6.124877929687500000e+01,4.312499999999985789e-02,1.524000000000000199e+01,-1.476562500000078160e-02
3.089999999999999858e+01,6.075439453125000000e+01,4.562499999999980460e-02,1.548250000000000171e+01,-8.585937500000095923e-02
3.100000000000000000e+01,6.112060546875000000e+01,4.062499999999991118e-02,1.528000000000000114e+01,-3.992187500000099476e-02
3.110000000000000142e+01,6.091918945312500000e+01,3.312500000000007105e-02,1.558249999999999957e+01,-6.289062500000053291e-02
3.119999999999999929e+01,6.088256835937500000e+01,1.812499999999994671e-02,1.558749999999999858e+01,-5.031250000000042633e-02
3.130000000000000071e+01,6.066284179687500000e+01,4.812499999999975131e-02,1.549000000000000199e+01,-9.296875000000426326e-03
3.139999999999999858e+01,6.022338867187500000e+01,2.312499999999984013e-02,1.529749999999999943e+01,-4.046875000000049738e-02
3.150000000000000000e+01,6.060791015625000000e+01,5.312500000000008882e-02,1.544750000000000156e+01,-3.226562500000085265e-02
3.160000000000000142e+01,6.042480468750000000e+01,3.062500000000012434e-02,1.538749999999999929e+01,-5.742187500000106581e-02
3.169999999999999929e+01,5.993041992187500000e+01,1.812499999999994671e-02,1.532250000000000156e+01,-7.000000000000028422e-02
3.180000000000000071e+01,6.000366210937500000e+01,5.562500000000003553e-02,1.543250000000000099e+01,-3.828125000000959233e-03
3.189999999999999858e+01,5.963745117187500000e+01,3.562500000000001776e-02,1.528000000000000114e+01,-3.828125000000071054e-02
3.200000000000000000e+01,6.002197265625000000e+01,1.562500000000000000e-02,1.535999999999999943e+01,-1.039062500000031974e-02
3.210000000000000142e+01,5.963745117187500000e+01,2.312499999999984013e-02,1.528750000000000142e+01,-2.625000000000099476e-02
3.220000000000000284e+01,5.947265625000000000e+01,5.562500000000003553e-02,1.534750000000000014e+01,-8.531250000000056843e-02
3.229999999999999716e+01,5.965576171875000000e+01,6.062499999999992895e-02,1.553000000000000114e+01,-6.125000000000024869e-02
3.239999999999999858e+01,5.923461914062500000e+01,1.562500000000000000e-02,1.520749999999999957e+01,-5.304687500000060396e-02
3.250000000000000000e+01,5.965576171875000000e+01,3.312500000000007105e-02,1.537249999999999872e+01,-4.156250000000039080e-02
3.260000000000000142e+01,5.894165039062500000e+01,3.812499999999996447e-02,1.546249999999999858e+01,-2.679687500000049738e-02
3.270000000000000284e+01,5.888671875000000000e+01,1.812499999999994671e-02,1.543250000000000099e+01,-4.976562500000092371e-02
3.279999999999999716e+01,5.905151367187500000e+01,2.062499999999989342e-02,1.539999999999999858e+01,-6.070312500000074607e-02
3.289999999999999858e+01,5.861206054687500000e+01,5.812499999999998224e-02,1.540500000000000114e+01,-3.828125000000959233e-03
3.300000000000000000e+01,5.872192382812500000e+01,4.562499999999980460e-02,1.538500000000000156e+01,-5.578125000000078160e-02
3.310000000000000142e+01,5.850219726562500000e+01,1.562500000000000000e-02,1.518750000000000000e+01,-2.242187500000092371e-02
3.320000000000000284e+01,5.848388671875000000e+01,6.812499999999976907e-02,1.545749999999999957e+01,-7.000000000000028422e-02
3.329999999999999716e+01,5.863037109375000000e+01,5.562500000000003553e-02,1.573750000000000071e+01,-5.687500000000067502e-02
3.339999999999999858e+01,5.808105468750000000e+01,6.312499999999987566e-02,1.535249999999999915e+01,-1.640625000000284217e-03
3.350000000000000000e+01,5.817260742187500000e+01,5.062500000000014211e-02,1.546750000000000114e+01,-6.671875000000060396e-02
3.360000000000000142e+01,5.798950195312500000e+01,4.312499999999985789e-02,1.519000000000000128e+01,-8.203125000000088818e-02
3.370000000000000284e+01,5.797119140625000000e+01,4.062499999999991118e-02,1.533999999999999986e+01,-2.679687500000049738e-02
3.379999999999999716e+01,5.815429687500000000e+01,6.812499999999976907e-02,1.529749999999999943e+01,-1.640625000000106581e-02
3.389999999999999858e+01,5.733032226562500000e+01,2.562499999999978684e-02,1.530999999999999872e+01,-3.718750000000081712e-02
3.400000000000000000e+01,5.773315429687500000e+01,1.812499999999994671e-02,1.536250000000000071e+01,-3.554687500000053291e-02
3.410000000000000142e+01,5.756835937500000000e+01,3.312500000000007105e-02,1.532750000000000057e+01,-7.218750000000095923e-02
3.420000000000000284e+01,5.758666992187500000e+01,3.562500000000001776e-02,1.541250000000000142e+01,5.468749999995026201e-04
3.429999999999999716e+01,5.742187500000000000e+01,3.562500000000001776e-02,1.536250000000000071e+01,-6.179687500000063949e-02
3.439999999999999858e+01,5.685424804687500000e+01,5.062500000000014211e-02,1.539499999999999957e+01,-4.210937500000078160e-02
3.450000000000000000e+01,5.725708007812500000e+01,5.062500000000014211e-02,1.553000000000000114e+01,-5.851562500000095923e-02
3.460000000000000142e+01,5.709228515625000000e+01,5.562500000000003553e-02,1.554250000000000043e+01,-7.328125000000085265e-02
3.470000000000000284e+01,5.709228515625000000e+01,1.812499999999994671e-02,1.537249999999999872e+01,-7.656250000001030287e-03
3.479999999999999716e+01,5.685424804687500000e+01,2.562499999999978684e-02,1.546249999999999858e+01,-8.039062500000060396e-02
3.489999999999999858e+01,5.641479492187500000e+01,5.312500000000008882e-02,1.526999999999999957e+01,-1.312500000000049738e-02
3.500000000000000000e+01,5.683593750000000000e+01,3.562500000000001776e-02,1.534250000000000114e+01,-5.468750000003907985e-04
3.510000000000000142e+01,5.667114257812500000e+01,5.312500000000008882e-02,1.551999999999999957e+01,-2.515625000000110134e-02
3.520000000000000284e+01,5.625000000000000000e+01,3.562500000000001776e-02,1.551249999999999929e+01,-2.953125000000067502e-02
3.529999999999999716e+01,5.634155273437500000e+01,3.812499999999996447e-02,1.538749999999999929e+01,6.015624999998969713e-03
3.539999999999999858e+01,5.590209960937500000e+01,4.812499999999975131e-02,1.543499999999999872e+01,-8.421875000000067502e-02
3.550000000000000000e+01,5.630493164062500000e+01,3.062500000000012434e-02,1.544999999999999929e+01,-7.054687500000067502e-02
3.560000000000000142e+01,5.603027343750000000e+01,2.062499999999989342e-02,1.567750000000000199e+01,-5.031250000000042633e-02
3.570000000000000284e+01,5.575561523437500000e+01,5.062500000000014211e-02,1.539000000000000057e+01,-2.460937500000071054e-02
3.579999999999999716e+01,5.588378906250000000e+01,2.062499999999989342e-02,1.546750000000000114e+01,-2.789062500000039080e-02
3.589999999999999858e+01,5.551757812500000000e+01,3.562500000000001776e-02,1.554250000000000043e+01,-5.960937500000085265e-02
3.600000000000000000e+01,5.592041015625000000e+01,3.062500000000012434e-02,1.530499999999999972e+01,-5.687500000000067502e-02
3.610000000000000142e+01,5.542602539062500000e+01,8.062499999999994671e-02,1.530000000000000071e+01,-5.468750000000088818e-02
3.620000000000000284e+01,5.537109375000000000e+01,5.312500000000008882e-02,1.539250000000000185e+01,-4.101562500000088818e-02
3.629999999999999716e+01,5.551757812500000000e+01,6.562499999999982236e-02,1.539750000000000085e+01,-3.281250000000035527e-02
3.639999999999999858e+01,5.509643554687500000e+01,1.812499999999994671e-02,1.527499999999999858e+01,-6.179687500000063949e-02
3.650000000000000000e+01,5.526123046875000000e+01,3.312500000000007105e-02,1.531500000000000128e+01,-1.022656250000002487e-01
3.660000000000000142e+01,5.496826171875000000e+01,2.312499999999984013e-02,1.530750000000000099e+01,-2.515625000000110134e-02
3.670000000000000284e+01,5.500488281250000000e+01,4.062499999999991118e-02,1.549000000000000199e+01,-4.375000000000106581e-02
3.679999999999999716e+01,5.515136718750000000e+01,3.562500000000001776e-02,1.536749999999999972e+01,-2.515625000000110134e-02
3.689999999999999858e+01,5.476684570312500000e+01,1.562500000000000000e-02,1.527749999999999986e+01,-2.515625000000110134e-02
3.700000000000000000e+01,5.474853515625000000e+01,5.812499999999998224e-02,1.551750000000000185e+01,3.828124999999182876e-03
3.710000000000000142e+01,5.454711914062500000e+01,4.312499999999985789e-02,1.535249999999999915e+01,-4.539062500000046185e-02
3.720000000000000284e+01,5.458374023437500000e+01,1.062500000000010658e-02,1.524749999999999872e+01,-6.671875000000060396e-02
3.729999999999999716e+01,5.473022460937500000e+01,6.312499999999987566e-02,1.546249999999999858e+01,-1.859375000000085265e-02
3.739999999999999858e+01,5.410766601562500000e+01,2.312499999999984013e-02,1.530999999999999872e+01,-2.734375000000088818e-02
3.750000000000000000e+01,5.438232421875000000e+01,6.562499999999982236e-02,1.528750000000000142e+01,1.531249999999939604e-02
3.760000000000000142e+01,5.429077148437500000e+01,5.062500000000014211e-02,1.547250000000000014e+01,-1.257812500000099476e-02
3.770000000000000284e+01,5.427246093750000000e+01,9.687499999999982236e-02,1.519249999999999901e+01,-1.257812500000099476e-02
3.779999999999999716e+01,5.429077148437500000e+01,5.624999999999769074e-03,1.524249999999999972e+01,-6.453125000000081712e-02
3.789999999999999858e+01,5.363159179687500000e+01,2.812499999999973355e-02,1.545250000000000057e+01,-1.367187500000088818e-02
3.800000000000000000e+01,5.399780273437500000e+01,2.062499999999989342e-02,1.543250000000000099e+01,-4.375000000000106581e-02
3.810000000000000142e+01,5.386962890625000000e+01,5.062500000000014211e-02,1.530750000000000099e+01,-4.484375000000095923e-02
3.820000000000000284e+01,5.386962890625000000e+01,2.312499999999984013e-02,1.544249999999999901e+01,-5.031250000000042633e-02
3.829999999999999716e+01,5.370483398437500000e+01,6.250000000000088818e-03,1.571000000000000085e+01,-6.671875000000060396e-02
3.839999999999999858e+01,5.326538085937500000e+01,4.062499999999991118e-02,1.558999999999999986e+01,-2.734375000001065814e-03
3.850000000000000000e+01,5.361328125000000000e+01,3.062500000000012434e-02,1.517500000000000071e+01,-2.460937500000071054e-02
3.860000000000000142e+01,5.348510742187500000e+01,1.062500000000010658e-02,1.525000000000000000e+01,-5.578125000000078160e-02
3.870000000000000284e+01,5.326538085937500000e+01,2.562499999999978684e-02,1.535999999999999943e+01,-5.304687500000060396e-02
3.879999999999999716e+01,5.332031250000000000e+01,3.062500000000012434e-02,1.537500000000000000e+01,-1.575000000000006395e-01
3.889999999999999858e+01,5.291748046875000000e+01,3.562500000000001776e-02,1.539999999999999858e+01,-6.453125000000081712e-02
3.900000000000000000e+01,5.332031250000000000e+01,2.562499999999978684e-02,1.553249999999999886e+01,-3.390625000000024869e-02
3.910000000000000142e+01,5.317382812500000000e+01,5.062500000000014211e-02,1.515749999999999886e+01,1.585937499999889866e-02
3.920000000000000284e+01,5.286254882812500000e+01,7.312500000000010658e-02,1.534499999999999886e+01,-2.843750000000078160e-02
3.929999999999999716e+01,5.299072265625000000e+01,5.062500000000014211e-02,1.542249999999999943e+01,-2.187500000000053291e-02
3.939999999999999858e+01,5.266113281250000000e+01,4.562499999999980460e-02,1.572749999999999915e+01,-7.382812500000035527e-02
3.950000000000000000e+01,5.300903320312500000e+01,4.812499999999975131e-02,1.528999999999999915e+01,-5.960937500000085265e-02
3.960000000000000142e+01,5.255126953125000000e+01,3.062500000000012434e-02,1.553750000000000142e+01,-6.890625000000039080e-02
3.970000000000000284e+01,5.249633789062500000e+01,1.812499999999994671e-02,1.551249999999999929e+01,-6.289062500000053291e-02
3.979999999999999716e+01,5.260620117187500000e+01,2.062499999999989342e-02,1.554500000000000171e+01,-8.203125000000088818e-02
3.989999999999999858e+01,5.222167968750000000e+01,4.062499999999991118e-02,1.539499999999999957e+01,1.640624999999928946e-02
4.000000000000000000e+01,5.253295898437500000e+01,4.312499999999985789e-02,1.525000000000000000e+01,-4.320312500000067502e-02
4.010000000000000142e+01,5.216674804687500000e+01,5.312500000000008882e-02,1.534750000000000014e+01,-7.875000000000031974e-02
4.020000000000000284e+01,5.216674804687500000e+01,3.562500000000001776e-02,1.556250000000000000e+01,-3.773437500000031974e-02
4.029999999999999716e+01,5.231323242187500000e+01,2.312499999999984013e-02,1.533000000000000185e+01,1.148437499999932498e-02
4.039999999999999858e+01,5.194702148437500000e+01,5.062500000000014211e-02,1.559250000000000114e+01,1.093749999999005240e-03
4.050000000000000000e+01,5.229492187500000000e+01,5.062500000000014211e-02,1.526750000000000185e+01,-1.203125000000060396e-02
4.060000000000000142e+01,5.216674804687500000e+01,3.312500000000007105e-02,1.548250000000000171e+01,-2.078125000000063949e-02
4.070000000000000284e+01,5.216674804687500000e+01,7.062500000000015987e-02,1.533999999999999986e+01,1.640624999999396039e-03
4.079999999999999716e+01,5.229492187500000000e+01,3.062500000000012434e-02,1.542249999999999943e+01,-8.039062500000060396e-02
4.089999999999999858e+01,5.194702148437500000e+01,3.312500000000007105e-02,1.533999999999999986e+01,-8.859375000000024869e-02
4.100000000000000000e+01,5.233154296875000000e+01,3.212499999999999911e+00,1.534250000000000114e+01,1.685523437500000199e+01
4.110000000000000142e+01,5.214843750000000000e+01,2.867500000000000160e+00,1.528999999999999915e+01,1.551210937500000142e+01
4.120000000000000284e+01,5.214843750000000000e+01,2.882499999999999840e+00,1.556250000000000000e+01,1.547765625000000078e+01
4.129999999999999716e+01,5.227661132812500000e+01,2.899999999999999911e+00,1.523250000000000171e+01,1.549679687500000114e+01
4.139999999999999858e+01,5.207519531250000000e+01,2.919999999999999929e+00,1.538250000000000028e+01,1.548148437500000085e+01
4.150000000000000000e+01,5.240478515625000000e+01,2.924999999999999822e+00,1.534250000000000114e+01,1.549625000000000163e+01
4.160000000000000142e+01,5.225830078125000000e+01,2.902499999999999858e+00,1.527250000000000085e+01,1.549625000000000163e+01
4.170000000000000284e+01,5.225830078125000000e+01,2.879999999999999893e+00,1.550499999999999901e+01,1.554546875000000128e+01
4.179999999999999716e+01,5.390625000000000000e+01,2.912500000000000089e+00,1.542999999999999972e+01,1.552468750000000064e+01
4.189999999999999858e+01,5.381469726562500000e+01,2.917499999999999982e+00,1.538250000000000028e+01,1.554765625000000107e+01
4.200000000000000000e+01,5.421752929687500000e+01,2.935000000000000053e+00,1.532000000000000028e+01,1.548804687500000021e+01
4.210000000000000142e+01,5.408935546875000000e+01,2.935000000000000053e+00,1.541000000000000014e+01,1.552578125000000142e+01
4.220000000000000284e+01,5.522460937500000000e+01,2.942499999999999893e+00,1.534750000000000014e+01,1.554273437500000021e+01
4.229999999999999716e+01,5.731201171875000000e+01,2.967499999999999805e+00,1.550250000000000128e+01,1.554437500000000050e+01
4.239999999999999858e+01,5.696411132812500000e+01,2.972500000000000142e+00,1.515749999999999886e+01,1.543773437500000156e+01
4.250000000000000000e+01,5.738525390625000000e+01,2.937500000000000000e+00,1.548250000000000171e+01,1.548585937500000043e+01
4.260000000000000142e+01,5.722045898437500000e+01,2.987499999999999822e+00,1.523750000000000071e+01,1.548039062500000007e+01
4.270000000000000284e+01,6.119384765625000000e+01,2.990000000000000213e+00,1.542249999999999943e+01,1.552906250000000021e+01
4.279999999999999716e+01,6.168823242187500000e+01,2.970000000000000195e+00,1.523000000000000043e+01,1.547382812500000071e+01
4.289999999999999858e+01,6.128540039062500000e+01,2.990000000000000213e+00,1.553249999999999886e+01,1.553289062500000028e+01
4.300000000000000000e+01,6.176147460937500000e+01,2.987499999999999822e+00,1.529749999999999943e+01,1.552195312500000135e+01
4.310000000000000142e+01,6.469116210937500000e+01,2.995000000000000107e+00,1.536749999999999972e+01,1.551374999999999993e+01
4.320000000000000284e+01,6.632080078125000000e+01,2.992500000000000160e+00,1.555250000000000199e+01,1.551210937500000142e+01
4.329999999999999716e+01,6.654052734375000000e+01,3.012500000000000178e+00,1.526999999999999957e+01,1.551265625000000092e+01
4.339999999999999858e+01,6.613769531250000000e+01,3.024999999999999911e+00,1.525750000000000028e+01,1.547437500000000021e+01
4.350000000000000000e+01,6.694335937500000000e+01,3.022499999999999964e+00,1.544249999999999901e+01,1.552140625000000007e+01
4.360000000000000142e+01,7.016601562500000000e+01,3.009999999999999787e+00,1.542249999999999943e+01,1.554054687500000043e+01
4.370000000000000284e+01,7.042236328125000000e+01,3.029999999999999805e+00,1.520749999999999957e+01,1.554054687500000043e+01
4.379999999999999716e+01,7.053222656250000000e+01,3.029999999999999805e+00,1.517500000000000071e+01,1.553617187500000085e+01
4.389999999999999858e+01,7.014770507812500000e+01,3.049999999999999822e+00,1.546249999999999858e+01,1.544757812500000149e+01
4.400000000000000000e+01,7.331542968750000000e+01,3.029999999999999805e+00,1.530750000000000099e+01,1.545031250000000078e+01
4.410000000000000142e+01,7.355346679687500000e+01,3.062500000000000000e+00,1.542999999999999972e+01,1.549843750000000142e+01
4.420000000000000284e+01,7.369995117187500000e+01,3.064999999999999947e+00,1.524749999999999872e+01,1.552304687500000036e+01
4.429999999999999716e+01,7.384643554687500000e+01,3.052500000000000213e+00,1.522250000000000014e+01,1.549351562500000057e+01
4.439999999999999858e+01,7.474365234375000000e+01,3.064999999999999947e+00,1.554749999999999943e+01,1.549898437500000092e+01
4.450000000000000000e+01,7.672119140625000000e+01,3.064999999999999947e+00,1.539999999999999858e+01,1.556242187500000007e+01
4.460000000000000142e+01,7.653808593750000000e+01,3.067499999999999893e+00,1.554250000000000043e+01,1.549187500000000028e+01
4.470000000000000284e+01,7.661132812500000000e+01,3.115000000000000213e+00,1.528750000000000142e+01,1.552851562500000071e+01
4.479999999999999716e+01,7.677612304687500000e+01,3.067499999999999893e+00,1.522749999999999915e+01,1.548531250000000092e+01
4.489999999999999858e+01,7.862548828125000000e+01,3.072499999999999787e+00,1.553500000000000014e+01,1.549132812500000078e+01
4.500000000000000000e+01,7.928466796875000000e+01,3.095000000000000195e+00,1.544000000000000128e+01,1.550335937500000050e+01
4.510000000000000142e+01,7.901000976562500000e+01,3.122500000000000053e+00,1.526249999999999929e+01,1.549734375000000064e+01
4.520000000000000284e+01,7.913818359375000000e+01,3.137500000000000178e+00,1.523000000000000043e+01,1.551374999999999993e+01
4.529999999999999716e+01,8.104248046875000000e+01,3.122500000000000053e+00,1.533249999999999957e+01,1.553617187500000085e+01
4.539999999999999858e+01,8.118896484375000000e+01,3.077500000000000124e+00,1.519500000000000028e+01,1.548257812500000163e+01
4.550000000000000000e+01,8.171997070312500000e+01,3.047499999999999876e+00,1.526750000000000185e+01,1.547929687500000107e+01
4.560000000000000142e+01,8.140869140625000000e+01,3.120000000000000107e+00,1.555499999999999972e+01,1.546835937500000036e+01
4.570000000000000284e+01,8.195800781250000000e+01,3.149999999999999911e+00,1.561250000000000071e+01,1.545468750000000036e+01
4.579999999999999716e+01,8.377075195312500000e+01,3.129999999999999893e+00,1.543250000000000099e+01,1.550281250000000099e+01
4.589999999999999858e+01,8.344116210937500000e+01,3.160000000000000142e+00,1.532499999999999929e+01,1.548968750000000050e+01
4.600000000000000000e+01,8.393554687500000000e+01,3.120000000000000107e+00,1.535249999999999915e+01,1.552960937500000149e+01
4.610000000000000142e+01,8.356933593750000000e+01,3.142500000000000071e+00,1.532000000000000028e+01,1.547437500000000021e+01
4.620000000000000284e+01,8.556518554687500000e+01,3.149999999999999911e+00,1.547500000000000142e+01,1.550390625000000000e+01
4.629999999999999716e+01,8.598632812500000000e+01,3.097500000000000142e+00,1.530499999999999972e+01,1.554656250000000028e+01
4.639999999999999858e+01,8.549194335937500000e+01,3.152499999999999858e+00,1.530250000000000199e+01,1.552359375000000163e+01
4.650000000000000000e+01,8.600463867187500000e+01,3.169999999999999929e+00,1.530750000000000099e+01,1.552523437500000014e+01
4.660000000000000142e+01,8.686523437500000000e+01,3.169999999999999929e+00,1.531749999999999901e+01,1.552031250000000107e+01
4.670000000000000284e+01,8.785400390625000000e+01,3.182500000000000107e+00,1.534250000000000114e+01,1.546562500000000107e+01
4.679999999999999716e+01,8.794555664062500000e+01,3.169999999999999929e+00,1.571999999999999886e+01,1.546835937500000036e+01
4.689999999999999858e+01,8.754272460937500000e+01,3.160000000000000142e+00,1.547749999999999915e+01,1.550937500000000036e+01
4.700000000000000000e+01,8.805541992187500000e+01,3.189999999999999947e+00,1.532750000000000057e+01,1.549460937500000135e+01
4.710000000000000142e+01,8.944702148437500000e+01,3.185000000000000053e+00,1.534250000000000114e+01,1.546726562500000135e+01
4.720000000000000284e+01,8.977661132812500000e+01,3.202500000000000124e+00,1.525250000000000128e+01,1.549898437500000092e+01
4.729999999999999716e+01,8.990478515625000000e+01,3.194999999999999840e+00,1.535500000000000043e+01,1.549406250000000007e+01
4.739999999999999858e+01,8.939208984375000000e+01,3.192499999999999893e+00,1.528000000000000114e+01,1.546343750000000128e+01
4.750000000000000000e+01,9.144287109375000000e+01,3.214999999999999858e+00,1.525750000000000028e+01,1.552851562500000071e+01
4.760000000000000142e+01,9.127807617187500000e+01,3.217499999999999805e+00,1.533249999999999957e+01,1.548367187500000064e+01
4.770000000000000284e+01,9.157104492187500000e+01,3.140000000000000124e+00,1.538250000000000028e+01,1.551539062500000021e+01
4.779999999999999716e+01,9.169921875000000000e+01,3.167499999999999982e+00,1.530750000000000099e+01,1.552851562500000071e+01
4.789999999999999858e+01,9.184570312500000000e+01,3.200000000000000178e+00,1.543250000000000099e+01,1.549734375000000064e+01
4.800000000000000000e+01,9.342041015625000000e+01,3.229999999999999982e+00,1.545250000000000057e+01,1.554164062500000121e+01
4.810000000000000142e+01,9.303588867187500000e+01,3.232499999999999929e+00,1.529250000000000043e+01,1.551703125000000050e+01
4.820000000000000284e+01,9.325561523437500000e+01,3.257499999999999840e+00,1.533249999999999957e+01,1.547492187500000149e+01
4.829999999999999716e+01,9.340209960937500000e+01,3.254999999999999893e+00,1.533000000000000185e+01,1.548640624999999993e+01
4.839999999999999858e+01,9.450073242187500000e+01,3.280000000000000249e+00,1.528500000000000014e+01,1.547765625000000078e+01
4.850000000000000000e+01,9.519653320312500000e+01,3.245000000000000107e+00,1.544750000000000156e+01,1.551976562500000156e+01
4.860000000000000142e+01,9.477539062500000000e+01,3.259999999999999787e+00,1.539250000000000185e+01,1.549078125000000128e+01
4.870000000000000284e+01,9.503173828125000000e+01,3.237499999999999822e+00,1.545749999999999957e+01,1.559742187500000021e+01
4.879999999999999716e+01,9.633178710937500000e+01,3.252499999999999947e+00,1.530750000000000099e+01,1.552250000000000085e+01
4.889999999999999858e+01,9.635009765625000000e+01,3.267500000000000071e+00,1.529749999999999943e+01,1.549406250000000007e+01
4.900000000000000000e+01,9.689941406250000000e+01,3.252499999999999947e+00,1.528999999999999915e+01,1.547054687500000014e+01
4.910000000000000142e+01,9.645996093750000000e+01,3.262500000000000178e+00,1.527749999999999986e+01,1.552742187499999993e+01
4.920000000000000284e+01,9.702758789062500000e+01,3.285000000000000142e+00,1.539999999999999858e+01,1.550773437500000007e+01
4.929999999999999716e+01,9.838256835937500000e+01,3.267500000000000071e+00,1.506749999999999901e+01,1.554984375000000085e+01
4.939999999999999858e+01,9.794311523437500000e+01,3.270000000000000018e+00,1.530750000000000099e+01,1.547656250000000000e+01
4.950000000000000000e+01,9.851074218750000000e+01,3.312500000000000000e+00,1.537249999999999872e+01,1.555039062500000036e+01
4.960000000000000142e+01,9.807128906250000000e+01,3.229999999999999982e+00,1.547250000000000014e+01,1.552140625000000007e+01
4.970000000000000284e+01,9.970092773437500000e+01,3.294999999999999929e+00,1.540249999999999986e+01,1.552031250000000107e+01
4.979999999999999716e+01,1.000122070312500000e+02,3.297499999999999876e+00,1.532750000000000057e+01,1.551156250000000014e+01
4.989999999999999858e+01,9.955444335937500000e+01,3.330000000000000071e+00,1.529500000000000171e+01,1.554328125000000149e+01
5.000000000000000000e+01,1.000671386718750000e+02,3.302500000000000213e+00,1.546249999999999858e+01,1.551429687500000121e+01
5.010000000000000142e+01,1.005798339843750000e+02,3.302500000000000213e+00,1.542000000000000171e+01,1.549078125000000128e+01
5.020000000000000284e+01,1.014953613281250000e+02,3.290000000000000036e+00,1.544000000000000128e+01,1.552851562500000071e+01
5.029999999999999716e+01,1.016052246093750000e+02,3.325000000000000178e+00,1.539000000000000057e+01,1.549953125000000043e+01
5.039999999999999858e+01,1.011291503906250000e+02,3.312500000000000000e+00,1.536749999999999972e+01,1.550609375000000156e+01
5.050000000000000000e+01,1.016967773437500000e+02,3.365000000000000213e+00,1.548250000000000171e+01,1.550882812500000085e+01
5.060000000000000142e+01,1.026489257812500000e+02,3.327500000000000124e+00,1.537750000000000128e+01,1.551867187500000078e+01
5.070000000000000284e+01,1.030334472656250000e+02,3.354999999999999982e+00,1.551249999999999929e+01,1.550062500000000121e+01
5.079999999999999716e+01,1.031066894531250000e+02,3.292499999999999982e+00,1.535000000000000142e+01,1.555750000000000099e+01
5.089999999999999858e+01,1.026489257812500000e+02,3.334999999999999964e+00,1.513250000000000028e+01,1.551210937500000142e+01
5.100000000000000000e+01,1.045715332031250000e+02,3.330000000000000071e+00,1.541000000000000014e+01,1.550882812500000085e+01
5.110000000000000142e+01,1.042785644531250000e+02,3.357499999999999929e+00,1.548000000000000043e+01,1.550500000000000078e+01
5.120000000000000284e+01,1.046447753906250000e+02,3.367500000000000160e+00,1.556250000000000000e+01,1.554984375000000085e+01
5.129999999999999716e+01,1.046997070312500000e+02,3.384999999999999787e+00,1.541250000000000142e+01,1.556406250000000036e+01
5.139999999999999858e+01,1.048095703125000000e+02,3.375000000000000000e+00,1.547500000000000142e+01,1.551046875000000114e+01
5.150000000000000000e+01,1.062927246093750000e+02,3.384999999999999787e+00,1.537999999999999901e+01,1.549625000000000163e+01
5.160000000000000142e+01,1.058166503906250000e+02,3.377499999999999947e+00,1.545250000000000057e+01,1.547000000000000064e+01
5.170000000000000284e+01,1.061645507812500000e+02,3.367500000000000160e+00,1.520749999999999957e+01,1.551210937500000142e+01
5.179999999999999716e+01,1.062377929687500000e+02,3.354999999999999982e+00,1.533249999999999957e+01,1.549679687500000114e+01
5.189999999999999858e+01,1.071716308593750000e+02,3.397499999999999964e+00,1.530000000000000071e+01,1.553945312500000142e+01
5.200000000000000000e+01,1.078491210937500000e+02,3.392500000000000071e+00,1.532250000000000156e+01,1.550937500000000036e+01
5.210000000000000142e+01,1.073364257812500000e+02,3.417499999999999982e+00,1.529749999999999943e+01,1.548640624999999993e+01
5.220000000000000284e+01,1.076843261718750000e+02,3.384999999999999787e+00,1.533500000000000085e+01,1.544101562500000036e+01
5.229999999999999716e+01,1.088562011718750000e+02,3.384999999999999787e+00,1.549749999999999872e+01,1.545851562500000043e+01
5.239999999999999858e+01,1.087463378906250000e+02,3.442499999999999893e+00,1.530499999999999972e+01,1.546945312500000114e+01
5.250000000000000000e+01,1.093505859375000000e+02,3.382499999999999840e+00,1.535249999999999915e+01,1.547492187500000149e+01
5.260000000000000142e+01,1.088378906250000000e+02,3.395000000000000018e+00,1.540500000000000114e+01,1.548804687500000021e+01
5.270000000000000284e+01,1.094604492187500000e+02,3.492500000000000160e+00,1.532750000000000057e+01,1.548804687500000021e+01
5.279999999999999716e+01,1.106689453125000000e+02,3.437500000000000000e+00,1.550250000000000128e+01,1.549242187500000156e+01
5.289999999999999858e+01,1.102844238281250000e+02,3.422499999999999876e+00,1.530999999999999872e+01,1.550445312500000128e+01
5.300000000000000000e+01,1.108337402343750000e+02,3.455000000000000071e+00,1.549249999999999972e+01,1.549789062500000014e+01
5.310000000000000142e+01,1.103027343750000000e+02,3.462499999999999911e+00,1.514000000000000057e+01,1.549460937500000135e+01
5.320000000000000284e+01,1.120056152343750000e+02,3.437500000000000000e+00,1.532250000000000156e+01,1.554109374999999993e+01
5.329999999999999716e+01,1.122436523437500000e+02,3.422499999999999876e+00,1.536250000000000071e+01,1.551593750000000149e+01
5.339999999999999858e+01,1.117675781250000000e+02,3.234999999999999876e+00,1.566750000000000043e+01,1.551429687500000121e+01
5.350000000000000000e+01,1.123535156250000000e+02,3.622500000000000053e+00,1.528999999999999915e+01,1.550664062500000107e+01
5.360000000000000142e+01,1.127929687500000000e+02,3.444999999999999840e+00,1.528249999999999886e+01,1.550281250000000099e+01
5.370000000000000284e+01,1.136535644531250000e+02,3.467500000000000249e+00,1.539250000000000185e+01,1.552906250000000021e+01
5.379999999999999716e+01,1.137084960937500000e+02,3.535000000000000142e+00,1.534250000000000114e+01,1.547000000000000064e+01
5.389999999999999858e+01,1.133056640625000000e+02,3.470000000000000195e+00,1.550250000000000128e+01,1.547929687500000107e+01
5.400000000000000000e+01,1.138916015625000000e+02,3.472500000000000142e+00,1.546249999999999858e+01,1.553507812500000007e+01
5.410000000000000142e+01,1.146972656250000000e+02,3.484999999999999876e+00,1.544500000000000028e+01,1.547710937500000128e+01
5.420000000000000284e+01,1.151916503906250000e+02,3.487499999999999822e+00,1.533999999999999986e+01,1.553726562500000163e+01
5.429999999999999716e+01,1.151916503906250000e+02,3.459999999999999964e+00,1.528500000000000014e+01,1.551539062500000021e+01
5.439999999999999858e+01,1.148254394531250000e+02,3.507500000000000284e+00,1.532000000000000028e+01,1.546398437500000078e+01
5.450000000000000000e+01,1.166564941406250000e+02,3.532499999999999751e+00,1.521750000000000114e+01,1.549789062500000014e+01
5.460000000000000142e+01,1.163085937500000000e+02,3.509999999999999787e+00,1.530750000000000099e+01,1.550937500000000036e+01
5.470000000000000284e+01,1.167114257812500000e+02,3.535000000000000142e+00,1.553249999999999886e+01,1.552578125000000142e+01
5.479999999999999716e+01,1.167114257812500000e+02,3.524999999999999911e+00,1.548000000000000043e+01,1.553234375000000078e+01
5.489999999999999858e+01,1.170227050781250000e+02,3.542499999999999982e+00,1.522749999999999915e+01,1.551210937500000142e+01
5.500000000000000000e+01,1.182678222656250000e+02,3.527499999999999858e+00,1.523250000000000171e+01,1.545578125000000114e+01
5.510000000000000142e+01,1.177001953125000000e+02,3.490000000000000213e+00,1.518499999999999872e+01,1.552140625000000007e+01
5.520000000000000284e+01,1.181030273437500000e+02,3.540000000000000036e+00,1.562999999999999901e+01,1.547710937500000128e+01
5.529999999999999716e+01,1.181213378906250000e+02,3.572499999999999787e+00,1.519750000000000156e+01,1.552031250000000107e+01
5.539999999999999858e+01,1.190551757812500000e+02,3.582500000000000018e+00,1.535000000000000142e+01,1.551210937500000142e+01
5.550000000000000000e+01,1.197143554687500000e+02,3.589999999999999858e+00,1.533000000000000185e+01,1.546945312500000114e+01
5.560000000000000142e+01,1.191833496093750000e+02,3.540000000000000036e+00,1.539250000000000185e+01,1.549296875000000107e+01
5.570000000000000284e+01,1.195861816406250000e+02,3.549999999999999822e+00,1.540500000000000114e+01,1.552031250000000107e+01
5.579999999999999716e+01,1.203918457031250000e+02,3.567499999999999893e+00,1.532000000000000028e+01,1.546617187500000057e+01
5.589999999999999858e+01,1.202087402343750000e+02,3.584999999999999964e+00,1.525499999999999901e+01,1.547710937500000128e+01
5.600000000000000000e+01,1.207946777343750000e+02,3.584999999999999964e+00,1.533249999999999957e+01,1.549187500000000028e+01
5.610000000000000142e+01,1.201721191406250000e+02,3.602500000000000036e+00,1.511749999999999972e+01,1.548148437500000085e+01
5.620000000000000284e+01,1.206848144531250000e+02,2.562499999999978684e-02,1.544000000000000128e+01,-5.250000000000110134e-02
5.629999999999999716e+01,1.207214355468750000e+02,3.062500000000012434e-02,1.534250000000000114e+01,-7.328125000000085265e-02
5.639999999999999858e+01,1.203186035156250000e+02,1.562500000000000000e-02,1.523499999999999943e+01,-5.140625000000031974e-02
5.650000000000000000e+01,1.209045410156250000e+02,1.062500000000010658e-02,1.542500000000000071e+01,-4.757812500000024869e-02
5.660000000000000142e+01,1.203002929687500000e+02,2.562499999999978684e-02,1.529749999999999943e+01,-5.742187500000106581e-02
5.670000000000000284e+01,1.207397460937500000e+02,3.312500000000007105e-02,1.532250000000000156e+01,-3.609375000000092371e-02
5.679999999999999716e+01,1.207031250000000000e+02,3.562500000000001776e-02,1.542999999999999972e+01,-3.390625000000024869e-02
5.689999999999999858e+01,1.203369140625000000e+02,3.562500000000001776e-02,1.523750000000000071e+01,-6.234375000000103029e-02
5.700000000000000000e+01,1.209045410156250000e+02,2.062499999999989342e-02,1.542999999999999972e+01,-5.523437500000039080e-02
5.710000000000000142e+01,1.195861816406250000e+02,5.062500000000014211e-02,1.538250000000000028e+01,-4.375000000000106581e-02
5.720000000000000284e+01,1.197326660156250000e+02,4.812499999999975131e-02,1.541750000000000043e+01,-3.718750000000081712e-02
5.729999999999999716e+01,1.197143554687500000e+02,2.562499999999978684e-02,1.541250000000000142e+01,-4.812500000000063949e-02
5.739999999999999858e+01,1.192749023437500000e+02,5.062500000000014211e-02,1.537999999999999901e+01,-2.734375000001065814e-03
5.750000000000000000e+01,1.194763183593750000e+02,2.562499999999978684e-02,1.552250000000000085e+01,-3.500000000000103029e-02
5.760000000000000142e+01,1.167846679687500000e+02,1.062500000000010658e-02,1.533999999999999986e+01,1.093749999999893419e-02
5.770000000000000284e+01,1.171325683593750000e+02,1.562500000000000000e-02,1.505000000000000071e+01,-4.867187500000103029e-02
5.779999999999999716e+01,1.171325683593750000e+02,1.562500000000000000e-02,1.559499999999999886e+01,-1.859375000000085265e-02
5.789999999999999858e+01,1.167114257812500000e+02,1.312500000000005329e-02,1.536250000000000071e+01,-1.804687500000046185e-02
5.800000000000000000e+01,1.138366699218750000e+02,3.062500000000012434e-02,1.523750000000000071e+01,-1.203125000000060396e-02
5.810000000000000142e+01,1.127563476562500000e+02,4.062499999999991118e-02,1.525750000000000028e+01,-2.570312500000060396e-02
5.820000000000000284e+01,1.131225585937500000e+02,5.562500000000003553e-02,1.544999999999999929e+01,-5.468750000000355271e-03
5.829999999999999716e+01,1.131225585937500000e+02,5.312500000000008882e-02,1.549249999999999972e+01,-4.265625000000028422e-02
5.839999999999999858e+01,1.102844238281250000e+02,4.312499999999985789e-02,1.529250000000000043e+01,-2.679687500000049738e-02
5.850000000000000000e+01,1.086181640625000000e+02,2.062499999999989342e-02,1.519500000000000028e+01,-3.937500000000060396e-02
5.860000000000000142e+01,1.080505371093750000e+02,3.062500000000012434e-02,1.545250000000000057e+01,-3.171875000000046185e-02
5.870000000000000284e+01,1.083984375000000000e+02,8.124999999999715783e-03,1.538749999999999929e+01,-5.359375000000099476e-02
5.879999999999999716e+01,1.084350585937500000e+02,3.062500000000012434e-02,1.551999999999999957e+01,-4.046875000000049738e-02
5.889999999999999858e+01,1.045166015625000000e+02,5.062500000000014211e-02,1.534250000000000114e+01,-1.968750000000074607e-02
5.900000000000000000e+01,1.048828125000000000e+02,-3.256250000000000533e-01,1.545250000000000057e+01,-3.335937500000074607e-02
5.910000000000000142e+01,1.043151855468750000e+02,3.562500000000001776e-02,1.540249999999999986e+01,-8.093750000000099476e-02
5.920000000000000284e+01,1.047180175781250000e+02,3.124999999999822364e-03,1.525250000000000128e+01,-7.656250000001030287e-03
5.929999999999999716e+01,1.023376464843750000e+02,4.062499999999991118e-02,1.539000000000000057e+01,-5.742187500000106581e-02
5.939999999999999858e+01,1.012023925781250000e+02,2.562499999999978684e-02,1.517500000000000071e+01,-5.687500000000067502e-02
5.950000000000000000e+01,1.017517089843750000e+02,1.812499999999994671e-02,1.536250000000000071e+01,-1.640625000000284217e-03
5.960000000000000142e+01,1.012207031250000000e+02,3.312500000000007105e-02,1.544249999999999901e+01,-7.656250000000053291e-02
5.970000000000000284e+01,1.008544921875000000e+02,3.062500000000012434e-02,1.533999999999999986e+01,-2.242187500000092371e-02
5.979999999999999716e+01,9.909667968750000000e+01,2.562499999999978684e-02,1.529749999999999943e+01,-2.406250000000031974e-02
5.989999999999999858e+01,9.858398437500000000e+01,8.312499999999989342e-02,1.533999999999999986e+01,-1.859375000000085265e-02
6.000000000000000000e+01,9.909667968750000000e+01,8.062499999999994671e-02,1.537999999999999901e+01,-2.515625000000110134e-02
6.010000000000000142e+01,9.860229492187500000e+01,4.312499999999985789e-02,1.539750000000000085e+01,-5.468750000000088818e-02
6.020000000000000284e+01,9.695434570312500000e+01,3.312500000000007105e-02,1.546249999999999858e+01,-7.382812500000035527e-02
6.029999999999999716e+01,9.680786132812500000e+01,6.562499999999982236e-02,1.555250000000000199e+01,-1.203125000000060396e-02
6.039999999999999858e+01,9.638671875000000000e+01,5.562500000000003553e-02,1.549249999999999972e+01,-1.121093750000010658e-01
6.050000000000000000e+01,9.691772460937500000e+01,3.312500000000007105e-02,1.528500000000000014e+01,-2.460937500000071054e-02
6.060000000000000142e+01,9.521484375000000000e+01,1.312500000000005329e-02,1.538250000000000028e+01,-7.710937500000092371e-02
6.070000000000000284e+01,9.486694335937500000e+01,3.312500000000007105e-02,1.526500000000000057e+01,-7.109375000000639488e-03
6.079999999999999716e+01,9.490356445312500000e+01,3.562500000000001776e-02,1.525000000000000000e+01,-2.351562500000081712e-02
6.089999999999999858e+01,9.442749023437500000e+01,4.562499999999980460e-02,1.542249999999999943e+01,-1.203125000000060396e-02
6.100000000000000000e+01,9.495849609375000000e+01,4.312499999999985789e-02,1.532250000000000156e+01,-3.062500000000056843e-02
6.110000000000000142e+01,9.283447265625000000e+01,4.812499999999975131e-02,1.522749999999999915e+01,-4.156250000000039080e-02
6.120000000000000284e+01,9.307250976562500000e+01,3.124999999999822364e-03,1.552250000000000085e+01,-6.234375000000103029e-02
6.129999999999999716e+01,9.310913085937500000e+01,5.812499999999998224e-02,1.542999999999999972e+01,-3.281250000000035527e-02
6.139999999999999858e+01,9.265136718750000000e+01,2.812499999999973355e-02,1.558000000000000185e+01,-3.500000000000103029e-02
6.150000000000000000e+01,9.184570312500000000e+01,2.812499999999973355e-02,1.526750000000000185e+01,-8.914062500000063949e-02
6.160000000000000142e+01,9.116821289062500000e+01,2.562499999999978684e-02,1.550750000000000028e+01,-5.359375000000099476e-02
6.170000000000000284e+01,9.135131835937500000e+01,2.562499999999978684e-02,1.548000000000000043e+01,-4.593750000000085265e-02
6.179999999999999716e+01,9.149780273437500000e+01,3.312500000000007105e-02,1.555499999999999972e+01,-3.609375000000092371e-02
6.189999999999999858e+01,9.043579101562500000e+01,2.812499999999973355e-02,1.550000000000000000e+01,-9.296875000000426326e-03
6.200000000000000000e+01,9.016113281250000000e+01,5.812499999999998224e-02,1.539000000000000057e+01,-2.132812500000103029e-02
6.210000000000000142e+01,8.977661132812500000e+01,2.062499999999989342e-02,1.547250000000000014e+01,-2.515625000000110134e-02
6.220000000000000284e+01,8.997802734375000000e+01,2.562499999999978684e-02,1.533500000000000085e+01,-2.242187500000092371e-02
6.229999999999999716e+01,9.005126953125000000e+01,3.312500000000007105e-02,1.529250000000000043e+01,-7.273437500000046185e-02
6.239999999999999858e+01,8.834838867187500000e+01,1.812499999999994671e-02,1.567500000000000071e+01,-3.445312500000063949e-02
6.250000000000000000e+01,8.882446289062500000e+01,2.812499999999973355e-02,1.562249999999999872e+01,2.023437499999936051e-02
6.260000000000000142e+01,8.836669921875000000e+01,4.062499999999991118e-02,1.535000000000000142e+01,-2.734375000001065814e-03
6.270000000000000284e+01,8.860473632812500000e+01,2.062499999999989342e-02,1.535999999999999943e+01,-4.429687500000056843e-02
6.279999999999999716e+01,8.781738281250000000e+01,3.812499999999996447e-02,1.554250000000000043e+01,-1.039062500000031974e-02
6.289999999999999858e+01,8.708496093750000000e+01,6.812499999999976907e-02,1.545250000000000057e+01,-1.055468750000008171e-01
6.300000000000000000e+01,8.757934570312500000e+01,5.062500000000014211e-02,1.542249999999999943e+01,-3.609375000000092371e-02
6.310000000000000142e+01,8.715820312500000000e+01,4.312499999999985789e-02,1.530750000000000099e+01,-4.375000000000106581e-02
6.320000000000000284e+01,8.719482421875000000e+01,4.312499999999985789e-02,1.558000000000000185e+01,-2.187500000000675016e-03
6.329999999999999716e+01,8.633422851562500000e+01,2.812499999999973355e-02,1.541250000000000142e+01,-1.750000000000095923e-02
6.339999999999999858e+01,8.585815429687500000e+01,2.312499999999984013e-02,1.546000000000000085e+01,1.914062499999946709e-02
6.350000000000000000e+01,8.637084960937500000e+01,5.812499999999998224e-02,1.516750000000000043e+01,-1.039062500000005329e-01
6.360000000000000142e+01,8.598632812500000000e+01,2.812499999999973355e-02,1.533000000000000185e+01,-1.203125000000060396e-02
6.370000000000000284e+01,8.512573242187500000e+01,1.562500000000000000e-02,1.542249999999999943e+01,-2.843750000000078160e-02
6.379999999999999716e+01,8.507080078125000000e+01,1.812499999999994671e-02,1.541250000000000142e+01,-4.101562500000088818e-02
6.389999999999999858e+01,8.463134765625000000e+01,5.312500000000008882e-02,1.535999999999999943e+01,-4.101562500000088818e-02
6.400000000000000000e+01,8.514404296875000000e+01,-6.874999999999964473e-03,1.557250000000000156e+01,-4.484375000000095923e-02
6.409999999999999432e+01,8.417358398437500000e+01,1.562500000000000000e-02,1.550250000000000128e+01,3.828124999999182876e-03
6.420000000000000284e+01,8.391723632812500000e+01,2.312499999999984013e-02,1.530000000000000071e+01,-3.171875000000046185e-02
6.429999999999999716e+01,8.400878906250000000e+01,1.062500000000010658e-02,1.531749999999999901e+01,9.296874999999538147e-03
6.440000000000000568e+01,8.355102539062500000e+01,2.062499999999989342e-02,1.533999999999999986e+01,-3.062500000000056843e-02
6.450000000000000000e+01,8.402709960937500000e+01,3.062500000000012434e-02,1.534750000000000014e+01,-3.664062500000042633e-02
6.459999999999999432e+01,8.274536132812500000e+01,4.062499999999991118e-02,1.539250000000000185e+01,-1.148437500000110134e-02
6.470000000000000284e+01,8.287353515625000000e+01,5.062500000000014211e-02,1.545250000000000057e+01,-3.828125000000071054e-02
6.479999999999999716e+01,8.302001953125000000e+01,6.562499999999982236e-02,1.547250000000000014e+01,-5.140625000000031974e-02
6.490000000000000568e+01,8.256225585937500000e+01,1.562500000000000000e-02,1.526750000000000185e+01,-7.656250000001030287e-03
6.500000000000000000e+01,8.225097656250000000e+01,5.812499999999998224e-02,1.542500000000000071e+01,-5.031250000000042633e-02
6.509999999999999432e+01,8.168334960937500000e+01,-1.150000000000002132e-01,1.544750000000000156e+01,-2.023437500000024869e-02
6.520000000000000284e+01,8.186645507812500000e+01,3.312500000000007105e-02,1.526500000000000057e+01,-5.906250000000046185e-02
6.529999999999999716e+01,8.195800781250000000e+01,2.062499999999989342e-02,1.541000000000000014e+01,4.921874999999076294e-03
6.540000000000000568e+01,8.129882812500000000e+01,3.124999999999822364e-03,1.550750000000000028e+01,6.562499999999360512e-03
6.550000000000000000e+01,8.109741210937500000e+01,4.312499999999985789e-02,1.556749999999999901e+01,-4.320312500000067502e-02
6.559999999999999432e+01,8.069458007812500000e+01,5.312500000000008882e-02,1.510999999999999943e+01,6.562499999999360512e-03
6.570000000000000284e+01,8.091430664062500000e+01,-4.375000000000017764e-03,1.528000000000000114e+01,-3.828125000000959233e-03
6.579999999999999716e+01,8.102416992187500000e+01,1.062500000000010658e-02,1.520500000000000185e+01,1.585937499999889866e-02
6.590000000000000568e+01,7.965087890625000000e+01,5.562500000000003553e-02,1.545250000000000057e+01,-2.351562500000081712e-02
6.600000000000000000e+01,8.005371093750000000e+01,3.562500000000001776e-02,1.549249999999999972e+01,-4.046875000000049738e-02
6.609999999999999432e+01,7.965087890625000000e+01,1.812499999999994671e-02,1.542000000000000171e+01,-8.203125000000532907e-03
6.620000000000000284e+01,7.988891601562500000e+01,5.812499999999998224e-02,1.523750000000000071e+01,-7.656250000000053291e-02
6.629999999999999716e+01,7.939453125000000000e+01,1.812499999999994671e-02,1.530999999999999872e+01,-2.132812500000103029e-02
6.640000000000000568e+01,7.868041992187500000e+01,1.312500000000005329e-02,1.557499999999999929e+01,-5.140625000000031974e-02
6.650000000000000000e+01,7.910156250000000000e+01,6.812499999999976907e-02,1.564750000000000085e+01,-6.507812500000031974e-02
6.659999999999999432e+01,7.882690429687500000e+01,3.562500000000001776e-02,1.537249999999999872e+01,-7.929687500000071054e-02
6.670000000000000284e+01,7.893676757812500000e+01,5.624999999999769074e-03,1.560249999999999915e+01,-1.859375000000085265e-02
6.679999999999999716e+01,7.809448242187500000e+01,-1.875000000000071054e-03,1.547250000000000014e+01,1.476562499999900524e-02
6.690000000000000568e+01,7.765502929687500000e+01,4.812499999999975131e-02,1.524000000000000199e+01,-5.960937500000085265e-02
6.700000000000000000e+01,7.811279296875000000e+01,2.062499999999989342e-02,1.547500000000000142e+01,-2.023437500000024869e-02
6.709999999999999432e+01,7.778320312500000000e+01,2.312499999999984013e-02,1.550250000000000128e+01,-1.312500000000049738e-02
6.720000000000000284e+01,7.723388671875000000e+01,4.562499999999980460e-02,1.549249999999999972e+01,-6.398437500000042633e-02
6.729999999999999716e+01,7.717895507812500000e+01,5.062500000000014211e-02,1.546249999999999858e+01,-4.320312500000067502e-02
6.740000000000000568e+01,7.672119140625000000e+01,1.812499999999994671e-02,1.537999999999999901e+01,-3.226562500000085265e-02
6.750000000000000000e+01,7.719726562500000000e+01,5.624999999999769074e-03,1.537249999999999872e+01,-7.109375000000106581e-02
6.759999999999999432e+01,7.659301757812500000e+01,2.812499999999973355e-02,1.538749999999999929e+01,-1.121093750000010658e-01
6.770000000000000284e+01,7.626342773437500000e+01,1.562500000000000000e-02,1.536250000000000071e+01,-2.843750000000078160e-02
6.779999999999999716e+01,7.635498046875000000e+01,4.812499999999975131e-02,1.560999999999999943e+01,-2.843750000000078160e-02
6.790000000000000568e+01,7.593383789062500000e+01,2.812499999999973355e-02,1.539250000000000185e+01,-4.210937500000078160e-02
6.800000000000000000e+01,7.639160156250000000e+01,4.812499999999975131e-02,1.524749999999999872e+01,-5.085937500000081712e-02
6.809999999999999432e+01,7.527465820312500000e+01,2.562499999999978684e-02,1.535249999999999915e+01,-4.867187500000103029e-02
6.820000000000000284e+01,7.536621093750000000e+01,3.562500000000001776e-02,1.544249999999999901e+01,-1.640625000000106581e-02
6.829999999999999716e+01,7.545776367187500000e+01,3.812499999999996447e-02,1.523750000000000071e+01,-7.164062500000056843e-02
6.840000000000000568e+01,7.503662109375000000e+01,-1.687500000000019540e-02,1.563500000000000156e+01,2.078124999999975131e-02
6.850000000000000000e+01,7.492675781250000000e+01,3.062500000000012434e-02,1.546999999999999886e+01,-2.953125000000067502e-02
6.859999999999999432e+01,7.441406250000000000e+01,5.312500000000008882e-02,1.532000000000000028e+01,-4.375000000000106581e-02
6.870000000000000284e+01,7.456054687500000000e+01,4.312499999999985789e-02,1.536749999999999972e+01,-4.320312500000067502e-02
6.879999999999999716e+01,7.465209960937500000e+01,5.624999999999769074e-03,1.546249999999999858e+01,-8.531250000000056843e-02
6.890000000000000568e+01,7.413940429687500000e+01,5.062500000000014211e-02,1.545250000000000057e+01,-2.953125000000067502e-02
6.900000000000000000e+01,7.390136718750000000e+01,4.812499999999975131e-02,1.530999999999999872e+01,-7.273437500000046185e-02
6.909999999999999432e+01,7.360839843750000000e+01,5.062500000000014211e-02,1.541750000000000043e+01,-4.265625000000028422e-02
6.920000000000000284e+01,7.373657226562500000e+01,3.562500000000001776e-02,1.533000000000000185e+01,7.656249999999253930e-03
6.929999999999999716e+01,7.382812500000000000e+01,-1.875000000000071054e-03,1.548250000000000171e+01,-3.445312500000063949e-02
6.940000000000000568e+01,7.276611328125000000e+01,5.624999999999769074e-03,1.555999999999999872e+01,-7.546875000000063949e-02
6.950000000000000000e+01,7.309570312500000000e+01,4.312499999999985789e-02,1.528750000000000142e+01,-6.507812500000031974e-02
6.959999999999999432e+01,7.276611328125000000e+01,3.562500000000001776e-02,1.532250000000000156e+01,-5.742187500000106581e-02
6.970000000000000284e+01,7.289428710937500000e+01,3.312500000000007105e-02,1.525750000000000028e+01,-5.195312500000071054e-02
6.979999999999999716e+01,7.272949218750000000e+01,3.312500000000007105e-02,1.546999999999999886e+01,-5.906250000000046185e-02
6.990000000000000568e+01,7.192382812500000000e+01,5.562500000000003553e-02,1.551999999999999957e+01,-4.484375000000095923e-02
7.000000000000000000e+01,7.236328125000000000e+01,4.562499999999980460e-02,1.537750000000000128e+01,-6.343750000000092371e-02
7.009999999999999432e+01,7.210693359375000000e+01,6.062499999999992895e-02,1.535999999999999943e+01,-3.554687500000053291e-02
7.020000000000000284e+01,7.221679687500000000e+01,3.062500000000012434e-02,1.524749999999999872e+01,-8.203125000000532907e-03
7.029999999999999716e+01,7.163085937500000000e+01,3.312500000000007105e-02,1.547250000000000014e+01,-3.773437500000031974e-02
7.040000000000000568e+01,7.115478515625000000e+01,1.812499999999994671e-02,1.544999999999999929e+01,-5.578125000000078160e-02
7.050000000000000000e+01,7.157592773437500000e+01,3.124999999999822364e-03,1.535500000000000043e+01,-2.078125000000063949e-02
7.059999999999999432e+01,7.131958007812500000e+01,4.562499999999980460e-02,1.547250000000000014e+01,-5.960937500000085265e-02
7.070000000000000284e+01,7.088012695312500000e+01,4.062499999999991118e-02,1.535000000000000142e+01,-3.554687500000053291e-02
7.079999999999999716e+01,7.084350585937500000e+01,-1.937500000000014211e-02,1.535999999999999943e+01,-3.718750000000081712e-02
7.090000000000000568e+01,7.044067382812500000e+01,4.812499999999975131e-02,1.539999999999999858e+01,-3.281250000000568434e-03
7.100000000000000000e+01,7.088012695312500000e+01,8.124999999999715783e-03,1.556250000000000000e+01,-6.453125000000081712e-02
7.109999999999999432e+01,7.042236328125000000e+01,5.562500000000003553e-02,1.533000000000000185e+01,-4.046875000000049738e-02
7.120000000000000284e+01,6.990966796875000000e+01,5.624999999999769074e-03,1.540249999999999986e+01,-1.039062500000031974e-02
7.129999999999999716e+01,7.000122070312500000e+01,1.312500000000005329e-02,1.560249999999999915e+01,2.734374999999289457e-03
7.140000000000000568e+01,6.961669921875000000e+01,3.062500000000012434e-02,1.551000000000000156e+01,-5.796875000000056843e-02
7.150000000000000000e+01,7.005615234375000000e+01,5.312500000000008882e-02,1.548250000000000171e+01,-1.968750000000074607e-02
7.159999999999999432e+01,6.921386718750000000e+01,-1.875000000000071054e-03,1.539999999999999858e+01,-1.859375000000085265e-02
7.170000000000000284e+01,6.923217773437500000e+01,5.312500000000008882e-02,1.568250000000000099e+01,-6.234375000000103029e-02
7.179999999999999716e+01,6.932373046875000000e+01,2.312499999999984013e-02,1.550250000000000128e+01,-6.671875000000060396e-02
7.190000000000000568e+01,6.897583007812500000e+01,4.062499999999991118e-02,1.535750000000000171e+01,1.148437499999932498e-02
7.200000000000000000e+01,6.904907226562500000e+01,5.312500000000008882e-02,1.539000000000000057e+01,-5.523437500000039080e-02
7.209999999999999432e+01,6.849975585937500000e+01,3.562500000000001776e-02,1.527749999999999986e+01,-7.875000000000031974e-02
7.220000000000000284e+01,6.866455078125000000e+01,2.062499999999989342e-02,1.519750000000000156e+01,-2.789062500000039080e-02
7.229999999999999716e+01,6.875610351562500000e+01,3.062500000000012434e-02,1.531749999999999901e+01,-3.828125000000959233e-03
7.240000000000000568e+01,6.833496093750000000e+01,3.812499999999996447e-02,1.545250000000000057e+01,-1.640625000000106581e-02
7.250000000000000000e+01,6.811523437500000000e+01,3.312500000000007105e-02,1.574749999999999872e+01,-5.359375000000099476e-02
7.259999999999999432e+01,6.784057617187500000e+01,1.812499999999994671e-02,1.544249999999999901e+01,-4.265625000000028422e-02
7.270000000000000284e+01,6.791381835937500000e+01,3.312500000000007105e-02,1.530499999999999972e+01,-2.023437500000024869e-02
7.279999999999999716e+01,6.806030273437500000e+01,4.812499999999975131e-02,1.548750000000000071e+01,-4.375000000000106581e-02
7.290000000000000568e+01,6.714477539062500000e+01,5.562500000000003553e-02,1.549749999999999872e+01,-2.953125000000067502e-02
7.300000000000000000e+01,6.747436523437500000e+01,3.562500000000001776e-02,1.530999999999999872e+01,1.914062499999946709e-02
7.309999999999999432e+01,6.721801757812500000e+01,4.562499999999980460e-02,1.537000000000000099e+01,-7.328125000000085265e-02
7.320000000000000284e+01,6.734619140625000000e+01,3.562500000000001776e-02,1.534250000000000114e+01,-4.757812500000024869e-02
7.329999999999999716e+01,6.730957031250000000e+01,4.562499999999980460e-02,1.531500000000000128e+01,-5.578125000000078160e-02
7.340000000000000568e+01,6.632080078125000000e+01,2.062499999999989342e-02,1.550250000000000128e+01,-1.859375000000085265e-02
7.350000000000000000e+01,6.679687500000000000e+01,4.812499999999975131e-02,1.539250000000000185e+01,5.468749999995026201e-04
7.359999999999999432e+01,6.650390625000000000e+01,5.062500000000014211e-02,1.537500000000000000e+01,-5.742187500000106581e-02
7.370000000000000284e+01,6.663208007812500000e+01,3.124999999999822364e-03,1.534250000000000114e+01,-3.828125000000071054e-02
7.379999999999999716e+01,6.622924804687500000e+01,4.812499999999975131e-02,1.546999999999999886e+01,-2.515625000000110134e-02
7.390000000000000568e+01,6.573486328125000000e+01,-4.375000000000017764e-03,1.547250000000000014e+01,-5.085937500000081712e-02
7.400000000000000000e+01,6.619262695312500000e+01,4.062499999999991118e-02,1.523499999999999943e+01,-1.312500000000049738e-02
7.409999999999999432e+01,6.593627929687500000e+01,2.812499999999973355e-02,1.533000000000000185e+01,-4.156250000000039080e-02
7.420000000000000284e+01,6.564331054687500000e+01,3.562500000000001776e-02,1.530999999999999872e+01,-6.015625000000035527e-02
7.429999999999999716e+01,6.555175781250000000e+01,1.256249999999998757e-01,1.546000000000000085e+01,-9.242187500000031974e-02
7.440000000000000568e+01,6.516723632812500000e+01,2.062499999999989342e-02,1.550000000000000000e+01,-5.468750000000355271e-03
7.450000000000000000e+01,6.558837890625000000e+01,1.812499999999994671e-02,1.527499999999999858e+01,2.734374999999289457e-03
7.459999999999999432e+01,6.531372070312500000e+01,2.312499999999984013e-02,1.536500000000000199e+01,1.093749999999893419e-02
7.470000000000000284e+01,6.487426757812500000e+01,-7.500000000000284217e-03,1.549249999999999972e+01,-5.085937500000081712e-02
7.479999999999999716e+01,6.498413085937500000e+01,2.812499999999973355e-02,1.535249999999999915e+01,-3.117187500000095923e-02
7.490000000000000568e+01,6.454467773437500000e+01,4.812499999999975131e-02,1.527250000000000085e+01,-6.234375000000103029e-02
7.500000000000000000e+01,6.498413085937500000e+01,2.062499999999989342e-02,1.552499999999999858e+01,-6.945312500000078160e-02
7.509999999999999432e+01,6.427001953125000000e+01,4.062499999999991118e-02,1.541250000000000142e+01,-9.187500000000081712e-02
7.520000000000000284e+01,6.425170898437500000e+01,4.812499999999975131e-02,1.537000000000000099e+01,-1.203125000000060396e-02
7.529999999999999716e+01,6.432495117187500000e+01,2.312499999999984013e-02,1.549249999999999972e+01,-2.351562500000081712e-02
7.540000000000000568e+01,6.395874023437500000e+01,6.562499999999982236e-02,1.529250000000000043e+01,-9.023437500000053291e-02
7.550000000000000000e+01,6.416015625000000000e+01,7.312500000000010658e-02,1.535999999999999943e+01,-6.453125000000081712e-02
7.559999999999999432e+01,6.351928710937500000e+01,4.062499999999991118e-02,1.537750000000000128e+01,-4.921875000000852651e-03
7.570000000000000284e+01,6.362915039062500000e+01,9.437499999999987566e-02,1.529250000000000043e+01,-3.937500000000060396e-02
7.579999999999999716e+01,6.373901367187500000e+01,1.062500000000010658e-02,1.518750000000000000e+01,-4.320312500000067502e-02
7.590000000000000568e+01,6.335449218750000000e+01,4.562499999999980460e-02,1.542000000000000171e+01,-6.726562500000099476e-02
7.600000000000000000e+01,6.331787109375000000e+01,4.062499999999991118e-02,1.541250000000000142e+01,-5.250000000000110134e-02
7.609999999999999432e+01,6.302490234375000000e+01,1.562500000000000000e-02,1.529749999999999943e+01,-5.687500000000067502e-02
7.620000000000000284e+01,6.309814453125000000e+01,2.312499999999984013e-02,1.532750000000000057e+01,-6.562500000000248690e-03
7.629999999999999716e+01,6.318969726562500000e+01,1.062500000000010658e-02,1.539999999999999858e+01,-4.976562500000092371e-02
7.640000000000000568e+01,6.247558593750000000e+01,5.312500000000008882e-02,1.545250000000000057e+01,-2.843750000000078160e-02
7.650000000000000000e+01,6.265869140625000000e+01,4.312499999999985789e-02,1.542249999999999943e+01,-4.429687500000056843e-02
7.659999999999999432e+01,6.242065429687500000e+01,5.812499999999998224e-02,1.516499999999999915e+01,-1.695312500000056843e-02
7.670000000000000284e+01,6.249389648437500000e+01,3.562500000000001776e-02,1.533999999999999986e+01,-4.921875000000852651e-03
7.679999999999999716e+01,6.262207031250000000e+01,-1.687500000000019540e-02,1.510750000000000171e+01,-7.328125000000085265e-02
7.690000000000000568e+01,6.174316406250000000e+01,2.562499999999978684e-02,1.529500000000000171e+01,-7.492187500000024869e-02
7.700000000000000000e+01,6.214599609375000000e+01,5.062500000000014211e-02,1.561250000000000071e+01,-6.835937500000088818e-02
7.709999999999999432e+01,6.187133789062500000e+01,4.812499999999975131e-02,1.533000000000000185e+01,-2.078125000000063949e-02
7.720000000000000284e+01,6.199951171875000000e+01,8.124999999999715783e-03,1.553249999999999886e+01,-3.390625000000024869e-02
7.729999999999999716e+01,6.174316406250000000e+01,2.312499999999984013e-02,1.537000000000000099e+01,-3.335937500000074607e-02
7.740000000000000568e+01,6.124877929687500000e+01,4.312499999999985789e-02,1.554250000000000043e+01,-6.289062500000053291e-02
7.750000000000000000e+01,6.168823242187500000e+01,2.812499999999973355e-02,1.550250000000000128e+01,-7.656250000000053291e-02
7.759999999999999432e+01,6.141357421875000000e+01,1.312500000000005329e-02,1.543250000000000099e+01,-2.351562500000081712e-02
7.770000000000000284e+01,6.128540039062500000e+01,1.562500000000000000e-02,1.528249999999999886e+01,-3.226562500000085265e-02
7.779999999999999716e+01,6.112060546875000000e+01,1.812499999999994671e-02,1.568750000000000000e+01,-3.117187500000095923e-02
7.790000000000000568e+01,6.071777343750000000e+01,5.562500000000003553e-02,1.561250000000000071e+01,-1.640625000000106581e-02
7.800000000000000000e+01,6.112060546875000000e+01,3.562500000000001776e-02,1.549249999999999972e+01,-2.187500000000053291e-02
7.809999999999999432e+01,6.093750000000000000e+01,1.812499999999994671e-02,1.544249999999999901e+01,-3.335937500000074607e-02
7.820000000000000284e+01,6.051635742187500000e+01,4.062499999999991118e-02,1.566750000000000043e+01,-5.085937500000081712e-02
7.829999999999999716e+01,6.057128906250000000e+01,3.562500000000001776e-02,1.537999999999999901e+01,-1.531250000000028422e-02
7.840000000000000568e+01,6.020507812500000000e+01,3.312500000000007105e-02,1.543250000000000099e+01,-4.593750000000085265e-02
7.850000000000000000e+01,6.066284179687500000e+01,2.812499999999973355e-02,1.542249999999999943e+01,-5.250000000000110134e-02
7.859999999999999432e+01,6.002197265625000000e+01,2.312499999999984013e-02,1.542999999999999972e+01,-5.796875000000056843e-02
7.870000000000000284e+01,6.000366210937500000e+01,8.124999999999715783e-03,1.545250000000000057e+01,-5.742187500000106581e-02
7.879999999999999716e+01,6.007690429687500000e+01,4.312499999999985789e-02,1.565749999999999886e+01,6.015624999998969713e-03
7.890000000000000568e+01,5.972900390625000000e+01,2.312499999999984013e-02,1.555250000000000199e+01,-5.960937500000085265e-02
7.900000000000000000e+01,6.011352539062500000e+01,3.062500000000012434e-02,1.523000000000000043e+01,-6.453125000000081712e-02
7.909999999999999432e+01,5.949096679687500000e+01,2.312499999999984013e-02,1.540249999999999986e+01,-2.187500000000675016e-03
7.920000000000000284e+01,5.949096679687500000e+01,4.812499999999975131e-02,1.533749999999999858e+01,-1.968750000000074607e-02
7.929999999999999716e+01,5.963745117187500000e+01,2.812499999999973355e-02,1.547250000000000014e+01,-2.406250000000031974e-02
7.940000000000000568e+01,5.925292968750000000e+01,2.562499999999978684e-02,1.537000000000000099e+01,-2.789062500000039080e-02
7.950000000000000000e+01,5.928955078125000000e+01,5.562500000000003553e-02,1.535999999999999943e+01,-1.050000000000004263e-01
7.959999999999999432e+01,5.901489257812500000e+01,3.312500000000007105e-02,1.537999999999999901e+01,-2.734375000000088818e-02
7.970000000000000284e+01,5.910644531250000000e+01,1.062500000000010658e-02,1.539000000000000057e+01,-1.640625000000106581e-02
7.979999999999999716e+01,5.919799804687500000e+01,4.562499999999980460e-02,1.533999999999999986e+01,-3.828125000000071054e-02
7.990000000000000568e+01,5.861206054687500000e+01,6.312499999999987566e-02,1.549249999999999972e+01,-6.562500000000248690e-03
8.000000000000000000e+01,5.874023437500000000e+01,3.312500000000007105e-02,1.540249999999999986e+01,-5.140625000000031974e-02
8.009999999999999432e+01,5.850219726562500000e+01,5.562500000000003553e-02,1.562500000000000000e+01,-8.203125000000532907e-03
8.020000000000000284e+01,5.863037109375000000e+01,3.562500000000001776e-02,1.537000000000000099e+01,-3.117187500000095923e-02
8.029999999999999716e+01,5.870361328125000000e+01,2.812499999999973355e-02,1.525750000000000028e+01,-3.390625000000024869e-02
8.040000000000000568e+01,5.793457031250000000e+01,2.312499999999984013e-02,1.530499999999999972e+01,-4.703125000000074607e-02
8.050000000000000000e+01,5.835571289062500000e+01,5.062500000000014211e-02,1.525499999999999901e+01,-5.632812500000028422e-02
8.059999999999999432e+01,5.809936523437500000e+01,4.812499999999975131e-02,1.546249999999999858e+01,-2.406250000000031974e-02
8.070000000000000284e+01,5.820922851562500000e+01,1.562500000000000000e-02,1.558000000000000185e+01,-4.812500000000063949e-02
8.079999999999999716e+01,5.822753906250000000e+01,5.312500000000008882e-02,1.553249999999999886e+01,-8.421875000000067502e-02
8.090000000000000568e+01,5.782470703125000000e+01,4.562499999999980460e-02,1.533000000000000185e+01,-1.640625000000106581e-02
8.100000000000000000e+01,5.820922851562500000e+01,6.812499999999976907e-02,1.546999999999999886e+01,-8.968750000000103029e-02
8.109999999999999432e+01,5.800781250000000000e+01,5.312500000000008882e-02,1.556250000000000000e+01,-2.351562500000081712e-02
8.120000000000000284e+01,5.809936523437500000e+01,3.209999999999999964e+00,1.545250000000000057e+01,1.695257812500000227e+01
8.129999999999999716e+01,5.819091796875000000e+01,2.872500000000000053e+00,1.551249999999999929e+01,1.551265625000000092e+01
8.140000000000000568e+01,5.778808593750000000e+01,2.927500000000000213e+00,1.558999999999999986e+01,1.552742187499999993e+01
8.150000000000000000e+01,5.822753906250000000e+01,2.922499999999999876e+00,1.541250000000000142e+01,1.550718750000000057e+01
8.159999999999999432e+01,5.800781250000000000e+01,2.944999999999999840e+00,1.532750000000000057e+01,1.551757812500000000e+01
8.170000000000000284e+01,5.859375000000000000e+01,2.972500000000000142e+00,1.539250000000000185e+01,1.551374999999999993e+01
8.179999999999999716e+01,5.879516601562500000e+01,2.964999999999999858e+00,1.571999999999999886e+01,1.552742187499999993e+01
8.190000000000000568e+01,5.844726562500000000e+01,2.937500000000000000e+00,1.537249999999999872e+01,1.554656250000000028e+01
8.200000000000000000e+01,5.883178710937500000e+01,2.972500000000000142e+00,1.530000000000000071e+01,1.551593750000000149e+01
8.209999999999999432e+01,5.958251953125000000e+01,3.000000000000000000e+00,1.564999999999999858e+01,1.555640625000000021e+01
8.220000000000000284e+01,6.079101562500000000e+01,2.967499999999999805e+00,1.519500000000000028e+01,1.558429687500000149e+01
8.229999999999999716e+01,6.090087890625000000e+01,2.992500000000000160e+00,1.558500000000000085e+01,1.553015625000000099e+01
8.240000000000000568e+01,6.053466796875000000e+01,2.950000000000000178e+00,1.537000000000000099e+01,1.547929687500000107e+01
8.250000000000000000e+01,6.091918945312500000e+01,3.107499999999999929e+00,1.507250000000000156e+01,1.551812500000000128e+01
8.259999999999999432e+01,6.384887695312500000e+01,2.992500000000000160e+00,1.535249999999999915e+01,1.550773437500000007e+01
8.270000000000000284e+01,6.417846679687500000e+01,3.000000000000000000e+00,1.540500000000000114e+01,1.549679687500000114e+01
8.279999999999999716e+01,6.432495117187500000e+01,3.012500000000000178e+00,1.539499999999999957e+01,1.553398437500000107e+01
8.290000000000000568e+01,6.395874023437500000e+01,3.012500000000000178e+00,1.561500000000000199e+01,1.550609375000000156e+01
8.300000000000000000e+01,6.785888671875000000e+01,3.042499999999999982e+00,1.566000000000000014e+01,1.552687500000000043e+01
8.309999999999999432e+01,6.862792968750000000e+01,3.072499999999999787e+00,1.551750000000000185e+01,1.550609375000000156e+01
8.320000000000000284e+01,6.881103515625000000e+01,3.040000000000000036e+00,1.529749999999999943e+01,1.546726562500000135e+01
8.329999999999999716e+01,6.895751953125000000e+01,3.057500000000000107e+00,1.517500000000000071e+01,1.551757812500000000e+01
8.340000000000000568e+01,6.945190429687500000e+01,3.075000000000000178e+00,1.526999999999999957e+01,1.547054687500000014e+01
8.350000000000000000e+01,7.335205078125000000e+01,3.067499999999999893e+00,1.524500000000000099e+01,1.552468750000000064e+01
8.359999999999999432e+01,7.315063476562500000e+01,3.044999999999999929e+00,1.534250000000000114e+01,1.550390625000000000e+01
8.370000000000000284e+01,7.335205078125000000e+01,3.075000000000000178e+00,1.538250000000000028e+01,1.552796875000000121e+01
8.379999999999999716e+01,7.342529296875000000e+01,3.077500000000000124e+00,1.556250000000000000e+01,1.551757812500000000e+01
8.390000000000000568e+01,7.630004882812500000e+01,3.100000000000000089e+00,1.545250000000000057e+01,1.548476562500000142e+01
8.400000000000000000e+01,7.719726562500000000e+01,3.092499999999999805e+00,1.518750000000000000e+01,1.552304687500000036e+01
8.409999999999999432e+01,7.684936523437500000e+01,3.092499999999999805e+00,1.536250000000000071e+01,1.549789062500000014e+01
8.420000000000000284e+01,7.705078125000000000e+01,3.077500000000000124e+00,1.559250000000000114e+01,1.548421875000000014e+01
8.429999999999999716e+01,7.888183593750000000e+01,3.132499999999999840e+00,1.522749999999999915e+01,1.558539062500000050e+01
8.440000000000000568e+01,7.977905273437500000e+01,3.069999999999999840e+00,1.552749999999999986e+01,1.553015625000000099e+01
8.450000000000000000e+01,8.031005859375000000e+01,3.089999999999999858e+00,1.519500000000000028e+01,1.546617187500000057e+01
8.459999999999999432e+01,7.994384765625000000e+01,3.112499999999999822e+00,1.513250000000000028e+01,1.548804687500000021e+01
8.470000000000000284e+01,8.018188476562500000e+01,3.104999999999999982e+00,1.524000000000000199e+01,1.549898437500000092e+01
8.479999999999999716e+01,8.294677734375000000e+01,3.095000000000000195e+00,1.535750000000000171e+01,1.547875000000000156e+01
8.490000000000000568e+01,8.274536132812500000e+01,3.152499999999999858e+00,1.537249999999999872e+01,1.548312500000000114e+01
8.500000000000000000e+01,8.322143554687500000e+01,3.125000000000000000e+00,1.564999999999999858e+01,1.548640624999999993e+01
8.509999999999999432e+01,8.283691406250000000e+01,3.160000000000000142e+00,1.538250000000000028e+01,1.552632812500000092e+01
8.520000000000000284e+01,8.507080078125000000e+01,3.140000000000000124e+00,1.549249999999999972e+01,1.552031250000000107e+01
8.529999999999999716e+01,8.560180664062500000e+01,3.160000000000000142e+00,1.533749999999999858e+01,1.550007812499999993e+01
8.540000000000000568e+01,8.521728515625000000e+01,3.165000000000000036e+00,1.550750000000000028e+01,1.549078125000000128e+01
8.550000000000000000e+01,8.576660156250000000e+01,3.125000000000000000e+00,1.527749999999999986e+01,1.552085937500000057e+01
8.559999999999999432e+01,8.620605468750000000e+01,3.185000000000000053e+00,1.544999999999999929e+01,1.549789062500000014e+01
8.570000000000000284e+01,8.794555664062500000e+01,3.149999999999999911e+00,1.527250000000000085e+01,1.552304687500000036e+01
8.579999999999999716e+01,8.803710937500000000e+01,3.214999999999999858e+00,1.574749999999999872e+01,1.552195312500000135e+01
8.590000000000000568e+01,8.765258789062500000e+01,3.154999999999999805e+00,1.535000000000000142e+01,1.549187500000000028e+01
8.600000000000000000e+01,8.814697265625000000e+01,3.207500000000000018e+00,1.524000000000000199e+01,1.549406250000000007e+01
8.609999999999999432e+01,8.968505859375000000e+01,3.197499999999999787e+00,1.541250000000000142e+01,1.548367187500000064e+01
8.620000000000000284e+01,9.021606445312500000e+01,3.202500000000000124e+00,1.536500000000000199e+01,1.554437500000000050e+01
8.629999999999999716e+01,9.028930664062500000e+01,3.209999999999999964e+00,1.546249999999999858e+01,1.558101562500000092e+01
8.640000000000000568e+01,8.988647460937500000e+01,3.220000000000000195e+00,1.537999999999999901e+01,1.554546875000000128e+01
8.650000000000000000e+01,9.182739257812500000e+01,3.222500000000000142e+00,1.537000000000000099e+01,1.556789062500000043e+01
8.659999999999999432e+01,9.190063476562500000e+01,3.245000000000000107e+00,1.543250000000000099e+01,1.549625000000000163e+01
8.670000000000000284e+01,9.224853515625000000e+01,3.214999999999999858e+00,1.559250000000000114e+01,1.549296875000000107e+01
8.679999999999999716e+01,9.226684570312500000e+01,3.227500000000000036e+00,1.528999999999999915e+01,1.552414062500000114e+01
8.690000000000000568e+01,9.212036132812500000e+01,3.222500000000000142e+00,1.565249999999999986e+01,1.546617187500000057e+01
8.700000000000000000e+01,9.428100585937500000e+01,3.257499999999999840e+00,1.522749999999999915e+01,1.549953125000000043e+01
8.709999999999999432e+01,9.385986328125000000e+01,3.225000000000000089e+00,1.542249999999999943e+01,1.553453125000000057e+01
8.720000000000000284e+01,9.422607421875000000e+01,3.252499999999999947e+00,1.535999999999999943e+01,1.547710937500000128e+01
8.729999999999999716e+01,9.424438476562500000e+01,3.290000000000000036e+00,1.546000000000000085e+01,1.557171875000000050e+01
8.740000000000000568e+01,9.552612304687500000e+01,3.252499999999999947e+00,1.517999999999999972e+01,1.552414062500000114e+01
8.750000000000000000e+01,9.625854492187500000e+01,3.242500000000000160e+00,1.508500000000000085e+01,1.551374999999999993e+01
8.759999999999999432e+01,9.578247070312500000e+01,3.272499999999999964e+00,1.556749999999999901e+01,1.552687500000000043e+01
8.770000000000000284e+01,9.616699218750000000e+01,3.252499999999999947e+00,1.547500000000000142e+01,1.552578125000000142e+01
8.779999999999999716e+01,9.719238281250000000e+01,3.274999999999999911e+00,1.544249999999999901e+01,1.548804687500000021e+01
8.790000000000000568e+01,9.754028320312500000e+01,3.322499999999999787e+00,1.541250000000000142e+01,1.549023437500000000e+01
8.800000000000000000e+01,9.808959960937500000e+01,3.252499999999999947e+00,1.518750000000000000e+01,1.555203125000000064e+01
8.809999999999999432e+01,9.761352539062500000e+01,3.327500000000000124e+00,1.544249999999999901e+01,1.552031250000000107e+01
8.820000000000000284e+01,9.796142578125000000e+01,3.152499999999999858e+00,1.536250000000000071e+01,1.552523437500000014e+01
8.829999999999999716e+01,9.962768554687500000e+01,3.302500000000000213e+00,1.539250000000000185e+01,1.553726562500000163e+01
8.840000000000000568e+01,9.938964843750000000e+01,3.314999999999999947e+00,1.532499999999999929e+01,1.551921875000000028e+01
8.850000000000000000e+01,9.988403320312500000e+01,3.302500000000000213e+00,1.525750000000000028e+01,1.548148437500000085e+01
8.859999999999999432e+01,9.935302734375000000e+01,3.322499999999999787e+00,1.523750000000000071e+01,1.545195312500000107e+01
8.870000000000000284e+01,1.011291503906250000e+02,3.410000000000000142e+00,1.551000000000000156e+01,1.548695312500000121e+01
8.879999999999999716e+01,1.014404296875000000e+02,3.359999999999999876e+00,1.532000000000000028e+01,1.552414062500000114e+01
8.890000000000000568e+01,1.010559082031250000e+02,3.370000000000000107e+00,1.532250000000000156e+01,1.548476562500000142e+01
8.900000000000000000e+01,1.015869140625000000e+02,3.325000000000000178e+00,1.535249999999999915e+01,1.550554687500000028e+01
8.909999999999999432e+01,1.017150878906250000e+02,3.337499999999999911e+00,1.557250000000000156e+01,1.548585937500000043e+01
8.920000000000000284e+01,1.031433105468750000e+02,3.352500000000000036e+00,1.525499999999999901e+01,1.550335937500000050e+01
8.929999999999999716e+01,1.031433105468750000e+02,3.319999999999999840e+00,1.528000000000000114e+01,1.556460937500000163e+01
8.940000000000000568e+01,1.027587890625000000e+02,3.319999999999999840e+00,1.550250000000000128e+01,1.551374999999999993e+01
8.950000000000000000e+01,1.033264160156250000e+02,3.350000000000000089e+00,1.540749999999999886e+01,1.550937500000000036e+01
8.959999999999999432e+01,1.042968750000000000e+02,3.370000000000000107e+00,1.521499999999999986e+01,1.551101562500000064e+01
8.970000000000000284e+01,1.048828125000000000e+02,3.390000000000000124e+00,1.535249999999999915e+01,1.554054687500000043e+01
8.979999999999999716e+01,1.048461914062500000e+02,3.362499999999999822e+00,1.542249999999999943e+01,1.548914062500000099e+01
8.990000000000000568e+01,1.045166015625000000e+02,3.382499999999999840e+00,1.519500000000000028e+01,1.553945312500000142e+01
9.000000000000000000e+01,1.061828613281250000e+02,3.354999999999999982e+00,1.526750000000000185e+01,1.553070312500000050e+01
9.009999999999999432e+01,1.060546875000000000e+02,3.375000000000000000e+00,1.521750000000000114e+01,1.551374999999999993e+01
9.020000000000000284e+01,1.064941406250000000e+02,3.382499999999999840e+00,1.537999999999999901e+01,1.553234375000000078e+01
9.029999999999999716e+01,1.064575195312500000e+02,3.379999999999999893e+00,1.539750000000000085e+01,1.552906250000000021e+01
9.040000000000000568e+01,1.062744140625000000e+02,3.372500000000000053e+00,1.563250000000000028e+01,1.548039062500000007e+01
9.050000000000000000e+01,1.081420898437500000e+02,3.629999999999999893e+00,1.544000000000000128e+01,1.552468750000000064e+01
9.059999999999999432e+01,1.076660156250000000e+02,3.430000000000000160e+00,1.541000000000000014e+01,1.544921875000000000e+01
9.070000000000000284e+01,1.081054687500000000e+02,3.625000000000000000e+00,1.532499999999999929e+01,1.552414062500000114e+01
9.079999999999999716e+01,1.080505371093750000e+02,3.405000000000000249e+00,1.545250000000000057e+01,1.550664062500000107e+01
9.090000000000000568e+01,1.091125488281250000e+02,3.412500000000000089e+00,1.533249999999999957e+01,1.550992187500000163e+01
9.100000000000000000e+01,1.098083496093750000e+02,3.439999999999999947e+00,1.539999999999999858e+01,1.547382812500000071e+01
9.109999999999999432e+01,1.092773437500000000e+02,3.437500000000000000e+00,1.512999999999999901e+01,1.552906250000000021e+01
9.120000000000000284e+01,1.097167968750000000e+02,3.594999999999999751e+00,1.548250000000000171e+01,1.548585937500000043e+01
9.129999999999999716e+01,1.106323242187500000e+02,3.395000000000000018e+00,1.548250000000000171e+01,1.552304687500000036e+01
9.140000000000000568e+01,1.108703613281250000e+02,3.452500000000000124e+00,1.530750000000000099e+01,1.550828125000000135e+01
9.150000000000000000e+01,1.114013671875000000e+02,3.427500000000000213e+00,1.539250000000000185e+01,1.550007812499999993e+01
9.159999999999999432e+01,1.108703613281250000e+02,3.462499999999999911e+00,1.517500000000000071e+01,1.547382812500000071e+01
9.170000000000000284e+01,1.112915039062500000e+02,3.442499999999999893e+00,1.540249999999999986e+01,1.553671875000000036e+01
9.179999999999999716e+01,1.127929687500000000e+02,3.412500000000000089e+00,1.551249999999999929e+01,1.548804687500000021e+01
9.190000000000000568e+01,1.125183105468750000e+02,3.462499999999999911e+00,1.559250000000000114e+01,1.545359375000000135e+01
9.200000000000000000e+01,1.130676269531250000e+02,3.467500000000000249e+00,1.551000000000000156e+01,1.546617187500000057e+01
9.209999999999999432e+01,1.124267578125000000e+02,3.487499999999999822e+00,1.539000000000000057e+01,1.550992187500000163e+01
9.220000000000000284e+01,1.141662597656250000e+02,3.504999999999999893e+00,1.563250000000000028e+01,1.550828125000000135e+01
9.229999999999999716e+01,1.143310546875000000e+02,3.497500000000000053e+00,1.539750000000000085e+01,1.545632812500000064e+01
9.240000000000000568e+01,1.140197753906250000e+02,3.475000000000000089e+00,1.545250000000000057e+01,1.547054687500000014e+01
9.250000000000000000e+01,1.145507812500000000e+02,3.495000000000000107e+00,1.545250000000000057e+01,1.547218750000000043e+01
9.259999999999999432e+01,1.146057128906250000e+02,3.500000000000000000e+00,1.533249999999999957e+01,1.547273437499999993e+01
9.270000000000000284e+01,1.158691406250000000e+02,3.537500000000000089e+00,1.553249999999999886e+01,1.550335937500000050e+01
9.279999999999999716e+01,1.158325195312500000e+02,3.507500000000000284e+00,1.531749999999999901e+01,1.553507812500000007e+01
9.290000000000000568e+01,1.155029296875000000e+02,3.527499999999999858e+00,1.563250000000000028e+01,1.551921875000000028e+01
9.300000000000000000e+01,1.160156250000000000e+02,3.512500000000000178e+00,1.550250000000000128e+01,1.556242187500000007e+01
9.309999999999999432e+01,1.169128417968750000e+02,3.522499999999999964e+00,1.542000000000000171e+01,1.550281250000000099e+01
9.320000000000000284e+01,1.174987792968750000e+02,3.555000000000000160e+00,1.528750000000000142e+01,1.549789062500000014e+01
9.329999999999999716e+01,1.174621582031250000e+02,3.555000000000000160e+00,1.534250000000000114e+01,1.552523437500000014e+01
9.340000000000000568e+01,1.171508789062500000e+02,3.607499999999999929e+00,1.541000000000000014e+01,1.549132812500000078e+01
9.350000000000000000e+01,1.187805175781250000e+02,3.537500000000000089e+00,1.538749999999999929e+01,1.550445312500000128e+01
9.359999999999999432e+01,1.185241699218750000e+02,3.552500000000000213e+00,1.539250000000000185e+01,1.551429687500000121e+01
9.370000000000000284e+01,1.190368652343750000e+02,3.592500000000000249e+00,1.533249999999999957e+01,1.548640624999999993e+01
9.379999999999999716e+01,1.189636230468750000e+02,3.577500000000000124e+00,1.546000000000000085e+01,1.553398437500000107e+01
9.390000000000000568e+01,1.190734863281250000e+02,3.582500000000000018e+00,1.530250000000000199e+01,1.548968750000000050e+01
9.400000000000000000e+01,1.207214355468750000e+02,3.584999999999999964e+00,1.524000000000000199e+01,1.549132812500000078e+01
9.409999999999999432e+01,1.201538085937500000e+02,3.584999999999999964e+00,1.547250000000000014e+01,1.552140625000000007e+01
9.420000000000000284e+01,1.206481933593750000e+02,3.622500000000000053e+00,1.537000000000000099e+01,1.550226562500000149e+01
9.429999999999999716e+01,1.205566406250000000e+02,3.594999999999999751e+00,1.535750000000000171e+01,1.552359375000000163e+01
9.440000000000000568e+01,1.216369628906250000e+02,3.612499999999999822e+00,1.543250000000000099e+01,1.548531250000000092e+01
9.450000000000000000e+01,1.223327636718750000e+02,3.629999999999999893e+00,1.538500000000000156e+01,1.552742187499999993e+01
9.459999999999999432e+01,1.216552734375000000e+02,3.625000000000000000e+00,1.545250000000000057e+01,1.547875000000000156e+01
9.470000000000000284e+01,1.221862792968750000e+02,3.615000000000000213e+00,1.542750000000000199e+01,1.545304687500000007e+01
9.479999999999999716e+01,1.230651855468750000e+02,3.592500000000000249e+00,1.530999999999999872e+01,1.546179687500000099e+01
9.490000000000000568e+01,1.233581542968750000e+02,3.625000000000000000e+00,1.533000000000000185e+01,1.551320312500000043e+01
9.500000000000000000e+01,1.238708496093750000e+02,3.652499999999999858e+00,1.529749999999999943e+01,1.551921875000000028e+01
9.509999999999999432e+01,1.232299804687500000e+02,3.627499999999999947e+00,1.548250000000000171e+01,1.550335937500000050e+01
9.520000000000000284e+01,1.239074707031250000e+02,3.637500000000000178e+00,1.525750000000000028e+01,1.548531250000000092e+01
9.529999999999999716e+01,1.250793457031250000e+02,3.649999999999999911e+00,1.563250000000000028e+01,1.550226562500000149e+01
9.540000000000000568e+01,1.248413085937500000e+02,3.687500000000000000e+00,1.527499999999999858e+01,1.553726562500000163e+01
9.550000000000000000e+01,1.253356933593750000e+02,3.667499999999999982e+00,1.535000000000000142e+01,1.557664062500000135e+01
9.559999999999999432e+01,1.247131347656250000e+02,3.665000000000000036e+00,1.541250000000000142e+01,1.548148437500000085e+01
9.570000000000000284e+01,1.266357421875000000e+02,3.669999999999999929e+00,1.550250000000000128e+01,1.548804687500000021e+01
9.579999999999999716e+01,1.267089843750000000e+02,3.725000000000000089e+00,1.549000000000000199e+01,1.547492187500000149e+01
9.590000000000000568e+01,1.264892578125000000e+02,3.959999999999999964e+00,1.525750000000000028e+01,1.552304687500000036e+01
9.600000000000000000e+01,1.269653320312500000e+02,3.737499999999999822e+00,1.543750000000000000e+01,1.544867187500000050e+01
9.609999999999999432e+01,1.266357421875000000e+02,3.714999999999999858e+00,1.527250000000000085e+01,1.546398437500000078e+01
9.620000000000000284e+01,1.273864746093750000e+02,3.674999999999999822e+00,1.543250000000000099e+01,1.549843750000000142e+01
9.629999999999999716e+01,1.272399902343750000e+02,3.707500000000000018e+00,1.544500000000000028e+01,1.549843750000000142e+01
9.640000000000000568e+01,1.269470214843750000e+02,4.062499999999991118e-02,1.526000000000000156e+01,-4.484375000000095923e-02
9.650000000000000000e+01,1.274963378906250000e+02,2.812499999999973355e-02,1.520749999999999957e+01,-7.000000000000028422e-02
9.659999999999999432e+01,1.268554687500000000e+02,3.312500000000007105e-02,1.550000000000000000e+01,-2.460937500000071054e-02
9.670000000000000284e+01,1.273681640625000000e+02,3.312500000000007105e-02,1.557250000000000156e+01,-9.515625000000049738e-02
9.679999999999999716e+01,1.272583007812500000e+02,5.562500000000003553e-02,1.542249999999999943e+01,-2.296875000000042633e-02
9.690000000000000568e+01,1.269836425781250000e+02,-9.374999999999911182e-03,1.539000000000000057e+01,-3.992187500000099476e-02
9.700000000000000000e+01,1.275146484375000000e+02,2.062499999999989342e-02,1.542500000000000071e+01,-7.765625000000042633e-02
9.709999999999999432e+01,1.268554687500000000e+02,3.312500000000007105e-02,1.538250000000000028e+01,1.039062499999943157e-02
9.720000000000000284e+01,1.274230957031250000e+02,3.312500000000007105e-02,1.572749999999999915e+01,-3.718750000000081712e-02
9.729999999999999716e+01,1.272216796875000000e+02,2.312499999999984013e-02,1.525750000000000028e+01,9.296874999999538147e-03
9.740000000000000568e+01,1.264526367187500000e+02,5.062500000000014211e-02,1.553000000000000114e+01,-3.992187500000099476e-02
9.750000000000000000e+01,1.261230468750000000e+02,3.312500000000007105e-02,1.537999999999999901e+01,2.132812499999925393e-02
9.759999999999999432e+01,1.254455566406250000e+02,8.124999999999715783e-03,1.533749999999999858e+01,-5.468750000000355271e-03
9.770000000000000284e+01,1.259765625000000000e+02,3.812499999999996447e-02,1.553249999999999886e+01,3.335937499999896971e-02
9.779999999999999716e+01,1.258483886718750000e+02,4.312499999999985789e-02,1.556250000000000000e+01,-1.421875000000039080e-02
9.790000000000000568e+01,1.227172851562500000e+02,3.312500000000007105e-02,1.526500000000000057e+01,-4.812500000000063949e-02
9.800000000000000000e+01,1.230102539062500000e+02,-6.874999999999964473e-03,1.543250000000000099e+01,-1.066406250000007105e-01
9.809999999999999432e+01,1.223510742187500000e+02,2.812499999999973355e-02,1.543499999999999872e+01,-4.593750000000085265e-02
9.820000000000000284e+01,1.228820800781250000e+02,2.025000000000001243e-01,1.525250000000000128e+01,-5.851562500000095923e-02
9.829999999999999716e+01,1.196594238281250000e+02,4.812499999999975131e-02,1.546000000000000085e+01,-1.640625000000106581e-02
9.840000000000000568e+01,1.181396484375000000e+02,7.062500000000015987e-02,1.527499999999999858e+01,-5.140625000000031974e-02
9.850000000000000000e+01,1.186157226562500000e+02,-1.875000000000071054e-03,1.560000000000000142e+01,-1.093750000000781597e-03
9.859999999999999432e+01,1.179382324218750000e+02,-1.306250000000002132e-01,1.549249999999999972e+01,-6.015625000000746070e-03
9.870000000000000284e+01,1.176086425781250000e+02,4.312499999999985789e-02,1.525499999999999901e+01,-4.156250000000039080e-02
9.879999999999999716e+01,1.139648437500000000e+02,5.062500000000014211e-02,1.526750000000000185e+01,-3.281250000000035527e-02
9.890000000000000568e+01,1.134338378906250000e+02,5.562500000000003553e-02,1.537249999999999872e+01,-4.375000000000461853e-03
9.900000000000000000e+01,1.139831542968750000e+02,3.312500000000007105e-02,1.536250000000000071e+01,-9.625000000000039080e-02
9.909999999999999432e+01,1.133972167968750000e+02,3.124999999999822364e-03,1.548250000000000171e+01,-2.570312500000060396e-02
9.920000000000000284e+01,1.105224609375000000e+02,2.812499999999973355e-02,1.539999999999999858e+01,-5.687500000000067502e-02
9.929999999999999716e+01,1.099731445312500000e+02,5.062500000000014211e-02,1.549249999999999972e+01,-9.242187500000031974e-02
9.940000000000000568e+01,1.096435546875000000e+02,5.312500000000008882e-02,1.550250000000000128e+01,-6.453125000000081712e-02
9.950000000000000000e+01,1.101562500000000000e+02,2.062499999999989342e-02,1.546999999999999886e+01,-6.781250000000049738e-02
9.959999999999999432e+01,1.077941894531250000e+02,4.562499999999980460e-02,1.558999999999999986e+01,-5.523437500000039080e-02
9.970000000000000284e+01,1.070617675781250000e+02,7.812500000000000000e-02,1.552250000000000085e+01,-3.171875000000046185e-02
9.979999999999999716e+01,1.070251464843750000e+02,5.562500000000003553e-02,1.528000000000000114e+01,-4.156250000000039080e-02
9.990000000000000568e+01,1.066223144531250000e+02,2.562499999999978684e-02,1.530999999999999872e+01,-2.953125000000067502e-02
1.000000000000000000e+02,1.071350097656250000e+02,5.312500000000008882e-02,1.537999999999999901e+01,-4.593750000000085265e-02
1.000999999999999943e+02,1.041137695312500000e+02,3.312500000000007105e-02,1.572749999999999915e+01,-4.484375000000095923e-02
1.002000000000000028e+02,1.044067382812500000e+02,6.812499999999976907e-02,1.527749999999999986e+01,-8.203125000000532907e-03
1.002999999999999972e+02,1.043518066406250000e+02,2.812499999999973355e-02,1.547250000000000014e+01,-2.898437500000028422e-02
1.004000000000000057e+02,1.040039062500000000e+02,1.062500000000010658e-02,1.540249999999999986e+01,-1.257812500000099476e-02
1.005000000000000000e+02,1.026489257812500000e+02,2.312499999999984013e-02,1.536250000000000071e+01,-3.773437500000031974e-02
1.005999999999999943e+02,1.016967773437500000e+02,1.312500000000005329e-02,1.535000000000000142e+01,-5.085937500000081712e-02
1.007000000000000028e+02,1.020812988281250000e+02,4.062499999999991118e-02,1.540500000000000114e+01,-5.304687500000060396e-02
1.007999999999999972e+02,1.020629882812500000e+02,3.562500000000001776e-02,1.555499999999999972e+01,-4.867187500000103029e-02
1.009000000000000057e+02,1.010192871093750000e+02,1.562500000000000000e-02,1.512750000000000128e+01,-6.671875000000060396e-02
1.010000000000000000e+02,1.003784179687500000e+02,5.562500000000003553e-02,1.533000000000000185e+01,-6.453125000000081712e-02
1.010999999999999943e+02,9.981079101562500000e+01,5.812499999999998224e-02,1.530750000000000099e+01,-7.328125000000085265e-02
1.012000000000000028e+02,1.001953125000000000e+02,2.812499999999973355e-02,1.516000000000000014e+01,-4.429687500000056843e-02
1.012999999999999972e+02,1.001770019531250000e+02,5.562500000000003553e-02,1.548250000000000171e+01,-2.625000000000099476e-02
1.014000000000000057e+02,9.821777343750000000e+01,4.312499999999985789e-02,1.537000000000000099e+01,-1.640625000000106581e-02
1.015000000000000000e+02,9.856567382812500000e+01,6.249999999998756550e-04,1.525750000000000028e+01,-6.453125000000081712e-02
1.015999999999999943e+02,9.797973632812500000e+01,4.062499999999991118e-02,1.525499999999999901e+01,-5.195312500000071054e-02
1.017000000000000028e+02,9.836425781250000000e+01,4.062499999999991118e-02,1.534250000000000114e+01,-2.953125000000067502e-02
1.017999999999999972e+02,9.717407226562500000e+01,5.062500000000014211e-02,1.549249999999999972e+01,-8.203125000000532907e-03
1.019000000000000057e+02,9.633178710937500000e+01,2.062499999999989342e-02,1.532000000000000028e+01,3.828124999999182876e-03
1.020000000000000000e+02,9.680786132812500000e+01,4.062499999999991118e-02,1.537249999999999872e+01,-2.898437500000028422e-02
1.020999999999999943e+02,9.633178710937500000e+01,5.312500000000008882e-02,1.552749999999999986e+01,-8.421875000000067502e-02
1.022000000000000028e+02,9.655151367187500000e+01,3.562500000000001776e-02,1.546999999999999886e+01,-3.718750000000081712e-02
1.022999999999999972e+02,9.525146484375000000e+01,3.062500000000012434e-02,1.534250000000000114e+01,-8.750000000000035527e-02
1.024000000000000057e+02,9.483032226562500000e+01,3.062500000000012434e-02,1.533000000000000185e+01,-7.984375000000110134e-02
1.025000000000000000e+02,9.530639648437500000e+01,4.562499999999980460e-02,1.544249999999999901e+01,-5.304687500000060396e-02
1.025999999999999943e+02,9.479370117187500000e+01,3.062500000000012434e-02,1.545250000000000057e+01,-2.625000000000099476e-02
1.027000000000000028e+02,9.396972656250000000e+01,4.562499999999980460e-02,1.530250000000000199e+01,-6.234375000000103029e-02
1.027999999999999972e+02,9.376831054687500000e+01,2.312499999999984013e-02,1.532750000000000057e+01,-4.320312500000067502e-02
1.029000000000000057e+02,9.338378906250000000e+01,5.562500000000003553e-02,1.510249999999999915e+01,-2.132812500000103029e-02
1.030000000000000000e+02,9.391479492187500000e+01,1.812499999999994671e-02,1.542500000000000071e+01,-3.390625000000024869e-02
1.030999999999999943e+02,9.270629882812500000e+01,1.062500000000010658e-02,1.534250000000000114e+01,-1.071875000000011013e-01
1.032000000000000028e+02,9.248657226562500000e+01,3.312500000000007105e-02,1.543250000000000099e+01,-4.046875000000049738e-02
1.032999999999999972e+02,9.250488281250000000e+01,-4.375000000000017764e-03,1.555250000000000199e+01,-9.843750000000817124e-03
1.034000000000000057e+02,9.210205078125000000e+01,5.062500000000014211e-02,1.528000000000000114e+01,1.749999999999918288e-02
1.035000000000000000e+02,9.259643554687500000e+01,6.249999999998756550e-04,1.555999999999999872e+01,-1.421875000000039080e-02
1.035999999999999943e+02,9.091186523437500000e+01,4.812499999999975131e-02,1.566750000000000043e+01,-5.140625000000031974e-02
1.037000000000000028e+02,9.116821289062500000e+01,3.062500000000012434e-02,1.527250000000000085e+01,-5.414062500000049738e-02
1.037999999999999972e+02,9.120483398437500000e+01,2.062499999999989342e-02,1.544000000000000128e+01,-3.937500000000060396e-02
1.039000000000000057e+02,9.080200195312500000e+01,4.312499999999985789e-02,1.522749999999999915e+01,-4.812500000000063949e-02
1.040000000000000000e+02,9.034423828125000000e+01,4.812499999999975131e-02,1.535750000000000171e+01,2.187499999999964473e-02
1.040999999999999943e+02,8.959350585937500000e+01,3.812499999999996447e-02,1.537999999999999901e+01,-3.007812500000106581e-02
1.042000000000000028e+02,8.995971679687500000e+01,3.562500000000001776e-02,1.535750000000000171e+01,-5.632812500000028422e-02
1.042999999999999972e+02,8.994140625000000000e+01,2.599999999999997868e-01,1.526999999999999957e+01,-5.742187500000106581e-02
1.044000000000000057e+02,8.926391601562500000e+01,7.312500000000010658e-02,1.528999999999999915e+01,-5.742187500000106581e-02
1.045000000000000000e+02,8.889770507812500000e+01,-1.212499999999998579e-01,1.556749999999999901e+01,-3.445312500000063949e-02
1.045999999999999943e+02,8.842163085937500000e+01,2.062499999999989342e-02,1.529749999999999943e+01,-6.015625000000746070e-03
1.047000000000000028e+02,8.876953125000000000e+01,2.312499999999984013e-02,1.542249999999999943e+01,-8.039062500000060396e-02
1.047999999999999972e+02,8.875122070312500000e+01,1.562500000000000000e-02,1.538250000000000028e+01,-2.570312500000060396e-02
1.049000000000000057e+02,8.743286132812500000e+01,4.312499999999985789e-02,1.560750000000000171e+01,-5.851562500000095923e-02
1.050000000000000000e+02,8.778076171875000000e+01,5.562500000000003553e-02,1.538500000000000156e+01,-5.085937500000081712e-02
1.050999999999999943e+02,8.730468750000000000e+01,4.812499999999975131e-02,1.528750000000000142e+01,-1.914062500000035527e-02
1.052000000000000028e+02,8.761596679687500000e+01,6.249999999998756550e-04,1.523499999999999943e+01,-2.734375000000088818e-02
1.052999999999999972e+02,8.695678710937500000e+01,4.562499999999980460e-02,1.514250000000000185e+01,-2.843750000000078160e-02
1.054000000000000057e+02,8.618774414062500000e+01,2.312499999999984013e-02,1.544249999999999901e+01,-5.742187500000106581e-02
1.055000000000000000e+02,8.668212890625000000e+01,1.562500000000000000e-02,1.556250000000000000e+01,-4.867187500000103029e-02
1.055999999999999943e+02,8.620605468750000000e+01,2.312499999999984013e-02,1.530750000000000099e+01,-6.671875000000060396e-02
1.057000000000000028e+02,8.653564453125000000e+01,3.562500000000001776e-02,1.520749999999999957e+01,-5.632812500000028422e-02
1.057999999999999972e+02,8.552856445312500000e+01,2.062499999999989342e-02,1.536749999999999972e+01,-4.265625000000028422e-02
1.059000000000000057e+02,8.512573242187500000e+01,3.312500000000007105e-02,1.541250000000000142e+01,2.187499999999964473e-02
1.060000000000000000e+02,8.551025390625000000e+01,5.812499999999998224e-02,1.547250000000000014e+01,-5.468750000003907985e-04
1.060999999999999943e+02,8.508911132812500000e+01,3.062500000000012434e-02,1.512750000000000128e+01,1.257812499999921840e-02
1.062000000000000028e+02,8.457641601562500000e+01,3.812499999999996447e-02,1.537249999999999872e+01,-3.117187500000095923e-02
1.062999999999999972e+02,8.444824218750000000e+01,2.062499999999989342e-02,1.565749999999999886e+01,-8.257812500000039080e-02
1.064000000000000057e+02,8.410034179687500000e+01,6.062499999999992895e-02,1.534750000000000014e+01,-2.734375000001065814e-03
1.065000000000000000e+02,8.453979492187500000e+01,1.312500000000005329e-02,1.560750000000000171e+01,-5.140625000000031974e-02
1.065999999999999943e+02,8.371582031250000000e+01,3.312500000000007105e-02,1.561250000000000071e+01,-9.296875000000426326e-03
1.067000000000000028e+02,8.344116210937500000e+01,5.062500000000014211e-02,1.550250000000000128e+01,-1.585937500000067502e-02
1.067999999999999972e+02,8.347778320312500000e+01,1.062500000000010658e-02,1.543250000000000099e+01,-3.007812500000106581e-02
1.069000000000000057e+02,8.309326171875000000e+01,3.562500000000001776e-02,1.537000000000000099e+01,-5.304687500000060396e-02
1.070000000000000000e+02,8.355102539062500000e+01,5.062500000000014211e-02,1.537999999999999901e+01,-7.273437500000046185e-02
1.070999999999999943e+02,8.221435546875000000e+01,5.562500000000003553e-02,1.525499999999999901e+01,-6.671875000000060396e-02
1.072000000000000028e+02,8.241577148437500000e+01,2.562499999999978684e-02,1.539999999999999858e+01,-1.203125000000060396e-02
1.072999999999999972e+02,8.247070312500000000e+01,3.062500000000012434e-02,1.528500000000000014e+01,-3.335937500000074607e-02
1.074000000000000057e+02,8.208618164062500000e+01,1.812499999999994671e-02,1.522250000000000014e+01,-6.835937500000088818e-02
1.075000000000000000e+02,8.186645507812500000e+01,2.562499999999978684e-02,1.532250000000000156e+01,-6.398437500000042633e-02
1.075999999999999943e+02,8.113403320312500000e+01,1.062500000000010658e-02,1.569249999999999901e+01,-4.593750000000085265e-02
1.077000000000000028e+02,8.139038085937500000e+01,2.312499999999984013e-02,1.562500000000000000e+01,1.148437499999932498e-02
1.077999999999999972e+02,8.144531250000000000e+01,-5.374999999999996447e-02,1.521249999999999858e+01,-1.093750000000071054e-02
1.079000000000000057e+02,8.098754882812500000e+01,4.312499999999985789e-02,1.520500000000000185e+01,-3.609375000000092371e-02
1.080000000000000000e+02,8.058471679687500000e+01,2.312499999999984013e-02,1.530499999999999972e+01,-6.671875000000060396e-02
1.080999999999999943e+02,8.012695312500000000e+01,5.062500000000014211e-02,1.546249999999999858e+01,-2.296875000000042633e-02
1.082000000000000028e+02,8.040161132812500000e+01,1.062500000000010658e-02,1.518750000000000000e+01,-4.210937500000078160e-02
1.082999999999999972e+02,8.045654296875000000e+01,2.312499999999984013e-02,1.537750000000000128e+01,-6.835937500000088818e-02
1.084000000000000057e+02,7.933959960937500000e+01,3.124999999999822364e-03,1.555250000000000199e+01,-3.554687500000053291e-02
1.085000000000000000e+02,7.963256835937500000e+01,4.562499999999980460e-02,1.536250000000000071e+01,-3.281250000000035527e-02
1.085999999999999943e+02,7.922973632812500000e+01,5.562500000000003553e-02,1.534250000000000114e+01,-5.468750000000355271e-03
1.087000000000000028e+02,7.950439453125000000e+01,2.062499999999989342e-02,1.549249999999999972e+01,-1.640625000000106581e-02
1.087999999999999972e+02,7.911987304687500000e+01,2.749999999999985789e-02,1.549000000000000199e+01,-9.296875000000426326e-03
1.089000000000000057e+02,7.829589843750000000e+01,3.312500000000007105e-02,1.544249999999999901e+01,-1.367187500000088818e-02
1.090000000000000000e+02,7.879028320312500000e+01,3.812499999999996447e-02,1.539999999999999858e+01,-1.039062500000031974e-02
1.090999999999999943e+02,7.835083007812500000e+01,3.562500000000001776e-02,1.553249999999999886e+01,-1.148437500000110134e-02
1.092000000000000028e+02,7.862548828125000000e+01,5.312500000000008882e-02,1.525250000000000128e+01,4.921874999999076294e-03
1.092999999999999972e+02,7.781982421875000000e+01,4.562499999999980460e-02,1.525250000000000128e+01,-2.078125000000063949e-02
1.094000000000000057e+02,7.736206054687500000e+01,2.812499999999973355e-02,1.534250000000000114e+01,-5.742187500000106581e-02
1.095000000000000000e+02,7.787475585937500000e+01,2.812499999999973355e-02,1.522250000000000014e+01,1.093749999999005240e-03
1.095999999999999943e+02,7.741699218750000000e+01,3.562500000000001776e-02,1.511250000000000071e+01,-8.093750000000099476e-02
1.097000000000000028e+02,7.710571289062500000e+01,6.812499999999976907e-02,1.524000000000000199e+01,-3.390625000000024869e-02
1.097999999999999972e+02,7.692260742187500000e+01,4.312499999999985789e-02,1.551999999999999957e+01,-1.093750000000071054e-02
1.099000000000000057e+02,7.653808593750000000e+01,2.312499999999984013e-02,1.517750000000000199e+01,-6.671875000000060396e-02
1.100000000000000000e+02,7.701416015625000000e+01,8.124999999999715783e-03,1.511749999999999972e+01,-2.242187500000092371e-02
1.100999999999999943e+02,7.640991210937500000e+01,4.562499999999980460e-02,1.550750000000000028e+01,-1.804687500000046185e-02
1.102000000000000028e+02,7.602539062500000000e+01,3.312500000000007105e-02,1.528500000000000014e+01,-3.062500000000056843e-02
1.102999999999999972e+02,7.604370117187500000e+01,3.062500000000012434e-02,1.532250000000000156e+01,7.109374999999751310e-03
1.104000000000000057e+02,7.571411132812500000e+01,3.812499999999996447e-02,1.523499999999999943e+01,-6.507812500000031974e-02
1.105000000000000000e+02,7.608032226562500000e+01,-3.374999999999994671e-02,1.525750000000000028e+01,-4.703125000000074607e-02
1.105999999999999943e+02,7.500000000000000000e+01,2.812499999999973355e-02,1.528750000000000142e+01,-1.750000000000095923e-02
1.107000000000000028e+02,7.520141601562500000e+01,3.562500000000001776e-02,1.526750000000000185e+01,3.828124999999893419e-02
1.107999999999999972e+02,7.525634765625000000e+01,4.562499999999980460e-02,1.533749999999999858e+01,-5.085937500000081712e-02
1.109000000000000057e+02,7.489013671875000000e+01,3.562500000000001776e-02,1.552250000000000085e+01,-4.320312500000067502e-02
1.110000000000000000e+02,7.487182617187500000e+01,1.812499999999994671e-02,1.526500000000000057e+01,-8.750000000000923706e-03
1.110999999999999943e+02,7.413940429687500000e+01,4.562499999999980460e-02,1.534750000000000014e+01,-4.593750000000085265e-02
1.112000000000000028e+02,7.439575195312500000e+01,1.312500000000005329e-02,1.523750000000000071e+01,2.078124999999975131e-02
1.112999999999999972e+02,7.443237304687500000e+01,1.062500000000010658e-02,1.530999999999999872e+01,-3.007812500000106581e-02
1.114000000000000057e+02,7.404785156250000000e+01,2.062499999999989342e-02,1.557250000000000156e+01,3.664062499999953815e-02
1.115000000000000000e+02,7.375488281250000000e+01,3.312500000000007105e-02,1.539750000000000085e+01,-2.187500000000053291e-02
1.115999999999999943e+02,7.331542968750000000e+01,2.312499999999984013e-02,1.538250000000000028e+01,-1.804687500000046185e-02
1.117000000000000028e+02,7.357177734375000000e+01,2.062499999999989342e-02,1.537500000000000000e+01,-2.242187500000092371e-02
1.117999999999999972e+02,7.364501953125000000e+01,3.812499999999996447e-02,1.549000000000000199e+01,-6.015625000000746070e-03
1.119000000000000057e+02,7.271118164062500000e+01,3.312500000000007105e-02,1.558249999999999957e+01,-4.375000000000106581e-02
1.120000000000000000e+02,7.300415039062500000e+01,3.812499999999996447e-02,1.525750000000000028e+01,-8.640625000000046185e-02
1.120999999999999943e+02,7.261962890625000000e+01,2.562499999999978684e-02,1.539750000000000085e+01,-6.507812500000031974e-02
1.122000000000000028e+02,7.289428710937500000e+01,6.312499999999987566e-02,1.513250000000000028e+01,-5.250000000000110134e-02
1.122999999999999972e+02,7.267456054687500000e+01,6.562499999999982236e-02,1.515500000000000114e+01,-5.250000000000110134e-02
1.124000000000000057e+02,7.179565429687500000e+01,5.812499999999998224e-02,1.554250000000000043e+01,1.257812499999921840e-02
1.125000000000000000e+02,7.218017578125000000e+01,7.624999999999992895e-02,1.539999999999999858e+01,-3.718750000000081712e-02
1.125999999999999943e+02,7.185058593750000000e+01,6.812499999999976907e-02,1.545749999999999957e+01,-4.101562500000088818e-02
1.127000000000000028e+02,7.205200195312500000e+01,7.312500000000010658e-02,1.526750000000000185e+01,-5.906250000000046185e-02
1.127999999999999972e+02,7.150268554687500000e+01,3.062500000000012434e-02,1.540249999999999986e+01,-3.335937500000074607e-02
1.129000000000000057e+02,7.108154296875000000e+01,4.062499999999991118e-02,1.534250000000000114e+01,-7.546875000000063949e-02
1.130000000000000000e+02,7.148437500000000000e+01,7.562500000000005329e-02,1.545250000000000057e+01,-7.054687500000067502e-02
1.130999999999999943e+02,7.115478515625000000e+01,2.312499999999984013e-02,1.546999999999999886e+01,-6.890625000000039080e-02
1.132000000000000028e+02,7.089843750000000000e+01,1.812499999999994671e-02,1.522500000000000142e+01,-6.015625000000746070e-03
1.132999999999999972e+02,7.077026367187500000e+01,8.812499999999978684e-02,1.539999999999999858e+01,2.953124999999889866e-02
1.134000000000000057e+02,7.040405273437500000e+01,1.062500000000010658e-02,1.533249999999999957e+01,-7.382812500000035527e-02
1.135000000000000000e+02,7.078857421875000000e+01,1.062500000000010658e-02,1.541000000000000014e+01,-4.101562500000088818e-02
1.135999999999999943e+02,7.044067382812500000e+01,2.062499999999989342e-02,1.535000000000000142e+01,-9.843750000000817124e-03
1.137000000000000028e+02,7.001953125000000000e+01,3.062500000000012434e-02,1.552250000000000085e+01,1.312499999999960920e-02
1.137999999999999972e+02,7.001953125000000000e+01,3.062500000000012434e-02,1.526750000000000185e+01,-5.359375000000099476e-02
1.139000000000000057e+02,6.965332031250000000e+01,2.062499999999989342e-02,1.530750000000000099e+01,-8.750000000000923706e-03
1.140000000000000000e+02,7.007446289062500000e+01,1.062500000000010658e-02,1.529749999999999943e+01,-7.328125000000085265e-02
1.140999999999999943e+02,6.915893554687500000e+01,7.062500000000015987e-02,1.550750000000000028e+01,-3.882812500000110134e-02
1.142000000000000028e+02,6.928710937500000000e+01,3.062500000000012434e-02,1.533999999999999986e+01,-3.554687500000053291e-02
1.142999999999999972e+02,6.930541992187500000e+01,2.312499999999984013e-02,1.539250000000000185e+01,4.429687499999968026e-02
1.144000000000000057e+02,6.895751953125000000e+01,4.062499999999991118e-02,1.533249999999999957e+01,-6.562500000000071054e-02
1.145000000000000000e+02,6.914062500000000000e+01,6.312499999999987566e-02,1.564999999999999858e+01,-2.296875000000042633e-02
1.145999999999999943e+02,6.835327148437500000e+01,8.124999999999715783e-03,1.558500000000000085e+01,-1.531250000000028422e-02
1.147000000000000028e+02,6.853637695312500000e+01,3.312500000000007105e-02,1.561250000000000071e+01,-2.898437500000028422e-02
1.147999999999999972e+02,6.862792968750000000e+01,3.312500000000007105e-02,1.533999999999999986e+01,-6.015625000000035527e-02
1.149000000000000057e+02,6.829833984375000000e+01,4.312499999999985789e-02,1.539750000000000085e+01,-6.125000000000024869e-02
1.150000000000000000e+02,6.815185546875000000e+01,3.124999999999822364e-03,1.535999999999999943e+01,-7.273437500000046185e-02
1.150999999999999943e+02,6.774902343750000000e+01,8.124999999999715783e-03,1.550250000000000128e+01,-7.656250000001030287e-03
1.152000000000000028e+02,6.796875000000000000e+01,1.812499999999994671e-02,1.532000000000000028e+01,-6.343750000000092371e-02
1.152999999999999972e+02,6.802368164062500000e+01,4.062499999999991118e-02,1.541750000000000043e+01,-2.187500000000053291e-02
1.154000000000000057e+02,6.723632812500000000e+01,1.312500000000005329e-02,1.544249999999999901e+01,-1.148437500000110134e-02
1.155000000000000000e+02,6.740112304687500000e+01,2.812499999999973355e-02,1.524249999999999972e+01,2.187499999998898659e-03
1.155999999999999943e+02,6.703491210937500000e+01,3.124999999999822364e-03,1.533999999999999986e+01,-3.281250000000035527e-02
1.157000000000000028e+02,6.723632812500000000e+01,1.062500000000010658e-02,1.541250000000000142e+01,9.843749999999040767e-03
1.157999999999999972e+02,6.734619140625000000e+01,4.062499999999991118e-02,1.546000000000000085e+01,-3.828125000000959233e-03
1.159000000000000057e+02,6.641235351562500000e+01,3.812499999999996447e-02,1.530250000000000199e+01,-2.132812500000103029e-02
1.160000000000000000e+02,6.677856445312500000e+01,2.062499999999989342e-02,1.543250000000000099e+01,-8.257812500000039080e-02
1.160999999999999943e+02,6.646728515625000000e+01,1.312500000000005329e-02,1.562000000000000099e+01,3.828124999999182876e-03
1.162000000000000028e+02,6.666870117187500000e+01,1.312500000000005329e-02,1.521499999999999986e+01,-5.468750000003907985e-04
1.162999999999999972e+02,6.624755859375000000e+01,1.562500000000000000e-02,1.560249999999999915e+01,-3.007812500000106581e-02
1.164000000000000057e+02,6.578979492187500000e+01,4.062499999999991118e-02,1.538250000000000028e+01,-6.562500000000248690e-03
1.165000000000000000e+02,6.619262695312500000e+01,-6.874999999999964473e-03,1.545500000000000185e+01,-7.109375000000639488e-03
1.165999999999999943e+02,6.582641601562500000e+01,3.562500000000001776e-02,1.535500000000000043e+01,-9.843750000000817124e-03
1.167000000000000028e+02,6.580810546875000000e+01,8.875000000000010658e-02,1.526750000000000185e+01,-2.351562500000081712e-02
1.167999999999999972e+02,6.562500000000000000e+01,3.812499999999996447e-02,1.543499999999999872e+01,-3.335937500000074607e-02
1.169000000000000057e+02,6.527709960937500000e+01,3.062500000000012434e-02,1.541250000000000142e+01,-6.398437500000042633e-02
1.170000000000000000e+02,6.569824218750000000e+01,6.062499999999992895e-02,1.544999999999999929e+01,1.859374999999907629e-02
1.170999999999999943e+02,6.536865234375000000e+01,-1.187499999999985789e-02,1.544249999999999901e+01,-2.406250000000031974e-02
1.172000000000000028e+02,6.494750976562500000e+01,-4.375000000000017764e-03,1.541250000000000142e+01,3.335937499999896971e-02
1.172999999999999972e+02,6.500244140625000000e+01,1.812499999999994671e-02,1.528999999999999915e+01,-3.117187500000095923e-02
1.174000000000000057e+02,6.467285156250000000e+01,2.812499999999973355e-02,1.554250000000000043e+01,-6.234375000000103029e-02
1.175000000000000000e+02,6.509399414062500000e+01,2.312499999999984013e-02,1.548250000000000171e+01,-6.234375000000103029e-02
1.175999999999999943e+02,6.434326171875000000e+01,3.312500000000007105e-02,1.549249999999999972e+01,-3.390625000000024869e-02
1.177000000000000028e+02,6.436157226562500000e+01,-1.187499999999985789e-02,1.550250000000000128e+01,-4.812500000000063949e-02
1.177999999999999972e+02,6.443481445312500000e+01,2.562499999999978684e-02,1.556250000000000000e+01,-2.898437500000028422e-02
1.179000000000000057e+02,6.406860351562500000e+01,3.312500000000007105e-02,1.544000000000000128e+01,3.828124999999182876e-03
1.180000000000000000e+02,6.445312500000000000e+01,8.124999999999715783e-03,1.530750000000000099e+01,-4.101562500000088818e-02
1.180999999999999943e+02,6.372070312500000000e+01,5.624999999999769074e-03,1.538500000000000156e+01,4.921874999999076294e-03
1.182000000000000028e+02,6.386718750000000000e+01,5.562500000000003553e-02,1.538250000000000028e+01,8.476562499999928946e-02
1.182999999999999972e+02,6.386718750000000000e+01,3.062500000000012434e-02,1.518499999999999872e+01,-4.429687500000056843e-02
1.184000000000000057e+02,6.355590820312500000e+01,2.562499999999978684e-02,1.546249999999999858e+01,-4.593750000000085265e-02
1.185000000000000000e+02,6.348266601562500000e+01,4.812499999999975131e-02,1.561250000000000071e+01,-3.117187500000095923e-02
1.185999999999999943e+02,6.304321289062500000e+01,2.062499999999989342e-02,1.531749999999999901e+01,-4.703125000000074607e-02
1.187000000000000028e+02,6.322631835937500000e+01,-6.874999999999964473e-03,1.530750000000000099e+01,-4.812500000000063949e-02
1.187999999999999972e+02,6.329956054687500000e+01,2.812499999999973355e-02,1.524749999999999872e+01,-8.203125000000532907e-03
1.189000000000000057e+02,6.271362304687500000e+01,3.562500000000001776e-02,1.554250000000000043e+01,-2.898437500000028422e-02
1.190000000000000000e+02,6.284179687500000000e+01,1.562500000000000000e-02,1.526999999999999957e+01,-1.750000000000095923e-02
1.190999999999999943e+02,6.253051757812500000e+01,6.249999999998756550e-04,1.535999999999999943e+01,-4.976562500000092371e-02
1.192000000000000028e+02,6.273193359375000000e+01,2.562499999999978684e-02,1.519750000000000156e+01,-1.039062500000031974e-02
1.192999999999999972e+02,6.280517578125000000e+01,4.062499999999991118e-02,1.543250000000000099e+01,-3.937500000000060396e-02
1.194000000000000057e+02,6.190795898437500000e+01,2.062499999999989342e-02,1.531749999999999901e+01,-3.773437500000031974e-02
1.195000000000000000e+02,6.227416992187500000e+01,5.812499999999998224e-02,1.556250000000000000e+01,-3.226562500000085265e-02
1.195999999999999943e+02,6.194458007812500000e+01,3.312500000000007105e-02,1.539250000000000185e+01,-5.742187500000106581e-02
1.197000000000000028e+02,6.216430664062500000e+01,3.062500000000012434e-02,1.552250000000000085e+01,-2.296875000000042633e-02
1.197999999999999972e+02,6.187133789062500000e+01,2.812499999999973355e-02,1.539000000000000057e+01,5.249999999999932498e-02
1.199000000000000057e+02,6.139526367187500000e+01,3.562500000000001776e-02,1.515749999999999886e+01,-6.125000000000024869e-02
1.200000000000000000e+02,6.176147460937500000e+01,4.562499999999980460e-02,1.526249999999999929e+01,-5.304687500000060396e-02
1.200999999999999943e+02,6.146850585937500000e+01,5.312500000000008882e-02,1.520749999999999957e+01,-3.062500000000056843e-02
1.202000000000000028e+02,6.156005859375000000e+01,3.812499999999996447e-02,1.530999999999999872e+01,-8.695312500000085265e-02
1.202999999999999972e+02,6.123046875000000000e+01,5.562500000000003553e-02,1.543250000000000099e+01,-1.312500000000049738e-02
1.204000000000000057e+02,6.088256835937500000e+01,3.124999999999822364e-03,1.555250000000000199e+01,6.562499999999360512e-03
1.205000000000000000e+02,6.123046875000000000e+01,4.312499999999985789e-02,1.542750000000000199e+01,-1.225000000000004974e-01
1.205999999999999943e+02,6.095581054687500000e+01,5.562500000000003553e-02,1.545250000000000057e+01,-6.890625000000039080e-02
1.207000000000000028e+02,6.071777343750000000e+01,2.562499999999978684e-02,1.525499999999999901e+01,-5.304687500000060396e-02
1.207999999999999972e+02,6.073608398437500000e+01,3.562500000000001776e-02,1.549000000000000199e+01,-8.695312500000085265e-02
1.209000000000000057e+02,6.038818359375000000e+01,4.062499999999991118e-02,1.535500000000000043e+01,-5.468750000003907985e-04
1.210000000000000000e+02,6.073608398437500000e+01,4.562499999999980460e-02,1.537249999999999872e+01,-3.554687500000053291e-02
1.210999999999999943e+02,6.047973632812500000e+01,5.062500000000014211e-02,1.533999999999999986e+01,2.570312499999971578e-02
1.212000000000000028e+02,6.060791015625000000e+01,4.562499999999980460e-02,1.556250000000000000e+01,-3.882812500000110134e-02
1.212999999999999972e+02,6.069946289062500000e+01,2.062499999999989342e-02,1.558999999999999986e+01,-5.085937500000081712e-02
1.214000000000000057e+02,6.036987304687500000e+01,3.280000000000000249e+00,1.529749999999999943e+01,1.695203125000000099e+01
1.215000000000000000e+02,6.077270507812500000e+01,3.257499999999999840e+00,1.542249999999999943e+01,1.553015625000000099e+01
1.215999999999999943e+02,6.044311523437500000e+01,2.919999999999999929e+00,1.523499999999999943e+01,1.551210937500000142e+01
1.217000000000000028e+02,6.060791015625000000e+01,2.927500000000000213e+00,1.547500000000000142e+01,1.546343750000000128e+01
1.217999999999999972e+02,6.071777343750000000e+01,2.972500000000000142e+00,1.549249999999999972e+01,1.552250000000000085e+01
1.219000000000000057e+02,6.036987304687500000e+01,2.959999999999999964e+00,1.566250000000000142e+01,1.552687500000000043e+01
1.220000000000000000e+02,6.146850585937500000e+01,2.979999999999999982e+00,1.551750000000000185e+01,1.552085937500000057e+01
1.220999999999999943e+02,6.134033203125000000e+01,3.002499999999999947e+00,1.538749999999999929e+01,1.551484375000000071e+01
1.222000000000000028e+02,6.152343750000000000e+01,2.979999999999999982e+00,1.548250000000000171e+01,1.547546875000000099e+01
1.222999999999999972e+02,6.156005859375000000e+01,2.984999999999999876e+00,1.545250000000000057e+01,1.547109375000000142e+01
1.224000000000000057e+02,6.176147460937500000e+01,3.000000000000000000e+00,1.553249999999999886e+01,1.551046875000000114e+01
1.225000000000000000e+02,6.408691406250000000e+01,3.020000000000000018e+00,1.515749999999999886e+01,1.542789062500000163e+01
1.225999999999999943e+02,6.383056640625000000e+01,3.029999999999999805e+00,1.519750000000000156e+01,1.552195312500000135e+01
1.227000000000000028e+02,6.403198242187500000e+01,3.004999999999999893e+00,1.516750000000000043e+01,1.552195312500000135e+01
1.227999999999999972e+02,6.412353515625000000e+01,3.027499999999999858e+00,1.534250000000000114e+01,1.545468750000000036e+01
1.229000000000000057e+02,6.707153320312500000e+01,3.035000000000000142e+00,1.535249999999999915e+01,1.550062500000000121e+01
1.230000000000000000e+02,6.785888671875000000e+01,3.087499999999999911e+00,1.532250000000000156e+01,1.550882812500000085e+01
1.230999999999999943e+02,6.747436523437500000e+01,3.069999999999999840e+00,1.526999999999999957e+01,1.553726562500000163e+01
1.232000000000000028e+02,6.774902343750000000e+01,3.089999999999999858e+00,1.532000000000000028e+01,1.550390625000000000e+01
1.232999999999999972e+02,7.073364257812500000e+01,3.060000000000000053e+00,1.531749999999999901e+01,1.553453125000000057e+01
1.234000000000000057e+02,7.216186523437500000e+01,3.029999999999999805e+00,1.537750000000000128e+01,1.549132812500000078e+01
1.235000000000000000e+02,7.269287109375000000e+01,3.064999999999999947e+00,1.533999999999999986e+01,1.546289062500000000e+01
1.235999999999999943e+02,7.229003906250000000e+01,3.060000000000000053e+00,1.547250000000000014e+01,1.547054687500000014e+01
1.237000000000000028e+02,7.256469726562500000e+01,3.075000000000000178e+00,1.552250000000000085e+01,1.551374999999999993e+01
1.237999999999999972e+02,7.655639648437500000e+01,3.084999999999999964e+00,1.533000000000000185e+01,1.553835937500000064e+01
1.239000000000000057e+02,7.644653320312500000e+01,3.095000000000000195e+00,1.525000000000000000e+01,1.551101562500000064e+01
1.240000000000000000e+02,7.686767578125000000e+01,3.092499999999999805e+00,1.551000000000000156e+01,1.553507812500000007e+01
1.240999999999999943e+02,7.648315429687500000e+01,3.102500000000000036e+00,1.525750000000000028e+01,1.551484375000000071e+01
1.242000000000000028e+02,7.976074218750000000e+01,3.122500000000000053e+00,1.526750000000000185e+01,1.545195312500000107e+01
1.242999999999999972e+02,8.036499023437500000e+01,3.169999999999999929e+00,1.537500000000000000e+01,1.549570312500000036e+01
1.244000000000000057e+02,8.009033203125000000e+01,3.127499999999999947e+00,1.532000000000000028e+01,1.552468750000000064e+01
1.245000000000000000e+02,8.054809570312500000e+01,3.149999999999999911e+00,1.548000000000000043e+01,1.550882812500000085e+01
1.245999999999999943e+02,8.129882812500000000e+01,3.152499999999999858e+00,1.551249999999999929e+01,1.546890625000000163e+01
1.247000000000000028e+02,8.353271484375000000e+01,3.177500000000000213e+00,1.519500000000000028e+01,1.547820312500000028e+01
1.247999999999999972e+02,8.362426757812500000e+01,3.165000000000000036e+00,1.533249999999999957e+01,1.550445312500000128e+01
1.249000000000000057e+02,8.327636718750000000e+01,3.142500000000000071e+00,1.535750000000000171e+01,1.549625000000000163e+01
1.250000000000000000e+02,8.369750976562500000e+01,3.162500000000000089e+00,1.499249999999999972e+01,1.547765625000000078e+01
1.250999999999999943e+02,8.572998046875000000e+01,3.167499999999999982e+00,1.560500000000000043e+01,1.551101562500000064e+01
1.252000000000000028e+02,8.631591796875000000e+01,3.180000000000000160e+00,1.547250000000000014e+01,1.552085937500000057e+01
1.252999999999999972e+02,8.633422851562500000e+01,3.180000000000000160e+00,1.552250000000000085e+01,1.549351562500000057e+01
1.254000000000000057e+02,8.602294921875000000e+01,3.160000000000000142e+00,1.521000000000000085e+01,1.546835937500000036e+01
1.255000000000000000e+02,8.823852539062500000e+01,3.202500000000000124e+00,1.518499999999999872e+01,1.550445312500000128e+01
1.255999999999999943e+02,8.840332031250000000e+01,3.202500000000000124e+00,1.525000000000000000e+01,1.551976562500000156e+01
1.257000000000000028e+02,8.882446289062500000e+01,3.187500000000000000e+00,1.536749999999999972e+01,1.547710937500000128e+01
1.257999999999999972e+02,8.884277343750000000e+01,3.225000000000000089e+00,1.555000000000000071e+01,1.548804687500000021e+01
1.259000000000000057e+02,8.875122070312500000e+01,3.245000000000000107e+00,1.533000000000000185e+01,1.552687500000000043e+01
1.260000000000000000e+02,9.125976562500000000e+01,3.212499999999999911e+00,1.548250000000000171e+01,1.548476562500000142e+01
1.260999999999999943e+02,9.082031250000000000e+01,3.214999999999999858e+00,1.537999999999999901e+01,1.550171875000000021e+01
1.262000000000000028e+02,9.124145507812500000e+01,3.200000000000000178e+00,1.556250000000000000e+01,1.551648437500000099e+01
1.262999999999999972e+02,9.124145507812500000e+01,3.225000000000000089e+00,1.526750000000000185e+01,1.549898437500000092e+01
1.264000000000000057e+02,9.285278320312500000e+01,3.227500000000000036e+00,1.528999999999999915e+01,1.546507812500000156e+01
1.265000000000000000e+02,9.356689453125000000e+01,3.234999999999999876e+00,1.542249999999999943e+01,1.545632812500000064e+01
1.265999999999999943e+02,9.303588867187500000e+01,3.254999999999999893e+00,1.545749999999999957e+01,1.550773437500000007e+01
1.267000000000000028e+02,9.345703125000000000e+01,3.254999999999999893e+00,1.542249999999999943e+01,1.551210937500000142e+01
1.267999999999999972e+02,9.453735351562500000e+01,3.250000000000000000e+00,1.537249999999999872e+01,1.549132812500000078e+01
1.269000000000000057e+02,9.508666992187500000e+01,3.259999999999999787e+00,1.554250000000000043e+01,1.550117187500000071e+01
1.270000000000000000e+02,9.558105468750000000e+01,3.274999999999999911e+00,1.551249999999999929e+01,1.550773437500000007e+01
1.270999999999999943e+02,9.505004882812500000e+01,3.285000000000000142e+00,1.537000000000000099e+01,1.553070312500000050e+01
1.272000000000000028e+02,9.545288085937500000e+01,3.277499999999999858e+00,1.521750000000000114e+01,1.549898437500000092e+01
1.272999999999999972e+02,9.732055664062500000e+01,3.302500000000000213e+00,1.494000000000000128e+01,1.552687500000000043e+01
1.274000000000000057e+02,9.710083007812500000e+01,3.297499999999999876e+00,1.522500000000000142e+01,1.553179687500000128e+01
1.275000000000000000e+02,9.759521484375000000e+01,3.312500000000000000e+00,1.519000000000000128e+01,1.544867187500000050e+01
1.275999999999999943e+02,9.704589843750000000e+01,3.319999999999999840e+00,1.534750000000000014e+01,1.549296875000000107e+01
1.277000000000000028e+02,9.900512695312500000e+01,3.310000000000000053e+00,1.552499999999999858e+01,1.549242187500000156e+01
1.277999999999999972e+02,9.931640625000000000e+01,3.292499999999999982e+00,1.542249999999999943e+01,1.553070312500000050e+01
1.279000000000000057e+02,9.902343750000000000e+01,3.337499999999999911e+00,1.530750000000000099e+01,1.550554687500000028e+01
1.280000000000000000e+02,9.949951171875000000e+01,3.359999999999999876e+00,1.557250000000000156e+01,1.550500000000000078e+01
1.280999999999999943e+02,9.959106445312500000e+01,3.332500000000000018e+00,1.564499999999999957e+01,1.547382812500000071e+01
1.281999999999999886e+02,1.010925292968750000e+02,3.339999999999999858e+00,1.548000000000000043e+01,1.556460937500000163e+01
1.283000000000000114e+02,1.011108398437500000e+02,3.322499999999999787e+00,1.545250000000000057e+01,1.552414062500000114e+01
1.284000000000000057e+02,1.008178710937500000e+02,3.332500000000000018e+00,1.526750000000000185e+01,1.548367187500000064e+01
1.285000000000000000e+02,1.013122558593750000e+02,3.330000000000000071e+00,1.541250000000000142e+01,1.548148437500000085e+01
1.285999999999999943e+02,1.023376464843750000e+02,3.352500000000000036e+00,1.527749999999999986e+01,1.548531250000000092e+01
1.286999999999999886e+02,1.029968261718750000e+02,3.350000000000000089e+00,1.538749999999999929e+01,1.549625000000000163e+01
1.288000000000000114e+02,1.029235839843750000e+02,3.375000000000000000e+00,1.534750000000000014e+01,1.551648437500000099e+01
1.289000000000000057e+02,1.026489257812500000e+02,3.350000000000000089e+00,1.545250000000000057e+01,1.548093750000000135e+01
1.290000000000000000e+02,1.043334960937500000e+02,3.357499999999999929e+00,1.542249999999999943e+01,1.547109375000000142e+01
1.290999999999999943e+02,1.041687011718750000e+02,3.390000000000000124e+00,1.544999999999999929e+01,1.548859375000000149e+01
1.291999999999999886e+02,1.047180175781250000e+02,3.412500000000000089e+00,1.536250000000000071e+01,1.548804687500000021e+01
1.293000000000000114e+02,1.046447753906250000e+02,3.392500000000000071e+00,1.522749999999999915e+01,1.549078125000000128e+01
1.294000000000000057e+02,1.045532226562500000e+02,3.390000000000000124e+00,1.531749999999999901e+01,1.551757812500000000e+01
1.295000000000000000e+02,1.065307617187500000e+02,3.367500000000000160e+00,1.530000000000000071e+01,1.549132812500000078e+01
1.295999999999999943e+02,1.060546875000000000e+02,3.392500000000000071e+00,1.526999999999999957e+01,1.544156250000000163e+01
1.296999999999999886e+02,1.065307617187500000e+02,3.379999999999999893e+00,1.534250000000000114e+01,1.547437500000000021e+01
1.298000000000000114e+02,1.064392089843750000e+02,3.407500000000000195e+00,1.533000000000000185e+01,1.551812500000000128e+01
1.299000000000000057e+02,1.075378417968750000e+02,3.399999999999999911e+00,1.538749999999999929e+01,1.547601562500000050e+01
1.300000000000000000e+02,1.082153320312500000e+02,3.419999999999999929e+00,1.543250000000000099e+01,1.546781250000000085e+01
1.300999999999999943e+02,1.076110839843750000e+02,3.417499999999999982e+00,1.533749999999999858e+01,1.552523437500000014e+01
1.301999999999999886e+02,1.081237792968750000e+02,3.402499999999999858e+00,1.550000000000000000e+01,1.553125000000000000e+01
1.303000000000000114e+02,1.089477539062500000e+02,3.430000000000000160e+00,1.536250000000000071e+01,1.548859375000000149e+01
1.304000000000000057e+02,1.094421386718750000e+02,3.447499999999999787e+00,1.534499999999999886e+01,1.553289062500000028e+01
1.305000000000000000e+02,1.099548339843750000e+02,3.422499999999999876e+00,1.563250000000000028e+01,1.547218750000000043e+01
1.305999999999999943e+02,1.093139648437500000e+02,3.464999999999999858e+00,1.523250000000000171e+01,1.547546875000000099e+01
1.306999999999999886e+02,1.098449707031250000e+02,3.472500000000000142e+00,1.546999999999999886e+01,1.546343750000000128e+01
1.308000000000000114e+02,1.112365722656250000e+02,3.462499999999999911e+00,1.533999999999999986e+01,1.549023437500000000e+01
1.309000000000000057e+02,1.110534667968750000e+02,3.477500000000000036e+00,1.548250000000000171e+01,1.553070312500000050e+01
1.310000000000000000e+02,1.115295410156250000e+02,3.459999999999999964e+00,1.541499999999999915e+01,1.552632812500000092e+01
1.310999999999999943e+02,1.109069824218750000e+02,3.467500000000000249e+00,1.545250000000000057e+01,1.550171875000000021e+01
1.311999999999999886e+02,1.127014160156250000e+02,3.435000000000000053e+00,1.538250000000000028e+01,1.555476562499999993e+01
1.313000000000000114e+02,1.129028320312500000e+02,3.490000000000000213e+00,1.544999999999999929e+01,1.547109375000000142e+01
1.314000000000000057e+02,1.126831054687500000e+02,3.479999999999999982e+00,1.539000000000000057e+01,1.549351562500000057e+01
1.315000000000000000e+02,1.131225585937500000e+02,3.500000000000000000e+00,1.535000000000000142e+01,1.549078125000000128e+01
1.315999999999999943e+02,1.131042480468750000e+02,3.515000000000000124e+00,1.551999999999999957e+01,1.551374999999999993e+01
1.316999999999999886e+02,1.146240234375000000e+02,3.522499999999999964e+00,1.532750000000000057e+01,1.550335937500000050e+01
1.318000000000000114e+02,1.145141601562500000e+02,3.512500000000000178e+00,1.536250000000000071e+01,1.549296875000000107e+01
1.319000000000000057e+02,1.143127441406250000e+02,3.502499999999999947e+00,1.528750000000000142e+01,1.555312500000000142e+01
1.320000000000000000e+02,1.147521972656250000e+02,3.509999999999999787e+00,1.523499999999999943e+01,1.551484375000000071e+01
1.320999999999999943e+02,1.155212402343750000e+02,3.537500000000000089e+00,1.551249999999999929e+01,1.551484375000000071e+01
1.321999999999999886e+02,1.162536621093750000e+02,3.547499999999999876e+00,1.541000000000000014e+01,1.546781250000000085e+01
1.323000000000000114e+02,1.160888671875000000e+02,3.507500000000000284e+00,1.516499999999999915e+01,1.547546875000000099e+01
1.324000000000000057e+02,1.158691406250000000e+02,3.547499999999999876e+00,1.542000000000000171e+01,1.547984375000000057e+01
1.325000000000000000e+02,1.175720214843750000e+02,3.524999999999999911e+00,1.526500000000000057e+01,1.545140625000000156e+01
1.325999999999999943e+02,1.172790527343750000e+02,3.537500000000000089e+00,1.530250000000000199e+01,1.554710937500000156e+01
1.326999999999999886e+02,1.178649902343750000e+02,3.587499999999999911e+00,1.545749999999999957e+01,1.553234375000000078e+01
1.328000000000000114e+02,1.176818847656250000e+02,3.542499999999999982e+00,1.548750000000000071e+01,1.554109374999999993e+01
1.329000000000000057e+02,1.177917480468750000e+02,3.604999999999999982e+00,1.553750000000000142e+01,1.554656250000000028e+01
1.330000000000000000e+02,1.194946289062500000e+02,3.567499999999999893e+00,1.558999999999999986e+01,1.547820312500000028e+01
1.330999999999999943e+02,1.188903808593750000e+02,3.542499999999999982e+00,1.535000000000000142e+01,1.555148437500000114e+01
1.331999999999999886e+02,1.194763183593750000e+02,3.620000000000000107e+00,1.540249999999999986e+01,1.550500000000000078e+01
1.333000000000000114e+02,1.193298339843750000e+02,3.604999999999999982e+00,1.540249999999999986e+01,1.552304687500000036e+01
1.334000000000000057e+02,1.204650878906250000e+02,3.572499999999999787e+00,1.524749999999999872e+01,1.546835937500000036e+01
1.335000000000000000e+02,1.210876464843750000e+02,3.634999999999999787e+00,1.525750000000000028e+01,1.552960937500000149e+01
1.335999999999999943e+02,1.203918457031250000e+02,3.617500000000000160e+00,1.543250000000000099e+01,1.550664062500000107e+01
1.336999999999999886e+02,1.209960937500000000e+02,3.582500000000000018e+00,1.539000000000000057e+01,1.550007812499999993e+01
1.338000000000000114e+02,1.218566894531250000e+02,3.625000000000000000e+00,1.533999999999999986e+01,1.548203125000000036e+01
1.339000000000000057e+02,1.221862792968750000e+02,3.617500000000000160e+00,1.546000000000000085e+01,1.547820312500000028e+01
1.340000000000000000e+02,1.226440429687500000e+02,3.627499999999999947e+00,1.537750000000000128e+01,1.550664062500000107e+01
1.340999999999999943e+02,1.220031738281250000e+02,3.615000000000000213e+00,1.546249999999999858e+01,1.546617187500000057e+01
1.341999999999999886e+02,1.227355957031250000e+02,3.642500000000000071e+00,1.532000000000000028e+01,1.551921875000000028e+01
1.343000000000000114e+02,1.239257812500000000e+02,3.662500000000000089e+00,1.545250000000000057e+01,1.550062500000000121e+01
1.344000000000000057e+02,1.238159179687500000e+02,3.660000000000000142e+00,1.544000000000000128e+01,1.550828125000000135e+01
1.345000000000000000e+02,1.242919921875000000e+02,3.642500000000000071e+00,1.537000000000000099e+01,1.550281250000000099e+01
1.345999999999999943e+02,1.236328125000000000e+02,3.637500000000000178e+00,1.535000000000000142e+01,1.547820312500000028e+01
1.346999999999999886e+02,1.254455566406250000e+02,3.647499999999999964e+00,1.539250000000000185e+01,1.549187500000000028e+01
1.348000000000000114e+02,1.254821777343750000e+02,3.662500000000000089e+00,1.542750000000000199e+01,1.548148437500000085e+01
1.349000000000000057e+02,1.253173828125000000e+02,3.705000000000000071e+00,1.525499999999999901e+01,1.549242187500000156e+01
1.350000000000000000e+02,1.257568359375000000e+02,3.719999999999999751e+00,1.516000000000000014e+01,1.548640624999999993e+01
1.350999999999999943e+02,1.259948730468750000e+02,3.732499999999999929e+00,1.542249999999999943e+01,1.554218750000000071e+01
1.351999999999999886e+02,1.272766113281250000e+02,3.727500000000000036e+00,1.517500000000000071e+01,1.550390625000000000e+01
1.353000000000000114e+02,1.270568847656250000e+02,3.734999999999999876e+00,1.542249999999999943e+01,1.551429687500000121e+01
1.354000000000000057e+02,1.269470214843750000e+02,3.677500000000000213e+00,1.522500000000000142e+01,1.546507812500000156e+01
1.355000000000000000e+02,1.273681640625000000e+02,3.705000000000000071e+00,1.541000000000000014e+01,1.546070312500000021e+01
1.355999999999999943e+02,1.281921386718750000e+02,3.782499999999999751e+00,1.539000000000000057e+01,1.548804687500000021e+01
1.356999999999999886e+02,1.289062500000000000e+02,3.702500000000000124e+00,1.525499999999999901e+01,1.549296875000000107e+01
1.358000000000000114e+02,1.286682128906250000e+02,3.774999999999999911e+00,1.524500000000000099e+01,1.549953125000000043e+01
1.359000000000000057e+02,1.285217285156250000e+02,3.772499999999999964e+00,1.542249999999999943e+01,1.550062500000000121e+01
1.360000000000000000e+02,1.302795410156250000e+02,3.767500000000000071e+00,1.536500000000000199e+01,1.547000000000000064e+01
1.360999999999999943e+02,1.298583984375000000e+02,3.774999999999999911e+00,1.532750000000000057e+01,1.549734375000000064e+01
1.361999999999999886e+02,1.305358886718750000e+02,3.802500000000000213e+00,1.523499999999999943e+01,1.551703125000000050e+01
1.363000000000000114e+02,1.302429199218750000e+02,3.817499999999999893e+00,1.559250000000000114e+01,1.548421875000000014e+01
1.364000000000000057e+02,1.301513671875000000e+02,3.792499999999999982e+00,1.529749999999999943e+01,1.549679687500000114e+01
1.365000000000000000e+02,1.305358886718750000e+02,3.805000000000000160e+00,1.542000000000000171e+01,1.551484375000000071e+01
1.365999999999999943e+02,1.298583984375000000e+02,1.812499999999994671e-02,1.553249999999999886e+01,-2.406250000000031974e-02
1.366999999999999886e+02,1.305541992187500000e+02,8.124999999999715783e-03,1.539999999999999858e+01,-1.750000000000095923e-02
1.368000000000000114e+02,1.302612304687500000e+02,5.062500000000014211e-02,1.525750000000000028e+01,-5.468750000000088818e-02
1.369000000000000057e+02,1.301330566406250000e+02,-1.875000000000071054e-03,1.530499999999999972e+01,-2.023437500000024869e-02
1.370000000000000000e+02,1.305725097656250000e+02,4.562499999999980460e-02,1.542000000000000171e+01,-1.585937500000067502e-02
1.370999999999999943e+02,1.298950195312500000e+02,7.812500000000000000e-02,1.555250000000000199e+01,-1.640625000000284217e-03
1.371999999999999886e+02,1.305541992187500000e+02,1.562500000000000000e-02,1.525250000000000128e+01,-6.125000000000024869e-02
1.373000000000000114e+02,1.302795410156250000e+02,3.312500000000007105e-02,1.530999999999999872e+01,6.562499999999360512e-03
1.374000000000000057e+02,1.301330566406250000e+02,1.562500000000000000e-02,1.541750000000000043e+01,-3.554687500000053291e-02
1.375000000000000000e+02,1.305725097656250000e+02,4.812499999999975131e-02,1.529749999999999943e+01,-2.843750000000078160e-02
1.375999999999999943e+02,1.299133300781250000e+02,2.562499999999978684e-02,1.550250000000000128e+01,-2.625000000000099476e-02
1.376999999999999886e+02,1.301879882812500000e+02,2.312499999999984013e-02,1.539250000000000185e+01,-2.296875000000042633e-02
1.378000000000000114e+02,1.284301757812500000e+02,6.062499999999992895e-02,1.558249999999999957e+01,-7.820312500000081712e-02
1.379000000000000057e+02,1.282470703125000000e+02,4.562499999999980460e-02,1.537249999999999872e+01,-1.531250000000028422e-02
1.380000000000000000e+02,1.286865234375000000e+02,2.812499999999973355e-02,1.536749999999999972e+01,-4.757812500000024869e-02
1.380999999999999943e+02,1.279907226562500000e+02,2.562499999999978684e-02,1.549249999999999972e+01,-1.257812500000099476e-02
1.381999999999999886e+02,1.255004882812500000e+02,2.812499999999973355e-02,1.532000000000000028e+01,-2.898437500000028422e-02
1.383000000000000114e+02,1.248962402343750000e+02,4.062499999999991118e-02,1.532000000000000028e+01,-3.937500000000060396e-02
1.384000000000000057e+02,1.247863769531250000e+02,2.812499999999973355e-02,1.528750000000000142e+01,-4.703125000000074607e-02
1.385000000000000000e+02,1.252075195312500000e+02,1.562500000000000000e-02,1.542249999999999943e+01,-2.789062500000039080e-02
1.385999999999999943e+02,1.217102050781250000e+02,5.312500000000008882e-02,1.528999999999999915e+01,-2.843750000000078160e-02
1.386999999999999886e+02,1.203918457031250000e+02,2.812499999999973355e-02,1.542000000000000171e+01,-7.656250000000053291e-02
1.388000000000000114e+02,1.200805664062500000e+02,4.562499999999980460e-02,1.541000000000000014e+01,2.734374999999289457e-03
1.389000000000000057e+02,1.199707031250000000e+02,7.062500000000015987e-02,1.537500000000000000e+01,-2.078125000000063949e-02
1.390000000000000000e+02,1.203186035156250000e+02,5.562500000000003553e-02,1.514499999999999957e+01,-6.890625000000039080e-02
1.390999999999999943e+02,1.154479980468750000e+02,2.312499999999984013e-02,1.547250000000000014e+01,-3.992187500000099476e-02
1.391999999999999886e+02,1.157958984375000000e+02,4.812499999999975131e-02,1.535000000000000142e+01,-3.664062500000042633e-02
1.393000000000000114e+02,1.155944824218750000e+02,6.562499999999982236e-02,1.535500000000000043e+01,-3.882812500000110134e-02
1.394000000000000057e+02,1.153930664062500000e+02,4.062499999999991118e-02,1.560000000000000142e+01,-6.453125000000081712e-02
1.395000000000000000e+02,1.129028320312500000e+02,1.062500000000010658e-02,1.530499999999999972e+01,-2.898437500000028422e-02
1.395999999999999943e+02,1.116577148437500000e+02,2.812499999999973355e-02,1.525250000000000128e+01,-7.437500000000074607e-02
1.396999999999999886e+02,1.121520996093750000e+02,1.562500000000000000e-02,1.544000000000000128e+01,-5.250000000000110134e-02
1.398000000000000114e+02,1.120056152343750000e+02,1.562500000000000000e-02,1.530000000000000071e+01,-5.906250000000046185e-02
1.399000000000000057e+02,1.104858398437500000e+02,3.124999999999822364e-03,1.542000000000000171e+01,2.187499999998898659e-03
1.400000000000000000e+02,1.093688964843750000e+02,4.812499999999975131e-02,1.535000000000000142e+01,1.093749999999005240e-03
1.400999999999999943e+02,1.086547851562500000e+02,5.062500000000014211e-02,1.525750000000000028e+01,-1.093750000000071054e-02
1.401999999999999886e+02,1.091491699218750000e+02,4.562499999999980460e-02,1.521750000000000114e+01,-3.937500000000060396e-02
1.403000000000000114e+02,1.090026855468750000e+02,1.562500000000000000e-02,1.532750000000000057e+01,-7.437500000000074607e-02
1.404000000000000057e+02,1.064392089843750000e+02,5.062500000000014211e-02,1.545250000000000057e+01,-4.976562500000092371e-02
1.405000000000000000e+02,1.066406250000000000e+02,3.812499999999996447e-02,1.553000000000000114e+01,-4.375000000000461853e-03
1.405999999999999943e+02,1.060546875000000000e+02,4.812499999999975131e-02,1.521999999999999886e+01,-3.882812500000110134e-02
1.406999999999999886e+02,1.065490722656250000e+02,6.562499999999982236e-02,1.553000000000000114e+01,-1.208593750000011013e-01
1.408000000000000114e+02,1.048095703125000000e+02,7.062500000000015987e-02,1.546000000000000085e+01,-7.437500000000074607e-02
1.409000000000000057e+02,1.040039062500000000e+02,3.312500000000007105e-02,1.549749999999999872e+01,-8.203125000000088818e-02
1.410000000000000000e+02,1.044067382812500000e+02,1.312500000000005329e-02,1.526999999999999957e+01,-5.140625000000031974e-02
1.410999999999999943e+02,1.038391113281250000e+02,2.312499999999984013e-02,1.546249999999999858e+01,-2.898437500000028422e-02
1.411999999999999886e+02,1.040039062500000000e+02,6.312499999999987566e-02,1.548250000000000171e+01,-7.109375000000106581e-02
1.413000000000000114e+02,1.023010253906250000e+02,-5.125000000000001776e-02,1.547250000000000014e+01,-1.022656250000002487e-01
1.414000000000000057e+02,1.019897460937500000e+02,4.062499999999991118e-02,1.560999999999999943e+01,-9.296875000000426326e-03
1.415000000000000000e+02,1.024658203125000000e+02,1.812499999999994671e-02,1.527499999999999858e+01,-8.367187500000028422e-02
1.415999999999999943e+02,1.018432617187500000e+02,3.562500000000001776e-02,1.525750000000000028e+01,-5.851562500000095923e-02
1.416999999999999886e+02,1.006896972656250000e+02,9.687499999999982236e-02,1.528000000000000114e+01,-4.375000000000106581e-02
1.418000000000000114e+02,1.004516601562500000e+02,1.312500000000005329e-02,1.530000000000000071e+01,1.039062499999943157e-02
1.419000000000000057e+02,1.001953125000000000e+02,1.312500000000005329e-02,1.545250000000000057e+01,-3.062500000000056843e-02
1.420000000000000000e+02,1.006164550781250000e+02,2.812499999999973355e-02,1.529749999999999943e+01,-6.453125000000081712e-02
1.420999999999999943e+02,9.904174804687500000e+01,3.312500000000007105e-02,1.526750000000000185e+01,1.093749999999893419e-02
1.421999999999999886e+02,9.885864257812500000e+01,3.812499999999996447e-02,1.539250000000000185e+01,-6.125000000000024869e-02
1.423000000000000114e+02,9.871215820312500000e+01,2.062499999999989342e-02,1.543750000000000000e+01,-5.906250000000046185e-02
1.424000000000000057e+02,9.847412109375000000e+01,4.562499999999980460e-02,1.535249999999999915e+01,-7.765625000000042633e-02
1.425000000000000000e+02,9.889526367187500000e+01,4.062499999999991118e-02,1.535750000000000171e+01,-1.695312500000056843e-02
1.425999999999999943e+02,9.693603515625000000e+01,1.812499999999994671e-02,1.547250000000000014e+01,-3.554687500000053291e-02
1.426999999999999886e+02,9.730224609375000000e+01,2.312499999999984013e-02,1.546249999999999858e+01,-1.640625000000284217e-03
1.428000000000000114e+02,9.722900390625000000e+01,3.562500000000001776e-02,1.547250000000000014e+01,1.749999999999918288e-02
1.429000000000000057e+02,9.699096679687500000e+01,4.312499999999985789e-02,1.547749999999999915e+01,1.640624999999396039e-03
1.430000000000000000e+02,9.614868164062500000e+01,8.812499999999978684e-02,1.553249999999999886e+01,-8.148437500000049738e-02
1.430999999999999943e+02,9.534301757812500000e+01,5.312500000000008882e-02,1.532750000000000057e+01,-6.070312500000074607e-02
1.431999999999999886e+02,9.580078125000000000e+01,4.062499999999991118e-02,1.535000000000000142e+01,-7.601562500000103029e-02
1.433000000000000114e+02,9.570922851562500000e+01,1.312500000000005329e-02,1.536250000000000071e+01,-5.250000000000110134e-02
1.434000000000000057e+02,9.499511718750000000e+01,2.312499999999984013e-02,1.535000000000000142e+01,-2.406250000000031974e-02
1.435000000000000000e+02,9.462890625000000000e+01,1.562500000000000000e-02,1.525750000000000028e+01,-7.382812500000035527e-02
1.435999999999999943e+02,9.406127929687500000e+01,7.125000000000003553e-02,1.505000000000000071e+01,-7.382812500000035527e-02
1.436999999999999886e+02,9.451904296875000000e+01,3.812499999999996447e-02,1.555250000000000199e+01,-4.429687500000056843e-02
1.438000000000000114e+02,9.444580078125000000e+01,7.312500000000010658e-02,1.519249999999999901e+01,5.468749999999467093e-03
1.439000000000000057e+02,9.298095703125000000e+01,5.062500000000014211e-02,1.530000000000000071e+01,-3.171875000000046185e-02
1.440000000000000000e+02,9.331054687500000000e+01,3.312500000000007105e-02,1.533249999999999957e+01,-7.765625000000042633e-02
1.440999999999999943e+02,9.274291992187500000e+01,4.312499999999985789e-02,1.551249999999999929e+01,-4.484375000000095923e-02
1.441999999999999886e+02,9.318237304687500000e+01,8.124999999999715783e-03,1.539000000000000057e+01,-8.476562500000106581e-02
1.443000000000000114e+02,9.223022460937500000e+01,4.062499999999991118e-02,1.530750000000000099e+01,-3.664062500000042633e-02
1.444000000000000057e+02,9.155273437500000000e+01,8.124999999999715783e-03,1.534250000000000114e+01,-6.726562500000099476e-02
1.445000000000000000e+02,9.199218750000000000e+01,4.812499999999975131e-02,1.542249999999999943e+01,-2.296875000000042633e-02
1.445999999999999943e+02,9.142456054687500000e+01,4.312499999999985789e-02,1.543250000000000099e+01,-6.289062500000053291e-02
1.446999999999999886e+02,9.173583984375000000e+01,-1.687500000000019540e-02,1.559250000000000114e+01,-5.960937500000085265e-02
1.448000000000000114e+02,9.074707031250000000e+01,4.812499999999975131e-02,1.519249999999999901e+01,9.843749999999040767e-03
1.449000000000000057e+02,9.045410156250000000e+01,9.687499999999982236e-02,1.547749999999999915e+01,-4.812500000000063949e-02
1.450000000000000000e+02,9.087524414062500000e+01,8.124999999999715783e-03,1.540749999999999886e+01,-6.617187500000110134e-02
1.450999999999999943e+02,9.032592773437500000e+01,1.062500000000010658e-02,1.558249999999999957e+01,-4.757812500000024869e-02
1.451999999999999886e+02,8.975830078125000000e+01,5.812499999999998224e-02,1.530000000000000071e+01,1.531249999999939604e-02
1.453000000000000114e+02,8.952026367187500000e+01,4.812499999999975131e-02,1.558249999999999957e+01,-4.812500000000063949e-02
1.454000000000000057e+02,8.924560546875000000e+01,4.812499999999975131e-02,1.525750000000000028e+01,-6.343750000000092371e-02
1.455000000000000000e+02,8.966674804687500000e+01,3.312500000000007105e-02,1.517000000000000171e+01,-5.468750000000088818e-02
1.455999999999999943e+02,8.853149414062500000e+01,4.562499999999980460e-02,1.537750000000000128e+01,3.609374999999914735e-02
1.456999999999999886e+02,8.851318359375000000e+01,4.812499999999975131e-02,1.524249999999999972e+01,-6.781250000000049738e-02
1.458000000000000114e+02,8.843994140625000000e+01,2.812499999999973355e-02,1.518250000000000099e+01,-8.203125000000532907e-03
1.459000000000000057e+02,8.812866210937500000e+01,5.624999999999769074e-03,1.538250000000000028e+01,-4.757812500000024869e-02
1.460000000000000000e+02,8.858642578125000000e+01,4.562499999999980460e-02,1.523750000000000071e+01,-6.726562500000099476e-02
1.460999999999999943e+02,8.699340820312500000e+01,4.312499999999985789e-02,1.546999999999999886e+01,-1.640625000000284217e-03
1.461999999999999886e+02,8.734130859375000000e+01,6.312499999999987566e-02,1.522749999999999915e+01,-4.921875000000053291e-02
1.463000000000000114e+02,8.732299804687500000e+01,4.312499999999985789e-02,1.518750000000000000e+01,-1.640625000000284217e-03
1.464000000000000057e+02,8.703002929687500000e+01,4.312499999999985789e-02,1.533749999999999858e+01,-3.773437500000031974e-02
1.465000000000000000e+02,8.662719726562500000e+01,8.124999999999715783e-03,1.508000000000000185e+01,-7.765625000000042633e-02
1.465999999999999943e+02,8.587646484375000000e+01,3.062500000000012434e-02,1.528500000000000014e+01,-5.250000000000110134e-02
1.466999999999999886e+02,8.624267578125000000e+01,3.562500000000001776e-02,1.547250000000000014e+01,-5.085937500000081712e-02
1.468000000000000114e+02,8.618774414062500000e+01,3.562500000000001776e-02,1.564999999999999858e+01,-1.006250000000008527e-01
1.469000000000000057e+02,8.571166992187500000e+01,4.062499999999991118e-02,1.539750000000000085e+01,-2.570312500000060396e-02
1.470000000000000000e+02,8.527221679687500000e+01,1.062500000000010658e-02,1.529749999999999943e+01,-4.921875000000852651e-03
1.470999999999999943e+02,8.474121093750000000e+01,3.812499999999996447e-02,1.537249999999999872e+01,-2.898437500000028422e-02
1.471999999999999886e+02,8.514404296875000000e+01,4.562499999999980460e-02,1.532250000000000156e+01,3.281249999999680256e-03
1.473000000000000114e+02,8.512573242187500000e+01,4.062499999999991118e-02,1.551249999999999929e+01,3.281249999999946709e-02
1.474000000000000057e+02,8.395385742187500000e+01,3.312500000000007105e-02,1.535999999999999943e+01,-3.007812500000106581e-02
1.475000000000000000e+02,8.424682617187500000e+01,3.562500000000001776e-02,1.552499999999999858e+01,-3.281250000000035527e-02
1.475999999999999943e+02,8.375244140625000000e+01,1.812499999999994671e-02,1.544249999999999901e+01,-3.445312500000063949e-02
1.476999999999999886e+02,8.411865234375000000e+01,8.124999999999715783e-03,1.537249999999999872e+01,-3.937500000000060396e-02
1.478000000000000114e+02,8.351440429687500000e+01,4.062499999999991118e-02,1.537750000000000128e+01,-5.796875000000056843e-02
1.479000000000000057e+02,8.283691406250000000e+01,2.812499999999973355e-02,1.516250000000000142e+01,-4.921875000000053291e-02
1.480000000000000000e+02,8.320312500000000000e+01,2.562499999999978684e-02,1.537000000000000099e+01,-4.320312500000067502e-02
1.480999999999999943e+02,8.274536132812500000e+01,1.062500000000010658e-02,1.533249999999999957e+01,-2.078125000000063949e-02
1.481999999999999886e+02,8.309326171875000000e+01,2.312499999999984013e-02,1.530750000000000099e+01,-4.703125000000074607e-02
1.483000000000000114e+02,8.219604492187500000e+01,6.249999999998756550e-04,1.533500000000000085e+01,-7.273437500000046185e-02
1.484000000000000057e+02,8.184814453125000000e+01,3.062500000000012434e-02,1.543250000000000099e+01,-1.093750000000781597e-03
1.485000000000000000e+02,8.230590820312500000e+01,1.062500000000010658e-02,1.573750000000000071e+01,-3.062500000000056843e-02
1.485999999999999943e+02,8.175659179687500000e+01,3.312500000000007105e-02,1.528500000000000014e+01,-4.921875000000852651e-03
1.486999999999999886e+02,8.142700195312500000e+01,2.312499999999984013e-02,1.554250000000000043e+01,-3.445312500000063949e-02
1.488000000000000114e+02,8.124389648437500000e+01,1.812499999999994671e-02,1.525750000000000028e+01,-1.640625000000284217e-03
1.489000000000000057e+02,8.095092773437500000e+01,3.812499999999996447e-02,1.542000000000000171e+01,-5.031250000000042633e-02
1.490000000000000000e+02,8.135375976562500000e+01,4.812499999999975131e-02,1.558000000000000185e+01,-3.828125000000959233e-03
1.490999999999999943e+02,8.049316406250000000e+01,1.562500000000000000e-02,1.556500000000000128e+01,-5.140625000000031974e-02
1.491999999999999886e+02,8.023681640625000000e+01,3.062500000000012434e-02,1.545250000000000057e+01,-2.187500000000053291e-02
1.493000000000000114e+02,8.018188476562500000e+01,4.562499999999980460e-02,1.548750000000000071e+01,3.007812499999928946e-02
1.494000000000000057e+02,7.994384765625000000e+01,3.124999999999822364e-03,1.537999999999999901e+01,3.335937499999896971e-02
1.495000000000000000e+02,8.031005859375000000e+01,6.562499999999982236e-02,1.530499999999999972e+01,1.421874999999950262e-02
1.495999999999999943e+02,7.904663085937500000e+01,-1.056249999999998579e-01,1.567750000000000199e+01,-4.429687500000056843e-02
1.496999999999999886e+02,7.933959960937500000e+01,2.812499999999973355e-02,1.513749999999999929e+01,-2.296875000000042633e-02
1.498000000000000114e+02,7.928466796875000000e+01,1.562500000000000000e-02,1.540249999999999986e+01,-6.015625000000035527e-02
1.499000000000000057e+02,7.901000976562500000e+01,4.562499999999980460e-02,1.554250000000000043e+01,-3.664062500000042633e-02
1.500000000000000000e+02,7.888183593750000000e+01,3.312500000000007105e-02,1.539000000000000057e+01,-1.121093750000010658e-01
1.500999999999999943e+02,7.822265625000000000e+01,2.562499999999978684e-02,1.532750000000000057e+01,-3.664062500000042633e-02
1.501999999999999886e+02,7.853393554687500000e+01,1.812499999999994671e-02,1.552250000000000085e+01,1.093749999999005240e-03
1.503000000000000114e+02,7.851562500000000000e+01,2.562499999999978684e-02,1.555250000000000199e+01,-3.609375000000092371e-02
1.504000000000000057e+02,7.820434570312500000e+01,3.812499999999996447e-02,1.534250000000000114e+01,-1.257812500000099476e-02
1.505000000000000000e+02,7.774658203125000000e+01,5.812499999999998224e-02,1.539750000000000085e+01,-6.234375000000103029e-02
1.505999999999999943e+02,7.728881835937500000e+01,4.812499999999975131e-02,1.533249999999999957e+01,-6.015625000000035527e-02
1.506999999999999886e+02,7.761840820312500000e+01,4.062499999999991118e-02,1.529749999999999943e+01,-2.078125000000063949e-02
1.508000000000000114e+02,7.763671875000000000e+01,3.062500000000012434e-02,1.545250000000000057e+01,-2.679687500000049738e-02
1.509000000000000057e+02,7.664794921875000000e+01,6.312499999999987566e-02,1.558249999999999957e+01,-2.843750000000078160e-02
1.510000000000000000e+02,7.690429687500000000e+01,4.562499999999980460e-02,1.551999999999999957e+01,-9.351562500000110134e-02
1.510999999999999943e+02,7.642822265625000000e+01,3.562500000000001776e-02,1.549249999999999972e+01,-2.187500000000675016e-03
1.511999999999999886e+02,7.683105468750000000e+01,1.812499999999994671e-02,1.525750000000000028e+01,-5.906250000000046185e-02
1.513000000000000114e+02,7.637329101562500000e+01,4.062499999999991118e-02,1.502499999999999858e+01,-3.664062500000042633e-02
1.514000000000000057e+02,7.562255859375000000e+01,2.062499999999989342e-02,1.551249999999999929e+01,-3.007812500000106581e-02
1.515000000000000000e+02,7.598876953125000000e+01,6.812499999999976907e-02,1.537000000000000099e+01,-8.881784197001252323e-16
1.515999999999999943e+02,7.554931640625000000e+01,2.062499999999989342e-02,1.505250000000000199e+01,-2.406250000000031974e-02
1.516999999999999886e+02,7.587890625000000000e+01,3.312500000000007105e-02,1.537000000000000099e+01,-1.968750000000074607e-02
1.518000000000000114e+02,7.523803710937500000e+01,2.562499999999978684e-02,1.539000000000000057e+01,-8.257812500000039080e-02
1.519000000000000057e+02,7.492675781250000000e+01,3.312500000000007105e-02,1.539000000000000057e+01,-5.523437500000039080e-02
1.520000000000000000e+02,7.529296875000000000e+01,2.812499999999973355e-02,1.559250000000000114e+01,-2.078125000000063949e-02
1.520999999999999943e+02,7.489013671875000000e+01,4.562499999999980460e-02,1.537999999999999901e+01,-3.554687500000053291e-02
1.521999999999999886e+02,7.461547851562500000e+01,1.062500000000010658e-02,1.536749999999999972e+01,-2.078125000000063949e-02
1.523000000000000114e+02,7.439575195312500000e+01,7.062500000000015987e-02,1.533999999999999986e+01,-1.585937500000067502e-02
1.524000000000000057e+02,7.412109375000000000e+01,5.062500000000014211e-02,1.528750000000000142e+01,7.109374999999751310e-03
1.525000000000000000e+02,7.450561523437500000e+01,2.062499999999989342e-02,1.549000000000000199e+01,7.109374999999751310e-03
1.525999999999999943e+02,7.395629882812500000e+01,2.812499999999973355e-02,1.523000000000000043e+01,2.953124999999889866e-02
1.526999999999999886e+02,7.362670898437500000e+01,5.624999999999769074e-03,1.557250000000000156e+01,-7.382812500000035527e-02
1.528000000000000114e+02,7.355346679687500000e+01,5.562500000000003553e-02,1.533000000000000185e+01,-6.070312500000074607e-02
1.529000000000000057e+02,7.327880859375000000e+01,3.312500000000007105e-02,1.553249999999999886e+01,-5.359375000000099476e-02
1.530000000000000000e+02,7.369995117187500000e+01,6.062499999999992895e-02,1.526500000000000057e+01,-5.414062500000049738e-02
1.530999999999999943e+02,7.265625000000000000e+01,2.312499999999984013e-02,1.543750000000000000e+01,-2.023437500000024869e-02
1.531999999999999886e+02,7.291259765625000000e+01,5.062500000000014211e-02,1.526750000000000185e+01,-7.546875000000063949e-02
1.533000000000000114e+02,7.289428710937500000e+01,8.124999999999715783e-03,1.544750000000000156e+01,-4.375000000000106581e-02
1.534000000000000057e+02,7.260131835937500000e+01,4.812499999999975131e-02,1.532250000000000156e+01,-4.101562500000088818e-02
1.535000000000000000e+02,7.258300781250000000e+01,2.812499999999973355e-02,1.558249999999999957e+01,-3.882812500000110134e-02
1.535999999999999943e+02,7.177734375000000000e+01,1.312500000000005329e-02,1.542249999999999943e+01,-3.062500000000056843e-02
1.536999999999999886e+02,7.210693359375000000e+01,4.562499999999980460e-02,1.546249999999999858e+01,-3.390625000000024869e-02
1.538000000000000114e+02,7.208862304687500000e+01,1.312500000000005329e-02,1.548000000000000043e+01,1.093749999999893419e-02
1.539000000000000057e+02,7.183227539062500000e+01,3.062500000000012434e-02,1.542249999999999943e+01,-2.625000000000099476e-02
1.540000000000000000e+02,7.153930664062500000e+01,2.562499999999978684e-02,1.545250000000000057e+01,1.585937499999889866e-02
1.540999999999999943e+02,7.108154296875000000e+01,5.312500000000008882e-02,1.540249999999999986e+01,-8.093750000000099476e-02
1.541999999999999886e+02,7.139282226562500000e+01,5.062500000000014211e-02,1.562249999999999872e+01,-3.171875000000046185e-02
1.543000000000000114e+02,7.141113281250000000e+01,3.562500000000001776e-02,1.547749999999999915e+01,-2.679687500000049738e-02
1.544000000000000057e+02,7.058715820312500000e+01,1.562500000000000000e-02,1.540249999999999986e+01,-1.914062500000035527e-02
1.545000000000000000e+02,7.080688476562500000e+01,2.562499999999978684e-02,1.552749999999999986e+01,-3.554687500000053291e-02
1.545999999999999943e+02,7.040405273437500000e+01,4.062499999999991118e-02,1.528750000000000142e+01,-3.062500000000056843e-02
1.546999999999999886e+02,7.071533203125000000e+01,6.062499999999992895e-02,1.567750000000000199e+01,-6.617187500000110134e-02
1.548000000000000114e+02,7.053222656250000000e+01,2.312499999999984013e-02,1.546999999999999886e+01,3.007812499999928946e-02
1.549000000000000057e+02,6.974487304687500000e+01,5.062500000000014211e-02,1.524500000000000099e+01,-5.304687500000060396e-02
1.550000000000000000e+02,7.009277343750000000e+01,4.812499999999975131e-02,1.526750000000000185e+01,-5.414062500000049738e-02
1.550999999999999943e+02,6.968994140625000000e+01,6.812499999999976907e-02,1.533999999999999986e+01,-4.156250000000039080e-02
1.551999999999999886e+02,6.996459960937500000e+01,5.624999999999769074e-03,1.541750000000000043e+01,-1.859375000000085265e-02
1.553000000000000114e+02,6.948852539062500000e+01,1.812499999999994671e-02,1.521750000000000114e+01,3.062499999999968026e-02
1.554000000000000057e+02,6.914062500000000000e+01,5.812499999999998224e-02,1.526999999999999957e+01,-4.046875000000049738e-02
1.555000000000000000e+02,6.948852539062500000e+01,2.562499999999978684e-02,1.530750000000000099e+01,-2.734375000001065814e-03
1.555999999999999943e+02,6.912231445312500000e+01,3.062500000000012434e-02,1.539000000000000057e+01,-3.335937500000074607e-02
1.556999999999999886e+02,6.901245117187500000e+01,5.062500000000014211e-02,1.543250000000000099e+01,2.351562499999904077e-02
1.558000000000000114e+02,6.871948242187500000e+01,5.062500000000014211e-02,1.509499999999999886e+01,-9.625000000000039080e-02
1.559000000000000057e+02,6.838989257812500000e+01,6.812499999999976907e-02,1.542249999999999943e+01,-5.250000000000110134e-02
1.560000000000000000e+02,6.881103515625000000e+01,3.562500000000001776e-02,1.541250000000000142e+01,-9.406250000000060396e-02
1.560999999999999943e+02,6.837158203125000000e+01,3.562500000000001776e-02,1.542500000000000071e+01,-4.648437500000035527e-02
1.561999999999999886e+02,6.811523437500000000e+01,5.062500000000014211e-02,1.519999999999999929e+01,-7.765625000000042633e-02
1.563000000000000114e+02,6.807861328125000000e+01,2.562499999999978684e-02,1.561250000000000071e+01,2.570312499999971578e-02
1.564000000000000057e+02,6.780395507812500000e+01,3.562500000000001776e-02,1.557750000000000057e+01,-3.171875000000046185e-02
1.565000000000000000e+02,6.817016601562500000e+01,2.312499999999984013e-02,1.536250000000000071e+01,2.570312499999971578e-02
1.565999999999999943e+02,6.727294921875000000e+01,3.812499999999996447e-02,1.535000000000000142e+01,-1.640625000000284217e-03
1.566999999999999886e+02,6.738281250000000000e+01,5.062500000000014211e-02,1.510249999999999915e+01,-1.695312500000056843e-02
1.568000000000000114e+02,6.741943359375000000e+01,5.062500000000014211e-02,1.516750000000000043e+01,-4.101562500000088818e-02
1.569000000000000057e+02,6.714477539062500000e+01,4.062499999999991118e-02,1.533999999999999986e+01,-7.054687500000067502e-02
1.570000000000000000e+02,6.730957031250000000e+01,5.562500000000003553e-02,1.526000000000000156e+01,-1.039062500000031974e-02
1.570999999999999943e+02,6.654052734375000000e+01,6.249999999998756550e-04,1.543750000000000000e+01,-4.867187500000103029e-02
1.571999999999999886e+02,6.679687500000000000e+01,-4.375000000000017764e-03,1.541250000000000142e+01,-5.250000000000110134e-02
1.573000000000000114e+02,6.681518554687500000e+01,1.818749999999997868e-01,1.536250000000000071e+01,-4.210937500000078160e-02
1.574000000000000057e+02,6.650390625000000000e+01,4.812499999999975131e-02,1.555250000000000199e+01,-7.820312500000081712e-02
1.575000000000000000e+02,6.637573242187500000e+01,2.562499999999978684e-02,1.555999999999999872e+01,-6.562500000000248690e-03
1.575999999999999943e+02,6.591796875000000000e+01,4.062499999999991118e-02,1.537249999999999872e+01,-1.421875000000039080e-02
1.576999999999999886e+02,6.619262695312500000e+01,2.312499999999984013e-02,1.519750000000000156e+01,-6.289062500000053291e-02
1.578000000000000114e+02,6.621093750000000000e+01,2.562499999999978684e-02,1.539000000000000057e+01,-4.539062500000046185e-02
1.579000000000000057e+02,6.560668945312500000e+01,2.812499999999973355e-02,1.546000000000000085e+01,-7.546875000000063949e-02
1.580000000000000000e+02,6.566162109375000000e+01,2.812499999999973355e-02,1.550750000000000028e+01,-2.953125000000067502e-02
1.580999999999999943e+02,6.533203125000000000e+01,3.812499999999996447e-02,1.531749999999999901e+01,-5.851562500000095923e-02
1.581999999999999886e+02,6.558837890625000000e+01,2.562499999999978684e-02,1.549249999999999972e+01,-7.054687500000067502e-02
1.583000000000000114e+02,6.560668945312500000e+01,2.312499999999984013e-02,1.533000000000000185e+01,-2.515625000000110134e-02
1.584000000000000057e+02,6.476440429687500000e+01,2.062499999999989342e-02,1.535750000000000171e+01,-3.828125000000071054e-02
1.585000000000000000e+02,6.507568359375000000e+01,3.312500000000007105e-02,1.541750000000000043e+01,-2.406250000000031974e-02
1.585999999999999943e+02,6.474609375000000000e+01,-1.500000000000012434e-02,1.553750000000000142e+01,-4.375000000000106581e-02
1.586999999999999886e+02,6.500244140625000000e+01,3.562500000000001776e-02,1.549000000000000199e+01,-6.562500000000248690e-03
1.588000000000000114e+02,6.450805664062500000e+01,3.312500000000007105e-02,1.547250000000000014e+01,-3.828125000000959233e-03
1.589000000000000057e+02,6.412353515625000000e+01,-1.187499999999985789e-02,1.542750000000000199e+01,-4.101562500000088818e-02
1.590000000000000000e+02,6.450805664062500000e+01,3.312500000000007105e-02,1.547500000000000142e+01,2.679687499999960920e-02
1.590999999999999943e+02,6.410522460937500000e+01,6.312499999999987566e-02,1.552250000000000085e+01,-2.515625000000110134e-02
1.591999999999999886e+02,6.425170898437500000e+01,4.812499999999975131e-02,1.536250000000000071e+01,-4.539062500000046185e-02
1.593000000000000114e+02,6.392211914062500000e+01,3.062500000000012434e-02,1.537999999999999901e+01,-1.203125000000007105e-01
1.594000000000000057e+02,6.361083984375000000e+01,-1.462500000000002132e-01,1.527749999999999986e+01,-4.976562500000092371e-02
1.595000000000000000e+02,6.395874023437500000e+01,3.062500000000012434e-02,1.537000000000000099e+01,-4.046875000000049738e-02
1.595999999999999943e+02,6.361083984375000000e+01,2.312499999999984013e-02,1.563250000000000028e+01,-6.507812500000031974e-02
1.596999999999999886e+02,6.331787109375000000e+01,1.062500000000010658e-02,1.534750000000000014e+01,-3.664062500000042633e-02
1.598000000000000114e+02,6.324462890625000000e+01,6.312499999999987566e-02,1.553249999999999886e+01,-1.039062500000031974e-02
1.599000000000000057e+02,6.298828125000000000e+01,2.562499999999978684e-02,1.534250000000000114e+01,-6.015625000000035527e-02
1.600000000000000000e+02,6.335449218750000000e+01,4.312499999999985789e-02,1.541000000000000014e+01,-3.062500000000056843e-02
1.600999999999999943e+02,6.269531250000000000e+01,2.312499999999984013e-02,1.527250000000000085e+01,-7.109375000000639488e-03
1.601999999999999886e+02,6.276855468750000000e+01,2.812499999999973355e-02,1.551750000000000185e+01,-2.843750000000078160e-02
1.603000000000000114e+02,6.276855468750000000e+01,3.812499999999996447e-02,1.526500000000000057e+01,-3.773437500000031974e-02
1.604000000000000057e+02,6.247558593750000000e+01,5.624999999999769074e-03,1.533749999999999858e+01,-4.867187500000103029e-02
1.605000000000000000e+02,6.282348632812500000e+01,2.812499999999973355e-02,1.547250000000000014e+01,-2.351562500000081712e-02
1.605999999999999943e+02,6.199951171875000000e+01,6.562499999999982236e-02,1.554500000000000171e+01,-3.500000000000103029e-02
1.606999999999999886e+02,6.227416992187500000e+01,4.062499999999991118e-02,1.541000000000000014e+01,-4.429687500000056843e-02
1.608000000000000114e+02,6.227416992187500000e+01,2.562499999999978684e-02,1.549249999999999972e+01,-4.757812500000024869e-02
1.609000000000000057e+02,6.199951171875000000e+01,2.812499999999973355e-02,1.550000000000000000e+01,-3.718750000000081712e-02
1.610000000000000000e+02,6.196289062500000000e+01,4.562499999999980460e-02,1.553249999999999886e+01,-3.664062500000042633e-02
1.610999999999999943e+02,6.150512695312500000e+01,6.062499999999992895e-02,1.539499999999999957e+01,-4.101562500000088818e-02
1.611999999999999886e+02,6.174316406250000000e+01,2.562499999999978684e-02,1.537249999999999872e+01,-8.695312500000085265e-02
1.613000000000000114e+02,6.174316406250000000e+01,2.312499999999984013e-02,1.539750000000000085e+01,-4.484375000000095923e-02
1.614000000000000057e+02,6.148681640625000000e+01,3.124999999999822364e-03,1.533999999999999986e+01,2.296874999999953815e-02
1.615000000000000000e+02,6.181640625000000000e+01,5.812499999999998224e-02,1.533000000000000185e+01,1.039062499999943157e-02
1.615999999999999943e+02,6.148681640625000000e+01,3.285000000000000142e+00,1.543499999999999872e+01,1.694218750000000284e+01
1.616999999999999886e+02,6.174316406250000000e+01,2.952500000000000124e+00,1.545250000000000057e+01,1.550500000000000078e+01
1.618000000000000114e+02,6.176147460937500000e+01,2.937500000000000000e+00,1.546249999999999858e+01,1.548257812500000163e+01
1.619000000000000057e+02,6.148681640625000000e+01,2.982499999999999929e+00,1.524749999999999872e+01,1.550445312500000128e+01
1.620000000000000000e+02,6.183471679687500000e+01,2.964999999999999858e+00,1.548499999999999943e+01,1.552796875000000121e+01
1.620999999999999943e+02,6.152343750000000000e+01,2.975000000000000089e+00,1.525750000000000028e+01,1.552085937500000057e+01
1.621999999999999886e+02,6.174316406250000000e+01,2.995000000000000107e+00,1.546249999999999858e+01,1.547000000000000064e+01
1.623000000000000114e+02,6.254882812500000000e+01,2.987499999999999822e+00,1.546000000000000085e+01,1.548367187500000064e+01
1.624000000000000057e+02,6.265869140625000000e+01,2.977500000000000036e+00,1.542249999999999943e+01,1.551046875000000114e+01
1.625000000000000000e+02,6.302490234375000000e+01,2.995000000000000107e+00,1.539499999999999957e+01,1.553671875000000036e+01
1.625999999999999943e+02,6.267700195312500000e+01,3.020000000000000018e+00,1.521750000000000114e+01,1.552250000000000085e+01
1.626999999999999886e+02,6.322631835937500000e+01,3.002499999999999947e+00,1.533999999999999986e+01,1.547328125000000121e+01
1.628000000000000114e+02,6.564331054687500000e+01,3.042499999999999982e+00,1.528750000000000142e+01,1.549296875000000107e+01
1.629000000000000057e+02,6.551513671875000000e+01,3.012500000000000178e+00,1.537999999999999901e+01,1.551320312500000043e+01
1.630000000000000000e+02,6.588134765625000000e+01,3.075000000000000178e+00,1.529250000000000043e+01,1.550882812500000085e+01
1.630999999999999943e+02,6.547851562500000000e+01,3.040000000000000036e+00,1.533000000000000185e+01,1.550335937500000050e+01
1.631999999999999886e+02,6.919555664062500000e+01,3.057500000000000107e+00,1.543499999999999872e+01,1.555148437500000114e+01
1.633000000000000114e+02,6.974487304687500000e+01,3.047499999999999876e+00,1.536749999999999972e+01,1.550390625000000000e+01
1.634000000000000057e+02,6.952514648437500000e+01,3.062500000000000000e+00,1.526750000000000185e+01,1.548531250000000092e+01
1.635000000000000000e+02,6.985473632812500000e+01,3.027499999999999858e+00,1.533249999999999957e+01,1.546289062500000000e+01
1.635999999999999943e+02,7.175903320312500000e+01,3.040000000000000036e+00,1.534250000000000114e+01,1.548968750000000050e+01
1.636999999999999886e+02,7.456054687500000000e+01,3.102500000000000036e+00,1.542249999999999943e+01,1.550445312500000128e+01
1.638000000000000114e+02,7.467041015625000000e+01,3.089999999999999858e+00,1.552250000000000085e+01,1.547218750000000043e+01
1.639000000000000057e+02,7.443237304687500000e+01,3.225000000000000089e+00,1.528750000000000142e+01,1.550554687500000028e+01
1.640000000000000000e+02,7.478027343750000000e+01,3.084999999999999964e+00,1.536500000000000199e+01,1.550062500000000121e+01
1.640999999999999943e+02,7.818603515625000000e+01,3.084999999999999964e+00,1.533999999999999986e+01,1.554875000000000007e+01
1.641999999999999886e+02,7.880859375000000000e+01,3.100000000000000089e+00,1.528249999999999886e+01,1.555203125000000064e+01
1.643000000000000114e+02,7.877197265625000000e+01,3.129999999999999893e+00,1.532000000000000028e+01,1.549023437500000000e+01
1.644000000000000057e+02,7.855224609375000000e+01,3.127499999999999947e+00,1.537999999999999901e+01,1.555093750000000163e+01
1.645000000000000000e+02,8.150024414062500000e+01,3.167499999999999982e+00,1.527499999999999858e+01,1.549570312500000036e+01
1.645999999999999943e+02,8.179321289062500000e+01,3.125000000000000000e+00,1.546000000000000085e+01,1.549132812500000078e+01
1.646999999999999886e+02,8.221435546875000000e+01,3.212499999999999911e+00,1.542249999999999943e+01,1.549843750000000142e+01
1.648000000000000114e+02,8.219604492187500000e+01,3.152499999999999858e+00,1.536749999999999972e+01,1.552140625000000007e+01
1.649000000000000057e+02,8.250732421875000000e+01,3.172499999999999876e+00,1.537750000000000128e+01,1.549953125000000043e+01
1.650000000000000000e+02,8.519897460937500000e+01,3.174999999999999822e+00,1.535750000000000171e+01,1.553617187500000085e+01
1.650999999999999943e+02,8.483276367187500000e+01,3.142500000000000071e+00,1.536250000000000071e+01,1.544265625000000064e+01
1.651999999999999886e+02,8.525390625000000000e+01,3.174999999999999822e+00,1.551999999999999957e+01,1.546070312500000021e+01
1.653000000000000114e+02,8.518066406250000000e+01,3.129999999999999893e+00,1.538749999999999929e+01,1.549242187500000156e+01
1.654000000000000057e+02,8.734130859375000000e+01,3.172499999999999876e+00,1.551999999999999957e+01,1.552140625000000007e+01
1.655000000000000000e+02,8.803710937500000000e+01,3.157500000000000195e+00,1.528249999999999886e+01,1.552304687500000036e+01
1.655999999999999943e+02,8.745117187500000000e+01,3.189999999999999947e+00,1.538749999999999929e+01,1.547000000000000064e+01
1.656999999999999886e+02,8.792724609375000000e+01,3.182500000000000107e+00,1.524249999999999972e+01,1.551046875000000114e+01
1.658000000000000114e+02,8.933715820312500000e+01,3.194999999999999840e+00,1.560249999999999915e+01,1.552523437500000014e+01
1.659000000000000057e+02,9.003295898437500000e+01,3.212499999999999911e+00,1.533249999999999957e+01,1.551101562500000064e+01
1.660000000000000000e+02,9.041748046875000000e+01,3.212499999999999911e+00,1.541250000000000142e+01,1.553453125000000057e+01
1.660999999999999943e+02,8.990478515625000000e+01,3.214999999999999858e+00,1.525499999999999901e+01,1.548148437500000085e+01
1.661999999999999886e+02,9.036254882812500000e+01,3.209999999999999964e+00,1.515749999999999886e+01,1.546671875000000007e+01
1.663000000000000114e+02,9.244995117187500000e+01,3.212499999999999911e+00,1.538250000000000028e+01,1.551320312500000043e+01
1.664000000000000057e+02,9.237670898437500000e+01,3.237499999999999822e+00,1.533000000000000185e+01,1.554710937500000156e+01
1.665000000000000000e+02,9.277954101562500000e+01,3.242500000000000160e+00,1.529500000000000171e+01,1.547710937500000128e+01
1.665999999999999943e+02,9.223022460937500000e+01,3.209999999999999964e+00,1.552250000000000085e+01,1.549843750000000142e+01
1.666999999999999886e+02,9.451904296875000000e+01,3.254999999999999893e+00,1.533999999999999986e+01,1.550718750000000057e+01
1.668000000000000114e+02,9.473876953125000000e+01,3.240000000000000213e+00,1.533000000000000185e+01,1.550500000000000078e+01
1.669000000000000057e+02,9.453735351562500000e+01,3.225000000000000089e+00,1.528500000000000014e+01,1.551648437500000099e+01
1.670000000000000000e+02,9.497680664062500000e+01,3.240000000000000213e+00,1.543750000000000000e+01,1.548039062500000007e+01
1.670999999999999943e+02,9.515991210937500000e+01,3.285000000000000142e+00,1.549749999999999872e+01,1.552085937500000057e+01
1.671999999999999886e+02,9.688110351562500000e+01,3.259999999999999787e+00,1.532000000000000028e+01,1.548367187500000064e+01
1.673000000000000114e+02,9.675292968750000000e+01,3.285000000000000142e+00,1.546249999999999858e+01,1.546453125000000028e+01
1.674000000000000057e+02,9.660644531250000000e+01,3.280000000000000249e+00,1.555999999999999872e+01,1.551703125000000050e+01
1.675000000000000000e+02,9.700927734375000000e+01,3.232499999999999929e+00,1.521750000000000114e+01,1.546289062500000000e+01
1.675999999999999943e+02,9.816284179687500000e+01,3.290000000000000036e+00,1.525750000000000028e+01,1.549078125000000128e+01
1.676999999999999886e+02,9.882202148437500000e+01,3.287500000000000089e+00,1.537000000000000099e+01,1.551921875000000028e+01
1.678000000000000114e+02,9.869384765625000000e+01,3.274999999999999911e+00,1.558249999999999957e+01,1.549023437500000000e+01
1.679000000000000057e+02,9.847412109375000000e+01,3.292499999999999982e+00,1.535249999999999915e+01,1.548750000000000071e+01
1.680000000000000000e+02,1.002319335937500000e+02,3.347500000000000142e+00,1.538250000000000028e+01,1.552140625000000007e+01
1.680999999999999943e+02,1.001770019531250000e+02,3.314999999999999947e+00,1.530750000000000099e+01,1.549898437500000092e+01
1.681999999999999886e+02,1.007080078125000000e+02,3.312500000000000000e+00,1.538749999999999929e+01,1.551867187500000078e+01
1.683000000000000114e+02,1.006164550781250000e+02,3.299999999999999822e+00,1.522500000000000142e+01,1.554054687500000043e+01
1.684000000000000057e+02,1.007263183593750000e+02,3.339999999999999858e+00,1.541250000000000142e+01,1.550062500000000121e+01
1.685000000000000000e+02,1.024841308593750000e+02,3.317499999999999893e+00,1.567999999999999972e+01,1.550773437500000007e+01
1.685999999999999943e+02,1.019897460937500000e+02,3.345000000000000195e+00,1.533249999999999957e+01,1.558539062500000050e+01
1.686999999999999886e+02,1.025390625000000000e+02,3.339999999999999858e+00,1.549000000000000199e+01,1.551976562500000156e+01
1.688000000000000114e+02,1.023742675781250000e+02,3.390000000000000124e+00,1.555250000000000199e+01,1.548914062500000099e+01
1.689000000000000057e+02,1.037658691406250000e+02,3.350000000000000089e+00,1.532000000000000028e+01,1.545140625000000156e+01
1.690000000000000000e+02,1.043884277343750000e+02,3.339999999999999858e+00,1.523750000000000071e+01,1.547875000000000156e+01
1.690999999999999943e+02,1.038208007812500000e+02,3.370000000000000107e+00,1.524749999999999872e+01,1.554546875000000128e+01
1.691999999999999886e+02,1.043334960937500000e+02,3.372500000000000053e+00,1.552250000000000085e+01,1.548039062500000007e+01
1.693000000000000114e+02,1.051940917968750000e+02,3.370000000000000107e+00,1.541000000000000014e+01,1.548804687500000021e+01
1.694000000000000057e+02,1.056152343750000000e+02,3.359999999999999876e+00,1.526750000000000185e+01,1.543937500000000007e+01
1.695000000000000000e+02,1.061279296875000000e+02,3.382499999999999840e+00,1.547250000000000014e+01,1.548093750000000135e+01
1.695999999999999943e+02,1.055053710937500000e+02,3.319999999999999840e+00,1.534250000000000114e+01,1.548093750000000135e+01
1.696999999999999886e+02,1.060363769531250000e+02,3.377499999999999947e+00,1.520250000000000057e+01,1.551539062500000021e+01
1.698000000000000114e+02,1.074829101562500000e+02,3.417499999999999982e+00,1.575750000000000028e+01,1.556078125000000156e+01
1.699000000000000057e+02,1.074279785156250000e+02,3.384999999999999787e+00,1.530000000000000071e+01,1.548859375000000149e+01
1.700000000000000000e+02,1.077941894531250000e+02,3.415000000000000036e+00,1.544750000000000156e+01,1.549515625000000085e+01
1.700999999999999943e+02,1.071899414062500000e+02,3.402499999999999858e+00,1.532000000000000028e+01,1.545578125000000114e+01
1.701999999999999886e+02,1.091491699218750000e+02,3.527499999999999858e+00,1.539999999999999858e+01,1.546398437500000078e+01
1.703000000000000114e+02,1.092407226562500000e+02,3.405000000000000249e+00,1.516499999999999915e+01,1.548804687500000021e+01
1.704000000000000057e+02,1.091491699218750000e+02,3.405000000000000249e+00,1.533000000000000185e+01,1.551867187500000078e+01
1.705000000000000000e+02,1.095153808593750000e+02,3.447499999999999787e+00,1.511250000000000071e+01,1.552687500000000043e+01
1.705999999999999943e+02,1.096069335937500000e+02,3.435000000000000053e+00,1.535000000000000142e+01,1.547765625000000078e+01
1.706999999999999886e+02,1.110351562500000000e+02,3.452500000000000124e+00,1.539250000000000185e+01,1.554765625000000107e+01
1.708000000000000114e+02,1.108520507812500000e+02,3.422499999999999876e+00,1.519750000000000156e+01,1.552906250000000021e+01
1.709000000000000057e+02,1.107421875000000000e+02,3.477500000000000036e+00,1.547749999999999915e+01,1.545906249999999993e+01
1.710000000000000000e+02,1.111267089843750000e+02,3.482499999999999929e+00,1.523750000000000071e+01,1.548804687500000021e+01
1.710999999999999943e+02,1.120422363281250000e+02,3.435000000000000053e+00,1.546499999999999986e+01,1.552140625000000007e+01
1.711999999999999886e+02,1.127563476562500000e+02,3.477500000000000036e+00,1.535999999999999943e+01,1.546617187500000057e+01
1.713000000000000114e+02,1.125183105468750000e+02,3.497500000000000053e+00,1.540249999999999986e+01,1.550445312500000128e+01
1.714000000000000057e+02,1.124450683593750000e+02,3.482499999999999929e+00,1.548250000000000171e+01,1.541585937500000014e+01
1.715000000000000000e+02,1.140563964843750000e+02,3.470000000000000195e+00,1.543250000000000099e+01,1.547601562500000050e+01
1.715999999999999943e+02,1.137634277343750000e+02,3.484999999999999876e+00,1.539999999999999858e+01,1.544156250000000163e+01
1.716999999999999886e+02,1.143493652343750000e+02,3.492500000000000160e+00,1.526249999999999929e+01,1.549023437500000000e+01
1.718000000000000114e+02,1.141662597656250000e+02,3.520000000000000018e+00,1.517249999999999943e+01,1.544265625000000064e+01
1.719000000000000057e+02,1.144775390625000000e+02,3.504999999999999893e+00,1.533000000000000185e+01,1.549023437500000000e+01
1.720000000000000000e+02,1.159790039062500000e+02,3.467500000000000249e+00,1.546999999999999886e+01,1.552687500000000043e+01
1.720999999999999943e+02,1.153930664062500000e+02,3.520000000000000018e+00,1.529749999999999943e+01,1.548093750000000135e+01
1.721999999999999886e+02,1.159606933593750000e+02,3.742500000000000160e+00,1.535000000000000142e+01,1.549515625000000085e+01
1.723000000000000114e+02,1.156860351562500000e+02,3.507500000000000284e+00,1.527499999999999858e+01,1.547820312500000028e+01
1.724000000000000057e+02,1.170593261718750000e+02,3.522499999999999964e+00,1.516499999999999915e+01,1.554546875000000128e+01
1.725000000000000000e+02,1.176269531250000000e+02,3.544999999999999929e+00,1.527749999999999986e+01,1.547000000000000064e+01
1.725999999999999943e+02,1.169860839843750000e+02,3.552500000000000213e+00,1.530250000000000199e+01,1.551210937500000142e+01
1.726999999999999886e+02,1.176086425781250000e+02,3.560000000000000053e+00,1.549249999999999972e+01,1.550554687500000028e+01
1.728000000000000114e+02,1.183044433593750000e+02,3.527499999999999858e+00,1.541000000000000014e+01,1.548257812500000163e+01
1.729000000000000057e+02,1.187438964843750000e+02,3.680000000000000160e+00,1.548250000000000171e+01,1.553507812500000007e+01
1.730000000000000000e+02,1.191467285156250000e+02,3.584999999999999964e+00,1.541250000000000142e+01,1.548750000000000071e+01
1.730999999999999943e+02,1.184875488281250000e+02,3.537500000000000089e+00,1.520500000000000185e+01,1.555695312500000149e+01
1.731999999999999886e+02,1.192382812500000000e+02,3.584999999999999964e+00,1.549000000000000199e+01,1.551320312500000043e+01
1.733000000000000114e+02,1.203552246093750000e+02,3.549999999999999822e+00,1.558749999999999858e+01,1.548585937500000043e+01
1.734000000000000057e+02,1.204101562500000000e+02,3.607499999999999929e+00,1.520749999999999957e+01,1.550007812499999993e+01
1.735000000000000000e+02,1.207397460937500000e+02,3.640000000000000124e+00,1.561250000000000071e+01,1.550171875000000021e+01
1.735999999999999943e+02,1.201354980468750000e+02,3.572499999999999787e+00,1.533249999999999957e+01,1.545906249999999993e+01
1.736999999999999886e+02,1.220947265625000000e+02,3.584999999999999964e+00,1.537999999999999901e+01,1.550992187500000163e+01
1.738000000000000114e+02,1.220031738281250000e+02,3.604999999999999982e+00,1.539999999999999858e+01,1.550445312500000128e+01
1.739000000000000057e+02,1.219848632812500000e+02,3.625000000000000000e+00,1.527499999999999858e+01,1.547109375000000142e+01
1.740000000000000000e+02,1.223693847656250000e+02,3.609999999999999876e+00,1.537750000000000128e+01,1.552359375000000163e+01
1.740999999999999943e+02,1.225158691406250000e+02,3.594999999999999751e+00,1.540249999999999986e+01,1.554765625000000107e+01
1.741999999999999886e+02,1.238708496093750000e+02,3.612499999999999822e+00,1.539999999999999858e+01,1.543390625000000149e+01
1.743000000000000114e+02,1.235778808593750000e+02,3.640000000000000124e+00,1.535999999999999943e+01,1.546398437500000078e+01
1.744000000000000057e+02,1.235961914062500000e+02,3.652499999999999858e+00,1.535249999999999915e+01,1.547656250000000000e+01
1.745000000000000000e+02,1.239624023437500000e+02,3.642500000000000071e+00,1.517750000000000199e+01,1.551046875000000114e+01
1.745999999999999943e+02,1.248229980468750000e+02,3.645000000000000018e+00,1.513749999999999929e+01,1.552414062500000114e+01
1.746999999999999886e+02,1.255554199218750000e+02,3.645000000000000018e+00,1.538749999999999929e+01,1.550171875000000021e+01
1.748000000000000114e+02,1.251892089843750000e+02,3.689999999999999947e+00,1.542000000000000171e+01,1.552906250000000021e+01
1.749000000000000057e+02,1.252075195312500000e+02,3.705000000000000071e+00,1.526999999999999957e+01,1.540656250000000149e+01
1.750000000000000000e+02,1.267822265625000000e+02,3.697499999999999787e+00,1.535000000000000142e+01,1.551593750000000149e+01
1.750999999999999943e+02,1.264160156250000000e+02,3.700000000000000178e+00,1.541250000000000142e+01,1.552195312500000135e+01
1.751999999999999886e+02,1.270385742187500000e+02,3.712499999999999911e+00,1.543250000000000099e+01,1.550335937500000050e+01
1.753000000000000114e+02,1.266906738281250000e+02,3.719999999999999751e+00,1.533000000000000185e+01,1.550937500000000036e+01
1.754000000000000057e+02,1.273864746093750000e+02,3.700000000000000178e+00,1.522500000000000142e+01,1.550007812499999993e+01
1.755000000000000000e+02,1.286132812500000000e+02,3.732499999999999929e+00,1.549749999999999872e+01,1.546726562500000135e+01
1.755999999999999943e+02,1.279541015625000000e+02,3.740000000000000213e+00,1.539000000000000057e+01,1.545304687500000007e+01
1.756999999999999886e+02,1.286499023437500000e+02,3.727500000000000036e+00,1.532499999999999929e+01,1.553015625000000099e+01
1.758000000000000114e+02,1.282470703125000000e+02,3.745000000000000107e+00,1.560249999999999915e+01,1.550992187500000163e+01
1.759000000000000057e+02,1.298217773437500000e+02,3.750000000000000000e+00,1.544999999999999929e+01,1.551757812500000000e+01
1.760000000000000000e+02,1.302246093750000000e+02,3.732499999999999929e+00,1.529749999999999943e+01,1.553070312500000050e+01
1.760999999999999943e+02,1.296020507812500000e+02,3.750000000000000000e+00,1.536500000000000199e+01,1.552523437500000014e+01
1.761999999999999886e+02,1.302246093750000000e+02,3.790000000000000036e+00,1.511500000000000199e+01,1.549351562500000057e+01
1.763000000000000114e+02,1.311218261718750000e+02,3.785000000000000142e+00,1.525750000000000028e+01,1.547875000000000156e+01
1.764000000000000057e+02,1.315612792968750000e+02,3.782499999999999751e+00,1.528750000000000142e+01,1.545851562500000043e+01
1.765000000000000000e+02,1.319824218750000000e+02,3.780000000000000249e+00,1.529749999999999943e+01,1.552359375000000163e+01
1.765999999999999943e+02,1.312683105468750000e+02,3.817499999999999893e+00,1.548250000000000171e+01,1.549789062500000014e+01
1.766999999999999886e+02,1.319458007812500000e+02,3.820000000000000284e+00,1.533000000000000185e+01,1.548640624999999993e+01
1.768000000000000114e+02,1.315979003906250000e+02,3.562500000000001776e-02,1.567000000000000171e+01,-7.328125000000085265e-02
1.769000000000000057e+02,1.316345214843750000e+02,2.312499999999984013e-02,1.532750000000000057e+01,-3.445312500000063949e-02
1.770000000000000000e+02,1.319641113281250000e+02,6.812499999999976907e-02,1.528999999999999915e+01,-9.242187500000031974e-02
1.770999999999999943e+02,1.312866210937500000e+02,2.062499999999989342e-02,1.547250000000000014e+01,1.585937499999889866e-02
1.771999999999999886e+02,1.319458007812500000e+02,4.312499999999985789e-02,1.539250000000000185e+01,-7.765625000000042633e-02
1.773000000000000114e+02,1.315795898437500000e+02,3.562500000000001776e-02,1.552250000000000085e+01,-2.187500000000053291e-02
1.774000000000000057e+02,1.316162109375000000e+02,4.312499999999985789e-02,1.550250000000000128e+01,-2.843750000000078160e-02
1.775000000000000000e+02,1.319458007812500000e+02,3.312500000000007105e-02,1.538250000000000028e+01,-6.945312500000078160e-02
1.775999999999999943e+02,1.309936523437500000e+02,2.312499999999984013e-02,1.542999999999999972e+01,-7.929687500000071054e-02
1.776999999999999886e+02,1.314331054687500000e+02,4.312499999999985789e-02,1.551999999999999957e+01,-2.460937500000071054e-02
1.778000000000000114e+02,1.310852050781250000e+02,6.062499999999992895e-02,1.536749999999999972e+01,-4.375000000000106581e-02
1.779000000000000057e+02,1.311401367187500000e+02,4.812499999999975131e-02,1.541250000000000142e+01,-1.914062500000035527e-02
1.780000000000000000e+02,1.313049316406250000e+02,3.812499999999996447e-02,1.538500000000000156e+01,-5.687500000000067502e-02
1.780999999999999943e+02,1.286315917968750000e+02,3.062500000000012434e-02,1.527749999999999986e+01,-8.367187500000028422e-02
1.781999999999999886e+02,1.291442871093750000e+02,1.812499999999994671e-02,1.532250000000000156e+01,-3.171875000000046185e-02
1.783000000000000114e+02,1.287780761718750000e+02,5.312500000000008882e-02,1.533000000000000185e+01,-7.328125000000085265e-02
1.784000000000000057e+02,1.288146972656250000e+02,2.062499999999989342e-02,1.525499999999999901e+01,1.421874999999950262e-02
1.785000000000000000e+02,1.258850097656250000e+02,2.062499999999989342e-02,1.554250000000000043e+01,-1.476562500000078160e-02
1.785999999999999943e+02,1.246215820312500000e+02,5.812499999999998224e-02,1.533249999999999957e+01,-3.609375000000092371e-02
1.786999999999999886e+02,1.252258300781250000e+02,5.812499999999998224e-02,1.525250000000000128e+01,-6.507812500000031974e-02
1.788000000000000114e+02,1.248962402343750000e+02,5.062500000000014211e-02,1.535000000000000142e+01,-1.175781250000005329e-01
1.789000000000000057e+02,1.223510742187500000e+02,4.562499999999980460e-02,1.534250000000000114e+01,-2.843750000000078160e-02
1.790000000000000000e+02,1.202270507812500000e+02,2.312499999999984013e-02,1.535750000000000171e+01,-9.843750000000817124e-03
1.790999999999999943e+02,1.195129394531250000e+02,1.062500000000010658e-02,1.534499999999999886e+01,-1.000781250000004619e-01
1.791999999999999886e+02,1.201538085937500000e+02,3.312500000000007105e-02,1.523750000000000071e+01,-5.742187500000106581e-02
1.793000000000000114e+02,1.198791503906250000e+02,5.812499999999998224e-02,1.551249999999999929e+01,-3.007812500000106581e-02
1.794000000000000057e+02,1.157775878906250000e+02,5.562500000000003553e-02,1.558000000000000185e+01,-5.906250000000046185e-02
1.795000000000000000e+02,1.158691406250000000e+02,3.562500000000001776e-02,1.541250000000000142e+01,1.367187499999911182e-02
1.795999999999999943e+02,1.151916503906250000e+02,3.312500000000007105e-02,1.540249999999999986e+01,5.468749999995026201e-04
1.796999999999999886e+02,1.158142089843750000e+02,2.312499999999984013e-02,1.545250000000000057e+01,-4.593750000000085265e-02
1.798000000000000114e+02,1.128845214843750000e+02,3.312500000000007105e-02,1.537750000000000128e+01,-5.359375000000099476e-02
1.799000000000000057e+02,1.120971679687500000e+02,6.812499999999976907e-02,1.549500000000000099e+01,1.640624999999396039e-03
1.800000000000000000e+02,1.124267578125000000e+02,2.812499999999973355e-02,1.533999999999999986e+01,-8.421875000000067502e-02
1.800999999999999943e+02,1.118041992187500000e+02,8.124999999999715783e-03,1.544249999999999901e+01,-2.023437500000024869e-02
1.801999999999999886e+02,1.116027832031250000e+02,8.062499999999994671e-02,1.546249999999999858e+01,-2.734375000000088818e-02
1.803000000000000114e+02,1.093505859375000000e+02,3.124999999999822364e-03,1.539750000000000085e+01,-3.226562500000085265e-02
1.804000000000000057e+02,1.091857910156250000e+02,4.312499999999985789e-02,1.550250000000000128e+01,-6.562500000000248690e-03
1.805000000000000000e+02,1.096069335937500000e+02,4.312499999999985789e-02,1.547500000000000142e+01,-5.031250000000042633e-02
1.805999999999999943e+02,1.089111328125000000e+02,4.312499999999985789e-02,1.542249999999999943e+01,-5.304687500000060396e-02
1.806999999999999886e+02,1.072265625000000000e+02,5.062500000000014211e-02,1.532250000000000156e+01,-5.578125000000078160e-02
1.808000000000000114e+02,1.068237304687500000e+02,2.562499999999978684e-02,1.553249999999999886e+01,-8.585937500000095923e-02
1.809000000000000057e+02,1.066772460937500000e+02,1.812499999999994671e-02,1.543499999999999872e+01,-5.359375000000099476e-02
1.810000000000000000e+02,1.070251464843750000e+02,1.062500000000010658e-02,1.555250000000000199e+01,-2.351562500000081712e-02
1.810999999999999943e+02,1.049743652343750000e+02,5.562500000000003553e-02,1.547250000000000014e+01,-5.468750000000088818e-02
1.811999999999999886e+02,1.047912597656250000e+02,3.812499999999996447e-02,1.527749999999999986e+01,-3.281250000000568434e-03
1.813000000000000114e+02,1.045898437500000000e+02,5.562500000000003553e-02,1.524000000000000199e+01,-6.890625000000039080e-02
1.814000000000000057e+02,1.044433593750000000e+02,5.062500000000014211e-02,1.537249999999999872e+01,2.898437499999939604e-02
1.815000000000000000e+02,1.046447753906250000e+02,7.562500000000005329e-02,1.553249999999999886e+01,-2.242187500000092371e-02
1.815999999999999943e+02,1.023559570312500000e+02,1.562500000000000000e-02,1.546750000000000114e+01,-8.203125000000088818e-02
1.816999999999999886e+02,1.028320312500000000e+02,4.062499999999991118e-02,1.536250000000000071e+01,-3.773437500000031974e-02
1.818000000000000114e+02,1.027038574218750000e+02,4.312499999999985789e-02,1.556250000000000000e+01,-8.881784197001252323e-16
1.819000000000000057e+02,1.025207519531250000e+02,6.249999999998756550e-04,1.543250000000000099e+01,-7.109375000000639488e-03
1.820000000000000000e+02,1.013854980468750000e+02,4.312499999999985789e-02,1.543250000000000099e+01,-2.515625000000110134e-02
1.820999999999999943e+02,1.005065917968750000e+02,5.562500000000003553e-02,1.523250000000000171e+01,-7.875000000000031974e-02
1.821999999999999886e+02,1.010192871093750000e+02,5.812499999999998224e-02,1.536250000000000071e+01,-7.546875000000063949e-02
1.823000000000000114e+02,1.008728027343750000e+02,2.562499999999978684e-02,1.525250000000000128e+01,-9.460937500000099476e-02
1.824000000000000057e+02,9.992065429687500000e+01,4.312499999999985789e-02,1.533749999999999858e+01,-7.109375000000106581e-02
1.825000000000000000e+02,9.951782226562500000e+01,5.624999999999769074e-03,1.536250000000000071e+01,-7.601562500000103029e-02
1.825999999999999943e+02,9.889526367187500000e+01,2.562499999999978684e-02,1.542000000000000171e+01,-6.070312500000074607e-02
1.826999999999999886e+02,9.944458007812500000e+01,3.312500000000007105e-02,1.560249999999999915e+01,-3.500000000000103029e-02
1.828000000000000114e+02,9.926147460937500000e+01,2.062499999999989342e-02,1.527250000000000085e+01,-7.054687500000067502e-02
1.829000000000000057e+02,9.765014648437500000e+01,4.812499999999975131e-02,1.530750000000000099e+01,-7.218750000000095923e-02
1.830000000000000000e+02,9.790649414062500000e+01,4.812499999999975131e-02,1.530000000000000071e+01,-3.117187500000095923e-02
1.830999999999999943e+02,9.726562500000000000e+01,-1.875000000000071054e-03,1.535999999999999943e+01,-9.351562500000110134e-02
1.831999999999999886e+02,9.783325195312500000e+01,7.062500000000015987e-02,1.545250000000000057e+01,-2.734375000000088818e-02
1.833000000000000114e+02,9.662475585937500000e+01,5.812499999999998224e-02,1.538250000000000028e+01,-2.898437500000028422e-02
1.834000000000000057e+02,9.614868164062500000e+01,1.562500000000000000e-02,1.534750000000000014e+01,-5.031250000000042633e-02
1.835000000000000000e+02,9.647827148437500000e+01,2.818749999999998757e-01,1.545749999999999957e+01,-1.312500000000049738e-02
1.835999999999999943e+02,9.592895507812500000e+01,2.812499999999973355e-02,1.543750000000000000e+01,-2.406250000000031974e-02
1.836999999999999886e+02,9.616699218750000000e+01,6.562499999999982236e-02,1.529749999999999943e+01,-2.625000000000099476e-02
1.838000000000000114e+02,9.505004882812500000e+01,2.562499999999978684e-02,1.532000000000000028e+01,-1.044531250000009237e-01
1.839000000000000057e+02,9.484863281250000000e+01,4.062499999999991118e-02,1.561250000000000071e+01,-8.312500000000078160e-02
1.840000000000000000e+02,9.519653320312500000e+01,4.062499999999991118e-02,1.555250000000000199e+01,-8.531250000000056843e-02
1.840999999999999943e+02,9.464721679687500000e+01,5.312500000000008882e-02,1.551000000000000156e+01,-8.476562500000106581e-02
1.841999999999999886e+02,9.396972656250000000e+01,1.062500000000010658e-02,1.559250000000000114e+01,-2.460937500000071054e-02
1.843000000000000114e+02,9.369506835937500000e+01,3.812499999999996447e-02,1.550250000000000128e+01,-7.656250000000053291e-02
1.844000000000000057e+02,9.353027343750000000e+01,6.062499999999992895e-02,1.554250000000000043e+01,-4.210937500000078160e-02
1.845000000000000000e+02,9.389648437500000000e+01,6.312499999999987566e-02,1.543750000000000000e+01,-3.007812500000106581e-02
1.845999999999999943e+02,9.259643554687500000e+01,4.312499999999985789e-02,1.525499999999999901e+01,-5.960937500000085265e-02
1.846999999999999886e+02,9.261474609375000000e+01,1.562500000000000000e-02,1.530000000000000071e+01,-7.875000000000031974e-02
1.848000000000000114e+02,9.248657226562500000e+01,4.562499999999980460e-02,1.523750000000000071e+01,-6.945312500000078160e-02
1.849000000000000057e+02,9.232177734375000000e+01,4.562499999999980460e-02,1.562500000000000000e+01,-3.937500000000060396e-02
1.850000000000000000e+02,9.265136718750000000e+01,3.124999999999822364e-03,1.550250000000000128e+01,-6.726562500000099476e-02
1.850999999999999943e+02,9.096679687500000000e+01,8.124999999999715783e-03,1.556500000000000128e+01,-7.437500000000074607e-02
1.851999999999999886e+02,9.138793945312500000e+01,2.812499999999973355e-02,1.537000000000000099e+01,-2.734375000001065814e-03
1.853000000000000114e+02,9.122314453125000000e+01,5.062500000000014211e-02,1.534250000000000114e+01,-6.453125000000081712e-02
1.854000000000000057e+02,9.111328125000000000e+01,2.812499999999973355e-02,1.547749999999999915e+01,-3.828125000000071054e-02
1.855000000000000000e+02,9.056396484375000000e+01,5.062500000000014211e-02,1.546249999999999858e+01,-2.898437500000028422e-02
1.855999999999999943e+02,8.983154296875000000e+01,2.562499999999978684e-02,1.549249999999999972e+01,-6.890625000000039080e-02
1.856999999999999886e+02,9.030761718750000000e+01,6.562499999999982236e-02,1.519000000000000128e+01,-1.257812500000099476e-02
1.858000000000000114e+02,9.017944335937500000e+01,8.124999999999715783e-03,1.521750000000000114e+01,-3.390625000000024869e-02
1.859000000000000057e+02,8.955688476562500000e+01,3.062500000000012434e-02,1.519500000000000028e+01,-1.640625000000106581e-02
1.860000000000000000e+02,8.919067382812500000e+01,-1.875000000000071054e-03,1.528500000000000014e+01,-5.632812500000028422e-02
1.860999999999999943e+02,8.862304687500000000e+01,3.562500000000001776e-02,1.533249999999999957e+01,-6.070312500000074607e-02
1.861999999999999886e+02,8.908081054687500000e+01,6.062499999999992895e-02,1.529749999999999943e+01,-7.492187500000024869e-02
1.863000000000000114e+02,8.900756835937500000e+01,-4.375000000000017764e-03,1.524249999999999972e+01,-4.101562500000088818e-02
1.864000000000000057e+02,8.779907226562500000e+01,2.312499999999984013e-02,1.546249999999999858e+01,-6.671875000000060396e-02
1.865000000000000000e+02,8.801879882812500000e+01,5.062500000000014211e-02,1.529500000000000171e+01,-3.500000000000103029e-02
1.865999999999999943e+02,8.752441406250000000e+01,2.312499999999984013e-02,1.533749999999999858e+01,-4.757812500000024869e-02
1.866999999999999886e+02,8.798217773437500000e+01,3.043749999999998401e-01,1.521999999999999886e+01,-3.335937500000074607e-02
1.868000000000000114e+02,8.708496093750000000e+01,3.312500000000007105e-02,1.566750000000000043e+01,1.203124999999971578e-02
1.869000000000000057e+02,8.662719726562500000e+01,5.312500000000008882e-02,1.524500000000000099e+01,-5.359375000000099476e-02
1.870000000000000000e+02,8.692016601562500000e+01,5.562500000000003553e-02,1.519000000000000128e+01,-2.843750000000078160e-02
1.870999999999999943e+02,8.638916015625000000e+01,3.312500000000007105e-02,1.537750000000000128e+01,-2.953125000000067502e-02
1.871999999999999886e+02,8.679199218750000000e+01,3.312500000000007105e-02,1.521750000000000114e+01,7.656249999999253930e-03
1.873000000000000114e+02,8.582153320312500000e+01,1.800000000000001599e-01,1.560249999999999915e+01,-2.242187500000092371e-02
1.874000000000000057e+02,8.560180664062500000e+01,4.312499999999985789e-02,1.524749999999999872e+01,-5.687500000000067502e-02
1.875000000000000000e+02,8.593139648437500000e+01,2.062499999999989342e-02,1.529749999999999943e+01,-7.820312500000081712e-02
1.875999999999999943e+02,8.541870117187500000e+01,-1.875000000000071054e-03,1.528249999999999886e+01,-6.453125000000081712e-02
1.876999999999999886e+02,8.505249023437500000e+01,4.562499999999980460e-02,1.539250000000000185e+01,-6.835937500000088818e-02
1.878000000000000114e+02,8.477783203125000000e+01,3.062500000000012434e-02,1.538500000000000156e+01,-7.929687500000071054e-02
1.879000000000000057e+02,8.461303710937500000e+01,2.062499999999989342e-02,1.550250000000000128e+01,-2.570312500000060396e-02
1.880000000000000000e+02,8.492431640625000000e+01,3.312500000000007105e-02,1.543250000000000099e+01,-4.921875000000053291e-02
1.880999999999999943e+02,8.388061523437500000e+01,6.312499999999987566e-02,1.543250000000000099e+01,-4.265625000000028422e-02
1.881999999999999886e+02,8.388061523437500000e+01,5.812499999999998224e-02,1.527499999999999858e+01,-3.882812500000110134e-02
1.883000000000000114e+02,8.377075195312500000e+01,6.062499999999992895e-02,1.532250000000000156e+01,-3.171875000000046185e-02
1.884000000000000057e+02,8.358764648437500000e+01,6.062499999999992895e-02,1.523750000000000071e+01,-1.421875000000039080e-02
1.885000000000000000e+02,8.395385742187500000e+01,5.812499999999998224e-02,1.544999999999999929e+01,-5.960937500000085265e-02
1.885999999999999943e+02,8.248901367187500000e+01,2.812499999999973355e-02,1.550250000000000128e+01,-8.203125000000532907e-03
1.886999999999999886e+02,8.287353515625000000e+01,3.062500000000012434e-02,1.547250000000000014e+01,-2.242187500000092371e-02
1.888000000000000114e+02,8.274536132812500000e+01,5.312500000000008882e-02,1.515500000000000114e+01,-2.734375000000088818e-02
1.889000000000000057e+02,8.261718750000000000e+01,4.062499999999991118e-02,1.520250000000000057e+01,-5.523437500000039080e-02
1.890000000000000000e+02,8.219604492187500000e+01,5.312500000000008882e-02,1.539000000000000057e+01,-8.640625000000046185e-02
1.890999999999999943e+02,8.142700195312500000e+01,4.062499999999991118e-02,1.542249999999999943e+01,-3.609375000000092371e-02
1.891999999999999886e+02,8.186645507812500000e+01,3.062500000000012434e-02,1.533500000000000085e+01,-3.882812500000110134e-02
1.893000000000000114e+02,8.177490234375000000e+01,3.062500000000012434e-02,1.535000000000000142e+01,-5.250000000000110134e-02
1.894000000000000057e+02,8.140869140625000000e+01,1.312500000000005329e-02,1.560000000000000142e+01,-5.085937500000081712e-02
1.895000000000000000e+02,8.104248046875000000e+01,1.062500000000010658e-02,1.546750000000000114e+01,-1.859375000000085265e-02
1.895999999999999943e+02,8.051147460937500000e+01,3.062500000000012434e-02,1.533249999999999957e+01,-7.437500000000074607e-02
1.896999999999999886e+02,8.096923828125000000e+01,2.312499999999984013e-02,1.549000000000000199e+01,-5.250000000000110134e-02
1.898000000000000114e+02,8.089599609375000000e+01,5.812499999999998224e-02,1.538250000000000028e+01,-4.265625000000028422e-02
1.899000000000000057e+02,7.990722656250000000e+01,4.562499999999980460e-02,1.540249999999999986e+01,-1.640625000000284217e-03
1.900000000000000000e+02,8.014526367187500000e+01,4.812499999999975131e-02,1.550000000000000000e+01,-5.359375000000099476e-02
1.900999999999999943e+02,7.966918945312500000e+01,3.562500000000001776e-02,1.550250000000000128e+01,-6.617187500000110134e-02
1.901999999999999886e+02,8.005371093750000000e+01,7.062500000000015987e-02,1.554250000000000043e+01,-8.039062500000060396e-02
1.903000000000000114e+02,7.950439453125000000e+01,2.812499999999973355e-02,1.569750000000000156e+01,-1.257812500000099476e-02
1.904000000000000057e+02,7.890014648437500000e+01,1.062500000000010658e-02,1.556500000000000128e+01,-3.609375000000092371e-02
1.905000000000000000e+02,7.922973632812500000e+01,3.812499999999996447e-02,1.562249999999999872e+01,-8.750000000000923706e-03
1.905999999999999943e+02,7.873535156250000000e+01,2.062499999999989342e-02,1.525750000000000028e+01,-2.625000000000099476e-02
1.906999999999999886e+02,7.915649414062500000e+01,3.062500000000012434e-02,1.526000000000000156e+01,-5.468750000003907985e-04
1.908000000000000114e+02,7.820434570312500000e+01,1.562500000000000000e-02,1.530750000000000099e+01,-5.468750000003907985e-04
1.909000000000000057e+02,7.798461914062500000e+01,3.312500000000007105e-02,1.538250000000000028e+01,-5.468750000003907985e-04
1.910000000000000000e+02,7.833251953125000000e+01,4.312499999999985789e-02,1.519999999999999929e+01,-3.609375000000092371e-02
1.910999999999999943e+02,7.783813476562500000e+01,9.499999999999975131e-02,1.530999999999999872e+01,-5.960937500000085265e-02
1.911999999999999886e+02,7.756347656250000000e+01,1.812499999999994671e-02,1.540249999999999986e+01,-1.476562500000078160e-02
1.913000000000000114e+02,7.728881835937500000e+01,3.062500000000012434e-02,1.549249999999999972e+01,-2.078125000000063949e-02
1.914000000000000057e+02,7.705078125000000000e+01,1.562500000000000000e-02,1.548250000000000171e+01,-7.109375000000106581e-02
1.915000000000000000e+02,7.741699218750000000e+01,7.312500000000010658e-02,1.526750000000000185e+01,-4.703125000000074607e-02
1.915999999999999943e+02,7.668457031250000000e+01,3.312500000000007105e-02,1.550250000000000128e+01,1.148437499999932498e-02
1.916999999999999886e+02,7.653808593750000000e+01,1.812499999999994671e-02,1.536250000000000071e+01,1.640624999999396039e-03
1.918000000000000114e+02,7.640991210937500000e+01,1.562500000000000000e-02,1.527749999999999986e+01,-6.562500000000248690e-03
1.919000000000000057e+02,7.626342773437500000e+01,5.624999999999769074e-03,1.545749999999999957e+01,-9.843750000000817124e-03
1.920000000000000000e+02,7.661132812500000000e+01,6.812499999999976907e-02,1.536250000000000071e+01,-2.789062500000039080e-02
1.920999999999999943e+02,7.540283203125000000e+01,-2.812500000000017764e-02,1.546000000000000085e+01,-9.296875000000426326e-03
1.921999999999999886e+02,7.576904296875000000e+01,6.249999999998756550e-04,1.531749999999999901e+01,-3.718750000000081712e-02
1.923000000000000114e+02,7.567749023437500000e+01,1.812499999999994671e-02,1.535249999999999915e+01,-7.765625000000042633e-02
1.924000000000000057e+02,7.542114257812500000e+01,1.562500000000000000e-02,1.549000000000000199e+01,-2.187500000000675016e-03
1.925000000000000000e+02,7.531127929687500000e+01,6.062499999999992895e-02,1.555999999999999872e+01,-4.265625000000028422e-02
1.925999999999999943e+02,7.456054687500000000e+01,5.312500000000008882e-02,1.551000000000000156e+01,-1.312500000000049738e-02
1.926999999999999886e+02,7.492675781250000000e+01,3.562500000000001776e-02,1.549000000000000199e+01,4.374999999999573674e-03
1.928000000000000114e+02,7.483520507812500000e+01,8.124999999999715783e-03,1.556250000000000000e+01,-4.867187500000103029e-02
1.929000000000000057e+02,7.465209960937500000e+01,5.624999999999769074e-03,1.542249999999999943e+01,-4.648437500000035527e-02
1.930000000000000000e+02,7.421264648437500000e+01,4.312499999999985789e-02,1.525250000000000128e+01,-6.617187500000110134e-02
1.930999999999999943e+02,7.371826171875000000e+01,6.312499999999987566e-02,1.529250000000000043e+01,-2.843750000000078160e-02
1.931999999999999886e+02,7.410278320312500000e+01,5.062500000000014211e-02,1.541750000000000043e+01,-7.765625000000042633e-02
1.933000000000000114e+02,7.401123046875000000e+01,6.062499999999992895e-02,1.534750000000000014e+01,-5.085937500000081712e-02
1.934000000000000057e+02,7.322387695312500000e+01,2.062499999999989342e-02,1.521249999999999858e+01,-5.031250000000042633e-02
1.935000000000000000e+02,7.338867187500000000e+01,1.437499999999980460e-02,1.529749999999999943e+01,-2.406250000000031974e-02
1.935999999999999943e+02,7.291259765625000000e+01,4.812499999999975131e-02,1.559750000000000014e+01,-8.750000000000923706e-03
1.936999999999999886e+02,7.327880859375000000e+01,2.812499999999973355e-02,1.529250000000000043e+01,-4.867187500000103029e-02
1.938000000000000114e+02,7.296752929687500000e+01,4.812499999999975131e-02,1.542249999999999943e+01,-7.984375000000110134e-02
1.939000000000000057e+02,7.238159179687500000e+01,4.812499999999975131e-02,1.536250000000000071e+01,-4.539062500000046185e-02
1.940000000000000000e+02,7.269287109375000000e+01,1.312500000000005329e-02,1.562249999999999872e+01,-6.562500000000071054e-02
1.940999999999999943e+02,7.225341796875000000e+01,2.812499999999973355e-02,1.559250000000000114e+01,7.109374999999751310e-03
1.941999999999999886e+02,7.260131835937500000e+01,2.812499999999973355e-02,1.548750000000000071e+01,-1.968750000000074607e-02
1.943000000000000114e+02,7.192382812500000000e+01,4.312499999999985789e-02,1.540249999999999986e+01,-3.773437500000031974e-02
1.944000000000000057e+02,7.168579101562500000e+01,1.312500000000005329e-02,1.546249999999999858e+01,-4.101562500000088818e-02
1.945000000000000000e+02,7.201538085937500000e+01,1.812499999999994671e-02,1.518499999999999872e+01,-7.164062500000056843e-02
1.945999999999999943e+02,7.155761718750000000e+01,4.312499999999985789e-02,1.548250000000000171e+01,-4.648437500000035527e-02
1.946999999999999886e+02,7.142944335937500000e+01,3.312500000000007105e-02,1.557250000000000156e+01,-2.187500000000053291e-02
1.948000000000000114e+02,7.115478515625000000e+01,4.062499999999991118e-02,1.542999999999999972e+01,-5.468750000003907985e-04
1.949000000000000057e+02,7.095336914062500000e+01,5.562500000000003553e-02,1.529250000000000043e+01,-2.242187500000092371e-02
1.950000000000000000e+02,7.128295898437500000e+01,5.312500000000008882e-02,1.530750000000000099e+01,-2.187500000000053291e-02
1.950999999999999943e+02,7.077026367187500000e+01,1.312500000000005329e-02,1.547250000000000014e+01,-1.148437500000110134e-02
1.951999999999999886e+02,7.055053710937500000e+01,4.312499999999985789e-02,1.518499999999999872e+01,-4.101562500000088818e-02
1.953000000000000114e+02,7.049560546875000000e+01,2.562499999999978684e-02,1.540249999999999986e+01,-6.398437500000042633e-02
1.954000000000000057e+02,7.027587890625000000e+01,2.812499999999973355e-02,1.545250000000000057e+01,-1.367187500000088818e-02
1.955000000000000000e+02,7.058715820312500000e+01,3.312500000000007105e-02,1.529749999999999943e+01,-6.562500000000071054e-02
1.955999999999999943e+02,6.952514648437500000e+01,1.062500000000010658e-02,1.511749999999999972e+01,-1.093750000000071054e-02
1.956999999999999886e+02,6.981811523437500000e+01,3.562500000000001776e-02,1.557250000000000156e+01,-3.445312500000063949e-02
1.958000000000000114e+02,6.976318359375000000e+01,3.312500000000007105e-02,1.529500000000000171e+01,-2.789062500000039080e-02
1.959000000000000057e+02,6.959838867187500000e+01,1.562500000000000000e-02,1.536500000000000199e+01,-3.992187500000099476e-02
1.960000000000000000e+02,6.958007812500000000e+01,4.312499999999985789e-02,1.520749999999999957e+01,-3.007812500000106581e-02
1.960999999999999943e+02,6.877441406250000000e+01,3.812499999999996447e-02,1.560249999999999915e+01,-4.757812500000024869e-02
1.961999999999999886e+02,6.910400390625000000e+01,8.062499999999994671e-02,1.546999999999999886e+01,-7.273437500000046185e-02
1.963000000000000114e+02,6.908569335937500000e+01,3.312500000000007105e-02,1.527250000000000085e+01,-1.312500000000049738e-02
1.964000000000000057e+02,6.886596679687500000e+01,5.062500000000014211e-02,1.529500000000000171e+01,8.203124999999644729e-03
1.965000000000000000e+02,6.860961914062500000e+01,3.812499999999996447e-02,1.524500000000000099e+01,-1.421875000000039080e-02
1.965999999999999943e+02,6.817016601562500000e+01,4.562499999999980460e-02,1.507000000000000028e+01,-1.968750000000074607e-02
1.966999999999999886e+02,6.851806640625000000e+01,1.800000000000001599e-01,1.546999999999999886e+01,-6.945312500000078160e-02
1.968000000000000114e+02,6.842651367187500000e+01,6.812499999999976907e-02,1.551249999999999929e+01,-1.039062500000031974e-02
1.969000000000000057e+02,6.776733398437500000e+01,3.562500000000001776e-02,1.532000000000000028e+01,-1.695312500000056843e-02
1.970000000000000000e+02,6.787719726562500000e+01,1.562500000000000000e-02,1.519249999999999901e+01,-6.289062500000053291e-02
1.970999999999999943e+02,6.743774414062500000e+01,2.062499999999989342e-02,1.528999999999999915e+01,-6.234375000000103029e-02
1.971999999999999886e+02,6.780395507812500000e+01,6.312499999999987566e-02,1.526500000000000057e+01,-2.953125000000067502e-02
1.973000000000000114e+02,6.769409179687500000e+01,1.062500000000010658e-02,1.537000000000000099e+01,-6.179687500000063949e-02
1.974000000000000057e+02,6.696166992187500000e+01,3.562500000000001776e-02,1.537000000000000099e+01,-5.359375000000099476e-02
1.975000000000000000e+02,6.727294921875000000e+01,4.562499999999980460e-02,1.524749999999999872e+01,-9.679687500000078160e-02
1.975999999999999943e+02,6.683349609375000000e+01,8.062499999999994671e-02,1.542750000000000199e+01,-3.828125000000959233e-03
1.976999999999999886e+02,6.718139648437500000e+01,5.562500000000003553e-02,1.544249999999999901e+01,-8.881784197001252323e-16
1.978000000000000114e+02,6.665039062500000000e+01,2.812499999999973355e-02,1.549000000000000199e+01,-2.789062500000039080e-02
1.979000000000000057e+02,6.633911132812500000e+01,4.812499999999975131e-02,1.533999999999999986e+01,-9.296875000000426326e-03
1.980000000000000000e+02,6.668701171875000000e+01,2.562499999999978684e-02,1.528000000000000114e+01,-5.195312500000071054e-02
1.980999999999999943e+02,6.622924804687500000e+01,2.812499999999973355e-02,1.535249999999999915e+01,-6.890625000000039080e-02
1.981999999999999886e+02,6.626586914062500000e+01,5.624999999999769074e-03,1.552499999999999858e+01,-5.906250000000046185e-02
1.983000000000000114e+02,6.595458984375000000e+01,8.625000000000015987e-02,1.525000000000000000e+01,-8.203125000000532907e-03
1.984000000000000057e+02,6.577148437500000000e+01,4.312499999999985789e-02,1.549749999999999872e+01,-4.265625000000028422e-02
1.985000000000000000e+02,6.604614257812500000e+01,3.562500000000001776e-02,1.542750000000000199e+01,-5.632812500000028422e-02
1.985999999999999943e+02,6.562500000000000000e+01,1.312500000000005329e-02,1.535500000000000043e+01,-4.101562500000088818e-02
1.986999999999999886e+02,6.544189453125000000e+01,1.312500000000005329e-02,1.535750000000000171e+01,-3.609375000000092371e-02
1.988000000000000114e+02,6.536865234375000000e+01,5.062500000000014211e-02,1.516499999999999915e+01,-3.062500000000056843e-02
1.989000000000000057e+02,6.516723632812500000e+01,1.562500000000000000e-02,1.541250000000000142e+01,-7.765625000000042633e-02
1.990000000000000000e+02,6.546020507812500000e+01,4.312499999999985789e-02,1.536250000000000071e+01,-1.914062500000035527e-02
1.990999999999999943e+02,6.461791992187500000e+01,2.812499999999973355e-02,1.534250000000000114e+01,-7.109375000000106581e-02
1.991999999999999886e+02,6.478271484375000000e+01,8.124999999999715783e-03,1.557250000000000156e+01,-5.468750000000088818e-02
1.993000000000000114e+02,6.478271484375000000e+01,5.062500000000014211e-02,1.544249999999999901e+01,-2.132812500000103029e-02
1.994000000000000057e+02,6.458129882812500000e+01,2.812499999999973355e-02,1.550250000000000128e+01,-4.757812500000024869e-02
1.995000000000000000e+02,6.478271484375000000e+01,2.812499999999973355e-02,1.531749999999999901e+01,-1.421875000000039080e-02
1.995999999999999943e+02,6.395874023437500000e+01,2.062499999999989342e-02,1.530250000000000199e+01,-4.046875000000049738e-02
1.996999999999999886e+02,6.428833007812500000e+01,3.312500000000007105e-02,1.549000000000000199e+01,-4.320312500000067502e-02
1.998000000000000114e+02,6.427001953125000000e+01,5.562500000000003553e-02,1.524000000000000199e+01,1.367187499999911182e-02
1.999000000000000057e+02,6.406860351562500000e+01,3.062500000000012434e-02,1.546750000000000114e+01,-5.359375000000099476e-02
2.000000000000000000e+02,6.381225585937500000e+01,5.812499999999998224e-02,1.527749999999999986e+01,-5.304687500000060396e-02
2.000999999999999943e+02,6.335449218750000000e+01,4.312499999999985789e-02,1.530250000000000199e+01,-4.648437500000035527e-02
2.001999999999999886e+02,6.368408203125000000e+01,1.312500000000005329e-02,1.542249999999999943e+01,-4.210937500000078160e-02
2.003000000000000114e+02,6.362915039062500000e+01,3.312500000000007105e-02,1.535999999999999943e+01,-2.898437500000028422e-02
2.004000000000000057e+02,6.318969726562500000e+01,4.312499999999985789e-02,1.546000000000000085e+01,-8.312500000000078160e-02
2.005000000000000000e+02,6.324462890625000000e+01,3.562500000000001776e-02,1.544249999999999901e+01,-1.104687500000007816e-01
2.005999999999999943e+02,6.286010742187500000e+01,3.562500000000001776e-02,1.555499999999999972e+01,-5.304687500000060396e-02
2.006999999999999886e+02,6.317138671875000000e+01,1.562500000000000000e-02,1.553249999999999886e+01,-5.414062500000049738e-02
2.008000000000000114e+02,6.317138671875000000e+01,3.812499999999996447e-02,1.553249999999999886e+01,-7.382812500000035527e-02
2.009000000000000057e+02,6.238403320312500000e+01,3.562500000000001776e-02,1.536500000000000199e+01,-2.734375000000088818e-02
2.010000000000000000e+02,6.265869140625000000e+01,2.062499999999989342e-02,1.555250000000000199e+01,-2.023437500000024869e-02
2.010999999999999943e+02,6.223754882812500000e+01,4.062499999999991118e-02,1.541250000000000142e+01,-6.835937500000088818e-02
2.011999999999999886e+02,6.256713867187500000e+01,-2.875000000000005329e-02,1.539000000000000057e+01,-1.914062500000035527e-02
2.013000000000000114e+02,6.254882812500000000e+01,4.562499999999980460e-02,1.545500000000000185e+01,-5.851562500000095923e-02
2.014000000000000057e+02,6.232910156250000000e+01,3.812499999999996447e-02,1.522500000000000142e+01,-4.320312500000067502e-02
2.015000000000000000e+02,6.264038085937500000e+01,3.812499999999996447e-02,1.545749999999999957e+01,-2.296875000000042633e-02
2.015999999999999943e+02,6.229248046875000000e+01,2.312499999999984013e-02,1.529749999999999943e+01,-3.007812500000106581e-02
2.016999999999999886e+02,6.258544921875000000e+01,3.312500000000007105e-02,1.534250000000000114e+01,8.203124999999644729e-03
2.018000000000000114e+02,6.251220703125000000e+01,3.297499999999999876e+00,1.547250000000000014e+01,1.697718749999999943e+01
2.019000000000000057e+02,6.234741210937500000e+01,2.912500000000000089e+00,1.532499999999999929e+01,1.552523437500000014e+01
2.020000000000000000e+02,6.265869140625000000e+01,2.924999999999999822e+00,1.529749999999999943e+01,1.552960937500000149e+01
2.020999999999999943e+02,6.227416992187500000e+01,2.970000000000000195e+00,1.556250000000000000e+01,1.550390625000000000e+01
2.021999999999999886e+02,6.260375976562500000e+01,3.227500000000000036e+00,1.523499999999999943e+01,1.548968750000000050e+01
2.023000000000000114e+02,6.253051757812500000e+01,2.972500000000000142e+00,1.559250000000000114e+01,1.549734375000000064e+01
2.024000000000000057e+02,6.234741210937500000e+01,3.007499999999999840e+00,1.544249999999999901e+01,1.551156250000000014e+01
2.025000000000000000e+02,6.262207031250000000e+01,3.027499999999999858e+00,1.541250000000000142e+01,1.551046875000000114e+01
2.025999999999999943e+02,6.318969726562500000e+01,2.992500000000000160e+00,1.552250000000000085e+01,1.552085937500000057e+01
2.026999999999999886e+02,6.416015625000000000e+01,2.947499999999999787e+00,1.518750000000000000e+01,1.547492187500000149e+01
2.028000000000000114e+02,6.416015625000000000e+01,3.002499999999999947e+00,1.558999999999999986e+01,1.548257812500000163e+01
2.029000000000000057e+02,6.395874023437500000e+01,3.004999999999999893e+00,1.547250000000000014e+01,1.551976562500000156e+01
2.030000000000000000e+02,6.425170898437500000e+01,3.022499999999999964e+00,1.514000000000000057e+01,1.546781250000000085e+01
2.030999999999999943e+02,6.676025390625000000e+01,2.997500000000000053e+00,1.536250000000000071e+01,1.551429687500000121e+01
2.031999999999999886e+02,6.730957031250000000e+01,2.955000000000000071e+00,1.586250000000000071e+01,1.549406250000000007e+01
2.033000000000000114e+02,6.723632812500000000e+01,3.000000000000000000e+00,1.556250000000000000e+01,1.555695312500000149e+01
2.034000000000000057e+02,6.707153320312500000e+01,3.072499999999999787e+00,1.549000000000000199e+01,1.548257812500000163e+01
2.035000000000000000e+02,7.080688476562500000e+01,3.049999999999999822e+00,1.551999999999999957e+01,1.548968750000000050e+01
2.035999999999999943e+02,7.111816406250000000e+01,3.084999999999999964e+00,1.534250000000000114e+01,1.550882812500000085e+01
2.036999999999999886e+02,7.152099609375000000e+01,3.062500000000000000e+00,1.541000000000000014e+01,1.552414062500000114e+01
2.038000000000000114e+02,7.142944335937500000e+01,3.052500000000000213e+00,1.543250000000000099e+01,1.548148437500000085e+01
2.039000000000000057e+02,7.302246093750000000e+01,3.075000000000000178e+00,1.553750000000000142e+01,1.553015625000000099e+01
2.040000000000000000e+02,7.628173828125000000e+01,3.082500000000000018e+00,1.535249999999999915e+01,1.546125000000000149e+01
2.040999999999999943e+02,7.587890625000000000e+01,3.084999999999999964e+00,1.533999999999999986e+01,1.560835937500000092e+01
2.041999999999999886e+02,7.631835937500000000e+01,3.120000000000000107e+00,1.550250000000000128e+01,1.556625000000000014e+01
2.043000000000000114e+02,7.624511718750000000e+01,3.112499999999999822e+00,1.539250000000000185e+01,1.551921875000000028e+01
2.044000000000000057e+02,7.961425781250000000e+01,3.122500000000000053e+00,1.548250000000000171e+01,1.548859375000000149e+01
2.045000000000000000e+02,8.029174804687500000e+01,3.127499999999999947e+00,1.545250000000000057e+01,1.553234375000000078e+01
2.045999999999999943e+02,7.977905273437500000e+01,3.194999999999999840e+00,1.553000000000000114e+01,1.546289062500000000e+01
2.046999999999999886e+02,8.027343750000000000e+01,3.160000000000000142e+00,1.522500000000000142e+01,1.552250000000000085e+01
2.048000000000000114e+02,8.245239257812500000e+01,3.172499999999999876e+00,1.542999999999999972e+01,1.549078125000000128e+01
2.049000000000000057e+02,8.325805664062500000e+01,3.137500000000000178e+00,1.543250000000000099e+01,1.552359375000000163e+01
2.050000000000000000e+02,8.362426757812500000e+01,3.205000000000000071e+00,1.558249999999999957e+01,1.550664062500000107e+01
2.050999999999999943e+02,8.311157226562500000e+01,3.167499999999999982e+00,1.546249999999999858e+01,1.551976562500000156e+01
2.051999999999999886e+02,8.384399414062500000e+01,3.185000000000000053e+00,1.537500000000000000e+01,1.553781250000000114e+01
2.053000000000000114e+02,8.629760742187500000e+01,3.169999999999999929e+00,1.534250000000000114e+01,1.550882812500000085e+01
2.054000000000000057e+02,8.633422851562500000e+01,3.205000000000000071e+00,1.544000000000000128e+01,1.544867187500000050e+01
2.055000000000000000e+02,8.660888671875000000e+01,3.194999999999999840e+00,1.531749999999999901e+01,1.551757812500000000e+01
2.055999999999999943e+02,8.607788085937500000e+01,3.160000000000000142e+00,1.555250000000000199e+01,1.547929687500000107e+01
2.056999999999999886e+02,8.886108398437500000e+01,3.187500000000000000e+00,1.539250000000000185e+01,1.551429687500000121e+01
2.058000000000000114e+02,8.900756835937500000e+01,3.194999999999999840e+00,1.534499999999999886e+01,1.556187500000000057e+01
2.059000000000000057e+02,8.889770507812500000e+01,3.182500000000000107e+00,1.524249999999999972e+01,1.548531250000000092e+01
2.060000000000000000e+02,8.922729492187500000e+01,3.222500000000000142e+00,1.546999999999999886e+01,1.542515625000000057e+01
2.060999999999999943e+02,8.994140625000000000e+01,3.205000000000000071e+00,1.522749999999999915e+01,1.551210937500000142e+01
2.061999999999999886e+02,9.153442382812500000e+01,3.185000000000000053e+00,1.528750000000000142e+01,1.550882812500000085e+01
2.063000000000000114e+02,9.142456054687500000e+01,3.229999999999999982e+00,1.526249999999999929e+01,1.551265625000000092e+01
2.064000000000000057e+02,9.131469726562500000e+01,3.212499999999999911e+00,1.553249999999999886e+01,1.550882812500000085e+01
2.065000000000000000e+02,9.164428710937500000e+01,3.257499999999999840e+00,1.527749999999999986e+01,1.551320312500000043e+01
2.065999999999999943e+02,9.312744140625000000e+01,3.247500000000000053e+00,1.521750000000000114e+01,1.558046875000000142e+01
2.066999999999999886e+02,9.380493164062500000e+01,3.247500000000000053e+00,1.542249999999999943e+01,1.546781250000000085e+01
2.068000000000000114e+02,9.364013671875000000e+01,3.242500000000000160e+00,1.517500000000000071e+01,1.554546875000000128e+01
2.069000000000000057e+02,9.354858398437500000e+01,3.270000000000000018e+00,1.532000000000000028e+01,1.547765625000000078e+01
2.070000000000000000e+02,9.559936523437500000e+01,3.285000000000000142e+00,1.529749999999999943e+01,1.553125000000000000e+01
2.070999999999999943e+02,9.547119140625000000e+01,3.310000000000000053e+00,1.528750000000000142e+01,1.551265625000000092e+01
2.071999999999999886e+02,9.598388671875000000e+01,3.317499999999999893e+00,1.532499999999999929e+01,1.548148437500000085e+01
2.073000000000000114e+02,9.580078125000000000e+01,3.267500000000000071e+00,1.525250000000000128e+01,1.548257812500000163e+01
2.074000000000000057e+02,9.645996093750000000e+01,3.285000000000000142e+00,1.544000000000000128e+01,1.543828125000000107e+01
2.075000000000000000e+02,9.805297851562500000e+01,3.290000000000000036e+00,1.524000000000000199e+01,1.550062500000000121e+01
2.075999999999999943e+02,9.750366210937500000e+01,3.274999999999999911e+00,1.525250000000000128e+01,1.551539062500000021e+01
2.076999999999999886e+02,9.803466796875000000e+01,3.280000000000000249e+00,1.539750000000000085e+01,1.550609375000000156e+01
2.078000000000000114e+02,9.781494140625000000e+01,3.310000000000000053e+00,1.527749999999999986e+01,1.552140625000000007e+01
2.079000000000000057e+02,9.955444335937500000e+01,3.299999999999999822e+00,1.541250000000000142e+01,1.549023437500000000e+01
2.080000000000000000e+02,1.000671386718750000e+02,3.307500000000000107e+00,1.553249999999999886e+01,1.554875000000000007e+01
2.080999999999999943e+02,9.949951171875000000e+01,3.322499999999999787e+00,1.521499999999999986e+01,1.549406250000000007e+01
2.081999999999999886e+02,1.000488281250000000e+02,3.322499999999999787e+00,1.558500000000000085e+01,1.544921875000000000e+01
2.083000000000000114e+02,1.010559082031250000e+02,3.342500000000000249e+00,1.540749999999999886e+01,1.552031250000000107e+01
2.084000000000000057e+02,1.015136718750000000e+02,3.347500000000000142e+00,1.544249999999999901e+01,1.545632812500000064e+01
2.085000000000000000e+02,1.018798828125000000e+02,3.357499999999999929e+00,1.550250000000000128e+01,1.550390625000000000e+01
2.085999999999999943e+02,1.012756347656250000e+02,3.354999999999999982e+00,1.533500000000000085e+01,1.549351562500000057e+01
2.086999999999999886e+02,1.020263671875000000e+02,3.357499999999999929e+00,1.535249999999999915e+01,1.547765625000000078e+01
2.088000000000000114e+02,1.032897949218750000e+02,3.345000000000000195e+00,1.518499999999999872e+01,1.547546875000000099e+01
2.089000000000000057e+02,1.033630371093750000e+02,3.240000000000000213e+00,1.550250000000000128e+01,1.552906250000000021e+01
2.090000000000000000e+02,1.036743164062500000e+02,3.367500000000000160e+00,1.535249999999999915e+01,1.550117187500000071e+01
2.090999999999999943e+02,1.030517578125000000e+02,3.387500000000000178e+00,1.520749999999999957e+01,1.551539062500000021e+01
2.091999999999999886e+02,1.052124023437500000e+02,3.387500000000000178e+00,1.553750000000000142e+01,1.549898437500000092e+01
2.093000000000000114e+02,1.051757812500000000e+02,3.382499999999999840e+00,1.528999999999999915e+01,1.544539062499999993e+01
2.094000000000000057e+02,1.051391601562500000e+02,3.357499999999999929e+00,1.547500000000000142e+01,1.545140625000000156e+01
2.095000000000000000e+02,1.054504394531250000e+02,3.377499999999999947e+00,1.530999999999999872e+01,1.549023437500000000e+01
2.095999999999999943e+02,1.057617187500000000e+02,3.407500000000000195e+00,1.528500000000000014e+01,1.554492187500000000e+01
2.096999999999999886e+02,1.072448730468750000e+02,3.405000000000000249e+00,1.529749999999999943e+01,1.551265625000000092e+01
2.098000000000000114e+02,1.069885253906250000e+02,3.312500000000000000e+00,1.500000000000000000e+01,1.548476562500000142e+01
2.099000000000000057e+02,1.070251464843750000e+02,3.387500000000000178e+00,1.521750000000000114e+01,1.547328125000000121e+01
2.100000000000000000e+02,1.072998046875000000e+02,3.442499999999999893e+00,1.505000000000000071e+01,1.547929687500000107e+01
2.100999999999999943e+02,1.082885742187500000e+02,3.419999999999999929e+00,1.532250000000000156e+01,1.553234375000000078e+01
2.101999999999999886e+02,1.090209960937500000e+02,3.435000000000000053e+00,1.530250000000000199e+01,1.550992187500000163e+01
2.103000000000000114e+02,1.087463378906250000e+02,3.424999999999999822e+00,1.543250000000000099e+01,1.550937500000000036e+01
2.104000000000000057e+02,1.087097167968750000e+02,3.455000000000000071e+00,1.543250000000000099e+01,1.549460937500000135e+01
2.105000000000000000e+02,1.103027343750000000e+02,3.470000000000000195e+00,1.554250000000000043e+01,1.552687500000000043e+01
2.105999999999999943e+02,1.099365234375000000e+02,3.435000000000000053e+00,1.527749999999999986e+01,1.549187500000000028e+01
2.106999999999999886e+02,1.105773925781250000e+02,3.575000000000000178e+00,1.545250000000000057e+01,1.547109375000000142e+01
2.108000000000000114e+02,1.103210449218750000e+02,3.452500000000000124e+00,1.544249999999999901e+01,1.551210937500000142e+01
2.109000000000000057e+02,1.108703613281250000e+02,3.482499999999999929e+00,1.549249999999999972e+01,1.547382812500000071e+01
2.110000000000000000e+02,1.122619628906250000e+02,3.477500000000000036e+00,1.566250000000000142e+01,1.548585937500000043e+01
2.110999999999999943e+02,1.116943359375000000e+02,3.477500000000000036e+00,1.517249999999999943e+01,1.550226562500000149e+01
2.111999999999999886e+02,1.122985839843750000e+02,3.502499999999999947e+00,1.550250000000000128e+01,1.553125000000000000e+01
2.113000000000000114e+02,1.119689941406250000e+02,3.504999999999999893e+00,1.552250000000000085e+01,1.550281250000000099e+01
2.114000000000000057e+02,1.134887695312500000e+02,3.517500000000000071e+00,1.522250000000000014e+01,1.550773437500000007e+01
2.115000000000000000e+02,1.138916015625000000e+02,3.524999999999999911e+00,1.527250000000000085e+01,1.550718750000000057e+01
2.115999999999999943e+02,1.132873535156250000e+02,3.540000000000000036e+00,1.523250000000000171e+01,1.548312500000000114e+01
2.116999999999999886e+02,1.139099121093750000e+02,3.517500000000000071e+00,1.555250000000000199e+01,1.550007812499999993e+01
2.118000000000000114e+02,1.146606445312500000e+02,3.502499999999999947e+00,1.535249999999999915e+01,1.553015625000000099e+01
2.119000000000000057e+02,1.151367187500000000e+02,3.577500000000000124e+00,1.535249999999999915e+01,1.549789062500000014e+01
2.120000000000000000e+02,1.155029296875000000e+02,3.564999999999999947e+00,1.537000000000000099e+01,1.544921875000000000e+01
2.120999999999999943e+02,1.148437500000000000e+02,3.520000000000000018e+00,1.532750000000000057e+01,1.552687500000000043e+01
2.121999999999999886e+02,1.157958984375000000e+02,3.520000000000000018e+00,1.520250000000000057e+01,1.545578125000000114e+01
2.123000000000000114e+02,1.167663574218750000e+02,3.562500000000000000e+00,1.530499999999999972e+01,1.549953125000000043e+01
2.124000000000000057e+02,1.168762207031250000e+02,3.562500000000000000e+00,1.548750000000000071e+01,1.548367187500000064e+01
2.125000000000000000e+02,1.171875000000000000e+02,3.572499999999999787e+00,1.517750000000000199e+01,1.549570312500000036e+01
2.125999999999999943e+02,1.165649414062500000e+02,3.547499999999999876e+00,1.546249999999999858e+01,1.549078125000000128e+01
2.126999999999999886e+02,1.186340332031250000e+02,3.582500000000000018e+00,1.522749999999999915e+01,1.555039062500000036e+01
2.128000000000000114e+02,1.184509277343750000e+02,3.564999999999999947e+00,1.520500000000000185e+01,1.548968750000000050e+01
2.129000000000000057e+02,1.185058593750000000e+02,3.589999999999999858e+00,1.533249999999999957e+01,1.547492187500000149e+01
2.130000000000000000e+02,1.187988281250000000e+02,3.592500000000000249e+00,1.542500000000000071e+01,1.549679687500000114e+01
2.130999999999999943e+02,1.192016601562500000e+02,3.589999999999999858e+00,1.537000000000000099e+01,1.547437500000000021e+01
2.131999999999999886e+02,1.204101562500000000e+02,3.594999999999999751e+00,1.521999999999999886e+01,1.549078125000000128e+01
2.133000000000000114e+02,1.200256347656250000e+02,3.607499999999999929e+00,1.536500000000000199e+01,1.550718750000000057e+01
2.134000000000000057e+02,1.201354980468750000e+02,3.604999999999999982e+00,1.555750000000000099e+01,1.553835937500000064e+01
2.135000000000000000e+02,1.204467773437500000e+02,3.580000000000000071e+00,1.530000000000000071e+01,1.546343750000000128e+01
2.135999999999999943e+02,1.213073730468750000e+02,3.629999999999999893e+00,1.551249999999999929e+01,1.555859375000000000e+01
2.136999999999999886e+02,1.220031738281250000e+02,3.640000000000000124e+00,1.545250000000000057e+01,1.552359375000000163e+01
2.138000000000000114e+02,1.216003417968750000e+02,3.625000000000000000e+00,1.523750000000000071e+01,1.550281250000000099e+01
2.139000000000000057e+02,1.217285156250000000e+02,3.640000000000000124e+00,1.524749999999999872e+01,1.550718750000000057e+01
2.140000000000000000e+02,1.233398437500000000e+02,3.657499999999999751e+00,1.537249999999999872e+01,1.548203125000000036e+01
2.140999999999999943e+02,1.229919433593750000e+02,3.627499999999999947e+00,1.548000000000000043e+01,1.547984375000000057e+01
2.141999999999999886e+02,1.236511230468750000e+02,3.669999999999999929e+00,1.541750000000000043e+01,1.548039062500000007e+01
2.143000000000000114e+02,1.232482910156250000e+02,3.634999999999999787e+00,1.533500000000000085e+01,1.547109375000000142e+01
2.144000000000000057e+02,1.241638183593750000e+02,3.620000000000000107e+00,1.511500000000000199e+01,1.548695312500000121e+01
2.145000000000000000e+02,1.251892089843750000e+02,3.689999999999999947e+00,1.528750000000000142e+01,1.545578125000000114e+01
2.145999999999999943e+02,1.246032714843750000e+02,3.652499999999999858e+00,1.541250000000000142e+01,1.548585937500000043e+01
2.146999999999999886e+02,1.252624511718750000e+02,3.665000000000000036e+00,1.545749999999999957e+01,1.547546875000000099e+01
2.148000000000000114e+02,1.248229980468750000e+02,3.689999999999999947e+00,1.522500000000000142e+01,1.544539062499999993e+01
2.149000000000000057e+02,1.264526367187500000e+02,3.689999999999999947e+00,1.549249999999999972e+01,1.546617187500000057e+01
2.150000000000000000e+02,1.268005371093750000e+02,3.714999999999999858e+00,1.515249999999999986e+01,1.545031250000000078e+01
2.150999999999999943e+02,1.262145996093750000e+02,3.680000000000000160e+00,1.546249999999999858e+01,1.549132812500000078e+01
2.151999999999999886e+02,1.268554687500000000e+02,3.740000000000000213e+00,1.525499999999999901e+01,1.554382812500000099e+01
2.153000000000000114e+02,1.276245117187500000e+02,3.765000000000000124e+00,1.537750000000000128e+01,1.548640624999999993e+01
2.154000000000000057e+02,1.281555175781250000e+02,3.747500000000000053e+00,1.537249999999999872e+01,1.552796875000000121e+01
2.155000000000000000e+02,1.283752441406250000e+02,3.732499999999999929e+00,1.525000000000000000e+01,1.550882812500000085e+01
2.155999999999999943e+02,1.277709960937500000e+02,3.747500000000000053e+00,1.554749999999999943e+01,1.554382812500000099e+01
2.156999999999999886e+02,1.289611816406250000e+02,3.754999999999999893e+00,1.544999999999999929e+01,1.550335937500000050e+01
2.158000000000000114e+02,1.295471191406250000e+02,3.759999999999999787e+00,1.528750000000000142e+01,1.554820312500000057e+01
2.159000000000000057e+02,1.297851562500000000e+02,4.110000000000000320e+00,1.579250000000000043e+01,1.554328125000000149e+01
2.160000000000000000e+02,1.300231933593750000e+02,3.787500000000000089e+00,1.532750000000000057e+01,1.553453125000000057e+01
2.160999999999999943e+02,1.294006347656250000e+02,3.782499999999999751e+00,1.514000000000000057e+01,1.550718750000000057e+01
2.161999999999999886e+02,1.315612792968750000e+02,3.830000000000000071e+00,1.561250000000000071e+01,1.545304687500000007e+01
2.163000000000000114e+02,1.311767578125000000e+02,3.794999999999999929e+00,1.545749999999999957e+01,1.553507812500000007e+01
2.164000000000000057e+02,1.313598632812500000e+02,3.832500000000000018e+00,1.513749999999999929e+01,1.552250000000000085e+01
2.165000000000000000e+02,1.315795898437500000e+02,3.805000000000000160e+00,1.525250000000000128e+01,1.554273437500000021e+01
2.165999999999999943e+02,1.318542480468750000e+02,3.825000000000000178e+00,1.532250000000000156e+01,1.550281250000000099e+01
2.166999999999999886e+02,1.328613281250000000e+02,3.847500000000000142e+00,1.519750000000000156e+01,1.548968750000000050e+01
2.168000000000000114e+02,1.323669433593750000e+02,3.794999999999999929e+00,1.545500000000000185e+01,1.551703125000000050e+01
2.169000000000000057e+02,1.325317382812500000e+02,3.862499999999999822e+00,1.548250000000000171e+01,1.547054687500000014e+01
2.170000000000000000e+02,1.328247070312500000e+02,3.062500000000012434e-02,1.511749999999999972e+01,1.312499999999960920e-02
2.170999999999999943e+02,1.322204589843750000e+02,3.312500000000007105e-02,1.541250000000000142e+01,-1.640625000000106581e-02
2.171999999999999886e+02,1.328613281250000000e+02,4.562499999999980460e-02,1.542249999999999943e+01,-4.921875000000053291e-02
2.173000000000000114e+02,1.324401855468750000e+02,3.312500000000007105e-02,1.533249999999999957e+01,-7.000000000000028422e-02
2.174000000000000057e+02,1.325683593750000000e+02,5.562500000000003553e-02,1.539250000000000185e+01,-1.804687500000046185e-02
2.175000000000000000e+02,1.328247070312500000e+02,3.812499999999996447e-02,1.555999999999999872e+01,-3.992187500000099476e-02
2.175999999999999943e+02,1.322021484375000000e+02,3.562500000000001776e-02,1.535249999999999915e+01,-4.757812500000024869e-02
2.176999999999999886e+02,1.328613281250000000e+02,3.062500000000012434e-02,1.530499999999999972e+01,-5.468750000003907985e-04
2.178000000000000114e+02,1.323852539062500000e+02,7.062500000000015987e-02,1.521750000000000114e+01,-5.468750000003907985e-04
2.179000000000000057e+02,1.320190429687500000e+02,5.062500000000014211e-02,1.546249999999999858e+01,2.570312499999971578e-02
2.180000000000000000e+02,1.319274902343750000e+02,3.562500000000001776e-02,1.562249999999999872e+01,4.374999999999573674e-03
2.180999999999999943e+02,1.312866210937500000e+02,7.062500000000015987e-02,1.556250000000000000e+01,-5.250000000000110134e-02
2.181999999999999886e+02,1.320007324218750000e+02,5.062500000000014211e-02,1.551000000000000156e+01,-1.421875000000039080e-02
2.183000000000000114e+02,1.314880371093750000e+02,5.562500000000003553e-02,1.542000000000000171e+01,-3.335937500000074607e-02
2.184000000000000057e+02,1.290893554687500000e+02,3.812499999999996447e-02,1.529250000000000043e+01,-7.109375000000639488e-03
2.185000000000000000e+02,1.292175292968750000e+02,1.062500000000010658e-02,1.561250000000000071e+01,-2.843750000000078160e-02
2.185999999999999943e+02,1.286132812500000000e+02,5.812499999999998224e-02,1.553999999999999915e+01,-3.937500000000060396e-02
2.186999999999999886e+02,1.292541503906250000e+02,4.812499999999975131e-02,1.530750000000000099e+01,-3.937500000000060396e-02
2.188000000000000114e+02,1.252624511718750000e+02,4.062499999999991118e-02,1.551750000000000185e+01,-3.828125000000071054e-02
2.189000000000000057e+02,1.246948242187500000e+02,4.062499999999991118e-02,1.524749999999999872e+01,-3.007812500000106581e-02
2.190000000000000000e+02,1.249511718750000000e+02,-1.937500000000014211e-02,1.550750000000000028e+01,-1.531250000000028422e-02
2.190999999999999943e+02,1.243103027343750000e+02,3.812499999999996447e-02,1.553999999999999915e+01,-2.296875000000042633e-02
2.191999999999999886e+02,1.228637695312500000e+02,6.312499999999987566e-02,1.562000000000000099e+01,-6.671875000000060396e-02
2.193000000000000114e+02,1.196594238281250000e+02,1.562500000000000000e-02,1.528750000000000142e+01,-2.023437500000024869e-02
2.194000000000000057e+02,1.196777343750000000e+02,1.812499999999994671e-02,1.550000000000000000e+01,3.664062499999953815e-02
2.195000000000000000e+02,1.199523925781250000e+02,6.312499999999987566e-02,1.541750000000000043e+01,-3.937500000000060396e-02
2.195999999999999943e+02,1.193298339843750000e+02,5.562500000000003553e-02,1.538250000000000028e+01,-1.695312500000056843e-02
2.196999999999999886e+02,1.162353515625000000e+02,4.312499999999985789e-02,1.532000000000000028e+01,-2.570312500000060396e-02
2.198000000000000114e+02,1.155395507812500000e+02,3.062500000000012434e-02,1.529500000000000171e+01,-5.085937500000081712e-02
2.199000000000000057e+02,1.156494140625000000e+02,5.312500000000008882e-02,1.515749999999999886e+01,-2.570312500000060396e-02
2.200000000000000000e+02,1.159240722656250000e+02,4.312499999999985789e-02,1.541000000000000014e+01,-8.640625000000046185e-02
2.200999999999999943e+02,1.128479003906250000e+02,2.312499999999984013e-02,1.555250000000000199e+01,-2.734375000001065814e-03
2.201999999999999886e+02,1.125183105468750000e+02,3.312500000000007105e-02,1.521499999999999986e+01,-3.828125000000959233e-03
2.203000000000000114e+02,1.121520996093750000e+02,2.062499999999989342e-02,1.542999999999999972e+01,-1.312500000000049738e-02
2.204000000000000057e+02,1.122070312500000000e+02,5.062500000000014211e-02,1.537000000000000099e+01,-2.132812500000103029e-02
2.205000000000000000e+02,1.118408203125000000e+02,2.062499999999989342e-02,1.536250000000000071e+01,-5.906250000000046185e-02
2.205999999999999943e+02,1.092224121093750000e+02,5.062500000000014211e-02,1.529749999999999943e+01,-7.328125000000085265e-02
2.206999999999999886e+02,1.096801757812500000e+02,1.312500000000005329e-02,1.541000000000000014e+01,-7.109375000000639488e-03
2.208000000000000114e+02,1.093688964843750000e+02,4.812499999999975131e-02,1.529500000000000171e+01,-2.132812500000103029e-02
2.209000000000000057e+02,1.093688964843750000e+02,3.062500000000012434e-02,1.515500000000000114e+01,-2.789062500000039080e-02
2.210000000000000000e+02,1.075744628906250000e+02,2.312499999999984013e-02,1.566000000000000014e+01,-3.882812500000110134e-02
2.210999999999999943e+02,1.067321777343750000e+02,2.062499999999989342e-02,1.528750000000000142e+01,-6.015625000000035527e-02
2.211999999999999886e+02,1.072998046875000000e+02,3.124999999999822364e-03,1.538749999999999929e+01,-4.921875000000053291e-02
2.213000000000000114e+02,1.069885253906250000e+02,4.562499999999980460e-02,1.546249999999999858e+01,3.281249999999680256e-03
2.214000000000000057e+02,1.055969238281250000e+02,3.562500000000001776e-02,1.525750000000000028e+01,-3.554687500000053291e-02
2.215000000000000000e+02,1.051208496093750000e+02,4.562499999999980460e-02,1.530999999999999872e+01,-3.062500000000056843e-02
2.215999999999999943e+02,1.045349121093750000e+02,4.812499999999975131e-02,1.544000000000000128e+01,-2.296875000000042633e-02
2.216999999999999886e+02,1.050842285156250000e+02,8.124999999999715783e-03,1.535500000000000043e+01,-6.015625000000746070e-03
2.218000000000000114e+02,1.047912597656250000e+02,4.562499999999980460e-02,1.528500000000000014e+01,-4.703125000000074607e-02
2.219000000000000057e+02,1.030151367187500000e+02,6.249999999998756550e-04,1.555000000000000071e+01,-8.093750000000099476e-02
2.220000000000000000e+02,1.031799316406250000e+02,6.812499999999976907e-02,1.544750000000000156e+01,-5.523437500000039080e-02
2.220999999999999943e+02,1.025756835937500000e+02,4.812499999999975131e-02,1.559750000000000014e+01,-4.757812500000024869e-02
2.221999999999999886e+02,1.031616210937500000e+02,4.812499999999975131e-02,1.538250000000000028e+01,-2.570312500000060396e-02
2.223000000000000114e+02,1.014038085937500000e+02,4.312499999999985789e-02,1.527499999999999858e+01,-2.953125000000067502e-02
2.224000000000000057e+02,1.011108398437500000e+02,3.062500000000012434e-02,1.523499999999999943e+01,-8.421875000000067502e-02
2.225000000000000000e+02,1.014038085937500000e+02,1.562500000000000000e-02,1.533249999999999957e+01,-7.000000000000028422e-02
2.225999999999999943e+02,1.007629394531250000e+02,8.124999999999715783e-03,1.528000000000000114e+01,-2.132812500000103029e-02
2.226999999999999886e+02,1.006896972656250000e+02,2.062499999999989342e-02,1.549249999999999972e+01,3.281249999999680256e-03
2.228000000000000114e+02,9.953613281250000000e+01,3.562500000000001776e-02,1.526999999999999957e+01,-1.640625000000284217e-03
2.229000000000000057e+02,9.948120117187500000e+01,5.062500000000014211e-02,1.545500000000000185e+01,-2.679687500000049738e-02
2.230000000000000000e+02,9.977416992187500000e+01,1.562500000000000000e-02,1.544999999999999929e+01,-7.492187500000024869e-02
2.230999999999999943e+02,9.916992187500000000e+01,3.562500000000001776e-02,1.550000000000000000e+01,-3.773437500000031974e-02
2.231999999999999886e+02,9.834594726562500000e+01,2.312499999999984013e-02,1.546249999999999858e+01,-1.093750000000071054e-02
2.233000000000000114e+02,9.805297851562500000e+01,5.562500000000003553e-02,1.535750000000000171e+01,-3.007812500000106581e-02
2.234000000000000057e+02,9.797973632812500000e+01,4.062499999999991118e-02,1.535249999999999915e+01,-3.171875000000046185e-02
2.235000000000000000e+02,9.827270507812500000e+01,5.812499999999998224e-02,1.553000000000000114e+01,-4.921875000000053291e-02
2.235999999999999943e+02,9.664306640625000000e+01,4.062499999999991118e-02,1.550250000000000128e+01,-2.734375000001065814e-03
2.236999999999999886e+02,9.686279296875000000e+01,2.812499999999973355e-02,1.536250000000000071e+01,-1.531250000000028422e-02
2.238000000000000114e+02,9.662475585937500000e+01,4.062499999999991118e-02,1.529749999999999943e+01,-7.656250000001030287e-03
2.239000000000000057e+02,9.658813476562500000e+01,3.062500000000012434e-02,1.551000000000000156e+01,-3.664062500000042633e-02
2.240000000000000000e+02,9.666137695312500000e+01,5.562500000000003553e-02,1.539750000000000085e+01,-3.226562500000085265e-02
2.240999999999999943e+02,9.492187500000000000e+01,2.562499999999978684e-02,1.552250000000000085e+01,-5.195312500000071054e-02
2.241999999999999886e+02,9.545288085937500000e+01,4.562499999999980460e-02,1.556250000000000000e+01,-3.281250000000568434e-03
2.243000000000000114e+02,9.525146484375000000e+01,6.249999999998756550e-04,1.569750000000000156e+01,-1.859375000000085265e-02
2.244000000000000057e+02,9.514160156250000000e+01,3.062500000000012434e-02,1.553249999999999886e+01,-8.203125000000532907e-03
2.245000000000000000e+02,9.429931640625000000e+01,1.062500000000010658e-02,1.530999999999999872e+01,-3.554687500000053291e-02
2.245999999999999943e+02,9.358520507812500000e+01,6.062499999999992895e-02,1.553000000000000114e+01,-6.835937500000088818e-02
2.246999999999999886e+02,9.415283203125000000e+01,4.812499999999975131e-02,1.551249999999999929e+01,-1.093750000000071054e-02
2.248000000000000114e+02,9.389648437500000000e+01,5.812499999999998224e-02,1.536250000000000071e+01,7.109374999999751310e-03
2.249000000000000057e+02,9.316406250000000000e+01,3.812499999999996447e-02,1.543250000000000099e+01,-1.640625000000106581e-02
2.250000000000000000e+02,9.298095703125000000e+01,3.812499999999996447e-02,1.532000000000000028e+01,-6.015625000000035527e-02
2.250999999999999943e+02,9.239501953125000000e+01,1.812499999999994671e-02,1.528750000000000142e+01,-4.539062500000046185e-02
2.251999999999999886e+02,9.296264648437500000e+01,3.562500000000001776e-02,1.528000000000000114e+01,-1.367187500000088818e-02
2.253000000000000114e+02,9.272460937500000000e+01,2.062499999999989342e-02,1.542249999999999943e+01,-1.968750000000074607e-02
2.254000000000000057e+02,9.149780273437500000e+01,3.812499999999996447e-02,1.544999999999999929e+01,-2.460937500000071054e-02
2.255000000000000000e+02,9.177246093750000000e+01,3.562500000000001776e-02,1.552250000000000085e+01,3.445312499999975131e-02
2.255999999999999943e+02,9.116821289062500000e+01,4.812499999999975131e-02,1.560999999999999943e+01,-1.148437500000110134e-02
2.256999999999999886e+02,9.173583984375000000e+01,4.312499999999985789e-02,1.507499999999999929e+01,-1.968750000000074607e-02
2.258000000000000114e+02,9.052734375000000000e+01,7.062500000000015987e-02,1.519750000000000156e+01,-3.718750000000081712e-02
2.259000000000000057e+02,9.028930664062500000e+01,2.312499999999984013e-02,1.534250000000000114e+01,1.421874999999950262e-02
2.260000000000000000e+02,9.056396484375000000e+01,2.562499999999978684e-02,1.532250000000000156e+01,-6.890625000000039080e-02
2.260999999999999943e+02,8.999633789062500000e+01,5.312500000000008882e-02,1.530000000000000071e+01,4.320312499999889866e-02
2.261999999999999886e+02,9.008789062500000000e+01,4.562499999999980460e-02,1.530750000000000099e+01,-3.171875000000046185e-02
2.263000000000000114e+02,8.919067382812500000e+01,1.812499999999994671e-02,1.539250000000000185e+01,3.062499999999968026e-02
2.264000000000000057e+02,8.915405273437500000e+01,-9.374999999999911182e-03,1.540500000000000114e+01,2.679687499999960920e-02
2.265000000000000000e+02,8.942871093750000000e+01,3.062500000000012434e-02,1.518750000000000000e+01,-5.414062500000049738e-02
2.265999999999999943e+02,8.887939453125000000e+01,3.562500000000001776e-02,1.535000000000000142e+01,-1.640625000000284217e-03
2.266999999999999886e+02,8.834838867187500000e+01,5.312500000000008882e-02,1.551500000000000057e+01,-2.843750000000078160e-02
2.268000000000000114e+02,8.801879882812500000e+01,7.562500000000005329e-02,1.539999999999999858e+01,-2.460937500000071054e-02
2.269000000000000057e+02,8.792724609375000000e+01,3.062500000000012434e-02,1.524500000000000099e+01,-1.203125000000060396e-02
2.270000000000000000e+02,8.825683593750000000e+01,4.062499999999991118e-02,1.526000000000000156e+01,-2.078125000000063949e-02
2.270999999999999943e+02,8.697509765625000000e+01,3.562500000000001776e-02,1.554250000000000043e+01,-2.406250000000031974e-02
2.271999999999999886e+02,8.708496093750000000e+01,2.812499999999973355e-02,1.520749999999999957e+01,-6.015625000000746070e-03
2.273000000000000114e+02,8.692016601562500000e+01,2.812499999999973355e-02,1.539250000000000185e+01,-4.648437500000035527e-02
2.274000000000000057e+02,8.682861328125000000e+01,3.312500000000007105e-02,1.516750000000000043e+01,6.562499999999360512e-03
2.275000000000000000e+02,8.703002929687500000e+01,3.062500000000012434e-02,1.549249999999999972e+01,-1.203125000000060396e-02
2.275999999999999943e+02,8.565673828125000000e+01,1.062500000000010658e-02,1.533000000000000185e+01,-4.703125000000074607e-02
2.276999999999999886e+02,8.607788085937500000e+01,5.062500000000014211e-02,1.539750000000000085e+01,1.421874999999950262e-02
2.278000000000000114e+02,8.593139648437500000e+01,3.562500000000001776e-02,1.523750000000000071e+01,-9.023437500000053291e-02
2.279000000000000057e+02,8.583984375000000000e+01,1.562500000000000000e-02,1.541250000000000142e+01,-8.640625000000046185e-02
2.280000000000000000e+02,8.521728515625000000e+01,5.624999999999769074e-03,1.535249999999999915e+01,-7.273437500000046185e-02
2.280999999999999943e+02,8.450317382812500000e+01,3.062500000000012434e-02,1.555750000000000099e+01,-6.125000000000024869e-02
2.281999999999999886e+02,8.501586914062500000e+01,1.312500000000005329e-02,1.544999999999999929e+01,1.749999999999918288e-02
2.283000000000000114e+02,8.483276367187500000e+01,7.062500000000015987e-02,1.546999999999999886e+01,-5.468750000003907985e-04
2.284000000000000057e+02,8.435668945312500000e+01,1.812499999999994671e-02,1.542999999999999972e+01,-8.881784197001252323e-16
2.285000000000000000e+02,8.413696289062500000e+01,3.562500000000001776e-02,1.523499999999999943e+01,-1.203125000000060396e-02
2.285999999999999943e+02,8.362426757812500000e+01,3.312500000000007105e-02,1.542249999999999943e+01,-6.015625000000746070e-03
2.286999999999999886e+02,8.408203125000000000e+01,5.312500000000008882e-02,1.539750000000000085e+01,-4.375000000000106581e-02
2.288000000000000114e+02,8.389892578125000000e+01,1.812499999999994671e-02,1.541250000000000142e+01,-2.078125000000063949e-02
2.289000000000000057e+02,8.289184570312500000e+01,1.312500000000005329e-02,1.538749999999999929e+01,-4.265625000000028422e-02
2.290000000000000000e+02,8.312988281250000000e+01,4.562499999999980460e-02,1.529749999999999943e+01,-1.695312500000056843e-02
2.290999999999999943e+02,8.258056640625000000e+01,2.062499999999989342e-02,1.519500000000000028e+01,-2.460937500000071054e-02
2.291999999999999886e+02,8.309326171875000000e+01,3.562500000000001776e-02,1.539250000000000185e+01,-7.656250000001030287e-03
2.293000000000000114e+02,8.215942382812500000e+01,5.062500000000014211e-02,1.510000000000000142e+01,-2.406250000000031974e-02
2.294000000000000057e+02,8.182983398437500000e+01,5.062500000000014211e-02,1.528750000000000142e+01,-3.882812500000110134e-02
2.295000000000000000e+02,8.210449218750000000e+01,3.812499999999996447e-02,1.562249999999999872e+01,-6.781250000000049738e-02
2.295999999999999943e+02,8.157348632812500000e+01,2.812499999999973355e-02,1.553000000000000114e+01,-3.281250000000035527e-02
2.296999999999999886e+02,8.190307617187500000e+01,1.562500000000000000e-02,1.563250000000000028e+01,-4.210937500000078160e-02
2.298000000000000114e+02,8.104248046875000000e+01,6.562499999999982236e-02,1.538250000000000028e+01,-3.554687500000053291e-02
2.299000000000000057e+02,8.095092773437500000e+01,8.124999999999715783e-03,1.535000000000000142e+01,-4.757812500000024869e-02
2.300000000000000000e+02,8.120727539062500000e+01,3.562500000000001776e-02,1.529749999999999943e+01,1.695312499999968026e-02
2.300999999999999943e+02,8.071289062500000000e+01,7.812500000000000000e-02,1.530750000000000099e+01,-4.757812500000024869e-02
2.301999999999999886e+02,8.038330078125000000e+01,5.312500000000008882e-02,1.537999999999999901e+01,9.843749999999040767e-03
2.303000000000000114e+02,8.010864257812500000e+01,2.062499999999989342e-02,1.552250000000000085e+01,-2.460937500000071054e-02
2.304000000000000057e+02,8.001708984375000000e+01,3.062500000000012434e-02,1.551750000000000185e+01,-2.789062500000039080e-02
2.305000000000000000e+02,8.031005859375000000e+01,3.312500000000007105e-02,1.558999999999999986e+01,2.187499999998898659e-03
2.305999999999999943e+02,7.933959960937500000e+01,6.062499999999992895e-02,1.537249999999999872e+01,-7.765625000000042633e-02
2.306999999999999886e+02,7.937622070312500000e+01,3.562500000000001776e-02,1.524749999999999872e+01,-6.398437500000042633e-02
2.308000000000000114e+02,7.919311523437500000e+01,3.062500000000012434e-02,1.544750000000000156e+01,-7.109375000000106581e-02
2.309000000000000057e+02,7.911987304687500000e+01,8.124999999999715783e-03,1.547749999999999915e+01,-1.022656250000002487e-01
2.310000000000000000e+02,7.939453125000000000e+01,1.562500000000000000e-02,1.551249999999999929e+01,-4.593750000000085265e-02
2.310999999999999943e+02,7.805786132812500000e+01,5.562500000000003553e-02,1.552250000000000085e+01,-5.031250000000042633e-02
2.311999999999999886e+02,7.846069335937500000e+01,5.562500000000003553e-02,1.535000000000000142e+01,2.734374999999911182e-02
2.313000000000000114e+02,7.829589843750000000e+01,1.562500000000000000e-02,1.550250000000000128e+01,-2.843750000000078160e-02
2.314000000000000057e+02,7.824096679687500000e+01,-9.374999999999911182e-03,1.539000000000000057e+01,-2.460937500000071054e-02
2.315000000000000000e+02,7.789306640625000000e+01,3.812499999999996447e-02,1.537249999999999872e+01,-3.609375000000092371e-02
2.315999999999999943e+02,7.721557617187500000e+01,4.062499999999991118e-02,1.538500000000000156e+01,1.039062499999943157e-02
2.316999999999999886e+02,7.769165039062500000e+01,3.562500000000001776e-02,1.538250000000000028e+01,-2.570312500000060396e-02
2.318000000000000114e+02,7.754516601562500000e+01,2.312499999999984013e-02,1.515500000000000114e+01,-2.023437500000024869e-02
2.319000000000000057e+02,7.717895507812500000e+01,5.312500000000008882e-02,1.527749999999999986e+01,1.695312499999968026e-02
2.320000000000000000e+02,7.681274414062500000e+01,2.312499999999984013e-02,1.546249999999999858e+01,6.015624999998969713e-03
2.320999999999999943e+02,7.628173828125000000e+01,4.062499999999991118e-02,1.522250000000000014e+01,-3.882812500000110134e-02
2.321999999999999886e+02,7.677612304687500000e+01,4.562499999999980460e-02,1.524749999999999872e+01,-2.187500000000675016e-03
2.323000000000000114e+02,7.659301757812500000e+01,3.562500000000001776e-02,1.537249999999999872e+01,-6.234375000000103029e-02
2.324000000000000057e+02,7.582397460937500000e+01,4.312499999999985789e-02,1.532000000000000028e+01,-4.429687500000056843e-02
2.325000000000000000e+02,7.597045898437500000e+01,7.812500000000000000e-02,1.546249999999999858e+01,-6.070312500000074607e-02
2.325999999999999943e+02,7.547607421875000000e+01,6.562499999999982236e-02,1.542249999999999943e+01,4.921874999999076294e-03
2.326999999999999886e+02,7.597045898437500000e+01,3.812499999999996447e-02,1.532250000000000156e+01,-3.007812500000106581e-02
2.328000000000000114e+02,7.531127929687500000e+01,1.312500000000005329e-02,1.567750000000000199e+01,-2.296875000000042633e-02
2.329000000000000057e+02,7.489013671875000000e+01,3.312500000000007105e-02,1.556250000000000000e+01,-2.734375000001065814e-03
2.330000000000000000e+02,7.520141601562500000e+01,2.812499999999973355e-02,1.537249999999999872e+01,-3.937500000000060396e-02
2.330999999999999943e+02,7.470703125000000000e+01,4.312499999999985789e-02,1.551249999999999929e+01,-3.171875000000046185e-02
2.331999999999999886e+02,7.512817382812500000e+01,3.062500000000012434e-02,1.528000000000000114e+01,-4.976562500000092371e-02
2.333000000000000114e+02,7.426757812500000000e+01,1.562500000000000000e-02,1.534750000000000014e+01,-6.289062500000053291e-02
2.334000000000000057e+02,7.408447265625000000e+01,4.062499999999991118e-02,1.535000000000000142e+01,-1.859375000000085265e-02
2.335000000000000000e+02,7.439575195312500000e+01,5.062500000000014211e-02,1.526500000000000057e+01,3.281249999999946709e-02
2.335999999999999943e+02,7.391967773437500000e+01,2.562499999999978684e-02,1.534750000000000014e+01,-5.468750000003907985e-04
2.336999999999999886e+02,7.377319335937500000e+01,2.812499999999973355e-02,1.553999999999999915e+01,-6.890625000000039080e-02
2.338000000000000114e+02,7.349853515625000000e+01,2.812499999999973355e-02,1.541000000000000014e+01,-2.734375000001065814e-03
2.339000000000000057e+02,7.340698242187500000e+01,5.312500000000008882e-02,1.539250000000000185e+01,-6.398437500000042633e-02
2.340000000000000000e+02,7.366333007812500000e+01,2.312499999999984013e-02,1.554749999999999943e+01,4.374999999999573674e-03
2.340999999999999943e+02,7.291259765625000000e+01,5.312500000000008882e-02,1.532499999999999929e+01,-5.304687500000060396e-02
2.341999999999999886e+02,7.282104492187500000e+01,3.562500000000001776e-02,1.563500000000000156e+01,-7.273437500000046185e-02
2.343000000000000114e+02,7.274780273437500000e+01,2.562499999999978684e-02,1.555250000000000199e+01,-1.804687500000046185e-02
2.344000000000000057e+02,7.261962890625000000e+01,4.062499999999991118e-02,1.521499999999999986e+01,-4.156250000000039080e-02
2.345000000000000000e+02,7.291259765625000000e+01,-9.374999999999911182e-03,1.536500000000000199e+01,-5.578125000000078160e-02
2.345999999999999943e+02,7.179565429687500000e+01,4.562499999999980460e-02,1.537999999999999901e+01,-3.226562500000085265e-02
2.346999999999999886e+02,7.212524414062500000e+01,1.062500000000010658e-02,1.529749999999999943e+01,-1.039062500000031974e-02
2.348000000000000114e+02,7.201538085937500000e+01,8.312499999999989342e-02,1.536500000000000199e+01,-3.445312500000063949e-02
2.349000000000000057e+02,7.194213867187500000e+01,1.562500000000000000e-02,1.543250000000000099e+01,-7.437500000000074607e-02
2.350000000000000000e+02,7.164916992187500000e+01,6.062499999999992895e-02,1.555250000000000199e+01,-8.531250000000056843e-02
2.350999999999999943e+02,7.093505859375000000e+01,-9.374999999999911182e-03,1.543250000000000099e+01,-2.023437500000024869e-02
2.351999999999999886e+02,7.133789062500000000e+01,1.562500000000000000e-02,1.543750000000000000e+01,-3.773437500000031974e-02
2.353000000000000114e+02,7.122802734375000000e+01,5.562500000000003553e-02,1.526500000000000057e+01,-3.445312500000063949e-02
2.354000000000000057e+02,7.109985351562500000e+01,4.812499999999975131e-02,1.537999999999999901e+01,-2.023437500000024869e-02
2.355000000000000000e+02,7.067871093750000000e+01,4.812499999999975131e-02,1.562249999999999872e+01,-2.460937500000071054e-02
2.355999999999999943e+02,7.018432617187500000e+01,2.562499999999978684e-02,1.520250000000000057e+01,-6.890625000000039080e-02
2.356999999999999886e+02,7.062377929687500000e+01,2.562499999999978684e-02,1.557250000000000156e+01,-4.648437500000035527e-02
2.358000000000000114e+02,7.047729492187500000e+01,4.812499999999975131e-02,1.542750000000000199e+01,-2.898437500000028422e-02
2.359000000000000057e+02,6.990966796875000000e+01,4.812499999999975131e-02,1.558000000000000185e+01,-4.867187500000103029e-02
2.360000000000000000e+02,7.007446289062500000e+01,5.312500000000008882e-02,1.520250000000000057e+01,-1.257812500000099476e-02
2.360999999999999943e+02,6.958007812500000000e+01,3.062500000000012434e-02,1.528750000000000142e+01,1.203124999999971578e-02
2.361999999999999886e+02,7.000122070312500000e+01,7.062500000000015987e-02,1.544249999999999901e+01,-1.695312500000056843e-02
2.363000000000000114e+02,6.967163085937500000e+01,5.062500000000014211e-02,1.553249999999999886e+01,-6.507812500000031974e-02
2.364000000000000057e+02,6.910400390625000000e+01,4.562499999999980460e-02,1.530750000000000099e+01,-7.601562500000103029e-02
2.365000000000000000e+02,6.936035156250000000e+01,1.812499999999994671e-02,1.530750000000000099e+01,-6.398437500000042633e-02
2.365999999999999943e+02,6.892089843750000000e+01,1.062500000000010658e-02,1.546999999999999886e+01,-6.234375000000103029e-02
2.366999999999999886e+02,6.934204101562500000e+01,3.062500000000012434e-02,1.537249999999999872e+01,-6.234375000000103029e-02
2.368000000000000114e+02,6.855468750000000000e+01,4.562499999999980460e-02,1.523499999999999943e+01,1.476562499999900524e-02
2.369000000000000057e+02,6.838989257812500000e+01,3.812499999999996447e-02,1.543250000000000099e+01,-3.171875000000046185e-02
2.370000000000000000e+02,6.862792968750000000e+01,3.812499999999996447e-02,1.537249999999999872e+01,1.257812499999921840e-02
2.370999999999999943e+02,6.822509765625000000e+01,4.812499999999975131e-02,1.533749999999999858e+01,-7.382812500000035527e-02
2.371999999999999886e+02,6.820678710937500000e+01,1.312500000000005329e-02,1.561250000000000071e+01,-7.273437500000046185e-02
2.373000000000000114e+02,6.791381835937500000e+01,5.312500000000008882e-02,1.526999999999999957e+01,-7.109375000000106581e-02
2.374000000000000057e+02,6.778564453125000000e+01,5.062500000000014211e-02,1.536250000000000071e+01,-4.484375000000095923e-02
2.375000000000000000e+02,6.809692382812500000e+01,7.062500000000015987e-02,1.533999999999999986e+01,-1.804687500000046185e-02
2.375999999999999943e+02,6.751098632812500000e+01,3.312500000000007105e-02,1.534499999999999886e+01,-5.359375000000099476e-02
2.376999999999999886e+02,6.743774414062500000e+01,2.812499999999973355e-02,1.520749999999999957e+01,-6.179687500000063949e-02
2.378000000000000114e+02,6.734619140625000000e+01,3.062500000000012434e-02,1.535750000000000171e+01,-4.320312500000067502e-02
2.379000000000000057e+02,6.719970703125000000e+01,4.062499999999991118e-02,1.531749999999999901e+01,-5.906250000000046185e-02
2.380000000000000000e+02,6.741943359375000000e+01,3.562500000000001776e-02,1.543250000000000099e+01,-4.593750000000085265e-02
2.380999999999999943e+02,6.650390625000000000e+01,2.562499999999978684e-02,1.547250000000000014e+01,-7.929687500000071054e-02
2.381999999999999886e+02,6.683349609375000000e+01,5.312500000000008882e-02,1.569999999999999929e+01,3.062499999999968026e-02
2.383000000000000114e+02,6.672363281250000000e+01,4.062499999999991118e-02,1.540249999999999986e+01,-2.625000000000099476e-02
2.384000000000000057e+02,6.659545898437500000e+01,4.312499999999985789e-02,1.534499999999999886e+01,-3.773437500000031974e-02
2.385000000000000000e+02,6.654052734375000000e+01,6.312499999999987566e-02,1.528999999999999915e+01,1.476562499999900524e-02
2.385999999999999943e+02,6.584472656250000000e+01,7.312500000000010658e-02,1.555250000000000199e+01,-4.539062500000046185e-02
2.386999999999999886e+02,6.621093750000000000e+01,2.562499999999978684e-02,1.530250000000000199e+01,-5.468750000000355271e-03
2.388000000000000114e+02,6.611938476562500000e+01,1.562500000000000000e-02,1.555250000000000199e+01,1.039062499999943157e-02
2.389000000000000057e+02,6.600952148437500000e+01,4.562499999999980460e-02,1.544249999999999901e+01,-4.210937500000078160e-02
2.390000000000000000e+02,6.567993164062500000e+01,4.562499999999980460e-02,1.526249999999999929e+01,-2.679687500000049738e-02
2.390999999999999943e+02,6.527709960937500000e+01,2.562499999999978684e-02,1.517999999999999972e+01,-4.921875000000053291e-02
2.391999999999999886e+02,6.562500000000000000e+01,5.062500000000014211e-02,1.546750000000000114e+01,-6.945312500000078160e-02
2.393000000000000114e+02,6.555175781250000000e+01,8.062499999999994671e-02,1.528500000000000014e+01,-4.046875000000049738e-02
2.394000000000000057e+02,6.496582031250000000e+01,5.312500000000008882e-02,1.540749999999999886e+01,-1.750000000000095923e-02
2.395000000000000000e+02,6.509399414062500000e+01,4.062499999999991118e-02,1.533999999999999986e+01,2.789062499999950262e-02
2.395999999999999943e+02,6.461791992187500000e+01,4.812499999999975131e-02,1.564999999999999858e+01,-5.468750000000088818e-02
2.396999999999999886e+02,6.503906250000000000e+01,1.312500000000005329e-02,1.512750000000000128e+01,-1.640625000000106581e-02
2.398000000000000114e+02,6.478271484375000000e+01,6.062499999999992895e-02,1.523499999999999943e+01,-3.281250000000035527e-02
2.399000000000000057e+02,6.421508789062500000e+01,2.812499999999973355e-02,1.529250000000000043e+01,-1.050000000000004263e-01
2.400000000000000000e+02,6.445312500000000000e+01,4.312499999999985789e-02,1.555250000000000199e+01,-6.453125000000081712e-02
2.400999999999999943e+02,6.403198242187500000e+01,1.062500000000010658e-02,1.540249999999999986e+01,-1.695312500000056843e-02
2.401999999999999886e+02,6.441650390625000000e+01,5.312500000000008882e-02,1.525750000000000028e+01,-3.281250000000568434e-03
2.403000000000000114e+02,6.388549804687500000e+01,5.312500000000008882e-02,1.551000000000000156e+01,-3.664062500000042633e-02
2.404000000000000057e+02,6.370239257812500000e+01,4.312499999999985789e-02,1.542000000000000171e+01,-5.468750000003907985e-04
2.405000000000000000e+02,6.397705078125000000e+01,3.562500000000001776e-02,1.537999999999999901e+01,-3.609375000000092371e-02
2.405999999999999943e+02,6.351928710937500000e+01,1.062500000000010658e-02,1.530499999999999972e+01,-1.585937500000067502e-02
2.406999999999999886e+02,6.361083984375000000e+01,4.312499999999985789e-02,1.551249999999999929e+01,-4.921875000000852651e-03
2.408000000000000114e+02,6.318969726562500000e+01,4.812499999999975131e-02,1.535750000000000171e+01,-2.625000000000099476e-02
2.409000000000000057e+02,6.309814453125000000e+01,3.312500000000007105e-02,1.541250000000000142e+01,-3.062500000000056843e-02
2.410000000000000000e+02,6.335449218750000000e+01,2.562499999999978684e-02,1.529500000000000171e+01,-6.398437500000042633e-02
2.410999999999999943e+02,6.293334960937500000e+01,4.812499999999975131e-02,1.541250000000000142e+01,-3.281250000000035527e-02
2.411999999999999886e+02,6.280517578125000000e+01,6.812499999999976907e-02,1.537500000000000000e+01,-2.187500000000053291e-02
2.413000000000000114e+02,6.271362304687500000e+01,2.562499999999978684e-02,1.541000000000000014e+01,-5.140625000000031974e-02
2.414000000000000057e+02,6.258544921875000000e+01,6.562499999999982236e-02,1.537249999999999872e+01,-3.609375000000092371e-02
2.415000000000000000e+02,6.278686523437500000e+01,5.312500000000008882e-02,1.540249999999999986e+01,-4.867187500000103029e-02
2.415999999999999943e+02,6.242065429687500000e+01,3.312500000000007105e-02,1.515249999999999986e+01,-7.437500000000074607e-02
2.416999999999999886e+02,6.278686523437500000e+01,3.562500000000001776e-02,1.528750000000000142e+01,-4.648437500000035527e-02
2.418000000000000114e+02,6.269531250000000000e+01,2.062499999999989342e-02,1.539000000000000057e+01,-7.656250000001030287e-03
2.419000000000000057e+02,6.258544921875000000e+01,4.562499999999980460e-02,1.533249999999999957e+01,-4.593750000000085265e-02
2.420000000000000000e+02,6.282348632812500000e+01,3.319999999999999840e+00,1.537750000000000128e+01,1.709804687500000142e+01
2.420999999999999943e+02,6.243896484375000000e+01,2.979999999999999982e+00,1.528500000000000014e+01,1.546671875000000007e+01
2.421999999999999886e+02,6.278686523437500000e+01,2.935000000000000053e+00,1.532000000000000028e+01,1.546671875000000007e+01
2.423000000000000114e+02,6.271362304687500000e+01,2.932500000000000107e+00,1.539999999999999858e+01,1.548421875000000014e+01
2.424000000000000057e+02,6.256713867187500000e+01,2.957500000000000018e+00,1.548750000000000071e+01,1.558429687500000149e+01
2.425000000000000000e+02,6.318969726562500000e+01,2.964999999999999858e+00,1.544750000000000156e+01,1.550226562500000149e+01
2.425999999999999943e+02,6.280517578125000000e+01,3.017500000000000071e+00,1.528999999999999915e+01,1.548421875000000014e+01
2.426999999999999886e+02,6.317138671875000000e+01,2.995000000000000107e+00,1.548499999999999943e+01,1.551812500000000128e+01
2.428000000000000114e+02,6.311645507812500000e+01,3.012500000000000178e+00,1.532250000000000156e+01,1.547109375000000142e+01
2.429000000000000057e+02,6.416015625000000000e+01,3.217499999999999805e+00,1.529749999999999943e+01,1.548750000000000071e+01
2.430000000000000000e+02,6.520385742187500000e+01,2.995000000000000107e+00,1.550000000000000000e+01,1.544648437500000071e+01
2.430999999999999943e+02,6.478271484375000000e+01,3.015000000000000124e+00,1.549249999999999972e+01,1.549953125000000043e+01
2.431999999999999886e+02,6.524047851562500000e+01,3.040000000000000036e+00,1.535249999999999915e+01,1.549132812500000078e+01
2.433000000000000114e+02,6.507568359375000000e+01,3.042499999999999982e+00,1.535000000000000142e+01,1.546562500000000107e+01
2.434000000000000057e+02,6.818847656250000000e+01,3.057500000000000107e+00,1.528999999999999915e+01,1.548914062500000099e+01
2.435000000000000000e+02,6.862792968750000000e+01,3.042499999999999982e+00,1.561250000000000071e+01,1.547710937500000128e+01
2.435999999999999943e+02,6.818847656250000000e+01,3.057500000000000107e+00,1.528750000000000142e+01,1.546398437500000078e+01
2.436999999999999886e+02,6.862792968750000000e+01,3.082500000000000018e+00,1.525250000000000128e+01,1.547382812500000071e+01
2.438000000000000114e+02,7.208862304687500000e+01,3.044999999999999929e+00,1.553249999999999886e+01,1.552687500000000043e+01
2.439000000000000057e+02,7.278442382812500000e+01,3.109999999999999876e+00,1.518750000000000000e+01,1.551867187500000078e+01
2.440000000000000000e+02,7.307739257812500000e+01,3.109999999999999876e+00,1.539999999999999858e+01,1.543937500000000007e+01
2.440999999999999943e+02,7.260131835937500000e+01,3.132499999999999840e+00,1.542999999999999972e+01,1.553945312500000142e+01
2.441999999999999886e+02,7.467041015625000000e+01,3.172499999999999876e+00,1.529749999999999943e+01,1.548257812500000163e+01
2.443000000000000114e+02,7.738037109375000000e+01,3.125000000000000000e+00,1.531749999999999901e+01,1.544703125000000021e+01
2.444000000000000057e+02,7.743530273437500000e+01,3.125000000000000000e+00,1.536250000000000071e+01,1.554929687500000135e+01
2.445000000000000000e+02,7.772827148437500000e+01,3.125000000000000000e+00,1.549500000000000099e+01,1.552414062500000114e+01
2.445999999999999943e+02,7.716064453125000000e+01,3.102500000000000036e+00,1.540249999999999986e+01,1.549843750000000142e+01
2.446999999999999886e+02,8.100585937500000000e+01,3.104999999999999982e+00,1.525499999999999901e+01,1.549570312500000036e+01
2.448000000000000114e+02,8.118896484375000000e+01,3.167499999999999982e+00,1.533500000000000085e+01,1.549078125000000128e+01
2.449000000000000057e+02,8.113403320312500000e+01,3.100000000000000089e+00,1.544000000000000128e+01,1.556515625000000114e+01
2.450000000000000000e+02,8.140869140625000000e+01,3.109999999999999876e+00,1.541750000000000043e+01,1.547875000000000156e+01
2.450999999999999943e+02,8.318481445312500000e+01,3.169999999999999929e+00,1.530750000000000099e+01,1.546398437500000078e+01
2.451999999999999886e+02,8.461303710937500000e+01,3.147499999999999964e+00,1.539000000000000057e+01,1.554820312500000057e+01
2.453000000000000114e+02,8.442993164062500000e+01,3.157500000000000195e+00,1.539000000000000057e+01,1.548312500000000114e+01
2.454000000000000057e+02,8.444824218750000000e+01,3.185000000000000053e+00,1.538250000000000028e+01,1.547546875000000099e+01
2.455000000000000000e+02,8.492431640625000000e+01,3.174999999999999822e+00,1.530750000000000099e+01,1.554710937500000156e+01
2.455999999999999943e+02,8.684692382812500000e+01,3.169999999999999929e+00,1.550250000000000128e+01,1.551757812500000000e+01
2.456999999999999886e+02,8.750610351562500000e+01,3.205000000000000071e+00,1.522500000000000142e+01,1.545031250000000078e+01
2.458000000000000114e+02,8.728637695312500000e+01,3.200000000000000178e+00,1.552250000000000085e+01,1.552414062500000114e+01
2.459000000000000057e+02,8.724975585937500000e+01,3.285000000000000142e+00,1.530750000000000099e+01,1.552085937500000057e+01
2.460000000000000000e+02,8.970336914062500000e+01,3.189999999999999947e+00,1.534499999999999886e+01,1.548257812500000163e+01
2.460999999999999943e+02,8.955688476562500000e+01,3.214999999999999858e+00,1.521750000000000114e+01,1.549296875000000107e+01
2.461999999999999886e+02,9.008789062500000000e+01,3.200000000000000178e+00,1.542249999999999943e+01,1.549132812500000078e+01
2.463000000000000114e+02,8.986816406250000000e+01,3.245000000000000107e+00,1.541250000000000142e+01,1.553179687500000128e+01
2.464000000000000057e+02,9.111328125000000000e+01,3.259999999999999787e+00,1.528500000000000014e+01,1.551757812500000000e+01
2.465000000000000000e+02,9.246826171875000000e+01,3.240000000000000213e+00,1.533249999999999957e+01,1.545906249999999993e+01
2.465999999999999943e+02,9.199218750000000000e+01,3.242500000000000160e+00,1.523499999999999943e+01,1.551210937500000142e+01
2.466999999999999886e+02,9.252319335937500000e+01,3.280000000000000249e+00,1.541000000000000014e+01,1.545304687500000007e+01
2.468000000000000114e+02,9.226684570312500000e+01,3.252499999999999947e+00,1.554749999999999943e+01,1.555804687500000050e+01
2.469000000000000057e+02,9.442749023437500000e+01,3.194999999999999840e+00,1.516250000000000142e+01,1.547000000000000064e+01
2.470000000000000000e+02,9.486694335937500000e+01,3.250000000000000000e+00,1.554749999999999943e+01,1.550117187500000071e+01
2.470999999999999943e+02,9.429931640625000000e+01,3.254999999999999893e+00,1.539000000000000057e+01,1.553835937500000064e+01
2.471999999999999886e+02,9.483032226562500000e+01,3.270000000000000018e+00,1.551249999999999929e+01,1.551046875000000114e+01
2.473000000000000114e+02,9.620361328125000000e+01,3.200000000000000178e+00,1.517249999999999943e+01,1.554273437500000021e+01
2.474000000000000057e+02,9.666137695312500000e+01,3.299999999999999822e+00,1.503500000000000014e+01,1.548531250000000092e+01
2.475000000000000000e+02,9.695434570312500000e+01,3.307500000000000107e+00,1.526000000000000156e+01,1.553289062500000028e+01
2.475999999999999943e+02,9.636840820312500000e+01,3.274999999999999911e+00,1.537000000000000099e+01,1.551210937500000142e+01
2.476999999999999886e+02,9.744873046875000000e+01,3.322499999999999787e+00,1.536749999999999972e+01,1.555640625000000021e+01
2.478000000000000114e+02,9.856567382812500000e+01,3.334999999999999964e+00,1.542999999999999972e+01,1.550390625000000000e+01
2.479000000000000057e+02,9.869384765625000000e+01,3.299999999999999822e+00,1.539750000000000085e+01,1.554875000000000007e+01
2.480000000000000000e+02,9.896850585937500000e+01,3.332500000000000018e+00,1.521000000000000085e+01,1.545687500000000014e+01
2.480999999999999943e+02,9.836425781250000000e+01,3.292499999999999982e+00,1.584250000000000114e+01,1.548257812500000163e+01
2.481999999999999886e+02,1.007263183593750000e+02,3.282500000000000195e+00,1.524749999999999872e+01,1.547437500000000021e+01
2.483000000000000114e+02,1.006164550781250000e+02,3.342500000000000249e+00,1.552250000000000085e+01,1.551812500000000128e+01
2.484000000000000057e+02,1.006530761718750000e+02,3.354999999999999982e+00,1.552250000000000085e+01,1.548148437500000085e+01
2.485000000000000000e+02,1.009277343750000000e+02,3.334999999999999964e+00,1.537000000000000099e+01,1.551703125000000050e+01
2.485999999999999943e+02,1.015502929687500000e+02,3.357499999999999929e+00,1.555250000000000199e+01,1.552031250000000107e+01
2.486999999999999886e+02,1.027587890625000000e+02,3.347500000000000142e+00,1.521750000000000114e+01,1.552960937500000149e+01
2.488000000000000114e+02,1.024108886718750000e+02,3.334999999999999964e+00,1.521750000000000114e+01,1.548531250000000092e+01
2.489000000000000057e+02,1.024841308593750000e+02,3.350000000000000089e+00,1.544249999999999901e+01,1.547492187500000149e+01
2.490000000000000000e+02,1.028686523437500000e+02,3.395000000000000018e+00,1.530000000000000071e+01,1.548804687500000021e+01
2.490999999999999943e+02,1.039672851562500000e+02,3.352500000000000036e+00,1.542750000000000199e+01,1.545250000000000057e+01
2.491999999999999886e+02,1.046813964843750000e+02,3.407500000000000195e+00,1.514499999999999957e+01,1.544976562500000128e+01
2.493000000000000114e+02,1.042968750000000000e+02,3.379999999999999893e+00,1.524249999999999972e+01,1.545195312500000107e+01
2.494000000000000057e+02,1.044067382812500000e+02,3.377499999999999947e+00,1.537750000000000128e+01,1.553398437500000107e+01
2.495000000000000000e+02,1.061096191406250000e+02,3.467500000000000249e+00,1.535999999999999943e+01,1.551812500000000128e+01
2.495999999999999943e+02,1.057800292968750000e+02,3.375000000000000000e+00,1.541250000000000142e+01,1.551703125000000050e+01
2.496999999999999886e+02,1.063659667968750000e+02,3.334999999999999964e+00,1.525499999999999901e+01,1.552468750000000064e+01
2.498000000000000114e+02,1.060546875000000000e+02,3.405000000000000249e+00,1.536749999999999972e+01,1.543718750000000028e+01
2.499000000000000057e+02,1.070251464843750000e+02,3.377499999999999947e+00,1.556250000000000000e+01,1.542679687500000085e+01
2.500000000000000000e+02,1.080139160156250000e+02,3.439999999999999947e+00,1.514250000000000185e+01,1.550937500000000036e+01
2.500999999999999943e+02,1.075012207031250000e+02,3.427500000000000213e+00,1.541250000000000142e+01,1.552468750000000064e+01
2.501999999999999886e+02,1.081420898437500000e+02,3.417499999999999982e+00,1.542750000000000199e+01,1.549023437500000000e+01
2.503000000000000114e+02,1.077392578125000000e+02,3.455000000000000071e+00,1.548250000000000171e+01,1.550554687500000028e+01
2.504000000000000057e+02,1.094238281250000000e+02,3.452500000000000124e+00,1.542999999999999972e+01,1.551976562500000156e+01
2.505000000000000000e+02,1.097717285156250000e+02,3.419999999999999929e+00,1.537750000000000128e+01,1.551156250000000014e+01
2.505999999999999943e+02,1.091491699218750000e+02,3.419999999999999929e+00,1.551249999999999929e+01,1.548695312500000121e+01
2.506999999999999886e+02,1.097900390625000000e+02,3.457500000000000018e+00,1.525750000000000028e+01,1.550828125000000135e+01
2.508000000000000114e+02,1.107421875000000000e+02,3.462499999999999911e+00,1.553000000000000114e+01,1.552359375000000163e+01
2.509000000000000057e+02,1.111999511718750000e+02,3.427500000000000213e+00,1.516000000000000014e+01,1.553890625000000014e+01
2.510000000000000000e+02,1.114562988281250000e+02,3.477500000000000036e+00,1.526750000000000185e+01,1.548312500000000114e+01
2.510999999999999943e+02,1.108886718750000000e+02,3.472500000000000142e+00,1.561250000000000071e+01,1.547546875000000099e+01
2.511999999999999886e+02,1.120971679687500000e+02,3.495000000000000107e+00,1.537999999999999901e+01,1.551484375000000071e+01
2.513000000000000114e+02,1.127197265625000000e+02,3.490000000000000213e+00,1.521499999999999986e+01,1.553835937500000064e+01
2.514000000000000057e+02,1.129760742187500000e+02,3.484999999999999876e+00,1.543750000000000000e+01,1.549570312500000036e+01
2.515000000000000000e+02,1.131774902343750000e+02,3.517500000000000071e+00,1.538250000000000028e+01,1.550445312500000128e+01
2.515999999999999943e+02,1.125732421875000000e+02,3.520000000000000018e+00,1.540249999999999986e+01,1.548914062500000099e+01
2.516999999999999886e+02,1.146606445312500000e+02,3.484999999999999876e+00,1.529250000000000043e+01,1.552304687500000036e+01
2.518000000000000114e+02,1.143676757812500000e+02,3.509999999999999787e+00,1.558249999999999957e+01,1.547109375000000142e+01
2.519000000000000057e+02,1.145507812500000000e+02,3.524999999999999911e+00,1.530000000000000071e+01,1.547546875000000099e+01
2.520000000000000000e+02,1.147705078125000000e+02,3.547499999999999876e+00,1.532750000000000057e+01,1.552195312500000135e+01
2.520999999999999943e+02,1.153015136718750000e+02,3.530000000000000249e+00,1.528999999999999915e+01,1.551867187500000078e+01
2.521999999999999886e+02,1.164001464843750000e+02,3.537500000000000089e+00,1.552250000000000085e+01,1.553507812500000007e+01
2.523000000000000114e+02,1.159790039062500000e+02,3.542499999999999982e+00,1.550250000000000128e+01,1.552250000000000085e+01
2.524000000000000057e+02,1.161621093750000000e+02,3.544999999999999929e+00,1.539499999999999957e+01,1.553835937500000064e+01
2.525000000000000000e+02,1.166198730468750000e+02,3.575000000000000178e+00,1.531749999999999901e+01,1.549734375000000064e+01
2.525999999999999943e+02,1.174255371093750000e+02,3.564999999999999947e+00,1.538500000000000156e+01,1.545960937500000121e+01
2.526999999999999886e+02,1.181213378906250000e+02,3.549999999999999822e+00,1.540249999999999986e+01,1.541968750000000021e+01
2.528000000000000114e+02,1.176818847656250000e+02,3.575000000000000178e+00,1.538250000000000028e+01,1.555640625000000021e+01
2.529000000000000057e+02,1.178649902343750000e+02,3.577500000000000124e+00,1.526999999999999957e+01,1.553726562500000163e+01
2.530000000000000000e+02,1.193847656250000000e+02,3.577500000000000124e+00,1.561250000000000071e+01,1.548312500000000114e+01
2.530999999999999943e+02,1.189819335937500000e+02,3.580000000000000071e+00,1.544750000000000156e+01,1.554656250000000028e+01
2.531999999999999886e+02,1.196044921875000000e+02,3.587499999999999911e+00,1.532750000000000057e+01,1.545960937500000121e+01
2.533000000000000114e+02,1.191101074218750000e+02,3.582500000000000018e+00,1.539750000000000085e+01,1.553945312500000142e+01
2.534000000000000057e+02,1.202819824218750000e+02,3.602500000000000036e+00,1.544750000000000156e+01,1.547875000000000156e+01
2.535000000000000000e+02,1.211425781250000000e+02,3.607499999999999929e+00,1.551999999999999957e+01,1.550335937500000050e+01
2.535999999999999943e+02,1.206115722656250000e+02,3.620000000000000107e+00,1.533000000000000185e+01,1.546945312500000114e+01
2.536999999999999886e+02,1.212524414062500000e+02,3.604999999999999982e+00,1.554250000000000043e+01,1.550390625000000000e+01
2.538000000000000114e+02,1.207397460937500000e+02,3.634999999999999787e+00,1.510500000000000043e+01,1.548804687500000021e+01
2.539000000000000057e+02,1.225341796875000000e+02,3.637500000000000178e+00,1.529749999999999943e+01,1.557117187500000099e+01
2.540000000000000000e+02,1.227905273437500000e+02,3.609999999999999876e+00,1.549249999999999972e+01,1.549187500000000028e+01
2.540999999999999943e+02,1.221862792968750000e+02,3.629999999999999893e+00,1.539000000000000057e+01,1.550390625000000000e+01
2.541999999999999886e+02,1.228637695312500000e+02,3.642500000000000071e+00,1.542249999999999943e+01,1.550664062500000107e+01
2.543000000000000114e+02,1.236694335937500000e+02,3.680000000000000160e+00,1.523250000000000171e+01,1.554273437500000021e+01
2.544000000000000057e+02,1.242004394531250000e+02,3.655000000000000249e+00,1.523250000000000171e+01,1.549187500000000028e+01
2.545000000000000000e+02,1.243652343750000000e+02,3.634999999999999787e+00,1.510000000000000142e+01,1.549953125000000043e+01
2.545999999999999943e+02,1.238159179687500000e+02,3.667499999999999982e+00,1.523499999999999943e+01,1.549296875000000107e+01
2.546999999999999886e+02,1.252441406250000000e+02,3.702500000000000124e+00,1.543750000000000000e+01,1.553015625000000099e+01
2.548000000000000114e+02,1.255004882812500000e+02,3.729999999999999982e+00,1.526750000000000185e+01,1.548640624999999993e+01
2.549000000000000057e+02,1.257934570312500000e+02,3.682500000000000107e+00,1.526249999999999929e+01,1.557445312500000156e+01
2.550000000000000000e+02,1.259765625000000000e+02,3.682500000000000107e+00,1.535750000000000171e+01,1.548914062500000099e+01
2.550999999999999943e+02,1.254272460937500000e+02,3.732499999999999929e+00,1.528750000000000142e+01,1.549187500000000028e+01
2.551999999999999886e+02,1.275512695312500000e+02,3.702500000000000124e+00,1.530999999999999872e+01,1.549023437500000000e+01
2.553000000000000114e+02,1.271484375000000000e+02,3.717500000000000249e+00,1.553249999999999886e+01,1.552250000000000085e+01
2.554000000000000057e+02,1.274047851562500000e+02,3.747500000000000053e+00,1.541250000000000142e+01,1.547765625000000078e+01
2.555000000000000000e+02,1.275695800781250000e+02,3.762500000000000178e+00,1.539000000000000057e+01,1.548914062500000099e+01
2.555999999999999943e+02,1.282470703125000000e+02,3.752499999999999947e+00,1.536250000000000071e+01,1.549953125000000043e+01
2.556999999999999886e+02,1.292724609375000000e+02,3.734999999999999876e+00,1.518750000000000000e+01,1.549570312500000036e+01
2.558000000000000114e+02,1.287597656250000000e+02,3.754999999999999893e+00,1.543750000000000000e+01,1.549460937500000135e+01
2.559000000000000057e+02,1.289978027343750000e+02,3.770000000000000018e+00,1.547749999999999915e+01,1.549625000000000163e+01
2.560000000000000000e+02,1.296569824218750000e+02,3.802500000000000213e+00,1.532000000000000028e+01,1.549351562500000057e+01
2.561000000000000227e+02,1.302062988281250000e+02,3.770000000000000018e+00,1.547250000000000014e+01,1.549843750000000142e+01
2.561999999999999886e+02,1.308471679687500000e+02,3.822499999999999787e+00,1.544000000000000128e+01,1.555203125000000064e+01
2.563000000000000114e+02,1.303344726562500000e+02,3.830000000000000071e+00,1.547500000000000142e+01,1.549953125000000043e+01
2.563999999999999773e+02,1.306457519531250000e+02,3.827500000000000124e+00,1.537999999999999901e+01,1.550445312500000128e+01
2.565000000000000000e+02,1.322021484375000000e+02,3.785000000000000142e+00,1.537249999999999872e+01,1.545250000000000057e+01
2.566000000000000227e+02,1.317993164062500000e+02,3.810000000000000053e+00,1.510249999999999915e+01,1.553398437500000107e+01
2.566999999999999886e+02,1.324951171875000000e+02,3.852500000000000036e+00,1.553750000000000142e+01,1.549515625000000085e+01
2.568000000000000114e+02,1.319091796875000000e+02,3.844999999999999751e+00,1.550750000000000028e+01,1.551046875000000114e+01
2.568999999999999773e+02,1.327148437500000000e+02,3.847500000000000142e+00,1.532750000000000057e+01,1.550117187500000071e+01
2.570000000000000000e+02,1.330444335937500000e+02,3.897499999999999964e+00,1.526750000000000185e+01,1.546890625000000163e+01
2.571000000000000227e+02,1.325317382812500000e+02,3.895000000000000018e+00,1.539000000000000057e+01,1.548695312500000121e+01
2.571999999999999886e+02,1.332092285156250000e+02,5.062500000000014211e-02,1.538749999999999929e+01,-5.468750000000355271e-03
2.573000000000000114e+02,1.326049804687500000e+02,2.312499999999984013e-02,1.526249999999999929e+01,-4.429687500000056843e-02
2.573999999999999773e+02,1.329345703125000000e+02,7.312500000000010658e-02,1.554250000000000043e+01,-4.593750000000085265e-02
2.575000000000000000e+02,1.330993652343750000e+02,8.124999999999715783e-03,1.539250000000000185e+01,-1.367187500000088818e-02
2.576000000000000227e+02,1.324768066406250000e+02,4.062499999999991118e-02,1.539250000000000185e+01,-3.445312500000063949e-02
2.576999999999999886e+02,1.331909179687500000e+02,3.312500000000007105e-02,1.545250000000000057e+01,-3.445312500000063949e-02
2.578000000000000114e+02,1.326049804687500000e+02,3.062500000000012434e-02,1.523499999999999943e+01,-2.898437500000028422e-02
2.578999999999999773e+02,1.329345703125000000e+02,2.812499999999973355e-02,1.532750000000000057e+01,-2.078125000000063949e-02
2.580000000000000000e+02,1.330627441406250000e+02,2.562499999999978684e-02,1.527499999999999858e+01,-5.960937500000085265e-02
2.581000000000000227e+02,1.325317382812500000e+02,4.062499999999991118e-02,1.516750000000000043e+01,-9.843750000000817124e-03
2.581999999999999886e+02,1.323303222656250000e+02,2.812499999999973355e-02,1.555999999999999872e+01,-2.296875000000042633e-02
2.583000000000000114e+02,1.312500000000000000e+02,1.812499999999994671e-02,1.539250000000000185e+01,-6.562500000000071054e-02
2.583999999999999773e+02,1.315063476562500000e+02,1.312500000000005329e-02,1.523000000000000043e+01,4.374999999999573674e-03
2.585000000000000000e+02,1.316894531250000000e+02,4.062499999999991118e-02,1.561250000000000071e+01,-9.242187500000031974e-02
2.586000000000000227e+02,1.311218261718750000e+02,5.812499999999998224e-02,1.554250000000000043e+01,-4.265625000000028422e-02
2.586999999999999886e+02,1.289062500000000000e+02,1.562500000000000000e-02,1.542000000000000171e+01,6.015624999998969713e-03
2.588000000000000114e+02,1.282653808593750000e+02,4.812499999999975131e-02,1.534750000000000014e+01,-3.718750000000081712e-02
2.588999999999999773e+02,1.285217285156250000e+02,3.312500000000007105e-02,1.558000000000000185e+01,2.734374999999289457e-03
2.590000000000000000e+02,1.286682128906250000e+02,3.562500000000001776e-02,1.549000000000000199e+01,-5.796875000000056843e-02
2.591000000000000227e+02,1.243835449218750000e+02,1.062500000000010658e-02,1.529500000000000171e+01,-2.460937500000071054e-02
2.591999999999999886e+02,1.242736816406250000e+02,4.062499999999991118e-02,1.537249999999999872e+01,-4.265625000000028422e-02
2.593000000000000114e+02,1.237792968750000000e+02,3.812499999999996447e-02,1.538250000000000028e+01,-2.679687500000049738e-02
2.593999999999999773e+02,1.240173339843750000e+02,1.312500000000005329e-02,1.550250000000000128e+01,-2.898437500000028422e-02
2.595000000000000000e+02,1.222595214843750000e+02,3.562500000000001776e-02,1.546999999999999886e+01,-4.593750000000085265e-02
2.596000000000000227e+02,1.189270019531250000e+02,3.062500000000012434e-02,1.546750000000000114e+01,-2.242187500000092371e-02
2.596999999999999886e+02,1.194580078125000000e+02,2.812499999999973355e-02,1.539250000000000185e+01,-6.289062500000053291e-02
2.598000000000000114e+02,1.189636230468750000e+02,3.562500000000001776e-02,1.526000000000000156e+01,-6.562500000000248690e-03
2.598999999999999773e+02,1.191650390625000000e+02,2.312499999999984013e-02,1.541750000000000043e+01,-3.281250000000568434e-03
2.600000000000000000e+02,1.157958984375000000e+02,2.312499999999984013e-02,1.523499999999999943e+01,-2.023437500000024869e-02
2.601000000000000227e+02,1.149169921875000000e+02,5.812499999999998224e-02,1.567999999999999972e+01,-1.421875000000039080e-02
2.601999999999999886e+02,1.155395507812500000e+02,4.062499999999991118e-02,1.564499999999999957e+01,-7.765625000000042633e-02
2.603000000000000114e+02,1.150817871093750000e+02,1.312500000000005329e-02,1.539250000000000185e+01,-5.085937500000081712e-02
2.603999999999999773e+02,1.128479003906250000e+02,3.124999999999822364e-03,1.546249999999999858e+01,-2.625000000000099476e-02
2.605000000000000000e+02,1.123168945312500000e+02,4.562499999999980460e-02,1.552250000000000085e+01,-2.734375000000088818e-02
2.606000000000000227e+02,1.117126464843750000e+02,4.562499999999980460e-02,1.542500000000000071e+01,-2.515625000000110134e-02
2.606999999999999886e+02,1.123168945312500000e+02,3.062500000000012434e-02,1.539999999999999858e+01,-1.257812500000099476e-02
2.608000000000000114e+02,1.113464355468750000e+02,4.312499999999985789e-02,1.519500000000000028e+01,-3.281250000000568434e-03
2.608999999999999773e+02,1.094421386718750000e+02,2.062499999999989342e-02,1.534250000000000114e+01,-5.031250000000042633e-02
2.610000000000000000e+02,1.096069335937500000e+02,3.562500000000001776e-02,1.555750000000000099e+01,-6.781250000000049738e-02
2.611000000000000227e+02,1.090209960937500000e+02,1.812499999999994671e-02,1.530750000000000099e+01,2.187499999998898659e-03
2.611999999999999886e+02,1.096252441406250000e+02,5.312500000000008882e-02,1.525499999999999901e+01,-4.265625000000028422e-02
2.613000000000000114e+02,1.070800781250000000e+02,1.812499999999994671e-02,1.542249999999999943e+01,-1.312500000000049738e-02
2.613999999999999773e+02,1.069519042968750000e+02,2.562499999999978684e-02,1.533500000000000085e+01,-5.796875000000056843e-02
2.615000000000000000e+02,1.071899414062500000e+02,7.062500000000015987e-02,1.536500000000000199e+01,-8.312500000000078160e-02
2.616000000000000227e+02,1.066223144531250000e+02,1.812499999999994671e-02,1.519750000000000156e+01,-1.640625000000284217e-03
2.616999999999999886e+02,1.059082031250000000e+02,5.562500000000003553e-02,1.504749999999999943e+01,-6.453125000000081712e-02
2.618000000000000114e+02,1.047729492187500000e+02,3.312500000000007105e-02,1.562249999999999872e+01,-3.937500000000060396e-02
2.618999999999999773e+02,1.048278808593750000e+02,7.312500000000010658e-02,1.508249999999999957e+01,-5.195312500000071054e-02
2.620000000000000000e+02,1.050292968750000000e+02,4.062499999999991118e-02,1.517750000000000199e+01,-8.531250000000056843e-02
2.621000000000000227e+02,1.044799804687500000e+02,1.812499999999994671e-02,1.524249999999999972e+01,-2.132812500000103029e-02
2.621999999999999886e+02,1.032531738281250000e+02,2.812499999999973355e-02,1.526750000000000185e+01,-8.203125000000532907e-03
2.623000000000000114e+02,1.028137207031250000e+02,2.562499999999978684e-02,1.548000000000000043e+01,-5.085937500000081712e-02
2.623999999999999773e+02,1.029785156250000000e+02,1.562500000000000000e-02,1.538250000000000028e+01,-1.093750000000781597e-03
2.625000000000000000e+02,1.031799316406250000e+02,3.812499999999996447e-02,1.520749999999999957e+01,-1.914062500000035527e-02
2.626000000000000227e+02,1.010925292968750000e+02,2.812499999999973355e-02,1.538250000000000028e+01,-3.828125000000071054e-02
2.626999999999999886e+02,1.013854980468750000e+02,4.312499999999985789e-02,1.560249999999999915e+01,-5.523437500000039080e-02
2.628000000000000114e+02,1.010009765625000000e+02,5.562500000000003553e-02,1.522749999999999915e+01,-3.609375000000092371e-02
2.628999999999999773e+02,1.011474609375000000e+02,6.062499999999992895e-02,1.553249999999999886e+01,-1.531250000000028422e-02
2.630000000000000000e+02,1.007080078125000000e+02,1.312500000000005329e-02,1.538250000000000028e+01,-6.617187500000110134e-02
2.631000000000000227e+02,9.924316406250000000e+01,5.312500000000008882e-02,1.537249999999999872e+01,-1.148437500000110134e-02
2.631999999999999886e+02,9.977416992187500000e+01,2.312499999999984013e-02,1.535999999999999943e+01,-2.953125000000067502e-02
2.633000000000000114e+02,9.944458007812500000e+01,6.312499999999987566e-02,1.536250000000000071e+01,-3.281250000000035527e-02
2.633999999999999773e+02,9.951782226562500000e+01,4.312499999999985789e-02,1.530750000000000099e+01,-4.375000000000106581e-02
2.635000000000000000e+02,9.836425781250000000e+01,5.562500000000003553e-02,1.537999999999999901e+01,-2.953125000000067502e-02
2.636000000000000227e+02,9.770507812500000000e+01,3.812499999999996447e-02,1.525499999999999901e+01,-3.062500000000056843e-02
2.636999999999999886e+02,9.825439453125000000e+01,1.562500000000000000e-02,1.501000000000000156e+01,-3.882812500000110134e-02
2.638000000000000114e+02,9.794311523437500000e+01,5.312500000000008882e-02,1.532250000000000156e+01,-3.281250000000568434e-03
2.638999999999999773e+02,9.697265625000000000e+01,6.562499999999982236e-02,1.540249999999999986e+01,-1.531250000000028422e-02
2.640000000000000000e+02,9.686279296875000000e+01,2.062499999999989342e-02,1.518750000000000000e+01,-5.031250000000042633e-02
2.641000000000000227e+02,9.629516601562500000e+01,5.624999999999769074e-03,1.558249999999999957e+01,-4.046875000000049738e-02
2.641999999999999886e+02,9.684448242187500000e+01,6.062499999999992895e-02,1.509499999999999886e+01,5.468749999995026201e-04
2.643000000000000114e+02,9.635009765625000000e+01,2.562499999999978684e-02,1.511500000000000199e+01,-8.585937500000095923e-02
2.643999999999999773e+02,9.537963867187500000e+01,3.062500000000012434e-02,1.533749999999999858e+01,2.187499999998898659e-03
2.645000000000000000e+02,9.554443359375000000e+01,2.299999999999999822e-01,1.526750000000000185e+01,-1.121093750000010658e-01
2.646000000000000227e+02,9.495849609375000000e+01,5.312500000000008882e-02,1.538749999999999929e+01,-2.734375000001065814e-03
2.646999999999999886e+02,9.554443359375000000e+01,1.062500000000010658e-02,1.538250000000000028e+01,-4.320312500000067502e-02
2.648000000000000114e+02,9.411621093750000000e+01,1.062500000000010658e-02,1.528999999999999915e+01,-3.335937500000074607e-02
2.648999999999999773e+02,9.400634765625000000e+01,3.812499999999996447e-02,1.537500000000000000e+01,-9.843750000000817124e-03
2.650000000000000000e+02,9.424438476562500000e+01,3.812499999999996447e-02,1.532250000000000156e+01,-5.468750000000088818e-02
2.651000000000000227e+02,9.373168945312500000e+01,3.562500000000001776e-02,1.503249999999999886e+01,-4.375000000000106581e-02
2.651999999999999886e+02,9.356689453125000000e+01,1.812499999999994671e-02,1.521999999999999886e+01,-4.757812500000024869e-02
2.653000000000000114e+02,9.277954101562500000e+01,2.312499999999984013e-02,1.519999999999999929e+01,-4.101562500000088818e-02
2.653999999999999773e+02,9.277954101562500000e+01,-1.875000000000071054e-03,1.532499999999999929e+01,-1.804687500000046185e-02
2.655000000000000000e+02,9.305419921875000000e+01,2.312499999999984013e-02,1.551500000000000057e+01,-3.773437500000031974e-02
2.656000000000000227e+02,9.252319335937500000e+01,4.812499999999975131e-02,1.541000000000000014e+01,-3.445312500000063949e-02
2.656999999999999886e+02,9.193725585937500000e+01,1.562500000000000000e-02,1.532750000000000057e+01,-2.515625000000110134e-02
2.658000000000000114e+02,9.157104492187500000e+01,2.812499999999973355e-02,1.546999999999999886e+01,-1.695312500000056843e-02
2.658999999999999773e+02,9.158935546875000000e+01,5.624999999999769074e-03,1.530750000000000099e+01,2.570312499999971578e-02
2.660000000000000000e+02,9.179077148437500000e+01,3.062500000000012434e-02,1.550250000000000128e+01,-3.609375000000092371e-02
2.661000000000000227e+02,9.030761718750000000e+01,2.062499999999989342e-02,1.535000000000000142e+01,2.789062499999950262e-02
2.661999999999999886e+02,9.063720703125000000e+01,4.562499999999980460e-02,1.550250000000000128e+01,-4.156250000000039080e-02
2.663000000000000114e+02,9.032592773437500000e+01,3.062500000000012434e-02,1.558000000000000185e+01,-1.531250000000028422e-02
2.663999999999999773e+02,9.036254882812500000e+01,-4.375000000000017764e-03,1.561250000000000071e+01,-2.679687500000049738e-02
2.665000000000000000e+02,9.025268554687500000e+01,3.062500000000012434e-02,1.547250000000000014e+01,-3.664062500000042633e-02
2.666000000000000227e+02,8.897094726562500000e+01,2.312499999999984013e-02,1.565500000000000114e+01,-1.039062500000031974e-02
2.666999999999999886e+02,8.953857421875000000e+01,1.062500000000010658e-02,1.531749999999999901e+01,7.109374999999751310e-03
2.668000000000000114e+02,8.924560546875000000e+01,5.812499999999998224e-02,1.547250000000000014e+01,5.687499999999889866e-02
2.668999999999999773e+02,8.926391601562500000e+01,2.312499999999984013e-02,1.556250000000000000e+01,-4.375000000000106581e-02
2.670000000000000000e+02,8.854980468750000000e+01,3.812499999999996447e-02,1.538749999999999929e+01,-4.484375000000095923e-02
2.671000000000000227e+02,8.787231445312500000e+01,5.562500000000003553e-02,1.530999999999999872e+01,-4.375000000000106581e-02
2.671999999999999886e+02,8.840332031250000000e+01,5.062500000000014211e-02,1.540500000000000114e+01,-2.570312500000060396e-02
2.673000000000000114e+02,8.814697265625000000e+01,2.312499999999984013e-02,1.543250000000000099e+01,-1.367187500000088818e-02
2.673999999999999773e+02,8.750610351562500000e+01,8.124999999999715783e-03,1.539999999999999858e+01,-2.789062500000039080e-02
2.675000000000000000e+02,8.730468750000000000e+01,3.062500000000012434e-02,1.517500000000000071e+01,5.468749999995026201e-04
2.676000000000000227e+02,8.681030273437500000e+01,3.812499999999996447e-02,1.512249999999999872e+01,-3.828125000000071054e-02
2.676999999999999886e+02,8.734130859375000000e+01,5.812499999999998224e-02,1.573499999999999943e+01,-2.460937500000071054e-02
2.678000000000000114e+02,8.699340820312500000e+01,2.062499999999989342e-02,1.532250000000000156e+01,-4.484375000000095923e-02
2.678999999999999773e+02,8.604125976562500000e+01,2.812499999999973355e-02,1.535249999999999915e+01,-9.789062500000067502e-02
2.680000000000000000e+02,8.620605468750000000e+01,3.062500000000012434e-02,1.533249999999999957e+01,4.921874999999076294e-03
2.681000000000000227e+02,8.563842773437500000e+01,3.124999999999822364e-03,1.528999999999999915e+01,-3.828125000000959233e-03
2.681999999999999886e+02,8.618774414062500000e+01,8.124999999999715783e-03,1.530000000000000071e+01,-7.929687500000071054e-02
2.683000000000000114e+02,8.510742187500000000e+01,2.062499999999989342e-02,1.546249999999999858e+01,-8.257812500000039080e-02
2.683999999999999773e+02,8.503417968750000000e+01,7.312500000000010658e-02,1.520500000000000185e+01,-8.203125000000532907e-03
2.685000000000000000e+02,8.519897460937500000e+01,2.562499999999978684e-02,1.540500000000000114e+01,-4.156250000000039080e-02
2.686000000000000227e+02,8.468627929687500000e+01,1.312500000000005329e-02,1.524749999999999872e+01,-3.773437500000031974e-02
2.686999999999999886e+02,8.475952148437500000e+01,4.812499999999975131e-02,1.542249999999999943e+01,-4.101562500000088818e-02
2.688000000000000114e+02,8.399047851562500000e+01,1.562500000000000000e-02,1.540249999999999986e+01,-2.023437500000024869e-02
2.688999999999999773e+02,8.397216796875000000e+01,3.124999999999822364e-03,1.556250000000000000e+01,-1.640625000000284217e-03
2.690000000000000000e+02,8.415527343750000000e+01,4.312499999999985789e-02,1.542500000000000071e+01,-4.648437500000035527e-02
2.691000000000000227e+02,8.367919921875000000e+01,2.312499999999984013e-02,1.535999999999999943e+01,-1.312500000000049738e-02
2.691999999999999886e+02,8.331298828125000000e+01,4.062499999999991118e-02,1.547250000000000014e+01,-5.523437500000039080e-02
2.693000000000000114e+02,8.296508789062500000e+01,-4.375000000000017764e-03,1.550000000000000000e+01,-5.359375000000099476e-02
2.693999999999999773e+02,8.296508789062500000e+01,1.312500000000005329e-02,1.548250000000000171e+01,-2.898437500000028422e-02
2.695000000000000000e+02,8.323974609375000000e+01,3.562500000000001776e-02,1.544500000000000028e+01,4.374999999999573674e-03
2.696000000000000227e+02,8.197631835937500000e+01,5.312500000000008882e-02,1.533249999999999957e+01,-3.718750000000081712e-02
2.696999999999999886e+02,8.221435546875000000e+01,8.124999999999715783e-03,1.537249999999999872e+01,5.468749999999467093e-03
2.698000000000000114e+02,8.197631835937500000e+01,6.249999999998756550e-04,1.557250000000000156e+01,-1.093750000000781597e-03
2.698999999999999773e+02,8.199462890625000000e+01,5.812499999999998224e-02,1.544000000000000128e+01,-2.187500000000053291e-02
2.700000000000000000e+02,8.204956054687500000e+01,2.562499999999978684e-02,1.549749999999999872e+01,-2.242187500000092371e-02
2.701000000000000227e+02,8.085937500000000000e+01,4.062499999999991118e-02,1.542000000000000171e+01,-2.406250000000031974e-02
2.701999999999999886e+02,8.128051757812500000e+01,5.812499999999998224e-02,1.530999999999999872e+01,-4.648437500000035527e-02
2.703000000000000114e+02,8.109741210937500000e+01,4.812499999999975131e-02,1.535999999999999943e+01,-5.632812500000028422e-02
2.703999999999999773e+02,8.109741210937500000e+01,4.812499999999975131e-02,1.530750000000000099e+01,-5.468750000003907985e-04
2.705000000000000000e+02,8.041992187500000000e+01,4.312499999999985789e-02,1.537249999999999872e+01,-3.828125000000959233e-03
2.706000000000000227e+02,7.981567382812500000e+01,6.062499999999992895e-02,1.543250000000000099e+01,-6.234375000000103029e-02
2.706999999999999886e+02,8.031005859375000000e+01,-1.687500000000019540e-02,1.552250000000000085e+01,-2.789062500000039080e-02
2.708000000000000114e+02,8.007202148437500000e+01,3.312500000000007105e-02,1.539999999999999858e+01,-4.867187500000103029e-02
2.708999999999999773e+02,7.965087890625000000e+01,1.812499999999994671e-02,1.545250000000000057e+01,-4.703125000000074607e-02
2.710000000000000000e+02,7.943115234375000000e+01,4.812499999999975131e-02,1.551000000000000156e+01,8.749999999999147349e-03
2.711000000000000227e+02,7.890014648437500000e+01,5.062500000000014211e-02,1.535750000000000171e+01,1.914062499999946709e-02
2.711999999999999886e+02,7.939453125000000000e+01,3.062500000000012434e-02,1.549000000000000199e+01,-8.203125000000532907e-03
2.713000000000000114e+02,7.917480468750000000e+01,3.312500000000007105e-02,1.530499999999999972e+01,4.320312499999889866e-02
2.713999999999999773e+02,7.844238281250000000e+01,2.312499999999984013e-02,1.544750000000000156e+01,-3.500000000000103029e-02
2.715000000000000000e+02,7.862548828125000000e+01,2.062499999999989342e-02,1.551249999999999929e+01,-1.203125000000060396e-02
2.716000000000000227e+02,7.813110351562500000e+01,2.062499999999989342e-02,1.537750000000000128e+01,-9.843750000000817124e-03
2.716999999999999886e+02,7.858886718750000000e+01,6.062499999999992895e-02,1.543250000000000099e+01,-8.585937500000095923e-02
2.718000000000000114e+02,7.770996093750000000e+01,1.312500000000005329e-02,1.558249999999999957e+01,-6.507812500000031974e-02
2.718999999999999773e+02,7.749023437500000000e+01,5.312500000000008882e-02,1.553999999999999915e+01,-3.828125000000959233e-03
2.720000000000000000e+02,7.767333984375000000e+01,2.812499999999973355e-02,1.539750000000000085e+01,-1.039062500000031974e-02
2.721000000000000227e+02,7.719726562500000000e+01,3.562500000000001776e-02,1.526750000000000185e+01,-2.679687500000049738e-02
2.721999999999999886e+02,7.743530273437500000e+01,3.062500000000012434e-02,1.543250000000000099e+01,-8.367187500000028422e-02
2.723000000000000114e+02,7.668457031250000000e+01,3.062500000000012434e-02,1.512750000000000128e+01,-4.867187500000103029e-02
2.723999999999999773e+02,7.668457031250000000e+01,2.168749999999999289e-01,1.540249999999999986e+01,-3.500000000000103029e-02
2.725000000000000000e+02,7.684936523437500000e+01,3.812499999999996447e-02,1.537000000000000099e+01,-1.804687500000046185e-02
2.726000000000000227e+02,7.639160156250000000e+01,2.312499999999984013e-02,1.557250000000000156e+01,-2.078125000000063949e-02
2.726999999999999886e+02,7.615356445312500000e+01,-4.375000000000017764e-03,1.534750000000000014e+01,3.335937499999896971e-02
2.728000000000000114e+02,7.589721679687500000e+01,2.812499999999973355e-02,1.551750000000000185e+01,4.921874999999076294e-03
2.728999999999999773e+02,7.584228515625000000e+01,4.812499999999975131e-02,1.499249999999999972e+01,-2.625000000000099476e-02
2.730000000000000000e+02,7.608032226562500000e+01,5.562500000000003553e-02,1.543750000000000000e+01,-6.617187500000110134e-02
2.731000000000000227e+02,7.510986328125000000e+01,2.312499999999984013e-02,1.555250000000000199e+01,-5.250000000000110134e-02
2.731999999999999886e+02,7.529296875000000000e+01,1.312500000000005329e-02,1.530750000000000099e+01,8.749999999999147349e-03
2.733000000000000114e+02,7.509155273437500000e+01,3.812499999999996447e-02,1.553000000000000114e+01,-7.875000000000031974e-02
2.733999999999999773e+02,7.505493164062500000e+01,4.062499999999991118e-02,1.539000000000000057e+01,-6.343750000000092371e-02
2.735000000000000000e+02,7.525634765625000000e+01,8.124999999999715783e-03,1.548250000000000171e+01,6.562499999999360512e-03
2.736000000000000227e+02,7.401123046875000000e+01,3.562500000000001776e-02,1.550250000000000128e+01,-1.257812500000099476e-02
2.736999999999999886e+02,7.445068359375000000e+01,3.312500000000007105e-02,1.532250000000000156e+01,-8.531250000000056843e-02
2.738000000000000114e+02,7.428588867187500000e+01,1.062500000000010658e-02,1.537999999999999901e+01,-9.078125000000092371e-02
2.738999999999999773e+02,7.423095703125000000e+01,1.312500000000005329e-02,1.542000000000000171e+01,-4.046875000000049738e-02
2.740000000000000000e+02,7.384643554687500000e+01,4.062499999999991118e-02,1.543750000000000000e+01,-5.523437500000039080e-02
2.741000000000000227e+02,7.322387695312500000e+01,2.062499999999989342e-02,1.547250000000000014e+01,-6.890625000000039080e-02
2.741999999999999886e+02,7.364501953125000000e+01,3.562500000000001776e-02,1.542249999999999943e+01,-5.796875000000056843e-02
2.743000000000000114e+02,7.349853515625000000e+01,2.812499999999973355e-02,1.542999999999999972e+01,-6.562500000000071054e-02
2.743999999999999773e+02,7.327880859375000000e+01,3.062500000000012434e-02,1.540249999999999986e+01,-2.296875000000042633e-02
2.745000000000000000e+02,7.294921875000000000e+01,1.812499999999994671e-02,1.539750000000000085e+01,-3.664062500000042633e-02
2.746000000000000227e+02,7.250976562500000000e+01,8.124999999999715783e-03,1.545250000000000057e+01,-3.664062500000042633e-02
2.746999999999999886e+02,7.296752929687500000e+01,2.312499999999984013e-02,1.539999999999999858e+01,-9.843750000000817124e-03
2.748000000000000114e+02,7.276611328125000000e+01,4.312499999999985789e-02,1.540249999999999986e+01,-2.679687500000049738e-02
2.748999999999999773e+02,7.201538085937500000e+01,2.562499999999978684e-02,1.521750000000000114e+01,-2.570312500000060396e-02
2.750000000000000000e+02,7.218017578125000000e+01,2.062499999999989342e-02,1.551249999999999929e+01,-5.796875000000056843e-02
2.751000000000000227e+02,7.163085937500000000e+01,4.562499999999980460e-02,1.555250000000000199e+01,-2.789062500000039080e-02
2.751999999999999886e+02,7.218017578125000000e+01,2.062499999999989342e-02,1.550000000000000000e+01,7.656249999999253930e-03
2.753000000000000114e+02,7.152099609375000000e+01,2.562499999999978684e-02,1.538500000000000156e+01,-6.343750000000092371e-02
2.753999999999999773e+02,7.124633789062500000e+01,6.062499999999992895e-02,1.558249999999999957e+01,-5.468750000000088818e-02
2.755000000000000000e+02,7.148437500000000000e+01,8.124999999999715783e-03,1.552749999999999986e+01,-6.179687500000063949e-02
2.756000000000000227e+02,7.100830078125000000e+01,4.312499999999985789e-02,1.534250000000000114e+01,-6.617187500000110134e-02
2.756999999999999886e+02,7.142944335937500000e+01,3.312500000000007105e-02,1.550750000000000028e+01,-1.312500000000049738e-02
2.758000000000000114e+02,7.062377929687500000e+01,6.312499999999987566e-02,1.542249999999999943e+01,-2.242187500000092371e-02
2.758999999999999773e+02,7.055053710937500000e+01,1.812499999999994671e-02,1.548000000000000043e+01,1.421874999999950262e-02
2.760000000000000000e+02,7.080688476562500000e+01,2.562499999999978684e-02,1.537000000000000099e+01,1.093749999999893419e-02
2.761000000000000227e+02,7.031250000000000000e+01,5.312500000000008882e-02,1.546999999999999886e+01,-7.656250000001030287e-03
2.761999999999999886e+02,7.014770507812500000e+01,5.562500000000003553e-02,1.538250000000000028e+01,-3.226562500000085265e-02
2.763000000000000114e+02,6.989135742187500000e+01,1.812499999999994671e-02,1.552250000000000085e+01,-7.875000000000031974e-02
2.763999999999999773e+02,6.987304687500000000e+01,2.312499999999984013e-02,1.565749999999999886e+01,-9.843750000000817124e-03
2.765000000000000000e+02,7.007446289062500000e+01,3.312500000000007105e-02,1.538749999999999929e+01,-2.515625000000110134e-02
2.766000000000000227e+02,6.932373046875000000e+01,5.812499999999998224e-02,1.552250000000000085e+01,-6.179687500000063949e-02
2.766999999999999886e+02,6.936035156250000000e+01,4.812499999999975131e-02,1.542249999999999943e+01,-8.476562500000106581e-02
2.768000000000000114e+02,6.917724609375000000e+01,2.562499999999978684e-02,1.516499999999999915e+01,-2.296875000000042633e-02
2.768999999999999773e+02,6.914062500000000000e+01,6.812499999999976907e-02,1.533999999999999986e+01,3.171874999999957367e-02
2.770000000000000000e+02,6.937866210937500000e+01,2.562499999999978684e-02,1.554500000000000171e+01,-4.046875000000049738e-02
2.771000000000000227e+02,6.835327148437500000e+01,1.812499999999994671e-02,1.569750000000000156e+01,-4.593750000000085265e-02
2.771999999999999886e+02,6.873779296875000000e+01,4.812499999999975131e-02,1.533500000000000085e+01,-3.609375000000092371e-02
2.773000000000000114e+02,6.855468750000000000e+01,4.062499999999991118e-02,1.542249999999999943e+01,-4.156250000000039080e-02
2.773999999999999773e+02,6.855468750000000000e+01,1.312500000000005329e-02,1.540249999999999986e+01,-5.960937500000085265e-02
2.775000000000000000e+02,6.833496093750000000e+01,4.062499999999991118e-02,1.514000000000000057e+01,-3.007812500000106581e-02
2.776000000000000227e+02,6.765747070312500000e+01,-1.437500000000024869e-02,1.529250000000000043e+01,-1.257812500000099476e-02
2.776999999999999886e+02,6.815185546875000000e+01,4.312499999999985789e-02,1.550499999999999901e+01,-1.093750000000781597e-03
2.778000000000000114e+02,6.798706054687500000e+01,2.562499999999978684e-02,1.541250000000000142e+01,-3.226562500000085265e-02
2.778999999999999773e+02,6.793212890625000000e+01,8.124999999999715783e-03,1.543250000000000099e+01,-5.523437500000039080e-02
2.780000000000000000e+02,6.749267578125000000e+01,5.812499999999998224e-02,1.519750000000000156e+01,-8.203125000000532907e-03
2.781000000000000227e+02,6.701660156250000000e+01,3.812499999999996447e-02,1.535999999999999943e+01,2.460937499999893419e-02
2.781999999999999886e+02,6.745605468750000000e+01,5.562500000000003553e-02,1.539250000000000185e+01,3.226562499999907629e-02
2.783000000000000114e+02,6.732788085937500000e+01,2.312499999999984013e-02,1.528000000000000114e+01,3.828124999999182876e-03
2.783999999999999773e+02,6.674194335937500000e+01,5.312500000000008882e-02,1.537000000000000099e+01,2.734374999999289457e-03
2.785000000000000000e+02,6.687011718750000000e+01,1.312500000000005329e-02,1.555000000000000071e+01,-5.304687500000060396e-02
2.786000000000000227e+02,6.637573242187500000e+01,1.312500000000005329e-02,1.546249999999999858e+01,-5.687500000000067502e-02
2.786999999999999886e+02,6.683349609375000000e+01,4.312499999999985789e-02,1.517750000000000199e+01,-2.898437500000028422e-02
2.788000000000000114e+02,6.646728515625000000e+01,1.312500000000005329e-02,1.538749999999999929e+01,-8.750000000000923706e-03
2.788999999999999773e+02,6.606445312500000000e+01,5.624999999999769074e-03,1.560000000000000142e+01,-2.734375000000088818e-02
2.790000000000000000e+02,6.626586914062500000e+01,2.062499999999989342e-02,1.520749999999999957e+01,-8.804687500000074607e-02
2.791000000000000227e+02,6.580810546875000000e+01,3.312500000000007105e-02,1.520500000000000185e+01,-1.093750000000071054e-02
2.791999999999999886e+02,6.624755859375000000e+01,5.062500000000014211e-02,1.536250000000000071e+01,2.132812499999925393e-02
2.793000000000000114e+02,6.562500000000000000e+01,1.812499999999994671e-02,1.526999999999999957e+01,-2.734375000001065814e-03
2.793999999999999773e+02,6.555175781250000000e+01,1.562500000000000000e-02,1.546750000000000114e+01,-1.968750000000074607e-02
2.795000000000000000e+02,6.577148437500000000e+01,1.312500000000005329e-02,1.547250000000000014e+01,-2.242187500000092371e-02
2.796000000000000227e+02,6.527709960937500000e+01,2.312499999999984013e-02,1.533999999999999986e+01,2.023437499999936051e-02
2.796999999999999886e+02,6.529541015625000000e+01,3.812499999999996447e-02,1.532000000000000028e+01,-4.375000000000106581e-02
2.798000000000000114e+02,6.494750976562500000e+01,3.062500000000012434e-02,1.555250000000000199e+01,-2.187500000000053291e-02
2.798999999999999773e+02,6.492919921875000000e+01,8.062499999999994671e-02,1.535750000000000171e+01,-1.312500000000049738e-02
2.800000000000000000e+02,6.516723632812500000e+01,7.812500000000000000e-02,1.525750000000000028e+01,-3.718750000000081712e-02
2.801000000000000227e+02,6.469116210937500000e+01,4.812499999999975131e-02,1.554749999999999943e+01,-5.468750000000088818e-02
2.801999999999999886e+02,6.461791992187500000e+01,2.062499999999989342e-02,1.543750000000000000e+01,-8.203125000000532907e-03
2.803000000000000114e+02,6.448974609375000000e+01,4.062499999999991118e-02,1.541750000000000043e+01,3.117187499999918288e-02
2.803999999999999773e+02,6.441650390625000000e+01,2.562499999999978684e-02,1.546249999999999858e+01,-3.445312500000063949e-02
2.805000000000000000e+02,6.467285156250000000e+01,3.062500000000012434e-02,1.533000000000000185e+01,2.734374999999289457e-03
2.806000000000000227e+02,6.373901367187500000e+01,1.812499999999994671e-02,1.542999999999999972e+01,3.281249999999680256e-03
2.806999999999999886e+02,6.403198242187500000e+01,3.062500000000012434e-02,1.532250000000000156e+01,-4.867187500000103029e-02
2.808000000000000114e+02,6.388549804687500000e+01,3.562500000000001776e-02,1.551249999999999929e+01,-7.000000000000028422e-02
2.808999999999999773e+02,6.379394531250000000e+01,2.062499999999989342e-02,1.544000000000000128e+01,-5.742187500000106581e-02
2.810000000000000000e+02,6.381225585937500000e+01,1.062500000000010658e-02,1.535249999999999915e+01,-4.757812500000024869e-02
2.811000000000000227e+02,6.309814453125000000e+01,4.562499999999980460e-02,1.532250000000000156e+01,-4.812500000000063949e-02
2.811999999999999886e+02,6.351928710937500000e+01,2.312499999999984013e-02,1.535000000000000142e+01,-1.039062500000031974e-02
2.813000000000000114e+02,6.337280273437500000e+01,6.312499999999987566e-02,1.555750000000000099e+01,-3.390625000000024869e-02
2.813999999999999773e+02,6.329956054687500000e+01,3.562500000000001776e-02,1.526000000000000156e+01,-2.460937500000071054e-02
2.815000000000000000e+02,6.295166015625000000e+01,3.062500000000012434e-02,1.540249999999999986e+01,-5.195312500000071054e-02
2.816000000000000227e+02,6.249389648437500000e+01,4.062499999999991118e-02,1.537999999999999901e+01,-7.437500000000074607e-02
2.816999999999999886e+02,6.293334960937500000e+01,2.312499999999984013e-02,1.515249999999999986e+01,-8.476562500000106581e-02
2.818000000000000114e+02,6.280517578125000000e+01,4.312499999999985789e-02,1.535750000000000171e+01,-3.390625000000024869e-02
2.818999999999999773e+02,6.273193359375000000e+01,6.812499999999976907e-02,1.544750000000000156e+01,1.640624999999928946e-02
2.820000000000000000e+02,6.293334960937500000e+01,2.562499999999978684e-02,1.537249999999999872e+01,-3.664062500000042633e-02
2.821000000000000227e+02,6.251220703125000000e+01,5.062500000000014211e-02,1.545749999999999957e+01,-1.312500000000049738e-02
2.821999999999999886e+02,6.289672851562500000e+01,3.305000000000000160e+00,1.540749999999999886e+01,1.706468750000000156e+01
2.823000000000000114e+02,6.276855468750000000e+01,2.932500000000000107e+00,1.536250000000000071e+01,1.553289062500000028e+01
2.823999999999999773e+02,6.273193359375000000e+01,2.959999999999999964e+00,1.548250000000000171e+01,1.547656250000000000e+01
2.825000000000000000e+02,6.291503906250000000e+01,3.009999999999999787e+00,1.548000000000000043e+01,1.551757812500000000e+01
2.826000000000000227e+02,6.253051757812500000e+01,2.967499999999999805e+00,1.528999999999999915e+01,1.547109375000000142e+01
2.826999999999999886e+02,6.287841796875000000e+01,3.009999999999999787e+00,1.523000000000000043e+01,1.552250000000000085e+01
2.828000000000000114e+02,6.346435546875000000e+01,3.004999999999999893e+00,1.539250000000000185e+01,1.548257812500000163e+01
2.828999999999999773e+02,6.357421875000000000e+01,2.990000000000000213e+00,1.526750000000000185e+01,1.547601562500000050e+01
2.830000000000000000e+02,6.373901367187500000e+01,3.057500000000000107e+00,1.538250000000000028e+01,1.553617187500000085e+01
2.831000000000000227e+02,6.326293945312500000e+01,3.024999999999999911e+00,1.552250000000000085e+01,1.549570312500000036e+01
2.831999999999999886e+02,6.487426757812500000e+01,3.000000000000000000e+00,1.543250000000000099e+01,1.552359375000000163e+01
2.833000000000000114e+02,6.586303710937500000e+01,3.044999999999999929e+00,1.548250000000000171e+01,1.552796875000000121e+01
2.833999999999999773e+02,6.582641601562500000e+01,3.027499999999999858e+00,1.527499999999999858e+01,1.553070312500000050e+01
2.835000000000000000e+02,6.602783203125000000e+01,3.064999999999999947e+00,1.544999999999999929e+01,1.551757812500000000e+01
2.836000000000000227e+02,6.557006835937500000e+01,3.072499999999999787e+00,1.528750000000000142e+01,1.556570312500000064e+01
2.836999999999999886e+02,6.952514648437500000e+01,3.077500000000000124e+00,1.549249999999999972e+01,1.550773437500000007e+01
2.838000000000000114e+02,6.958007812500000000e+01,3.060000000000000053e+00,1.533999999999999986e+01,1.549351562500000057e+01
2.838999999999999773e+02,6.954345703125000000e+01,3.064999999999999947e+00,1.543250000000000099e+01,1.546781250000000085e+01
2.840000000000000000e+02,6.976318359375000000e+01,3.089999999999999858e+00,1.557000000000000028e+01,1.549023437500000000e+01
2.841000000000000227e+02,7.293090820312500000e+01,3.102500000000000036e+00,1.552250000000000085e+01,1.551703125000000050e+01
2.841999999999999886e+02,7.443237304687500000e+01,3.082500000000000018e+00,1.547250000000000014e+01,1.549460937500000135e+01
2.843000000000000114e+02,7.423095703125000000e+01,3.084999999999999964e+00,1.554749999999999943e+01,1.553562500000000135e+01
2.843999999999999773e+02,7.424926757812500000e+01,3.125000000000000000e+00,1.532250000000000156e+01,1.550992187500000163e+01
2.845000000000000000e+02,7.549438476562500000e+01,3.112499999999999822e+00,1.525250000000000128e+01,1.548257812500000163e+01
2.846000000000000227e+02,7.811279296875000000e+01,3.174999999999999822e+00,1.518750000000000000e+01,1.550937500000000036e+01
2.846999999999999886e+02,7.877197265625000000e+01,3.147499999999999964e+00,1.533500000000000085e+01,1.547054687500000014e+01
2.848000000000000114e+02,7.853393554687500000e+01,3.152499999999999858e+00,1.547250000000000014e+01,1.548367187500000064e+01
2.848999999999999773e+02,7.858886718750000000e+01,3.137500000000000178e+00,1.527250000000000085e+01,1.547601562500000050e+01
2.850000000000000000e+02,8.201293945312500000e+01,3.147499999999999964e+00,1.557000000000000028e+01,1.548531250000000092e+01
2.851000000000000227e+02,8.186645507812500000e+01,3.147499999999999964e+00,1.512999999999999901e+01,1.553070312500000050e+01
2.851999999999999886e+02,8.239746093750000000e+01,3.185000000000000053e+00,1.561250000000000071e+01,1.547929687500000107e+01
2.853000000000000114e+02,8.214111328125000000e+01,3.165000000000000036e+00,1.547749999999999915e+01,1.552031250000000107e+01
2.853999999999999773e+02,8.424682617187500000e+01,3.174999999999999822e+00,1.540749999999999886e+01,1.550882812500000085e+01
2.855000000000000000e+02,8.552856445312500000e+01,3.194999999999999840e+00,1.523499999999999943e+01,1.548312500000000114e+01
2.856000000000000227e+02,8.508911132812500000e+01,3.182500000000000107e+00,1.547250000000000014e+01,1.549296875000000107e+01
2.856999999999999886e+02,8.558349609375000000e+01,3.202500000000000124e+00,1.526500000000000057e+01,1.551320312500000043e+01
2.858000000000000114e+02,8.547363281250000000e+01,3.217499999999999805e+00,1.556250000000000000e+01,1.549625000000000163e+01
2.858999999999999773e+02,8.794555664062500000e+01,3.200000000000000178e+00,1.535249999999999915e+01,1.549789062500000014e+01
2.860000000000000000e+02,8.829345703125000000e+01,3.200000000000000178e+00,1.538250000000000028e+01,1.551976562500000156e+01
2.861000000000000227e+02,8.774414062500000000e+01,3.207500000000000018e+00,1.554250000000000043e+01,1.551484375000000071e+01
2.861999999999999886e+02,8.829345703125000000e+01,3.250000000000000000e+00,1.539250000000000185e+01,1.549296875000000107e+01
2.863000000000000114e+02,9.017944335937500000e+01,3.194999999999999840e+00,1.521000000000000085e+01,1.551593750000000149e+01
2.863999999999999773e+02,9.065551757812500000e+01,3.212499999999999911e+00,1.533000000000000185e+01,1.554601562500000078e+01
2.865000000000000000e+02,9.089355468750000000e+01,3.234999999999999876e+00,1.540249999999999986e+01,1.555093750000000163e+01
2.866000000000000227e+02,9.036254882812500000e+01,3.252499999999999947e+00,1.554250000000000043e+01,1.549187500000000028e+01
2.866999999999999886e+02,9.202880859375000000e+01,3.252499999999999947e+00,1.530000000000000071e+01,1.549679687500000114e+01
2.868000000000000114e+02,9.285278320312500000e+01,3.259999999999999787e+00,1.545749999999999957e+01,1.551320312500000043e+01
2.868999999999999773e+02,9.301757812500000000e+01,3.205000000000000071e+00,1.519000000000000128e+01,1.553234375000000078e+01
2.870000000000000000e+02,9.320068359375000000e+01,3.234999999999999876e+00,1.542249999999999943e+01,1.550390625000000000e+01
2.871000000000000227e+02,9.270629882812500000e+01,3.237499999999999822e+00,1.535750000000000171e+01,1.548914062500000099e+01
2.871999999999999886e+02,9.528808593750000000e+01,3.270000000000000018e+00,1.535999999999999943e+01,1.548585937500000043e+01
2.873000000000000114e+02,9.506835937500000000e+01,3.282500000000000195e+00,1.530999999999999872e+01,1.551703125000000050e+01
2.873999999999999773e+02,9.523315429687500000e+01,3.305000000000000160e+00,1.550000000000000000e+01,1.549296875000000107e+01
2.875000000000000000e+02,9.539794921875000000e+01,3.299999999999999822e+00,1.536749999999999972e+01,1.548750000000000071e+01
2.876000000000000227e+02,9.651489257812500000e+01,3.277499999999999858e+00,1.546249999999999858e+01,1.553398437500000107e+01
2.876999999999999886e+02,9.750366210937500000e+01,3.277499999999999858e+00,1.548000000000000043e+01,1.549023437500000000e+01
2.878000000000000114e+02,9.715576171875000000e+01,3.280000000000000249e+00,1.543250000000000099e+01,1.551593750000000149e+01
2.878999999999999773e+02,9.733886718750000000e+01,3.314999999999999947e+00,1.529500000000000171e+01,1.551539062500000021e+01
2.880000000000000000e+02,9.799804687500000000e+01,3.310000000000000053e+00,1.548750000000000071e+01,1.550664062500000107e+01
2.881000000000000227e+02,9.891357421875000000e+01,3.354999999999999982e+00,1.532499999999999929e+01,1.546289062500000000e+01
2.881999999999999886e+02,9.955444335937500000e+01,3.322499999999999787e+00,1.542249999999999943e+01,1.550554687500000028e+01
2.883000000000000114e+02,9.916992187500000000e+01,3.319999999999999840e+00,1.528500000000000014e+01,1.547929687500000107e+01
2.883999999999999773e+02,9.935302734375000000e+01,3.325000000000000178e+00,1.538749999999999929e+01,1.550226562500000149e+01
2.885000000000000000e+02,1.012390136718750000e+02,3.352500000000000036e+00,1.532499999999999929e+01,1.547328125000000121e+01
2.886000000000000227e+02,1.008911132812500000e+02,3.379999999999999893e+00,1.547250000000000014e+01,1.543882812500000057e+01
2.886999999999999886e+02,1.014953613281250000e+02,3.330000000000000071e+00,1.543250000000000099e+01,1.552960937500000149e+01
2.888000000000000114e+02,1.010559082031250000e+02,3.370000000000000107e+00,1.525000000000000000e+01,1.546781250000000085e+01
2.888999999999999773e+02,1.024658203125000000e+02,3.367500000000000160e+00,1.544750000000000156e+01,1.552140625000000007e+01
2.890000000000000000e+02,1.032714843750000000e+02,3.379999999999999893e+00,1.554250000000000043e+01,1.555148437500000114e+01
2.891000000000000227e+02,1.027587890625000000e+02,3.372500000000000053e+00,1.532250000000000156e+01,1.546125000000000149e+01
2.891999999999999886e+02,1.033447265625000000e+02,3.377499999999999947e+00,1.527499999999999858e+01,1.547984375000000057e+01
2.893000000000000114e+02,1.030700683593750000e+02,3.419999999999999929e+00,1.531749999999999901e+01,1.550828125000000135e+01
2.893999999999999773e+02,1.049011230468750000e+02,3.382499999999999840e+00,1.523750000000000071e+01,1.551921875000000028e+01
2.895000000000000000e+02,1.051025390625000000e+02,3.377499999999999947e+00,1.538749999999999929e+01,1.553781250000000114e+01
2.896000000000000227e+02,1.046081542968750000e+02,3.392500000000000071e+00,1.532250000000000156e+01,1.549515625000000085e+01
2.896999999999999886e+02,1.051757812500000000e+02,3.415000000000000036e+00,1.533000000000000185e+01,1.551484375000000071e+01
2.898000000000000114e+02,1.061645507812500000e+02,3.395000000000000018e+00,1.545749999999999957e+01,1.552085937500000057e+01
2.898999999999999773e+02,1.066955566406250000e+02,3.395000000000000018e+00,1.547500000000000142e+01,1.545851562500000043e+01
2.900000000000000000e+02,1.067871093750000000e+02,3.417499999999999982e+00,1.533000000000000185e+01,1.546945312500000114e+01
2.901000000000000227e+02,1.062927246093750000e+02,3.427500000000000213e+00,1.554250000000000043e+01,1.548257812500000163e+01
2.901999999999999886e+02,1.077575683593750000e+02,3.450000000000000178e+00,1.540749999999999886e+01,1.548257812500000163e+01
2.903000000000000114e+02,1.081237792968750000e+02,3.459999999999999964e+00,1.544000000000000128e+01,1.550664062500000107e+01
2.903999999999999773e+02,1.083801269531250000e+02,3.447499999999999787e+00,1.548250000000000171e+01,1.547054687500000014e+01
2.905000000000000000e+02,1.085449218750000000e+02,3.459999999999999964e+00,1.535000000000000142e+01,1.553234375000000078e+01
2.906000000000000227e+02,1.080139160156250000e+02,3.442499999999999893e+00,1.519750000000000156e+01,1.554929687500000135e+01
2.906999999999999886e+02,1.101928710937500000e+02,3.484999999999999876e+00,1.527749999999999986e+01,1.549570312500000036e+01
2.908000000000000114e+02,1.098083496093750000e+02,3.490000000000000213e+00,1.541250000000000142e+01,1.552414062500000114e+01
2.908999999999999773e+02,1.100830078125000000e+02,3.459999999999999964e+00,1.529749999999999943e+01,1.548804687500000021e+01
2.910000000000000000e+02,1.102111816406250000e+02,3.459999999999999964e+00,1.535999999999999943e+01,1.549132812500000078e+01
2.911000000000000227e+02,1.110534667968750000e+02,3.484999999999999876e+00,1.533249999999999957e+01,1.551156250000000014e+01
2.911999999999999886e+02,1.120056152343750000e+02,3.459999999999999964e+00,1.553249999999999886e+01,1.556679687500000142e+01
2.913000000000000114e+02,1.115295410156250000e+02,3.484999999999999876e+00,1.521249999999999858e+01,1.548312500000000114e+01
2.913999999999999773e+02,1.118041992187500000e+02,3.459999999999999964e+00,1.541000000000000014e+01,1.553070312500000050e+01
2.915000000000000000e+02,1.122802734375000000e+02,3.502499999999999947e+00,1.535249999999999915e+01,1.547765625000000078e+01
2.916000000000000227e+02,1.129211425781250000e+02,3.487499999999999822e+00,1.546249999999999858e+01,1.552632812500000092e+01
2.916999999999999886e+02,1.136169433593750000e+02,3.515000000000000124e+00,1.551000000000000156e+01,1.551156250000000014e+01
2.918000000000000114e+02,1.131225585937500000e+02,3.482499999999999929e+00,1.537000000000000099e+01,1.548148437500000085e+01
2.918999999999999773e+02,1.133972167968750000e+02,3.512500000000000178e+00,1.521750000000000114e+01,1.550500000000000078e+01
2.920000000000000000e+02,1.150451660156250000e+02,3.522499999999999964e+00,1.536250000000000071e+01,1.546015625000000071e+01
2.921000000000000227e+02,1.147338867187500000e+02,3.509999999999999787e+00,1.548250000000000171e+01,1.549679687500000114e+01
2.921999999999999886e+02,1.153381347656250000e+02,3.567499999999999893e+00,1.533000000000000185e+01,1.550937500000000036e+01
2.923000000000000114e+02,1.148254394531250000e+02,3.549999999999999822e+00,1.535249999999999915e+01,1.550117187500000071e+01
2.923999999999999773e+02,1.161987304687500000e+02,3.557500000000000107e+00,1.537000000000000099e+01,1.552359375000000163e+01
2.925000000000000000e+02,1.168029785156250000e+02,3.567499999999999893e+00,1.527749999999999986e+01,1.548093750000000135e+01
2.926000000000000227e+02,1.163085937500000000e+02,3.532499999999999751e+00,1.525750000000000028e+01,1.552250000000000085e+01
2.926999999999999886e+02,1.169128417968750000e+02,3.575000000000000178e+00,1.540249999999999986e+01,1.556625000000000014e+01
2.928000000000000114e+02,1.164550781250000000e+02,3.562500000000000000e+00,1.533249999999999957e+01,1.549953125000000043e+01
2.928999999999999773e+02,1.183044433593750000e+02,3.570000000000000284e+00,1.545749999999999957e+01,1.552523437500000014e+01
2.930000000000000000e+02,1.184143066406250000e+02,3.587499999999999911e+00,1.525250000000000128e+01,1.550882812500000085e+01
2.931000000000000227e+02,1.179016113281250000e+02,3.584999999999999964e+00,1.556250000000000000e+01,1.552085937500000057e+01
2.931999999999999886e+02,1.185424804687500000e+02,3.582500000000000018e+00,1.538500000000000156e+01,1.551812500000000128e+01
2.933000000000000114e+02,1.193664550781250000e+02,3.615000000000000213e+00,1.537999999999999901e+01,1.550992187500000163e+01
2.933999999999999773e+02,1.198791503906250000e+02,3.632500000000000284e+00,1.530999999999999872e+01,1.551374999999999993e+01
2.935000000000000000e+02,1.200256347656250000e+02,3.607499999999999929e+00,1.542000000000000171e+01,1.555148437500000114e+01
2.936000000000000227e+02,1.195312500000000000e+02,3.612499999999999822e+00,1.550250000000000128e+01,1.552851562500000071e+01
2.936999999999999886e+02,1.210327148437500000e+02,3.622500000000000053e+00,1.532250000000000156e+01,1.545742187500000142e+01
2.938000000000000114e+02,1.211791992187500000e+02,3.612499999999999822e+00,1.546750000000000114e+01,1.549898437500000092e+01
2.938999999999999773e+02,1.215637207031250000e+02,3.612499999999999822e+00,1.517249999999999943e+01,1.549679687500000114e+01
2.940000000000000000e+02,1.216369628906250000e+02,3.625000000000000000e+00,1.524749999999999872e+01,1.554000000000000092e+01
2.941000000000000227e+02,1.211242675781250000e+02,3.649999999999999911e+00,1.526249999999999929e+01,1.547000000000000064e+01
2.941999999999999886e+02,1.232849121093750000e+02,3.652499999999999858e+00,1.534750000000000014e+01,1.553179687500000128e+01
2.943000000000000114e+02,1.228088378906250000e+02,3.655000000000000249e+00,1.546000000000000085e+01,1.553507812500000007e+01
2.943999999999999773e+02,1.231933593750000000e+02,3.634999999999999787e+00,1.529500000000000171e+01,1.556570312500000064e+01
2.945000000000000000e+02,1.232299804687500000e+02,3.647499999999999964e+00,1.512000000000000099e+01,1.546125000000000149e+01
2.946000000000000227e+02,1.240356445312500000e+02,3.695000000000000284e+00,1.558749999999999858e+01,1.557445312500000156e+01
2.946999999999999886e+02,1.249694824218750000e+02,3.667499999999999982e+00,1.535750000000000171e+01,1.550062500000000121e+01
2.948000000000000114e+02,1.244018554687500000e+02,3.689999999999999947e+00,1.535000000000000142e+01,1.559742187500000021e+01
2.948999999999999773e+02,1.247314453125000000e+02,3.692499999999999893e+00,1.524500000000000099e+01,1.544539062499999993e+01
2.950000000000000000e+02,1.254455566406250000e+02,3.705000000000000071e+00,1.539000000000000057e+01,1.549242187500000156e+01
2.951000000000000227e+02,1.258850097656250000e+02,3.705000000000000071e+00,1.567750000000000199e+01,1.551648437500000099e+01
2.951999999999999886e+02,1.265808105468750000e+02,3.719999999999999751e+00,1.510249999999999915e+01,1.546945312500000114e+01
2.953000000000000114e+02,1.259948730468750000e+02,3.712499999999999911e+00,1.557000000000000028e+01,1.549296875000000107e+01
2.953999999999999773e+02,1.263061523437500000e+02,3.682500000000000107e+00,1.549249999999999972e+01,1.544320312500000014e+01
2.955000000000000000e+02,1.278991699218750000e+02,3.717500000000000249e+00,1.544249999999999901e+01,1.548750000000000071e+01
2.956000000000000227e+02,1.275329589843750000e+02,3.712499999999999911e+00,1.538250000000000028e+01,1.554546875000000128e+01
2.956999999999999886e+02,1.281555175781250000e+02,3.740000000000000213e+00,1.524249999999999972e+01,1.552578125000000142e+01
2.958000000000000114e+02,1.275878906250000000e+02,3.767500000000000071e+00,1.528000000000000114e+01,1.551812500000000128e+01
2.958999999999999773e+02,1.291992187500000000e+02,3.805000000000000160e+00,1.523250000000000171e+01,1.556515625000000114e+01
2.960000000000000000e+02,1.296386718750000000e+02,3.782499999999999751e+00,1.533000000000000185e+01,1.553343750000000156e+01
2.961000000000000227e+02,1.291442871093750000e+02,3.785000000000000142e+00,1.545500000000000185e+01,1.548859375000000149e+01
2.961999999999999886e+02,1.297485351562500000e+02,3.802500000000000213e+00,1.538749999999999929e+01,1.552742187499999993e+01
2.963000000000000114e+02,1.295104980468750000e+02,3.777499999999999858e+00,1.528750000000000142e+01,1.555093750000000163e+01
2.963999999999999773e+02,1.311950683593750000e+02,3.830000000000000071e+00,1.518499999999999872e+01,1.550718750000000057e+01
2.965000000000000000e+02,1.313232421875000000e+02,3.822499999999999787e+00,1.548250000000000171e+01,1.549023437500000000e+01
2.966000000000000227e+02,1.308654785156250000e+02,3.792499999999999982e+00,1.545250000000000057e+01,1.551921875000000028e+01
2.966999999999999886e+02,1.314880371093750000e+02,3.857499999999999929e+00,1.521249999999999858e+01,1.548750000000000071e+01
2.968000000000000114e+02,1.323120117187500000e+02,3.862499999999999822e+00,1.539250000000000185e+01,1.555093750000000163e+01
2.968999999999999773e+02,1.329162597656250000e+02,3.820000000000000284e+00,1.530000000000000071e+01,1.553835937500000064e+01
2.970000000000000000e+02,1.328979492187500000e+02,3.862499999999999822e+00,1.528750000000000142e+01,1.548585937500000043e+01
2.971000000000000227e+02,1.324218750000000000e+02,3.865000000000000213e+00,1.530499999999999972e+01,1.553945312500000142e+01
2.971999999999999886e+02,1.331909179687500000e+02,3.839999999999999858e+00,1.542000000000000171e+01,1.547546875000000099e+01
2.973000000000000114e+02,1.326599121093750000e+02,3.890000000000000124e+00,1.553249999999999886e+01,1.549679687500000114e+01
2.973999999999999773e+02,1.330810546875000000e+02,3.124999999999822364e-03,1.538250000000000028e+01,-4.812500000000063949e-02
2.975000000000000000e+02,1.331359863281250000e+02,3.562500000000001776e-02,1.513250000000000028e+01,-2.078125000000063949e-02
2.976000000000000227e+02,1.326232910156250000e+02,2.812499999999973355e-02,1.546249999999999858e+01,2.351562499999904077e-02
2.976999999999999886e+02,1.333190917968750000e+02,6.062499999999992895e-02,1.548000000000000043e+01,-1.006250000000008527e-01
2.978000000000000114e+02,1.326416015625000000e+02,4.812499999999975131e-02,1.536749999999999972e+01,1.749999999999918288e-02
2.978999999999999773e+02,1.330993652343750000e+02,3.812499999999996447e-02,1.541499999999999915e+01,-3.882812500000110134e-02
2.980000000000000000e+02,1.330993652343750000e+02,6.062499999999992895e-02,1.546750000000000114e+01,-4.265625000000028422e-02
2.981000000000000227e+02,1.326782226562500000e+02,4.062499999999991118e-02,1.537999999999999901e+01,-1.476562500000078160e-02
2.981999999999999886e+02,1.332824707031250000e+02,2.312499999999984013e-02,1.532250000000000156e+01,-3.445312500000063949e-02
2.983000000000000114e+02,1.326782226562500000e+02,5.312500000000008882e-02,1.535000000000000142e+01,-3.609375000000092371e-02
2.983999999999999773e+02,1.330993652343750000e+02,3.562500000000001776e-02,1.565749999999999886e+01,-7.000000000000028422e-02
2.985000000000000000e+02,1.321472167968750000e+02,1.312500000000005329e-02,1.551999999999999957e+01,-4.429687500000056843e-02
2.986000000000000227e+02,1.308837890625000000e+02,6.312499999999987566e-02,1.544500000000000028e+01,1.968749999999896971e-02
2.986999999999999886e+02,1.314697265625000000e+02,3.562500000000001776e-02,1.516750000000000043e+01,-1.203125000000060396e-02
2.988000000000000114e+02,1.308654785156250000e+02,4.062499999999991118e-02,1.557250000000000156e+01,1.804687499999957367e-02
2.988999999999999773e+02,1.312683105468750000e+02,5.312500000000008882e-02,1.533249999999999957e+01,-8.640625000000046185e-02
2.990000000000000000e+02,1.280822753906250000e+02,2.562499999999978684e-02,1.533000000000000185e+01,4.921874999999076294e-03
2.991000000000000227e+02,1.273864746093750000e+02,3.062500000000012434e-02,1.533000000000000185e+01,-4.375000000000106581e-02
2.991999999999999886e+02,1.279907226562500000e+02,6.062499999999992895e-02,1.527250000000000085e+01,-3.062500000000056843e-02
2.993000000000000114e+02,1.274047851562500000e+02,4.812499999999975131e-02,1.530499999999999972e+01,-1.585937500000067502e-02
2.993999999999999773e+02,1.239624023437500000e+02,6.062499999999992895e-02,1.542999999999999972e+01,-2.406250000000031974e-02
2.995000000000000000e+02,1.231018066406250000e+02,4.312499999999985789e-02,1.562249999999999872e+01,-5.140625000000031974e-02
2.996000000000000227e+02,1.225708007812500000e+02,1.562500000000000000e-02,1.526249999999999929e+01,-4.429687500000056843e-02
2.996999999999999886e+02,1.231750488281250000e+02,1.562500000000000000e-02,1.548750000000000071e+01,-3.828125000000959233e-03
2.998000000000000114e+02,1.208312988281250000e+02,1.562500000000000000e-02,1.539250000000000185e+01,-2.789062500000039080e-02
2.998999999999999773e+02,1.184509277343750000e+02,-8.125000000000159872e-03,1.581749999999999901e+01,8.203124999999644729e-03
3.000000000000000000e+02,1.184692382812500000e+02,3.312500000000007105e-02,1.544249999999999901e+01,-4.156250000000039080e-02
3.001000000000000227e+02,1.179199218750000000e+02,8.124999999999715783e-03,1.528000000000000114e+01,-1.804687500000046185e-02
3.001999999999999886e+02,1.185424804687500000e+02,2.312499999999984013e-02,1.549249999999999972e+01,-7.164062500000056843e-02
3.003000000000000114e+02,1.146423339843750000e+02,3.312500000000007105e-02,1.544249999999999901e+01,9.296874999999538147e-03
3.003999999999999773e+02,1.146423339843750000e+02,2.312499999999984013e-02,1.524249999999999972e+01,3.718749999999904077e-02
3.005000000000000000e+02,1.147705078125000000e+02,5.312500000000008882e-02,1.523750000000000071e+01,-2.406250000000031974e-02
3.006000000000000227e+02,1.142028808593750000e+02,5.562500000000003553e-02,1.561250000000000071e+01,-3.390625000000024869e-02
3.006999999999999886e+02,1.127014160156250000e+02,9.187499999999992895e-02,1.559750000000000014e+01,-4.046875000000049738e-02
3.008000000000000114e+02,1.113647460937500000e+02,1.812499999999994671e-02,1.544249999999999901e+01,-7.000000000000028422e-02
3.008999999999999773e+02,1.116210937500000000e+02,4.312499999999985789e-02,1.558999999999999986e+01,-5.742187500000106581e-02
3.010000000000000000e+02,1.117126464843750000e+02,3.562500000000001776e-02,1.554749999999999943e+01,-3.554687500000053291e-02
3.011000000000000227e+02,1.109252929687500000e+02,7.312500000000010658e-02,1.517249999999999943e+01,2.078124999999975131e-02
3.011999999999999886e+02,1.092224121093750000e+02,3.812499999999996447e-02,1.552250000000000085e+01,-7.109375000000639488e-03
3.013000000000000114e+02,1.086364746093750000e+02,4.062499999999991118e-02,1.545250000000000057e+01,-1.804687500000046185e-02
3.013999999999999773e+02,1.089294433593750000e+02,3.312500000000007105e-02,1.562999999999999901e+01,-2.843750000000078160e-02
3.015000000000000000e+02,1.090393066406250000e+02,4.062499999999991118e-02,1.523750000000000071e+01,-2.242187500000092371e-02
3.016000000000000227e+02,1.065307617187500000e+02,4.562499999999980460e-02,1.567000000000000171e+01,-7.601562500000103029e-02
3.016999999999999886e+02,1.068237304687500000e+02,3.312500000000007105e-02,1.539000000000000057e+01,-4.593750000000085265e-02
3.018000000000000114e+02,1.063476562500000000e+02,3.312500000000007105e-02,1.536250000000000071e+01,-5.851562500000095923e-02
3.018999999999999773e+02,1.066040039062500000e+02,3.562500000000001776e-02,1.544999999999999929e+01,-4.867187500000103029e-02
3.020000000000000000e+02,1.055419921875000000e+02,6.249999999998756550e-04,1.558249999999999957e+01,5.468749999995026201e-04
3.021000000000000227e+02,1.041137695312500000e+02,2.812499999999973355e-02,1.542000000000000171e+01,-5.359375000000099476e-02
3.021999999999999886e+02,1.046997070312500000e+02,5.062500000000014211e-02,1.533999999999999986e+01,-2.953125000000067502e-02
3.023000000000000114e+02,1.042419433593750000e+02,5.312500000000008882e-02,1.542750000000000199e+01,-7.109375000000106581e-02
3.023999999999999773e+02,1.044982910156250000e+02,4.062499999999991118e-02,1.535500000000000043e+01,-7.929687500000071054e-02
3.025000000000000000e+02,1.029235839843750000e+02,4.062499999999991118e-02,1.534250000000000114e+01,-4.703125000000074607e-02
3.026000000000000227e+02,1.023193359375000000e+02,2.812499999999973355e-02,1.530499999999999972e+01,-2.898437500000028422e-02
3.026999999999999886e+02,1.029052734375000000e+02,2.812499999999973355e-02,1.548250000000000171e+01,-1.859375000000085265e-02
3.028000000000000114e+02,1.024658203125000000e+02,3.812499999999996447e-02,1.554250000000000043e+01,-1.039062500000031974e-02
3.028999999999999773e+02,1.013488769531250000e+02,4.562499999999980460e-02,1.539000000000000057e+01,-5.414062500000049738e-02
3.030000000000000000e+02,1.011108398437500000e+02,1.062500000000010658e-02,1.541250000000000142e+01,5.140624999999943157e-02
3.031000000000000227e+02,1.006347656250000000e+02,3.312500000000007105e-02,1.505000000000000071e+01,-4.156250000000039080e-02
3.031999999999999886e+02,1.012023925781250000e+02,5.812499999999998224e-02,1.526750000000000185e+01,1.476562499999900524e-02
3.033000000000000114e+02,1.003051757812500000e+02,3.562500000000001776e-02,1.537999999999999901e+01,-5.632812500000028422e-02
3.033999999999999773e+02,9.942626953125000000e+01,6.812499999999976907e-02,1.541250000000000142e+01,6.562499999999360512e-03
3.035000000000000000e+02,9.953613281250000000e+01,3.312500000000007105e-02,1.512000000000000099e+01,-6.125000000000024869e-02
3.036000000000000227e+02,9.902343750000000000e+01,4.562499999999980460e-02,1.532499999999999929e+01,-9.296875000000426326e-03
3.036999999999999886e+02,9.955444335937500000e+01,5.812499999999998224e-02,1.529749999999999943e+01,3.609374999999914735e-02
3.038000000000000114e+02,9.786987304687500000e+01,5.312500000000008882e-02,1.546249999999999858e+01,-4.593750000000085265e-02
3.038999999999999773e+02,9.786987304687500000e+01,2.062499999999989342e-02,1.505750000000000099e+01,-5.195312500000071054e-02
3.040000000000000000e+02,9.805297851562500000e+01,1.312500000000005329e-02,1.532250000000000156e+01,-1.804687500000046185e-02
3.041000000000000227e+02,9.750366210937500000e+01,2.562499999999978684e-02,1.535999999999999943e+01,-6.015625000000746070e-03
3.041999999999999886e+02,9.713745117187500000e+01,3.562500000000001776e-02,1.525499999999999901e+01,-8.203125000000532907e-03
3.043000000000000114e+02,9.627685546875000000e+01,2.062499999999989342e-02,1.539750000000000085e+01,-1.257812500000099476e-02
3.043999999999999773e+02,9.649658203125000000e+01,2.812499999999973355e-02,1.519500000000000028e+01,-1.312500000000049738e-02
3.045000000000000000e+02,9.658813476562500000e+01,1.062500000000010658e-02,1.517999999999999972e+01,-4.375000000000461853e-03
3.046000000000000227e+02,9.607543945312500000e+01,2.312499999999984013e-02,1.533249999999999957e+01,-7.000000000000028422e-02
3.046999999999999886e+02,9.545288085937500000e+01,5.624999999999769074e-03,1.547250000000000014e+01,5.468749999995026201e-04
3.048000000000000114e+02,9.499511718750000000e+01,-1.875000000000071054e-03,1.539000000000000057e+01,1.531249999999939604e-02
3.048999999999999773e+02,9.517822265625000000e+01,3.062500000000012434e-02,1.535249999999999915e+01,-1.695312500000056843e-02
3.050000000000000000e+02,9.532470703125000000e+01,6.562499999999982236e-02,1.520749999999999957e+01,-3.609375000000092371e-02
3.051000000000000227e+02,9.373168945312500000e+01,1.312500000000005329e-02,1.528750000000000142e+01,-3.171875000000046185e-02
3.051999999999999886e+02,9.409790039062500000e+01,5.062500000000014211e-02,1.549749999999999872e+01,-2.734375000001065814e-03
3.053000000000000114e+02,9.362182617187500000e+01,5.624999999999769074e-03,1.542999999999999972e+01,-5.960937500000085265e-02
3.053999999999999773e+02,9.382324218750000000e+01,1.812499999999994671e-02,1.544000000000000128e+01,-5.960937500000085265e-02
3.055000000000000000e+02,9.343872070312500000e+01,3.124999999999822364e-03,1.523000000000000043e+01,-2.898437500000028422e-02
3.056000000000000227e+02,9.234008789062500000e+01,-1.875000000000071054e-03,1.547250000000000014e+01,-4.375000000000106581e-02
3.056999999999999886e+02,9.285278320312500000e+01,4.562499999999980460e-02,1.546999999999999886e+01,-1.148437500000110134e-02
3.058000000000000114e+02,9.244995117187500000e+01,5.812499999999998224e-02,1.515500000000000114e+01,-2.843750000000078160e-02
3.058999999999999773e+02,9.266967773437500000e+01,5.062500000000014211e-02,1.522749999999999915e+01,-4.210937500000078160e-02
3.060000000000000000e+02,9.171752929687500000e+01,1.562500000000000000e-02,1.541250000000000142e+01,-1.859375000000085265e-02
3.061000000000000227e+02,9.111328125000000000e+01,2.812499999999973355e-02,1.534250000000000114e+01,-4.539062500000046185e-02
3.061999999999999886e+02,9.162597656250000000e+01,7.062500000000015987e-02,1.524249999999999972e+01,-4.265625000000028422e-02
3.063000000000000114e+02,9.125976562500000000e+01,-2.437500000000003553e-02,1.512999999999999901e+01,-4.101562500000088818e-02
3.063999999999999773e+02,9.065551757812500000e+01,3.062500000000012434e-02,1.562249999999999872e+01,7.109374999999751310e-03
3.065000000000000000e+02,9.049072265625000000e+01,3.312500000000007105e-02,1.532000000000000028e+01,-2.351562500000081712e-02
3.066000000000000227e+02,9.003295898437500000e+01,1.562500000000000000e-02,1.542249999999999943e+01,-1.914062500000035527e-02
3.066999999999999886e+02,9.054565429687500000e+01,8.124999999999715783e-03,1.517750000000000199e+01,-1.859375000000085265e-02
3.068000000000000114e+02,8.992309570312500000e+01,6.812499999999976907e-02,1.542249999999999943e+01,-2.734375000001065814e-03
3.068999999999999773e+02,8.919067382812500000e+01,5.562500000000003553e-02,1.533999999999999986e+01,-4.648437500000035527e-02
3.070000000000000000e+02,8.930053710937500000e+01,5.624999999999769074e-03,1.549749999999999872e+01,-2.242187500000092371e-02
3.071000000000000227e+02,8.880615234375000000e+01,2.562499999999978684e-02,1.523000000000000043e+01,-2.734375000001065814e-03
3.071999999999999886e+02,8.931884765625000000e+01,4.062499999999991118e-02,1.530750000000000099e+01,-3.609375000000092371e-02
3.073000000000000114e+02,8.800048828125000000e+01,-1.937500000000014211e-02,1.547250000000000014e+01,-4.867187500000103029e-02
3.073999999999999773e+02,8.803710937500000000e+01,1.812499999999994671e-02,1.533999999999999986e+01,-6.015625000000746070e-03
3.075000000000000000e+02,8.818359375000000000e+01,2.312499999999984013e-02,1.556250000000000000e+01,-2.789062500000039080e-02
3.076000000000000227e+02,8.772583007812500000e+01,3.562500000000001776e-02,1.526500000000000057e+01,-1.695312500000056843e-02
3.076999999999999886e+02,8.768920898437500000e+01,3.812499999999996447e-02,1.537999999999999901e+01,-3.664062500000042633e-02
3.078000000000000114e+02,8.692016601562500000e+01,7.562500000000005329e-02,1.535249999999999915e+01,-6.617187500000110134e-02
3.078999999999999773e+02,8.699340820312500000e+01,2.312499999999984013e-02,1.528500000000000014e+01,2.187499999998898659e-03
3.080000000000000000e+02,8.717651367187500000e+01,4.062499999999991118e-02,1.539750000000000085e+01,-1.476562500000078160e-02
3.081000000000000227e+02,8.671875000000000000e+01,4.562499999999980460e-02,1.539000000000000057e+01,-3.992187500000099476e-02
3.081999999999999886e+02,8.618774414062500000e+01,1.562500000000000000e-02,1.533249999999999957e+01,-3.828125000000959233e-03
3.083000000000000114e+02,8.580322265625000000e+01,6.812499999999976907e-02,1.544750000000000156e+01,-8.367187500000028422e-02
3.083999999999999773e+02,8.596801757812500000e+01,1.812499999999994671e-02,1.556250000000000000e+01,-1.093750000000781597e-03
3.085000000000000000e+02,8.607788085937500000e+01,4.062499999999991118e-02,1.515500000000000114e+01,-2.515625000000110134e-02
3.086000000000000227e+02,8.475952148437500000e+01,1.812499999999994671e-02,1.539250000000000185e+01,-8.367187500000028422e-02
3.086999999999999886e+02,8.507080078125000000e+01,5.062500000000014211e-02,1.549249999999999972e+01,-6.179687500000063949e-02
3.088000000000000114e+02,8.475952148437500000e+01,5.062500000000014211e-02,1.536250000000000071e+01,-3.335937500000074607e-02
3.088999999999999773e+02,8.490600585937500000e+01,1.812499999999994671e-02,1.547250000000000014e+01,-6.781250000000049738e-02
3.090000000000000000e+02,8.477783203125000000e+01,2.062499999999989342e-02,1.530000000000000071e+01,-7.601562500000103029e-02
3.091000000000000227e+02,8.360595703125000000e+01,2.812499999999973355e-02,1.544999999999999929e+01,-4.757812500000024869e-02
3.091999999999999886e+02,8.411865234375000000e+01,4.812499999999975131e-02,1.525750000000000028e+01,-2.898437500000028422e-02
3.093000000000000114e+02,8.380737304687500000e+01,3.312500000000007105e-02,1.519750000000000156e+01,-4.757812500000024869e-02
3.093999999999999773e+02,8.393554687500000000e+01,8.124999999999715783e-03,1.524000000000000199e+01,-9.953125000000095923e-02
3.095000000000000000e+02,8.327636718750000000e+01,5.062500000000014211e-02,1.528750000000000142e+01,-5.140625000000031974e-02
3.096000000000000227e+02,8.267211914062500000e+01,3.062500000000012434e-02,1.562249999999999872e+01,-4.429687500000056843e-02
3.096999999999999886e+02,8.318481445312500000e+01,4.812499999999975131e-02,1.558249999999999957e+01,-7.273437500000046185e-02
3.098000000000000114e+02,8.291015625000000000e+01,2.562499999999978684e-02,1.549249999999999972e+01,-1.750000000000095923e-02
3.098999999999999773e+02,8.237915039062500000e+01,4.562499999999980460e-02,1.542750000000000199e+01,-4.867187500000103029e-02
3.100000000000000000e+02,8.219604492187500000e+01,5.062500000000014211e-02,1.548250000000000171e+01,-5.468750000003907985e-04
3.101000000000000227e+02,8.164672851562500000e+01,5.812499999999998224e-02,1.532499999999999929e+01,-1.531250000000028422e-02
3.101999999999999886e+02,8.221435546875000000e+01,5.812499999999998224e-02,1.516250000000000142e+01,-4.703125000000074607e-02
3.103000000000000114e+02,8.186645507812500000e+01,1.812499999999994671e-02,1.524500000000000099e+01,-4.648437500000035527e-02
3.103999999999999773e+02,8.107910156250000000e+01,4.062499999999991118e-02,1.529749999999999943e+01,-4.593750000000085265e-02
3.105000000000000000e+02,8.117065429687500000e+01,8.124999999999715783e-03,1.563250000000000028e+01,1.312499999999960920e-02
3.106000000000000227e+02,8.065795898437500000e+01,4.312499999999985789e-02,1.539000000000000057e+01,-6.234375000000103029e-02
3.106999999999999886e+02,8.120727539062500000e+01,1.812499999999994671e-02,1.537249999999999872e+01,-8.421875000000067502e-02
3.108000000000000114e+02,8.016357421875000000e+01,2.812499999999973355e-02,1.521249999999999858e+01,-3.500000000000103029e-02
3.108999999999999773e+02,8.009033203125000000e+01,6.249999999998756550e-04,1.552250000000000085e+01,-4.375000000000106581e-02
3.110000000000000000e+02,8.034667968750000000e+01,4.562499999999980460e-02,1.532000000000000028e+01,-8.695312500000085265e-02
3.111000000000000227e+02,7.981567382812500000e+01,3.249999999999997335e-01,1.544500000000000028e+01,-8.203125000000532907e-03
3.111999999999999886e+02,7.992553710937500000e+01,2.062499999999989342e-02,1.557250000000000156e+01,2.132812499999925393e-02
3.113000000000000114e+02,7.915649414062500000e+01,1.812499999999994671e-02,1.540749999999999886e+01,-3.773437500000031974e-02
3.113999999999999773e+02,7.924804687500000000e+01,3.312500000000007105e-02,1.556749999999999901e+01,-6.125000000000024869e-02
3.115000000000000000e+02,7.937622070312500000e+01,4.812499999999975131e-02,1.519500000000000028e+01,-2.515625000000110134e-02
3.116000000000000227e+02,7.890014648437500000e+01,4.062499999999991118e-02,1.567000000000000171e+01,-4.320312500000067502e-02
3.116999999999999886e+02,7.869873046875000000e+01,-3.000000000000024869e-02,1.561250000000000071e+01,-3.992187500000099476e-02
3.118000000000000114e+02,7.833251953125000000e+01,1.812499999999994671e-02,1.532000000000000028e+01,-7.546875000000063949e-02
3.118999999999999773e+02,7.840576171875000000e+01,1.812499999999994671e-02,1.561250000000000071e+01,-3.500000000000103029e-02
3.120000000000000000e+02,7.857055664062500000e+01,3.812499999999996447e-02,1.541250000000000142e+01,2.023437499999936051e-02
3.121000000000000227e+02,7.747192382812500000e+01,3.562500000000001776e-02,1.516250000000000142e+01,-5.742187500000106581e-02
3.121999999999999886e+02,7.769165039062500000e+01,5.812499999999998224e-02,1.533999999999999986e+01,-3.664062500000042633e-02
3.123000000000000114e+02,7.739868164062500000e+01,4.062499999999991118e-02,1.541250000000000142e+01,-1.257812500000099476e-02
3.123999999999999773e+02,7.749023437500000000e+01,4.312499999999985789e-02,1.549249999999999972e+01,-2.187500000000675016e-03
3.125000000000000000e+02,7.754516601562500000e+01,-9.374999999999911182e-03,1.540249999999999986e+01,-8.312500000000078160e-02
3.126000000000000227e+02,7.642822265625000000e+01,4.812499999999975131e-02,1.542999999999999972e+01,-4.429687500000056843e-02
3.126999999999999886e+02,7.688598632812500000e+01,-2.749999999999985789e-02,1.513500000000000156e+01,-1.859375000000085265e-02
3.128000000000000114e+02,7.662963867187500000e+01,5.062500000000014211e-02,1.544000000000000128e+01,-8.203125000000088818e-02
3.128999999999999773e+02,7.666625976562500000e+01,4.312499999999985789e-02,1.524749999999999872e+01,-6.726562500000099476e-02
3.130000000000000000e+02,7.615356445312500000e+01,4.062499999999991118e-02,1.537000000000000099e+01,-4.921875000000852651e-03
3.131000000000000227e+02,7.560424804687500000e+01,6.249999999998756550e-04,1.527250000000000085e+01,-1.421875000000039080e-02
3.131999999999999886e+02,7.608032226562500000e+01,2.812499999999973355e-02,1.540249999999999986e+01,-5.468750000000355271e-03
3.133000000000000114e+02,7.582397460937500000e+01,1.312500000000005329e-02,1.509499999999999886e+01,-3.937500000000060396e-02
3.133999999999999773e+02,7.549438476562500000e+01,2.812499999999973355e-02,1.526999999999999957e+01,-6.671875000000060396e-02
3.135000000000000000e+02,7.527465820312500000e+01,6.062499999999992895e-02,1.551249999999999929e+01,-1.421875000000039080e-02
3.136000000000000227e+02,7.481689453125000000e+01,2.062499999999989342e-02,1.534250000000000114e+01,-2.078125000000063949e-02
3.136999999999999886e+02,7.527465820312500000e+01,5.624999999999769074e-03,1.524749999999999872e+01,-1.093750000000781597e-03
3.138000000000000114e+02,7.501831054687500000e+01,2.062499999999989342e-02,1.521499999999999986e+01,-2.296875000000042633e-02
3.138999999999999773e+02,7.432250976562500000e+01,5.812499999999998224e-02,1.524500000000000099e+01,-2.734375000001065814e-03
3.140000000000000000e+02,7.441406250000000000e+01,4.812499999999975131e-02,1.537000000000000099e+01,-2.898437500000028422e-02
3.141000000000000227e+02,7.393798828125000000e+01,2.062499999999989342e-02,1.546000000000000085e+01,-5.304687500000060396e-02
3.141999999999999886e+02,7.445068359375000000e+01,2.812499999999973355e-02,1.508000000000000185e+01,-1.804687500000046185e-02
3.143000000000000114e+02,7.360839843750000000e+01,2.562499999999978684e-02,1.543750000000000000e+01,-3.281250000000568434e-03
3.143999999999999773e+02,7.349853515625000000e+01,1.812499999999994671e-02,1.536749999999999972e+01,-4.921875000000852651e-03
3.145000000000000000e+02,7.364501953125000000e+01,3.812499999999996447e-02,1.521999999999999886e+01,-3.773437500000031974e-02
3.146000000000000227e+02,7.322387695312500000e+01,-3.750000000000142109e-03,1.550250000000000128e+01,-4.812500000000063949e-02
3.146999999999999886e+02,7.355346679687500000e+01,4.062499999999991118e-02,1.533999999999999986e+01,-3.062500000000056843e-02
3.148000000000000114e+02,7.274780273437500000e+01,5.312500000000008882e-02,1.539999999999999858e+01,-2.843750000000078160e-02
3.148999999999999773e+02,7.280273437500000000e+01,2.062499999999989342e-02,1.519750000000000156e+01,-7.000000000000028422e-02
3.150000000000000000e+02,7.291259765625000000e+01,3.312500000000007105e-02,1.536500000000000199e+01,-4.921875000000852651e-03
3.151000000000000227e+02,7.247314453125000000e+01,2.812499999999973355e-02,1.538250000000000028e+01,-5.304687500000060396e-02
3.151999999999999886e+02,7.234497070312500000e+01,1.562500000000000000e-02,1.535500000000000043e+01,-3.281250000000568434e-03
3.153000000000000114e+02,7.201538085937500000e+01,8.124999999999715783e-03,1.514250000000000185e+01,-4.484375000000095923e-02
3.153999999999999773e+02,7.210693359375000000e+01,2.812499999999973355e-02,1.544999999999999929e+01,-9.187500000000081712e-02
3.155000000000000000e+02,7.221679687500000000e+01,2.812499999999973355e-02,1.531500000000000128e+01,-2.625000000000099476e-02
3.156000000000000227e+02,7.139282226562500000e+01,2.312499999999984013e-02,1.527499999999999858e+01,-1.531250000000028422e-02
3.156999999999999886e+02,7.157592773437500000e+01,5.062500000000014211e-02,1.530000000000000071e+01,-2.898437500000028422e-02
3.158000000000000114e+02,7.133789062500000000e+01,5.312500000000008882e-02,1.537000000000000099e+01,-3.390625000000024869e-02
3.158999999999999773e+02,7.139282226562500000e+01,4.062499999999991118e-02,1.535249999999999915e+01,-3.335937500000074607e-02
3.160000000000000000e+02,7.153930664062500000e+01,5.624999999999769074e-03,1.539000000000000057e+01,-3.445312500000063949e-02
3.161000000000000227e+02,7.045898437500000000e+01,4.062499999999991118e-02,1.541250000000000142e+01,1.093749999999005240e-03
3.161999999999999886e+02,7.082519531250000000e+01,2.812499999999973355e-02,1.546499999999999986e+01,4.101562499999911182e-02
3.163000000000000114e+02,7.066040039062500000e+01,1.812499999999994671e-02,1.532750000000000057e+01,-7.164062500000056843e-02
3.163999999999999773e+02,7.066040039062500000e+01,2.312499999999984013e-02,1.535000000000000142e+01,-8.881784197001252323e-16
3.165000000000000000e+02,7.029418945312500000e+01,2.812499999999973355e-02,1.551999999999999957e+01,-7.218750000000095923e-02
3.166000000000000227e+02,6.972656250000000000e+01,1.124999999999998224e-01,1.525000000000000000e+01,-4.593750000000085265e-02
3.166999999999999886e+02,7.012939453125000000e+01,2.562499999999978684e-02,1.546249999999999858e+01,-2.406250000000031974e-02
3.168000000000000114e+02,6.990966796875000000e+01,5.562500000000003553e-02,1.542000000000000171e+01,-3.500000000000103029e-02
3.168999999999999773e+02,6.976318359375000000e+01,3.812499999999996447e-02,1.537000000000000099e+01,-2.351562500000081712e-02
3.170000000000000000e+02,6.948852539062500000e+01,3.062500000000012434e-02,1.542249999999999943e+01,-1.531250000000028422e-02
3.171000000000000227e+02,6.899414062500000000e+01,2.812499999999973355e-02,1.524749999999999872e+01,-6.617187500000110134e-02
3.171999999999999886e+02,6.947021484375000000e+01,5.312500000000008882e-02,1.527749999999999986e+01,-3.281250000000568434e-03
3.173000000000000114e+02,6.923217773437500000e+01,3.812499999999996447e-02,1.532750000000000057e+01,-1.257812500000099476e-02
3.173999999999999773e+02,6.873779296875000000e+01,5.562500000000003553e-02,1.515500000000000114e+01,-2.351562500000081712e-02
3.175000000000000000e+02,6.884765625000000000e+01,2.812499999999973355e-02,1.530999999999999872e+01,-4.812500000000063949e-02
3.176000000000000227e+02,6.837158203125000000e+01,2.562499999999978684e-02,1.526750000000000185e+01,4.320312499999889866e-02
3.176999999999999886e+02,6.882934570312500000e+01,4.312499999999985789e-02,1.550750000000000028e+01,-1.312500000000049738e-02
3.178000000000000114e+02,6.820678710937500000e+01,2.562499999999978684e-02,1.555250000000000199e+01,-1.804687500000046185e-02
3.178999999999999773e+02,6.798706054687500000e+01,4.812499999999975131e-02,1.532250000000000156e+01,6.562499999999360512e-03
3.180000000000000000e+02,6.817016601562500000e+01,5.812499999999998224e-02,1.550250000000000128e+01,-8.881784197001252323e-16
3.181000000000000227e+02,6.769409179687500000e+01,4.062499999999991118e-02,1.549249999999999972e+01,1.257812499999921840e-02
3.181999999999999886e+02,6.817016601562500000e+01,5.062500000000014211e-02,1.546249999999999858e+01,-9.296875000000426326e-03
3.183000000000000114e+02,6.736450195312500000e+01,3.812499999999996447e-02,1.541250000000000142e+01,-3.664062500000042633e-02
3.183999999999999773e+02,6.738281250000000000e+01,1.062500000000010658e-02,1.546249999999999858e+01,-4.648437500000035527e-02
3.185000000000000000e+02,6.752929687500000000e+01,3.562500000000001776e-02,1.536250000000000071e+01,-1.367187500000088818e-02
3.186000000000000227e+02,6.710815429687500000e+01,3.562500000000001776e-02,1.529749999999999943e+01,-1.039062500000031974e-02
3.186999999999999886e+02,6.703491210937500000e+01,1.062500000000010658e-02,1.556250000000000000e+01,-1.750000000000095923e-02
3.188000000000000114e+02,6.672363281250000000e+01,2.312499999999984013e-02,1.536250000000000071e+01,-4.648437500000035527e-02
3.188999999999999773e+02,6.676025390625000000e+01,3.312500000000007105e-02,1.534250000000000114e+01,-1.531250000000028422e-02
3.190000000000000000e+02,6.692504882812500000e+01,6.312499999999987566e-02,1.550750000000000028e+01,-5.140625000000031974e-02
3.191000000000000227e+02,6.626586914062500000e+01,1.312500000000005329e-02,1.545250000000000057e+01,-2.296875000000042633e-02
3.191999999999999886e+02,6.630249023437500000e+01,2.812499999999973355e-02,1.540500000000000114e+01,-7.437500000000074607e-02
3.193000000000000114e+02,6.615600585937500000e+01,2.062499999999989342e-02,1.531749999999999901e+01,-5.195312500000071054e-02
3.193999999999999773e+02,6.617431640625000000e+01,3.562500000000001776e-02,1.539000000000000057e+01,2.843749999999900524e-02
3.195000000000000000e+02,6.632080078125000000e+01,4.312499999999985789e-02,1.537000000000000099e+01,-2.625000000000099476e-02
3.196000000000000227e+02,6.533203125000000000e+01,3.812499999999996447e-02,1.540249999999999986e+01,-6.781250000000049738e-02
3.196999999999999886e+02,6.575317382812500000e+01,1.312500000000005329e-02,1.538749999999999929e+01,-4.210937500000078160e-02
3.198000000000000114e+02,6.555175781250000000e+01,2.562499999999978684e-02,1.520749999999999957e+01,-3.062500000000056843e-02
3.198999999999999773e+02,6.558837890625000000e+01,3.062500000000012434e-02,1.536250000000000071e+01,-4.320312500000067502e-02
3.200000000000000000e+02,6.535034179687500000e+01,3.562500000000001776e-02,1.537000000000000099e+01,-1.203125000000060396e-02
3.201000000000000227e+02,6.470947265625000000e+01,6.249999999998756550e-04,1.562750000000000128e+01,4.374999999999573674e-03
3.201999999999999886e+02,6.511230468750000000e+01,1.062500000000010658e-02,1.524749999999999872e+01,-5.523437500000039080e-02
3.203000000000000114e+02,6.494750976562500000e+01,4.062499999999991118e-02,1.559250000000000114e+01,-2.351562500000081712e-02
3.203999999999999773e+02,6.491088867187500000e+01,2.062499999999989342e-02,1.526999999999999957e+01,-9.843750000000817124e-03
3.205000000000000000e+02,6.452636718750000000e+01,2.312499999999984013e-02,1.541000000000000014e+01,-1.093750000000781597e-03
3.206000000000000227e+02,6.412353515625000000e+01,1.562500000000000000e-02,1.528500000000000014e+01,-3.390625000000024869e-02
3.206999999999999886e+02,6.452636718750000000e+01,4.812499999999975131e-02,1.532000000000000028e+01,-5.906250000000046185e-02
3.208000000000000114e+02,6.430664062500000000e+01,5.312500000000008882e-02,1.521750000000000114e+01,-1.968750000000074607e-02
3.208999999999999773e+02,6.395874023437500000e+01,-6.874999999999964473e-03,1.546999999999999886e+01,-2.515625000000110134e-02
3.210000000000000000e+02,6.401367187500000000e+01,3.124999999999822364e-03,1.540249999999999986e+01,-3.992187500000099476e-02
3.211000000000000227e+02,6.359252929687500000e+01,-4.375000000000017764e-03,1.557250000000000156e+01,-3.718750000000081712e-02
3.211999999999999886e+02,6.403198242187500000e+01,-1.875000000000071054e-03,1.555250000000000199e+01,-5.140625000000031974e-02
3.213000000000000114e+02,6.361083984375000000e+01,1.062500000000010658e-02,1.535750000000000171e+01,6.015624999998969713e-03
3.213999999999999773e+02,6.331787109375000000e+01,2.812499999999973355e-02,1.552250000000000085e+01,-1.257812500000099476e-02
3.215000000000000000e+02,6.340942382812500000e+01,5.812499999999998224e-02,1.529749999999999943e+01,-9.296875000000426326e-03
3.216000000000000227e+02,6.300659179687500000e+01,1.562500000000000000e-02,1.508000000000000185e+01,-3.226562500000085265e-02
3.216999999999999886e+02,6.339111328125000000e+01,4.062499999999991118e-02,1.538749999999999929e+01,-2.734375000000088818e-02
3.218000000000000114e+02,6.278686523437500000e+01,1.812499999999994671e-02,1.536749999999999972e+01,8.203124999999644729e-03
3.218999999999999773e+02,6.273193359375000000e+01,5.562500000000003553e-02,1.535999999999999943e+01,6.015624999998969713e-03
3.220000000000000000e+02,6.293334960937500000e+01,4.312499999999985789e-02,1.542249999999999943e+01,-4.210937500000078160e-02
3.221000000000000227e+02,6.251220703125000000e+01,4.312499999999985789e-02,1.540249999999999986e+01,-4.867187500000103029e-02
3.221999999999999886e+02,6.291503906250000000e+01,7.062500000000015987e-02,1.533000000000000185e+01,-2.351562500000081712e-02
3.223000000000000114e+02,6.271362304687500000e+01,3.812499999999996447e-02,1.542500000000000071e+01,-1.312500000000049738e-02
3.223999999999999773e+02,6.275024414062500000e+01,3.317499999999999893e+00,1.545250000000000057e+01,1.708000000000000185e+01
3.225000000000000000e+02,6.289672851562500000e+01,2.957500000000000018e+00,1.527749999999999986e+01,1.550828125000000135e+01
3.226000000000000227e+02,6.249389648437500000e+01,2.977500000000000036e+00,1.557499999999999929e+01,1.549953125000000043e+01
3.226999999999999886e+02,6.295166015625000000e+01,2.952500000000000124e+00,1.539000000000000057e+01,1.550992187500000163e+01
3.228000000000000114e+02,6.273193359375000000e+01,2.987499999999999822e+00,1.552749999999999986e+01,1.544921875000000000e+01
3.228999999999999773e+02,6.275024414062500000e+01,2.995000000000000107e+00,1.544249999999999901e+01,1.549187500000000028e+01
3.230000000000000000e+02,6.291503906250000000e+01,3.015000000000000124e+00,1.569750000000000156e+01,1.543773437500000156e+01
3.231000000000000227e+02,6.350097656250000000e+01,2.997500000000000053e+00,1.545250000000000057e+01,1.549078125000000128e+01
3.231999999999999886e+02,6.414184570312500000e+01,2.984999999999999876e+00,1.537750000000000128e+01,1.547164062500000092e+01
3.233000000000000114e+02,6.394042968750000000e+01,3.022499999999999964e+00,1.519750000000000156e+01,1.546890625000000163e+01
3.233999999999999773e+02,6.397705078125000000e+01,3.012500000000000178e+00,1.555999999999999872e+01,1.552523437500000014e+01
3.235000000000000000e+02,6.538696289062500000e+01,2.984999999999999876e+00,1.550250000000000128e+01,1.547382812500000071e+01
3.236000000000000227e+02,6.628417968750000000e+01,3.029999999999999805e+00,1.539250000000000185e+01,1.550554687500000028e+01
3.236999999999999886e+02,6.672363281250000000e+01,3.049999999999999822e+00,1.539999999999999858e+01,1.548804687500000021e+01
3.238000000000000114e+02,6.655883789062500000e+01,3.042499999999999982e+00,1.539499999999999957e+01,1.556023437500000028e+01
3.238999999999999773e+02,6.655883789062500000e+01,3.052500000000000213e+00,1.534750000000000014e+01,1.552796875000000121e+01
3.240000000000000000e+02,7.029418945312500000e+01,3.075000000000000178e+00,1.545749999999999957e+01,1.548039062500000007e+01
3.241000000000000227e+02,7.014770507812500000e+01,3.064999999999999947e+00,1.525250000000000128e+01,1.547984375000000057e+01
3.241999999999999886e+02,7.062377929687500000e+01,3.060000000000000053e+00,1.530750000000000099e+01,1.546835937500000036e+01
3.243000000000000114e+02,7.040405273437500000e+01,3.120000000000000107e+00,1.534250000000000114e+01,1.547765625000000078e+01
3.243999999999999773e+02,7.415771484375000000e+01,3.104999999999999982e+00,1.510000000000000142e+01,1.549406250000000007e+01
3.245000000000000000e+02,7.558593750000000000e+01,3.097500000000000142e+00,1.540249999999999986e+01,1.551812500000000128e+01
3.246000000000000227e+02,7.512817382812500000e+01,3.157500000000000195e+00,1.546249999999999858e+01,1.549679687500000114e+01
3.246999999999999886e+02,7.565917968750000000e+01,3.100000000000000089e+00,1.526500000000000057e+01,1.549625000000000163e+01
3.248000000000000114e+02,7.628173828125000000e+01,3.165000000000000036e+00,1.525499999999999901e+01,1.544375000000000142e+01
3.248999999999999773e+02,7.948608398437500000e+01,3.127499999999999947e+00,1.533249999999999957e+01,1.546070312500000021e+01
3.250000000000000000e+02,7.977905273437500000e+01,3.122500000000000053e+00,1.539250000000000185e+01,1.554820312500000057e+01
3.251000000000000227e+02,7.930297851562500000e+01,3.132499999999999840e+00,1.539750000000000085e+01,1.551265625000000092e+01
3.251999999999999886e+02,7.979736328125000000e+01,3.127499999999999947e+00,1.549500000000000099e+01,1.554765625000000107e+01
3.253000000000000114e+02,8.254394531250000000e+01,3.160000000000000142e+00,1.524249999999999972e+01,1.550828125000000135e+01
3.253999999999999773e+02,8.307495117187500000e+01,3.165000000000000036e+00,1.546249999999999858e+01,1.552523437500000014e+01
3.255000000000000000e+02,8.325805664062500000e+01,3.147499999999999964e+00,1.518750000000000000e+01,1.550609375000000156e+01
3.256000000000000227e+02,8.281860351562500000e+01,3.167499999999999982e+00,1.518250000000000099e+01,1.547109375000000142e+01
3.256999999999999886e+02,8.518066406250000000e+01,3.172499999999999876e+00,1.539000000000000057e+01,1.550554687500000028e+01
3.258000000000000114e+02,8.589477539062500000e+01,3.174999999999999822e+00,1.535249999999999915e+01,1.550937500000000036e+01
3.258999999999999773e+02,8.613281250000000000e+01,3.172499999999999876e+00,1.516499999999999915e+01,1.545195312500000107e+01
3.260000000000000000e+02,8.626098632812500000e+01,3.169999999999999929e+00,1.532750000000000057e+01,1.553125000000000000e+01
3.261000000000000227e+02,8.580322265625000000e+01,3.174999999999999822e+00,1.530750000000000099e+01,1.555039062500000036e+01
3.261999999999999886e+02,8.886108398437500000e+01,3.214999999999999858e+00,1.532750000000000057e+01,1.545523437500000163e+01
3.263000000000000114e+02,8.862304687500000000e+01,3.194999999999999840e+00,1.537750000000000128e+01,1.547984375000000057e+01
3.263999999999999773e+02,8.882446289062500000e+01,3.245000000000000107e+00,1.546249999999999858e+01,1.549132812500000078e+01
3.265000000000000000e+02,8.897094726562500000e+01,3.202500000000000124e+00,1.550250000000000128e+01,1.548367187500000064e+01
3.266000000000000227e+02,9.052734375000000000e+01,3.214999999999999858e+00,1.529500000000000171e+01,1.553945312500000142e+01
3.266999999999999886e+02,9.151611328125000000e+01,3.217499999999999805e+00,1.522250000000000014e+01,1.548367187500000064e+01
3.268000000000000114e+02,9.113159179687500000e+01,3.502499999999999947e+00,1.537249999999999872e+01,1.545085937500000028e+01
3.268999999999999773e+02,9.133300781250000000e+01,3.227500000000000036e+00,1.528750000000000142e+01,1.553070312500000050e+01
3.270000000000000000e+02,9.244995117187500000e+01,3.242500000000000160e+00,1.536749999999999972e+01,1.549460937500000135e+01
3.271000000000000227e+02,9.325561523437500000e+01,3.254999999999999893e+00,1.542249999999999943e+01,1.552085937500000057e+01
3.271999999999999886e+02,9.384155273437500000e+01,3.232499999999999929e+00,1.545500000000000185e+01,1.554109374999999993e+01
3.273000000000000114e+02,9.343872070312500000e+01,3.252499999999999947e+00,1.539999999999999858e+01,1.550281250000000099e+01
3.273999999999999773e+02,9.369506835937500000e+01,3.259999999999999787e+00,1.549249999999999972e+01,1.550335937500000050e+01
3.275000000000000000e+02,9.570922851562500000e+01,3.272499999999999964e+00,1.545250000000000057e+01,1.548750000000000071e+01
3.276000000000000227e+02,9.539794921875000000e+01,3.247500000000000053e+00,1.532000000000000028e+01,1.550664062500000107e+01
3.276999999999999886e+02,9.596557617187500000e+01,3.274999999999999911e+00,1.513749999999999929e+01,1.549187500000000028e+01
3.278000000000000114e+02,9.550781250000000000e+01,3.272499999999999964e+00,1.528999999999999915e+01,1.547000000000000064e+01
3.278999999999999773e+02,9.732055664062500000e+01,3.312500000000000000e+00,1.549249999999999972e+01,1.551101562500000064e+01
3.280000000000000000e+02,9.797973632812500000e+01,3.307500000000000107e+00,1.554250000000000043e+01,1.549953125000000043e+01
3.281000000000000227e+02,9.754028320312500000e+01,3.302500000000000213e+00,1.532000000000000028e+01,1.548148437500000085e+01
3.281999999999999886e+02,9.808959960937500000e+01,3.322499999999999787e+00,1.550250000000000128e+01,1.551867187500000078e+01
3.283000000000000114e+02,9.786987304687500000e+01,3.314999999999999947e+00,1.524749999999999872e+01,1.547765625000000078e+01
3.283999999999999773e+02,9.970092773437500000e+01,3.129999999999999893e+00,1.525750000000000028e+01,1.550226562500000149e+01
3.285000000000000000e+02,9.992065429687500000e+01,3.319999999999999840e+00,1.510999999999999943e+01,1.549789062500000014e+01
3.286000000000000227e+02,9.938964843750000000e+01,3.322499999999999787e+00,1.543250000000000099e+01,1.552468750000000064e+01
3.286999999999999886e+02,9.999389648437500000e+01,3.354999999999999982e+00,1.542249999999999943e+01,1.554656250000000028e+01
3.288000000000000114e+02,1.012573242187500000e+02,3.330000000000000071e+00,1.536749999999999972e+01,1.548476562500000142e+01
3.288999999999999773e+02,1.018249511718750000e+02,3.347500000000000142e+00,1.543250000000000099e+01,1.545796875000000092e+01
3.290000000000000000e+02,1.018798828125000000e+02,3.337499999999999911e+00,1.537999999999999901e+01,1.558320312500000071e+01
3.291000000000000227e+02,1.014038085937500000e+02,3.350000000000000089e+00,1.561250000000000071e+01,1.551812500000000128e+01
3.291999999999999886e+02,1.029602050781250000e+02,3.330000000000000071e+00,1.539000000000000057e+01,1.546617187500000057e+01
3.293000000000000114e+02,1.032714843750000000e+02,3.367500000000000160e+00,1.545250000000000057e+01,1.549843750000000142e+01
3.293999999999999773e+02,1.036010742187500000e+02,3.325000000000000178e+00,1.567249999999999943e+01,1.546781250000000085e+01
3.295000000000000000e+02,1.036743164062500000e+02,3.372500000000000053e+00,1.507250000000000156e+01,1.545796875000000092e+01
3.296000000000000227e+02,1.032165527343750000e+02,3.342500000000000249e+00,1.518750000000000000e+01,1.547875000000000156e+01
3.296999999999999886e+02,1.054870605468750000e+02,3.375000000000000000e+00,1.540249999999999986e+01,1.551757812500000000e+01
3.298000000000000114e+02,1.050659179687500000e+02,3.387500000000000178e+00,1.546499999999999986e+01,1.548367187500000064e+01
3.298999999999999773e+02,1.053955078125000000e+02,3.424999999999999822e+00,1.548250000000000171e+01,1.548859375000000149e+01
3.300000000000000000e+02,1.054870605468750000e+02,3.397499999999999964e+00,1.532250000000000156e+01,1.542570312500000007e+01
3.301000000000000227e+02,1.064392089843750000e+02,3.392500000000000071e+00,1.541250000000000142e+01,1.549078125000000128e+01
3.301999999999999886e+02,1.072448730468750000e+02,3.382499999999999840e+00,1.550250000000000128e+01,1.549242187500000156e+01
3.303000000000000114e+02,1.067321777343750000e+02,3.407500000000000195e+00,1.537750000000000128e+01,1.550828125000000135e+01
3.303999999999999773e+02,1.071350097656250000e+02,3.427500000000000213e+00,1.542750000000000199e+01,1.547656250000000000e+01
3.305000000000000000e+02,1.078857421875000000e+02,3.410000000000000142e+00,1.536250000000000071e+01,1.546289062500000000e+01
3.306000000000000227e+02,1.083801269531250000e+02,3.562500000000000000e+00,1.539250000000000185e+01,1.548968750000000050e+01
3.306999999999999886e+02,1.090209960937500000e+02,3.450000000000000178e+00,1.535750000000000171e+01,1.544867187500000050e+01
3.308000000000000114e+02,1.085083007812500000e+02,3.417499999999999982e+00,1.544249999999999901e+01,1.550445312500000128e+01
3.308999999999999773e+02,1.088378906250000000e+02,3.442499999999999893e+00,1.560000000000000142e+01,1.550773437500000007e+01
3.310000000000000000e+02,1.104675292968750000e+02,3.452500000000000124e+00,1.558749999999999858e+01,1.548640624999999993e+01
3.311000000000000227e+02,1.101379394531250000e+02,3.452500000000000124e+00,1.533249999999999957e+01,1.548257812500000163e+01
3.311999999999999886e+02,1.107238769531250000e+02,3.747500000000000053e+00,1.538250000000000028e+01,1.550554687500000028e+01
3.313000000000000114e+02,1.101928710937500000e+02,3.487499999999999822e+00,1.535000000000000142e+01,1.552195312500000135e+01
3.313999999999999773e+02,1.117675781250000000e+02,3.472500000000000142e+00,1.528000000000000114e+01,1.550226562500000149e+01
3.315000000000000000e+02,1.122436523437500000e+02,3.437500000000000000e+00,1.553249999999999886e+01,1.542789062500000163e+01
3.316000000000000227e+02,1.118408203125000000e+02,3.487499999999999822e+00,1.517500000000000071e+01,1.548093750000000135e+01
3.316999999999999886e+02,1.124450683593750000e+02,3.459999999999999964e+00,1.549249999999999972e+01,1.550335937500000050e+01
3.318000000000000114e+02,1.121887207031250000e+02,3.492500000000000160e+00,1.531500000000000128e+01,1.546726562500000135e+01
3.318999999999999773e+02,1.137634277343750000e+02,3.470000000000000195e+00,1.537000000000000099e+01,1.550609375000000156e+01
3.320000000000000000e+02,1.138916015625000000e+02,3.482499999999999929e+00,1.528249999999999886e+01,1.554218750000000071e+01
3.321000000000000227e+02,1.134155273437500000e+02,3.504999999999999893e+00,1.524249999999999972e+01,1.555257812500000014e+01
3.321999999999999886e+02,1.140197753906250000e+02,3.517500000000000071e+00,1.517750000000000199e+01,1.553070312500000050e+01
3.323000000000000114e+02,1.148986816406250000e+02,3.507500000000000284e+00,1.533999999999999986e+01,1.550992187500000163e+01
3.323999999999999773e+02,1.154663085937500000e+02,3.532499999999999751e+00,1.539750000000000085e+01,1.546289062500000000e+01
3.325000000000000000e+02,1.155212402343750000e+02,3.532499999999999751e+00,1.538250000000000028e+01,1.547109375000000142e+01
3.326000000000000227e+02,1.150451660156250000e+02,3.515000000000000124e+00,1.542249999999999943e+01,1.550226562500000149e+01
3.326999999999999886e+02,1.166931152343750000e+02,3.540000000000000036e+00,1.541499999999999915e+01,1.554710937500000156e+01
3.328000000000000114e+02,1.167114257812500000e+02,3.527499999999999858e+00,1.533249999999999957e+01,1.548257812500000163e+01
3.328999999999999773e+02,1.171875000000000000e+02,3.549999999999999822e+00,1.538250000000000028e+01,1.550937500000000036e+01
3.330000000000000000e+02,1.171691894531250000e+02,3.587499999999999911e+00,1.515500000000000114e+01,1.551265625000000092e+01
3.331000000000000227e+02,1.168029785156250000e+02,3.564999999999999947e+00,1.532000000000000028e+01,1.549460937500000135e+01
3.331999999999999886e+02,1.188354492187500000e+02,3.580000000000000071e+00,1.544500000000000028e+01,1.551539062500000021e+01
3.333000000000000114e+02,1.183593750000000000e+02,3.570000000000000284e+00,1.535999999999999943e+01,1.550992187500000163e+01
3.333999999999999773e+02,1.187622070312500000e+02,3.589999999999999858e+00,1.540749999999999886e+01,1.556679687500000142e+01
3.335000000000000000e+02,1.187805175781250000e+02,3.592500000000000249e+00,1.528249999999999886e+01,1.550335937500000050e+01
3.336000000000000227e+02,1.197509765625000000e+02,3.597500000000000142e+00,1.528500000000000014e+01,1.546781250000000085e+01
3.336999999999999886e+02,1.205200195312500000e+02,3.562500000000000000e+00,1.539750000000000085e+01,1.550335937500000050e+01
3.338000000000000114e+02,1.199523925781250000e+02,3.604999999999999982e+00,1.530499999999999972e+01,1.550828125000000135e+01
3.338999999999999773e+02,1.204101562500000000e+02,3.594999999999999751e+00,1.507000000000000028e+01,1.552523437500000014e+01
3.340000000000000000e+02,1.212524414062500000e+02,3.597500000000000142e+00,1.528000000000000114e+01,1.552578125000000142e+01
3.341000000000000227e+02,1.215454101562500000e+02,3.617500000000000160e+00,1.532000000000000028e+01,1.553507812500000007e+01
3.341999999999999886e+02,1.221679687500000000e+02,3.600000000000000089e+00,1.553249999999999886e+01,1.551156250000000014e+01
3.343000000000000114e+02,1.215637207031250000e+02,3.597500000000000142e+00,1.537249999999999872e+01,1.552906250000000021e+01
3.343999999999999773e+02,1.220031738281250000e+02,3.645000000000000018e+00,1.528000000000000114e+01,1.549953125000000043e+01
3.345000000000000000e+02,1.234863281250000000e+02,3.649999999999999911e+00,1.544999999999999929e+01,1.546507812500000156e+01
3.346000000000000227e+02,1.231750488281250000e+02,3.657499999999999751e+00,1.531749999999999901e+01,1.554273437500000021e+01
3.346999999999999886e+02,1.237792968750000000e+02,3.632500000000000284e+00,1.550000000000000000e+01,1.551320312500000043e+01
3.348000000000000114e+02,1.231567382812500000e+02,3.669999999999999929e+00,1.551249999999999929e+01,1.542789062500000163e+01
3.348999999999999773e+02,1.248596191406250000e+02,3.662500000000000089e+00,1.550499999999999901e+01,1.551976562500000156e+01
3.350000000000000000e+02,1.251708984375000000e+02,3.652499999999999858e+00,1.565249999999999986e+01,1.549078125000000128e+01
3.351000000000000227e+02,1.247497558593750000e+02,3.685000000000000053e+00,1.546249999999999858e+01,1.549734375000000064e+01
3.351999999999999886e+02,1.253906250000000000e+02,3.705000000000000071e+00,1.527499999999999858e+01,1.544921875000000000e+01
3.353000000000000114e+02,1.253356933593750000e+02,3.692499999999999893e+00,1.533000000000000185e+01,1.544101562500000036e+01
3.353999999999999773e+02,1.267639160156250000e+02,3.729999999999999982e+00,1.530750000000000099e+01,1.556242187500000007e+01
3.355000000000000000e+02,1.267456054687500000e+02,3.734999999999999876e+00,1.528750000000000142e+01,1.554328125000000149e+01
3.356000000000000227e+02,1.263793945312500000e+02,3.707500000000000018e+00,1.518499999999999872e+01,1.543718750000000028e+01
3.356999999999999886e+02,1.269836425781250000e+02,3.719999999999999751e+00,1.571999999999999886e+01,1.546453125000000028e+01
3.358000000000000114e+02,1.278991699218750000e+02,3.752499999999999947e+00,1.518750000000000000e+01,1.550992187500000163e+01
3.358999999999999773e+02,1.284851074218750000e+02,3.754999999999999893e+00,1.547250000000000014e+01,1.547710937500000128e+01
3.360000000000000000e+02,1.284667968750000000e+02,3.765000000000000124e+00,1.536500000000000199e+01,1.547218750000000043e+01
3.361000000000000227e+02,1.280639648437500000e+02,3.772499999999999964e+00,1.512249999999999872e+01,1.546398437500000078e+01
3.361999999999999886e+02,1.298034667968750000e+02,3.762500000000000178e+00,1.551000000000000156e+01,1.549734375000000064e+01
3.363000000000000114e+02,1.296020507812500000e+02,3.785000000000000142e+00,1.554250000000000043e+01,1.553015625000000099e+01
3.363999999999999773e+02,1.301147460937500000e+02,3.782499999999999751e+00,1.533999999999999986e+01,1.546781250000000085e+01
3.365000000000000000e+02,1.300598144531250000e+02,3.770000000000000018e+00,1.521249999999999858e+01,1.554929687500000135e+01
3.366000000000000227e+02,1.299865722656250000e+02,3.774999999999999911e+00,1.537999999999999901e+01,1.550937500000000036e+01
3.366999999999999886e+02,1.318359375000000000e+02,3.827500000000000124e+00,1.526000000000000156e+01,1.546125000000000149e+01
3.368000000000000114e+02,1.311950683593750000e+02,3.802500000000000213e+00,1.553249999999999886e+01,1.552359375000000163e+01
3.368999999999999773e+02,1.317443847656250000e+02,3.817499999999999893e+00,1.532750000000000057e+01,1.550445312500000128e+01
3.370000000000000000e+02,1.316711425781250000e+02,3.847500000000000142e+00,1.519750000000000156e+01,1.551046875000000114e+01
3.371000000000000227e+02,1.327697753906250000e+02,3.837499999999999911e+00,1.537249999999999872e+01,1.550664062500000107e+01
3.371999999999999886e+02,1.335754394531250000e+02,3.839999999999999858e+00,1.526249999999999929e+01,1.555531250000000121e+01
3.373000000000000114e+02,1.328979492187500000e+02,4.030000000000000249e+00,1.524000000000000199e+01,1.552632812500000092e+01
3.373999999999999773e+02,1.334289550781250000e+02,3.867500000000000160e+00,1.543250000000000099e+01,1.550882812500000085e+01
3.375000000000000000e+02,1.333557128906250000e+02,3.865000000000000213e+00,1.535000000000000142e+01,1.551374999999999993e+01
3.376000000000000227e+02,1.329895019531250000e+02,7.312500000000010658e-02,1.536250000000000071e+01,-4.976562500000092371e-02
3.376999999999999886e+02,1.335754394531250000e+02,2.812499999999973355e-02,1.524500000000000099e+01,-2.296875000000042633e-02
3.378000000000000114e+02,1.329345703125000000e+02,2.562499999999978684e-02,1.544999999999999929e+01,-6.125000000000024869e-02
3.378999999999999773e+02,1.334106445312500000e+02,1.812499999999994671e-02,1.539999999999999858e+01,-1.148437500000110134e-02
3.380000000000000000e+02,1.333740234375000000e+02,4.312499999999985789e-02,1.530000000000000071e+01,-1.148437500000110134e-02
3.381000000000000227e+02,1.329895019531250000e+02,9.249999999999980460e-02,1.550000000000000000e+01,-3.445312500000063949e-02
3.381999999999999886e+02,1.335571289062500000e+02,4.812499999999975131e-02,1.540249999999999986e+01,-1.203125000000060396e-02
3.383000000000000114e+02,1.329345703125000000e+02,1.312500000000005329e-02,1.550250000000000128e+01,-3.117187500000095923e-02
3.383999999999999773e+02,1.330810546875000000e+02,5.062500000000014211e-02,1.517249999999999943e+01,-8.421875000000067502e-02
3.385000000000000000e+02,1.329895019531250000e+02,3.312500000000007105e-02,1.533249999999999957e+01,-6.125000000000024869e-02
3.386000000000000227e+02,1.325866699218750000e+02,4.562499999999980460e-02,1.560249999999999915e+01,-7.601562500000103029e-02
3.386999999999999886e+02,1.331726074218750000e+02,3.062500000000012434e-02,1.519750000000000156e+01,-4.867187500000103029e-02
3.388000000000000114e+02,1.313598632812500000e+02,2.812499999999973355e-02,1.536250000000000071e+01,7.109374999999751310e-03
3.388999999999999773e+02,1.309020996093750000e+02,5.812499999999998224e-02,1.524749999999999872e+01,-2.242187500000092371e-02
3.390000000000000000e+02,1.307922363281250000e+02,5.562500000000003553e-02,1.533999999999999986e+01,-4.812500000000063949e-02
3.391000000000000227e+02,1.303894042968750000e+02,4.312499999999985789e-02,1.545250000000000057e+01,-3.117187500000095923e-02
3.391999999999999886e+02,1.310302734375000000e+02,3.312500000000007105e-02,1.558749999999999858e+01,-1.110156250000002842e-01
3.393000000000000114e+02,1.268005371093750000e+02,5.812499999999998224e-02,1.558249999999999957e+01,-2.515625000000110134e-02
3.393999999999999773e+02,1.270202636718750000e+02,1.062500000000010658e-02,1.533249999999999957e+01,-5.195312500000071054e-02
3.395000000000000000e+02,1.269836425781250000e+02,3.812499999999996447e-02,1.535000000000000142e+01,-6.343750000000092371e-02
3.396000000000000227e+02,1.265991210937500000e+02,1.062500000000010658e-02,1.551249999999999929e+01,-7.546875000000063949e-02
3.396999999999999886e+02,1.231201171875000000e+02,4.312499999999985789e-02,1.546249999999999858e+01,-2.898437500000028422e-02
3.398000000000000114e+02,1.214904785156250000e+02,2.312499999999984013e-02,1.542249999999999943e+01,-6.453125000000081712e-02
3.398999999999999773e+02,1.218750000000000000e+02,6.062499999999992895e-02,1.537000000000000099e+01,-6.726562500000099476e-02
3.400000000000000000e+02,1.218566894531250000e+02,2.562499999999978684e-02,1.532000000000000028e+01,-5.250000000000110134e-02
3.401000000000000227e+02,1.203186035156250000e+02,3.312500000000007105e-02,1.538250000000000028e+01,-3.500000000000103029e-02
3.401999999999999886e+02,1.178649902343750000e+02,5.062500000000014211e-02,1.541750000000000043e+01,-2.132812500000103029e-02
3.403000000000000114e+02,1.171691894531250000e+02,4.062499999999991118e-02,1.544249999999999901e+01,-2.351562500000081712e-02
3.403999999999999773e+02,1.175903320312500000e+02,1.562500000000000000e-02,1.517249999999999943e+01,-5.031250000000042633e-02
3.405000000000000000e+02,1.175720214843750000e+02,2.312499999999984013e-02,1.542750000000000199e+01,-1.640625000000106581e-02
3.406000000000000227e+02,1.139099121093750000e+02,3.562500000000001776e-02,1.539999999999999858e+01,-1.476562500000078160e-02
3.406999999999999886e+02,1.141845703125000000e+02,4.062499999999991118e-02,1.535000000000000142e+01,-1.093750000000071054e-02
3.408000000000000114e+02,1.135803222656250000e+02,5.062500000000014211e-02,1.539000000000000057e+01,-4.703125000000074607e-02
3.408999999999999773e+02,1.139648437500000000e+02,3.312500000000007105e-02,1.539250000000000185e+01,5.468749999995026201e-04
3.410000000000000000e+02,1.121154785156250000e+02,1.062500000000010658e-02,1.552749999999999986e+01,-6.617187500000110134e-02
3.411000000000000227e+02,1.107055664062500000e+02,3.562500000000001776e-02,1.523250000000000171e+01,-4.539062500000046185e-02
3.411999999999999886e+02,1.112365722656250000e+02,1.812499999999994671e-02,1.542999999999999972e+01,-8.695312500000085265e-02
3.413000000000000114e+02,1.106689453125000000e+02,1.062500000000010658e-02,1.541000000000000014e+01,-2.515625000000110134e-02
3.413999999999999773e+02,1.108154296875000000e+02,4.312499999999985789e-02,1.542249999999999943e+01,-3.609375000000092371e-02
3.415000000000000000e+02,1.085632324218750000e+02,3.812499999999996447e-02,1.542999999999999972e+01,-3.500000000000103029e-02
3.416000000000000227e+02,1.080871582031250000e+02,2.812499999999973355e-02,1.544249999999999901e+01,-8.750000000000923706e-03
3.416999999999999886e+02,1.086181640625000000e+02,2.812499999999973355e-02,1.537249999999999872e+01,-3.007812500000106581e-02
3.418000000000000114e+02,1.080505371093750000e+02,5.062500000000014211e-02,1.538250000000000028e+01,-4.921875000000852651e-03
3.418999999999999773e+02,1.066223144531250000e+02,3.312500000000007105e-02,1.556250000000000000e+01,-6.453125000000081712e-02
3.420000000000000000e+02,1.062927246093750000e+02,3.562500000000001776e-02,1.532000000000000028e+01,-2.187500000000675016e-03
3.421000000000000227e+02,1.058532714843750000e+02,3.562500000000001776e-02,1.535000000000000142e+01,-5.359375000000099476e-02
3.421999999999999886e+02,1.063842773437500000e+02,4.062499999999991118e-02,1.529749999999999943e+01,-5.578125000000078160e-02
3.423000000000000114e+02,1.048095703125000000e+02,4.562499999999980460e-02,1.525750000000000028e+01,-7.656250000000053291e-02
3.423999999999999773e+02,1.042785644531250000e+02,4.062499999999991118e-02,1.548250000000000171e+01,-7.328125000000085265e-02
3.425000000000000000e+02,1.042968750000000000e+02,2.562499999999978684e-02,1.558749999999999858e+01,2.734374999999289457e-03
3.426000000000000227e+02,1.038574218750000000e+02,3.562500000000001776e-02,1.539999999999999858e+01,-3.117187500000095923e-02
3.426999999999999886e+02,1.043701171875000000e+02,4.562499999999980460e-02,1.562249999999999872e+01,-4.593750000000085265e-02
3.428000000000000114e+02,1.022094726562500000e+02,2.812499999999973355e-02,1.530750000000000099e+01,1.914062499999946709e-02
3.428999999999999773e+02,1.024291992187500000e+02,5.812499999999998224e-02,1.535000000000000142e+01,-4.867187500000103029e-02
3.430000000000000000e+02,1.024841308593750000e+02,-1.937500000000014211e-02,1.530750000000000099e+01,-2.679687500000049738e-02
3.431000000000000227e+02,1.020629882812500000e+02,3.312500000000007105e-02,1.528000000000000114e+01,-1.000781250000004619e-01
3.431999999999999886e+02,1.013122558593750000e+02,5.062500000000014211e-02,1.554250000000000043e+01,-5.468750000000355271e-03
3.433000000000000114e+02,1.003967285156250000e+02,7.812500000000000000e-02,1.548250000000000171e+01,-8.640625000000046185e-02
3.433999999999999773e+02,1.007446289062500000e+02,2.312499999999984013e-02,1.523750000000000071e+01,5.468749999995026201e-04
3.435000000000000000e+02,1.007812500000000000e+02,1.312500000000005329e-02,1.542249999999999943e+01,-2.789062500000039080e-02
3.436000000000000227e+02,9.993896484375000000e+01,5.312500000000008882e-02,1.538749999999999929e+01,-2.843750000000078160e-02
3.436999999999999886e+02,9.944458007812500000e+01,1.812499999999994671e-02,1.536250000000000071e+01,3.335937499999896971e-02
3.438000000000000114e+02,9.889526367187500000e+01,3.312500000000007105e-02,1.526500000000000057e+01,-7.000000000000028422e-02
3.438999999999999773e+02,9.924316406250000000e+01,2.562499999999978684e-02,1.538250000000000028e+01,-1.022656250000002487e-01
3.440000000000000000e+02,9.926147460937500000e+01,1.562500000000000000e-02,1.557250000000000156e+01,-3.773437500000031974e-02
3.441000000000000227e+02,9.755859375000000000e+01,1.562500000000000000e-02,1.535750000000000171e+01,3.828124999999182876e-03
3.441999999999999886e+02,9.799804687500000000e+01,4.312499999999985789e-02,1.546750000000000114e+01,-4.757812500000024869e-02
3.443000000000000114e+02,9.752197265625000000e+01,2.062499999999989342e-02,1.526500000000000057e+01,-1.093750000000071054e-02
3.443999999999999773e+02,9.781494140625000000e+01,3.812499999999996447e-02,1.543750000000000000e+01,-5.468750000000355271e-03
3.445000000000000000e+02,9.704589843750000000e+01,5.624999999999769074e-03,1.543250000000000099e+01,-4.703125000000074607e-02
3.446000000000000227e+02,9.603881835937500000e+01,4.562499999999980460e-02,1.558749999999999858e+01,-7.984375000000110134e-02
3.446999999999999886e+02,9.660644531250000000e+01,3.812499999999996447e-02,1.539999999999999858e+01,-5.906250000000046185e-02
3.448000000000000114e+02,9.607543945312500000e+01,1.562500000000000000e-02,1.539250000000000185e+01,-7.656250000000053291e-02
3.448999999999999773e+02,9.636840820312500000e+01,3.812499999999996447e-02,1.537500000000000000e+01,-5.687500000000067502e-02
3.450000000000000000e+02,9.525146484375000000e+01,2.062499999999989342e-02,1.524500000000000099e+01,3.117187499999918288e-02
3.451000000000000227e+02,9.473876953125000000e+01,4.312499999999985789e-02,1.526750000000000185e+01,5.906249999999957367e-02
3.451999999999999886e+02,9.528808593750000000e+01,2.062499999999989342e-02,1.515500000000000114e+01,-4.320312500000067502e-02
3.453000000000000114e+02,9.477539062500000000e+01,3.812499999999996447e-02,1.538250000000000028e+01,-5.414062500000049738e-02
3.453999999999999773e+02,9.400634765625000000e+01,3.812499999999996447e-02,1.524500000000000099e+01,-5.359375000000099476e-02
3.455000000000000000e+02,9.391479492187500000e+01,1.562500000000000000e-02,1.533999999999999986e+01,-2.351562500000081712e-02
3.456000000000000227e+02,9.347534179687500000e+01,4.812499999999975131e-02,1.512999999999999901e+01,2.460937499999893419e-02
3.456999999999999886e+02,9.395141601562500000e+01,4.062499999999991118e-02,1.527250000000000085e+01,-9.242187500000031974e-02
3.458000000000000114e+02,9.296264648437500000e+01,4.562499999999980460e-02,1.552499999999999858e+01,-9.843750000000817124e-03
3.458999999999999773e+02,9.263305664062500000e+01,3.562500000000001776e-02,1.504749999999999943e+01,3.062499999999968026e-02
3.460000000000000000e+02,9.270629882812500000e+01,6.812499999999976907e-02,1.536749999999999972e+01,-3.718750000000081712e-02
3.461000000000000227e+02,9.228515625000000000e+01,3.812499999999996447e-02,1.556250000000000000e+01,-8.640625000000046185e-02
3.461999999999999886e+02,9.277954101562500000e+01,5.624999999999769074e-03,1.534499999999999886e+01,-9.898437500000056843e-02
3.463000000000000114e+02,9.120483398437500000e+01,3.312500000000007105e-02,1.548250000000000171e+01,-5.468750000003907985e-04
3.463999999999999773e+02,9.135131835937500000e+01,-1.875000000000071054e-03,1.516750000000000043e+01,-3.992187500000099476e-02
3.465000000000000000e+02,9.147949218750000000e+01,1.062500000000010658e-02,1.530250000000000199e+01,-3.445312500000063949e-02
3.466000000000000227e+02,9.100341796875000000e+01,3.312500000000007105e-02,1.541250000000000142e+01,-8.881784197001252323e-16
3.466999999999999886e+02,9.067382812500000000e+01,2.312499999999984013e-02,1.527499999999999858e+01,-4.210937500000078160e-02
3.468000000000000114e+02,8.995971679687500000e+01,1.812499999999994671e-02,1.527250000000000085e+01,-7.601562500000103029e-02
3.468999999999999773e+02,9.017944335937500000e+01,6.562499999999982236e-02,1.535249999999999915e+01,-4.703125000000074607e-02
3.470000000000000000e+02,9.023437500000000000e+01,5.312500000000008882e-02,1.559250000000000114e+01,-1.421875000000039080e-02
3.471000000000000227e+02,8.961181640625000000e+01,2.062499999999989342e-02,1.557750000000000057e+01,-3.882812500000110134e-02
3.471999999999999886e+02,8.926391601562500000e+01,2.312499999999984013e-02,1.534750000000000014e+01,-4.101562500000088818e-02
3.473000000000000114e+02,8.878784179687500000e+01,6.249999999998756550e-04,1.533000000000000185e+01,-3.390625000000024869e-02
3.473999999999999773e+02,8.904418945312500000e+01,1.312500000000005329e-02,1.559250000000000114e+01,-2.460937500000071054e-02
3.475000000000000000e+02,8.913574218750000000e+01,5.312500000000008882e-02,1.549000000000000199e+01,-4.375000000000461853e-03
3.476000000000000227e+02,8.776245117187500000e+01,4.062499999999991118e-02,1.523250000000000171e+01,-5.742187500000106581e-02
3.476999999999999886e+02,8.812866210937500000e+01,4.562499999999980460e-02,1.520250000000000057e+01,-7.656250000001030287e-03
3.478000000000000114e+02,8.774414062500000000e+01,6.812499999999976907e-02,1.528999999999999915e+01,-3.335937500000074607e-02
3.478999999999999773e+02,8.792724609375000000e+01,3.312500000000007105e-02,1.544999999999999929e+01,-3.226562500000085265e-02
3.480000000000000000e+02,8.746948242187500000e+01,2.812499999999973355e-02,1.528500000000000014e+01,-2.898437500000028422e-02
3.481000000000000227e+02,8.655395507812500000e+01,1.562500000000000000e-02,1.533000000000000185e+01,-2.515625000000110134e-02
3.481999999999999886e+02,8.703002929687500000e+01,2.312499999999984013e-02,1.540249999999999986e+01,-8.804687500000074607e-02
3.483000000000000114e+02,8.664550781250000000e+01,3.312500000000007105e-02,1.532250000000000156e+01,-3.171875000000046185e-02
3.483999999999999773e+02,8.688354492187500000e+01,4.562499999999980460e-02,1.510000000000000142e+01,-6.398437500000042633e-02
3.485000000000000000e+02,8.604125976562500000e+01,4.562499999999980460e-02,1.529250000000000043e+01,-6.781250000000049738e-02
3.486000000000000227e+02,8.552856445312500000e+01,3.062500000000012434e-02,1.546249999999999858e+01,-4.648437500000035527e-02
3.486999999999999886e+02,8.598632812500000000e+01,3.562500000000001776e-02,1.528750000000000142e+01,-3.007812500000106581e-02
3.488000000000000114e+02,8.562011718750000000e+01,1.812499999999994671e-02,1.539750000000000085e+01,-6.234375000000103029e-02
3.488999999999999773e+02,8.508911132812500000e+01,3.812499999999996447e-02,1.529749999999999943e+01,-6.835937500000088818e-02
3.490000000000000000e+02,8.499755859375000000e+01,4.062499999999991118e-02,1.526750000000000185e+01,2.132812499999925393e-02
3.491000000000000227e+02,8.453979492187500000e+01,3.062500000000012434e-02,1.526999999999999957e+01,-6.562500000000248690e-03
3.491999999999999886e+02,8.503417968750000000e+01,2.312499999999984013e-02,1.559250000000000114e+01,-4.703125000000074607e-02
3.493000000000000114e+02,8.428344726562500000e+01,4.562499999999980460e-02,1.490749999999999886e+01,-6.289062500000053291e-02
3.493999999999999773e+02,8.378906250000000000e+01,2.062499999999989342e-02,1.533249999999999957e+01,-7.218750000000095923e-02
3.495000000000000000e+02,8.386230468750000000e+01,6.062499999999992895e-02,1.550750000000000028e+01,-3.992187500000099476e-02
3.496000000000000227e+02,8.344116210937500000e+01,1.562500000000000000e-02,1.519500000000000028e+01,-1.859375000000085265e-02
3.496999999999999886e+02,8.393554687500000000e+01,6.249999999998756550e-04,1.539000000000000057e+01,-3.117187500000095923e-02
3.498000000000000114e+02,8.274536132812500000e+01,2.562499999999978684e-02,1.549749999999999872e+01,-6.781250000000049738e-02
3.498999999999999773e+02,8.283691406250000000e+01,5.624999999999769074e-03,1.551249999999999929e+01,-3.828125000000071054e-02
3.500000000000000000e+02,8.296508789062500000e+01,6.062499999999992895e-02,1.538500000000000156e+01,-3.992187500000099476e-02
3.501000000000000227e+02,8.254394531250000000e+01,3.312500000000007105e-02,1.541750000000000043e+01,-5.468750000003907985e-04
3.501999999999999886e+02,8.239746093750000000e+01,2.812499999999973355e-02,1.544500000000000028e+01,-5.468750000003907985e-04
3.503000000000000114e+02,8.168334960937500000e+01,6.562499999999982236e-02,1.537750000000000128e+01,-6.015625000000035527e-02
3.503999999999999773e+02,8.184814453125000000e+01,5.562500000000003553e-02,1.542249999999999943e+01,-1.203125000000060396e-02
3.505000000000000000e+02,8.197631835937500000e+01,4.562499999999980460e-02,1.528000000000000114e+01,-6.398437500000042633e-02
3.506000000000000227e+02,8.148193359375000000e+01,5.312500000000008882e-02,1.526999999999999957e+01,-6.289062500000053291e-02
3.506999999999999886e+02,8.115234375000000000e+01,6.062499999999992895e-02,1.538250000000000028e+01,-1.804687500000046185e-02
3.508000000000000114e+02,8.074951171875000000e+01,3.812499999999996447e-02,1.527749999999999986e+01,2.187499999998898659e-03
3.508999999999999773e+02,8.096923828125000000e+01,7.062500000000015987e-02,1.533999999999999986e+01,-7.382812500000035527e-02
3.510000000000000000e+02,8.106079101562500000e+01,3.643749999999998934e-01,1.547250000000000014e+01,2.132812499999925393e-02
3.511000000000000227e+02,7.988891601562500000e+01,5.562500000000003553e-02,1.562249999999999872e+01,-8.695312500000085265e-02
3.511999999999999886e+02,8.021850585937500000e+01,5.062500000000014211e-02,1.556250000000000000e+01,-5.140625000000031974e-02
3.513000000000000114e+02,7.985229492187500000e+01,3.062500000000012434e-02,1.544750000000000156e+01,-5.031250000000042633e-02
3.513999999999999773e+02,8.001708984375000000e+01,-1.943749999999999645e-01,1.519500000000000028e+01,1.585937499999889866e-02
3.515000000000000000e+02,7.981567382812500000e+01,1.562500000000000000e-02,1.542249999999999943e+01,1.421874999999950262e-02
3.516000000000000227e+02,7.882690429687500000e+01,3.124999999999822364e-03,1.545749999999999957e+01,-4.921875000000852651e-03
3.516999999999999886e+02,7.930297851562500000e+01,4.312499999999985789e-02,1.544249999999999901e+01,-5.632812500000028422e-02
3.518000000000000114e+02,7.901000976562500000e+01,2.812499999999973355e-02,1.514499999999999957e+01,-2.625000000000099476e-02
3.518999999999999773e+02,7.915649414062500000e+01,-1.875000000000071054e-03,1.544000000000000128e+01,-3.937500000000060396e-02
3.520000000000000000e+02,7.846069335937500000e+01,1.312500000000005329e-02,1.533249999999999957e+01,-2.078125000000063949e-02
3.521000000000000227e+02,7.791137695312500000e+01,1.812499999999994671e-02,1.536250000000000071e+01,-7.656250000000053291e-02
3.521999999999999886e+02,7.838745117187500000e+01,2.562499999999978684e-02,1.531749999999999901e+01,-2.953125000000067502e-02
3.523000000000000114e+02,7.807617187500000000e+01,1.062500000000010658e-02,1.548250000000000171e+01,-3.171875000000046185e-02
3.523999999999999773e+02,7.769165039062500000e+01,3.312500000000007105e-02,1.528750000000000142e+01,-5.468750000000088818e-02
3.525000000000000000e+02,7.756347656250000000e+01,4.062499999999991118e-02,1.527749999999999986e+01,9.843749999999040767e-03
3.526000000000000227e+02,7.710571289062500000e+01,2.062499999999989342e-02,1.542249999999999943e+01,-2.187500000000053291e-02
3.526999999999999886e+02,7.758178710937500000e+01,3.124999999999822364e-03,1.533749999999999858e+01,-5.632812500000028422e-02
3.528000000000000114e+02,7.712402343750000000e+01,5.062500000000014211e-02,1.541250000000000142e+01,-2.570312500000060396e-02
3.528999999999999773e+02,7.655639648437500000e+01,2.812499999999973355e-02,1.519750000000000156e+01,-1.585937500000067502e-02
3.530000000000000000e+02,7.664794921875000000e+01,2.562499999999978684e-02,1.540500000000000114e+01,-1.170312500000010303e-01
3.531000000000000227e+02,7.622680664062500000e+01,3.312500000000007105e-02,1.541250000000000142e+01,-7.328125000000085265e-02
3.531999999999999886e+02,7.664794921875000000e+01,3.312500000000007105e-02,1.532750000000000057e+01,-4.101562500000088818e-02
3.533000000000000114e+02,7.564086914062500000e+01,3.562500000000001776e-02,1.516750000000000043e+01,-6.671875000000060396e-02
3.533999999999999773e+02,7.573242187500000000e+01,3.062500000000012434e-02,1.547250000000000014e+01,-4.320312500000067502e-02
3.535000000000000000e+02,7.582397460937500000e+01,2.081249999999998934e-01,1.514250000000000185e+01,-6.125000000000024869e-02
3.536000000000000227e+02,7.540283203125000000e+01,3.062500000000012434e-02,1.532750000000000057e+01,-2.734375000000088818e-02
3.536999999999999886e+02,7.551269531250000000e+01,-5.000000000000026645e-02,1.546249999999999858e+01,-4.046875000000049738e-02
3.538000000000000114e+02,7.490844726562500000e+01,2.312499999999984013e-02,1.527749999999999986e+01,-2.406250000000031974e-02
3.538999999999999773e+02,7.501831054687500000e+01,2.062499999999989342e-02,1.530750000000000099e+01,-7.546875000000063949e-02
3.540000000000000000e+02,7.509155273437500000e+01,6.812499999999976907e-02,1.521499999999999986e+01,-9.351562500000110134e-02
3.541000000000000227e+02,7.470703125000000000e+01,3.124999999999822364e-03,1.525750000000000028e+01,-5.250000000000110134e-02
3.541999999999999886e+02,7.446899414062500000e+01,4.562499999999980460e-02,1.530000000000000071e+01,-5.523437500000039080e-02
3.543000000000000114e+02,7.408447265625000000e+01,6.875000000000008882e-02,1.530750000000000099e+01,-4.320312500000067502e-02
3.543999999999999773e+02,7.419433593750000000e+01,3.562500000000001776e-02,1.543250000000000099e+01,-4.210937500000078160e-02
3.545000000000000000e+02,7.432250976562500000e+01,2.562499999999978684e-02,1.535249999999999915e+01,-2.898437500000028422e-02
3.546000000000000227e+02,7.333374023437500000e+01,3.062500000000012434e-02,1.549000000000000199e+01,-1.039062500000031974e-02
3.546999999999999886e+02,7.355346679687500000e+01,5.062500000000014211e-02,1.529500000000000171e+01,-3.171875000000046185e-02
3.548000000000000114e+02,7.326049804687500000e+01,2.812499999999973355e-02,1.535500000000000043e+01,-2.406250000000031974e-02
3.548999999999999773e+02,7.342529296875000000e+01,3.812499999999996447e-02,1.553999999999999915e+01,1.640624999999396039e-03
3.550000000000000000e+02,7.338867187500000000e+01,4.312499999999985789e-02,1.523499999999999943e+01,-1.804687500000046185e-02
3.551000000000000227e+02,7.247314453125000000e+01,5.624999999999769074e-03,1.537750000000000128e+01,3.828124999999182876e-03
3.551999999999999886e+02,7.283935546875000000e+01,2.812499999999973355e-02,1.554250000000000043e+01,2.734374999999289457e-03
3.553000000000000114e+02,7.260131835937500000e+01,1.062500000000010658e-02,1.529500000000000171e+01,-6.125000000000024869e-02
3.553999999999999773e+02,7.271118164062500000e+01,1.812499999999994671e-02,1.530499999999999972e+01,-1.148437500000110134e-02
3.555000000000000000e+02,7.210693359375000000e+01,6.562499999999982236e-02,1.528750000000000142e+01,-7.492187500000024869e-02
3.556000000000000227e+02,7.159423828125000000e+01,5.812499999999998224e-02,1.526750000000000185e+01,-3.335937500000074607e-02
3.556999999999999886e+02,7.205200195312500000e+01,3.812499999999996447e-02,1.541000000000000014e+01,-3.062500000000056843e-02
3.558000000000000114e+02,7.177734375000000000e+01,4.062499999999991118e-02,1.516499999999999915e+01,-7.820312500000081712e-02
3.558999999999999773e+02,7.155761718750000000e+01,4.062499999999991118e-02,1.544750000000000156e+01,-4.921875000000852651e-03
3.560000000000000000e+02,7.135620117187500000e+01,-4.375000000000017764e-03,1.545250000000000057e+01,-7.328125000000085265e-02
3.561000000000000227e+02,7.091674804687500000e+01,7.812500000000000000e-02,1.536500000000000199e+01,-4.539062500000046185e-02
3.561999999999999886e+02,7.133789062500000000e+01,5.062500000000014211e-02,1.527749999999999986e+01,-5.632812500000028422e-02
3.563000000000000114e+02,7.108154296875000000e+01,5.312500000000008882e-02,1.539999999999999858e+01,-8.968750000000103029e-02
3.563999999999999773e+02,7.053222656250000000e+01,3.062500000000012434e-02,1.526249999999999929e+01,-2.625000000000099476e-02
3.565000000000000000e+02,7.060546875000000000e+01,6.312499999999987566e-02,1.512750000000000128e+01,-8.312500000000078160e-02
3.566000000000000227e+02,7.020263671875000000e+01,5.812499999999998224e-02,1.521999999999999886e+01,1.695312499999968026e-02
3.566999999999999886e+02,7.064208984375000000e+01,5.812499999999998224e-02,1.538250000000000028e+01,-7.765625000000042633e-02
3.568000000000000114e+02,6.983642578125000000e+01,5.312500000000008882e-02,1.542000000000000171e+01,-5.085937500000081712e-02
3.568999999999999773e+02,6.985473632812500000e+01,-1.937500000000014211e-02,1.545250000000000057e+01,-2.078125000000063949e-02
3.570000000000000000e+02,6.992797851562500000e+01,7.062500000000015987e-02,1.523499999999999943e+01,-7.820312500000081712e-02
3.571000000000000227e+02,6.952514648437500000e+01,6.312499999999987566e-02,1.528000000000000114e+01,-1.750000000000095923e-02
3.571999999999999886e+02,6.976318359375000000e+01,2.062499999999989342e-02,1.527749999999999986e+01,2.406249999999943157e-02
3.573000000000000114e+02,6.912231445312500000e+01,4.062499999999991118e-02,1.533749999999999858e+01,-9.570312500000088818e-02
3.573999999999999773e+02,6.921386718750000000e+01,2.312499999999984013e-02,1.567750000000000199e+01,-8.093750000000099476e-02
3.575000000000000000e+02,6.936035156250000000e+01,5.562500000000003553e-02,1.537500000000000000e+01,-4.101562500000088818e-02
3.576000000000000227e+02,6.890258789062500000e+01,6.562499999999982236e-02,1.532750000000000057e+01,-2.351562500000081712e-02
3.576999999999999886e+02,6.871948242187500000e+01,3.812499999999996447e-02,1.551249999999999929e+01,-1.531250000000028422e-02
3.578000000000000114e+02,6.837158203125000000e+01,3.812499999999996447e-02,1.533749999999999858e+01,-5.304687500000060396e-02
3.578999999999999773e+02,6.851806640625000000e+01,1.256249999999998757e-01,1.530499999999999972e+01,7.109374999999751310e-03
3.580000000000000000e+02,6.860961914062500000e+01,3.062500000000012434e-02,1.551249999999999929e+01,-1.859375000000085265e-02
3.581000000000000227e+02,6.784057617187500000e+01,5.062500000000014211e-02,1.526750000000000185e+01,-3.500000000000103029e-02
3.581999999999999886e+02,6.806030273437500000e+01,1.812499999999994671e-02,1.529250000000000043e+01,-8.421875000000067502e-02
3.583000000000000114e+02,6.778564453125000000e+01,2.562499999999978684e-02,1.530750000000000099e+01,-6.015625000000746070e-03
3.583999999999999773e+02,6.793212890625000000e+01,3.062500000000012434e-02,1.535249999999999915e+01,-5.468750000003907985e-04
3.585000000000000000e+02,6.798706054687500000e+01,2.312499999999984013e-02,1.537999999999999901e+01,-5.851562500000095923e-02
3.586000000000000227e+02,6.708984375000000000e+01,5.812499999999998224e-02,1.544249999999999901e+01,-4.812500000000063949e-02
3.586999999999999886e+02,6.747436523437500000e+01,3.812499999999996447e-02,1.557250000000000156e+01,-8.640625000000046185e-02
3.588000000000000114e+02,6.721801757812500000e+01,4.812499999999975131e-02,1.524000000000000199e+01,-4.703125000000074607e-02
3.588999999999999773e+02,6.729125976562500000e+01,2.562499999999978684e-02,1.545250000000000057e+01,-4.046875000000049738e-02
3.590000000000000000e+02,6.687011718750000000e+01,4.812499999999975131e-02,1.533999999999999986e+01,-5.632812500000028422e-02
3.591000000000000227e+02,6.633911132812500000e+01,4.562499999999980460e-02,1.548250000000000171e+01,5.468749999999467093e-03
3.591999999999999886e+02,6.672363281250000000e+01,4.062499999999991118e-02,1.541250000000000142e+01,-3.609375000000092371e-02
3.593000000000000114e+02,6.650390625000000000e+01,3.562500000000001776e-02,1.522500000000000142e+01,-1.585937500000067502e-02
3.593999999999999773e+02,6.646728515625000000e+01,5.624999999999769074e-03,1.540249999999999986e+01,-2.515625000000110134e-02
3.595000000000000000e+02,6.611938476562500000e+01,3.062500000000012434e-02,1.537000000000000099e+01,-4.101562500000088818e-02
3.596000000000000227e+02,6.573486328125000000e+01,2.562499999999978684e-02,1.547250000000000014e+01,-6.562500000000071054e-02
3.596999999999999886e+02,6.617431640625000000e+01,-2.312500000000001776e-01,1.526249999999999929e+01,-2.351562500000081712e-02
3.598000000000000114e+02,6.589965820312500000e+01,2.812499999999973355e-02,1.521499999999999986e+01,-1.585937500000067502e-02
3.598999999999999773e+02,6.555175781250000000e+01,2.062499999999989342e-02,1.544249999999999901e+01,-1.914062500000035527e-02
3.600000000000000000e+02,6.562500000000000000e+01,4.812499999999975131e-02,1.532250000000000156e+01,-2.351562500000081712e-02
3.601000000000000227e+02,6.525878906250000000e+01,5.562500000000003553e-02,1.530250000000000199e+01,-4.812500000000063949e-02
3.601999999999999886e+02,6.566162109375000000e+01,4.562499999999980460e-02,1.527749999999999986e+01,-3.445312500000063949e-02
3.603000000000000114e+02,6.505737304687500000e+01,2.562499999999978684e-02,1.540249999999999986e+01,-7.273437500000046185e-02
3.603999999999999773e+02,6.491088867187500000e+01,5.062500000000014211e-02,1.547749999999999915e+01,5.468749999999467093e-03
3.605000000000000000e+02,6.503906250000000000e+01,1.812499999999994671e-02,1.554250000000000043e+01,-8.257812500000039080e-02
3.606000000000000227e+02,6.465454101562500000e+01,6.249999999998756550e-04,1.553999999999999915e+01,-3.390625000000024869e-02
3.606999999999999886e+02,6.503906250000000000e+01,6.562499999999982236e-02,1.564750000000000085e+01,-4.703125000000074607e-02
3.608000000000000114e+02,6.423339843750000000e+01,6.562499999999982236e-02,1.521750000000000114e+01,-4.539062500000046185e-02
3.608999999999999773e+02,6.432495117187500000e+01,5.812499999999998224e-02,1.543250000000000099e+01,-4.976562500000092371e-02
3.610000000000000000e+02,6.443481445312500000e+01,5.062500000000014211e-02,1.536250000000000071e+01,-5.359375000000099476e-02
3.611000000000000227e+02,6.403198242187500000e+01,6.062499999999992895e-02,1.530999999999999872e+01,-3.554687500000053291e-02
3.611999999999999886e+02,6.401367187500000000e+01,4.062499999999991118e-02,1.546249999999999858e+01,9.843749999999040767e-03
3.613000000000000114e+02,6.372070312500000000e+01,5.312500000000008882e-02,1.552250000000000085e+01,-2.734375000001065814e-03
3.613999999999999773e+02,6.383056640625000000e+01,4.062499999999991118e-02,1.543750000000000000e+01,-2.187500000000053291e-02
3.615000000000000000e+02,6.392211914062500000e+01,3.562500000000001776e-02,1.535249999999999915e+01,-6.507812500000031974e-02
3.616000000000000227e+02,6.337280273437500000e+01,2.312499999999984013e-02,1.552250000000000085e+01,-1.968750000000074607e-02
3.616999999999999886e+02,6.335449218750000000e+01,2.312499999999984013e-02,1.541750000000000043e+01,-3.226562500000085265e-02
3.618000000000000114e+02,6.307983398437500000e+01,1.812499999999994671e-02,1.548000000000000043e+01,-7.109375000000639488e-03
3.618999999999999773e+02,6.318969726562500000e+01,8.875000000000010658e-02,1.542000000000000171e+01,-8.804687500000074607e-02
3.620000000000000000e+02,6.328125000000000000e+01,3.562500000000001776e-02,1.533249999999999957e+01,-3.609375000000092371e-02
3.621000000000000227e+02,6.271362304687500000e+01,5.812499999999998224e-02,1.523250000000000171e+01,-7.218750000000095923e-02
3.621999999999999886e+02,6.311645507812500000e+01,4.062499999999991118e-02,1.552250000000000085e+01,-2.789062500000039080e-02
3.623000000000000114e+02,6.287841796875000000e+01,2.812499999999973355e-02,1.543750000000000000e+01,-3.664062500000042633e-02
3.623999999999999773e+02,6.296997070312500000e+01,6.312499999999987566e-02,1.548250000000000171e+01,-5.250000000000110134e-02
3.625000000000000000e+02,6.311645507812500000e+01,6.812499999999976907e-02,1.542249999999999943e+01,-5.960937500000085265e-02
3.626000000000000227e+02,6.269531250000000000e+01,3.390000000000000124e+00,1.541499999999999915e+01,1.711007812500000114e+01
3.626999999999999886e+02,6.313476562500000000e+01,2.915000000000000036e+00,1.545749999999999957e+01,1.549132812500000078e+01
3.628000000000000114e+02,6.284179687500000000e+01,2.979999999999999982e+00,1.542999999999999972e+01,1.552742187499999993e+01
3.628999999999999773e+02,6.298828125000000000e+01,2.957500000000000018e+00,1.533999999999999986e+01,1.544921875000000000e+01
3.630000000000000000e+02,6.306152343750000000e+01,3.004999999999999893e+00,1.517500000000000071e+01,1.551812500000000128e+01
3.631000000000000227e+02,6.269531250000000000e+01,3.000000000000000000e+00,1.528249999999999886e+01,1.551374999999999993e+01
3.631999999999999886e+02,6.309814453125000000e+01,3.012500000000000178e+00,1.553249999999999886e+01,1.550281250000000099e+01
3.633000000000000114e+02,6.286010742187500000e+01,3.017500000000000071e+00,1.533749999999999858e+01,1.550609375000000156e+01
3.633999999999999773e+02,6.432495117187500000e+01,3.032500000000000195e+00,1.521750000000000114e+01,1.552796875000000121e+01
3.635000000000000000e+02,6.470947265625000000e+01,3.062500000000000000e+00,1.539250000000000185e+01,1.552140625000000007e+01
3.636000000000000227e+02,6.432495117187500000e+01,3.049999999999999822e+00,1.544249999999999901e+01,1.555914062500000128e+01
3.636999999999999886e+02,6.474609375000000000e+01,3.007499999999999840e+00,1.535000000000000142e+01,1.547218750000000043e+01
3.638000000000000114e+02,6.589965820312500000e+01,3.049999999999999822e+00,1.537750000000000128e+01,1.549570312500000036e+01
3.638999999999999773e+02,6.756591796875000000e+01,3.064999999999999947e+00,1.561250000000000071e+01,1.547984375000000057e+01
3.640000000000000000e+02,6.771240234375000000e+01,3.084999999999999964e+00,1.529500000000000171e+01,1.550773437500000007e+01
3.641000000000000227e+02,6.730957031250000000e+01,3.069999999999999840e+00,1.541750000000000043e+01,1.550828125000000135e+01
3.641999999999999886e+02,6.774902343750000000e+01,3.097500000000000142e+00,1.524000000000000199e+01,1.554109374999999993e+01
3.643000000000000114e+02,7.135620117187500000e+01,3.092499999999999805e+00,1.521499999999999986e+01,1.557062500000000149e+01
3.643999999999999773e+02,7.181396484375000000e+01,3.112499999999999822e+00,1.561749999999999972e+01,1.552523437500000014e+01
3.645000000000000000e+02,7.192382812500000000e+01,3.097500000000000142e+00,1.548250000000000171e+01,1.551265625000000092e+01
3.646000000000000227e+02,7.152099609375000000e+01,3.092499999999999805e+00,1.532499999999999929e+01,1.549351562500000057e+01
3.646999999999999886e+02,7.553100585937500000e+01,3.169999999999999929e+00,1.550250000000000128e+01,1.551539062500000021e+01
3.648000000000000114e+02,7.642822265625000000e+01,3.100000000000000089e+00,1.572749999999999915e+01,1.548859375000000149e+01
3.648999999999999773e+02,7.670288085937500000e+01,3.125000000000000000e+00,1.532750000000000057e+01,1.548585937500000043e+01
3.650000000000000000e+02,7.683105468750000000e+01,3.160000000000000142e+00,1.518499999999999872e+01,1.549679687500000114e+01
3.651000000000000227e+02,7.721557617187500000e+01,3.152499999999999858e+00,1.547749999999999915e+01,1.551046875000000114e+01
3.651999999999999886e+02,8.063964843750000000e+01,3.242500000000000160e+00,1.521249999999999858e+01,1.554328125000000149e+01
3.653000000000000114e+02,8.040161132812500000e+01,3.129999999999999893e+00,1.545250000000000057e+01,1.553945312500000142e+01
3.653999999999999773e+02,8.062133789062500000e+01,3.167499999999999982e+00,1.547250000000000014e+01,1.548750000000000071e+01
3.655000000000000000e+02,8.073120117187500000e+01,3.194999999999999840e+00,1.528999999999999915e+01,1.546562500000000107e+01
3.656000000000000227e+02,8.329467773437500000e+01,3.200000000000000178e+00,1.533249999999999957e+01,1.554328125000000149e+01
3.656999999999999886e+02,8.419189453125000000e+01,3.189999999999999947e+00,1.539499999999999957e+01,1.548750000000000071e+01
3.658000000000000114e+02,8.377075195312500000e+01,3.209999999999999964e+00,1.533000000000000185e+01,1.545085937500000028e+01
3.658999999999999773e+02,8.404541015625000000e+01,3.169999999999999929e+00,1.550250000000000128e+01,1.550281250000000099e+01
3.660000000000000000e+02,8.578491210937500000e+01,3.177500000000000213e+00,1.529250000000000043e+01,1.547929687500000107e+01
3.661000000000000227e+02,8.668212890625000000e+01,3.209999999999999964e+00,1.538749999999999929e+01,1.546398437500000078e+01
3.661999999999999886e+02,8.717651367187500000e+01,3.209999999999999964e+00,1.542249999999999943e+01,1.549023437500000000e+01
3.663000000000000114e+02,8.675537109375000000e+01,3.209999999999999964e+00,1.539250000000000185e+01,1.550554687500000028e+01
3.663999999999999773e+02,8.704833984375000000e+01,3.194999999999999840e+00,1.530999999999999872e+01,1.550335937500000050e+01
3.665000000000000000e+02,8.957519531250000000e+01,3.227500000000000036e+00,1.547250000000000014e+01,1.547929687500000107e+01
3.666000000000000227e+02,8.930053710937500000e+01,3.229999999999999982e+00,1.522749999999999915e+01,1.549570312500000036e+01
3.666999999999999886e+02,8.981323242187500000e+01,3.252499999999999947e+00,1.518750000000000000e+01,1.550281250000000099e+01
3.668000000000000114e+02,8.939208984375000000e+01,3.245000000000000107e+00,1.527749999999999986e+01,1.548039062500000007e+01
3.668999999999999773e+02,9.169921875000000000e+01,3.217499999999999805e+00,1.529749999999999943e+01,1.548531250000000092e+01
3.670000000000000000e+02,9.221191406250000000e+01,3.232499999999999929e+00,1.536749999999999972e+01,1.553726562500000163e+01
3.671000000000000227e+02,9.184570312500000000e+01,3.254999999999999893e+00,1.512000000000000099e+01,1.550117187500000071e+01
3.671999999999999886e+02,9.234008789062500000e+01,3.257499999999999840e+00,1.556250000000000000e+01,1.545742187500000142e+01
3.673000000000000114e+02,9.274291992187500000e+01,3.252499999999999947e+00,1.545250000000000057e+01,1.547328125000000121e+01
3.673999999999999773e+02,9.444580078125000000e+01,3.285000000000000142e+00,1.540249999999999986e+01,1.551374999999999993e+01
3.675000000000000000e+02,9.453735351562500000e+01,3.297499999999999876e+00,1.543250000000000099e+01,1.550718750000000057e+01
3.676000000000000227e+02,9.418945312500000000e+01,3.259999999999999787e+00,1.530000000000000071e+01,1.548367187500000064e+01
3.676999999999999886e+02,9.464721679687500000e+01,3.290000000000000036e+00,1.538250000000000028e+01,1.548585937500000043e+01
3.678000000000000114e+02,9.603881835937500000e+01,3.287500000000000089e+00,1.536250000000000071e+01,1.550828125000000135e+01
3.678999999999999773e+02,9.662475585937500000e+01,3.310000000000000053e+00,1.528500000000000014e+01,1.553562500000000135e+01
3.680000000000000000e+02,9.666137695312500000e+01,3.305000000000000160e+00,1.523000000000000043e+01,1.551046875000000114e+01
3.681000000000000227e+02,9.625854492187500000e+01,3.305000000000000160e+00,1.537249999999999872e+01,1.552140625000000007e+01
3.681999999999999886e+02,9.827270507812500000e+01,3.319999999999999840e+00,1.527250000000000085e+01,1.545578125000000114e+01
3.683000000000000114e+02,9.832763671875000000e+01,3.322499999999999787e+00,1.532750000000000057e+01,1.547492187500000149e+01
3.683999999999999773e+02,9.873046875000000000e+01,3.350000000000000089e+00,1.527499999999999858e+01,1.550062500000000121e+01
3.685000000000000000e+02,9.873046875000000000e+01,3.302500000000000213e+00,1.530499999999999972e+01,1.549515625000000085e+01
3.686000000000000227e+02,9.858398437500000000e+01,3.314999999999999947e+00,1.535000000000000142e+01,1.551156250000000014e+01
3.686999999999999886e+02,1.006530761718750000e+02,3.305000000000000160e+00,1.537999999999999901e+01,1.546070312500000021e+01
3.688000000000000114e+02,1.002502441406250000e+02,3.347500000000000142e+00,1.533249999999999957e+01,1.546781250000000085e+01
3.688999999999999773e+02,1.006347656250000000e+02,3.342500000000000249e+00,1.526000000000000156e+01,1.551757812500000000e+01
3.690000000000000000e+02,1.006896972656250000e+02,3.350000000000000089e+00,1.523499999999999943e+01,1.552851562500000071e+01
3.691000000000000227e+02,1.019348144531250000e+02,3.370000000000000107e+00,1.522250000000000014e+01,1.545960937500000121e+01
3.691999999999999886e+02,1.026855468750000000e+02,3.384999999999999787e+00,1.536250000000000071e+01,1.553234375000000078e+01
3.693000000000000114e+02,1.021362304687500000e+02,3.365000000000000213e+00,1.544249999999999901e+01,1.545304687500000007e+01
3.693999999999999773e+02,1.025207519531250000e+02,3.362499999999999822e+00,1.527250000000000085e+01,1.549679687500000114e+01
3.695000000000000000e+02,1.035095214843750000e+02,3.375000000000000000e+00,1.524000000000000199e+01,1.547437500000000021e+01
3.696000000000000227e+02,1.039489746093750000e+02,3.395000000000000018e+00,1.541250000000000142e+01,1.546726562500000135e+01
3.696999999999999886e+02,1.044616699218750000e+02,3.365000000000000213e+00,1.540249999999999986e+01,1.555312500000000142e+01
3.698000000000000114e+02,1.039489746093750000e+02,3.387500000000000178e+00,1.536749999999999972e+01,1.546070312500000021e+01
3.698999999999999773e+02,1.043518066406250000e+02,3.405000000000000249e+00,1.534250000000000114e+01,1.549460937500000135e+01
3.700000000000000000e+02,1.059997558593750000e+02,3.397499999999999964e+00,1.544999999999999929e+01,1.549460937500000135e+01
3.701000000000000227e+02,1.057617187500000000e+02,3.457500000000000018e+00,1.542000000000000171e+01,1.542734375000000036e+01
3.701999999999999886e+02,1.062927246093750000e+02,3.399999999999999911e+00,1.530250000000000199e+01,1.546179687500000099e+01
3.703000000000000114e+02,1.057250976562500000e+02,3.399999999999999911e+00,1.543250000000000099e+01,1.548914062500000099e+01
3.703999999999999773e+02,1.076293945312500000e+02,3.432500000000000107e+00,1.542249999999999943e+01,1.550937500000000036e+01
3.705000000000000000e+02,1.079223632812500000e+02,3.432500000000000107e+00,1.551750000000000185e+01,1.550445312500000128e+01
3.706000000000000227e+02,1.075744628906250000e+02,3.399999999999999911e+00,1.532250000000000156e+01,1.552960937500000149e+01
3.706999999999999886e+02,1.081237792968750000e+02,3.432500000000000107e+00,1.537999999999999901e+01,1.545304687500000007e+01
3.708000000000000114e+02,1.081604003906250000e+02,3.464999999999999858e+00,1.516750000000000043e+01,1.551757812500000000e+01
3.708999999999999773e+02,1.096252441406250000e+02,3.479999999999999982e+00,1.529749999999999943e+01,1.551976562500000156e+01
3.710000000000000000e+02,1.096435546875000000e+02,3.430000000000000160e+00,1.537999999999999901e+01,1.545906249999999993e+01
3.711000000000000227e+02,1.092773437500000000e+02,3.487499999999999822e+00,1.515749999999999886e+01,1.548804687500000021e+01
3.711999999999999886e+02,1.098083496093750000e+02,3.455000000000000071e+00,1.540249999999999986e+01,1.550007812499999993e+01
3.713000000000000114e+02,1.106323242187500000e+02,3.492500000000000160e+00,1.543250000000000099e+01,1.554601562500000078e+01
3.713999999999999773e+02,1.112915039062500000e+02,3.464999999999999858e+00,1.549749999999999872e+01,1.550390625000000000e+01
3.715000000000000000e+02,1.112548828125000000e+02,3.502499999999999947e+00,1.546249999999999858e+01,1.551867187500000078e+01
3.716000000000000227e+02,1.108886718750000000e+02,3.532499999999999751e+00,1.560249999999999915e+01,1.550335937500000050e+01
3.716999999999999886e+02,1.125915527343750000e+02,3.487499999999999822e+00,1.524500000000000099e+01,1.550171875000000021e+01
3.718000000000000114e+02,1.124816894531250000e+02,3.527499999999999858e+00,1.557250000000000156e+01,1.549187500000000028e+01
3.718999999999999773e+02,1.129760742187500000e+02,3.517500000000000071e+00,1.519500000000000028e+01,1.549570312500000036e+01
3.720000000000000000e+02,1.129394531250000000e+02,3.560000000000000053e+00,1.519750000000000156e+01,1.549843750000000142e+01
3.721000000000000227e+02,1.128845214843750000e+02,3.530000000000000249e+00,1.512750000000000128e+01,1.549898437500000092e+01
3.721999999999999886e+02,1.147521972656250000e+02,3.502499999999999947e+00,1.532499999999999929e+01,1.542351562500000028e+01
3.723000000000000114e+02,1.142395019531250000e+02,3.527499999999999858e+00,1.555250000000000199e+01,1.554382812500000099e+01
3.723999999999999773e+02,1.146789550781250000e+02,3.872500000000000053e+00,1.541250000000000142e+01,1.548968750000000050e+01
3.725000000000000000e+02,1.146423339843750000e+02,3.557500000000000107e+00,1.521499999999999986e+01,1.553890625000000014e+01
3.726000000000000227e+02,1.156860351562500000e+02,3.567499999999999893e+00,1.531250000000000000e+01,1.542734375000000036e+01
3.726999999999999886e+02,1.164184570312500000e+02,3.570000000000000284e+00,1.533249999999999957e+01,1.551703125000000050e+01
3.728000000000000114e+02,1.157958984375000000e+02,3.524999999999999911e+00,1.555499999999999972e+01,1.550664062500000107e+01
3.728999999999999773e+02,1.163085937500000000e+02,3.562500000000000000e+00,1.541000000000000014e+01,1.550992187500000163e+01
3.730000000000000000e+02,1.171691894531250000e+02,3.597500000000000142e+00,1.548250000000000171e+01,1.551374999999999993e+01
3.731000000000000227e+02,1.174621582031250000e+02,3.552500000000000213e+00,1.542999999999999972e+01,1.553398437500000107e+01
3.731999999999999886e+02,1.180297851562500000e+02,3.604999999999999982e+00,1.533000000000000185e+01,1.553015625000000099e+01
3.733000000000000114e+02,1.173889160156250000e+02,3.584999999999999964e+00,1.538250000000000028e+01,1.554000000000000092e+01
3.733999999999999773e+02,1.179565429687500000e+02,3.587499999999999911e+00,1.525750000000000028e+01,1.550117187500000071e+01
3.735000000000000000e+02,1.194580078125000000e+02,3.620000000000000107e+00,1.515249999999999986e+01,1.548585937500000043e+01
3.736000000000000227e+02,1.192016601562500000e+02,3.607499999999999929e+00,1.530499999999999972e+01,1.551648437500000099e+01
3.736999999999999886e+02,1.197326660156250000e+02,3.652499999999999858e+00,1.514250000000000185e+01,1.558539062500000050e+01
3.738000000000000114e+02,1.190734863281250000e+02,3.652499999999999858e+00,1.518750000000000000e+01,1.553945312500000142e+01
3.738999999999999773e+02,1.209960937500000000e+02,3.634999999999999787e+00,1.539250000000000185e+01,1.551374999999999993e+01
3.740000000000000000e+02,1.212158203125000000e+02,3.629999999999999893e+00,1.542000000000000171e+01,1.553453125000000057e+01
3.741000000000000227e+02,1.209411621093750000e+02,3.662500000000000089e+00,1.533749999999999858e+01,1.547875000000000156e+01
3.741999999999999886e+02,1.214172363281250000e+02,3.665000000000000036e+00,1.533749999999999858e+01,1.545523437500000163e+01
3.743000000000000114e+02,1.215454101562500000e+02,3.692499999999999893e+00,1.550750000000000028e+01,1.551484375000000071e+01
3.743999999999999773e+02,1.229003906250000000e+02,3.687500000000000000e+00,1.529250000000000043e+01,1.544703125000000021e+01
3.745000000000000000e+02,1.228454589843750000e+02,3.657499999999999751e+00,1.533000000000000185e+01,1.549515625000000085e+01
3.746000000000000227e+02,1.225341796875000000e+02,3.685000000000000053e+00,1.551249999999999929e+01,1.548695312500000121e+01
3.746999999999999886e+02,1.230468750000000000e+02,3.685000000000000053e+00,1.515500000000000114e+01,1.550554687500000028e+01
3.748000000000000114e+02,1.239440917968750000e+02,3.662500000000000089e+00,1.530999999999999872e+01,1.548367187500000064e+01
3.748999999999999773e+02,1.246215820312500000e+02,3.667499999999999982e+00,1.554250000000000043e+01,1.553890625000000014e+01
3.750000000000000000e+02,1.244750976562500000e+02,3.665000000000000036e+00,1.535249999999999915e+01,1.548093750000000135e+01
3.751000000000000227e+02,1.242187500000000000e+02,3.695000000000000284e+00,1.551249999999999929e+01,1.548859375000000149e+01
3.751999999999999886e+02,1.260314941406250000e+02,3.687500000000000000e+00,1.522749999999999915e+01,1.549023437500000000e+01
3.753000000000000114e+02,1.256835937500000000e+02,3.759999999999999787e+00,1.542249999999999943e+01,1.551484375000000071e+01
3.753999999999999773e+02,1.262145996093750000e+02,3.714999999999999858e+00,1.539999999999999858e+01,1.555039062500000036e+01
3.755000000000000000e+02,1.261413574218750000e+02,3.714999999999999858e+00,1.535500000000000043e+01,1.548312500000000114e+01
3.756000000000000227e+02,1.262878417968750000e+02,3.757500000000000284e+00,1.516750000000000043e+01,1.546070312500000021e+01
3.756999999999999886e+02,1.278991699218750000e+02,3.747500000000000053e+00,1.537999999999999901e+01,1.548531250000000092e+01
3.758000000000000114e+02,1.273132324218750000e+02,3.762500000000000178e+00,1.539499999999999957e+01,1.547929687500000107e+01
3.758999999999999773e+02,1.278625488281250000e+02,3.787500000000000089e+00,1.515500000000000114e+01,1.553289062500000028e+01
3.760000000000000000e+02,1.277160644531250000e+02,3.774999999999999911e+00,1.542750000000000199e+01,1.548531250000000092e+01
3.761000000000000227e+02,1.288879394531250000e+02,3.777499999999999858e+00,1.524749999999999872e+01,1.549132812500000078e+01
3.761999999999999886e+02,1.295654296875000000e+02,3.807500000000000107e+00,1.533999999999999986e+01,1.549515625000000085e+01
3.763000000000000114e+02,1.288696289062500000e+02,3.905000000000000249e+00,1.554250000000000043e+01,1.556351562500000085e+01
3.763999999999999773e+02,1.294555664062500000e+02,3.822499999999999787e+00,1.560999999999999943e+01,1.544976562500000128e+01
3.765000000000000000e+02,1.304260253906250000e+02,3.805000000000000160e+00,1.528750000000000142e+01,1.547164062500000092e+01
3.766000000000000227e+02,1.306091308593750000e+02,3.812500000000000000e+00,1.513749999999999929e+01,1.548039062500000007e+01
3.766999999999999886e+02,1.311401367187500000e+02,3.842500000000000249e+00,1.557250000000000156e+01,1.552195312500000135e+01
3.768000000000000114e+02,1.305175781250000000e+02,3.827500000000000124e+00,1.543250000000000099e+01,1.548968750000000050e+01
3.768999999999999773e+02,1.313415527343750000e+02,3.812500000000000000e+00,1.521999999999999886e+01,1.550828125000000135e+01
3.770000000000000000e+02,1.325317382812500000e+02,3.877499999999999947e+00,1.532750000000000057e+01,1.548039062500000007e+01
3.771000000000000227e+02,1.323669433593750000e+02,3.875000000000000000e+00,1.526000000000000156e+01,1.547656250000000000e+01
3.771999999999999886e+02,1.328247070312500000e+02,3.912500000000000089e+00,1.548499999999999943e+01,1.550007812499999993e+01
3.773000000000000114e+02,1.322204589843750000e+02,3.865000000000000213e+00,1.557250000000000156e+01,1.550117187500000071e+01
3.773999999999999773e+02,1.338867187500000000e+02,3.915000000000000036e+00,1.533249999999999957e+01,1.548859375000000149e+01
3.775000000000000000e+02,1.339233398437500000e+02,3.892500000000000071e+00,1.549249999999999972e+01,1.553398437500000107e+01
3.776000000000000227e+02,1.336486816406250000e+02,3.915000000000000036e+00,1.556250000000000000e+01,1.552578125000000142e+01
3.776999999999999886e+02,1.341613769531250000e+02,3.924999999999999822e+00,1.508000000000000185e+01,1.548148437500000085e+01
3.778000000000000114e+02,1.335754394531250000e+02,4.562499999999980460e-02,1.541000000000000014e+01,-3.445312500000063949e-02
3.778999999999999773e+02,1.341979980468750000e+02,3.812499999999996447e-02,1.525750000000000028e+01,-6.234375000000103029e-02
3.780000000000000000e+02,1.340332031250000000e+02,4.312499999999985789e-02,1.554500000000000171e+01,-1.859375000000085265e-02
3.781000000000000227e+02,1.337402343750000000e+02,1.312500000000005329e-02,1.558999999999999986e+01,-1.110156250000002842e-01
3.781999999999999886e+02,1.342895507812500000e+02,3.312500000000007105e-02,1.545500000000000185e+01,-5.085937500000081712e-02
3.783000000000000114e+02,1.335937500000000000e+02,1.062500000000010658e-02,1.539499999999999957e+01,-3.335937500000074607e-02
3.783999999999999773e+02,1.341796875000000000e+02,5.312500000000008882e-02,1.532499999999999929e+01,-2.351562500000081712e-02
3.785000000000000000e+02,1.339965820312500000e+02,8.124999999999715783e-03,1.551249999999999929e+01,-1.039062500000031974e-02
3.786000000000000227e+02,1.337585449218750000e+02,3.062500000000012434e-02,1.542999999999999972e+01,-5.304687500000060396e-02
3.786999999999999886e+02,1.336120605468750000e+02,4.312499999999985789e-02,1.562000000000000099e+01,-1.695312500000056843e-02
3.788000000000000114e+02,1.328430175781250000e+02,5.062500000000014211e-02,1.531749999999999901e+01,-3.554687500000053291e-02
3.788999999999999773e+02,1.333923339843750000e+02,3.562500000000001776e-02,1.533500000000000085e+01,-3.171875000000046185e-02
3.790000000000000000e+02,1.331726074218750000e+02,2.312499999999984013e-02,1.521999999999999886e+01,3.226562499999907629e-02
3.791000000000000227e+02,1.317443847656250000e+02,2.312499999999984013e-02,1.538250000000000028e+01,-3.992187500000099476e-02
3.791999999999999886e+02,1.308288574218750000e+02,1.312500000000005329e-02,1.524749999999999872e+01,4.374999999999573674e-03
3.793000000000000114e+02,1.300781250000000000e+02,-9.374999999999911182e-03,1.519999999999999929e+01,-6.179687500000063949e-02
3.793999999999999773e+02,1.306457519531250000e+02,3.124999999999822364e-03,1.536749999999999972e+01,-1.859375000000085265e-02
3.795000000000000000e+02,1.304809570312500000e+02,5.062500000000014211e-02,1.536250000000000071e+01,-2.406250000000031974e-02
3.796000000000000227e+02,1.264343261718750000e+02,3.062500000000012434e-02,1.529749999999999943e+01,-6.835937500000088818e-02
3.796999999999999886e+02,1.266540527343750000e+02,1.312500000000005329e-02,1.556250000000000000e+01,-2.843750000000078160e-02
3.798000000000000114e+02,1.260131835937500000e+02,-1.687500000000019540e-02,1.530499999999999972e+01,-3.335937500000074607e-02
3.798999999999999773e+02,1.265075683593750000e+02,3.562500000000001776e-02,1.556250000000000000e+01,-4.429687500000056843e-02
3.800000000000000000e+02,1.226257324218750000e+02,5.812499999999998224e-02,1.535750000000000171e+01,-7.382812500000035527e-02
3.801000000000000227e+02,1.210693359375000000e+02,-2.187500000000008882e-02,1.536749999999999972e+01,-1.914062500000035527e-02
3.801999999999999886e+02,1.216003417968750000e+02,3.562500000000001776e-02,1.530750000000000099e+01,-3.390625000000024869e-02
3.803000000000000114e+02,1.209045410156250000e+02,3.562500000000001776e-02,1.534250000000000114e+01,-3.718750000000081712e-02
3.803999999999999773e+02,1.203735351562500000e+02,4.312499999999985789e-02,1.537249999999999872e+01,-2.406250000000031974e-02
3.805000000000000000e+02,1.172607421875000000e+02,5.624999999999769074e-03,1.526750000000000185e+01,-5.359375000000099476e-02
3.806000000000000227e+02,1.168395996093750000e+02,3.062500000000012434e-02,1.533000000000000185e+01,-9.296875000000426326e-03
3.806999999999999886e+02,1.173156738281250000e+02,4.812499999999975131e-02,1.529500000000000171e+01,-2.898437500000028422e-02
3.808000000000000114e+02,1.167114257812500000e+02,3.812499999999996447e-02,1.547250000000000014e+01,-3.609375000000092371e-02
3.808999999999999773e+02,1.142211914062500000e+02,4.562499999999980460e-02,1.529500000000000171e+01,-1.585937500000067502e-02
3.810000000000000000e+02,1.137634277343750000e+02,6.062499999999992895e-02,1.544249999999999901e+01,-5.523437500000039080e-02
3.811000000000000227e+02,1.134338378906250000e+02,4.062499999999991118e-02,1.532000000000000028e+01,-7.109375000000639488e-03
3.811999999999999886e+02,1.138916015625000000e+02,3.812499999999996447e-02,1.549249999999999972e+01,1.585937499999889866e-02
3.813000000000000114e+02,1.114562988281250000e+02,2.312499999999984013e-02,1.540249999999999986e+01,-1.695312500000056843e-02
3.813999999999999773e+02,1.109619140625000000e+02,6.249999999998756550e-04,1.555250000000000199e+01,-5.031250000000042633e-02
3.815000000000000000e+02,1.108520507812500000e+02,4.812499999999975131e-02,1.542249999999999943e+01,-7.273437500000046185e-02
3.816000000000000227e+02,1.105407714843750000e+02,5.812499999999998224e-02,1.526000000000000156e+01,-4.375000000000106581e-02
3.816999999999999886e+02,1.109802246093750000e+02,1.062500000000010658e-02,1.538749999999999929e+01,-3.390625000000024869e-02
3.818000000000000114e+02,1.080505371093750000e+02,3.312500000000007105e-02,1.551500000000000057e+01,-1.476562500000078160e-02
3.818999999999999773e+02,1.083801269531250000e+02,4.812499999999975131e-02,1.538250000000000028e+01,-2.679687500000049738e-02
3.820000000000000000e+02,1.083801269531250000e+02,2.562499999999978684e-02,1.540249999999999986e+01,-5.414062500000049738e-02
3.821000000000000227e+02,1.079956054687500000e+02,3.062500000000012434e-02,1.556250000000000000e+01,-8.148437500000049738e-02
3.821999999999999886e+02,1.066589355468750000e+02,1.312500000000005329e-02,1.542249999999999943e+01,3.281249999999680256e-03
3.823000000000000114e+02,1.057434082031250000e+02,1.562500000000000000e-02,1.570749999999999957e+01,1.093749999999005240e-03
3.823999999999999773e+02,1.062011718750000000e+02,2.312499999999984013e-02,1.551249999999999929e+01,-6.234375000000103029e-02
3.825000000000000000e+02,1.062377929687500000e+02,6.312499999999987566e-02,1.544750000000000156e+01,-1.531250000000028422e-02
3.826000000000000227e+02,1.048645019531250000e+02,2.812499999999973355e-02,1.532000000000000028e+01,-2.296875000000042633e-02
3.826999999999999886e+02,1.042785644531250000e+02,3.312500000000007105e-02,1.533999999999999986e+01,-7.109375000000106581e-02
3.828000000000000114e+02,1.037109375000000000e+02,2.812499999999973355e-02,1.527749999999999986e+01,-5.632812500000028422e-02
3.828999999999999773e+02,1.041320800781250000e+02,2.062499999999989342e-02,1.526750000000000185e+01,-8.881784197001252323e-16
3.830000000000000000e+02,1.041320800781250000e+02,2.562499999999978684e-02,1.524749999999999872e+01,-3.937500000000060396e-02
3.831000000000000227e+02,1.022277832031250000e+02,-4.375000000000017764e-03,1.543499999999999872e+01,-3.664062500000042633e-02
3.831999999999999886e+02,1.025939941406250000e+02,4.812499999999975131e-02,1.553249999999999886e+01,4.921874999999964473e-02
3.833000000000000114e+02,1.020446777343750000e+02,2.062499999999989342e-02,1.567000000000000171e+01,-1.859375000000085265e-02
3.833999999999999773e+02,1.024108886718750000e+02,5.624999999999769074e-03,1.542249999999999943e+01,-4.976562500000092371e-02
3.835000000000000000e+02,1.012023925781250000e+02,7.312500000000010658e-02,1.532250000000000156e+01,-6.671875000000060396e-02
3.836000000000000227e+02,1.003967285156250000e+02,4.562499999999980460e-02,1.525499999999999901e+01,7.656249999999253930e-03
3.836999999999999886e+02,1.009277343750000000e+02,1.562500000000000000e-02,1.542249999999999943e+01,-1.695312500000056843e-02
3.838000000000000114e+02,1.003417968750000000e+02,1.812499999999994671e-02,1.557499999999999929e+01,-3.007812500000106581e-02
3.838999999999999773e+02,1.005065917968750000e+02,6.312499999999987566e-02,1.524500000000000099e+01,-3.609375000000092371e-02
3.840000000000000000e+02,9.931640625000000000e+01,3.062500000000012434e-02,1.546249999999999858e+01,-1.640625000000106581e-02
3.841000000000000227e+02,9.887695312500000000e+01,5.312500000000008882e-02,1.540749999999999886e+01,-2.625000000000099476e-02
3.841999999999999886e+02,9.938964843750000000e+01,7.562500000000005329e-02,1.541250000000000142e+01,-5.085937500000081712e-02
3.843000000000000114e+02,9.885864257812500000e+01,2.812499999999973355e-02,1.524000000000000199e+01,-3.773437500000031974e-02
3.843999999999999773e+02,9.790649414062500000e+01,-5.874999999999985789e-02,1.578999999999999915e+01,-7.054687500000067502e-02
3.845000000000000000e+02,9.774169921875000000e+01,5.562500000000003553e-02,1.536250000000000071e+01,-3.882812500000110134e-02
3.846000000000000227e+02,9.737548828125000000e+01,3.062500000000012434e-02,1.512999999999999901e+01,1.257812499999921840e-02
3.846999999999999886e+02,9.788818359375000000e+01,3.562500000000001776e-02,1.533999999999999986e+01,-4.101562500000088818e-02
3.848000000000000114e+02,9.656982421875000000e+01,8.124999999999715783e-03,1.521750000000000114e+01,-6.453125000000081712e-02
3.848999999999999773e+02,9.645996093750000000e+01,-1.412499999999998757e-01,1.523499999999999943e+01,-1.312500000000049738e-02
3.850000000000000000e+02,9.644165039062500000e+01,3.312500000000007105e-02,1.557250000000000156e+01,-4.210937500000078160e-02
3.851000000000000227e+02,9.609375000000000000e+01,3.062500000000012434e-02,1.549000000000000199e+01,-5.085937500000081712e-02
3.851999999999999886e+02,9.655151367187500000e+01,3.812499999999996447e-02,1.549249999999999972e+01,-4.648437500000035527e-02
3.853000000000000114e+02,9.483032226562500000e+01,9.437499999999987566e-02,1.533999999999999986e+01,-3.335937500000074607e-02
3.853999999999999773e+02,9.512329101562500000e+01,1.812499999999994671e-02,1.569999999999999929e+01,1.640624999999928946e-02
3.855000000000000000e+02,9.515991210937500000e+01,1.312500000000005329e-02,1.561250000000000071e+01,-2.460937500000071054e-02
3.856000000000000227e+02,9.477539062500000000e+01,5.062500000000014211e-02,1.553249999999999886e+01,-4.703125000000074607e-02
3.856999999999999886e+02,9.420776367187500000e+01,2.062499999999989342e-02,1.536250000000000071e+01,-7.000000000000028422e-02
3.858000000000000114e+02,9.349365234375000000e+01,3.562500000000001776e-02,1.519500000000000028e+01,-3.828125000000959233e-03
3.858999999999999773e+02,9.385986328125000000e+01,3.562500000000001776e-02,1.539000000000000057e+01,-2.953125000000067502e-02
3.860000000000000000e+02,9.382324218750000000e+01,1.312500000000005329e-02,1.539000000000000057e+01,-7.109375000000106581e-02
3.861000000000000227e+02,9.303588867187500000e+01,3.312500000000007105e-02,1.530499999999999972e+01,-1.203125000000007105e-01
3.861999999999999886e+02,9.277954101562500000e+01,4.562499999999980460e-02,1.521249999999999858e+01,-2.789062500000039080e-02
3.863000000000000114e+02,9.224853515625000000e+01,4.062499999999991118e-02,1.526750000000000185e+01,-6.070312500000074607e-02
3.863999999999999773e+02,9.265136718750000000e+01,3.312500000000007105e-02,1.532000000000000028e+01,-3.445312500000063949e-02
3.865000000000000000e+02,9.266967773437500000e+01,3.062500000000012434e-02,1.529500000000000171e+01,-9.843750000000817124e-03
3.866000000000000227e+02,9.114990234375000000e+01,4.312499999999985789e-02,1.512500000000000000e+01,-5.578125000000078160e-02
3.866999999999999886e+02,9.153442382812500000e+01,4.062499999999991118e-02,1.541000000000000014e+01,-3.609375000000092371e-02
3.868000000000000114e+02,9.104003906250000000e+01,3.562500000000001776e-02,1.530750000000000099e+01,-6.070312500000074607e-02
3.868999999999999773e+02,9.138793945312500000e+01,4.562499999999980460e-02,1.566499999999999915e+01,-4.101562500000088818e-02
3.870000000000000000e+02,9.058227539062500000e+01,1.562500000000000000e-02,1.533999999999999986e+01,-3.226562500000085265e-02
3.871000000000000227e+02,8.984985351562500000e+01,2.062499999999989342e-02,1.544000000000000128e+01,-1.695312500000056843e-02
3.871999999999999886e+02,9.030761718750000000e+01,3.062500000000012434e-02,1.542999999999999972e+01,-3.445312500000063949e-02
3.873000000000000114e+02,8.986816406250000000e+01,1.812499999999994671e-02,1.569750000000000156e+01,-2.734375000000088818e-02
3.873999999999999773e+02,9.010620117187500000e+01,2.275000000000000355e-01,1.558749999999999858e+01,-4.867187500000103029e-02
3.875000000000000000e+02,8.917236328125000000e+01,4.312499999999985789e-02,1.541250000000000142e+01,-3.828125000000959233e-03
3.876000000000000227e+02,8.878784179687500000e+01,3.812499999999996447e-02,1.537500000000000000e+01,-7.984375000000110134e-02
3.876999999999999886e+02,8.924560546875000000e+01,1.812499999999994671e-02,1.552250000000000085e+01,-3.281250000000035527e-02
3.878000000000000114e+02,8.875122070312500000e+01,2.562499999999978684e-02,1.538250000000000028e+01,-7.710937500000092371e-02
3.878999999999999773e+02,8.816528320312500000e+01,4.312499999999985789e-02,1.548000000000000043e+01,2.187499999998898659e-03
3.880000000000000000e+02,8.803710937500000000e+01,3.312500000000007105e-02,1.526000000000000156e+01,-1.214062500000006040e-01
3.881000000000000227e+02,8.767089843750000000e+01,3.062500000000012434e-02,1.541000000000000014e+01,-4.976562500000092371e-02
3.881999999999999886e+02,8.812866210937500000e+01,3.312500000000007105e-02,1.537750000000000128e+01,6.562499999999360512e-03
3.883000000000000114e+02,8.708496093750000000e+01,2.062499999999989342e-02,1.533000000000000185e+01,-5.742187500000106581e-02
3.883999999999999773e+02,8.692016601562500000e+01,6.312499999999987566e-02,1.540249999999999986e+01,-2.023437500000024869e-02
3.885000000000000000e+02,8.693847656250000000e+01,2.312499999999984013e-02,1.551249999999999929e+01,1.312499999999960920e-02
3.886000000000000227e+02,8.659057617187500000e+01,-6.874999999999964473e-03,1.513250000000000028e+01,-8.148437500000049738e-02
3.886999999999999886e+02,8.704833984375000000e+01,1.812499999999994671e-02,1.538250000000000028e+01,-8.203125000000088818e-02
3.888000000000000114e+02,8.554687500000000000e+01,4.562499999999980460e-02,1.521750000000000114e+01,-1.531250000000028422e-02
3.888999999999999773e+02,8.582153320312500000e+01,3.812499999999996447e-02,1.539999999999999858e+01,-2.023437500000024869e-02
3.890000000000000000e+02,8.587646484375000000e+01,-1.187499999999985789e-02,1.538500000000000156e+01,-4.484375000000095923e-02
3.891000000000000227e+02,8.547363281250000000e+01,5.312500000000008882e-02,1.532000000000000028e+01,7.656249999999253930e-03
3.891999999999999886e+02,8.518066406250000000e+01,1.562500000000000000e-02,1.546999999999999886e+01,-3.171875000000046185e-02
3.893000000000000114e+02,8.448486328125000000e+01,4.562499999999980460e-02,1.555999999999999872e+01,-2.843750000000078160e-02
3.893999999999999773e+02,8.479614257812500000e+01,5.624999999999769074e-03,1.537000000000000099e+01,-3.882812500000110134e-02
3.895000000000000000e+02,8.477783203125000000e+01,8.124999999999715783e-03,1.521750000000000114e+01,1.640624999999396039e-03
3.896000000000000227e+02,8.426513671875000000e+01,4.812499999999975131e-02,1.529749999999999943e+01,-5.742187500000106581e-02
3.896999999999999886e+02,8.397216796875000000e+01,4.812499999999975131e-02,1.535249999999999915e+01,-2.242187500000092371e-02
3.898000000000000114e+02,8.351440429687500000e+01,3.812499999999996447e-02,1.537000000000000099e+01,-6.070312500000074607e-02
3.898999999999999773e+02,8.378906250000000000e+01,5.562500000000003553e-02,1.526750000000000185e+01,-5.632812500000028422e-02
3.900000000000000000e+02,8.384399414062500000e+01,6.062499999999992895e-02,1.551999999999999957e+01,4.156249999999950262e-02
3.901000000000000227e+02,8.267211914062500000e+01,1.812499999999994671e-02,1.532750000000000057e+01,-6.781250000000049738e-02
3.901999999999999886e+02,8.300170898437500000e+01,4.062499999999991118e-02,1.540249999999999986e+01,3.226562499999907629e-02
3.903000000000000114e+02,8.254394531250000000e+01,4.312499999999985789e-02,1.541000000000000014e+01,-2.570312500000060396e-02
3.903999999999999773e+02,8.289184570312500000e+01,2.062499999999989342e-02,1.530000000000000071e+01,-4.539062500000046185e-02
3.905000000000000000e+02,8.230590820312500000e+01,1.812499999999994671e-02,1.526999999999999957e+01,-3.117187500000095923e-02
3.906000000000000227e+02,8.155517578125000000e+01,8.124999999999715783e-03,1.537249999999999872e+01,1.421874999999950262e-02
3.906999999999999886e+02,8.203125000000000000e+01,5.312500000000008882e-02,1.544000000000000128e+01,-3.554687500000053291e-02
3.908000000000000114e+02,8.159179687500000000e+01,2.812499999999973355e-02,1.528000000000000114e+01,-4.648437500000035527e-02
3.908999999999999773e+02,8.190307617187500000e+01,2.812499999999973355e-02,1.532499999999999929e+01,-4.429687500000056843e-02
3.910000000000000000e+02,8.107910156250000000e+01,5.562500000000003553e-02,1.538250000000000028e+01,-4.757812500000024869e-02
3.911000000000000227e+02,8.065795898437500000e+01,1.312500000000005329e-02,1.547250000000000014e+01,-4.484375000000095923e-02
3.911999999999999886e+02,8.111572265625000000e+01,1.562500000000000000e-02,1.544750000000000156e+01,-4.921875000000852651e-03
3.913000000000000114e+02,8.069458007812500000e+01,4.312499999999985789e-02,1.522749999999999915e+01,1.039062499999943157e-02
3.913999999999999773e+02,8.029174804687500000e+01,4.062499999999991118e-02,1.531749999999999901e+01,-2.789062500000039080e-02
3.915000000000000000e+02,8.010864257812500000e+01,4.812499999999975131e-02,1.548250000000000171e+01,-3.007812500000106581e-02
3.916000000000000227e+02,7.977905273437500000e+01,2.562499999999978684e-02,1.536749999999999972e+01,-4.046875000000049738e-02
3.916999999999999886e+02,8.020019531250000000e+01,3.812499999999996447e-02,1.530000000000000071e+01,-5.742187500000106581e-02
3.918000000000000114e+02,7.948608398437500000e+01,3.312500000000007105e-02,1.549249999999999972e+01,-2.953125000000067502e-02
3.918999999999999773e+02,7.921142578125000000e+01,1.812499999999994671e-02,1.550250000000000128e+01,2.078124999999975131e-02
3.920000000000000000e+02,7.922973632812500000e+01,3.124999999999822364e-03,1.567249999999999943e+01,-6.671875000000060396e-02
3.921000000000000227e+02,7.888183593750000000e+01,3.812499999999996447e-02,1.532750000000000057e+01,-2.296875000000042633e-02
3.921999999999999886e+02,7.928466796875000000e+01,8.562499999999984013e-02,1.537249999999999872e+01,-5.359375000000099476e-02
3.923000000000000114e+02,7.805786132812500000e+01,4.562499999999980460e-02,1.536749999999999972e+01,-8.203125000000532907e-03
3.923999999999999773e+02,7.827758789062500000e+01,1.062500000000010658e-02,1.521999999999999886e+01,-4.539062500000046185e-02
3.925000000000000000e+02,7.831420898437500000e+01,6.562499999999982236e-02,1.513250000000000028e+01,-4.156250000000039080e-02
3.926000000000000227e+02,7.798461914062500000e+01,6.249999999998756550e-04,1.516499999999999915e+01,-2.078125000000063949e-02
3.926999999999999886e+02,7.787475585937500000e+01,7.812500000000000000e-02,1.499749999999999872e+01,-4.757812500000024869e-02
3.928000000000000114e+02,7.719726562500000000e+01,4.562499999999980460e-02,1.537249999999999872e+01,-3.062500000000056843e-02
3.928999999999999773e+02,7.745361328125000000e+01,3.062500000000012434e-02,1.536500000000000199e+01,2.187499999998898659e-03
3.930000000000000000e+02,7.749023437500000000e+01,4.312499999999985789e-02,1.541250000000000142e+01,9.296874999999538147e-03
3.931000000000000227e+02,7.710571289062500000e+01,2.312499999999984013e-02,1.535249999999999915e+01,-4.593750000000085265e-02
3.931999999999999886e+02,7.675781250000000000e+01,8.124999999999715783e-03,1.554250000000000043e+01,1.749999999999918288e-02
3.933000000000000114e+02,7.628173828125000000e+01,5.812499999999998224e-02,1.553249999999999886e+01,-2.898437500000028422e-02
3.933999999999999773e+02,7.655639648437500000e+01,5.562500000000003553e-02,1.547250000000000014e+01,-1.859375000000085265e-02
3.935000000000000000e+02,7.661132812500000000e+01,5.624999999999769074e-03,1.543750000000000000e+01,2.570312499999971578e-02
3.936000000000000227e+02,7.554931640625000000e+01,8.124999999999715783e-03,1.538250000000000028e+01,-7.328125000000085265e-02
3.936999999999999886e+02,7.589721679687500000e+01,1.562500000000000000e-02,1.534499999999999886e+01,-4.812500000000063949e-02
3.938000000000000114e+02,7.553100585937500000e+01,6.062499999999992895e-02,1.542000000000000171e+01,5.031249999999953815e-02
3.938999999999999773e+02,7.575073242187500000e+01,4.062499999999991118e-02,1.550000000000000000e+01,-6.289062500000053291e-02
3.940000000000000000e+02,7.543945312500000000e+01,6.062499999999992895e-02,1.532250000000000156e+01,-6.835937500000088818e-02
3.941000000000000227e+02,7.463378906250000000e+01,4.312499999999985789e-02,1.563250000000000028e+01,-7.492187500000024869e-02
3.941999999999999886e+02,7.505493164062500000e+01,2.562499999999978684e-02,1.521499999999999986e+01,2.843749999999900524e-02
3.943000000000000114e+02,7.468872070312500000e+01,4.812499999999975131e-02,1.558749999999999858e+01,-2.242187500000092371e-02
3.943999999999999773e+02,7.492675781250000000e+01,4.562499999999980460e-02,1.546249999999999858e+01,-2.789062500000039080e-02
3.945000000000000000e+02,7.437744140625000000e+01,1.312500000000005329e-02,1.563250000000000028e+01,-5.468750000000355271e-03
3.946000000000000227e+02,7.401123046875000000e+01,3.062500000000012434e-02,1.550250000000000128e+01,6.015624999998969713e-03
3.946999999999999886e+02,7.439575195312500000e+01,1.062500000000010658e-02,1.555250000000000199e+01,-4.156250000000039080e-02
3.948000000000000114e+02,7.401123046875000000e+01,4.312499999999985789e-02,1.563250000000000028e+01,-4.593750000000085265e-02
3.948999999999999773e+02,7.369995117187500000e+01,5.062500000000014211e-02,1.552250000000000085e+01,-6.015625000000035527e-02
3.950000000000000000e+02,7.348022460937500000e+01,1.062500000000010658e-02,1.551249999999999929e+01,-5.578125000000078160e-02
3.951000000000000227e+02,7.315063476562500000e+01,5.062500000000014211e-02,1.530499999999999972e+01,-1.312500000000049738e-02
3.951999999999999886e+02,7.357177734375000000e+01,3.312500000000007105e-02,1.520500000000000185e+01,-7.437500000000074607e-02
3.953000000000000114e+02,7.316894531250000000e+01,2.312499999999984013e-02,1.531749999999999901e+01,-3.390625000000024869e-02
3.953999999999999773e+02,7.263793945312500000e+01,2.062499999999989342e-02,1.512249999999999872e+01,-8.750000000000923706e-03
3.955000000000000000e+02,7.269287109375000000e+01,3.312500000000007105e-02,1.537249999999999872e+01,-1.640625000000106581e-02
3.956000000000000227e+02,7.234497070312500000e+01,1.312500000000005329e-02,1.537249999999999872e+01,-3.773437500000031974e-02
3.956999999999999886e+02,7.276611328125000000e+01,3.562500000000001776e-02,1.547250000000000014e+01,-4.812500000000063949e-02
3.958000000000000114e+02,7.179565429687500000e+01,3.062500000000012434e-02,1.540500000000000114e+01,-1.914062500000035527e-02
3.958999999999999773e+02,7.194213867187500000e+01,4.062499999999991118e-02,1.536250000000000071e+01,-5.414062500000049738e-02
3.960000000000000000e+02,7.197875976562500000e+01,4.062499999999991118e-02,1.544999999999999929e+01,-3.226562500000085265e-02
3.961000000000000227e+02,7.161254882812500000e+01,6.562499999999982236e-02,1.527749999999999986e+01,-1.312500000000049738e-02
3.961999999999999886e+02,7.172241210937500000e+01,1.312500000000005329e-02,1.537249999999999872e+01,-1.055468750000008171e-01
3.963000000000000114e+02,7.104492187500000000e+01,4.062499999999991118e-02,1.530750000000000099e+01,-7.109375000000639488e-03
3.963999999999999773e+02,7.124633789062500000e+01,-2.062499999999989342e-02,1.526999999999999957e+01,1.640624999999928946e-02
3.965000000000000000e+02,7.130126953125000000e+01,5.062500000000014211e-02,1.508500000000000085e+01,-2.734375000000088818e-02
3.966000000000000227e+02,7.093505859375000000e+01,3.062500000000012434e-02,1.532250000000000156e+01,3.281249999999946709e-02
3.966999999999999886e+02,7.067871093750000000e+01,2.062499999999989342e-02,1.529749999999999943e+01,-8.695312500000085265e-02
3.968000000000000114e+02,7.033081054687500000e+01,4.312499999999985789e-02,1.567750000000000199e+01,-5.085937500000081712e-02
3.968999999999999773e+02,7.055053710937500000e+01,2.312499999999984013e-02,1.539250000000000185e+01,-5.687500000000067502e-02
3.970000000000000000e+02,7.060546875000000000e+01,5.062500000000014211e-02,1.533000000000000185e+01,-3.445312500000063949e-02
3.971000000000000227e+02,6.976318359375000000e+01,4.062499999999991118e-02,1.555250000000000199e+01,-2.132812500000103029e-02
3.971999999999999886e+02,7.000122070312500000e+01,6.562499999999982236e-02,1.525750000000000028e+01,-5.578125000000078160e-02
3.973000000000000114e+02,6.963500976562500000e+01,4.562499999999980460e-02,1.528000000000000114e+01,-2.734375000000088818e-02
3.973999999999999773e+02,6.985473632812500000e+01,5.562500000000003553e-02,1.542750000000000199e+01,-4.375000000000461853e-03
3.975000000000000000e+02,6.981811523437500000e+01,4.562499999999980460e-02,1.546249999999999858e+01,-3.226562500000085265e-02
3.976000000000000227e+02,6.899414062500000000e+01,1.312500000000005329e-02,1.533999999999999986e+01,-5.359375000000099476e-02
3.976999999999999886e+02,6.936035156250000000e+01,4.312499999999985789e-02,1.525000000000000000e+01,-6.945312500000078160e-02
3.978000000000000114e+02,6.903076171875000000e+01,4.062499999999991118e-02,1.537249999999999872e+01,1.257812499999921840e-02
3.978999999999999773e+02,6.923217773437500000e+01,4.312499999999985789e-02,1.539250000000000185e+01,-2.187500000000053291e-02
3.980000000000000000e+02,6.868286132812500000e+01,3.812499999999996447e-02,1.562249999999999872e+01,-1.914062500000035527e-02
3.981000000000000227e+02,6.824340820312500000e+01,4.062499999999991118e-02,1.537000000000000099e+01,-4.921875000000053291e-02
3.981999999999999886e+02,6.864624023437500000e+01,4.562499999999980460e-02,1.537249999999999872e+01,-6.617187500000110134e-02
3.983000000000000114e+02,6.833496093750000000e+01,4.312499999999985789e-02,1.555750000000000099e+01,4.374999999999573674e-03
3.983999999999999773e+02,6.824340820312500000e+01,2.562499999999978684e-02,1.520500000000000185e+01,-5.359375000000099476e-02
3.985000000000000000e+02,6.800537109375000000e+01,6.062499999999992895e-02,1.538749999999999929e+01,-8.203125000000088818e-02
3.986000000000000227e+02,6.763916015625000000e+01,3.312500000000007105e-02,1.550000000000000000e+01,-4.320312500000067502e-02
3.986999999999999886e+02,6.802368164062500000e+01,3.562500000000001776e-02,1.573000000000000043e+01,-8.476562500000106581e-02
3.988000000000000114e+02,6.774902343750000000e+01,4.312499999999985789e-02,1.548000000000000043e+01,-4.593750000000085265e-02
3.988999999999999773e+02,6.738281250000000000e+01,3.562500000000001776e-02,1.544249999999999901e+01,-2.625000000000099476e-02
3.990000000000000000e+02,6.740112304687500000e+01,4.812499999999975131e-02,1.523750000000000071e+01,-1.093750000000071054e-02
3.991000000000000227e+02,6.708984375000000000e+01,3.812499999999996447e-02,1.533999999999999986e+01,1.421874999999950262e-02
3.991999999999999886e+02,6.743774414062500000e+01,1.562500000000000000e-02,1.533249999999999957e+01,-4.921875000000852651e-03
3.993000000000000114e+02,6.659545898437500000e+01,1.812499999999994671e-02,1.542249999999999943e+01,-6.343750000000092371e-02
3.993999999999999773e+02,6.661376953125000000e+01,3.812499999999996447e-02,1.517249999999999943e+01,-5.796875000000056843e-02
3.995000000000000000e+02,6.666870117187500000e+01,6.062499999999992895e-02,1.550250000000000128e+01,-1.640625000000106581e-02
3.996000000000000227e+02,6.633911132812500000e+01,2.062499999999989342e-02,1.549000000000000199e+01,6.015624999998969713e-03
3.996999999999999886e+02,6.659545898437500000e+01,3.812499999999996447e-02,1.515249999999999986e+01,3.554687499999964473e-02
3.998000000000000114e+02,6.584472656250000000e+01,3.312500000000007105e-02,1.549749999999999872e+01,1.093749999999005240e-03
3.998999999999999773e+02,6.604614257812500000e+01,4.812499999999975131e-02,1.545250000000000057e+01,-9.679687500000078160e-02
4.000000000000000000e+02,6.610107421875000000e+01,6.062499999999992895e-02,1.555250000000000199e+01,-2.296875000000042633e-02
4.001000000000000227e+02,6.573486328125000000e+01,4.312499999999985789e-02,1.516499999999999915e+01,-8.093750000000099476e-02
4.001999999999999886e+02,6.569824218750000000e+01,1.562500000000000000e-02,1.539999999999999858e+01,6.562499999999360512e-03
4.003000000000000114e+02,6.535034179687500000e+01,2.812499999999973355e-02,1.530250000000000199e+01,-2.351562500000081712e-02
4.003999999999999773e+02,6.558837890625000000e+01,3.312500000000007105e-02,1.539250000000000185e+01,-1.367187500000088818e-02
4.005000000000000000e+02,6.558837890625000000e+01,4.312499999999985789e-02,1.530499999999999972e+01,-5.468750000000088818e-02
4.006000000000000227e+02,6.489257812500000000e+01,3.062500000000012434e-02,1.540249999999999986e+01,-6.617187500000110134e-02
4.006999999999999886e+02,6.505737304687500000e+01,5.312500000000008882e-02,1.548250000000000171e+01,-3.554687500000053291e-02
4.008000000000000114e+02,6.474609375000000000e+01,6.374999999999975131e-02,1.519999999999999929e+01,-3.718750000000081712e-02
4.008999999999999773e+02,6.492919921875000000e+01,3.562500000000001776e-02,1.549000000000000199e+01,-7.656250000001030287e-03
4.010000000000000000e+02,6.502075195312500000e+01,8.062499999999994671e-02,1.546999999999999886e+01,-2.515625000000110134e-02
4.011000000000000227e+02,6.412353515625000000e+01,2.812499999999973355e-02,1.518499999999999872e+01,-1.695312500000056843e-02
4.011999999999999886e+02,6.445312500000000000e+01,3.562500000000001776e-02,1.540249999999999986e+01,-8.881784197001252323e-16
4.013000000000000114e+02,6.414184570312500000e+01,5.624999999999769074e-03,1.528750000000000142e+01,-1.968750000000074607e-02
4.013999999999999773e+02,6.436157226562500000e+01,3.562500000000001776e-02,1.525000000000000000e+01,-1.695312500000056843e-02
4.015000000000000000e+02,6.397705078125000000e+01,4.062499999999991118e-02,1.534499999999999886e+01,2.351562499999904077e-02
4.016000000000000227e+02,6.357421875000000000e+01,2.812499999999973355e-02,1.542000000000000171e+01,-2.078125000000063949e-02
4.016999999999999886e+02,6.392211914062500000e+01,6.249999999998756550e-04,1.551750000000000185e+01,-4.375000000000461853e-03
4.018000000000000114e+02,6.362915039062500000e+01,6.312499999999987566e-02,1.547749999999999915e+01,-9.843750000000817124e-03
4.018999999999999773e+02,6.362915039062500000e+01,2.812499999999973355e-02,1.535500000000000043e+01,2.351562499999904077e-02
4.020000000000000000e+02,6.328125000000000000e+01,1.812499999999994671e-02,1.562249999999999872e+01,-2.187500000000675016e-03
4.021000000000000227e+02,6.296997070312500000e+01,5.062500000000014211e-02,1.541250000000000142e+01,1.749999999999918288e-02
4.021999999999999886e+02,6.333618164062500000e+01,1.812499999999994671e-02,1.546249999999999858e+01,-4.812500000000063949e-02
